model	cache_path	embedding_type	system_id	lemma	msps	n_tokens_total_system	n_tokens_with_conditioning	n_tokens_unmatched_conditioning	n_tokens_unexpected_form	n_meanings_total_system	n_meanings_with_conditioning	n_forms_observed_system	observed_forms	expected_form_1	expected_form_2	pair_p_value	pair_test_type	pair_significant	pair_attested_meanings	cond_no_cond_count_expected	cond_prob_count_expected	cond_cat_count_expected	cond_no_cond_count_matched	cond_prob_count_matched	cond_cat_count_matched	system_notes	label_type	label_column	n_samples_eval	n_labels	label_entropy	label_max_count	label_min_count	label_singleton_fraction	label_sparse_fraction	silhouette_cosine	silhouette_euclidean	within_cosine	between_cosine	within_between_ratio_cosine	within_euclidean	between_euclidean	within_between_ratio_euclidean	nearest_centroid_loo_acc_cosine	nearest_centroid_loo_acc_euclidean	kmeans_ari	kmeans_ami	kmeans_pca_components_used
answerdotai_ModernBERT-base	head_embed_cache_answerdotai_ModernBERT-base.jsonl	orig	begin__ppt	begin	ppt	200	198	2	0	4	3	2	began,begun	began	begun	0.1741	fisher_exact	False	4	3	0	0	3	0	0		conditioned-cat-only	cat_only_label	0	0		0	0															0
answerdotai_ModernBERT-base	head_embed_cache_answerdotai_ModernBERT-base.jsonl	orig	begin__ppt	begin	ppt	200	198	2	0	4	3	2	began,begun	began	begun	0.1741	fisher_exact	False	4	3	0	0	3	0	0		conditioned-exclude	conditioned_exclude_label	198	3	1.1529706704117353	140	22	0.0	0.0	0.10817503703525613	0.05817274630226268	0.12932393143592089	0.15313365773499468	0.8445167009575537	17.269674374974215	18.792173703943394	0.9189822660776228	0.797979797979798	0.7878787878787878	-0.02835926303509177	9.469276518276003e-05	0
answerdotai_ModernBERT-base	head_embed_cache_answerdotai_ModernBERT-base.jsonl	orig	begin__ppt	begin	ppt	200	198	2	0	4	3	2	began,begun	began	begun	0.1741	fisher_exact	False	4	3	0	0	3	0	0		form	form_label	200	2	1.0	100	100	0.0	0.0	0.37318045515910186	0.2150277974516022	0.10860107743762708	0.1724975031518252	0.6295805762593613	15.827511827955666	20.143261858334252	0.785747211115515	1.0	1.0	1.0	1.0	0
answerdotai_ModernBERT-base	head_embed_cache_answerdotai_ModernBERT-base.jsonl	orig	begin__ppt	begin	ppt	200	198	2	0	4	3	2	began,begun	began	begun	0.1741	fisher_exact	False	4	3	0	0	3	0	0		raw	raw_label	200	4	1.2222340996035292	140	2	0.0	0.25	0.07414549065778503	0.04052526358664827	0.12932458726959853	0.15366562846918486	0.8415973601769537	17.269717834971033	18.8229624379126	0.9174813949682504	0.79	0.78	0.0891070244519203	0.11002186849796745	0
answerdotai_ModernBERT-base	head_embed_cache_answerdotai_ModernBERT-base.jsonl	orig	bid__ppt	bid	ppt	171	160	11	0	7	4	2	bid,bidden	bid	bidden	0.0	fisher_exact	True	7	1	1	2	1	1	2		conditioned-cat-only	cat_only_label	58	3	0.9896363038042916	40	1	0.3333333333333333	0.3333333333333333	0.24383102742976492	0.11776642899442624	0.1686928690423236	0.27024729332909103	0.6242166830396317	21.01552522851201	26.194132058338667	0.8022989722166384	0.9827586206896551	0.9827586206896551	0.5152499503017844	0.6816199015115221	0
answerdotai_ModernBERT-base	head_embed_cache_answerdotai_ModernBERT-base.jsonl	orig	bid__ppt	bid	ppt	171	160	11	0	7	4	2	bid,bidden	bid	bidden	0.0	fisher_exact	True	7	1	1	2	1	1	2		conditioned-exclude	conditioned_exclude_label	78	4	1.5571643471379213	40	1	0.25	0.25	0.1470892472897122	0.07320066134216195	0.16853435577413997	0.23802566952077434	0.7080511783181044	20.93420361826127	24.573920965827007	0.8518869922049802	0.8846153846153846	0.8846153846153846	0.3766976485378068	0.4953364963906303	0
answerdotai_ModernBERT-base	head_embed_cache_answerdotai_ModernBERT-base.jsonl	orig	bid__ppt	bid	ppt	171	160	11	0	7	4	2	bid,bidden	bid	bidden	0.0	fisher_exact	True	7	1	1	2	1	1	2		form	form_label	171	2	0.9999753308152249	86	85	0.0	0.0	0.3550218129702081	0.20989702399275323	0.16595519876989853	0.25817088807917055	0.6428114339483807	20.338514566423285	25.769078420006732	0.7892604552995097	1.0	1.0	1.0	1.0	0
answerdotai_ModernBERT-base	head_embed_cache_answerdotai_ModernBERT-base.jsonl	orig	bid__ppt	bid	ppt	171	160	11	0	7	4	2	bid,bidden	bid	bidden	0.0	fisher_exact	True	7	1	1	2	1	1	2		raw	raw_label	171	7	2.005959814418014	82	1	0.2857142857142857	0.2857142857142857	-0.05850621759974884	-0.025998207393138933	0.16747166707304198	0.23246915731074017	0.7204038118879726	20.399292048620143	24.268313287252884	0.8405731295439897	0.7660818713450293	0.7660818713450293	0.2536675237016129	0.41577768367675755	0
answerdotai_ModernBERT-base	head_embed_cache_answerdotai_ModernBERT-base.jsonl	orig	bid__pst	bid	pst	200	168	32	0	10	3	2	bade,bid	bade	bid	0.0	fisher_exact	True	10	1	1	1	1	1	1		conditioned-cat-only	cat_only_label	16	1	-0.0	16	16	0.0	0.0													0
answerdotai_ModernBERT-base	head_embed_cache_answerdotai_ModernBERT-base.jsonl	orig	bid__pst	bid	pst	200	168	32	0	10	3	2	bade,bid	bade	bid	0.0	fisher_exact	True	10	1	1	1	1	1	1		conditioned-exclude	conditioned_exclude_label	76	2	0.7424875695421236	60	16	0.0	0.0	0.20778612148812461	0.13091581167434696	0.164808438223085	0.2121536615503596	0.7768352288558729	20.493513022310076	23.740254967549845	0.8632389605891897	0.9342105263157895	0.9342105263157895	-0.01960472873318055	0.17458560403798593	0
answerdotai_ModernBERT-base	head_embed_cache_answerdotai_ModernBERT-base.jsonl	orig	bid__pst	bid	pst	200	168	32	0	10	3	2	bade,bid	bade	bid	0.0	fisher_exact	True	10	1	1	1	1	1	1		form	form_label	200	2	1.0	100	100	0.0	0.0	0.39749741845182013	0.23757411349691576	0.13297529185297824	0.22004379054178475	0.604312857570626	18.21969150051027	23.868443263035065	0.7633380736114873	1.0	1.0	1.0	1.0	0
answerdotai_ModernBERT-base	head_embed_cache_answerdotai_ModernBERT-base.jsonl	orig	bid__pst	bid	pst	200	168	32	0	10	3	2	bade,bid	bade	bid	0.0	fisher_exact	True	10	1	1	1	1	1	1		raw	raw_label	200	10	2.1208109300257063	92	1	0.2	0.3	-0.2043042263175313	-0.10145292368963453	0.1427806062519129	0.19204115972641086	0.7434896063704447	18.682672030642614	22.129821299682593	0.8442305872081569	0.625	0.64	0.14751363044820057	0.32056677119589905	0
answerdotai_ModernBERT-base	head_embed_cache_answerdotai_ModernBERT-base.jsonl	orig	break__ppt	break	ppt	199	126	73	0	28	6	2	broke,broken	broke	broken	0.2008	fisher_exact	False	28	4	1	1	4	1	1		conditioned-cat-only	cat_only_label	25	2	0.7219280948873623	20	5	0.0	0.0	0.3933402480861154	0.21362166998743004	0.14590247498266742	0.2308497070123012	0.6320236524055574	19.280569343757758	23.763126599754898	0.811365005476873	1.0	1.0	0.17105263157894737	0.26393323144085945	0
answerdotai_ModernBERT-base	head_embed_cache_answerdotai_ModernBERT-base.jsonl	orig	break__ppt	break	ppt	199	126	73	0	28	6	2	broke,broken	broke	broken	0.2008	fisher_exact	False	28	4	1	1	4	1	1		conditioned-exclude	conditioned_exclude_label	100	6	2.477667024828463	23	5	0.0	0.0	-0.0932779452227759	-0.046721725296752135	0.1899671254238553	0.2184641173183403	0.8695575628424144	21.31858602413064	22.93926607358855	0.92934908883925	0.5	0.51	0.18437720753061745	0.25203438710462267	0
answerdotai_ModernBERT-base	head_embed_cache_answerdotai_ModernBERT-base.jsonl	orig	break__ppt	break	ppt	199	126	73	0	28	6	2	broke,broken	broke	broken	0.2008	fisher_exact	False	28	4	1	1	4	1	1		form	form_label	199	2	0.9999817845368457	100	99	0.0	0.0	0.3930056069917389	0.22950453955075972	0.16242884868086588	0.267357955551075	0.6075332538583693	19.637602926156937	25.489704060242634	0.7704131393501165	1.0	1.0	1.0	1.0	0
answerdotai_ModernBERT-base	head_embed_cache_answerdotai_ModernBERT-base.jsonl	orig	break__ppt	break	ppt	199	126	73	0	28	6	2	broke,broken	broke	broken	0.2008	fisher_exact	False	28	4	1	1	4	1	1		raw	raw_label	199	28	3.9567734612441186	26	1	0.42857142857142855	0.4642857142857143	-0.28583830672424254	-0.1540616439415622	0.19364882653041757	0.21697830813593716	0.8924801202205722	21.30500889234253	22.686181401709156	0.9391183344208572	0.36180904522613067	0.36683417085427134	0.10600796367814684	0.23515806205317058	0
answerdotai_ModernBERT-base	head_embed_cache_answerdotai_ModernBERT-base.jsonl	orig	bring__pst	bring	pst	193	193	0	0	4	4	2	brought,brung	brought	brung	0.0	chi_sq	True	4	1	2	1	1	2	1		conditioned-cat-only	cat_only_label	19	2	0.6292492238560345	16	3	0.0	0.0	0.3016415052738863	0.16840081267719972	0.11494822255856775	0.1664291764604178	0.6906735045096262	16.302326413374328	19.707238850498474	0.8272252920384114	1.0	0.9473684210526315	-0.039303079416531606	-0.05968672516303192	0
answerdotai_ModernBERT-base	head_embed_cache_answerdotai_ModernBERT-base.jsonl	orig	bring__pst	bring	pst	193	193	0	0	4	4	2	brought,brung	brought	brung	0.0	chi_sq	True	4	1	2	1	1	2	1		conditioned-exclude	conditioned_exclude_label	80	3	0.9403047812186183	61	3	0.0	0.0	-0.07355152133237286	-0.03518707239429066	0.13805814635793434	0.14620750015741127	0.9442617253512775	17.87697772279321	18.422970565647017	0.9703634741797879	0.575	0.575	0.03088207914824597	0.18657881639317017	0
answerdotai_ModernBERT-base	head_embed_cache_answerdotai_ModernBERT-base.jsonl	orig	bring__pst	bring	pst	193	193	0	0	4	4	2	brought,brung	brought	brung	0.0	chi_sq	True	4	1	2	1	1	2	1		form	form_label	193	2	0.999515806980105	99	94	0.0	0.0	0.31388583335738746	0.17960194740907362	0.11854209184006376	0.17262500747663356	0.6867028918513417	16.508813339561303	20.10147138993808	0.8212738768876837	0.9896373056994818	0.9896373056994818	0.9587642646931951	0.9164618471947173	0
answerdotai_ModernBERT-base	head_embed_cache_answerdotai_ModernBERT-base.jsonl	orig	bring__pst	bring	pst	193	193	0	0	4	4	2	brought,brung	brought	brung	0.0	chi_sq	True	4	1	2	1	1	2	1		raw	raw_label	193	4	1.877444466874	67	19	0.0	0.0	0.004033960691048969	0.005002747114332861	0.13469355618003787	0.1500569536367714	0.8976162244775256	17.499745083111712	18.634696703645126	0.9390947092628877	0.538860103626943	0.538860103626943	0.12762271668596623	0.11431074736523353	0
answerdotai_ModernBERT-base	head_embed_cache_answerdotai_ModernBERT-base.jsonl	orig	burn__ppt	burn	ppt	199	152	47	0	15	4	2	burned,burnt	burned	burnt	0.0028	fisher_exact	True	15	3	1	0	3	1	0		conditioned-cat-only	cat_only_label	0	0		0	0															0
answerdotai_ModernBERT-base	head_embed_cache_answerdotai_ModernBERT-base.jsonl	orig	burn__ppt	burn	ppt	199	152	47	0	15	4	2	burned,burnt	burned	burnt	0.0028	fisher_exact	True	15	3	1	0	3	1	0		conditioned-exclude	conditioned_exclude_label	131	3	1.262392868407983	85	16	0.0	0.0	0.011147921541544464	0.007999305298640725	0.14400131619905568	0.1488315983558369	0.9675453182647905	17.644257124459482	17.994887537834334	0.9805149983495229	0.6564885496183206	0.6641221374045801	0.055014436878121804	0.09988106340435253	0
answerdotai_ModernBERT-base	head_embed_cache_answerdotai_ModernBERT-base.jsonl	orig	burn__ppt	burn	ppt	199	152	47	0	15	4	2	burned,burnt	burned	burnt	0.0028	fisher_exact	True	15	3	1	0	3	1	0		form	form_label	199	2	0.9999817845368457	100	99	0.0	0.0	0.20170154698902443	0.11100046035869114	0.14068818098697172	0.17598738881916026	0.7994219468279001	17.516728995464973	19.69580554670121	0.8893634207512167	1.0	1.0	0.0025398418565937965	0.001818124594318576	0
answerdotai_ModernBERT-base	head_embed_cache_answerdotai_ModernBERT-base.jsonl	orig	burn__ppt	burn	ppt	199	152	47	0	15	4	2	burned,burnt	burned	burnt	0.0028	fisher_exact	True	15	3	1	0	3	1	0		raw	raw_label	199	15	2.8386901946024508	85	1	0.13333333333333333	0.13333333333333333	-0.12161852108915784	-0.06076662847614777	0.14319952379581974	0.16284627164188373	0.8793540211392172	17.59882487398002	18.90575309158522	0.9308714013520626	0.5326633165829145	0.5326633165829145	0.11065697500431051	0.23159576021020764	0
answerdotai_ModernBERT-base	head_embed_cache_answerdotai_ModernBERT-base.jsonl	orig	burn__pst	burn	pst	198	130	68	0	20	3	2	burned,burnt	burned	burnt	0.0	fisher_exact	True	21	2	0	1	2	0	1		conditioned-cat-only	cat_only_label	23	2	0.5586293734521992	20	3	0.0	0.0	0.35477519165708515	0.19791943240386078	0.0956315370935353	0.1520763253256677	0.6288390838530765	14.85958832215922	18.73241929341883	0.7932551631160514	1.0	1.0	0.7798956026573869	0.6608148090915436	0
answerdotai_ModernBERT-base	head_embed_cache_answerdotai_ModernBERT-base.jsonl	orig	burn__pst	burn	pst	198	130	68	0	20	3	2	burned,burnt	burned	burnt	0.0	fisher_exact	True	21	2	0	1	2	0	1		conditioned-exclude	conditioned_exclude_label	130	4	1.3101187762447488	89	3	0.0	0.0	-0.03705074185968643	-0.013911053625968176	0.14779474629556422	0.15435598459335736	0.9574928156165867	18.211305719527154	18.627268863729103	0.9776691286712509	0.7076923076923077	0.7076923076923077	0.3102333110163818	0.3773242686168993	0
answerdotai_ModernBERT-base	head_embed_cache_answerdotai_ModernBERT-base.jsonl	orig	burn__pst	burn	pst	198	130	68	0	20	3	2	burned,burnt	burned	burnt	0.0	fisher_exact	True	21	2	0	1	2	0	1		form	form_label	198	2	0.999926399368686	100	98	0.0	0.0	0.2518382002693186	0.14062918494075075	0.128940530151458	0.17330288898825635	0.7440183536709275	17.066560966489803	19.878838461710483	0.8585290835459258	0.98989898989899	0.98989898989899	0.9598002258665252	0.9282786670169934	0
answerdotai_ModernBERT-base	head_embed_cache_answerdotai_ModernBERT-base.jsonl	orig	burn__pst	burn	pst	198	130	68	0	20	3	2	burned,burnt	burned	burnt	0.0	fisher_exact	True	21	2	0	1	2	0	1		raw	raw_label	198	20	3.042396475146948	89	1	0.05	0.4	-0.1669292712423409	-0.08749889398586878	0.14689259584203507	0.15252346606407763	0.9630819416359385	18.159105966458387	18.575101596450093	0.9776046646188354	0.5	0.5050505050505051	0.0399565019681518	0.15137170257016339	0
answerdotai_ModernBERT-base	head_embed_cache_answerdotai_ModernBERT-base.jsonl	orig	creep__ppt	creep	ppt	200	173	27	0	7	3	2	creeped,crept	creeped	crept	0.0	fisher_exact	True	7	0	1	2	0	1	2		conditioned-cat-only	cat_only_label	100	3	0.992997266270944	72	3	0.0	0.0	0.38752881039640014	0.2367498171763817	0.08957120258675634	0.20636579145744913	0.4340409423197699	13.982185035664834	21.86186173865568	0.639569731197313	1.0	1.0	0.46916906556715315	0.6332381867872773	0
answerdotai_ModernBERT-base	head_embed_cache_answerdotai_ModernBERT-base.jsonl	orig	creep__ppt	creep	ppt	200	173	27	0	7	3	2	creeped,crept	creeped	crept	0.0	fisher_exact	True	7	0	1	2	0	1	2		conditioned-exclude	conditioned_exclude_label	100	3	0.992997266270944	72	3	0.0	0.0	0.38752881039640014	0.2367498171763817	0.08957120258675634	0.20636579145744913	0.4340409423197699	13.982185035664834	21.86186173865568	0.639569731197313	1.0	1.0	0.46916906556715315	0.6332381867872773	0
answerdotai_ModernBERT-base	head_embed_cache_answerdotai_ModernBERT-base.jsonl	orig	creep__ppt	creep	ppt	200	173	27	0	7	3	2	creeped,crept	creeped	crept	0.0	fisher_exact	True	7	0	1	2	0	1	2		form	form_label	200	2	1.0	100	100	0.0	0.0	0.45328835621788777	0.2711225947607652	0.10185429627759347	0.188160508797455	0.541316012209737	15.205817981006323	20.910090188674378	0.7272000189287713	0.99	0.99	0.9602000804038779	0.92886668476379	0
answerdotai_ModernBERT-base	head_embed_cache_answerdotai_ModernBERT-base.jsonl	orig	creep__ppt	creep	ppt	200	173	27	0	7	3	2	creeped,crept	creeped	crept	0.0	fisher_exact	True	7	0	1	2	0	1	2		raw	raw_label	200	7	2.047756286887821	73	1	0.14285714285714285	0.2857142857142857	-0.0015676839680144638	0.008270589353326745	0.09673664825300464	0.16468280140334143	0.5874119666939419	14.76753907017921	19.398513818587077	0.7612716730922652	0.76	0.76	0.2955493127460733	0.4154573745726281	0
answerdotai_ModernBERT-base	head_embed_cache_answerdotai_ModernBERT-base.jsonl	orig	creep__pst	creep	pst	199	192	7	0	6	4	2	creeped,crept	creeped	crept	0.0	fisher_exact	True	6	0	1	3	0	1	3		conditioned-cat-only	cat_only_label	150	5	1.6571237065559545	80	2	0.0	0.2	0.15705327117062598	0.08576095985496662	0.07283733415099887	0.14826198518258563	0.4912745101942295	12.83478508754449	18.632861211822412	0.6888252395397501	0.86	0.86	0.43525576485314277	0.5641625248976816	0
answerdotai_ModernBERT-base	head_embed_cache_answerdotai_ModernBERT-base.jsonl	orig	creep__pst	creep	pst	199	192	7	0	6	4	2	creeped,crept	creeped	crept	0.0	fisher_exact	True	6	0	1	3	0	1	3		conditioned-exclude	conditioned_exclude_label	150	5	1.6571237065559545	80	2	0.0	0.2	0.15705327117062598	0.08576095985496662	0.07283733415099887	0.14826198518258563	0.4912745101942295	12.83478508754449	18.632861211822412	0.6888252395397501	0.86	0.86	0.43525576485314277	0.5641625248976816	0
answerdotai_ModernBERT-base	head_embed_cache_answerdotai_ModernBERT-base.jsonl	orig	creep__pst	creep	pst	199	192	7	0	6	4	2	creeped,crept	creeped	crept	0.0	fisher_exact	True	6	0	1	3	0	1	3		form	form_label	199	2	0.9999817845368457	100	99	0.0	0.0	0.42109445864938755	0.24928357955586009	0.09166485619020048	0.15830988659280174	0.5790216780710424	14.533754364052921	19.3512343404692	0.7510505070810138	1.0	1.0	1.0	1.0	0
answerdotai_ModernBERT-base	head_embed_cache_answerdotai_ModernBERT-base.jsonl	orig	creep__pst	creep	pst	199	192	7	0	6	4	2	creeped,crept	creeped	crept	0.0	fisher_exact	True	6	0	1	3	0	1	3		raw	raw_label	199	6	2.074652806440842	80	1	0.16666666666666666	0.16666666666666666	0.08852342186781102	0.0501720793138123	0.08317496631011774	0.1403150189226134	0.5927730826590305	13.706369600563518	18.127632485186005	0.756103678280351	0.7135678391959799	0.7135678391959799	0.3232280101931467	0.37185975796674536	0
answerdotai_ModernBERT-base	head_embed_cache_answerdotai_ModernBERT-base.jsonl	orig	disprove__ppt	disprove	ppt	197	197	0	0	1	1	2	disproved,disproven	disproved	disproven		fisher_exact	False	1	1	0	0	1	0	0		conditioned-cat-only	cat_only_label	0	0		0	0															0
answerdotai_ModernBERT-base	head_embed_cache_answerdotai_ModernBERT-base.jsonl	orig	disprove__ppt	disprove	ppt	197	197	0	0	1	1	2	disproved,disproven	disproved	disproven		fisher_exact	False	1	1	0	0	1	0	0		conditioned-exclude	conditioned_exclude_label	197	1	-0.0	197	197	0.0	0.0													0
answerdotai_ModernBERT-base	head_embed_cache_answerdotai_ModernBERT-base.jsonl	orig	disprove__ppt	disprove	ppt	197	197	0	0	1	1	2	disproved,disproven	disproved	disproven		fisher_exact	False	1	1	0	0	1	0	0		form	form_label	197	2	0.9999814128006821	99	98	0.0	0.0	0.34009367522764616	0.1941419194090776	0.10468906928887618	0.15916610503367576	0.6577346933678277	15.350354793236013	19.058543281131957	0.8054316936401394	1.0	1.0	1.0	1.0	0
answerdotai_ModernBERT-base	head_embed_cache_answerdotai_ModernBERT-base.jsonl	orig	disprove__ppt	disprove	ppt	197	197	0	0	1	1	2	disproved,disproven	disproved	disproven		fisher_exact	False	1	1	0	0	1	0	0		raw	raw_label	197	1	-0.0	197	197	0.0	0.0													0
answerdotai_ModernBERT-base	head_embed_cache_answerdotai_ModernBERT-base.jsonl	orig	dive__pst	dive	pst	198	182	16	0	7	3	2	dived,dove	dived	dove	0.0014	fisher_exact	True	7	1	2	0	1	2	0		conditioned-cat-only	cat_only_label	0	0		0	0															0
answerdotai_ModernBERT-base	head_embed_cache_answerdotai_ModernBERT-base.jsonl	orig	dive__pst	dive	pst	198	182	16	0	7	3	2	dived,dove	dived	dove	0.0014	fisher_exact	True	7	1	2	0	1	2	0		conditioned-exclude	conditioned_exclude_label	67	1	-0.0	67	67	0.0	0.0													0
answerdotai_ModernBERT-base	head_embed_cache_answerdotai_ModernBERT-base.jsonl	orig	dive__pst	dive	pst	198	182	16	0	7	3	2	dived,dove	dived	dove	0.0014	fisher_exact	True	7	1	2	0	1	2	0		form	form_label	198	2	1.0	99	99	0.0	0.0	0.35719654903364645	0.2064128053815597	0.08917127064857572	0.14160880031090678	0.6297014765522853	14.551536714263136	18.42012424918836	0.7899803778416054	0.9797979797979798	0.9747474747474747	0.8628928525880445	0.8128923377136461	0
answerdotai_ModernBERT-base	head_embed_cache_answerdotai_ModernBERT-base.jsonl	orig	dive__pst	dive	pst	198	182	16	0	7	3	2	dived,dove	dived	dove	0.0014	fisher_exact	True	7	1	2	0	1	2	0		raw	raw_label	198	7	1.907799970324791	73	1	0.42857142857142855	0.42857142857142855	-0.16735852819914818	-0.0940948494114299	0.10447268442056667	0.12017518026212348	0.8693366150372576	15.736964355569004	16.815043127256708	0.9358860537241104	0.494949494949495	0.5	0.07869190100123956	0.08562559827231342	0
answerdotai_ModernBERT-base	head_embed_cache_answerdotai_ModernBERT-base.jsonl	orig	dream__ppt	dream	ppt	199	181	18	0	5	3	2	dreamed,dreamt	dreamed	dreamt	0.0015	fisher_exact	True	5	3	0	0	3	0	0		conditioned-cat-only	cat_only_label	0	0		0	0															0
answerdotai_ModernBERT-base	head_embed_cache_answerdotai_ModernBERT-base.jsonl	orig	dream__ppt	dream	ppt	199	181	18	0	5	3	2	dreamed,dreamt	dreamed	dreamt	0.0015	fisher_exact	True	5	3	0	0	3	0	0		conditioned-exclude	conditioned_exclude_label	181	3	1.3099792748760353	111	22	0.0	0.0	0.10893906039736068	0.06086371166650149	0.11059162158560577	0.13807822636545744	0.8009345462831937	15.916533103096423	17.854043603771057	0.8914805775278044	0.8287292817679558	0.8342541436464088	0.16932001678500871	0.2701130110993716	0
answerdotai_ModernBERT-base	head_embed_cache_answerdotai_ModernBERT-base.jsonl	orig	dream__ppt	dream	ppt	199	181	18	0	5	3	2	dreamed,dreamt	dreamed	dreamt	0.0015	fisher_exact	True	5	3	0	0	3	0	0		form	form_label	199	2	0.9999817845368457	100	99	0.0	0.0	0.2994782435805953	0.17075337178323408	0.10387951013853046	0.1491293343038379	0.6965732840118839	15.416759333529315	18.61676319749437	0.8281116953565942	1.0	0.9949748743718593	0.9600010203040507	0.9185752173714274	0
answerdotai_ModernBERT-base	head_embed_cache_answerdotai_ModernBERT-base.jsonl	orig	dream__ppt	dream	ppt	199	181	18	0	5	3	2	dreamed,dreamt	dreamed	dreamt	0.0015	fisher_exact	True	5	3	0	0	3	0	0		raw	raw_label	199	5	1.6985903204516677	111	4	0.0	0.0	0.01815516043062263	0.010376054717601968	0.11039926431624733	0.13671949349098733	0.807487370654463	15.900320733739337	17.725147348872486	0.8970487195837484	0.6884422110552764	0.6934673366834171	0.13854413302979499	0.20612797568293686	0
answerdotai_ModernBERT-base	head_embed_cache_answerdotai_ModernBERT-base.jsonl	orig	dream__pst	dream	pst	197	190	7	0	5	4	2	dreamed,dreamt	dreamed	dreamt	0.0	chi_sq	True	5	0	4	0	0	4	0		conditioned-cat-only	cat_only_label	0	0		0	0															0
answerdotai_ModernBERT-base	head_embed_cache_answerdotai_ModernBERT-base.jsonl	orig	dream__pst	dream	pst	197	190	7	0	5	4	2	dreamed,dreamt	dreamed	dreamt	0.0	chi_sq	True	5	0	4	0	0	4	0		conditioned-exclude	conditioned_exclude_label	0	0		0	0															0
answerdotai_ModernBERT-base	head_embed_cache_answerdotai_ModernBERT-base.jsonl	orig	dream__pst	dream	pst	197	190	7	0	5	4	2	dreamed,dreamt	dreamed	dreamt	0.0	chi_sq	True	5	0	4	0	0	4	0		form	form_label	197	2	0.9999814128006821	99	98	0.0	0.0	0.3192306958470727	0.18331192702907131	0.10864605396734743	0.1602975089977994	0.6777775565360716	15.903867751319877	19.497034308721535	0.8157070198212484	0.9949238578680203	0.9949238578680203	0.9796949082663369	0.9589098519422216	0
answerdotai_ModernBERT-base	head_embed_cache_answerdotai_ModernBERT-base.jsonl	orig	dream__pst	dream	pst	197	190	7	0	5	4	2	dreamed,dreamt	dreamed	dreamt	0.0	chi_sq	True	5	0	4	0	0	4	0		raw	raw_label	197	5	2.0094602437853	69	7	0.0	0.0	0.05065007464634296	0.029052723915618094	0.11644819655040943	0.14151035257449598	0.8228952471099741	16.43114214686173	18.19598608390713	0.9030091620807371	0.700507614213198	0.700507614213198	0.17428217417498204	0.27489660070885175	0
answerdotai_ModernBERT-base	head_embed_cache_answerdotai_ModernBERT-base.jsonl	orig	drink__ppt	drink	ppt	200	183	17	0	7	3	2	drank,drunk	drank	drunk	0.0185	fisher_exact	True	7	2	1	0	2	1	0		conditioned-cat-only	cat_only_label	0	0		0	0															0
answerdotai_ModernBERT-base	head_embed_cache_answerdotai_ModernBERT-base.jsonl	orig	drink__ppt	drink	ppt	200	183	17	0	7	3	2	drank,drunk	drank	drunk	0.0185	fisher_exact	True	7	2	1	0	2	1	0		conditioned-exclude	conditioned_exclude_label	132	2	0.7455178428108284	104	28	0.0	0.0	0.042640193596410525	0.02339528609465892	0.12444966194809966	0.129625235452176	0.9600727938042141	16.776426058791944	17.14062390413907	0.9787523577097343	0.8636363636363636	0.8712121212121212	-0.003128089221645459	-0.002760889748037233	0
answerdotai_ModernBERT-base	head_embed_cache_answerdotai_ModernBERT-base.jsonl	orig	drink__ppt	drink	ppt	200	183	17	0	7	3	2	drank,drunk	drank	drunk	0.0185	fisher_exact	True	7	2	1	0	2	1	0		form	form_label	200	2	1.0	100	100	0.0	0.0	0.1649263123165529	0.09050104663696872	0.11231868101780379	0.13437153941709015	0.8358814783625114	15.954989118783887	17.536293213961446	0.909826776053299	1.0	1.0	0.012154868536856185	0.009346123775942078	0
answerdotai_ModernBERT-base	head_embed_cache_answerdotai_ModernBERT-base.jsonl	orig	drink__ppt	drink	ppt	200	183	17	0	7	3	2	drank,drunk	drank	drunk	0.0185	fisher_exact	True	7	2	1	0	2	1	0		raw	raw_label	200	7	1.8199338849640223	104	1	0.2857142857142857	0.2857142857142857	-0.10695235990370362	-0.04771337086428937	0.11819334001683605	0.1262636569881851	0.9360836113585383	16.32836432133245	16.981236160978803	0.9615533384344194	0.695	0.7	0.08983121402767515	0.15849414786057078	0
answerdotai_ModernBERT-base	head_embed_cache_answerdotai_ModernBERT-base.jsonl	orig	drive__ppt	drive	ppt	142	93	49	0	15	4	2	driven,drove	driven	drove	0.0	fisher_exact	True	15	0	0	4	0	0	4		conditioned-cat-only	cat_only_label	93	6	2.257035960830074	27	3	0.0	0.0	0.10550429171246611	0.058806526241907346	0.11775530262293657	0.23515033927680576	0.5007660332750855	17.52799136714985	24.732515989229604	0.7087023162052277	0.8602150537634409	0.8602150537634409	0.3260243933499287	0.485973653709264	0
answerdotai_ModernBERT-base	head_embed_cache_answerdotai_ModernBERT-base.jsonl	orig	drive__ppt	drive	ppt	142	93	49	0	15	4	2	driven,drove	driven	drove	0.0	fisher_exact	True	15	0	0	4	0	0	4		conditioned-exclude	conditioned_exclude_label	93	6	2.257035960830074	27	3	0.0	0.0	0.10550429171246611	0.058806526241907346	0.11775530262293657	0.23515033927680576	0.5007660332750855	17.52799136714985	24.732515989229604	0.7087023162052277	0.8602150537634409	0.8602150537634409	0.3260243933499287	0.485973653709264	0
answerdotai_ModernBERT-base	head_embed_cache_answerdotai_ModernBERT-base.jsonl	orig	drive__ppt	drive	ppt	142	93	49	0	15	4	2	driven,drove	driven	drove	0.0	fisher_exact	True	15	0	0	4	0	0	4		form	form_label	142	2	0.9998568991526107	72	70	0.0	0.0	0.4864149152225348	0.2934696212749839	0.13744868776172753	0.2706294502927057	0.5078851825367366	18.791600502806226	26.70330420687962	0.7037181749951721	1.0	1.0	1.0	1.0	0
answerdotai_ModernBERT-base	head_embed_cache_answerdotai_ModernBERT-base.jsonl	orig	drive__ppt	drive	ppt	142	93	49	0	15	4	2	driven,drove	driven	drove	0.0	fisher_exact	True	15	0	0	4	0	0	4		raw	raw_label	142	15	3.2081115221477225	31	1	0.3333333333333333	0.4	-0.166223936144239	-0.08232240303189198	0.13482370869692065	0.21463031150858103	0.6281671388783794	18.56976402965543	23.386216157944048	0.7940473954503957	0.5774647887323944	0.5845070422535211	0.21500768158208022	0.3106103397174491	0
answerdotai_ModernBERT-base	head_embed_cache_answerdotai_ModernBERT-base.jsonl	orig	eat__ppt	eat	ppt	199	171	28	0	8	2	2	ate,eaten	ate	eaten	0.0053	fisher_exact	True	8	1	1	0	1	1	0		conditioned-cat-only	cat_only_label	0	0		0	0															0
answerdotai_ModernBERT-base	head_embed_cache_answerdotai_ModernBERT-base.jsonl	orig	eat__ppt	eat	ppt	199	171	28	0	8	2	2	ate,eaten	ate	eaten	0.0053	fisher_exact	True	8	1	1	0	1	1	0		conditioned-exclude	conditioned_exclude_label	142	1	-0.0	142	142	0.0	0.0													0
answerdotai_ModernBERT-base	head_embed_cache_answerdotai_ModernBERT-base.jsonl	orig	eat__ppt	eat	ppt	199	171	28	0	8	2	2	ate,eaten	ate	eaten	0.0053	fisher_exact	True	8	1	1	0	1	1	0		form	form_label	199	2	0.9999817845368457	100	99	0.0	0.0	0.4585760728163238	0.2753168647371778	0.12446859674934332	0.22961514428369556	0.5420748580745139	18.184745065219428	25.096979134900668	0.7245790406675334	1.0	1.0	1.0	1.0	0
answerdotai_ModernBERT-base	head_embed_cache_answerdotai_ModernBERT-base.jsonl	orig	eat__ppt	eat	ppt	199	171	28	0	8	2	2	ate,eaten	ate	eaten	0.0053	fisher_exact	True	8	1	1	0	1	1	0		raw	raw_label	199	8	1.4428159561419673	142	1	0.125	0.25	-0.23137987280400418	-0.11896293219080364	0.17227814558091684	0.18307314329879582	0.9410345093585882	21.241492927031672	22.136232210410185	0.9595803262780314	0.48743718592964824	0.49748743718592964	0.05020228554986864	0.09306097497746592	0
answerdotai_ModernBERT-base	head_embed_cache_answerdotai_ModernBERT-base.jsonl	orig	fall__ppt	fall	ppt	200	151	49	0	14	4	2	fallen,fell	fallen	fell	0.0	fisher_exact	True	14	0	2	2	0	2	2		conditioned-cat-only	cat_only_label	69	4	1.5574653812571848	30	4	0.0	0.0	0.255340883034108	0.14686781126374385	0.09418381871040134	0.2084632100183521	0.4518006736157898	15.016349352102235	22.403975193140234	0.6702537930277668	0.9565217391304348	0.9565217391304348	0.7302225146777913	0.7939152083950172	0
answerdotai_ModernBERT-base	head_embed_cache_answerdotai_ModernBERT-base.jsonl	orig	fall__ppt	fall	ppt	200	151	49	0	14	4	2	fallen,fell	fallen	fell	0.0	fisher_exact	True	14	0	2	2	0	2	2		conditioned-exclude	conditioned_exclude_label	69	4	1.5574653812571848	30	4	0.0	0.0	0.255340883034108	0.14686781126374385	0.09418381871040134	0.2084632100183521	0.4518006736157898	15.016349352102235	22.403975193140234	0.6702537930277668	0.9565217391304348	0.9565217391304348	0.7302225146777913	0.7939152083950172	0
answerdotai_ModernBERT-base	head_embed_cache_answerdotai_ModernBERT-base.jsonl	orig	fall__ppt	fall	ppt	200	151	49	0	14	4	2	fallen,fell	fallen	fell	0.0	fisher_exact	True	14	0	2	2	0	2	2		form	form_label	200	2	1.0	100	100	0.0	0.0	0.4352554820656669	0.2551843223587293	0.11455701907842987	0.20266538535988834	0.565252023057624	16.463120146252162	22.098324551547453	0.7449940427768457	1.0	1.0	1.0	1.0	0
answerdotai_ModernBERT-base	head_embed_cache_answerdotai_ModernBERT-base.jsonl	orig	fall__ppt	fall	ppt	200	151	49	0	14	4	2	fallen,fell	fallen	fell	0.0	fisher_exact	True	14	0	2	2	0	2	2		raw	raw_label	200	14	2.949755162174359	51	1	0.21428571428571427	0.35714285714285715	-0.18262235283518585	-0.0916289711044427	0.12983152182192492	0.16420237872258797	0.790679908731828	17.38665379972694	19.64820608063962	0.8848977727721868	0.58	0.58	0.1567671796419874	0.26192957359042485	0
answerdotai_ModernBERT-base	head_embed_cache_answerdotai_ModernBERT-base.jsonl	orig	fall__pst	fall	pst	199	0	199	0	22	0	2	fell,felled					False	0	0	0	0	0	0	0	missing_conditioning_forms;missing_conditioning_rows;missing_pair_test;missing_cond_counts	conditioned-cat-only	cat_only_label	0	0		0	0															0
answerdotai_ModernBERT-base	head_embed_cache_answerdotai_ModernBERT-base.jsonl	orig	fall__pst	fall	pst	199	0	199	0	22	0	2	fell,felled					False	0	0	0	0	0	0	0	missing_conditioning_forms;missing_conditioning_rows;missing_pair_test;missing_cond_counts	conditioned-exclude	conditioned_exclude_label	0	0		0	0															0
answerdotai_ModernBERT-base	head_embed_cache_answerdotai_ModernBERT-base.jsonl	orig	fall__pst	fall	pst	199	0	199	0	22	0	2	fell,felled					False	0	0	0	0	0	0	0	missing_conditioning_forms;missing_conditioning_rows;missing_pair_test;missing_cond_counts	form	form_label	199	2	0.9999817845368457	100	99	0.0	0.0	0.3012833073475099	0.1706738243638467	0.13162822151907694	0.1884029898549803	0.6986525087547459	17.596777767854892	21.216877992285262	0.829376394314626	0.9949748743718593	0.9949748743718593	0.979899010408111	0.9592482453019892	0
answerdotai_ModernBERT-base	head_embed_cache_answerdotai_ModernBERT-base.jsonl	orig	fall__pst	fall	pst	199	0	199	0	22	0	2	fell,felled					False	0	0	0	0	0	0	0	missing_conditioning_forms;missing_conditioning_rows;missing_pair_test;missing_cond_counts	raw	raw_label	199	22	3.6565111720591474	48	1	0.22727272727272727	0.36363636363636365	-0.05045928030784894	-0.020960392050430397	0.11921552312353897	0.16500676794987656	0.7224886870079934	16.572528722700284	19.75264354872649	0.8390030773257569	0.592964824120603	0.5728643216080402	0.1663071435211357	0.34722880519207816	0
answerdotai_ModernBERT-base	head_embed_cache_answerdotai_ModernBERT-base.jsonl	orig	fly__pst	fly	pst	198	171	27	0	14	3	2	flew,flied	flew	flied	0.0	fisher_exact	True	14	0	1	2	0	1	2		conditioned-cat-only	cat_only_label	68	3	0.941917968093368	51	2	0.0	0.3333333333333333	0.10574366349671084	0.05820193175894712	0.0886189687726732	0.1156121983337066	0.7665191913130194	14.822231547525968	16.62819637428391	0.8913914181606052	0.8382352941176471	0.8382352941176471	0.034509680827078754	0.18233598133723716	0
answerdotai_ModernBERT-base	head_embed_cache_answerdotai_ModernBERT-base.jsonl	orig	fly__pst	fly	pst	198	171	27	0	14	3	2	flew,flied	flew	flied	0.0	fisher_exact	True	14	0	1	2	0	1	2		conditioned-exclude	conditioned_exclude_label	68	3	0.941917968093368	51	2	0.0	0.3333333333333333	0.10574366349671084	0.05820193175894712	0.0886189687726732	0.1156121983337066	0.7665191913130194	14.822231547525968	16.62819637428391	0.8913914181606052	0.8382352941176471	0.8382352941176471	0.034509680827078754	0.18233598133723716	0
answerdotai_ModernBERT-base	head_embed_cache_answerdotai_ModernBERT-base.jsonl	orig	fly__pst	fly	pst	198	171	27	0	14	3	2	flew,flied	flew	flied	0.0	fisher_exact	True	14	0	1	2	0	1	2		form	form_label	198	2	0.999926399368686	100	98	0.0	0.0	0.5681849521146302	0.35308317122810945	0.08373263400381697	0.19500230420857087	0.4293930491931936	14.178838523037731	21.960644198986653	0.6456476592654781	1.0	1.0	1.0	1.0	0
answerdotai_ModernBERT-base	head_embed_cache_answerdotai_ModernBERT-base.jsonl	orig	fly__pst	fly	pst	198	171	27	0	14	3	2	flew,flied	flew	flied	0.0	fisher_exact	True	14	0	1	2	0	1	2		raw	raw_label	198	14	2.1414296982592194	103	1	0.14285714285714285	0.5	0.10103817526063189	0.07429665956775386	0.08150295488912315	0.17000812190289635	0.4794062423422055	13.858695541429926	20.298396149812415	0.682748303814043	0.7474747474747475	0.7575757575757576	0.26928718750258157	0.3806908436246474	0
answerdotai_ModernBERT-base	head_embed_cache_answerdotai_ModernBERT-base.jsonl	orig	forget__ppt	forget	ppt	200	184	16	0	5	3	2	forgot,forgotten	forgot	forgotten	0.0021	fisher_exact	True	5	3	0	0	3	0	0		conditioned-cat-only	cat_only_label	0	0		0	0															0
answerdotai_ModernBERT-base	head_embed_cache_answerdotai_ModernBERT-base.jsonl	orig	forget__ppt	forget	ppt	200	184	16	0	5	3	2	forgot,forgotten	forgot	forgotten	0.0021	fisher_exact	True	5	3	0	0	3	0	0		conditioned-exclude	conditioned_exclude_label	184	3	1.4416232767703003	90	27	0.0	0.0	-0.008352503599258116	-0.003713614756692054	0.11249796544922736	0.1154660773492983	0.9742945117024105	15.478227795828252	15.698266088474652	0.9859832741140789	0.42934782608695654	0.43478260869565216	0.01419687766822817	0.007139237995917161	0
answerdotai_ModernBERT-base	head_embed_cache_answerdotai_ModernBERT-base.jsonl	orig	forget__ppt	forget	ppt	200	184	16	0	5	3	2	forgot,forgotten	forgot	forgotten	0.0021	fisher_exact	True	5	3	0	0	3	0	0		form	form_label	200	2	1.0	100	100	0.0	0.0	0.318999684472514	0.18128716009804668	0.09337135218718379	0.13689890769892626	0.6820459984423684	14.132641795604163	17.25575445846081	0.8190103672154811	1.0	1.0	1.0	1.0	0
answerdotai_ModernBERT-base	head_embed_cache_answerdotai_ModernBERT-base.jsonl	orig	forget__ppt	forget	ppt	200	184	16	0	5	3	2	forgot,forgotten	forgot	forgotten	0.0021	fisher_exact	True	5	3	0	0	3	0	0		raw	raw_label	200	5	1.7933748547876793	90	4	0.0	0.0	-0.0368835218750692	-0.017511457149880155	0.11210949085693109	0.11681400752908656	0.9597264337413982	15.451103076831009	15.827677025413491	0.9762078826869008	0.44	0.44	-7.399384565302537e-05	0.03271150195949146	0
answerdotai_ModernBERT-base	head_embed_cache_answerdotai_ModernBERT-base.jsonl	orig	hang__ppt	hang	ppt	198	189	9	0	7	4	2	hanged,hung	hanged	hung	0.0	fisher_exact	True	7	0	1	3	0	1	3		conditioned-cat-only	cat_only_label	67	5	1.7041692098588086	30	1	0.4	0.4	0.08673170507150664	0.050795668988739835	0.12959520114932344	0.1530972959722228	0.8464891579328516	18.512186798659215	20.187077693631718	0.9170315327264595	0.7611940298507462	0.7611940298507462	0.3328256715004608	0.3329718093193128	0
answerdotai_ModernBERT-base	head_embed_cache_answerdotai_ModernBERT-base.jsonl	orig	hang__ppt	hang	ppt	198	189	9	0	7	4	2	hanged,hung	hanged	hung	0.0	fisher_exact	True	7	0	1	3	0	1	3		conditioned-exclude	conditioned_exclude_label	67	5	1.7041692098588086	30	1	0.4	0.4	0.08673170507150664	0.050795668988739835	0.12959520114932344	0.1530972959722228	0.8464891579328516	18.512186798659215	20.187077693631718	0.9170315327264595	0.7611940298507462	0.7611940298507462	0.3328256715004608	0.3329718093193128	0
answerdotai_ModernBERT-base	head_embed_cache_answerdotai_ModernBERT-base.jsonl	orig	hang__ppt	hang	ppt	198	189	9	0	7	4	2	hanged,hung	hanged	hung	0.0	fisher_exact	True	7	0	1	3	0	1	3		form	form_label	198	2	0.999926399368686	100	98	0.0	0.0	0.4004784090484082	0.23457366561176218	0.12961604750439665	0.21663446607385856	0.5983168322819225	17.99275110373932	23.537181848544357	0.7644394821571245	1.0	1.0	1.0	1.0	0
answerdotai_ModernBERT-base	head_embed_cache_answerdotai_ModernBERT-base.jsonl	orig	hang__ppt	hang	ppt	198	189	9	0	7	4	2	hanged,hung	hanged	hung	0.0	fisher_exact	True	7	0	1	3	0	1	3		raw	raw_label	198	7	1.7446180181763304	122	2	0.0	0.2857142857142857	0.16769784178466596	0.11864117256112199	0.13975284835318785	0.19754574425321003	0.707445502718882	18.29776048086055	22.566558312099545	0.8108352291829017	0.7626262626262627	0.7626262626262627	0.25262091816098703	0.35258073973829446	0
answerdotai_ModernBERT-base	head_embed_cache_answerdotai_ModernBERT-base.jsonl	orig	hang__pst	hang	pst	198	169	29	0	12	4	2	hanged,hung	hanged	hung	0.0	fisher_exact	True	12	0	0	4	0	0	4		conditioned-cat-only	cat_only_label	169	7	1.910016434686177	93	1	0.14285714285714285	0.14285714285714285	0.056593693387219125	0.04243425369495377	0.10526351713140103	0.19854170743893756	0.5301833981848642	15.76142631980344	22.573976314963573	0.6982122289796012	0.9112426035502958	0.9112426035502958	0.3313827821112824	0.5352754549388486	0
answerdotai_ModernBERT-base	head_embed_cache_answerdotai_ModernBERT-base.jsonl	orig	hang__pst	hang	pst	198	169	29	0	12	4	2	hanged,hung	hanged	hung	0.0	fisher_exact	True	12	0	0	4	0	0	4		conditioned-exclude	conditioned_exclude_label	169	7	1.910016434686177	93	1	0.14285714285714285	0.14285714285714285	0.056593693387219125	0.04243425369495377	0.10526351713140103	0.19854170743893756	0.5301833981848642	15.76142631980344	22.573976314963573	0.6982122289796012	0.9112426035502958	0.9112426035502958	0.3313827821112824	0.5352754549388486	0
answerdotai_ModernBERT-base	head_embed_cache_answerdotai_ModernBERT-base.jsonl	orig	hang__pst	hang	pst	198	169	29	0	12	4	2	hanged,hung	hanged	hung	0.0	fisher_exact	True	12	0	0	4	0	0	4		form	form_label	198	2	1.0	99	99	0.0	0.0	0.41413520230300666	0.2452535228161912	0.12521066293339744	0.213175982329734	0.5873582078290859	17.700394163683356	23.43998801940351	0.7551366557453465	1.0	1.0	1.0	1.0	0
answerdotai_ModernBERT-base	head_embed_cache_answerdotai_ModernBERT-base.jsonl	orig	hang__pst	hang	pst	198	169	29	0	12	4	2	hanged,hung	hanged	hung	0.0	fisher_exact	True	12	0	0	4	0	0	4		raw	raw_label	198	12	2.410290575096467	96	1	0.16666666666666666	0.25	0.08619859056324977	0.06357284676232886	0.11146945268537295	0.1922170176232635	0.5799145885399593	16.237799025904987	22.295154867002783	0.7283106631359271	0.7878787878787878	0.7878787878787878	0.2983149258885328	0.4635117586952135	0
answerdotai_ModernBERT-base	head_embed_cache_answerdotai_ModernBERT-base.jsonl	orig	heave__pst	heave	pst	126	92	34	0	15	4	2	heaved,hove	heaved	hove	0.0	fisher_exact	True	15	2	0	2	2	0	2		conditioned-cat-only	cat_only_label	58	2	0.9575534837147482	36	22	0.0	0.0	0.5498585666446081	0.33782732643499574	0.07909619946166985	0.1877125580114707	0.42136871554878313	13.89259294517254	21.46788120403076	0.6471338653841674	1.0	1.0	1.0	1.0	0
answerdotai_ModernBERT-base	head_embed_cache_answerdotai_ModernBERT-base.jsonl	orig	heave__pst	heave	pst	126	92	34	0	15	4	2	heaved,hove	heaved	hove	0.0	fisher_exact	True	15	2	0	2	2	0	2		conditioned-exclude	conditioned_exclude_label	92	4	1.9235779097042376	36	17	0.0	0.0	0.1555422963185225	0.08465275488965371	0.08937883421414135	0.14803672257520817	0.6037612334245888	14.66589554865759	18.881299759284865	0.7767418416968698	0.75	0.75	0.319347472542477	0.39943628116135166	0
answerdotai_ModernBERT-base	head_embed_cache_answerdotai_ModernBERT-base.jsonl	orig	heave__pst	heave	pst	126	92	34	0	15	4	2	heaved,hove	heaved	hove	0.0	fisher_exact	True	15	2	0	2	2	0	2		form	form_label	126	2	1.0	63	63	0.0	0.0	0.4041880396654419	0.23757195115644664	0.1006868756251036	0.16963974152026068	0.5935335359673265	15.546783480272387	20.405047474559286	0.7619087139912754	1.0	1.0	1.0	1.0	0
answerdotai_ModernBERT-base	head_embed_cache_answerdotai_ModernBERT-base.jsonl	orig	heave__pst	heave	pst	126	92	34	0	15	4	2	heaved,hove	heaved	hove	0.0	fisher_exact	True	15	2	0	2	2	0	2		raw	raw_label	126	15	3.0756536995235515	36	1	0.26666666666666666	0.4	-0.05105544263351825	-0.024464095405013542	0.09084158056472785	0.14344877399467654	0.6332684346824674	14.769743582131177	18.574662544262203	0.7951554192134498	0.5476190476190477	0.5476190476190477	0.23240900876391832	0.3251507207285349	0
answerdotai_ModernBERT-base	head_embed_cache_answerdotai_ModernBERT-base.jsonl	orig	kneel__pst	kneel	pst	200	200	0	0	2	2	2	kneeled,knelt	kneeled	knelt	0.2008	chi_sq	False	2	2	0	0	2	0	0		conditioned-cat-only	cat_only_label	0	0		0	0															0
answerdotai_ModernBERT-base	head_embed_cache_answerdotai_ModernBERT-base.jsonl	orig	kneel__pst	kneel	pst	200	200	0	0	2	2	2	kneeled,knelt	kneeled	knelt	0.2008	chi_sq	False	2	2	0	0	2	0	0		conditioned-exclude	conditioned_exclude_label	200	2	0.9927744539878083	110	90	0.0	0.0	0.04715308770008541	0.02598293077309648	0.11601077178871333	0.12273540368161219	0.9452103330319976	16.164174965376983	16.66151914367836	0.9701501301284358	0.695	0.695	0.005050249987374375	0.0036915009604562227	0
answerdotai_ModernBERT-base	head_embed_cache_answerdotai_ModernBERT-base.jsonl	orig	kneel__pst	kneel	pst	200	200	0	0	2	2	2	kneeled,knelt	kneeled	knelt	0.2008	chi_sq	False	2	2	0	0	2	0	0		form	form_label	200	2	1.0	100	100	0.0	0.0	0.42745840489374914	0.251944356854014	0.08683356356990841	0.1515535934993001	0.5729561507910363	14.037259360790104	18.762192150436356	0.748167338242703	1.0	1.0	1.0	1.0	0
answerdotai_ModernBERT-base	head_embed_cache_answerdotai_ModernBERT-base.jsonl	orig	kneel__pst	kneel	pst	200	200	0	0	2	2	2	kneeled,knelt	kneeled	knelt	0.2008	chi_sq	False	2	2	0	0	2	0	0		raw	raw_label	200	2	0.9927744539878083	110	90	0.0	0.0	0.04715308770008541	0.02598293077309648	0.11601077178871333	0.12273540368161219	0.9452103330319976	16.164174965376983	16.66151914367836	0.9701501301284358	0.695	0.695	0.005050249987374375	0.0036915009604562227	0
answerdotai_ModernBERT-base	head_embed_cache_answerdotai_ModernBERT-base.jsonl	orig	knit__ppt	knit	ppt	200	178	22	0	7	2	2	knit,knitted	knit	knitted	0.0041	fisher_exact	True	7	0	2	0	0	2	0		conditioned-cat-only	cat_only_label	0	0		0	0															0
answerdotai_ModernBERT-base	head_embed_cache_answerdotai_ModernBERT-base.jsonl	orig	knit__ppt	knit	ppt	200	178	22	0	7	2	2	knit,knitted	knit	knitted	0.0041	fisher_exact	True	7	0	2	0	0	2	0		conditioned-exclude	conditioned_exclude_label	0	0		0	0															0
answerdotai_ModernBERT-base	head_embed_cache_answerdotai_ModernBERT-base.jsonl	orig	knit__ppt	knit	ppt	200	178	22	0	7	2	2	knit,knitted	knit	knitted	0.0041	fisher_exact	True	7	0	2	0	0	2	0		form	form_label	200	2	1.0	100	100	0.0	0.0	0.29642916686986687	0.16727749391638916	0.11559959591214346	0.16634800063396465	0.6949262718613074	16.536166641457474	19.915675293717275	0.8303091106669166	0.995	0.995	0.9602	0.9189121884209688	0
answerdotai_ModernBERT-base	head_embed_cache_answerdotai_ModernBERT-base.jsonl	orig	knit__ppt	knit	ppt	200	178	22	0	7	2	2	knit,knitted	knit	knitted	0.0041	fisher_exact	True	7	0	2	0	0	2	0		raw	raw_label	200	7	1.5863227789388623	110	1	0.14285714285714285	0.14285714285714285	-0.05379919068001494	-0.03071457535574261	0.12895225242457256	0.14983557130000424	0.8606250925982147	17.413309706220268	18.824723676490493	0.9250233897439415	0.67	0.665	0.11858609637257443	0.1758300068195884	0
answerdotai_ModernBERT-base	head_embed_cache_answerdotai_ModernBERT-base.jsonl	orig	knit__pst	knit	pst	188	159	29	0	7	4	2	knit,knitted	knit	knitted	0.0	fisher_exact	True	7	1	3	0	1	3	0		conditioned-cat-only	cat_only_label	0	0		0	0															0
answerdotai_ModernBERT-base	head_embed_cache_answerdotai_ModernBERT-base.jsonl	orig	knit__pst	knit	pst	188	159	29	0	7	4	2	knit,knitted	knit	knitted	0.0	fisher_exact	True	7	1	3	0	1	3	0		conditioned-exclude	conditioned_exclude_label	18	1	-0.0	18	18	0.0	0.0													0
answerdotai_ModernBERT-base	head_embed_cache_answerdotai_ModernBERT-base.jsonl	orig	knit__pst	knit	pst	188	159	29	0	7	4	2	knit,knitted	knit	knitted	0.0	fisher_exact	True	7	1	3	0	1	3	0		form	form_label	188	2	1.0	94	94	0.0	0.0	0.28687471992326136	0.16252947592661066	0.11009610461190075	0.154760636929746	0.7113960422757833	16.179968555114485	19.33049973523341	0.8370176031002189	0.9946808510638298	0.9946808510638298	0.9787228087425776	0.9572944781371149	0
answerdotai_ModernBERT-base	head_embed_cache_answerdotai_ModernBERT-base.jsonl	orig	knit__pst	knit	pst	188	159	29	0	7	4	2	knit,knitted	knit	knitted	0.0	fisher_exact	True	7	1	3	0	1	3	0		raw	raw_label	188	7	2.2898835660380508	86	6	0.0	0.0	0.04861294056790569	0.02878476652406652	0.11391934796188907	0.13938010808585966	0.8173285953524553	16.419721018800054	18.25657077394086	0.8993869233228237	0.6648936170212766	0.6648936170212766	0.18057052420973754	0.2924060286474175	0
answerdotai_ModernBERT-base	head_embed_cache_answerdotai_ModernBERT-base.jsonl	orig	know__pst	know	pst	197	189	8	0	6	3	2	knew,knowed	knew	knowed	0.002	fisher_exact	True	6	1	2	0	1	2	0		conditioned-cat-only	cat_only_label	0	0		0	0															0
answerdotai_ModernBERT-base	head_embed_cache_answerdotai_ModernBERT-base.jsonl	orig	know__pst	know	pst	197	189	8	0	6	3	2	knew,knowed	knew	knowed	0.002	fisher_exact	True	6	1	2	0	1	2	0		conditioned-exclude	conditioned_exclude_label	49	1	-0.0	49	49	0.0	0.0													0
answerdotai_ModernBERT-base	head_embed_cache_answerdotai_ModernBERT-base.jsonl	orig	know__pst	know	pst	197	189	8	0	6	3	2	knew,knowed	knew	knowed	0.002	fisher_exact	True	6	1	2	0	1	2	0		form	form_label	197	2	0.9999814128006821	99	98	0.0	0.0	0.4475619748272285	0.2650945159387695	0.0973957591642096	0.1757753925820831	0.5540921157023045	15.078995256982274	20.504378146204644	0.7354036854696514	1.0	1.0	1.0	1.0	0
answerdotai_ModernBERT-base	head_embed_cache_answerdotai_ModernBERT-base.jsonl	orig	know__pst	know	pst	197	189	8	0	6	3	2	knew,knowed	knew	knowed	0.002	fisher_exact	True	6	1	2	0	1	2	0		raw	raw_label	197	6	1.6746332036712905	105	2	0.0	0.3333333333333333	-0.17127814108125902	-0.0940718946136504	0.129958124741033	0.14087966063181415	0.9224761342992985	17.372683244476	18.065077750540606	0.961672210016152	0.45685279187817257	0.467005076142132	0.0473246082515131	0.09494897834033135	0
answerdotai_ModernBERT-base	head_embed_cache_answerdotai_ModernBERT-base.jsonl	orig	lay__ppt	lay	ppt	200	157	43	0	15	4	2	laid,lain	laid	lain	0.0	fisher_exact	True	15	1	1	2	1	1	2		conditioned-cat-only	cat_only_label	91	3	0.9158897092726221	70	3	0.0	0.0	0.290122343949546	0.1607518095265875	0.12472352424521868	0.23976349211729206	0.5201939759210883	18.81052091443221	25.686665631238547	0.73230683906112	0.9560439560439561	0.9560439560439561	0.4030390557575939	0.5842405641196191	0
answerdotai_ModernBERT-base	head_embed_cache_answerdotai_ModernBERT-base.jsonl	orig	lay__ppt	lay	ppt	200	157	43	0	15	4	2	laid,lain	laid	lain	0.0	fisher_exact	True	15	1	1	2	1	1	2		conditioned-exclude	conditioned_exclude_label	111	4	1.431335590566142	70	3	0.0	0.0	0.22964630251420484	0.13027066073318905	0.1271329572424441	0.21843308795558058	0.582022432738291	18.936920603767646	24.534767088430275	0.771840243500727	0.8918918918918919	0.8918918918918919	0.6975990816295609	0.6884849165359229	0
answerdotai_ModernBERT-base	head_embed_cache_answerdotai_ModernBERT-base.jsonl	orig	lay__ppt	lay	ppt	200	157	43	0	15	4	2	laid,lain	laid	lain	0.0	fisher_exact	True	15	1	1	2	1	1	2		form	form_label	200	2	1.0	100	100	0.0	0.0	0.3488080834058583	0.20020715669942601	0.14608145345345236	0.2247137633660511	0.6500779091821387	19.984589656206012	24.99460481208228	0.7995561364725219	1.0	1.0	1.0	1.0	0
answerdotai_ModernBERT-base	head_embed_cache_answerdotai_ModernBERT-base.jsonl	orig	lay__ppt	lay	ppt	200	157	43	0	15	4	2	laid,lain	laid	lain	0.0	fisher_exact	True	15	1	1	2	1	1	2		raw	raw_label	200	15	2.791926912298905	73	1	0.26666666666666666	0.3333333333333333	-0.11389842317859031	-0.05698619365022515	0.13816260823904622	0.19797934581145873	0.697863747719534	19.53302818071032	23.277402383570074	0.8391412348698044	0.7	0.695	0.2376917300898753	0.4054876613355288	0
answerdotai_ModernBERT-base	head_embed_cache_answerdotai_ModernBERT-base.jsonl	orig	lay__pst	lay	pst	196	162	34	0	17	5	2	laid,lay	laid	lay	0.0	fisher_exact	True	17	0	1	4	0	1	4		conditioned-cat-only	cat_only_label	91	5	1.998985190670653	32	1	0.2	0.2	0.15965203035613454	0.08657932750911332	0.12747819275595138	0.17932024036113148	0.7108968429845072	18.688725300661602	22.230356433042065	0.8406849146549732	0.8681318681318682	0.8681318681318682	0.536005790679725	0.5430441209182735	0
answerdotai_ModernBERT-base	head_embed_cache_answerdotai_ModernBERT-base.jsonl	orig	lay__pst	lay	pst	196	162	34	0	17	5	2	laid,lay	laid	lay	0.0	fisher_exact	True	17	0	1	4	0	1	4		conditioned-exclude	conditioned_exclude_label	91	5	1.998985190670653	32	1	0.2	0.2	0.15965203035613454	0.08657932750911332	0.12747819275595138	0.17932024036113148	0.7108968429845072	18.688725300661602	22.230356433042065	0.8406849146549732	0.8681318681318682	0.8681318681318682	0.536005790679725	0.5430441209182735	0
answerdotai_ModernBERT-base	head_embed_cache_answerdotai_ModernBERT-base.jsonl	orig	lay__pst	lay	pst	196	162	34	0	17	5	2	laid,lay	laid	lay	0.0	fisher_exact	True	17	0	1	4	0	1	4		form	form_label	196	2	0.9996995428565171	100	96	0.0	0.0	0.22557584068431794	0.12363685758544574	0.14793202725904636	0.19162870395065318	0.7719721743624626	20.079596515942903	22.928898831591923	0.8757331376191869	0.9948979591836735	0.9948979591836735	0.979591434366536	0.9587199630349423	0
answerdotai_ModernBERT-base	head_embed_cache_answerdotai_ModernBERT-base.jsonl	orig	lay__pst	lay	pst	196	162	34	0	17	5	2	laid,lay	laid	lay	0.0	fisher_exact	True	17	0	1	4	0	1	4		raw	raw_label	196	17	2.8975064022045585	71	1	0.35294117647058826	0.5294117647058824	-0.11639866617014365	-0.058938078859856274	0.13704824008181057	0.17766691364449835	0.7713773896924697	19.287325251852995	22.03807655215004	0.8751818792448707	0.6683673469387755	0.6683673469387755	0.2495996535768026	0.3929803071037628	0
answerdotai_ModernBERT-base	head_embed_cache_answerdotai_ModernBERT-base.jsonl	orig	lead__ppt	lead	ppt	198	182	16	0	6	3	2	lead,led	lead	led	0.0	fisher_exact	True	6	1	2	0	1	2	0		conditioned-cat-only	cat_only_label	0	0		0	0															0
answerdotai_ModernBERT-base	head_embed_cache_answerdotai_ModernBERT-base.jsonl	orig	lead__ppt	lead	ppt	198	182	16	0	6	3	2	lead,led	lead	led	0.0	fisher_exact	True	6	1	2	0	1	2	0		conditioned-exclude	conditioned_exclude_label	50	1	-0.0	50	50	0.0	0.0													0
answerdotai_ModernBERT-base	head_embed_cache_answerdotai_ModernBERT-base.jsonl	orig	lead__ppt	lead	ppt	198	182	16	0	6	3	2	lead,led	lead	led	0.0	fisher_exact	True	6	1	2	0	1	2	0		form	form_label	198	2	0.999926399368686	100	98	0.0	0.0	0.22364431297714157	0.12707081280383306	0.16708354604280704	0.21625977066531876	0.7726057672621123	21.489819607159106	24.65880455047045	0.8714866758108561	0.98989898989899	0.98989898989899	0.3169496619403181	0.3127994958255395	0
answerdotai_ModernBERT-base	head_embed_cache_answerdotai_ModernBERT-base.jsonl	orig	lead__ppt	lead	ppt	198	182	16	0	6	3	2	lead,led	lead	led	0.0	fisher_exact	True	6	1	2	0	1	2	0		raw	raw_label	198	6	1.9406797937509739	83	3	0.0	0.0	0.09149486914169766	0.04796663117977077	0.15851992640284301	0.20602675474389964	0.7694142763151819	20.890736322849392	24.01957773854072	0.869737867594944	0.6868686868686869	0.6868686868686869	0.2659921101962109	0.2999212963241889	0
answerdotai_ModernBERT-base	head_embed_cache_answerdotai_ModernBERT-base.jsonl	orig	lead__pst	lead	pst	200	191	9	0	8	5	2	lead,led	lead	led	0.0935	fisher_exact	False	8	4	1	0	4	1	0		conditioned-cat-only	cat_only_label	0	0		0	0															0
answerdotai_ModernBERT-base	head_embed_cache_answerdotai_ModernBERT-base.jsonl	orig	lead__pst	lead	pst	200	191	9	0	8	5	2	lead,led	lead	led	0.0935	fisher_exact	False	8	4	1	0	4	1	0		conditioned-exclude	conditioned_exclude_label	171	4	1.8995310797057041	71	28	0.0	0.0	0.05837529659960881	0.03192104794618039	0.14904337440239324	0.18310090380913563	0.8139958421928711	20.425543761080895	22.66931809457551	0.9010215338576275	0.7134502923976608	0.7134502923976608	0.13625914978514078	0.2195058168992038	0
answerdotai_ModernBERT-base	head_embed_cache_answerdotai_ModernBERT-base.jsonl	orig	lead__pst	lead	pst	200	191	9	0	8	5	2	lead,led	lead	led	0.0935	fisher_exact	False	8	4	1	0	4	1	0		form	form_label	200	2	1.0	100	100	0.0	0.0	0.22265486661941167	0.12428001706649322	0.15868809720726215	0.20335709886338804	0.7803420588423432	20.93928178310595	23.888228089059243	0.8765523212956969	1.0	1.0	1.0	1.0	0
answerdotai_ModernBERT-base	head_embed_cache_answerdotai_ModernBERT-base.jsonl	orig	lead__pst	lead	pst	200	191	9	0	8	5	2	lead,led	lead	led	0.0935	fisher_exact	False	8	4	1	0	4	1	0		raw	raw_label	200	8	2.405949678185288	71	1	0.125	0.25	0.0025346920080247816	0.004543186778036226	0.1514007819376366	0.18941116225669666	0.7993234407825075	20.530518041902916	22.947416706351643	0.8946766559662573	0.66	0.665	0.18047752651232785	0.2677134807981291	0
answerdotai_ModernBERT-base	head_embed_cache_answerdotai_ModernBERT-base.jsonl	orig	leap__ppt	leap	ppt	199	193	6	0	4	3	2	leaped,leapt	leaped	leapt	0.7849	fisher_exact	False	4	3	0	0	3	0	0		conditioned-cat-only	cat_only_label	0	0		0	0															0
answerdotai_ModernBERT-base	head_embed_cache_answerdotai_ModernBERT-base.jsonl	orig	leap__ppt	leap	ppt	199	193	6	0	4	3	2	leaped,leapt	leaped	leapt	0.7849	fisher_exact	False	4	3	0	0	3	0	0		conditioned-exclude	conditioned_exclude_label	193	3	1.4136787816545873	110	38	0.0	0.0	0.09261859880263869	0.05185117533314423	0.11907537081514971	0.14033335425939328	0.8485179552898725	16.539193995403302	18.053881287041005	0.9161018471565481	0.689119170984456	0.689119170984456	0.11072377333144864	0.18061852100456346	0
answerdotai_ModernBERT-base	head_embed_cache_answerdotai_ModernBERT-base.jsonl	orig	leap__ppt	leap	ppt	199	193	6	0	4	3	2	leaped,leapt	leaped	leapt	0.7849	fisher_exact	False	4	3	0	0	3	0	0		form	form_label	199	2	0.9999817845368457	100	99	0.0	0.0	0.1900173302857204	0.10421059353998242	0.11808250103796998	0.14531923376453057	0.8125731052869857	16.491611439902314	18.3940496394209	0.8965731724763096	0.9949748743718593	0.9949748743718593	0.826403024134923	0.7432553029708305	0
answerdotai_ModernBERT-base	head_embed_cache_answerdotai_ModernBERT-base.jsonl	orig	leap__ppt	leap	ppt	199	193	6	0	4	3	2	leaped,leapt	leaped	leapt	0.7849	fisher_exact	False	4	3	0	0	3	0	0		raw	raw_label	199	4	1.566202618846508	110	6	0.0	0.0	0.06197799971653624	0.03688576463133806	0.11907417017378527	0.139919876153803	0.8510168351128065	16.53966923067708	18.030530344127683	0.9173146277454808	0.6733668341708543	0.6733668341708543	0.07403941120896697	0.1078026567475817	0
answerdotai_ModernBERT-base	head_embed_cache_answerdotai_ModernBERT-base.jsonl	orig	leap__pst	leap	pst	199	196	3	0	4	3	2	leaped,leapt	leaped	leapt	0.2713	fisher_exact	False	4	3	0	0	3	0	0		conditioned-cat-only	cat_only_label	0	0		0	0															0
answerdotai_ModernBERT-base	head_embed_cache_answerdotai_ModernBERT-base.jsonl	orig	leap__pst	leap	pst	199	196	3	0	4	3	2	leaped,leapt	leaped	leapt	0.2713	fisher_exact	False	4	3	0	0	3	0	0		conditioned-exclude	conditioned_exclude_label	196	3	0.8545657618096906	161	16	0.0	0.0	0.05351949644689449	0.03502499028761322	0.12311612373417441	0.13611182286611184	0.9045218934087687	16.94768264669771	18.0123662439234	0.9408915195922765	0.7551020408163265	0.75	0.019890444037665166	0.02954609604358846	0
answerdotai_ModernBERT-base	head_embed_cache_answerdotai_ModernBERT-base.jsonl	orig	leap__pst	leap	pst	199	196	3	0	4	3	2	leaped,leapt	leaped	leapt	0.2713	fisher_exact	False	4	3	0	0	3	0	0		form	form_label	199	2	0.9999817845368457	100	99	0.0	0.0	0.19139842822588232	0.10552582151217482	0.1136810381761902	0.14061375065126722	0.8084631670065313	16.314288586360103	18.238096347794464	0.8945170743290317	0.9597989949748744	0.9597989949748744	0.2641812059993878	0.20002925838319832	0
answerdotai_ModernBERT-base	head_embed_cache_answerdotai_ModernBERT-base.jsonl	orig	leap__pst	leap	pst	199	196	3	0	4	3	2	leaped,leapt	leaped	leapt	0.2713	fisher_exact	False	4	3	0	0	3	0	0		raw	raw_label	199	4	0.9544983510258352	161	3	0.0	0.0	-0.034168416032767476	-0.015144899424162426	0.12311238719345301	0.13549584766750963	0.9086063470782947	16.94742328122721	17.95436524761656	0.9439165934020963	0.7236180904522613	0.7185929648241206	0.03831970027162222	0.030851073011646902	0
answerdotai_ModernBERT-base	head_embed_cache_answerdotai_ModernBERT-base.jsonl	orig	learn__ppt	learn	ppt	198	181	17	0	6	3	2	learned,learnt	learned	learnt	0.0303	fisher_exact	True	6	3	0	0	3	0	0		conditioned-cat-only	cat_only_label	0	0		0	0															0
answerdotai_ModernBERT-base	head_embed_cache_answerdotai_ModernBERT-base.jsonl	orig	learn__ppt	learn	ppt	198	181	17	0	6	3	2	learned,learnt	learned	learnt	0.0303	fisher_exact	True	6	3	0	0	3	0	0		conditioned-exclude	conditioned_exclude_label	181	3	1.4210386787869993	92	25	0.0	0.0	-0.002684667289453754	0.0019866633685856816	0.1159955539719269	0.11945706435078834	0.9710229746756823	16.111598511453092	16.401753415699588	0.9823095191780677	0.5966850828729282	0.5966850828729282	0.04474544588469644	0.06080086779149302	0
answerdotai_ModernBERT-base	head_embed_cache_answerdotai_ModernBERT-base.jsonl	orig	learn__ppt	learn	ppt	198	181	17	0	6	3	2	learned,learnt	learned	learnt	0.0303	fisher_exact	True	6	3	0	0	3	0	0		form	form_label	198	2	0.999926399368686	100	98	0.0	0.0	0.3215950006666262	0.1816902093928796	0.09516714892889293	0.14069966503452713	0.676385042605036	14.661009879026288	17.921737881783265	0.818057376786468	1.0	1.0	1.0	1.0	0
answerdotai_ModernBERT-base	head_embed_cache_answerdotai_ModernBERT-base.jsonl	orig	learn__ppt	learn	ppt	198	181	17	0	6	3	2	learned,learnt	learned	learnt	0.0303	fisher_exact	True	6	3	0	0	3	0	0		raw	raw_label	198	6	1.8291297808422493	92	1	0.16666666666666666	0.16666666666666666	-0.1415533649723907	-0.07570706411822004	0.11577134145418644	0.1191995777810109	0.9712395262580318	16.09677833237063	16.40219723544879	0.9813793909014774	0.43434343434343436	0.4494949494949495	0.08030226900334171	0.09653036532952002	0
answerdotai_ModernBERT-base	head_embed_cache_answerdotai_ModernBERT-base.jsonl	orig	learn__pst	learn	pst	198	196	2	0	5	4	2	learned,learnt	learned	learnt	0.0124	fisher_exact	True	5	3	1	0	3	1	0		conditioned-cat-only	cat_only_label	0	0		0	0															0
answerdotai_ModernBERT-base	head_embed_cache_answerdotai_ModernBERT-base.jsonl	orig	learn__pst	learn	pst	198	196	2	0	5	4	2	learned,learnt	learned	learnt	0.0124	fisher_exact	True	5	3	1	0	3	1	0		conditioned-exclude	conditioned_exclude_label	174	3	1.3841346159601868	89	20	0.0	0.0	-0.014966836498354428	-0.006681587326009451	0.11383727522683405	0.11649743551268946	0.9771655034795539	16.118058878854036	16.346217339939173	0.9860421248329012	0.5402298850574713	0.5402298850574713	-0.016905705444812142	0.010848962177764576	0
answerdotai_ModernBERT-base	head_embed_cache_answerdotai_ModernBERT-base.jsonl	orig	learn__pst	learn	pst	198	196	2	0	5	4	2	learned,learnt	learned	learnt	0.0124	fisher_exact	True	5	3	1	0	3	1	0		form	form_label	198	2	0.999926399368686	100	98	0.0	0.0	0.37284360003812467	0.21406211427047342	0.08833141823326038	0.14137705417099894	0.6247931727762654	14.280573148658283	18.17964828816587	0.7855252710226683	1.0	1.0	1.0	1.0	0
answerdotai_ModernBERT-base	head_embed_cache_answerdotai_ModernBERT-base.jsonl	orig	learn__pst	learn	pst	198	196	2	0	5	4	2	learned,learnt	learned	learnt	0.0124	fisher_exact	True	5	3	1	0	3	1	0		raw	raw_label	198	5	1.7993554043693738	89	2	0.0	0.2	-0.1143358636330993	-0.0607819972776639	0.11308200423719508	0.11592010537247208	0.975516748141682	16.0634981461953	16.32628378931413	0.9839041360232371	0.48484848484848486	0.4797979797979798	0.07525457343351238	0.07946973441448536	0
answerdotai_ModernBERT-base	head_embed_cache_answerdotai_ModernBERT-base.jsonl	orig	light__ppt	light	ppt	200	181	19	0	8	2	2	lighted,lit	lighted	lit	0.0007	fisher_exact	True	8	2	0	0	2	0	0		conditioned-cat-only	cat_only_label	0	0		0	0															0
answerdotai_ModernBERT-base	head_embed_cache_answerdotai_ModernBERT-base.jsonl	orig	light__ppt	light	ppt	200	181	19	0	8	2	2	lighted,lit	lighted	lit	0.0007	fisher_exact	True	8	2	0	0	2	0	0		conditioned-exclude	conditioned_exclude_label	181	2	0.9920366649222823	100	81	0.0	0.0	0.04160045201740479	0.0230286855262351	0.17761948209210274	0.18492189321174088	0.9605108351812262	20.693449413214907	21.15093739027968	0.9783703214366745	0.7734806629834254	0.7734806629834254	-0.00034186086262891	6.214669701619724e-05	0
answerdotai_ModernBERT-base	head_embed_cache_answerdotai_ModernBERT-base.jsonl	orig	light__ppt	light	ppt	200	181	19	0	8	2	2	lighted,lit	lighted	lit	0.0007	fisher_exact	True	8	2	0	0	2	0	0		form	form_label	200	2	1.0	100	100	0.0	0.0	0.37034547811975094	0.21478084272131795	0.14248298874323972	0.2256159060546004	0.6315290053563776	18.576497536311553	23.638947482897777	0.7858428362663444	1.0	1.0	1.0	1.0	0
answerdotai_ModernBERT-base	head_embed_cache_answerdotai_ModernBERT-base.jsonl	orig	light__ppt	light	ppt	200	181	19	0	8	2	2	lighted,lit	lighted	lit	0.0007	fisher_exact	True	8	2	0	0	2	0	0		raw	raw_label	200	8	1.564208781564072	100	1	0.25	0.375	-0.20060447692410108	-0.10360800381597081	0.17737596717192905	0.1891069224081337	0.9379665477772056	20.679376127773182	21.431171887582675	0.9649204549451126	0.54	0.55	0.033913657653016786	0.10259367974536882	0
answerdotai_ModernBERT-base	head_embed_cache_answerdotai_ModernBERT-base.jsonl	orig	light__pst	light	pst	200	174	26	0	11	3	2	lighted,lit	lighted	lit	0.0	fisher_exact	True	11	2	1	0	2	1	0		conditioned-cat-only	cat_only_label	0	0		0	0															0
answerdotai_ModernBERT-base	head_embed_cache_answerdotai_ModernBERT-base.jsonl	orig	light__pst	light	pst	200	174	26	0	11	3	2	lighted,lit	lighted	lit	0.0	fisher_exact	True	11	2	1	0	2	1	0		conditioned-exclude	conditioned_exclude_label	126	2	0.8049277932345738	95	31	0.0	0.0	0.08193647825124471	0.044277078654708875	0.15951213391944133	0.17548144608864086	0.9089971474184629	19.82210331613388	20.812449148659127	0.9524156995915567	0.8650793650793651	0.8650793650793651	-0.0059750695374472034	-0.005389374280532218	0
answerdotai_ModernBERT-base	head_embed_cache_answerdotai_ModernBERT-base.jsonl	orig	light__pst	light	pst	200	174	26	0	11	3	2	lighted,lit	lighted	lit	0.0	fisher_exact	True	11	2	1	0	2	1	0		form	form_label	200	2	1.0	100	100	0.0	0.0	0.39524770727258085	0.2312247426535982	0.1343505379501902	0.2213370702439624	0.6069951942623357	18.210810869634013	23.66480137453565	0.7695315325667442	1.0	1.0	1.0	1.0	0
answerdotai_ModernBERT-base	head_embed_cache_answerdotai_ModernBERT-base.jsonl	orig	light__pst	light	pst	200	174	26	0	11	3	2	lighted,lit	lighted	lit	0.0	fisher_exact	True	11	2	1	0	2	1	0		raw	raw_label	200	11	2.154803285379464	95	1	0.2727272727272727	0.2727272727272727	-0.22909662892973767	-0.12003244966710204	0.15886443710778936	0.18655642969270522	0.851562379112154	19.8080339744541	21.45743708137615	0.9231314019159521	0.505	0.52	0.13464655968528605	0.2745449564115784	0
answerdotai_ModernBERT-base	head_embed_cache_answerdotai_ModernBERT-base.jsonl	orig	plead__ppt	plead	ppt	199	177	22	0	9	2	2	pleaded,pled	pleaded	pled	0.001	fisher_exact	True	9	1	0	1	1	0	1		conditioned-cat-only	cat_only_label	25	2	0.6343095546405662	21	4	0.0	0.0	0.465144379817967	0.30922194625956967	0.10185819190990335	0.19110442974788913	0.5329975450819106	15.443621010497301	22.770719896301596	0.6782227826273355	1.0	1.0	-0.02666666666666667	0.12648012835892805	0
answerdotai_ModernBERT-base	head_embed_cache_answerdotai_ModernBERT-base.jsonl	orig	plead__ppt	plead	ppt	199	177	22	0	9	2	2	pleaded,pled	pleaded	pled	0.001	fisher_exact	True	9	1	0	1	1	0	1		conditioned-exclude	conditioned_exclude_label	177	3	0.6770764657791616	152	4	0.0	0.0	0.13765803594944728	0.08738044492582686	0.13956890169316835	0.1923809759552125	0.7254818258415576	19.012034400712164	22.12928589865087	0.8591345643860676	0.8813559322033898	0.8813559322033898	-0.027894298416505734	0.14585301129929376	0
answerdotai_ModernBERT-base	head_embed_cache_answerdotai_ModernBERT-base.jsonl	orig	plead__ppt	plead	ppt	199	177	22	0	9	2	2	pleaded,pled	pleaded	pled	0.001	fisher_exact	True	9	1	0	1	1	0	1		form	form_label	199	2	0.9999817845368457	100	99	0.0	0.0	0.3592839820338254	0.2143115983008037	0.1304693849418531	0.20186841359880325	0.6463090615114764	18.205180356221533	23.119794454202374	0.7874282962283198	1.0	1.0	1.0	1.0	0
answerdotai_ModernBERT-base	head_embed_cache_answerdotai_ModernBERT-base.jsonl	orig	plead__ppt	plead	ppt	199	177	22	0	9	2	2	pleaded,pled	pleaded	pled	0.001	fisher_exact	True	9	1	0	1	1	0	1		raw	raw_label	199	9	1.316244945976663	152	1	0.1111111111111111	0.3333333333333333	0.09483970762066125	0.05483119809823555	0.14015508197878365	0.20552529560675906	0.6819359221209869	19.052610089313163	23.101187033621766	0.8247459345523565	0.7939698492462312	0.7889447236180904	0.11275601776335022	0.21570044600286725	0
answerdotai_ModernBERT-base	head_embed_cache_answerdotai_ModernBERT-base.jsonl	orig	plead__pst	plead	pst	199	192	7	0	7	2	2	pleaded,pled	pleaded	pled	0.0001	fisher_exact	True	7	1	0	1	1	0	1		conditioned-cat-only	cat_only_label	29	2	0.6631968402398287	24	5	0.0	0.0	0.428506156980639	0.2891801078282015	0.10817239211041292	0.1962655454560575	0.5511532442388466	16.080453653295038	23.471652053920618	0.6851010579210175	1.0	1.0	1.0	1.0	0
answerdotai_ModernBERT-base	head_embed_cache_answerdotai_ModernBERT-base.jsonl	orig	plead__pst	plead	pst	199	192	7	0	7	2	2	pleaded,pled	pleaded	pled	0.0001	fisher_exact	True	7	1	0	1	1	0	1		conditioned-exclude	conditioned_exclude_label	192	3	0.712611304724228	163	5	0.0	0.0	0.1868826862622582	0.11229224845497986	0.14117235394487984	0.19911818733673478	0.7089877415674692	19.3422257700743	22.724730773904255	0.8511531319123822	0.8854166666666666	0.875	-0.03202853255294599	0.15190608245080406	0
answerdotai_ModernBERT-base	head_embed_cache_answerdotai_ModernBERT-base.jsonl	orig	plead__pst	plead	pst	199	192	7	0	7	2	2	pleaded,pled	pleaded	pled	0.0001	fisher_exact	True	7	1	0	1	1	0	1		form	form_label	199	2	0.9999817845368457	100	99	0.0	0.0	0.3518310536142398	0.21020384019148816	0.1251566006250237	0.19285107574356258	0.6489805677384274	18.02073411189286	22.81093524667917	0.7900041763748521	1.0	1.0	1.0	1.0	0
answerdotai_ModernBERT-base	head_embed_cache_answerdotai_ModernBERT-base.jsonl	orig	plead__pst	plead	pst	199	192	7	0	7	2	2	pleaded,pled	pleaded	pled	0.0001	fisher_exact	True	7	1	0	1	1	0	1		raw	raw_label	199	7	0.8892671431649289	163	1	0.42857142857142855	0.7142857142857143	0.013217652627783037	0.024195871032794216	0.1416624896734351	0.19831155100853898	0.7143431078673542	19.379009481285035	22.772048591628096	0.8509998300464511	0.8442211055276382	0.8391959798994975	0.020250914216331916	0.10912119289993763	0
answerdotai_ModernBERT-base	head_embed_cache_answerdotai_ModernBERT-base.jsonl	orig	prove__ppt	prove	ppt	199	193	6	0	5	3	2	proved,proven	proved	proven	0.0092	fisher_exact	True	5	1	2	0	1	2	0		conditioned-cat-only	cat_only_label	0	0		0	0															0
answerdotai_ModernBERT-base	head_embed_cache_answerdotai_ModernBERT-base.jsonl	orig	prove__ppt	prove	ppt	199	193	6	0	5	3	2	proved,proven	proved	proven	0.0092	fisher_exact	True	5	1	2	0	1	2	0		conditioned-exclude	conditioned_exclude_label	38	1	-0.0	38	38	0.0	0.0													0
answerdotai_ModernBERT-base	head_embed_cache_answerdotai_ModernBERT-base.jsonl	orig	prove__ppt	prove	ppt	199	193	6	0	5	3	2	proved,proven	proved	proven	0.0092	fisher_exact	True	5	1	2	0	1	2	0		form	form_label	199	2	0.9999817845368457	100	99	0.0	0.0	0.37159769788968305	0.2149869191112277	0.14425704201457976	0.22900234953254295	0.6299369517782164	19.341394209147662	24.609247203934196	0.7859401000310006	1.0	1.0	1.0	1.0	0
answerdotai_ModernBERT-base	head_embed_cache_answerdotai_ModernBERT-base.jsonl	orig	prove__ppt	prove	ppt	199	193	6	0	5	3	2	proved,proven	proved	proven	0.0092	fisher_exact	True	5	1	2	0	1	2	0		raw	raw_label	199	5	1.6396834687515796	100	1	0.2	0.2	-0.04528830750010928	-0.018366206073798172	0.17501985692457384	0.19357481015376546	0.9041458275771906	21.131562127513206	22.476551093391258	0.9401603493218532	0.6231155778894473	0.6231155778894473	0.09832811411632798	0.13858008710290756	0
answerdotai_ModernBERT-base	head_embed_cache_answerdotai_ModernBERT-base.jsonl	orig	ring__ppt	ring	ppt	200	151	49	0	18	3	2	ringed,rung	ringed	rung	0.0	fisher_exact	True	18	0	0	3	0	0	3		conditioned-cat-only	cat_only_label	151	3	1.3195617324326887	91	18	0.0	0.0	0.38624239403571353	0.2334084701476579	0.10182849482019757	0.21896396585280792	0.4650468145459549	15.440882749234285	22.70692149787125	0.6800077566957657	0.9668874172185431	0.9668874172185431	0.4980857317568078	0.6694999380629214	0
answerdotai_ModernBERT-base	head_embed_cache_answerdotai_ModernBERT-base.jsonl	orig	ring__ppt	ring	ppt	200	151	49	0	18	3	2	ringed,rung	ringed	rung	0.0	fisher_exact	True	18	0	0	3	0	0	3		conditioned-exclude	conditioned_exclude_label	151	3	1.3195617324326887	91	18	0.0	0.0	0.38624239403571353	0.2334084701476579	0.10182849482019757	0.21896396585280792	0.4650468145459549	15.440882749234285	22.70692149787125	0.6800077566957657	0.9668874172185431	0.9668874172185431	0.4980857317568078	0.6694999380629214	0
answerdotai_ModernBERT-base	head_embed_cache_answerdotai_ModernBERT-base.jsonl	orig	ring__ppt	ring	ppt	200	151	49	0	18	3	2	ringed,rung	ringed	rung	0.0	fisher_exact	True	18	0	0	3	0	0	3		form	form_label	200	2	1.0	100	100	0.0	0.0	0.49596143312720964	0.2957282194320021	0.11632965476038559	0.23089693869109332	0.5038163581545697	16.49893018202419	23.42822892318059	0.7042329249950112	1.0	1.0	1.0	1.0	0
answerdotai_ModernBERT-base	head_embed_cache_answerdotai_ModernBERT-base.jsonl	orig	ring__ppt	ring	ppt	200	151	49	0	18	3	2	ringed,rung	ringed	rung	0.0	fisher_exact	True	18	0	0	3	0	0	3		raw	raw_label	200	18	2.6489532526715847	91	1	0.2222222222222222	0.5555555555555556	-0.031959045053424034	-0.011338926174661186	0.10212321513717418	0.19943763043959856	0.5120558989398096	15.459706902677125	21.58952913122124	0.7160742973463186	0.81	0.805	0.19572669509772297	0.40797441220630426	0
answerdotai_ModernBERT-base	head_embed_cache_answerdotai_ModernBERT-base.jsonl	orig	see__ppt	see	ppt	199	195	4	0	8	5	2	saw,seen	saw	seen	0.0008	fisher_exact	True	8	3	1	1	3	1	1		conditioned-cat-only	cat_only_label	19	2	0.4854607607459134	17	2	0.0	0.5	0.3509571302650642	0.2130178737433889	0.13140052346214806	0.21007635997003274	0.6254893386428262	18.733688732292137	24.250790680891082	0.7724980590861203	0.9473684210526315	0.9473684210526315	-0.06387391124014932	0.03373389659979166	0
answerdotai_ModernBERT-base	head_embed_cache_answerdotai_ModernBERT-base.jsonl	orig	see__ppt	see	ppt	199	195	4	0	8	5	2	saw,seen	saw	seen	0.0008	fisher_exact	True	8	3	1	1	3	1	1		conditioned-exclude	conditioned_exclude_label	108	5	1.9809080920530442	37	2	0.0	0.2	-0.005123491704549902	0.001117441924635944	0.15941613737138768	0.17505287773350192	0.9106741884819546	20.740040465390752	21.735953829383963	0.9541812900500886	0.4444444444444444	0.4444444444444444	0.13553042040682386	0.23538789374359403	0
answerdotai_ModernBERT-base	head_embed_cache_answerdotai_ModernBERT-base.jsonl	orig	see__ppt	see	ppt	199	195	4	0	8	5	2	saw,seen	saw	seen	0.0008	fisher_exact	True	8	3	1	1	3	1	1		form	form_label	199	2	0.9999817845368457	100	99	0.0	0.0	0.23885486466376174	0.1317373320519254	0.1481103327931978	0.19455013407843125	0.7612964827538405	19.940504814135988	22.964376287581242	0.8683233789771807	1.0	1.0	1.0	1.0	0
answerdotai_ModernBERT-base	head_embed_cache_answerdotai_ModernBERT-base.jsonl	orig	see__ppt	see	ppt	199	195	4	0	8	5	2	saw,seen	saw	seen	0.0008	fisher_exact	True	8	3	1	1	3	1	1		raw	raw_label	199	8	2.1725562040364252	87	1	0.25	0.375	-0.23524563370578983	-0.12406886448578697	0.16439130783598652	0.17407722125009223	0.9443585246561914	20.97402353122271	21.64122270492367	0.9691699871676306	0.4120603015075377	0.4271356783919598	0.04750893458955829	0.1257078268048489	0
answerdotai_ModernBERT-base	head_embed_cache_answerdotai_ModernBERT-base.jsonl	orig	see__pst	see	pst	198	181	17	0	7	4	2	saw,seen	saw	seen	0.0	fisher_exact	True	7	2	2	0	2	2	0		conditioned-cat-only	cat_only_label	0	0		0	0															0
answerdotai_ModernBERT-base	head_embed_cache_answerdotai_ModernBERT-base.jsonl	orig	see__pst	see	pst	198	181	17	0	7	4	2	saw,seen	saw	seen	0.0	fisher_exact	True	7	2	2	0	2	2	0		conditioned-exclude	conditioned_exclude_label	48	2	0.8960382325345574	33	15	0.0	0.0	0.056849945178663354	0.02920803681987341	0.14987217512006182	0.16211584720641894	0.9244757850799897	20.279329587522895	21.037171910273962	0.9639760360383347	0.625	0.6041666666666666	0.024742035098290278	0.03709482836203504	0
answerdotai_ModernBERT-base	head_embed_cache_answerdotai_ModernBERT-base.jsonl	orig	see__pst	see	pst	198	181	17	0	7	4	2	saw,seen	saw	seen	0.0	fisher_exact	True	7	2	2	0	2	2	0		form	form_label	198	2	1.0	99	99	0.0	0.0	0.31640440355781496	0.18029306540525109	0.13323335442106268	0.19488958636680784	0.6836350618052007	19.064113390538424	23.250368590575913	0.8199488673166968	1.0	1.0	1.0	1.0	0
answerdotai_ModernBERT-base	head_embed_cache_answerdotai_ModernBERT-base.jsonl	orig	see__pst	see	pst	198	181	17	0	7	4	2	saw,seen	saw	seen	0.0	fisher_exact	True	7	2	2	0	2	2	0		raw	raw_label	198	7	2.0003727600551207	102	1	0.14285714285714285	0.2857142857142857	-0.1913525432570715	-0.10240933056434422	0.1574340683177858	0.1674862037206469	0.9399823079181661	20.65253585900044	21.416134386059603	0.964344707906007	0.4090909090909091	0.398989898989899	0.029406458363430768	0.09035851511369432	0
answerdotai_ModernBERT-base	head_embed_cache_answerdotai_ModernBERT-base.jsonl	orig	sew__ppt	sew	ppt	199	191	8	0	6	4	2	sewed,sewn	sewed	sewn	0.0	fisher_exact	True	6	2	1	1	2	1	1		conditioned-cat-only	cat_only_label	17	2	0.3227569588973982	16	1	0.5	0.5	0.20379014485371494	0.1178197215046952	0.12060188805317001	0.15907417300276316	0.7581487665573161	16.71772287350966	19.265300773299266	0.8677633985699087	1.0	1.0	-0.05309734513274336	-0.033916111083412484	0
answerdotai_ModernBERT-base	head_embed_cache_answerdotai_ModernBERT-base.jsonl	orig	sew__ppt	sew	ppt	199	191	8	0	6	4	2	sewed,sewn	sewed	sewn	0.0	fisher_exact	True	6	2	1	1	2	1	1		conditioned-exclude	conditioned_exclude_label	138	4	1.3194303380904073	88	1	0.25	0.25	0.04244722052458713	0.024613017668819563	0.1326038021452339	0.1499114585943456	0.8845474748134796	17.63383308442833	18.780458396863455	0.9389458293187015	0.7681159420289855	0.7681159420289855	0.02490432057213008	0.11502585618389861	0
answerdotai_ModernBERT-base	head_embed_cache_answerdotai_ModernBERT-base.jsonl	orig	sew__ppt	sew	ppt	199	191	8	0	6	4	2	sewed,sewn	sewed	sewn	0.0	fisher_exact	True	6	2	1	1	2	1	1		form	form_label	199	2	0.9999817845368457	100	99	0.0	0.0	0.24049350873834965	0.132938077483756	0.12388587704379975	0.16344840764642354	0.75795095729408	16.996480085573538	19.612548500724788	0.8666125202925784	1.0	1.0	1.0	1.0	0
answerdotai_ModernBERT-base	head_embed_cache_answerdotai_ModernBERT-base.jsonl	orig	sew__ppt	sew	ppt	199	191	8	0	6	4	2	sewed,sewn	sewed	sewn	0.0	fisher_exact	True	6	2	1	1	2	1	1		raw	raw_label	199	6	1.9885761744531139	88	4	0.0	0.0	0.0009910850645901879	0.00445276690598159	0.1309875595087666	0.14920586812181122	0.8778981762421618	17.46582975306613	18.670867708831803	0.9354589205730562	0.6733668341708543	0.6733668341708543	0.10775158811036176	0.16198774966145463	0
answerdotai_ModernBERT-base	head_embed_cache_answerdotai_ModernBERT-base.jsonl	orig	shake__ppt	shake	ppt	199	151	48	0	14	3	2	shaken,shook	shaken	shook	0.0	fisher_exact	True	14	2	0	1	2	0	1		conditioned-cat-only	cat_only_label	27	2	0.228538143953528	26	1	0.5	0.5	0.09363973278924954	0.06720920830927132	0.12567800368363072	0.1415297209545265	0.8879972548240312	17.020291669977553	18.373432823734017	0.9263533838919565	1.0	1.0	-0.030355594102341718	-0.0197501118516471	0
answerdotai_ModernBERT-base	head_embed_cache_answerdotai_ModernBERT-base.jsonl	orig	shake__ppt	shake	ppt	199	151	48	0	14	3	2	shaken,shook	shaken	shook	0.0	fisher_exact	True	14	2	0	1	2	0	1		conditioned-exclude	conditioned_exclude_label	151	4	1.3004169799446244	100	1	0.25	0.25	0.022855169899805863	0.023453909087260357	0.12803802906076212	0.15887117676572296	0.8059235895858662	17.26017289878384	19.235943990432798	0.8972875418730877	0.7284768211920529	0.7350993377483444	0.025159863509500516	0.1696989029213822	0
answerdotai_ModernBERT-base	head_embed_cache_answerdotai_ModernBERT-base.jsonl	orig	shake__ppt	shake	ppt	199	151	48	0	14	3	2	shaken,shook	shaken	shook	0.0	fisher_exact	True	14	2	0	1	2	0	1		form	form_label	199	2	0.9999817845368457	100	99	0.0	0.0	0.2438575490886765	0.13549006535272368	0.12518663698884686	0.16636715448418452	0.7524720692433768	17.106350067244495	19.810045350954535	0.8635189755595505	0.9899497487437185	0.9899497487437185	0.9403064566485666	0.9016965111138479	0
answerdotai_ModernBERT-base	head_embed_cache_answerdotai_ModernBERT-base.jsonl	orig	shake__ppt	shake	ppt	199	151	48	0	14	3	2	shaken,shook	shaken	shook	0.0	fisher_exact	True	14	2	0	1	2	0	1		raw	raw_label	199	14	2.49894562246034	100	1	0.07142857142857142	0.2857142857142857	-0.05781687035377876	-0.024549873590123443	0.12785447134933012	0.15325342131843053	0.8342683005012568	17.251193158218737	18.961465620916904	0.9098027284973415	0.5979899497487438	0.5979899497487438	0.1333376068724009	0.2614135091514807	0
answerdotai_ModernBERT-base	head_embed_cache_answerdotai_ModernBERT-base.jsonl	orig	shine__ppt	shine	ppt	200	152	48	0	14	5	2	shined,shone	shined	shone	0.0	fisher_exact	True	14	2	1	2	2	1	2		conditioned-cat-only	cat_only_label	66	3	1.1917799109131832	38	3	0.0	0.0	0.25620448117673306	0.1418212036524659	0.12607111033861693	0.20396304033548493	0.6181076244561325	17.214392456756524	22.09539084875214	0.7790942724024602	0.9848484848484849	0.9848484848484849	0.7911170690152819	0.7366472143867728	0
answerdotai_ModernBERT-base	head_embed_cache_answerdotai_ModernBERT-base.jsonl	orig	shine__ppt	shine	ppt	200	152	48	0	14	5	2	shined,shone	shined	shone	0.0	fisher_exact	True	14	2	1	2	2	1	2		conditioned-exclude	conditioned_exclude_label	125	5	2.082330182273108	38	3	0.0	0.0	0.15588532513772907	0.08679613437923096	0.12277508163352747	0.17710319141380435	0.6932403682475806	17.065946787524936	20.593339412392968	0.8287119658337071	0.888	0.888	0.5472127911333128	0.609504759227437	0
answerdotai_ModernBERT-base	head_embed_cache_answerdotai_ModernBERT-base.jsonl	orig	shine__ppt	shine	ppt	200	152	48	0	14	5	2	shined,shone	shined	shone	0.0	fisher_exact	True	14	2	1	2	2	1	2		form	form_label	200	2	1.0	100	100	0.0	0.0	0.21926745803815229	0.12277840792414066	0.1408031628594104	0.1804095489653601	0.780464025695478	18.300599878461604	20.861821736264748	0.8772292328933626	0.995	1.0	0.11822894916633886	0.0919715051909278	0
answerdotai_ModernBERT-base	head_embed_cache_answerdotai_ModernBERT-base.jsonl	orig	shine__ppt	shine	ppt	200	152	48	0	14	5	2	shined,shone	shined	shone	0.0	fisher_exact	True	14	2	1	2	2	1	2		raw	raw_label	200	14	3.2207250530792884	38	1	0.07142857142857142	0.14285714285714285	-0.07112059089760378	-0.03510638472269646	0.1252104630910922	0.16576848941453207	0.755333317769352	17.250110064807107	19.921042877723735	0.8659240467825436	0.525	0.535	0.27497769735865685	0.4166656487292516	0
answerdotai_ModernBERT-base	head_embed_cache_answerdotai_ModernBERT-base.jsonl	orig	shine__pst	shine	pst	200	150	50	0	12	5	2	shined,shone	shined	shone	0.0	fisher_exact	True	12	2	2	1	2	2	1		conditioned-cat-only	cat_only_label	21	2	0.5916727785823275	18	3	0.0	0.0	0.2687231260930553	0.1452405098124666	0.10182308106813921	0.14132754526404043	0.7204758341900332	15.742327428570588	18.548701283548684	0.8487024071347172	0.9523809523809523	0.9523809523809523	0.18128654970760233	0.0478242942633134	0
answerdotai_ModernBERT-base	head_embed_cache_answerdotai_ModernBERT-base.jsonl	orig	shine__pst	shine	pst	200	150	50	0	12	5	2	shined,shone	shined	shone	0.0	fisher_exact	True	12	2	2	1	2	2	1		conditioned-exclude	conditioned_exclude_label	58	4	1.7881154191537951	21	3	0.0	0.0	0.026670312508983107	0.015926269808834412	0.11567362763699972	0.14085546049895778	0.8212221750384723	16.70075068418265	18.446604141427418	0.9053563764983753	0.7413793103448276	0.7413793103448276	0.18876884529724172	0.3114460941251379	0
answerdotai_ModernBERT-base	head_embed_cache_answerdotai_ModernBERT-base.jsonl	orig	shine__pst	shine	pst	200	150	50	0	12	5	2	shined,shone	shined	shone	0.0	fisher_exact	True	12	2	2	1	2	2	1		form	form_label	200	2	1.0	100	100	0.0	0.0	0.24527233942706012	0.1375320573224501	0.12161724934504546	0.16115856465054595	0.7546434135148737	17.113665694603615	19.840775662620022	0.8625502342050932	1.0	1.0	1.0	1.0	0
answerdotai_ModernBERT-base	head_embed_cache_answerdotai_ModernBERT-base.jsonl	orig	shine__pst	shine	pst	200	150	50	0	12	5	2	shined,shone	shined	shone	0.0	fisher_exact	True	12	2	2	1	2	2	1		raw	raw_label	200	12	3.0701172563259624	52	2	0.0	0.08333333333333333	-0.06687549168991316	-0.03241548345277489	0.12601542635364674	0.14410103670279142	0.8744935445090081	17.372760137007354	18.671815604366945	0.9304269335727711	0.455	0.45	0.108472349520508	0.22148033862420524	0
answerdotai_ModernBERT-base	head_embed_cache_answerdotai_ModernBERT-base.jsonl	orig	show__ppt	show	ppt	200	149	51	0	12	2	2	showed,shown	showed	shown	0.0	fisher_exact	True	12	2	0	0	2	0	0		conditioned-cat-only	cat_only_label	0	0		0	0															0
answerdotai_ModernBERT-base	head_embed_cache_answerdotai_ModernBERT-base.jsonl	orig	show__ppt	show	ppt	200	149	51	0	12	2	2	showed,shown	showed	shown	0.0	fisher_exact	True	12	2	0	0	2	0	0		conditioned-exclude	conditioned_exclude_label	149	2	0.9137564309378818	100	49	0.0	0.0	0.07441759802126881	0.03776365263048055	0.16423025531172936	0.18049892861424519	0.9098683109788172	20.535671038756714	21.470854366969927	0.9564440561037073	0.8187919463087249	0.8053691275167785	-0.0041904261963800985	-0.0045577365728195025	0
answerdotai_ModernBERT-base	head_embed_cache_answerdotai_ModernBERT-base.jsonl	orig	show__ppt	show	ppt	200	149	51	0	12	2	2	showed,shown	showed	shown	0.0	fisher_exact	True	12	2	0	0	2	0	0		form	form_label	200	2	1.0	100	100	0.0	0.0	0.2962780432048097	0.16914791376707577	0.1459602244036312	0.2068197707430948	0.7057363223989768	19.259938614586442	23.161474185728505	0.831550637068426	1.0	1.0	1.0	1.0	0
answerdotai_ModernBERT-base	head_embed_cache_answerdotai_ModernBERT-base.jsonl	orig	show__ppt	show	ppt	200	149	51	0	12	2	2	showed,shown	showed	shown	0.0	fisher_exact	True	12	2	0	0	2	0	0		raw	raw_label	200	12	2.248905291198184	100	1	0.16666666666666666	0.25	-0.19680486119970383	-0.102114925951002	0.16298268289037735	0.18282886510030508	0.8914494043430201	20.43745261120708	21.58350153219479	0.9469016220895288	0.505	0.5	0.10542899291233196	0.2879645730105027	0
answerdotai_ModernBERT-base	head_embed_cache_answerdotai_ModernBERT-base.jsonl	orig	sink__pst	sink	pst	196	129	67	0	20	6	2	sank,sunk	sank	sunk	0.0041	fisher_exact	True	20	2	2	2	2	2	2		conditioned-cat-only	cat_only_label	31	4	1.5295649314577098	14	1	0.25	0.25	0.1257298638254608	0.0726379561793212	0.0870633603138783	0.13513291507031194	0.6442794508545735	14.521661457984989	18.13621778719087	0.8006995520444872	0.9354838709677419	0.9354838709677419	0.4503090132315733	0.5730371853417978	0
answerdotai_ModernBERT-base	head_embed_cache_answerdotai_ModernBERT-base.jsonl	orig	sink__pst	sink	pst	196	129	67	0	20	6	2	sank,sunk	sank	sunk	0.0041	fisher_exact	True	20	2	2	2	2	2	2		conditioned-exclude	conditioned_exclude_label	70	6	2.224815054088116	20	1	0.16666666666666666	0.16666666666666666	-0.020876198549580286	-0.008905263024904003	0.10061260336394708	0.12672008103300017	0.7939752132714132	15.571789062333837	17.591379162890863	0.8851943283209217	0.8	0.8142857142857143	0.4718791264007853	0.5519430925012974	0
answerdotai_ModernBERT-base	head_embed_cache_answerdotai_ModernBERT-base.jsonl	orig	sink__pst	sink	pst	196	129	67	0	20	6	2	sank,sunk	sank	sunk	0.0041	fisher_exact	True	20	2	2	2	2	2	2		form	form_label	196	2	0.9996995428565171	100	96	0.0	0.0	0.19937115309199716	0.10903285185784894	0.11683754006656079	0.14624122751558657	0.798937085331208	16.826563863807735	18.887483797585592	0.8908843572884332	0.9897959183673469	0.9897959183673469	0.919621451104101	0.875883922698335	0
answerdotai_ModernBERT-base	head_embed_cache_answerdotai_ModernBERT-base.jsonl	orig	sink__pst	sink	pst	196	129	67	0	20	6	2	sank,sunk	sank	sunk	0.0041	fisher_exact	True	20	2	2	2	2	2	2		raw	raw_label	196	20	3.7778429228251267	37	1	0.05	0.15	-0.08004095578768328	-0.03765111378560152	0.11641248788950573	0.13308096146396156	0.8747493751841455	16.738053029776765	17.970763017298246	0.931404694039151	0.5357142857142857	0.5255102040816326	0.09561231691893873	0.21526990290624323	0
answerdotai_ModernBERT-base	head_embed_cache_answerdotai_ModernBERT-base.jsonl	orig	slink__pst	slink	pst	144	133	11	0	2	1	2	slinked,slunk	slinked	slunk	0.2082	fisher_exact	False	2	1	0	0	1	0	0		conditioned-cat-only	cat_only_label	0	0		0	0															0
answerdotai_ModernBERT-base	head_embed_cache_answerdotai_ModernBERT-base.jsonl	orig	slink__pst	slink	pst	144	133	11	0	2	1	2	slinked,slunk	slinked	slunk	0.2082	fisher_exact	False	2	1	0	0	1	0	0		conditioned-exclude	conditioned_exclude_label	133	1	-0.0	133	133	0.0	0.0													0
answerdotai_ModernBERT-base	head_embed_cache_answerdotai_ModernBERT-base.jsonl	orig	slink__pst	slink	pst	144	133	11	0	2	1	2	slinked,slunk	slinked	slunk	0.2082	fisher_exact	False	2	1	0	0	1	0	0		form	form_label	144	2	1.0	72	72	0.0	0.0	0.34372358119591073	0.19494032596675137	0.07905565094834961	0.1201231052191196	0.6581219391901516	13.48450802518824	16.738385083146646	0.8056038834215475	1.0	1.0	1.0	1.0	0
answerdotai_ModernBERT-base	head_embed_cache_answerdotai_ModernBERT-base.jsonl	orig	slink__pst	slink	pst	144	133	11	0	2	1	2	slinked,slunk	slinked	slunk	0.2082	fisher_exact	False	2	1	0	0	1	0	0		raw	raw_label	144	2	0.3893256144515589	133	11	0.0	0.0	-0.013092507717800116	-0.005004152028516118	0.09990965901248576	0.09866619757115005	1.0126027096609151	15.13495700613126	15.049568052383504	1.0056738474785816	0.625	0.625	0.002854636554215793	0.010851045107973334	0
answerdotai_ModernBERT-base	head_embed_cache_answerdotai_ModernBERT-base.jsonl	orig	smelt__pst	smelt	pst	199	0	199	0	6	0	2	smelled,smelt					False	0	0	0	0	0	0	0	missing_conditioning_forms;missing_conditioning_rows;missing_pair_test;missing_cond_counts	conditioned-cat-only	cat_only_label	0	0		0	0															0
answerdotai_ModernBERT-base	head_embed_cache_answerdotai_ModernBERT-base.jsonl	orig	smelt__pst	smelt	pst	199	0	199	0	6	0	2	smelled,smelt					False	0	0	0	0	0	0	0	missing_conditioning_forms;missing_conditioning_rows;missing_pair_test;missing_cond_counts	conditioned-exclude	conditioned_exclude_label	0	0		0	0															0
answerdotai_ModernBERT-base	head_embed_cache_answerdotai_ModernBERT-base.jsonl	orig	smelt__pst	smelt	pst	199	0	199	0	6	0	2	smelled,smelt					False	0	0	0	0	0	0	0	missing_conditioning_forms;missing_conditioning_rows;missing_pair_test;missing_cond_counts	form	form_label	199	2	0.9999817845368457	100	99	0.0	0.0	0.1984501685617365	0.10981832060675197	0.12120397113265842	0.15095428831344784	0.8029183701027783	16.840241155928258	18.910553690225893	0.890520787058303	1.0	1.0	0.07219863189711083	0.06122726004815862	0
answerdotai_ModernBERT-base	head_embed_cache_answerdotai_ModernBERT-base.jsonl	orig	smelt__pst	smelt	pst	199	0	199	0	6	0	2	smelled,smelt					False	0	0	0	0	0	0	0	missing_conditioning_forms;missing_conditioning_rows;missing_pair_test;missing_cond_counts	raw	raw_label	199	6	1.7693046996354274	99	3	0.0	0.0	-0.02922047684976676	-0.012234517579335559	0.12648061669658242	0.1417288920874408	0.8924123714912635	17.228198299691392	18.2565988758051	0.9436696515539587	0.6934673366834171	0.6934673366834171	0.086092180438172	0.13097525790738618	0
answerdotai_ModernBERT-base	head_embed_cache_answerdotai_ModernBERT-base.jsonl	orig	sneak__ppt	sneak	ppt	200	200	0	0	3	3	2	sneaked,snuck	sneaked	snuck	0.8644	chi_sq	False	3	3	0	0	3	0	0		conditioned-cat-only	cat_only_label	0	0		0	0															0
answerdotai_ModernBERT-base	head_embed_cache_answerdotai_ModernBERT-base.jsonl	orig	sneak__ppt	sneak	ppt	200	200	0	0	3	3	2	sneaked,snuck	sneaked	snuck	0.8644	chi_sq	False	3	3	0	0	3	0	0		conditioned-exclude	conditioned_exclude_label	200	3	1.2903714221731157	121	20	0.0	0.0	0.0012104516451912173	-0.002917423884785131	0.1358991154116473	0.14117418509673768	0.9626343181547269	17.498261053914973	17.8216315895584	0.9818551666261081	0.715	0.705	0.0025671500054357723	0.003728666533307446	0
answerdotai_ModernBERT-base	head_embed_cache_answerdotai_ModernBERT-base.jsonl	orig	sneak__ppt	sneak	ppt	200	200	0	0	3	3	2	sneaked,snuck	sneaked	snuck	0.8644	chi_sq	False	3	3	0	0	3	0	0		form	form_label	200	2	1.0	100	100	0.0	0.0	0.5177616609017028	0.31581065489296833	0.09018610554831616	0.1868198925111637	0.4827435897541101	14.34708152279937	20.965196407946898	0.6843285053776591	1.0	1.0	1.0	1.0	0
answerdotai_ModernBERT-base	head_embed_cache_answerdotai_ModernBERT-base.jsonl	orig	sneak__ppt	sneak	ppt	200	200	0	0	3	3	2	sneaked,snuck	sneaked	snuck	0.8644	chi_sq	False	3	3	0	0	3	0	0		raw	raw_label	200	3	1.2903714221731157	121	20	0.0	0.0	0.0012104516451912173	-0.002917423884785131	0.1358991154116473	0.14117418509673768	0.9626343181547269	17.498261053914973	17.8216315895584	0.9818551666261081	0.715	0.705	0.0025671500054357723	0.003728666533307446	0
answerdotai_ModernBERT-base	head_embed_cache_answerdotai_ModernBERT-base.jsonl	orig	sneak__pst	sneak	pst	200	188	12	0	3	2	2	sneaked,snuck	sneaked	snuck	0.2469	chi_sq	False	3	2	0	0	2	0	0		conditioned-cat-only	cat_only_label	0	0		0	0															0
answerdotai_ModernBERT-base	head_embed_cache_answerdotai_ModernBERT-base.jsonl	orig	sneak__pst	sneak	pst	200	188	12	0	3	2	2	sneaked,snuck	sneaked	snuck	0.2469	chi_sq	False	3	2	0	0	2	0	0		conditioned-exclude	conditioned_exclude_label	188	2	0.8196004346196011	140	48	0.0	0.0	0.03481484246252347	0.025120246508658912	0.13145237791858033	0.13616148328146094	0.965415290364116	17.22785408311091	17.680061529719264	0.9744227447484717	0.6117021276595744	0.6117021276595744	0.007279966359020231	0.007632258165347604	0
answerdotai_ModernBERT-base	head_embed_cache_answerdotai_ModernBERT-base.jsonl	orig	sneak__pst	sneak	pst	200	188	12	0	3	2	2	sneaked,snuck	sneaked	snuck	0.2469	chi_sq	False	3	2	0	0	2	0	0		form	form_label	200	2	1.0	100	100	0.0	0.0	0.48645333952680486	0.2930858370697808	0.09110412360071383	0.17706984356528818	0.5145095390967714	14.459535493667463	20.4451190330621	0.7072365521709479	1.0	1.0	1.0	1.0	0
answerdotai_ModernBERT-base	head_embed_cache_answerdotai_ModernBERT-base.jsonl	orig	sneak__pst	sneak	pst	200	188	12	0	3	2	2	sneaked,snuck	sneaked	snuck	0.2469	chi_sq	False	3	2	0	0	2	0	0		raw	raw_label	200	3	1.0978693276969014	140	12	0.0	0.0	0.02437273763245727	0.016061453089512158	0.13141148646769016	0.13782198987599167	0.9534870784112934	17.224439265514512	17.763014391872584	0.9696799701629192	0.61	0.61	0.006649080722439668	-0.002732597962516226	0
answerdotai_ModernBERT-base	head_embed_cache_answerdotai_ModernBERT-base.jsonl	orig	speak__ppt	speak	ppt	199	183	16	0	9	5	2	spoke,spoken	spoke	spoken	0.0092	fisher_exact	True	9	2	3	0	2	3	0		conditioned-cat-only	cat_only_label	0	0		0	0															0
answerdotai_ModernBERT-base	head_embed_cache_answerdotai_ModernBERT-base.jsonl	orig	speak__ppt	speak	ppt	199	183	16	0	9	5	2	spoke,spoken	spoke	spoken	0.0092	fisher_exact	True	9	2	3	0	2	3	0		conditioned-exclude	conditioned_exclude_label	102	2	0.9182958340544896	68	34	0.0	0.0	0.06156255059785511	0.035762279593670364	0.1900335824490655	0.20406767815288257	0.9312282286403873	21.32256999081099	22.197131246095463	0.9606002575022702	0.9019607843137255	0.8921568627450981	-0.010322401996792517	-0.0062622711573841515	0
answerdotai_ModernBERT-base	head_embed_cache_answerdotai_ModernBERT-base.jsonl	orig	speak__ppt	speak	ppt	199	183	16	0	9	5	2	spoke,spoken	spoke	spoken	0.0092	fisher_exact	True	9	2	3	0	2	3	0		form	form_label	199	2	0.9999817845368457	100	99	0.0	0.0	0.4824594018828148	0.28915887037126686	0.1400921655045718	0.2714755821082548	0.5160396541620013	18.545909263091673	26.114922103352818	0.7101652147264348	1.0	1.0	1.0	1.0	0
answerdotai_ModernBERT-base	head_embed_cache_answerdotai_ModernBERT-base.jsonl	orig	speak__ppt	speak	ppt	199	183	16	0	9	5	2	spoke,spoken	spoke	spoken	0.0092	fisher_exact	True	9	2	3	0	2	3	0		raw	raw_label	199	9	2.5511990759137424	68	2	0.0	0.2222222222222222	-0.1139667400294305	-0.05524971616627891	0.18932635263854541	0.21036669258701843	0.899982550993572	21.293876262099158	22.61683123831513	0.9415057325106289	0.35175879396984927	0.35678391959798994	0.11791722084272152	0.23841761605892858	0
answerdotai_ModernBERT-base	head_embed_cache_answerdotai_ModernBERT-base.jsonl	orig	speak__pst	speak	pst	196	144	52	0	12	3	2	spake,spoke	spake	spoke	0.0	fisher_exact	True	12	1	0	2	1	0	2		conditioned-cat-only	cat_only_label	47	4	1.4843559791259084	22	2	0.0	0.25	0.05782115394372882	0.032131719234987706	0.10751563141054875	0.19189747272104807	0.5602764324407697	16.20226624364823	21.63081648168521	0.7490362768953577	0.8723404255319149	0.851063829787234	0.37946439713479924	0.4168097826705981	0
answerdotai_ModernBERT-base	head_embed_cache_answerdotai_ModernBERT-base.jsonl	orig	speak__pst	speak	pst	196	144	52	0	12	3	2	spake,spoke	spake	spoke	0.0	fisher_exact	True	12	1	0	2	1	0	2		conditioned-exclude	conditioned_exclude_label	144	5	1.3956715937889608	97	2	0.0	0.2	-0.1885979139247669	-0.09752523223031334	0.14976646153831502	0.16205368323461233	0.924178078208142	18.92363171099769	19.725275280495385	0.959359575057978	0.375	0.375	0.020713697378864127	0.1741554596565984	0
answerdotai_ModernBERT-base	head_embed_cache_answerdotai_ModernBERT-base.jsonl	orig	speak__pst	speak	pst	196	144	52	0	12	3	2	spake,spoke	spake	spoke	0.0	fisher_exact	True	12	1	0	2	1	0	2		form	form_label	196	2	0.9999248896252453	99	97	0.0	0.0	0.41225935949716985	0.2416960230721191	0.11126809657330537	0.19528633142247503	0.5697689938810525	16.44746000365345	21.856199619363625	0.7525306453131828	0.9438775510204082	0.9438775510204082	0.7870210456483859	0.6948517279214063	0
answerdotai_ModernBERT-base	head_embed_cache_answerdotai_ModernBERT-base.jsonl	orig	speak__pst	speak	pst	196	144	52	0	12	3	2	spake,spoke	spake	spoke	0.0	fisher_exact	True	12	1	0	2	1	0	2		raw	raw_label	196	12	2.484929949462546	97	1	0.08333333333333333	0.16666666666666666	-0.272071454527081	-0.14397775914254973	0.14907052670681462	0.15522378249436672	0.9603588078535877	18.875416986435848	19.279343268410564	0.9790487530435461	0.2602040816326531	0.2602040816326531	0.01343389111477728	0.11127993343376155	0
answerdotai_ModernBERT-base	head_embed_cache_answerdotai_ModernBERT-base.jsonl	orig	speed__ppt	speed	ppt	200	195	5	0	6	3	2	sped,speeded	sped	speeded	0.0001	fisher_exact	True	6	2	0	1	2	0	1		conditioned-cat-only	cat_only_label	22	2	0.4394969869215134	20	2	0.0	0.5	0.2685267001454617	0.14553920991113356	0.10494724416385204	0.14824017530229835	0.7079541288307213	16.197691770782185	19.236814809166084	0.8420152676764452	0.9090909090909091	0.9090909090909091	-0.013157894736842105	-0.06811664820464351	0
answerdotai_ModernBERT-base	head_embed_cache_answerdotai_ModernBERT-base.jsonl	orig	speed__ppt	speed	ppt	200	195	5	0	6	3	2	sped,speeded	sped	speeded	0.0001	fisher_exact	True	6	2	0	1	2	0	1		conditioned-exclude	conditioned_exclude_label	195	4	1.124605607249479	145	2	0.0	0.25	0.031144429383945692	0.020812328615618502	0.13258479695276887	0.1529609585864887	0.8667884810476096	17.77088988359191	19.20427182996138	0.9253612967437175	0.8717948717948718	0.8717948717948718	0.11498201702319766	0.20434288785325314	0
answerdotai_ModernBERT-base	head_embed_cache_answerdotai_ModernBERT-base.jsonl	orig	speed__ppt	speed	ppt	200	195	5	0	6	3	2	sped,speeded	sped	speeded	0.0001	fisher_exact	True	6	2	0	1	2	0	1		form	form_label	200	2	1.0	100	100	0.0	0.0	0.2545447948632154	0.1425472164917573	0.12309022605545827	0.16446821163224384	0.748413476585323	17.119805463258324	19.942865620387444	0.8584426024390834	1.0	1.0	1.0	1.0	0
answerdotai_ModernBERT-base	head_embed_cache_answerdotai_ModernBERT-base.jsonl	orig	speed__ppt	speed	ppt	200	195	5	0	6	3	2	sped,speeded	sped	speeded	0.0001	fisher_exact	True	6	2	0	1	2	0	1		raw	raw_label	200	6	1.251080494864913	145	1	0.3333333333333333	0.3333333333333333	0.031605036097617646	0.019294120074932905	0.13264935915967652	0.15791530705681855	0.8400031740555002	17.77679120644572	19.48978683052597	0.9121080369438797	0.84	0.84	0.10688195580809444	0.2078575448174272	0
answerdotai_ModernBERT-base	head_embed_cache_answerdotai_ModernBERT-base.jsonl	orig	speed__pst	speed	pst	199	191	8	0	6	3	2	sped,speeded	sped	speeded	0.0	fisher_exact	True	6	0	2	1	0	2	1		conditioned-cat-only	cat_only_label	73	2	0.24729443986205676	70	3	0.0	0.0	0.3608748735373735	0.19917653400954463	0.09996537712948358	0.1587346539084803	0.6297640412352516	15.621918168476112	19.63569679722014	0.7955876651491041	0.9863013698630136	0.9863013698630136	-0.0058093078501241764	-0.020991499797454762	0
answerdotai_ModernBERT-base	head_embed_cache_answerdotai_ModernBERT-base.jsonl	orig	speed__pst	speed	pst	199	191	8	0	6	3	2	sped,speeded	sped	speeded	0.0	fisher_exact	True	6	0	2	1	0	2	1		conditioned-exclude	conditioned_exclude_label	73	2	0.24729443986205676	70	3	0.0	0.0	0.3608748735373735	0.19917653400954463	0.09996537712948358	0.1587346539084803	0.6297640412352516	15.621918168476112	19.63569679722014	0.7955876651491041	0.9863013698630136	0.9863013698630136	-0.0058093078501241764	-0.020991499797454762	0
answerdotai_ModernBERT-base	head_embed_cache_answerdotai_ModernBERT-base.jsonl	orig	speed__pst	speed	pst	199	191	8	0	6	3	2	sped,speeded	sped	speeded	0.0	fisher_exact	True	6	0	2	1	0	2	1		form	form_label	199	2	0.9999817845368457	100	99	0.0	0.0	0.2867468870449312	0.1616270116408872	0.11560879042217853	0.16203263068409962	0.7134907946262413	16.642205503356102	19.847787016835106	0.8384917416354783	0.9949748743718593	0.9949748743718593	0.9403064566485666	0.901696511113848	0
answerdotai_ModernBERT-base	head_embed_cache_answerdotai_ModernBERT-base.jsonl	orig	speed__pst	speed	pst	199	191	8	0	6	3	2	sped,speeded	sped	speeded	0.0	fisher_exact	True	6	0	2	1	0	2	1		raw	raw_label	199	6	1.7818363464743725	75	1	0.16666666666666666	0.16666666666666666	-0.012162932209491953	-0.0031575745578973947	0.11676552736325178	0.14939716819075322	0.7815779159492721	16.728462880549053	18.97229228405748	0.8817312441789689	0.7185929648241206	0.7135678391959799	0.30438287548106985	0.3246401246975761	0
answerdotai_ModernBERT-base	head_embed_cache_answerdotai_ModernBERT-base.jsonl	orig	spell__ppt	spell	ppt	148	135	13	0	7	3	2	spelled,spelt	spelled	spelt	0.0	fisher_exact	True	7	0	2	1	0	2	1		conditioned-cat-only	cat_only_label	20	2	0.4689955935892812	18	2	0.0	0.5	0.29231019938184005	0.16546532806444295	0.109046389858837	0.14988582323010166	0.727529712342649	16.12857425429332	18.93975371076497	0.8515725442156181	1.0	1.0	-0.04579480405107882	0.042707918693740916	0
answerdotai_ModernBERT-base	head_embed_cache_answerdotai_ModernBERT-base.jsonl	orig	spell__ppt	spell	ppt	148	135	13	0	7	3	2	spelled,spelt	spelled	spelt	0.0	fisher_exact	True	7	0	2	1	0	2	1		conditioned-exclude	conditioned_exclude_label	20	2	0.4689955935892812	18	2	0.0	0.5	0.29231019938184005	0.16546532806444295	0.109046389858837	0.14988582323010166	0.727529712342649	16.12857425429332	18.93975371076497	0.8515725442156181	1.0	1.0	-0.04579480405107882	0.042707918693740916	0
answerdotai_ModernBERT-base	head_embed_cache_answerdotai_ModernBERT-base.jsonl	orig	spell__ppt	spell	ppt	148	135	13	0	7	3	2	spelled,spelt	spelled	spelt	0.0	fisher_exact	True	7	0	2	1	0	2	1		form	form_label	148	2	1.0	74	74	0.0	0.0	0.21163276350858196	0.11785179985445873	0.12834891230203177	0.16370167252807022	0.7840415453301098	17.415730445807238	19.769270271240828	0.8809495852329269	0.9594594594594594	0.9662162162162162	0.31770848963178583	0.26529565877325495	0
answerdotai_ModernBERT-base	head_embed_cache_answerdotai_ModernBERT-base.jsonl	orig	spell__ppt	spell	ppt	148	135	13	0	7	3	2	spelled,spelt	spelled	spelt	0.0	fisher_exact	True	7	0	2	1	0	2	1		raw	raw_label	148	7	1.9000235960255685	58	1	0.2857142857142857	0.2857142857142857	0.0004167520344297916	0.0003117974355519619	0.12592928374079534	0.15559106341262113	0.8093606469340469	17.263176084150672	19.2253382678807	0.8979387433193742	0.6959459459459459	0.6959459459459459	0.3580179324242857	0.3933192379363838	0
answerdotai_ModernBERT-base	head_embed_cache_answerdotai_ModernBERT-base.jsonl	orig	spill__ppt	spill	ppt	151	141	10	0	5	2	2	spilled,spilt	spilled	spilt	0.0	fisher_exact	True	5	1	0	1	1	0	1		conditioned-cat-only	cat_only_label	16	1	-0.0	16	16	0.0	0.0													0
answerdotai_ModernBERT-base	head_embed_cache_answerdotai_ModernBERT-base.jsonl	orig	spill__ppt	spill	ppt	151	141	10	0	5	2	2	spilled,spilt	spilled	spilt	0.0	fisher_exact	True	5	1	0	1	1	0	1		conditioned-exclude	conditioned_exclude_label	141	2	0.5103099652870143	125	16	0.0	0.0	0.08067762896942028	0.0582510656960263	0.1459903302847475	0.15118332062178952	0.9656510366640699	18.203032655836374	18.752835725206364	0.9706816037090871	1.0	1.0	0.05202284013337722	0.16004827443892752	0
answerdotai_ModernBERT-base	head_embed_cache_answerdotai_ModernBERT-base.jsonl	orig	spill__ppt	spill	ppt	151	141	10	0	5	2	2	spilled,spilt	spilled	spilt	0.0	fisher_exact	True	5	1	0	1	1	0	1		form	form_label	151	2	0.9999683631071745	76	75	0.0	0.0	0.25519347182951796	0.14270547182969484	0.1261498750693913	0.16975963622483387	0.7431087735267957	16.954803826088508	19.78370443979384	0.8570085485094918	1.0	1.0	1.0	1.0	0
answerdotai_ModernBERT-base	head_embed_cache_answerdotai_ModernBERT-base.jsonl	orig	spill__ppt	spill	ppt	151	141	10	0	5	2	2	spilled,spilt	spilled	spilt	0.0	fisher_exact	True	5	1	0	1	1	0	1		raw	raw_label	151	5	0.9265665700577865	125	2	0.0	0.2	0.009154724313316827	0.009859852955870002	0.14597489116489157	0.1529662690505301	0.9542946433286607	18.201720662397758	18.783935229941534	0.9690046542209255	0.8675496688741722	0.8675496688741722	-0.006350080089849747	0.11198061206052982	0
answerdotai_ModernBERT-base	head_embed_cache_answerdotai_ModernBERT-base.jsonl	orig	spill__pst	spill	pst	126	117	9	0	6	4	2	spilled,spilt	spilled	spilt	0.0	fisher_exact	True	6	1	1	2	1	1	2		conditioned-cat-only	cat_only_label	38	3	1.2448406699719212	18	2	0.0	0.3333333333333333	0.1572516884739516	0.0882353406619176	0.10826225481518724	0.13199851438649812	0.8201778278972902	15.989308430540293	17.70454984720257	0.9031186089753478	0.9473684210526315	0.9473684210526315	0.5694645230367997	0.5173140193490503	0
answerdotai_ModernBERT-base	head_embed_cache_answerdotai_ModernBERT-base.jsonl	orig	spill__pst	spill	pst	126	117	9	0	6	4	2	spilled,spilt	spilled	spilt	0.0	fisher_exact	True	6	1	1	2	1	1	2		conditioned-exclude	conditioned_exclude_label	55	4	1.7521930161941324	18	2	0.0	0.25	0.056378027558575426	0.03377990912498348	0.11422158099959764	0.13320488556746315	0.8574879255592228	16.354770863756926	17.71908657417476	0.9230030450663129	0.8	0.7818181818181819	0.3780330826821283	0.37238013911996365	0
answerdotai_ModernBERT-base	head_embed_cache_answerdotai_ModernBERT-base.jsonl	orig	spill__pst	spill	pst	126	117	9	0	6	4	2	spilled,spilt	spilled	spilt	0.0	fisher_exact	True	6	1	1	2	1	1	2		form	form_label	126	2	0.9992728962127291	65	61	0.0	0.0	0.2496083597328416	0.13792246916331438	0.1174697113979993	0.1562976661801273	0.7515768742357278	16.561843731893347	19.201503819419088	0.8625284710848444	0.9920634920634921	0.9920634920634921	0.9682527012415915	0.9407068148110306	0
answerdotai_ModernBERT-base	head_embed_cache_answerdotai_ModernBERT-base.jsonl	orig	spill__pst	spill	pst	126	117	9	0	6	4	2	spilled,spilt	spilled	spilt	0.0	fisher_exact	True	6	1	1	2	1	1	2		raw	raw_label	126	6	2.0237541181907823	62	1	0.16666666666666666	0.16666666666666666	-0.03419916746547199	-0.01685838248272527	0.12314552318093637	0.14309363764515184	0.8605939803299749	16.910496947597085	18.32013875394593	0.9230550693266324	0.6825396825396826	0.6746031746031746	0.1684695853807268	0.235015303077715	0
answerdotai_ModernBERT-base	head_embed_cache_answerdotai_ModernBERT-base.jsonl	orig	spit__ppt	spit	ppt	199	189	10	0	5	3	2	spat,spit	spat	spit	0.5544	fisher_exact	False	5	3	0	0	3	0	0		conditioned-cat-only	cat_only_label	0	0		0	0															0
answerdotai_ModernBERT-base	head_embed_cache_answerdotai_ModernBERT-base.jsonl	orig	spit__ppt	spit	ppt	199	189	10	0	5	3	2	spat,spit	spat	spit	0.5544	fisher_exact	False	5	3	0	0	3	0	0		conditioned-exclude	conditioned_exclude_label	189	3	1.2025754555942125	129	22	0.0	0.0	0.0752603792501004	0.040840346102495206	0.10934467250949019	0.12540361167389988	0.8719419724037181	16.115285660860184	17.263410053070647	0.9334937657924516	0.8677248677248677	0.8677248677248677	0.002020539445586189	-0.003037636483343868	0
answerdotai_ModernBERT-base	head_embed_cache_answerdotai_ModernBERT-base.jsonl	orig	spit__ppt	spit	ppt	199	189	10	0	5	3	2	spat,spit	spat	spit	0.5544	fisher_exact	False	5	3	0	0	3	0	0		form	form_label	199	2	0.9999817845368457	100	99	0.0	0.0	0.23742745863123976	0.13105859633253353	0.10241123574865765	0.13385267577439672	0.765104135245437	15.586932839077132	17.92205492025806	0.8697067891170538	1.0	1.0	1.0	1.0	0
answerdotai_ModernBERT-base	head_embed_cache_answerdotai_ModernBERT-base.jsonl	orig	spit__ppt	spit	ppt	199	189	10	0	5	3	2	spat,spit	spat	spit	0.5544	fisher_exact	False	5	3	0	0	3	0	0		raw	raw_label	199	5	1.4738938214127781	129	3	0.0	0.0	0.03046844623394847	0.019657217214513786	0.10934421446627166	0.12600137500208775	0.8678017558495683	16.115953327301035	17.326545104281305	0.9301308039372986	0.7889447236180904	0.7889447236180904	0.04329016083948022	0.05583079926328207	0
answerdotai_ModernBERT-base	head_embed_cache_answerdotai_ModernBERT-base.jsonl	orig	spit__pst	spit	pst	200	109	91	0	6	3	2	spat,spit	spat	spit	0.0	fisher_exact	True	6	2	2	1	2	1	0		conditioned-cat-only	cat_only_label	0	0		0	0															0
answerdotai_ModernBERT-base	head_embed_cache_answerdotai_ModernBERT-base.jsonl	orig	spit__pst	spit	pst	200	109	91	0	6	3	2	spat,spit	spat	spit	0.0	fisher_exact	True	6	2	2	1	2	1	0		conditioned-exclude	conditioned_exclude_label	84	2	0.9666186325481028	51	33	0.0	0.0	0.02809402152087227	0.015353030461744823	0.10758872341923134	0.1114781661232736	0.9651102737038096	16.02709122392501	16.333019683707565	0.98126932644992	0.6666666666666666	0.6785714285714286	-0.013937516766100158	-0.008065676488777703	0
answerdotai_ModernBERT-base	head_embed_cache_answerdotai_ModernBERT-base.jsonl	orig	spit__pst	spit	pst	200	109	91	0	6	3	2	spat,spit	spat	spit	0.0	fisher_exact	True	6	2	2	1	2	1	0		form	form_label	200	2	1.0	100	100	0.0	0.0	0.22994794750374553	0.1268058119812823	0.09975975185188886	0.1289992625475166	0.7733358306226176	15.472339702141118	17.700289807950256	0.8741291735907945	1.0	1.0	1.0	1.0	0
answerdotai_ModernBERT-base	head_embed_cache_answerdotai_ModernBERT-base.jsonl	orig	spit__pst	spit	pst	200	109	91	0	6	3	2	spat,spit	spat	spit	0.0	fisher_exact	True	6	2	2	1	2	1	0		raw	raw_label	200	6	2.3130864681626897	51	1	0.16666666666666666	0.16666666666666666	-0.0021548757394676808	2.2930689277957938e-05	0.10493909286764584	0.11690964299047799	0.8976085306854703	15.866933169436452	16.779116468558495	0.9456357966862358	0.555	0.56	0.12124115319151271	0.16752702051464757	0
answerdotai_ModernBERT-base	head_embed_cache_answerdotai_ModernBERT-base.jsonl	orig	spring__pst	spring	pst	200	132	68	0	16	3	2	sprang,sprung	sprang	sprung	0.0218	fisher_exact	True	16	3	0	0	3	0	0		conditioned-cat-only	cat_only_label	0	0		0	0															0
answerdotai_ModernBERT-base	head_embed_cache_answerdotai_ModernBERT-base.jsonl	orig	spring__pst	spring	pst	200	132	68	0	16	3	2	sprang,sprung	sprang	sprung	0.0218	fisher_exact	True	16	3	0	0	3	0	0		conditioned-exclude	conditioned_exclude_label	132	3	1.375432844317455	76	19	0.0	0.0	0.06919508299520617	0.03926376311653918	0.12501497100152023	0.139478186010788	0.8963048242672935	17.26210258616794	18.323775014926614	0.942060387234954	0.8560606060606061	0.8560606060606061	-0.010173200809230763	-0.0069254623502554066	0
answerdotai_ModernBERT-base	head_embed_cache_answerdotai_ModernBERT-base.jsonl	orig	spring__pst	spring	pst	200	132	68	0	16	3	2	sprang,sprung	sprang	sprung	0.0218	fisher_exact	True	16	3	0	0	3	0	0		form	form_label	200	2	1.0	100	100	0.0	0.0	0.2979228432441891	0.16617161451381282	0.11480329662224358	0.16316991297741232	0.7035812824030607	16.58989981532258	19.883862603149645	0.8343398939346274	1.0	1.0	1.0	1.0	0
answerdotai_ModernBERT-base	head_embed_cache_answerdotai_ModernBERT-base.jsonl	orig	spring__pst	spring	pst	200	132	68	0	16	3	2	sprang,sprung	sprang	sprung	0.0218	fisher_exact	True	16	3	0	0	3	0	0		raw	raw_label	200	16	3.0161790011615732	76	1	0.0625	0.0625	-0.07617352126146198	-0.03918167264524239	0.12476841348066794	0.14259006836881696	0.8750147531870709	17.2416286190398	18.488832259078393	0.9325428657385223	0.505	0.51	0.11968243512197164	0.20938789408112357	0
answerdotai_ModernBERT-base	head_embed_cache_answerdotai_ModernBERT-base.jsonl	orig	strive__ppt	strive	ppt	200	200	0	0	2	2	2	strived,striven	strived	striven	0.0537	chi_sq	False	2	1	1	0	1	1	0		conditioned-cat-only	cat_only_label	0	0		0	0															0
answerdotai_ModernBERT-base	head_embed_cache_answerdotai_ModernBERT-base.jsonl	orig	strive__ppt	strive	ppt	200	200	0	0	2	2	2	strived,striven	strived	striven	0.0537	chi_sq	False	2	1	1	0	1	1	0		conditioned-exclude	conditioned_exclude_label	181	1	-0.0	181	181	0.0	0.0													0
answerdotai_ModernBERT-base	head_embed_cache_answerdotai_ModernBERT-base.jsonl	orig	strive__ppt	strive	ppt	200	200	0	0	2	2	2	strived,striven	strived	striven	0.0537	chi_sq	False	2	1	1	0	1	1	0		form	form_label	200	2	1.0	100	100	0.0	0.0	0.41092480055725544	0.23915717039417048	0.08888465422904698	0.15108182389754232	0.5883212946206223	14.278889892899912	18.770954567980905	0.7606906639290758	1.0	1.0	1.0	1.0	0
answerdotai_ModernBERT-base	head_embed_cache_answerdotai_ModernBERT-base.jsonl	orig	strive__ppt	strive	ppt	200	200	0	0	2	2	2	strived,striven	strived	striven	0.0537	chi_sq	False	2	1	1	0	1	1	0		raw	raw_label	200	2	0.4529425481872832	181	19	0.0	0.0	0.013383800795206185	0.007812969975086017	0.11973785866120398	0.122062060023527	0.9809588551768254	16.508790450202167	16.667448682390333	0.9904809527113893	0.545	0.545	0.006382889828200594	0.01925261928085012	0
answerdotai_ModernBERT-base	head_embed_cache_answerdotai_ModernBERT-base.jsonl	orig	strive__pst	strive	pst	199	199	0	0	2	2	2	strived,strove	strived	strove	0.0008	fisher_exact	True	2	1	0	1	1	0	1		conditioned-cat-only	cat_only_label	21	2	0.5916727785823275	18	3	0.0	0.0	0.4579572463174556	0.2649458926425357	0.10238977004760923	0.18254333856153998	0.5609066364976723	15.839871838721077	21.143258676038105	0.7491688997151883	1.0	1.0	0.4473684210526316	0.3831097474772284	0
answerdotai_ModernBERT-base	head_embed_cache_answerdotai_ModernBERT-base.jsonl	orig	strive__pst	strive	pst	199	199	0	0	2	2	2	strived,strove	strived	strove	0.0008	fisher_exact	True	2	1	0	1	1	0	1		conditioned-exclude	conditioned_exclude_label	199	3	0.548714629387147	178	3	0.0	0.0	-0.10644453163905693	-0.05212243338078493	0.12396166153109213	0.15101715898719967	0.8208448785717073	17.31290920095841	19.153827766586446	0.9038876934646196	0.6582914572864321	0.6683417085427136	-0.025844535718646866	0.09900358449351754	0
answerdotai_ModernBERT-base	head_embed_cache_answerdotai_ModernBERT-base.jsonl	orig	strive__pst	strive	pst	199	199	0	0	2	2	2	strived,strove	strived	strove	0.0008	fisher_exact	True	2	1	0	1	1	0	1		form	form_label	199	2	0.9999817845368457	100	99	0.0	0.0	0.431835033668757	0.2517512871615798	0.09353241344835932	0.16444969252224606	0.5687600384884067	15.114732190164162	20.194232037691332	0.7484677883245777	1.0	1.0	1.0	1.0	0
answerdotai_ModernBERT-base	head_embed_cache_answerdotai_ModernBERT-base.jsonl	orig	strive__pst	strive	pst	199	199	0	0	2	2	2	strived,strove	strived	strove	0.0008	fisher_exact	True	2	1	0	1	1	0	1		raw	raw_label	199	2	0.48627679848147415	178	21	0.0	0.0	0.15199244130032738	0.08824653866816218	0.12415983296250502	0.15056172461132636	0.8246440672954726	17.325866594409156	19.125087994218767	0.9059234969086946	0.7839195979899497	0.7839195979899497	0.02238753596743631	0.06028318580255005	0
answerdotai_ModernBERT-base	head_embed_cache_answerdotai_ModernBERT-base.jsonl	orig	take__ppt	take	ppt	199	140	59	0	25	6	2	taken,took	taken	took	0.0053	fisher_exact	True	25	3	3	0	3	3	0		conditioned-cat-only	cat_only_label	0	0		0	0															0
answerdotai_ModernBERT-base	head_embed_cache_answerdotai_ModernBERT-base.jsonl	orig	take__ppt	take	ppt	199	140	59	0	25	6	2	taken,took	taken	took	0.0053	fisher_exact	True	25	3	3	0	3	3	0		conditioned-exclude	conditioned_exclude_label	63	3	1.555383834371384	27	17	0.0	0.0	0.07661034988562004	0.04043511075489398	0.15642811935583187	0.18889224686298925	0.8281341450149362	20.494967660872007	22.570755125430434	0.9080319886054835	0.7936507936507936	0.7936507936507936	0.1689021282018606	0.29702207273593395	0
answerdotai_ModernBERT-base	head_embed_cache_answerdotai_ModernBERT-base.jsonl	orig	take__ppt	take	ppt	199	140	59	0	25	6	2	taken,took	taken	took	0.0053	fisher_exact	True	25	3	3	0	3	3	0		form	form_label	199	2	0.9999817845368457	100	99	0.0	0.0	0.11339033506647107	0.062044024804873026	0.162233289694178	0.18299569429488524	0.8865415676543186	20.872107451819463	22.248247183683514	0.9381461505482873	0.9798994974874372	0.9748743718592965	0.7027532483433067	0.602253215064126	0
answerdotai_ModernBERT-base	head_embed_cache_answerdotai_ModernBERT-base.jsonl	orig	take__ppt	take	ppt	199	140	59	0	25	6	2	taken,took	taken	took	0.0053	fisher_exact	True	25	3	3	0	3	3	0		raw	raw_label	199	25	3.703492483956415	35	1	0.44	0.52	-0.228554943976688	-0.12060583496060456	0.15509213803996127	0.17450322927092643	0.8887637133589757	20.400902843627478	21.685142644683953	0.9407778947042664	0.457286432160804	0.457286432160804	0.11241266179145822	0.23691671447325513	0
answerdotai_ModernBERT-base	head_embed_cache_answerdotai_ModernBERT-base.jsonl	orig	tear__ppt	tear	ppt	96	91	5	0	6	3	2	tore,torn	tore	torn	0.0026	fisher_exact	True	6	2	0	1	2	0	1		conditioned-cat-only	cat_only_label	18	2	0.7642045065086203	14	4	0.0	0.0	0.2854966682204376	0.1619363197795016	0.10240916344742453	0.14471371636031108	0.7076672897574143	15.766499415183846	18.949052950234172	0.832046828756632	0.9444444444444444	0.9444444444444444	-0.04878483041039793	-0.06573604339398977	0
answerdotai_ModernBERT-base	head_embed_cache_answerdotai_ModernBERT-base.jsonl	orig	tear__ppt	tear	ppt	96	91	5	0	6	3	2	tore,torn	tore	torn	0.0026	fisher_exact	True	6	2	0	1	2	0	1		conditioned-exclude	conditioned_exclude_label	91	4	1.6698922224763166	38	4	0.0	0.0	-0.07491443865175577	-0.02887833306434346	0.12748697139608733	0.1402576141335515	0.9089486669486326	17.284086632365764	18.20390022660576	0.9494716196644689	0.4725274725274725	0.4725274725274725	0.12696166226218955	0.17944807226982962	0
answerdotai_ModernBERT-base	head_embed_cache_answerdotai_ModernBERT-base.jsonl	orig	tear__ppt	tear	ppt	96	91	5	0	6	3	2	tore,torn	tore	torn	0.0026	fisher_exact	True	6	2	0	1	2	0	1		form	form_label	96	2	1.0	48	48	0.0	0.0	0.27024218065655353	0.15263426883664985	0.11415484572475762	0.15705244946290298	0.7268581045068125	16.385649993978564	19.355935216400553	0.846543957229965	1.0	1.0	0.958328908425179	0.9262215646046116	0
answerdotai_ModernBERT-base	head_embed_cache_answerdotai_ModernBERT-base.jsonl	orig	tear__ppt	tear	ppt	96	91	5	0	6	3	2	tore,torn	tore	torn	0.0026	fisher_exact	True	6	2	0	1	2	0	1		raw	raw_label	96	6	1.814079155618118	38	1	0.16666666666666666	0.5	-0.10123356788254768	-0.04596957455945117	0.12807563772362743	0.13945551139528514	0.918397820510646	17.34267497694467	18.140712707918222	0.9560084686956529	0.4895833333333333	0.5	0.06876707896139134	0.11468783595652575	0
answerdotai_ModernBERT-base	head_embed_cache_answerdotai_ModernBERT-base.jsonl	orig	throw__pst	throw	pst	109	84	25	0	13	4	2	threw,throwed	threw	throwed	0.0	fisher_exact	True	13	1	1	2	1	1	2		conditioned-cat-only	cat_only_label	36	4	1.707113464078487	15	3	0.0	0.0	0.012660378445686328	0.005633315006540567	0.09048485605744233	0.13540115526083477	0.6682724078914516	14.544560005673985	17.70120359908202	0.8216706804292258	0.5555555555555556	0.5277777777777778	0.19938176197836166	0.3404803188449518	0
answerdotai_ModernBERT-base	head_embed_cache_answerdotai_ModernBERT-base.jsonl	orig	throw__pst	throw	pst	109	84	25	0	13	4	2	threw,throwed	threw	throwed	0.0	fisher_exact	True	13	1	1	2	1	1	2		conditioned-exclude	conditioned_exclude_label	51	5	2.079002316888643	15	3	0.0	0.0	-0.07602129796999696	-0.04226393724973843	0.11140474233475871	0.14600865637168325	0.7630009418836377	16.087778195755885	18.463955529833303	0.8713072434431458	0.49019607843137253	0.47058823529411764	0.2339267096574893	0.29233452263354087	0
answerdotai_ModernBERT-base	head_embed_cache_answerdotai_ModernBERT-base.jsonl	orig	throw__pst	throw	pst	109	84	25	0	13	4	2	threw,throwed	threw	throwed	0.0	fisher_exact	True	13	1	1	2	1	1	2		form	form_label	109	2	0.9994535015927484	56	53	0.0	0.0	0.413156896546301	0.24168004923384717	0.11112531124033018	0.1878584376852635	0.5915375035030825	16.22174024135572	21.33055944890152	0.7604929575436479	1.0	1.0	1.0	1.0	0
answerdotai_ModernBERT-base	head_embed_cache_answerdotai_ModernBERT-base.jsonl	orig	throw__pst	throw	pst	109	84	25	0	13	4	2	threw,throwed	threw	throwed	0.0	fisher_exact	True	13	1	1	2	1	1	2		raw	raw_label	109	13	2.9048649496780863	33	1	0.23076923076923078	0.46153846153846156	-0.2658139945523578	-0.1409222240163974	0.13256284574673857	0.15326877667106928	0.8649044418957699	17.612814325526777	19.034855782930467	0.9252927643045813	0.43119266055045874	0.43119266055045874	0.08798775822494262	0.18286339074102578	0
answerdotai_ModernBERT-base	head_embed_cache_answerdotai_ModernBERT-base.jsonl	orig	tread__ppt	tread	ppt	197	175	22	0	8	4	2	trod,trodden	trod	trodden	0.0	fisher_exact	True	8	2	1	1	2	1	1		conditioned-cat-only	cat_only_label	18	2	0.6500224216483541	15	3	0.0	0.0	0.5306724147323463	0.31611179380053256	0.09366747462026698	0.20533973195270858	0.4561585511460557	15.133755460089185	22.355810664971212	0.6769495272118182	1.0	1.0	1.0	1.0	0
answerdotai_ModernBERT-base	head_embed_cache_answerdotai_ModernBERT-base.jsonl	orig	tread__ppt	tread	ppt	197	175	22	0	8	4	2	trod,trodden	trod	trodden	0.0	fisher_exact	True	8	2	1	1	2	1	1		conditioned-exclude	conditioned_exclude_label	100	4	1.6139113581028388	44	3	0.0	0.0	-0.1587019697914221	-0.08108997032078204	0.14365530772434262	0.1484140622722106	0.9679359592008215	18.441679620498952	18.76951439244849	0.9825336572329525	0.36	0.4	0.042821066265739935	0.1069790780996687	0
answerdotai_ModernBERT-base	head_embed_cache_answerdotai_ModernBERT-base.jsonl	orig	tread__ppt	tread	ppt	197	175	22	0	8	4	2	trod,trodden	trod	trodden	0.0	fisher_exact	True	8	2	1	1	2	1	1		form	form_label	197	2	0.9999814128006821	99	98	0.0	0.0	0.4098638712450643	0.23822233359787742	0.12042077637673317	0.20369522775205937	0.591181137161009	16.83811581838154	22.102340520877156	0.7618250113591725	1.0	1.0	1.0	1.0	0
answerdotai_ModernBERT-base	head_embed_cache_answerdotai_ModernBERT-base.jsonl	orig	tread__ppt	tread	ppt	197	175	22	0	8	4	2	trod,trodden	trod	trodden	0.0	fisher_exact	True	8	2	1	1	2	1	1		raw	raw_label	197	8	2.2940645639523796	75	1	0.25	0.25	-0.21767813827413274	-0.11485192700826448	0.15137186950004353	0.16575238374507326	0.9132409807924878	18.740636812635525	19.72104950905009	0.9502859776319384	0.37055837563451777	0.37055837563451777	0.09196841205570404	0.16320362422204618	0
answerdotai_ModernBERT-base	head_embed_cache_answerdotai_ModernBERT-base.jsonl	orig	tread__pst	tread	pst	170	153	17	0	8	4	2	treaded,trod	treaded	trod	0.0	fisher_exact	True	8	1	1	2	1	1	2		conditioned-cat-only	cat_only_label	42	4	1.6755064993703321	20	3	0.0	0.0	0.004877192858077679	0.0025476794733161044	0.09897460494981943	0.11686958688743325	0.8468807633002934	15.500685665315341	16.724475349485225	0.926826423035892	0.6190476190476191	0.6190476190476191	0.19059867532634558	0.3434192428091508	0
answerdotai_ModernBERT-base	head_embed_cache_answerdotai_ModernBERT-base.jsonl	orig	tread__pst	tread	pst	170	153	17	0	8	4	2	treaded,trod	treaded	trod	0.0	fisher_exact	True	8	1	1	2	1	1	2		conditioned-exclude	conditioned_exclude_label	97	5	1.7124814707746505	55	3	0.0	0.0	-0.1588152486792549	-0.08378828833471819	0.10999961855673168	0.11671567701778943	0.9424579573827593	16.053160533058566	16.62931570911612	0.9653530436167191	0.25773195876288657	0.25773195876288657	0.050211494740652965	0.17986216873838146	0
answerdotai_ModernBERT-base	head_embed_cache_answerdotai_ModernBERT-base.jsonl	orig	tread__pst	tread	pst	170	153	17	0	8	4	2	treaded,trod	treaded	trod	0.0	fisher_exact	True	8	1	1	2	1	1	2		form	form_label	170	2	1.0	85	85	0.0	0.0	0.39078233132182416	0.22769581947281647	0.08533194872106765	0.13961909409712386	0.6111767826090305	14.086219915931327	18.221262314577817	0.7730649870871859	1.0	1.0	1.0	1.0	0
answerdotai_ModernBERT-base	head_embed_cache_answerdotai_ModernBERT-base.jsonl	orig	tread__pst	tread	pst	170	153	17	0	8	4	2	treaded,trod	treaded	trod	0.0	fisher_exact	True	8	1	1	2	1	1	2		raw	raw_label	170	8	2.298749565890562	56	2	0.0	0.125	-0.00981952656785556	0.0018931772089032961	0.09436551372537885	0.11853064253995174	0.7961275810478473	14.645360333608119	16.656559047381602	0.8792548504134386	0.4294117647058823	0.4235294117647059	0.1510937897105887	0.1813542406335497	0
answerdotai_ModernBERT-base	head_embed_cache_answerdotai_ModernBERT-base.jsonl	orig	wake__ppt	wake	ppt	198	180	18	0	5	3	2	woke,woken	woke	woken	0.0062	fisher_exact	True	5	2	1	0	2	1	0		conditioned-cat-only	cat_only_label	0	0		0	0															0
answerdotai_ModernBERT-base	head_embed_cache_answerdotai_ModernBERT-base.jsonl	orig	wake__ppt	wake	ppt	198	180	18	0	5	3	2	woke,woken	woke	woken	0.0062	fisher_exact	True	5	2	1	0	2	1	0		conditioned-exclude	conditioned_exclude_label	151	2	0.9992089388648364	78	73	0.0	0.0	0.08128882196233574	0.046581346435923064	0.16354114014594975	0.17856370789261297	0.9158699831899901	20.120544798115183	21.127830654433296	0.9523242176258757	0.9205298013245033	0.9337748344370861	-0.005511052980206801	-0.004258124804213695	0
answerdotai_ModernBERT-base	head_embed_cache_answerdotai_ModernBERT-base.jsonl	orig	wake__ppt	wake	ppt	198	180	18	0	5	3	2	woke,woken	woke	woken	0.0062	fisher_exact	True	5	2	1	0	2	1	0		form	form_label	198	2	0.999926399368686	100	98	0.0	0.0	0.3983033817299617	0.23451865648186274	0.12949248780694972	0.21427475367308052	0.6043291875836978	17.84201324644431	23.300957900382226	0.7657201614939457	1.0	1.0	1.0	1.0	0
answerdotai_ModernBERT-base	head_embed_cache_answerdotai_ModernBERT-base.jsonl	orig	wake__ppt	wake	ppt	198	180	18	0	5	3	2	woke,woken	woke	woken	0.0062	fisher_exact	True	5	2	1	0	2	1	0		raw	raw_label	198	5	1.8500486219129297	78	4	0.0	0.0	-0.054542673773410905	-0.03284507134057259	0.16190841901666295	0.17676804195817278	0.9159371638849405	19.974959053120088	20.864989387550025	0.9573433603105013	0.5151515151515151	0.51010101010101	0.09848170996559394	0.15803595735760262	0
answerdotai_ModernBERT-base	head_embed_cache_answerdotai_ModernBERT-base.jsonl	orig	wear__ppt	wear	ppt	88	66	22	0	5	1	2	wore,worn	wore	worn	0.0268	fisher_exact	True	5	1	0	0	1	0	0		conditioned-cat-only	cat_only_label	0	0		0	0															0
answerdotai_ModernBERT-base	head_embed_cache_answerdotai_ModernBERT-base.jsonl	orig	wear__ppt	wear	ppt	88	66	22	0	5	1	2	wore,worn	wore	worn	0.0268	fisher_exact	True	5	1	0	0	1	0	0		conditioned-exclude	conditioned_exclude_label	66	1	-0.0	66	66	0.0	0.0													0
answerdotai_ModernBERT-base	head_embed_cache_answerdotai_ModernBERT-base.jsonl	orig	wear__ppt	wear	ppt	88	66	22	0	5	1	2	wore,worn	wore	worn	0.0268	fisher_exact	True	5	1	0	0	1	0	0		form	form_label	88	2	1.0	44	44	0.0	0.0	0.24075224980216287	0.1326678798684869	0.11603644959897245	0.15266500602304534	0.7600723480890986	16.583714981974556	19.115532484597004	0.8675518191992534	0.9659090909090909	0.9659090909090909	0.8667543559343411	0.786364161841715	0
answerdotai_ModernBERT-base	head_embed_cache_answerdotai_ModernBERT-base.jsonl	orig	wear__ppt	wear	ppt	88	66	22	0	5	1	2	wore,worn	wore	worn	0.0268	fisher_exact	True	5	1	0	0	1	0	0		raw	raw_label	88	5	1.234422785899402	66	1	0.2	0.2	-0.06261902052895985	-0.03345071311241532	0.12745675918228183	0.14433816213206258	0.8830426915486491	17.38701820316536	18.52081954044571	0.9387823343991686	0.7613636363636364	0.7613636363636364	0.11466116108069689	0.15075886257386065	0
answerdotai_ModernBERT-base	head_embed_cache_answerdotai_ModernBERT-base.jsonl	orig	weave__ppt	weave	ppt	122	91	31	0	11	4	2	weaved,woven	weaved	woven	0.0372	fisher_exact	True	11	3	1	0	3	1	0		conditioned-cat-only	cat_only_label	0	0		0	0															0
answerdotai_ModernBERT-base	head_embed_cache_answerdotai_ModernBERT-base.jsonl	orig	weave__ppt	weave	ppt	122	91	31	0	11	4	2	weaved,woven	weaved	woven	0.0372	fisher_exact	True	11	3	1	0	3	1	0		conditioned-exclude	conditioned_exclude_label	68	3	1.431169262145754	38	15	0.0	0.0	0.05083433623370671	0.02788371008668581	0.13928517928509843	0.15490377959559357	0.8991722451752273	17.887690152890062	18.89657003738909	0.946610422817324	0.7352941176470589	0.7352941176470589	-0.02348358651911078	-0.023278044240502838	0
answerdotai_ModernBERT-base	head_embed_cache_answerdotai_ModernBERT-base.jsonl	orig	weave__ppt	weave	ppt	122	91	31	0	11	4	2	weaved,woven	weaved	woven	0.0372	fisher_exact	True	11	3	1	0	3	1	0		form	form_label	122	2	0.999806132804711	62	60	0.0	0.0	0.3928612530907812	0.2253375859411589	0.11674865853187642	0.19192566726771942	0.6083014335389665	16.440388076352523	21.21510216308232	0.7749379640019568	1.0	1.0	1.0	1.0	0
answerdotai_ModernBERT-base	head_embed_cache_answerdotai_ModernBERT-base.jsonl	orig	weave__ppt	weave	ppt	122	91	31	0	11	4	2	weaved,woven	weaved	woven	0.0372	fisher_exact	True	11	3	1	0	3	1	0		raw	raw_label	122	11	2.836519828492392	38	1	0.18181818181818182	0.18181818181818182	-0.13870087044971602	-0.07378687299721896	0.14034616997658633	0.1575738754353373	0.8906690248548174	17.939156749263507	19.033313996998096	0.9425135713146351	0.3360655737704918	0.3360655737704918	0.060116491005735885	0.14249950256587862	0
answerdotai_ModernBERT-base	head_embed_cache_answerdotai_ModernBERT-base.jsonl	orig	weave__pst	weave	pst	198	153	45	0	13	4	2	weaved,wove	weaved	wove	0.0	fisher_exact	True	13	1	2	1	1	2	1		conditioned-cat-only	cat_only_label	28	2	0.676941869780886	23	5	0.0	0.0	0.4837367868973275	0.27884969651905545	0.07977261451160089	0.154596658463482	0.5160047785278901	14.013153569394694	19.390577173026227	0.7226785177332452	1.0	1.0	1.0	1.0	0
answerdotai_ModernBERT-base	head_embed_cache_answerdotai_ModernBERT-base.jsonl	orig	weave__pst	weave	pst	198	153	45	0	13	4	2	weaved,wove	weaved	wove	0.0	fisher_exact	True	13	1	2	1	1	2	1		conditioned-exclude	conditioned_exclude_label	51	3	1.3647098428918996	23	5	0.0	0.0	0.05525259299784439	0.03042920067911571	0.10367593028852466	0.128660690760885	0.8058089046110103	15.733950119766698	17.578998608216953	0.895042457788931	0.5294117647058824	0.5294117647058824	0.18529496278277025	0.27622218378032043	0
answerdotai_ModernBERT-base	head_embed_cache_answerdotai_ModernBERT-base.jsonl	orig	weave__pst	weave	pst	198	153	45	0	13	4	2	weaved,wove	weaved	wove	0.0	fisher_exact	True	13	1	2	1	1	2	1		form	form_label	198	2	0.999926399368686	100	98	0.0	0.0	0.4333174507013115	0.25208897053804813	0.09643527434226346	0.16935683136074142	0.5694206343341996	15.131125903967487	20.208254762560813	0.7487596569695093	1.0	1.0	1.0	1.0	0
answerdotai_ModernBERT-base	head_embed_cache_answerdotai_ModernBERT-base.jsonl	orig	weave__pst	weave	pst	198	153	45	0	13	4	2	weaved,wove	weaved	wove	0.0	fisher_exact	True	13	1	2	1	1	2	1		raw	raw_label	198	13	2.7570427744092507	81	1	0.07692307692307693	0.23076923076923078	-0.2238857779332712	-0.11854163348506704	0.116354403081124	0.13770618645180074	0.8449468108816579	16.397870664427103	18.037840533557755	0.9090816960001593	0.4444444444444444	0.4393939393939394	0.060835944137833074	0.12967141140748706	0
answerdotai_ModernBERT-base	head_embed_cache_answerdotai_ModernBERT-base.jsonl	orig	wet__pst	wet	pst	76	74	2	0	3	2	2	wet,wetted	wet	wetted	0.0	fisher_exact	True	3	0	2	0	0	2	0		conditioned-cat-only	cat_only_label	0	0		0	0															0
answerdotai_ModernBERT-base	head_embed_cache_answerdotai_ModernBERT-base.jsonl	orig	wet__pst	wet	pst	76	74	2	0	3	2	2	wet,wetted	wet	wetted	0.0	fisher_exact	True	3	0	2	0	0	2	0		conditioned-exclude	conditioned_exclude_label	0	0		0	0															0
answerdotai_ModernBERT-base	head_embed_cache_answerdotai_ModernBERT-base.jsonl	orig	wet__pst	wet	pst	76	74	2	0	3	2	2	wet,wetted	wet	wetted	0.0	fisher_exact	True	3	0	2	0	0	2	0		form	form_label	76	2	1.0	38	38	0.0	0.0	0.29047341573503976	0.16283866144632939	0.10765602408314845	0.15259358106765902	0.7055082089948099	15.83285653716362	18.937543396440155	0.8360565151306717	0.9736842105263158	0.9736842105263158	0.8961257720381808	0.8486473253442837	0
answerdotai_ModernBERT-base	head_embed_cache_answerdotai_ModernBERT-base.jsonl	orig	wet__pst	wet	pst	76	74	2	0	3	2	2	wet,wetted	wet	wetted	0.0	fisher_exact	True	3	0	2	0	0	2	0		raw	raw_label	76	3	1.1239576570186298	44	2	0.0	0.3333333333333333	0.06111575420207841	0.03460847298718545	0.12014256942354841	0.1401038623836938	0.8575250344956328	16.660151345736175	18.107956264239945	0.9200459236052534	0.7763157894736842	0.7894736842105263	0.10863573360445766	0.13793215827684938	0
answerdotai_ModernBERT-base	head_embed_cache_answerdotai_ModernBERT-base.jsonl	orig	write__ppt	write	ppt	199	172	27	0	14	2	2	written,wrote	written	wrote	0.0019	fisher_exact	True	14	1	1	0	1	1	0		conditioned-cat-only	cat_only_label	0	0		0	0															0
answerdotai_ModernBERT-base	head_embed_cache_answerdotai_ModernBERT-base.jsonl	orig	write__ppt	write	ppt	199	172	27	0	14	2	2	written,wrote	written	wrote	0.0019	fisher_exact	True	14	1	1	0	1	1	0		conditioned-exclude	conditioned_exclude_label	144	1	-0.0	144	144	0.0	0.0													0
answerdotai_ModernBERT-base	head_embed_cache_answerdotai_ModernBERT-base.jsonl	orig	write__ppt	write	ppt	199	172	27	0	14	2	2	written,wrote	written	wrote	0.0019	fisher_exact	True	14	1	1	0	1	1	0		form	form_label	199	2	0.9999817845368457	100	99	0.0	0.0	0.18760031353243706	0.10285109864774782	0.15213433137685034	0.18828393349613295	0.8080048496542321	19.479729227144098	21.74064871639565	0.8960049666067929	0.964824120603015	0.9597989949748744	0.5736545224349132	0.4920635082490033	0
answerdotai_ModernBERT-base	head_embed_cache_answerdotai_ModernBERT-base.jsonl	orig	write__ppt	write	ppt	199	172	27	0	14	2	2	written,wrote	written	wrote	0.0019	fisher_exact	True	14	1	1	0	1	1	0		raw	raw_label	199	14	1.53084921111479	144	1	0.5714285714285714	0.6428571428571429	-0.19398388708367392	-0.09819628040038747	0.16467831356482346	0.1770225030315688	0.9302676820441073	20.24363327923229	21.061001671274294	0.9611904312624961	0.5276381909547738	0.5376884422110553	0.032937091206733854	0.08642898647936031	0
bert_base_uncased	head_embed_cache_bert_base_uncased.jsonl	orig	begin__ppt	begin	ppt	200	198	2	0	4	3	2	began,begun	began	begun	0.1741	fisher_exact	False	4	3	0	0	3	0	0		conditioned-cat-only	cat_only_label	0	0		0	0															0
bert_base_uncased	head_embed_cache_bert_base_uncased.jsonl	orig	begin__ppt	begin	ppt	200	198	2	0	4	3	2	began,begun	began	begun	0.1741	fisher_exact	False	4	3	0	0	3	0	0		conditioned-exclude	conditioned_exclude_label	198	3	1.1529706704117353	140	22	0.0	0.0	0.12293598535702113	0.05680421136887904	0.40484863407312294	0.4777902006618283	0.8473355743008799	12.78581979983732	13.84067233696107	0.9237860335507835	0.8484848484848485	0.8434343434343434	0.22217023708874128	0.3174042623951174	0
bert_base_uncased	head_embed_cache_bert_base_uncased.jsonl	orig	begin__ppt	begin	ppt	200	198	2	0	4	3	2	began,begun	began	begun	0.1741	fisher_exact	False	4	3	0	0	3	0	0		form	form_label	200	2	1.0	100	100	0.0	0.0	0.02818472017058694	0.014720615489564439	0.43295559284311047	0.44544183851981545	0.9719688529523939	13.179733308358042	13.376154899409297	0.9853155415342918	0.81	0.81	0.005128629833718468	0.0038314988224242585	0
bert_base_uncased	head_embed_cache_bert_base_uncased.jsonl	orig	begin__ppt	begin	ppt	200	198	2	0	4	3	2	began,begun	began	begun	0.1741	fisher_exact	False	4	3	0	0	3	0	0		raw	raw_label	200	4	1.2222340996035292	140	2	0.0	0.25	0.10437514538244244	0.044393327879338924	0.4048393094880787	0.47836493212797776	0.8462980505012675	12.785626663987038	13.839229815415436	0.923868368003052	0.83	0.83	0.1554669640227215	0.2804184226083874	0
bert_base_uncased	head_embed_cache_bert_base_uncased.jsonl	orig	bid__ppt	bid	ppt	171	160	11	0	7	4	2	bid,bidden	bid	bidden	0.0	fisher_exact	True	7	1	1	2	1	1	2		conditioned-cat-only	cat_only_label	58	3	0.9896363038042916	40	1	0.3333333333333333	0.3333333333333333	0.1927670562558679	0.08619156040070121	0.36369356560892996	0.5177056105441541	0.7025103808062966	11.485707621019877	13.83544348223853	0.830165483004924	0.9482758620689655	0.9482758620689655	0.6024630913195953	0.6421155405563109	0
bert_base_uncased	head_embed_cache_bert_base_uncased.jsonl	orig	bid__ppt	bid	ppt	171	160	11	0	7	4	2	bid,bidden	bid	bidden	0.0	fisher_exact	True	7	1	1	2	1	1	2		conditioned-exclude	conditioned_exclude_label	78	4	1.5571643471379213	40	1	0.25	0.25	0.15679730397917716	0.0725028990126301	0.3601118551912106	0.5128674892477545	0.7021537975031379	11.502777860085384	13.881132336120976	0.8286627907258888	0.9615384615384616	0.9615384615384616	0.38616549364313446	0.5570429660329808	0
bert_base_uncased	head_embed_cache_bert_base_uncased.jsonl	orig	bid__ppt	bid	ppt	171	160	11	0	7	4	2	bid,bidden	bid	bidden	0.0	fisher_exact	True	7	1	1	2	1	1	2		form	form_label	171	2	0.9999753308152249	86	85	0.0	0.0	0.2183184152289223	0.12355476389088406	0.3934476530439061	0.5062048292347737	0.7772499002798495	12.202742035633422	13.939455727495817	0.8754102221913372	0.935672514619883	0.9532163742690059	0.3595866070193832	0.3861558238567389	0
bert_base_uncased	head_embed_cache_bert_base_uncased.jsonl	orig	bid__ppt	bid	ppt	171	160	11	0	7	4	2	bid,bidden	bid	bidden	0.0	fisher_exact	True	7	1	1	2	1	1	2		raw	raw_label	171	7	2.005959814418014	82	1	0.2857142857142857	0.2857142857142857	-0.007792483127184612	-0.017464975752136125	0.36435070366573824	0.4886707911026315	0.7455954198605185	11.85873788314967	13.622641137123498	0.8705167936071546	0.8245614035087719	0.8304093567251462	0.22010726656975282	0.41222775946302337	0
bert_base_uncased	head_embed_cache_bert_base_uncased.jsonl	orig	bid__pst	bid	pst	200	168	32	0	10	3	2	bade,bid	bade	bid	0.0	fisher_exact	True	10	1	1	1	1	1	1		conditioned-cat-only	cat_only_label	16	1	-0.0	16	16	0.0	0.0													0
bert_base_uncased	head_embed_cache_bert_base_uncased.jsonl	orig	bid__pst	bid	pst	200	168	32	0	10	3	2	bade,bid	bade	bid	0.0	fisher_exact	True	10	1	1	1	1	1	1		conditioned-exclude	conditioned_exclude_label	76	2	0.7424875695421236	60	16	0.0	0.0	0.38717989580956175	0.21422247286038096	0.3719552714323965	0.6147079708724664	0.6050926440802019	12.7330150735059	16.128975176115095	0.789449728483793	0.9736842105263158	0.9605263157894737	0.014280932723418498	0.12372272169074616	0
bert_base_uncased	head_embed_cache_bert_base_uncased.jsonl	orig	bid__pst	bid	pst	200	168	32	0	10	3	2	bade,bid	bade	bid	0.0	fisher_exact	True	10	1	1	1	1	1	1		form	form_label	200	2	1.0	100	100	0.0	0.0	0.3224825141150459	0.1872528344113578	0.3887286165436485	0.5820474416145686	0.6678641443132814	12.622575050858298	15.58154130868727	0.8100979743140532	0.98	0.985	0.9406015451507348	0.8884376474261083	0
bert_base_uncased	head_embed_cache_bert_base_uncased.jsonl	orig	bid__pst	bid	pst	200	168	32	0	10	3	2	bade,bid	bade	bid	0.0	fisher_exact	True	10	1	1	1	1	1	1		raw	raw_label	200	10	2.1208109300257063	92	1	0.2	0.3	-0.032858183154858556	-0.035325217785976464	0.361271129051371	0.542078497565701	0.6664553762485003	12.257905933430571	14.944691555065505	0.8202180612604046	0.805	0.805	0.27253414319095515	0.4315826010037885	0
bert_base_uncased	head_embed_cache_bert_base_uncased.jsonl	orig	break__ppt	break	ppt	199	126	73	0	28	6	2	broke,broken	broke	broken	0.2008	fisher_exact	False	28	4	1	1	4	1	1		conditioned-cat-only	cat_only_label	25	2	0.7219280948873623	20	5	0.0	0.0	-0.015305907093739895	-0.003525803862712237	0.3897928965653964	0.3848655266218591	1.0128028352832406	11.90891333996462	11.899570753683413	1.0007851196042776	0.72	0.72	-0.013157894736842105	-0.027636419380695935	0
bert_base_uncased	head_embed_cache_bert_base_uncased.jsonl	orig	break__ppt	break	ppt	199	126	73	0	28	6	2	broke,broken	broke	broken	0.2008	fisher_exact	False	28	4	1	1	4	1	1		conditioned-exclude	conditioned_exclude_label	100	6	2.477667024828463	23	5	0.0	0.0	0.06399632711465536	0.03152851326990787	0.4201663360957849	0.511886574914994	0.8208192140330296	12.468011790632913	13.881289877085731	0.8981882736426563	0.74	0.74	0.3113584711464514	0.5057410759456934	0
bert_base_uncased	head_embed_cache_bert_base_uncased.jsonl	orig	break__ppt	break	ppt	199	126	73	0	28	6	2	broke,broken	broke	broken	0.2008	fisher_exact	False	28	4	1	1	4	1	1		form	form_label	199	2	0.9999817845368457	100	99	0.0	0.0	0.03660163300813052	0.01902903597849163	0.5018378464778421	0.5210993998654614	0.9630367001140431	13.812811028128118	14.081128696593147	0.9809448749282472	0.8391959798994975	0.8291457286432161	0.0339559526177036	0.02853462477760081	0
bert_base_uncased	head_embed_cache_bert_base_uncased.jsonl	orig	break__ppt	break	ppt	199	126	73	0	28	6	2	broke,broken	broke	broken	0.2008	fisher_exact	False	28	4	1	1	4	1	1		raw	raw_label	199	28	3.9567734612441186	26	1	0.42857142857142855	0.4642857142857143	-0.025789727457013027	-0.032383541507286645	0.4132654226719969	0.5198367324741435	0.7949908054882454	12.422453169884971	14.076793591789505	0.8824774682446539	0.6130653266331658	0.6180904522613065	0.2614114287753619	0.40406210487449695	0
bert_base_uncased	head_embed_cache_bert_base_uncased.jsonl	orig	bring__pst	bring	pst	193	193	0	0	4	4	2	brought,brung	brought	brung	0.0	chi_sq	True	4	1	2	1	1	2	1		conditioned-cat-only	cat_only_label	19	2	0.6292492238560345	16	3	0.0	0.0	0.2567729169006659	0.11034620587784226	0.4821971545445832	0.62258311518081	0.7745104915101078	14.397785605778017	15.649261515506018	0.9200297145978434	1.0	1.0	-0.12957317073170732	-0.003910794646033791	0
bert_base_uncased	head_embed_cache_bert_base_uncased.jsonl	orig	bring__pst	bring	pst	193	193	0	0	4	4	2	brought,brung	brought	brung	0.0	chi_sq	True	4	1	2	1	1	2	1		conditioned-exclude	conditioned_exclude_label	80	3	0.9403047812186183	61	3	0.0	0.0	-0.05796645417198887	-0.02816301531574621	0.5004409049525836	0.5841665560848572	0.856675035124552	13.561823433117805	15.196298332400598	0.8924425630814402	0.65	0.7	0.028173113292215383	0.19914228256561572	0
bert_base_uncased	head_embed_cache_bert_base_uncased.jsonl	orig	bring__pst	bring	pst	193	193	0	0	4	4	2	brought,brung	brought	brung	0.0	chi_sq	True	4	1	2	1	1	2	1		form	form_label	193	2	0.999515806980105	99	94	0.0	0.0	0.3596592046541424	0.2053323542112055	0.41998699418594215	0.653353520644649	0.6428173736196455	12.607608561443527	15.812856860149108	0.7973011248344812	1.0	1.0	1.0	1.0	0
bert_base_uncased	head_embed_cache_bert_base_uncased.jsonl	orig	bring__pst	bring	pst	193	193	0	0	4	4	2	brought,brung	brought	brung	0.0	chi_sq	True	4	1	2	1	1	2	1		raw	raw_label	193	4	1.877444466874	67	19	0.0	0.0	0.049615000826514224	0.032121917868992385	0.47008480092236177	0.5637145525986169	0.8339057396254189	13.148346389395794	14.639894480010545	0.8981175654885132	0.6528497409326425	0.6580310880829016	0.2032456792794083	0.24945083333956358	0
bert_base_uncased	head_embed_cache_bert_base_uncased.jsonl	orig	burn__ppt	burn	ppt	199	152	47	0	15	4	2	burned,burnt	burned	burnt	0.0028	fisher_exact	True	15	3	1	0	3	1	0		conditioned-cat-only	cat_only_label	0	0		0	0															0
bert_base_uncased	head_embed_cache_bert_base_uncased.jsonl	orig	burn__ppt	burn	ppt	199	152	47	0	15	4	2	burned,burnt	burned	burnt	0.0028	fisher_exact	True	15	3	1	0	3	1	0		conditioned-exclude	conditioned_exclude_label	131	3	1.262392868407983	85	16	0.0	0.0	0.04592017478703434	0.017331884125131626	0.370846486958394	0.4037116756989297	0.9185924244483702	11.631018813504163	12.001230348062412	0.9691522015808971	0.8396946564885496	0.8396946564885496	0.20294768724338533	0.33879396344706164	0
bert_base_uncased	head_embed_cache_bert_base_uncased.jsonl	orig	burn__ppt	burn	ppt	199	152	47	0	15	4	2	burned,burnt	burned	burnt	0.0028	fisher_exact	True	15	3	1	0	3	1	0		form	form_label	199	2	0.9999817845368457	100	99	0.0	0.0	0.06919104652077403	0.03603757926174567	0.3969904927744935	0.42641451794945867	0.9309966618480549	11.90546179802377	12.349762873762684	0.9640235136269021	0.9698492462311558	0.9698492462311558	0.41742413191982886	0.3666653736182062	0
bert_base_uncased	head_embed_cache_bert_base_uncased.jsonl	orig	burn__ppt	burn	ppt	199	152	47	0	15	4	2	burned,burnt	burned	burnt	0.0028	fisher_exact	True	15	3	1	0	3	1	0		raw	raw_label	199	15	2.8386901946024508	85	1	0.13333333333333333	0.13333333333333333	-3.6428832634949674e-06	0.0024469314682794446	0.3666271529703722	0.42488152501262444	0.8628926686315171	11.535032737258998	12.301055631747309	0.9377270603905479	0.7437185929648241	0.7437185929648241	0.17715046101534063	0.3523971497729981	0
bert_base_uncased	head_embed_cache_bert_base_uncased.jsonl	orig	burn__pst	burn	pst	198	130	68	0	20	3	2	burned,burnt	burned	burnt	0.0	fisher_exact	True	21	2	0	1	2	0	1		conditioned-cat-only	cat_only_label	23	2	0.5586293734521992	20	3	0.0	0.0	0.17380129546053139	0.10818269137991195	0.3295416904628854	0.4158016438465985	0.7925454248191068	10.93040548465692	12.569457762243958	0.8696003989519411	0.8695652173913043	0.8695652173913043	0.09957291996203733	-0.03650891997971684	0
bert_base_uncased	head_embed_cache_bert_base_uncased.jsonl	orig	burn__pst	burn	pst	198	130	68	0	20	3	2	burned,burnt	burned	burnt	0.0	fisher_exact	True	21	2	0	1	2	0	1		conditioned-exclude	conditioned_exclude_label	130	4	1.3101187762447488	89	3	0.0	0.0	0.05052073868871347	0.03223053190316521	0.37247980162046507	0.40999072343211057	0.9085078767206379	11.699883832877505	12.570964076560925	0.9307069658000547	0.7923076923076923	0.7923076923076923	0.23936516875556046	0.24311997709098085	0
bert_base_uncased	head_embed_cache_bert_base_uncased.jsonl	orig	burn__pst	burn	pst	198	130	68	0	20	3	2	burned,burnt	burned	burnt	0.0	fisher_exact	True	21	2	0	1	2	0	1		form	form_label	198	2	0.999926399368686	100	98	0.0	0.0	0.06769120034600087	0.03580607935007993	0.41077399798854186	0.44121394488076005	0.9310086472891407	12.360543213463924	12.822770691401603	0.9639526051692066	0.8888888888888888	0.8888888888888888	0.09350585655093915	0.07039956537823604	0
bert_base_uncased	head_embed_cache_bert_base_uncased.jsonl	orig	burn__pst	burn	pst	198	130	68	0	20	3	2	burned,burnt	burned	burnt	0.0	fisher_exact	True	21	2	0	1	2	0	1		raw	raw_label	198	20	3.042396475146948	89	1	0.05	0.4	-0.018424956940298907	-0.024005222646505932	0.37254528885140814	0.44199878145588306	0.8428649681437929	11.705768199118163	12.856793241604832	0.9104733955927727	0.6212121212121212	0.6161616161616161	0.14301604030745949	0.31652334038732105	0
bert_base_uncased	head_embed_cache_bert_base_uncased.jsonl	orig	creep__ppt	creep	ppt	200	173	27	0	7	3	2	creeped,crept	creeped	crept	0.0	fisher_exact	True	7	0	1	2	0	1	2		conditioned-cat-only	cat_only_label	100	3	0.992997266270944	72	3	0.0	0.0	0.3328642982033782	0.1912278825334598	0.2732076340104529	0.5852718137094607	0.4668047010138062	10.951517051140403	15.757715232007127	0.6949939689794395	1.0	1.0	0.5653263826507636	0.6865008194552171	0
bert_base_uncased	head_embed_cache_bert_base_uncased.jsonl	orig	creep__ppt	creep	ppt	200	173	27	0	7	3	2	creeped,crept	creeped	crept	0.0	fisher_exact	True	7	0	1	2	0	1	2		conditioned-exclude	conditioned_exclude_label	100	3	0.992997266270944	72	3	0.0	0.0	0.3328642982033782	0.1912278825334598	0.2732076340104529	0.5852718137094607	0.4668047010138062	10.951517051140403	15.757715232007127	0.6949939689794395	1.0	1.0	0.5653263826507636	0.6865008194552171	0
bert_base_uncased	head_embed_cache_bert_base_uncased.jsonl	orig	creep__ppt	creep	ppt	200	173	27	0	7	3	2	creeped,crept	creeped	crept	0.0	fisher_exact	True	7	0	1	2	0	1	2		form	form_label	200	2	1.0	100	100	0.0	0.0	0.3938190415784482	0.23178983817975507	0.33099283442581146	0.5564414255647983	0.5948385925613782	11.624243872333203	15.20931359703258	0.7642845811661847	0.945	0.945	0.7732770949991515	0.727706026904486	0
bert_base_uncased	head_embed_cache_bert_base_uncased.jsonl	orig	creep__ppt	creep	ppt	200	173	27	0	7	3	2	creeped,crept	creeped	crept	0.0	fisher_exact	True	7	0	1	2	0	1	2		raw	raw_label	200	7	2.047756286887821	73	1	0.14285714285714285	0.2857142857142857	0.08033077073114059	0.03593968560411461	0.29472858429628845	0.5043014657107928	0.5844293628631047	10.986983149296067	14.404502030743343	0.7627464750844348	0.905	0.91	0.5389986397738843	0.6164321091895008	0
bert_base_uncased	head_embed_cache_bert_base_uncased.jsonl	orig	creep__pst	creep	pst	199	192	7	0	6	4	2	creeped,crept	creeped	crept	0.0	fisher_exact	True	6	0	1	3	0	1	3		conditioned-cat-only	cat_only_label	150	5	1.6571237065559545	80	2	0.0	0.2	0.24357442237052715	0.12786142503814396	0.3043172798708751	0.5711417421132748	0.5328226908172993	11.441939547426003	15.503782293034227	0.738009559936017	0.8733333333333333	0.8733333333333333	0.4394357546268195	0.5489618310136016	0
bert_base_uncased	head_embed_cache_bert_base_uncased.jsonl	orig	creep__pst	creep	pst	199	192	7	0	6	4	2	creeped,crept	creeped	crept	0.0	fisher_exact	True	6	0	1	3	0	1	3		conditioned-exclude	conditioned_exclude_label	150	5	1.6571237065559545	80	2	0.0	0.2	0.24357442237052715	0.12786142503814396	0.3043172798708751	0.5711417421132748	0.5328226908172993	11.441939547426003	15.503782293034227	0.738009559936017	0.8733333333333333	0.8733333333333333	0.4394357546268195	0.5489618310136016	0
bert_base_uncased	head_embed_cache_bert_base_uncased.jsonl	orig	creep__pst	creep	pst	199	192	7	0	6	4	2	creeped,crept	creeped	crept	0.0	fisher_exact	True	6	0	1	3	0	1	3		form	form_label	199	2	0.9999817845368457	100	99	0.0	0.0	0.3081234342034806	0.1813096807520246	0.3905070434669715	0.5692792723790918	0.6859674370981258	12.659864550910902	15.506390976372932	0.816428824102315	0.9447236180904522	0.9396984924623115	0.7198384036236763	0.6819937059745278	0
bert_base_uncased	head_embed_cache_bert_base_uncased.jsonl	orig	creep__pst	creep	pst	199	192	7	0	6	4	2	creeped,crept	creeped	crept	0.0	fisher_exact	True	6	0	1	3	0	1	3		raw	raw_label	199	6	2.074652806440842	80	1	0.16666666666666666	0.16666666666666666	0.15845328240491252	0.08106808169058916	0.3250814900662449	0.5364117300674682	0.6060297936164766	11.697841200530107	14.954261929970906	0.7822412938404955	0.8442211055276382	0.8442211055276382	0.49413447872637084	0.5774676837804861	0
bert_base_uncased	head_embed_cache_bert_base_uncased.jsonl	orig	disprove__ppt	disprove	ppt	197	197	0	0	1	1	2	disproved,disproven	disproved	disproven		fisher_exact	False	1	1	0	0	1	0	0		conditioned-cat-only	cat_only_label	0	0		0	0															0
bert_base_uncased	head_embed_cache_bert_base_uncased.jsonl	orig	disprove__ppt	disprove	ppt	197	197	0	0	1	1	2	disproved,disproven	disproved	disproven		fisher_exact	False	1	1	0	0	1	0	0		conditioned-exclude	conditioned_exclude_label	197	1	-0.0	197	197	0.0	0.0													0
bert_base_uncased	head_embed_cache_bert_base_uncased.jsonl	orig	disprove__ppt	disprove	ppt	197	197	0	0	1	1	2	disproved,disproven	disproved	disproven		fisher_exact	False	1	1	0	0	1	0	0		form	form_label	197	2	0.9999814128006821	99	98	0.0	0.0	0.12394333499536998	0.0668084876189384	0.2514179874783939	0.2868322161199692	0.8765332948975192	9.132515002645606	9.783838762366411	0.9334286085921484	0.9949238578680203	0.9949238578680203	0.15650991379854354	0.11609610973505566	0
bert_base_uncased	head_embed_cache_bert_base_uncased.jsonl	orig	disprove__ppt	disprove	ppt	197	197	0	0	1	1	2	disproved,disproven	disproved	disproven		fisher_exact	False	1	1	0	0	1	0	0		raw	raw_label	197	1	-0.0	197	197	0.0	0.0													0
bert_base_uncased	head_embed_cache_bert_base_uncased.jsonl	orig	dive__pst	dive	pst	198	182	16	0	7	3	2	dived,dove	dived	dove	0.0014	fisher_exact	True	7	1	2	0	1	2	0		conditioned-cat-only	cat_only_label	0	0		0	0															0
bert_base_uncased	head_embed_cache_bert_base_uncased.jsonl	orig	dive__pst	dive	pst	198	182	16	0	7	3	2	dived,dove	dived	dove	0.0014	fisher_exact	True	7	1	2	0	1	2	0		conditioned-exclude	conditioned_exclude_label	67	1	-0.0	67	67	0.0	0.0													0
bert_base_uncased	head_embed_cache_bert_base_uncased.jsonl	orig	dive__pst	dive	pst	198	182	16	0	7	3	2	dived,dove	dived	dove	0.0014	fisher_exact	True	7	1	2	0	1	2	0		form	form_label	198	2	1.0	99	99	0.0	0.0	0.12714605689658082	0.06760693077599063	0.4404788689056587	0.5051535309782433	0.871970286048797	13.009723553356626	13.955007926021471	0.9322619967200303	0.9797979797979798	0.9797979797979798	0.2120143549759666	0.1667340007964497	0
bert_base_uncased	head_embed_cache_bert_base_uncased.jsonl	orig	dive__pst	dive	pst	198	182	16	0	7	3	2	dived,dove	dived	dove	0.0014	fisher_exact	True	7	1	2	0	1	2	0		raw	raw_label	198	7	1.907799970324791	73	1	0.42857142857142855	0.42857142857142855	-0.021110319683767233	-0.026719124764621762	0.430751633038382	0.49075794590489563	0.8777272719326641	12.871306509864057	13.74302088040859	0.9365703961210444	0.803030303030303	0.797979797979798	0.18816607917387798	0.2784324434210487	0
bert_base_uncased	head_embed_cache_bert_base_uncased.jsonl	orig	dream__ppt	dream	ppt	199	181	18	0	5	3	2	dreamed,dreamt	dreamed	dreamt	0.0015	fisher_exact	True	5	3	0	0	3	0	0		conditioned-cat-only	cat_only_label	0	0		0	0															0
bert_base_uncased	head_embed_cache_bert_base_uncased.jsonl	orig	dream__ppt	dream	ppt	199	181	18	0	5	3	2	dreamed,dreamt	dreamed	dreamt	0.0015	fisher_exact	True	5	3	0	0	3	0	0		conditioned-exclude	conditioned_exclude_label	181	3	1.3099792748760353	111	22	0.0	0.0	0.13518625449873867	0.07086217375202294	0.31474279884240147	0.3929909047331713	0.8008907968394386	11.150172067006523	12.299452405932518	0.9065584140663326	0.8950276243093923	0.8839779005524862	0.15990006999255924	0.21641818852863054	0
bert_base_uncased	head_embed_cache_bert_base_uncased.jsonl	orig	dream__ppt	dream	ppt	199	181	18	0	5	3	2	dreamed,dreamt	dreamed	dreamt	0.0015	fisher_exact	True	5	3	0	0	3	0	0		form	form_label	199	2	0.9999817845368457	100	99	0.0	0.0	0.171928477055709	0.093898360574073	0.33045208556265243	0.39911177197817377	0.8279687765780155	11.31754089445445	12.494707452660371	0.905786785111541	0.9949748743718593	0.9849246231155779	0.6693047126763926	0.6413557625893572	0
bert_base_uncased	head_embed_cache_bert_base_uncased.jsonl	orig	dream__ppt	dream	ppt	199	181	18	0	5	3	2	dreamed,dreamt	dreamed	dreamt	0.0015	fisher_exact	True	5	3	0	0	3	0	0		raw	raw_label	199	5	1.6985903204516677	111	4	0.0	0.0	0.08780788971651798	0.0469982374397418	0.31442033792910923	0.3964279454778815	0.7931336363032766	11.143941398119608	12.385624479135366	0.8997480439434057	0.8442211055276382	0.8391959798994975	0.28613577573192334	0.3752111019380352	0
bert_base_uncased	head_embed_cache_bert_base_uncased.jsonl	orig	dream__pst	dream	pst	197	190	7	0	5	4	2	dreamed,dreamt	dreamed	dreamt	0.0	chi_sq	True	5	0	4	0	0	4	0		conditioned-cat-only	cat_only_label	0	0		0	0															0
bert_base_uncased	head_embed_cache_bert_base_uncased.jsonl	orig	dream__pst	dream	pst	197	190	7	0	5	4	2	dreamed,dreamt	dreamed	dreamt	0.0	chi_sq	True	5	0	4	0	0	4	0		conditioned-exclude	conditioned_exclude_label	0	0		0	0															0
bert_base_uncased	head_embed_cache_bert_base_uncased.jsonl	orig	dream__pst	dream	pst	197	190	7	0	5	4	2	dreamed,dreamt	dreamed	dreamt	0.0	chi_sq	True	5	0	4	0	0	4	0		form	form_label	197	2	0.9999814128006821	99	98	0.0	0.0	0.17680580239276353	0.09722341145536535	0.37030639108894614	0.45168666394745993	0.8198302510255651	11.877904670679893	13.171297838014643	0.9018021471200967	0.9390862944162437	0.9238578680203046	0.55453396185536	0.4500277320138641	0
bert_base_uncased	head_embed_cache_bert_base_uncased.jsonl	orig	dream__pst	dream	pst	197	190	7	0	5	4	2	dreamed,dreamt	dreamed	dreamt	0.0	chi_sq	True	5	0	4	0	0	4	0		raw	raw_label	197	5	2.0094602437853	69	7	0.0	0.0	0.06272549409527713	0.03873739517671436	0.34778488200255925	0.4353323730068558	0.7988950594241292	11.517723080972194	12.91222907170359	0.8920011422514664	0.8121827411167513	0.817258883248731	0.337688219636126	0.40701195565675535	0
bert_base_uncased	head_embed_cache_bert_base_uncased.jsonl	orig	drink__ppt	drink	ppt	200	183	17	0	7	3	2	drank,drunk	drank	drunk	0.0185	fisher_exact	True	7	2	1	0	2	1	0		conditioned-cat-only	cat_only_label	0	0		0	0															0
bert_base_uncased	head_embed_cache_bert_base_uncased.jsonl	orig	drink__ppt	drink	ppt	200	183	17	0	7	3	2	drank,drunk	drank	drunk	0.0185	fisher_exact	True	7	2	1	0	2	1	0		conditioned-exclude	conditioned_exclude_label	132	2	0.7455178428108284	104	28	0.0	0.0	0.05981934297697311	0.04152073244256415	0.31835489607446116	0.3332927593592551	0.9551809546852696	11.41277376304189	11.843188726432516	0.9636571726303751	0.9318181818181818	0.9242424242424242	-0.015935297610703877	-0.004139812914661776	0
bert_base_uncased	head_embed_cache_bert_base_uncased.jsonl	orig	drink__ppt	drink	ppt	200	183	17	0	7	3	2	drank,drunk	drank	drunk	0.0185	fisher_exact	True	7	2	1	0	2	1	0		form	form_label	200	2	1.0	100	100	0.0	0.0	0.1004972244058311	0.05330079938868524	0.29552196296862	0.3285413095175334	0.8994971238246944	10.9374060237556	11.552500106378417	0.9467566261018072	0.93	0.935	0.2667684774440647	0.20709990384168808	0
bert_base_uncased	head_embed_cache_bert_base_uncased.jsonl	orig	drink__ppt	drink	ppt	200	183	17	0	7	3	2	drank,drunk	drank	drunk	0.0185	fisher_exact	True	7	2	1	0	2	1	0		raw	raw_label	200	7	1.8199338849640223	104	1	0.2857142857142857	0.2857142857142857	0.017880610551974683	0.0017572448037970162	0.297168475848416	0.3203326393360479	0.9276871581502149	10.968023749325207	11.399616279496001	0.9621397317603504	0.78	0.79	0.25849907208348294	0.3811085240630536	0
bert_base_uncased	head_embed_cache_bert_base_uncased.jsonl	orig	drive__ppt	drive	ppt	142	93	49	0	15	4	2	driven,drove	driven	drove	0.0	fisher_exact	True	15	0	0	4	0	0	4		conditioned-cat-only	cat_only_label	93	6	2.257035960830074	27	3	0.0	0.0	0.10866123661765126	0.05475061519900029	0.34294988703998736	0.5328855445423231	0.64357138329683	11.325383463216788	14.126402023254812	0.801717482241621	0.7741935483870968	0.7634408602150538	0.4218152147086822	0.5521942687274538	0
bert_base_uncased	head_embed_cache_bert_base_uncased.jsonl	orig	drive__ppt	drive	ppt	142	93	49	0	15	4	2	driven,drove	driven	drove	0.0	fisher_exact	True	15	0	0	4	0	0	4		conditioned-exclude	conditioned_exclude_label	93	6	2.257035960830074	27	3	0.0	0.0	0.10866123661765126	0.05475061519900029	0.34294988703998736	0.5328855445423231	0.64357138329683	11.325383463216788	14.126402023254812	0.801717482241621	0.7741935483870968	0.7634408602150538	0.4218152147086822	0.5521942687274538	0
bert_base_uncased	head_embed_cache_bert_base_uncased.jsonl	orig	drive__ppt	drive	ppt	142	93	49	0	15	4	2	driven,drove	driven	drove	0.0	fisher_exact	True	15	0	0	4	0	0	4		form	form_label	142	2	0.9998568991526107	72	70	0.0	0.0	0.17544788317143495	0.09798262315562059	0.4523384356651483	0.554239685160942	0.8161422716126809	12.982267311908222	14.435416927300476	0.8993344201479878	0.8450704225352113	0.852112676056338	0.36234141902732214	0.2914558518528138	0
bert_base_uncased	head_embed_cache_bert_base_uncased.jsonl	orig	drive__ppt	drive	ppt	142	93	49	0	15	4	2	driven,drove	driven	drove	0.0	fisher_exact	True	15	0	0	4	0	0	4		raw	raw_label	142	15	3.2081115221477225	31	1	0.3333333333333333	0.4	-0.02910046786426896	-0.02696418426751991	0.3552311705484042	0.525222375187137	0.6763443206733817	11.540545163349718	14.029899224081545	0.8225679300348082	0.6690140845070423	0.6690140845070423	0.3800419563945153	0.5071441818263167	0
bert_base_uncased	head_embed_cache_bert_base_uncased.jsonl	orig	eat__ppt	eat	ppt	199	171	28	0	8	2	2	ate,eaten	ate	eaten	0.0053	fisher_exact	True	8	1	1	0	1	1	0		conditioned-cat-only	cat_only_label	0	0		0	0															0
bert_base_uncased	head_embed_cache_bert_base_uncased.jsonl	orig	eat__ppt	eat	ppt	199	171	28	0	8	2	2	ate,eaten	ate	eaten	0.0053	fisher_exact	True	8	1	1	0	1	1	0		conditioned-exclude	conditioned_exclude_label	142	1	-0.0	142	142	0.0	0.0													0
bert_base_uncased	head_embed_cache_bert_base_uncased.jsonl	orig	eat__ppt	eat	ppt	199	171	28	0	8	2	2	ate,eaten	ate	eaten	0.0053	fisher_exact	True	8	1	1	0	1	1	0		form	form_label	199	2	0.9999817845368457	100	99	0.0	0.0	0.0681378873468883	0.0367097914283252	0.34975493129695523	0.3751330281283197	0.9323490737193006	11.479697116050355	11.912414723438383	0.9636750719787626	0.864321608040201	0.864321608040201	0.08936425939775594	0.06545744735031414	0
bert_base_uncased	head_embed_cache_bert_base_uncased.jsonl	orig	eat__ppt	eat	ppt	199	171	28	0	8	2	2	ate,eaten	ate	eaten	0.0053	fisher_exact	True	8	1	1	0	1	1	0		raw	raw_label	199	8	1.4428159561419673	142	1	0.125	0.25	-0.024890034055447877	-0.016887592865863235	0.33120320894520716	0.39841448190535295	0.8313031377807385	11.13682764349006	12.339832851865372	0.9025104130001681	0.7939698492462312	0.7788944723618091	0.11269098659400444	0.20960545934120137	0
bert_base_uncased	head_embed_cache_bert_base_uncased.jsonl	orig	fall__ppt	fall	ppt	200	151	49	0	14	4	2	fallen,fell	fallen	fell	0.0	fisher_exact	True	14	0	2	2	0	2	2		conditioned-cat-only	cat_only_label	69	4	1.5574653812571848	30	4	0.0	0.0	0.10324563006648377	0.048562242903583984	0.34545263089415024	0.5294734737287278	0.6524455861053025	12.426763520799627	15.493698526353223	0.802052750649753	0.8405797101449275	0.8260869565217391	0.5579428641857092	0.6266507786986896	0
bert_base_uncased	head_embed_cache_bert_base_uncased.jsonl	orig	fall__ppt	fall	ppt	200	151	49	0	14	4	2	fallen,fell	fallen	fell	0.0	fisher_exact	True	14	0	2	2	0	2	2		conditioned-exclude	conditioned_exclude_label	69	4	1.5574653812571848	30	4	0.0	0.0	0.10324563006648377	0.048562242903583984	0.34545263089415024	0.5294734737287278	0.6524455861053025	12.426763520799627	15.493698526353223	0.802052750649753	0.8405797101449275	0.8260869565217391	0.5579428641857092	0.6266507786986896	0
bert_base_uncased	head_embed_cache_bert_base_uncased.jsonl	orig	fall__ppt	fall	ppt	200	151	49	0	14	4	2	fallen,fell	fallen	fell	0.0	fisher_exact	True	14	0	2	2	0	2	2		form	form_label	200	2	1.0	100	100	0.0	0.0	0.07974622732354072	0.04393627890892263	0.45700255296700265	0.4979501087787766	0.9177677540583375	14.038237159359072	14.69811631936981	0.9551045082463309	0.85	0.85	0.15658225089003883	0.163725013272305	0
bert_base_uncased	head_embed_cache_bert_base_uncased.jsonl	orig	fall__ppt	fall	ppt	200	151	49	0	14	4	2	fallen,fell	fallen	fell	0.0	fisher_exact	True	14	0	2	2	0	2	2		raw	raw_label	200	14	2.949755162174359	51	1	0.21428571428571427	0.35714285714285715	0.041957372017990976	0.004393449910202906	0.388841458927195	0.49400978300020504	0.7871128716635832	12.939066902969367	14.634753860402665	0.8841328679929953	0.705	0.72	0.3619548542197194	0.46786821617416213	0
bert_base_uncased	head_embed_cache_bert_base_uncased.jsonl	orig	fall__pst	fall	pst	199	0	199	0	22	0	2	fell,felled					False	0	0	0	0	0	0	0	missing_conditioning_forms;missing_conditioning_rows;missing_pair_test;missing_cond_counts	conditioned-cat-only	cat_only_label	0	0		0	0															0
bert_base_uncased	head_embed_cache_bert_base_uncased.jsonl	orig	fall__pst	fall	pst	199	0	199	0	22	0	2	fell,felled					False	0	0	0	0	0	0	0	missing_conditioning_forms;missing_conditioning_rows;missing_pair_test;missing_cond_counts	conditioned-exclude	conditioned_exclude_label	0	0		0	0															0
bert_base_uncased	head_embed_cache_bert_base_uncased.jsonl	orig	fall__pst	fall	pst	199	0	199	0	22	0	2	fell,felled					False	0	0	0	0	0	0	0	missing_conditioning_forms;missing_conditioning_rows;missing_pair_test;missing_cond_counts	form	form_label	199	2	0.9999817845368457	100	99	0.0	0.0	0.17489174318826348	0.09571267571334273	0.4336300952632181	0.5258852033823758	0.8245717743610327	13.518380053687256	14.944005524721199	0.9046021852256683	0.9899497487437185	0.9899497487437185	0.9600010203040507	0.9185752173714274	0
bert_base_uncased	head_embed_cache_bert_base_uncased.jsonl	orig	fall__pst	fall	pst	199	0	199	0	22	0	2	fell,felled					False	0	0	0	0	0	0	0	missing_conditioning_forms;missing_conditioning_rows;missing_pair_test;missing_cond_counts	raw	raw_label	199	22	3.6565111720591474	48	1	0.22727272727272727	0.36363636363636365	0.045213798917393494	0.014632543099219698	0.3522984982260954	0.4951108379143165	0.7115548100505606	11.940805917060777	14.506430681688327	0.8231387981699609	0.7135678391959799	0.7035175879396985	0.32057564943791533	0.5059163787339555	0
bert_base_uncased	head_embed_cache_bert_base_uncased.jsonl	orig	fly__pst	fly	pst	198	171	27	0	14	3	2	flew,flied	flew	flied	0.0	fisher_exact	True	14	0	1	2	0	1	2		conditioned-cat-only	cat_only_label	68	3	0.941917968093368	51	2	0.0	0.3333333333333333	0.2188756544890489	0.13098615249745038	0.3417320396635631	0.4542035515556916	0.7523764147001877	11.568425959448547	13.497715450708197	0.8570654790949512	0.9558823529411765	0.9558823529411765	0.307702418406971	0.4401974536833843	0
bert_base_uncased	head_embed_cache_bert_base_uncased.jsonl	orig	fly__pst	fly	pst	198	171	27	0	14	3	2	flew,flied	flew	flied	0.0	fisher_exact	True	14	0	1	2	0	1	2		conditioned-exclude	conditioned_exclude_label	68	3	0.941917968093368	51	2	0.0	0.3333333333333333	0.2188756544890489	0.13098615249745038	0.3417320396635631	0.4542035515556916	0.7523764147001877	11.568425959448547	13.497715450708197	0.8570654790949512	0.9558823529411765	0.9558823529411765	0.307702418406971	0.4401974536833843	0
bert_base_uncased	head_embed_cache_bert_base_uncased.jsonl	orig	fly__pst	fly	pst	198	171	27	0	14	3	2	flew,flied	flew	flied	0.0	fisher_exact	True	14	0	1	2	0	1	2		form	form_label	198	2	0.999926399368686	100	98	0.0	0.0	0.5090508950782433	0.33488085593082434	0.30892505369346557	0.6469089807058453	0.4775402149408964	10.667595330569503	16.190215418361685	0.6588915005090756	0.9494949494949495	0.9393939393939394	0.7533655526831812	0.6515357710453489	0
bert_base_uncased	head_embed_cache_bert_base_uncased.jsonl	orig	fly__pst	fly	pst	198	171	27	0	14	3	2	flew,flied	flew	flied	0.0	fisher_exact	True	14	0	1	2	0	1	2		raw	raw_label	198	14	2.1414296982592194	103	1	0.14285714285714285	0.5	0.36253667973780085	0.21767486805886657	0.22360989841821577	0.6120070228370823	0.3653714582908328	9.189886326720323	15.663616857662713	0.5867027015682261	0.8636363636363636	0.8484848484848485	0.3941109593062377	0.5051900188761032	0
bert_base_uncased	head_embed_cache_bert_base_uncased.jsonl	orig	forget__ppt	forget	ppt	200	184	16	0	5	3	2	forgot,forgotten	forgot	forgotten	0.0021	fisher_exact	True	5	3	0	0	3	0	0		conditioned-cat-only	cat_only_label	0	0		0	0															0
bert_base_uncased	head_embed_cache_bert_base_uncased.jsonl	orig	forget__ppt	forget	ppt	200	184	16	0	5	3	2	forgot,forgotten	forgot	forgotten	0.0021	fisher_exact	True	5	3	0	0	3	0	0		conditioned-exclude	conditioned_exclude_label	184	3	1.4416232767703003	90	27	0.0	0.0	0.013096503899857885	0.0018376371051242826	0.35648491793570714	0.37359020149283273	0.9542137789246762	11.579118371611736	11.809251447473015	0.980512475588745	0.5815217391304348	0.5815217391304348	0.1274936287589374	0.07986806983844845	0
bert_base_uncased	head_embed_cache_bert_base_uncased.jsonl	orig	forget__ppt	forget	ppt	200	184	16	0	5	3	2	forgot,forgotten	forgot	forgotten	0.0021	fisher_exact	True	5	3	0	0	3	0	0		form	form_label	200	2	1.0	100	100	0.0	0.0	0.0700105094608824	0.036802542895041736	0.36165709033233207	0.3894601351293897	0.9286113204171187	11.700341852251746	12.152182016013533	0.9628181866296625	0.905	0.9	0.032221591554092405	0.032075879497250805	0
bert_base_uncased	head_embed_cache_bert_base_uncased.jsonl	orig	forget__ppt	forget	ppt	200	184	16	0	5	3	2	forgot,forgotten	forgot	forgotten	0.0021	fisher_exact	True	5	3	0	0	3	0	0		raw	raw_label	200	5	1.7933748547876793	90	4	0.0	0.0	-0.0011528654039632744	0.0001714184601958045	0.35605219149172684	0.3854291566450804	0.9237811549882172	11.580496503984559	12.101069919875888	0.9569812075016365	0.57	0.565	0.09038823566177495	0.13799633950898316	0
bert_base_uncased	head_embed_cache_bert_base_uncased.jsonl	orig	hang__ppt	hang	ppt	198	189	9	0	7	4	2	hanged,hung	hanged	hung	0.0	fisher_exact	True	7	0	1	3	0	1	3		conditioned-cat-only	cat_only_label	67	5	1.7041692098588086	30	1	0.4	0.4	0.08342183313359955	0.030255714101545452	0.40625481540480457	0.5112757042554469	0.7945904959368633	12.55540969592483	14.359439737442544	0.8743662653624523	0.8059701492537313	0.8059701492537313	0.2567907398810367	0.3827675663823089	0
bert_base_uncased	head_embed_cache_bert_base_uncased.jsonl	orig	hang__ppt	hang	ppt	198	189	9	0	7	4	2	hanged,hung	hanged	hung	0.0	fisher_exact	True	7	0	1	3	0	1	3		conditioned-exclude	conditioned_exclude_label	67	5	1.7041692098588086	30	1	0.4	0.4	0.08342183313359955	0.030255714101545452	0.40625481540480457	0.5112757042554469	0.7945904959368633	12.55540969592483	14.359439737442544	0.8743662653624523	0.8059701492537313	0.8059701492537313	0.2567907398810367	0.3827675663823089	0
bert_base_uncased	head_embed_cache_bert_base_uncased.jsonl	orig	hang__ppt	hang	ppt	198	189	9	0	7	4	2	hanged,hung	hanged	hung	0.0	fisher_exact	True	7	0	1	3	0	1	3		form	form_label	198	2	0.999926399368686	100	98	0.0	0.0	0.275549302761606	0.15766195590952897	0.3788884207346737	0.5307636594501925	0.7138552423260414	11.968465165223996	14.278303037140802	0.8382274233913902	0.9545454545454546	0.9545454545454546	0.7533831626982094	0.6856130804214714	0
bert_base_uncased	head_embed_cache_bert_base_uncased.jsonl	orig	hang__ppt	hang	ppt	198	189	9	0	7	4	2	hanged,hung	hanged	hung	0.0	fisher_exact	True	7	0	1	3	0	1	3		raw	raw_label	198	7	1.7446180181763304	122	2	0.0	0.2857142857142857	0.23872799224413227	0.12969768282446248	0.33059619329177337	0.5449958978555995	0.6066030856242649	11.105466471833061	14.587378660804221	0.7613065191536478	0.8535353535353535	0.8535353535353535	0.20960868850089232	0.4028637807066937	0
bert_base_uncased	head_embed_cache_bert_base_uncased.jsonl	orig	hang__pst	hang	pst	198	169	29	0	12	4	2	hanged,hung	hanged	hung	0.0	fisher_exact	True	12	0	0	4	0	0	4		conditioned-cat-only	cat_only_label	169	7	1.910016434686177	93	1	0.14285714285714285	0.14285714285714285	0.05216975999374395	0.017377294749868804	0.29985646647548164	0.5887034736685821	0.5093505981999514	11.194094415364598	16.08502695924672	0.6959325864809636	0.9230769230769231	0.9230769230769231	0.3726268203986601	0.612989502645277	0
bert_base_uncased	head_embed_cache_bert_base_uncased.jsonl	orig	hang__pst	hang	pst	198	169	29	0	12	4	2	hanged,hung	hanged	hung	0.0	fisher_exact	True	12	0	0	4	0	0	4		conditioned-exclude	conditioned_exclude_label	169	7	1.910016434686177	93	1	0.14285714285714285	0.14285714285714285	0.05216975999374395	0.017377294749868804	0.29985646647548164	0.5887034736685821	0.5093505981999514	11.194094415364598	16.08502695924672	0.6959325864809636	0.9230769230769231	0.9230769230769231	0.3726268203986601	0.612989502645277	0
bert_base_uncased	head_embed_cache_bert_base_uncased.jsonl	orig	hang__pst	hang	pst	198	169	29	0	12	4	2	hanged,hung	hanged	hung	0.0	fisher_exact	True	12	0	0	4	0	0	4		form	form_label	198	2	1.0	99	99	0.0	0.0	0.29412909758602496	0.1725126290372415	0.42377649972139686	0.6031846699180362	0.7025651029542607	13.356501810689258	16.17126667046705	0.8259403597048903	0.9696969696969697	0.9696969696969697	0.8818612844586871	0.8033688923610912	0
bert_base_uncased	head_embed_cache_bert_base_uncased.jsonl	orig	hang__pst	hang	pst	198	169	29	0	12	4	2	hanged,hung	hanged	hung	0.0	fisher_exact	True	12	0	0	4	0	0	4		raw	raw_label	198	12	2.410290575096467	96	1	0.16666666666666666	0.25	0.191725366998776	0.08732661302180268	0.3088380440141386	0.5946357131878969	0.5193735209048064	11.349664860635334	16.117230695701338	0.7041944782525468	0.8787878787878788	0.8787878787878788	0.3374627776643944	0.5600058105293171	0
bert_base_uncased	head_embed_cache_bert_base_uncased.jsonl	orig	heave__pst	heave	pst	126	92	34	0	15	4	2	heaved,hove	heaved	hove	0.0	fisher_exact	True	15	2	0	2	2	0	2		conditioned-cat-only	cat_only_label	58	2	0.9575534837147482	36	22	0.0	0.0	0.49030066654994864	0.30611565702596777	0.3576367972105096	0.705266159962327	0.5070947927369908	11.338991395718539	16.655848376055452	0.680781377189981	1.0	1.0	1.0	1.0	0
bert_base_uncased	head_embed_cache_bert_base_uncased.jsonl	orig	heave__pst	heave	pst	126	92	34	0	15	4	2	heaved,hove	heaved	hove	0.0	fisher_exact	True	15	2	0	2	2	0	2		conditioned-exclude	conditioned_exclude_label	92	4	1.9235779097042376	36	17	0.0	0.0	0.19520976923429492	0.11179332033079294	0.4024851476563043	0.6233096340285272	0.6457226483970623	11.99260083574318	15.318429042066706	0.7828871226161441	0.75	0.7391304347826086	0.4395633133985634	0.5335180763396061	0
bert_base_uncased	head_embed_cache_bert_base_uncased.jsonl	orig	heave__pst	heave	pst	126	92	34	0	15	4	2	heaved,hove	heaved	hove	0.0	fisher_exact	True	15	2	0	2	2	0	2		form	form_label	126	2	1.0	63	63	0.0	0.0	0.33036162657297247	0.18675710821668903	0.4569604236234214	0.6848752258842152	0.6672170438541676	13.027544741602084	16.05030382707523	0.8116696656935516	1.0	0.9920634920634921	1.0	1.0	0
bert_base_uncased	head_embed_cache_bert_base_uncased.jsonl	orig	heave__pst	heave	pst	126	92	34	0	15	4	2	heaved,hove	heaved	hove	0.0	fisher_exact	True	15	2	0	2	2	0	2		raw	raw_label	126	15	3.0756536995235515	36	1	0.26666666666666666	0.4	-0.026127134394916977	-0.010631954934457535	0.405392952689927	0.6017212456459424	0.673722185519212	12.050335834452461	15.000133760462976	0.803348558545156	0.5952380952380952	0.5873015873015873	0.3119907065475599	0.40317130143077057	0
bert_base_uncased	head_embed_cache_bert_base_uncased.jsonl	orig	kneel__pst	kneel	pst	200	200	0	0	2	2	2	kneeled,knelt	kneeled	knelt	0.2008	chi_sq	False	2	2	0	0	2	0	0		conditioned-cat-only	cat_only_label	0	0		0	0															0
bert_base_uncased	head_embed_cache_bert_base_uncased.jsonl	orig	kneel__pst	kneel	pst	200	200	0	0	2	2	2	kneeled,knelt	kneeled	knelt	0.2008	chi_sq	False	2	2	0	0	2	0	0		conditioned-exclude	conditioned_exclude_label	200	2	0.9927744539878083	110	90	0.0	0.0	0.0971280733590522	0.051050019954375116	0.3587436397906374	0.398541651994036	0.9001408961791673	11.84293645392069	12.486458016858599	0.9484624413048874	0.86	0.86	0.005050249987374375	0.0036915009604562227	0
bert_base_uncased	head_embed_cache_bert_base_uncased.jsonl	orig	kneel__pst	kneel	pst	200	200	0	0	2	2	2	kneeled,knelt	kneeled	knelt	0.2008	chi_sq	False	2	2	0	0	2	0	0		form	form_label	200	2	1.0	100	100	0.0	0.0	0.17304749829309382	0.09246482403811566	0.3425281260736556	0.41419703045181405	0.8269690531098675	11.57093914294964	12.749300139090558	0.9075744563791427	1.0	1.0	1.0	1.0	0
bert_base_uncased	head_embed_cache_bert_base_uncased.jsonl	orig	kneel__pst	kneel	pst	200	200	0	0	2	2	2	kneeled,knelt	kneeled	knelt	0.2008	chi_sq	False	2	2	0	0	2	0	0		raw	raw_label	200	2	0.9927744539878083	110	90	0.0	0.0	0.0971280733590522	0.051050019954375116	0.3587436397906374	0.398541651994036	0.9001408961791673	11.84293645392069	12.486458016858599	0.9484624413048874	0.86	0.86	0.005050249987374375	0.0036915009604562227	0
bert_base_uncased	head_embed_cache_bert_base_uncased.jsonl	orig	knit__ppt	knit	ppt	200	178	22	0	7	2	2	knit,knitted	knit	knitted	0.0041	fisher_exact	True	7	0	2	0	0	2	0		conditioned-cat-only	cat_only_label	0	0		0	0															0
bert_base_uncased	head_embed_cache_bert_base_uncased.jsonl	orig	knit__ppt	knit	ppt	200	178	22	0	7	2	2	knit,knitted	knit	knitted	0.0041	fisher_exact	True	7	0	2	0	0	2	0		conditioned-exclude	conditioned_exclude_label	0	0		0	0															0
bert_base_uncased	head_embed_cache_bert_base_uncased.jsonl	orig	knit__ppt	knit	ppt	200	178	22	0	7	2	2	knit,knitted	knit	knitted	0.0041	fisher_exact	True	7	0	2	0	0	2	0		form	form_label	200	2	1.0	100	100	0.0	0.0	0.15172142557555574	0.08290696798904632	0.3761782392417542	0.4452221323209162	0.8449225946624883	11.486647007043652	12.533735858818696	0.9164583597764018	0.905	0.89	0.10445422274699374	0.07811988250475739	0
bert_base_uncased	head_embed_cache_bert_base_uncased.jsonl	orig	knit__ppt	knit	ppt	200	178	22	0	7	2	2	knit,knitted	knit	knitted	0.0041	fisher_exact	True	7	0	2	0	0	2	0		raw	raw_label	200	7	1.5863227789388623	110	1	0.14285714285714285	0.14285714285714285	0.05550665216204914	0.04013101667380134	0.3406146155693844	0.46138468051468784	0.7382443109932021	10.979778510540944	12.755503793270007	0.8607875226640628	0.87	0.86	0.21980569662931249	0.3473000543025319	0
bert_base_uncased	head_embed_cache_bert_base_uncased.jsonl	orig	knit__pst	knit	pst	188	159	29	0	7	4	2	knit,knitted	knit	knitted	0.0	fisher_exact	True	7	1	3	0	1	3	0		conditioned-cat-only	cat_only_label	0	0		0	0															0
bert_base_uncased	head_embed_cache_bert_base_uncased.jsonl	orig	knit__pst	knit	pst	188	159	29	0	7	4	2	knit,knitted	knit	knitted	0.0	fisher_exact	True	7	1	3	0	1	3	0		conditioned-exclude	conditioned_exclude_label	18	1	-0.0	18	18	0.0	0.0													0
bert_base_uncased	head_embed_cache_bert_base_uncased.jsonl	orig	knit__pst	knit	pst	188	159	29	0	7	4	2	knit,knitted	knit	knitted	0.0	fisher_exact	True	7	1	3	0	1	3	0		form	form_label	188	2	1.0	94	94	0.0	0.0	0.15151753830808132	0.08550821449960676	0.4271296564112509	0.5070402848499767	0.8423978708863936	12.770645493603746	13.991389660146819	0.9127503274374347	0.8351063829787234	0.8351063829787234	0.09115528897269755	0.08832283450813455	0
bert_base_uncased	head_embed_cache_bert_base_uncased.jsonl	orig	knit__pst	knit	pst	188	159	29	0	7	4	2	knit,knitted	knit	knitted	0.0	fisher_exact	True	7	1	3	0	1	3	0		raw	raw_label	188	7	2.2898835660380508	86	6	0.0	0.0	0.10001057820257357	0.06003735253348758	0.3336434235406948	0.5163190564061964	0.646196221892326	11.28377650881789	14.154679119045738	0.7971764258248056	0.8457446808510638	0.8351063829787234	0.4042849292553757	0.5587565774758622	0
bert_base_uncased	head_embed_cache_bert_base_uncased.jsonl	orig	know__pst	know	pst	197	189	8	0	6	3	2	knew,knowed	knew	knowed	0.002	fisher_exact	True	6	1	2	0	1	2	0		conditioned-cat-only	cat_only_label	0	0		0	0															0
bert_base_uncased	head_embed_cache_bert_base_uncased.jsonl	orig	know__pst	know	pst	197	189	8	0	6	3	2	knew,knowed	knew	knowed	0.002	fisher_exact	True	6	1	2	0	1	2	0		conditioned-exclude	conditioned_exclude_label	49	1	-0.0	49	49	0.0	0.0													0
bert_base_uncased	head_embed_cache_bert_base_uncased.jsonl	orig	know__pst	know	pst	197	189	8	0	6	3	2	knew,knowed	knew	knowed	0.002	fisher_exact	True	6	1	2	0	1	2	0		form	form_label	197	2	0.9999814128006821	99	98	0.0	0.0	0.2657906445371102	0.14646912292467235	0.4138336959385853	0.5653446365494859	0.7320025152522368	12.423915056469715	14.557925465372081	0.8534124649849055	0.9949238578680203	0.9949238578680203	0.9796949296222012	0.9589071637589198	0
bert_base_uncased	head_embed_cache_bert_base_uncased.jsonl	orig	know__pst	know	pst	197	189	8	0	6	3	2	knew,knowed	knew	knowed	0.002	fisher_exact	True	6	1	2	0	1	2	0		raw	raw_label	197	6	1.6746332036712905	105	2	0.0	0.3333333333333333	-0.12082674791860727	-0.09269109018597908	0.4817322941738624	0.4949177427755611	0.9733583028812969	13.492281212381291	13.498769318881818	0.9995193557021934	0.5583756345177665	0.5685279187817259	0.08369527231163655	0.11747299691918836	0
bert_base_uncased	head_embed_cache_bert_base_uncased.jsonl	orig	lay__ppt	lay	ppt	200	157	43	0	15	4	2	laid,lain	laid	lain	0.0	fisher_exact	True	15	1	1	2	1	1	2		conditioned-cat-only	cat_only_label	91	3	0.9158897092726221	70	3	0.0	0.0	0.3681461612557949	0.20752291103411996	0.33770473519485755	0.5934005848363727	0.5691007791776578	11.68497686150612	15.458361664171555	0.7559000827745442	0.967032967032967	0.967032967032967	0.907609594388275	0.8240592084568182	0
bert_base_uncased	head_embed_cache_bert_base_uncased.jsonl	orig	lay__ppt	lay	ppt	200	157	43	0	15	4	2	laid,lain	laid	lain	0.0	fisher_exact	True	15	1	1	2	1	1	2		conditioned-exclude	conditioned_exclude_label	111	4	1.431335590566142	70	3	0.0	0.0	0.32612118170343535	0.1865873210201815	0.34528189491215056	0.6050615354659723	0.5706558336190397	11.810503139836051	15.85752532693292	0.7447885402255496	0.9099099099099099	0.9099099099099099	0.5206898271418128	0.6102471653073688	0
bert_base_uncased	head_embed_cache_bert_base_uncased.jsonl	orig	lay__ppt	lay	ppt	200	157	43	0	15	4	2	laid,lain	laid	lain	0.0	fisher_exact	True	15	1	1	2	1	1	2		form	form_label	200	2	1.0	100	100	0.0	0.0	0.25613685563612343	0.14622156524802254	0.4557067909766635	0.6161940904244281	0.7395507325667103	13.560305033362399	15.917243081698262	0.8519254850705972	0.99	0.995	0.9602000804038779	0.92886668476379	0
bert_base_uncased	head_embed_cache_bert_base_uncased.jsonl	orig	lay__ppt	lay	ppt	200	157	43	0	15	4	2	laid,lain	laid	lain	0.0	fisher_exact	True	15	1	1	2	1	1	2		raw	raw_label	200	15	2.791926912298905	73	1	0.26666666666666666	0.3333333333333333	0.03621887748292986	0.009999416221018341	0.40127413250548166	0.5716215911907899	0.7019926096030696	12.719849844423747	15.273363072765813	0.8328126414479547	0.7	0.705	0.2729895064740897	0.42586314777755335	0
bert_base_uncased	head_embed_cache_bert_base_uncased.jsonl	orig	lay__pst	lay	pst	196	162	34	0	17	5	2	laid,lay	laid	lay	0.0	fisher_exact	True	17	0	1	4	0	1	4		conditioned-cat-only	cat_only_label	91	5	1.998985190670653	32	1	0.2	0.2	0.14186428660171882	0.05910695813116614	0.4249234989866564	0.5735169868054103	0.7409083057043426	13.415830600753738	15.6303233161628	0.8583207352391024	0.9120879120879121	0.8901098901098901	0.5710597183048283	0.6350263945755523	0
bert_base_uncased	head_embed_cache_bert_base_uncased.jsonl	orig	lay__pst	lay	pst	196	162	34	0	17	5	2	laid,lay	laid	lay	0.0	fisher_exact	True	17	0	1	4	0	1	4		conditioned-exclude	conditioned_exclude_label	91	5	1.998985190670653	32	1	0.2	0.2	0.14186428660171882	0.05910695813116614	0.4249234989866564	0.5735169868054103	0.7409083057043426	13.415830600753738	15.6303233161628	0.8583207352391024	0.9120879120879121	0.8901098901098901	0.5710597183048283	0.6350263945755523	0
bert_base_uncased	head_embed_cache_bert_base_uncased.jsonl	orig	lay__pst	lay	pst	196	162	34	0	17	5	2	laid,lay	laid	lay	0.0	fisher_exact	True	17	0	1	4	0	1	4		form	form_label	196	2	0.9996995428565171	100	96	0.0	0.0	0.1346102724665418	0.07226270459297447	0.5140498862694108	0.5956459629796976	0.8630124574300725	14.774914188821935	15.932129184747609	0.9273659545119985	0.9387755102040817	0.9387755102040817	0.5994263523103611	0.5296146967402643	0
bert_base_uncased	head_embed_cache_bert_base_uncased.jsonl	orig	lay__pst	lay	pst	196	162	34	0	17	5	2	laid,lay	laid	lay	0.0	fisher_exact	True	17	0	1	4	0	1	4		raw	raw_label	196	17	2.8975064022045585	71	1	0.35294117647058826	0.5294117647058824	-0.01231575960609421	-0.01597687717845534	0.4466480953880927	0.580734744802952	0.7691086152243982	13.870517455000607	15.708443759001906	0.8829975564608014	0.7755102040816326	0.7704081632653061	0.26807978314335396	0.46247593309716933	0
bert_base_uncased	head_embed_cache_bert_base_uncased.jsonl	orig	lead__ppt	lead	ppt	198	182	16	0	6	3	2	lead,led	lead	led	0.0	fisher_exact	True	6	1	2	0	1	2	0		conditioned-cat-only	cat_only_label	0	0		0	0															0
bert_base_uncased	head_embed_cache_bert_base_uncased.jsonl	orig	lead__ppt	lead	ppt	198	182	16	0	6	3	2	lead,led	lead	led	0.0	fisher_exact	True	6	1	2	0	1	2	0		conditioned-exclude	conditioned_exclude_label	50	1	-0.0	50	50	0.0	0.0													0
bert_base_uncased	head_embed_cache_bert_base_uncased.jsonl	orig	lead__ppt	lead	ppt	198	182	16	0	6	3	2	lead,led	lead	led	0.0	fisher_exact	True	6	1	2	0	1	2	0		form	form_label	198	2	0.999926399368686	100	98	0.0	0.0	0.07711377229294876	0.042002671902434036	0.5002057811324668	0.5443836003121775	0.918847997709011	13.827008238330945	14.452310226514795	0.9567334233500853	0.803030303030303	0.803030303030303	0.04453507457347138	0.032463367210406185	0
bert_base_uncased	head_embed_cache_bert_base_uncased.jsonl	orig	lead__ppt	lead	ppt	198	182	16	0	6	3	2	lead,led	lead	led	0.0	fisher_exact	True	6	1	2	0	1	2	0		raw	raw_label	198	6	1.9406797937509739	83	3	0.0	0.0	0.061588201113541095	0.02913004500191195	0.44204289843946043	0.5567788668964785	0.793929016924504	12.965510081322632	14.64411608720366	0.8853733475011285	0.6868686868686869	0.6818181818181818	0.22366056951211985	0.34330711498710553	0
bert_base_uncased	head_embed_cache_bert_base_uncased.jsonl	orig	lead__pst	lead	pst	200	191	9	0	8	5	2	lead,led	lead	led	0.0935	fisher_exact	False	8	4	1	0	4	1	0		conditioned-cat-only	cat_only_label	0	0		0	0															0
bert_base_uncased	head_embed_cache_bert_base_uncased.jsonl	orig	lead__pst	lead	pst	200	191	9	0	8	5	2	lead,led	lead	led	0.0935	fisher_exact	False	8	4	1	0	4	1	0		conditioned-exclude	conditioned_exclude_label	171	4	1.8995310797057041	71	28	0.0	0.0	0.0709424979824733	0.03659194019719758	0.4673935695213962	0.5736822738731099	0.8147254862275505	13.591540687132941	15.172234098271797	0.8958167003685432	0.7543859649122807	0.7543859649122807	0.2869571646904637	0.435867222301628	0
bert_base_uncased	head_embed_cache_bert_base_uncased.jsonl	orig	lead__pst	lead	pst	200	191	9	0	8	5	2	lead,led	lead	led	0.0935	fisher_exact	False	8	4	1	0	4	1	0		form	form_label	200	2	1.0	100	100	0.0	0.0	0.12303505639150338	0.06646148885804744	0.517627895623032	0.5904471256957895	0.8766710397870995	14.405391740198539	15.430678700306895	0.933555290728206	0.99	0.99	0.9799995050507551	0.959418425497274	0
bert_base_uncased	head_embed_cache_bert_base_uncased.jsonl	orig	lead__pst	lead	pst	200	191	9	0	8	5	2	lead,led	lead	led	0.0935	fisher_exact	False	8	4	1	0	4	1	0		raw	raw_label	200	8	2.405949678185288	71	1	0.125	0.25	0.0353022780269836	0.020893549988376156	0.4685527083150813	0.5780656862912998	0.8105527095392536	13.614771171453203	15.284085677723889	0.8907808722438881	0.725	0.715	0.26465376271867463	0.38890670156305274	0
bert_base_uncased	head_embed_cache_bert_base_uncased.jsonl	orig	leap__ppt	leap	ppt	199	193	6	0	4	3	2	leaped,leapt	leaped	leapt	0.7849	fisher_exact	False	4	3	0	0	3	0	0		conditioned-cat-only	cat_only_label	0	0		0	0															0
bert_base_uncased	head_embed_cache_bert_base_uncased.jsonl	orig	leap__ppt	leap	ppt	199	193	6	0	4	3	2	leaped,leapt	leaped	leapt	0.7849	fisher_exact	False	4	3	0	0	3	0	0		conditioned-exclude	conditioned_exclude_label	193	3	1.4136787816545873	110	38	0.0	0.0	0.0992288507811753	0.0586008082346247	0.3931990085124437	0.44789548642870813	0.8778811584988577	12.243721509531543	13.178537112321315	0.9290652980052115	0.8134715025906736	0.8031088082901554	0.296787563389925	0.3573839453551347	0
bert_base_uncased	head_embed_cache_bert_base_uncased.jsonl	orig	leap__ppt	leap	ppt	199	193	6	0	4	3	2	leaped,leapt	leaped	leapt	0.7849	fisher_exact	False	4	3	0	0	3	0	0		form	form_label	199	2	0.9999817845368457	100	99	0.0	0.0	0.04309217166161395	0.022352127938677826	0.4187601910595712	0.4376879931137188	0.9567550347463385	12.657195330144601	12.947036768937528	0.9776132991690953	0.949748743718593	0.949748743718593	0.006162353529324743	0.004426530153482491	0
bert_base_uncased	head_embed_cache_bert_base_uncased.jsonl	orig	leap__ppt	leap	ppt	199	193	6	0	4	3	2	leaped,leapt	leaped	leapt	0.7849	fisher_exact	False	4	3	0	0	3	0	0		raw	raw_label	199	4	1.566202618846508	110	6	0.0	0.0	0.09304121536814049	0.04453256575443219	0.3932091257406374	0.45078261950496273	0.8722810257690259	12.241922119563407	13.162969607953977	0.9300273786369597	0.7989949748743719	0.7839195979899497	0.2277066183089499	0.28916454443423983	0
bert_base_uncased	head_embed_cache_bert_base_uncased.jsonl	orig	leap__pst	leap	pst	199	196	3	0	4	3	2	leaped,leapt	leaped	leapt	0.2713	fisher_exact	False	4	3	0	0	3	0	0		conditioned-cat-only	cat_only_label	0	0		0	0															0
bert_base_uncased	head_embed_cache_bert_base_uncased.jsonl	orig	leap__pst	leap	pst	199	196	3	0	4	3	2	leaped,leapt	leaped	leapt	0.2713	fisher_exact	False	4	3	0	0	3	0	0		conditioned-exclude	conditioned_exclude_label	196	3	0.8545657618096906	161	16	0.0	0.0	0.06731755764960601	0.034380963117344565	0.44558320985668937	0.4910462993014579	0.9074158801126443	13.263295128313121	13.883770806089888	0.9553092825830425	0.826530612244898	0.826530612244898	0.04785584867606174	0.13106655344228535	0
bert_base_uncased	head_embed_cache_bert_base_uncased.jsonl	orig	leap__pst	leap	pst	199	196	3	0	4	3	2	leaped,leapt	leaped	leapt	0.2713	fisher_exact	False	4	3	0	0	3	0	0		form	form_label	199	2	0.9999817845368457	100	99	0.0	0.0	0.032812039294813244	0.017238035403957012	0.45218160138134433	0.4676956934091218	0.9668286617849903	13.3274850350384	13.561145428150953	0.9827698630362367	0.8844221105527639	0.8592964824120602	-0.004134026927784577	-0.003203568463759432	0
bert_base_uncased	head_embed_cache_bert_base_uncased.jsonl	orig	leap__pst	leap	pst	199	196	3	0	4	3	2	leaped,leapt	leaped	leapt	0.2713	fisher_exact	False	4	3	0	0	3	0	0		raw	raw_label	199	4	0.9544983510258352	161	3	0.0	0.0	0.023744139439332717	-0.014979292763846477	0.445577287450438	0.48904306036721185	0.9111207653490956	13.262966638429164	13.812118595440472	0.9602412943954457	0.8090452261306532	0.8090452261306532	0.05241406970356347	0.11933425444183399	0
bert_base_uncased	head_embed_cache_bert_base_uncased.jsonl	orig	learn__ppt	learn	ppt	198	181	17	0	6	3	2	learned,learnt	learned	learnt	0.0303	fisher_exact	True	6	3	0	0	3	0	0		conditioned-cat-only	cat_only_label	0	0		0	0															0
bert_base_uncased	head_embed_cache_bert_base_uncased.jsonl	orig	learn__ppt	learn	ppt	198	181	17	0	6	3	2	learned,learnt	learned	learnt	0.0303	fisher_exact	True	6	3	0	0	3	0	0		conditioned-exclude	conditioned_exclude_label	181	3	1.4210386787869993	92	25	0.0	0.0	0.026942529224003246	0.011185744209591165	0.3689345681456771	0.3899686647319793	0.9460620852684185	12.301822850844651	12.625009232620586	0.9744010973916055	0.7016574585635359	0.6906077348066298	-0.005792459963851623	0.04201685518751319	0
bert_base_uncased	head_embed_cache_bert_base_uncased.jsonl	orig	learn__ppt	learn	ppt	198	181	17	0	6	3	2	learned,learnt	learned	learnt	0.0303	fisher_exact	True	6	3	0	0	3	0	0		form	form_label	198	2	0.999926399368686	100	98	0.0	0.0	0.20882270292940674	0.1128686408327208	0.34245239243352704	0.4324718420404783	0.7918489925674151	11.828929818587627	13.334013769035167	0.8871244640572734	1.0	1.0	1.0	1.0	0
bert_base_uncased	head_embed_cache_bert_base_uncased.jsonl	orig	learn__ppt	learn	ppt	198	181	17	0	6	3	2	learned,learnt	learned	learnt	0.0303	fisher_exact	True	6	3	0	0	3	0	0		raw	raw_label	198	6	1.8291297808422493	92	1	0.16666666666666666	0.16666666666666666	-0.10541013898912442	-0.05129084960187686	0.36872721809455594	0.3972927837065054	0.9280994601879005	12.296792042856659	12.731364489895206	0.9658659959516935	0.5707070707070707	0.5555555555555556	0.0574707563632354	0.12622912597204833	0
bert_base_uncased	head_embed_cache_bert_base_uncased.jsonl	orig	learn__pst	learn	pst	198	196	2	0	5	4	2	learned,learnt	learned	learnt	0.0124	fisher_exact	True	5	3	1	0	3	1	0		conditioned-cat-only	cat_only_label	0	0		0	0															0
bert_base_uncased	head_embed_cache_bert_base_uncased.jsonl	orig	learn__pst	learn	pst	198	196	2	0	5	4	2	learned,learnt	learned	learnt	0.0124	fisher_exact	True	5	3	1	0	3	1	0		conditioned-exclude	conditioned_exclude_label	174	3	1.3841346159601868	89	20	0.0	0.0	0.026515420538794816	0.01586284231966419	0.3835243847112424	0.4230718943330428	0.9065229570871267	12.40492018792481	13.032371728189224	0.9518543858822546	0.6609195402298851	0.6781609195402298	-0.01582967768660676	0.024120150535578918	0
bert_base_uncased	head_embed_cache_bert_base_uncased.jsonl	orig	learn__pst	learn	pst	198	196	2	0	5	4	2	learned,learnt	learned	learnt	0.0124	fisher_exact	True	5	3	1	0	3	1	0		form	form_label	198	2	0.999926399368686	100	98	0.0	0.0	0.19467401115200186	0.10500990061136001	0.3658996785338231	0.45427249275612575	0.8054629861338639	12.140087485587896	13.566519957460194	0.8948564203388131	0.9949494949494949	0.9949494949494949	0.04129748397681654	0.047152835343618825	0
bert_base_uncased	head_embed_cache_bert_base_uncased.jsonl	orig	learn__pst	learn	pst	198	196	2	0	5	4	2	learned,learnt	learned	learnt	0.0124	fisher_exact	True	5	3	1	0	3	1	0		raw	raw_label	198	5	1.7993554043693738	89	2	0.0	0.2	0.012579128009095808	0.002407154606399065	0.3821919247219552	0.42409531807093687	0.9011934544819176	12.392206414689023	13.084752287833023	0.9470722977470525	0.6262626262626263	0.6515151515151515	0.10887726963445245	0.19688059379504574	0
bert_base_uncased	head_embed_cache_bert_base_uncased.jsonl	orig	light__ppt	light	ppt	200	181	19	0	8	2	2	lighted,lit	lighted	lit	0.0007	fisher_exact	True	8	2	0	0	2	0	0		conditioned-cat-only	cat_only_label	0	0		0	0															0
bert_base_uncased	head_embed_cache_bert_base_uncased.jsonl	orig	light__ppt	light	ppt	200	181	19	0	8	2	2	lighted,lit	lighted	lit	0.0007	fisher_exact	True	8	2	0	0	2	0	0		conditioned-exclude	conditioned_exclude_label	181	2	0.9920366649222823	100	81	0.0	0.0	0.09556270294358062	0.05151447108201853	0.348814534227591	0.38538085514641324	0.9051164051599553	11.362875927067975	11.977707792322711	0.9486686538096362	0.9171270718232044	0.9226519337016574	0.1760298710447129	0.12877874040636209	0
bert_base_uncased	head_embed_cache_bert_base_uncased.jsonl	orig	light__ppt	light	ppt	200	181	19	0	8	2	2	lighted,lit	lighted	lit	0.0007	fisher_exact	True	8	2	0	0	2	0	0		form	form_label	200	2	1.0	100	100	0.0	0.0	0.0890376616971058	0.046980447159291235	0.36385828764333245	0.4001174310158062	0.9093787459336122	11.573616913039794	12.149588520922785	0.9525933238898493	0.94	0.935	0.20777822662088466	0.16614378999216728	0
bert_base_uncased	head_embed_cache_bert_base_uncased.jsonl	orig	light__ppt	light	ppt	200	181	19	0	8	2	2	lighted,lit	lighted	lit	0.0007	fisher_exact	True	8	2	0	0	2	0	0		raw	raw_label	200	8	1.564208781564072	100	1	0.25	0.375	0.02695081698693431	0.009311131517053822	0.34883235119002953	0.40550109372925564	0.8602500870760595	11.361731914527377	12.216226779557529	0.9300524719744028	0.825	0.83	0.15455691617459552	0.24883809388539532	0
bert_base_uncased	head_embed_cache_bert_base_uncased.jsonl	orig	light__pst	light	pst	200	174	26	0	11	3	2	lighted,lit	lighted	lit	0.0	fisher_exact	True	11	2	1	0	2	1	0		conditioned-cat-only	cat_only_label	0	0		0	0															0
bert_base_uncased	head_embed_cache_bert_base_uncased.jsonl	orig	light__pst	light	pst	200	174	26	0	11	3	2	lighted,lit	lighted	lit	0.0	fisher_exact	True	11	2	1	0	2	1	0		conditioned-exclude	conditioned_exclude_label	126	2	0.8049277932345738	95	31	0.0	0.0	0.13670329922349114	0.06698192502409146	0.3688469330294963	0.4285022892797239	0.860781709356785	12.452704173112872	13.297215773243213	0.9364895919167022	0.9206349206349206	0.9206349206349206	0.1278845163284228	0.1711778184789273	0
bert_base_uncased	head_embed_cache_bert_base_uncased.jsonl	orig	light__pst	light	pst	200	174	26	0	11	3	2	lighted,lit	lighted	lit	0.0	fisher_exact	True	11	2	1	0	2	1	0		form	form_label	200	2	1.0	100	100	0.0	0.0	0.08809989609993085	0.047301907943839705	0.42003171177446974	0.46193418678851356	0.9092890801060629	13.196186644711785	13.865572318312928	0.9517231847172256	0.83	0.83	0.1116519850026954	0.09868974006876481	0
bert_base_uncased	head_embed_cache_bert_base_uncased.jsonl	orig	light__pst	light	pst	200	174	26	0	11	3	2	lighted,lit	lighted	lit	0.0	fisher_exact	True	11	2	1	0	2	1	0		raw	raw_label	200	11	2.154803285379464	95	1	0.2727272727272727	0.2727272727272727	0.04068167843269989	0.012102208371091733	0.36681179942939746	0.4739516229874851	0.773943545371261	12.414609371694446	14.027195952519069	0.885038564636646	0.85	0.855	0.23373333904130617	0.4229202593869008	0
bert_base_uncased	head_embed_cache_bert_base_uncased.jsonl	orig	plead__ppt	plead	ppt	199	177	22	0	9	2	2	pleaded,pled	pleaded	pled	0.001	fisher_exact	True	9	1	0	1	1	0	1		conditioned-cat-only	cat_only_label	25	2	0.6343095546405662	21	4	0.0	0.0	0.31110097014313975	0.174072765601672	0.3339908203204536	0.4820772821734189	0.6928159294598458	11.015865515485464	13.317491518967321	0.8271727073973514	1.0	1.0	-0.09363008442056792	-0.020170217445888622	0
bert_base_uncased	head_embed_cache_bert_base_uncased.jsonl	orig	plead__ppt	plead	ppt	199	177	22	0	9	2	2	pleaded,pled	pleaded	pled	0.001	fisher_exact	True	9	1	0	1	1	0	1		conditioned-exclude	conditioned_exclude_label	177	3	0.6770764657791616	152	4	0.0	0.0	0.34389416090065783	0.1525104475967125	0.2838220629617416	0.5611944299355911	0.505746400573356	11.575471127155637	15.46174567579954	0.7486522783306007	0.9774011299435028	0.9717514124293786	0.3093320482785208	0.4868671341094907	0
bert_base_uncased	head_embed_cache_bert_base_uncased.jsonl	orig	plead__ppt	plead	ppt	199	177	22	0	9	2	2	pleaded,pled	pleaded	pled	0.001	fisher_exact	True	9	1	0	1	1	0	1		form	form_label	199	2	0.9999817845368457	100	99	0.0	0.0	0.2647948530066727	0.1557556949278186	0.3173674427706902	0.42839471199369744	0.7408295057931511	11.746484588168562	13.882499605699039	0.8461361369926781	1.0	1.0	0.47153324868825625	0.49759151305408245	0
bert_base_uncased	head_embed_cache_bert_base_uncased.jsonl	orig	plead__ppt	plead	ppt	199	177	22	0	9	2	2	pleaded,pled	pleaded	pled	0.001	fisher_exact	True	9	1	0	1	1	0	1		raw	raw_label	199	9	1.316244945976663	152	1	0.1111111111111111	0.3333333333333333	0.18194185316747769	0.08116664121801767	0.28547781118443544	0.5043057307674829	0.5660808389981571	11.589434421839146	14.660196266329582	0.7905374669817261	0.8743718592964824	0.8894472361809045	0.16185749492420468	0.33820639368177585	0
bert_base_uncased	head_embed_cache_bert_base_uncased.jsonl	orig	plead__pst	plead	pst	199	192	7	0	7	2	2	pleaded,pled	pleaded	pled	0.0001	fisher_exact	True	7	1	0	1	1	0	1		conditioned-cat-only	cat_only_label	29	2	0.6631968402398287	24	5	0.0	0.0	0.29813673507737026	0.14792024684810753	0.3586623649997276	0.519756802165223	0.6900580492753495	11.923376276612958	13.987118291626617	0.8524540958340849	1.0	1.0	-0.020100502512562814	-0.030606178930787875	0
bert_base_uncased	head_embed_cache_bert_base_uncased.jsonl	orig	plead__pst	plead	pst	199	192	7	0	7	2	2	pleaded,pled	pleaded	pled	0.0001	fisher_exact	True	7	1	0	1	1	0	1		conditioned-exclude	conditioned_exclude_label	192	3	0.712611304724228	163	5	0.0	0.0	0.4288869493106102	0.21365143319542046	0.29229415214272725	0.5841298194918962	0.5003924511112591	11.73294621250327	15.964197159195189	0.7349537277385247	0.984375	0.984375	0.32403737230484336	0.5025579918385252	0
bert_base_uncased	head_embed_cache_bert_base_uncased.jsonl	orig	plead__pst	plead	pst	199	192	7	0	7	2	2	pleaded,pled	pleaded	pled	0.0001	fisher_exact	True	7	1	0	1	1	0	1		form	form_label	199	2	0.9999817845368457	100	99	0.0	0.0	0.2415110439194348	0.14070048573031566	0.32453306241296687	0.4272492597504755	0.7595871847794481	11.954554461669147	13.894264620199607	0.8603949031091224	1.0	1.0	0.49971239339687873	0.5171983326795285	0
bert_base_uncased	head_embed_cache_bert_base_uncased.jsonl	orig	plead__pst	plead	pst	199	192	7	0	7	2	2	pleaded,pled	pleaded	pled	0.0001	fisher_exact	True	7	1	0	1	1	0	1		raw	raw_label	199	7	0.8892671431649289	163	1	0.42857142857142855	0.7142857142857143	0.1091071633215516	0.01988530363976673	0.29431740509993415	0.5590413818430199	0.5264680123135843	11.752930241946155	15.55840303705522	0.7554072364595759	0.9246231155778895	0.9346733668341709	0.15165504004903713	0.322004382621176	0
bert_base_uncased	head_embed_cache_bert_base_uncased.jsonl	orig	prove__ppt	prove	ppt	199	193	6	0	5	3	2	proved,proven	proved	proven	0.0092	fisher_exact	True	5	1	2	0	1	2	0		conditioned-cat-only	cat_only_label	0	0		0	0															0
bert_base_uncased	head_embed_cache_bert_base_uncased.jsonl	orig	prove__ppt	prove	ppt	199	193	6	0	5	3	2	proved,proven	proved	proven	0.0092	fisher_exact	True	5	1	2	0	1	2	0		conditioned-exclude	conditioned_exclude_label	38	1	-0.0	38	38	0.0	0.0													0
bert_base_uncased	head_embed_cache_bert_base_uncased.jsonl	orig	prove__ppt	prove	ppt	199	193	6	0	5	3	2	proved,proven	proved	proven	0.0092	fisher_exact	True	5	1	2	0	1	2	0		form	form_label	199	2	0.9999817845368457	100	99	0.0	0.0	0.03390544991047061	0.017791802082168896	0.41870644012615643	0.43350661438558086	0.965859403828472	12.709262771878874	12.937721672745013	0.9823416435563445	0.8291457286432161	0.8291457286432161	-0.0007764434604279111	-0.0005463115337752623	0
bert_base_uncased	head_embed_cache_bert_base_uncased.jsonl	orig	prove__ppt	prove	ppt	199	193	6	0	5	3	2	proved,proven	proved	proven	0.0092	fisher_exact	True	5	1	2	0	1	2	0		raw	raw_label	199	5	1.6396834687515796	100	1	0.2	0.2	-0.03572026133925174	-0.01817375958956541	0.3884576971234408	0.4476030975109819	0.8678619502044667	12.13771958133285	13.214889621603861	0.918488154565435	0.7889447236180904	0.8090452261306532	0.3593030916464818	0.3824936756664951	0
bert_base_uncased	head_embed_cache_bert_base_uncased.jsonl	orig	ring__ppt	ring	ppt	200	151	49	0	18	3	2	ringed,rung	ringed	rung	0.0	fisher_exact	True	18	0	0	3	0	0	3		conditioned-cat-only	cat_only_label	151	3	1.3195617324326887	91	18	0.0	0.0	0.3084750497178788	0.1986967139383402	0.3149906579144924	0.524856616710597	0.6001461120726929	10.480615645272364	14.128317246129624	0.7418162731406298	0.9933774834437086	0.9933774834437086	0.6272857588889789	0.7080892660362129	0
bert_base_uncased	head_embed_cache_bert_base_uncased.jsonl	orig	ring__ppt	ring	ppt	200	151	49	0	18	3	2	ringed,rung	ringed	rung	0.0	fisher_exact	True	18	0	0	3	0	0	3		conditioned-exclude	conditioned_exclude_label	151	3	1.3195617324326887	91	18	0.0	0.0	0.3084750497178788	0.1986967139383402	0.3149906579144924	0.524856616710597	0.6001461120726929	10.480615645272364	14.128317246129624	0.7418162731406298	0.9933774834437086	0.9933774834437086	0.6272857588889789	0.7080892660362129	0
bert_base_uncased	head_embed_cache_bert_base_uncased.jsonl	orig	ring__ppt	ring	ppt	200	151	49	0	18	3	2	ringed,rung	ringed	rung	0.0	fisher_exact	True	18	0	0	3	0	0	3		form	form_label	200	2	1.0	100	100	0.0	0.0	0.41074516090461605	0.2401380673414238	0.336077416762927	0.5700894149617091	0.5895170265273215	11.130076425654185	14.648535991224122	0.7598081086275221	1.0	1.0	1.0	1.0	0
bert_base_uncased	head_embed_cache_bert_base_uncased.jsonl	orig	ring__ppt	ring	ppt	200	151	49	0	18	3	2	ringed,rung	ringed	rung	0.0	fisher_exact	True	18	0	0	3	0	0	3		raw	raw_label	200	18	2.6489532526715847	91	1	0.2222222222222222	0.5555555555555556	0.09729859953403369	0.050787346568823374	0.314985716272694	0.5030116613431026	0.6261996301072695	10.485567413894143	13.756471146672737	0.7622279945267996	0.88	0.865	0.23502044816294163	0.4970368377465167	0
bert_base_uncased	head_embed_cache_bert_base_uncased.jsonl	orig	see__ppt	see	ppt	199	195	4	0	8	5	2	saw,seen	saw	seen	0.0008	fisher_exact	True	8	3	1	1	3	1	1		conditioned-cat-only	cat_only_label	19	2	0.4854607607459134	17	2	0.0	0.5	0.12210234169522342	0.05928011695858887	0.43866088181825724	0.5077364617023572	0.863953871556711	12.974225719511415	13.849357071229264	0.9368106875130072	0.8421052631578947	0.8421052631578947	0.002386634844868735	0.07504302328495706	0
bert_base_uncased	head_embed_cache_bert_base_uncased.jsonl	orig	see__ppt	see	ppt	199	195	4	0	8	5	2	saw,seen	saw	seen	0.0008	fisher_exact	True	8	3	1	1	3	1	1		conditioned-exclude	conditioned_exclude_label	108	5	1.9809080920530442	37	2	0.0	0.2	0.007819753179994521	0.0034055286808148174	0.4253883504540649	0.47587889561660834	0.8939004321737749	12.76901707515068	13.508526821629111	0.9452560774210872	0.5185185185185185	0.5185185185185185	0.18118148351418353	0.28565305747177205	0
bert_base_uncased	head_embed_cache_bert_base_uncased.jsonl	orig	see__ppt	see	ppt	199	195	4	0	8	5	2	saw,seen	saw	seen	0.0008	fisher_exact	True	8	3	1	1	3	1	1		form	form_label	199	2	0.9999817845368457	100	99	0.0	0.0	0.047012465478773476	0.02500486800746287	0.4499225069297945	0.4730343260206377	0.9511413489053332	13.203242881086416	13.551722832383733	0.9742851919562157	0.864321608040201	0.8542713567839196	0.01683980628427163	0.05791829138216313	0
bert_base_uncased	head_embed_cache_bert_base_uncased.jsonl	orig	see__ppt	see	ppt	199	195	4	0	8	5	2	saw,seen	saw	seen	0.0008	fisher_exact	True	8	3	1	1	3	1	1		raw	raw_label	199	8	2.1725562040364252	87	1	0.25	0.375	-0.05109842820202865	-0.027799696450498446	0.4350772947764877	0.47140037565110593	0.922946432054815	13.016065514671464	13.51341990207195	0.9631955203786549	0.5527638190954773	0.5527638190954773	0.05072311226017912	0.1261621541951022	0
bert_base_uncased	head_embed_cache_bert_base_uncased.jsonl	orig	see__pst	see	pst	198	181	17	0	7	4	2	saw,seen	saw	seen	0.0	fisher_exact	True	7	2	2	0	2	2	0		conditioned-cat-only	cat_only_label	0	0		0	0															0
bert_base_uncased	head_embed_cache_bert_base_uncased.jsonl	orig	see__pst	see	pst	198	181	17	0	7	4	2	saw,seen	saw	seen	0.0	fisher_exact	True	7	2	2	0	2	2	0		conditioned-exclude	conditioned_exclude_label	48	2	0.8960382325345574	33	15	0.0	0.0	0.020033152723811825	0.013478540963360578	0.4487667006500637	0.45724569282802147	0.9814563760556911	13.590865696044833	13.780396846529824	0.9862463213073056	0.6666666666666666	0.6458333333333334	0.024742035098290278	0.03709482836203504	0
bert_base_uncased	head_embed_cache_bert_base_uncased.jsonl	orig	see__pst	see	pst	198	181	17	0	7	4	2	saw,seen	saw	seen	0.0	fisher_exact	True	7	2	2	0	2	2	0		form	form_label	198	2	1.0	99	99	0.0	0.0	0.170494994338552	0.09395012511895462	0.42236338923225314	0.5109718988944357	0.8265882921274137	13.104339908723174	14.479438853258886	0.9050309229196256	0.9848484848484849	0.9848484848484849	0.9010387791806893	0.8362113857531686	0
bert_base_uncased	head_embed_cache_bert_base_uncased.jsonl	orig	see__pst	see	pst	198	181	17	0	7	4	2	saw,seen	saw	seen	0.0	fisher_exact	True	7	2	2	0	2	2	0		raw	raw_label	198	7	2.0003727600551207	102	1	0.14285714285714285	0.2857142857142857	-0.003425298248940204	-0.012779017329885662	0.42351292455496414	0.4877913484875139	0.8682255760954828	13.20230870165389	14.081100631973506	0.9375906789328547	0.6212121212121212	0.6161616161616161	0.1173866808443502	0.2197638080297093	0
bert_base_uncased	head_embed_cache_bert_base_uncased.jsonl	orig	sew__ppt	sew	ppt	199	191	8	0	6	4	2	sewed,sewn	sewed	sewn	0.0	fisher_exact	True	6	2	1	1	2	1	1		conditioned-cat-only	cat_only_label	17	2	0.3227569588973982	16	1	0.5	0.5	-0.06284683890179099	-0.032477623850319146	0.3578260517446035	0.33959619725331125	1.0536809735760801	10.856406518921794	10.53029691625843	1.0309686996726428	0.9375	0.9375	0.050761421319796954	0.0321571014632975	0
bert_base_uncased	head_embed_cache_bert_base_uncased.jsonl	orig	sew__ppt	sew	ppt	199	191	8	0	6	4	2	sewed,sewn	sewed	sewn	0.0	fisher_exact	True	6	2	1	1	2	1	1		conditioned-exclude	conditioned_exclude_label	138	4	1.3194303380904073	88	1	0.25	0.25	0.049715180726240996	0.030276849332928044	0.32896265186885276	0.38437111451375133	0.855846444874004	11.018497678203373	11.895086498255989	0.926306646010423	0.7898550724637681	0.8043478260869565	0.1108786135361738	0.24960597044714286	0
bert_base_uncased	head_embed_cache_bert_base_uncased.jsonl	orig	sew__ppt	sew	ppt	199	191	8	0	6	4	2	sewed,sewn	sewed	sewn	0.0	fisher_exact	True	6	2	1	1	2	1	1		form	form_label	199	2	0.9999817845368457	100	99	0.0	0.0	0.07576875116382933	0.04111614990067531	0.3501862891296999	0.3792892172270708	0.9232698247787315	11.360381503369323	11.850662970592813	0.9586283511361252	0.8994974874371859	0.8894472361809045	-0.0031364157432174247	-0.0032493320792957242	0
bert_base_uncased	head_embed_cache_bert_base_uncased.jsonl	orig	sew__ppt	sew	ppt	199	191	8	0	6	4	2	sewed,sewn	sewed	sewn	0.0	fisher_exact	True	6	2	1	1	2	1	1		raw	raw_label	199	6	1.9885761744531139	88	4	0.0	0.0	0.023454024874640513	0.01664298438250342	0.32828870849052655	0.3803563851919034	0.8631081829345212	11.007463033662578	11.861839855227462	0.9279726558449224	0.7135678391959799	0.7185929648241206	0.3484345672073985	0.40416198361622724	0
bert_base_uncased	head_embed_cache_bert_base_uncased.jsonl	orig	shake__ppt	shake	ppt	199	151	48	0	14	3	2	shaken,shook	shaken	shook	0.0	fisher_exact	True	14	2	0	1	2	0	1		conditioned-cat-only	cat_only_label	27	2	0.228538143953528	26	1	0.5	0.5	0.02055528798710685	-0.018320997190717184	0.3401892561362134	0.34902099190891217	0.9746956888627385	10.563445783916256	10.345196242961169	1.021096703806231	1.0	1.0	0.07317073170731707	0.04781026054651721	0
bert_base_uncased	head_embed_cache_bert_base_uncased.jsonl	orig	shake__ppt	shake	ppt	199	151	48	0	14	3	2	shaken,shook	shaken	shook	0.0	fisher_exact	True	14	2	0	1	2	0	1		conditioned-exclude	conditioned_exclude_label	151	4	1.3004169799446244	100	1	0.25	0.25	0.05721836777372749	-0.0005646672825279602	0.3766242094397636	0.4432647437817043	0.8496597456107194	11.992812981576407	12.661585878019839	0.9471809532481706	0.8013245033112583	0.7880794701986755	0.1375529825412183	0.19153024040272354	0
bert_base_uncased	head_embed_cache_bert_base_uncased.jsonl	orig	shake__ppt	shake	ppt	199	151	48	0	14	3	2	shaken,shook	shaken	shook	0.0	fisher_exact	True	14	2	0	1	2	0	1		form	form_label	199	2	0.9999817845368457	100	99	0.0	0.0	0.11469667873188213	0.06333046132146687	0.41288346067836357	0.46657385212444613	0.8849262743687529	12.424392617228596	13.267147759917043	0.9364780465297451	0.9296482412060302	0.9296482412060302	0.1616052392659315	0.12669598222037895	0
bert_base_uncased	head_embed_cache_bert_base_uncased.jsonl	orig	shake__ppt	shake	ppt	199	151	48	0	14	3	2	shaken,shook	shaken	shook	0.0	fisher_exact	True	14	2	0	1	2	0	1		raw	raw_label	199	14	2.49894562246034	100	1	0.07142857142857142	0.2857142857142857	0.010198688444016868	-0.00032885538799088066	0.37624300978135394	0.4658860078101198	0.8075859834251526	11.984846008533758	13.200894045331973	0.9078813879861245	0.7286432160804021	0.7135678391959799	0.14150524892713193	0.27868948058912474	0
bert_base_uncased	head_embed_cache_bert_base_uncased.jsonl	orig	shine__ppt	shine	ppt	200	152	48	0	14	5	2	shined,shone	shined	shone	0.0	fisher_exact	True	14	2	1	2	2	1	2		conditioned-cat-only	cat_only_label	66	3	1.1917799109131832	38	3	0.0	0.0	0.24966873545964777	0.15550448368685021	0.2634687399030998	0.43862461909513994	0.6006702050756346	9.58051334485979	12.594803821753839	0.7606718993361576	0.9848484848484849	1.0	0.8389627620457979	0.7664841647016711	0
bert_base_uncased	head_embed_cache_bert_base_uncased.jsonl	orig	shine__ppt	shine	ppt	200	152	48	0	14	5	2	shined,shone	shined	shone	0.0	fisher_exact	True	14	2	1	2	2	1	2		conditioned-exclude	conditioned_exclude_label	125	5	2.082330182273108	38	3	0.0	0.0	0.12319106028564876	0.07971543017076045	0.3064827297837475	0.44575826068030716	0.6875536738590101	10.53397016416171	12.814019086055215	0.8220660585424947	0.888	0.88	0.6756442408185509	0.6846622062061261	0
bert_base_uncased	head_embed_cache_bert_base_uncased.jsonl	orig	shine__ppt	shine	ppt	200	152	48	0	14	5	2	shined,shone	shined	shone	0.0	fisher_exact	True	14	2	1	2	2	1	2		form	form_label	200	2	1.0	100	100	0.0	0.0	0.16676762990550123	0.09109898478027155	0.37780752387015465	0.4544641855084954	0.8313251867084523	11.70729780191017	12.884995385090756	0.9085993011263861	0.97	0.965	0.5604291574629221	0.5599520833551115	0
bert_base_uncased	head_embed_cache_bert_base_uncased.jsonl	orig	shine__ppt	shine	ppt	200	152	48	0	14	5	2	shined,shone	shined	shone	0.0	fisher_exact	True	14	2	1	2	2	1	2		raw	raw_label	200	14	3.2207250530792884	38	1	0.07142857142857142	0.14285714285714285	0.017913172331003122	0.0006949146294515795	0.31050914734715906	0.4314212000108602	0.7197354866644072	10.577595227831955	12.544640304540863	0.8431963747898866	0.675	0.68	0.35089932522410594	0.47777204792672	0
bert_base_uncased	head_embed_cache_bert_base_uncased.jsonl	orig	shine__pst	shine	pst	200	150	50	0	12	5	2	shined,shone	shined	shone	0.0	fisher_exact	True	12	2	2	1	2	2	1		conditioned-cat-only	cat_only_label	21	2	0.5916727785823275	18	3	0.0	0.0	0.22846493395306053	0.111888210528792	0.31139226600558406	0.4337101586937994	0.7179731896144675	11.075642750173264	12.852952149068381	0.8617197529188699	0.9047619047619048	0.9047619047619048	-0.12179487179487179	-0.00920605827375385	0
bert_base_uncased	head_embed_cache_bert_base_uncased.jsonl	orig	shine__pst	shine	pst	200	150	50	0	12	5	2	shined,shone	shined	shone	0.0	fisher_exact	True	12	2	2	1	2	2	1		conditioned-exclude	conditioned_exclude_label	58	4	1.7881154191537951	21	3	0.0	0.0	0.16126513753498853	0.0820923104562593	0.33636651665363965	0.44377068426184674	0.7579737206236153	11.341727817329131	13.076299015567052	0.8673499897659918	0.896551724137931	0.896551724137931	0.3636157085707949	0.47996439016629683	0
bert_base_uncased	head_embed_cache_bert_base_uncased.jsonl	orig	shine__pst	shine	pst	200	150	50	0	12	5	2	shined,shone	shined	shone	0.0	fisher_exact	True	12	2	2	1	2	2	1		form	form_label	200	2	1.0	100	100	0.0	0.0	0.14521573017269235	0.07864685429849336	0.38891843096362816	0.45725225770748357	0.8505555181149693	12.15896012638886	13.214371243919048	0.9201315675147341	0.95	0.945	0.3101556313331286	0.23975783050325086	0
bert_base_uncased	head_embed_cache_bert_base_uncased.jsonl	orig	shine__pst	shine	pst	200	150	50	0	12	5	2	shined,shone	shined	shone	0.0	fisher_exact	True	12	2	2	1	2	2	1		raw	raw_label	200	12	3.0701172563259624	52	2	0.0	0.08333333333333333	0.01641957810606509	0.004526650635944149	0.3468947191873734	0.4361575323796915	0.7953427223753379	11.564886929439744	12.87927648504297	0.8979453886924735	0.625	0.61	0.20920726579790835	0.38635284348656007	0
bert_base_uncased	head_embed_cache_bert_base_uncased.jsonl	orig	show__ppt	show	ppt	200	149	51	0	12	2	2	showed,shown	showed	shown	0.0	fisher_exact	True	12	2	0	0	2	0	0		conditioned-cat-only	cat_only_label	0	0		0	0															0
bert_base_uncased	head_embed_cache_bert_base_uncased.jsonl	orig	show__ppt	show	ppt	200	149	51	0	12	2	2	showed,shown	showed	shown	0.0	fisher_exact	True	12	2	0	0	2	0	0		conditioned-exclude	conditioned_exclude_label	149	2	0.9137564309378818	100	49	0.0	0.0	0.12869384145641602	0.06391053796030703	0.4372012785379552	0.5117174682622514	0.8543802110618839	13.021481073113549	13.970127518092367	0.932094646684488	0.87248322147651	0.8590604026845637	0.5448536928856498	0.40566039853617214	0
bert_base_uncased	head_embed_cache_bert_base_uncased.jsonl	orig	show__ppt	show	ppt	200	149	51	0	12	2	2	showed,shown	showed	shown	0.0	fisher_exact	True	12	2	0	0	2	0	0		form	form_label	200	2	1.0	100	100	0.0	0.0	0.034134617568527294	0.018353408245756	0.4816088654156873	0.5000876183727387	0.9630489692642653	13.579518987031982	13.846073765373282	0.9807487102222502	0.745	0.745	0.02758385248749586	0.020398461145712872	0
bert_base_uncased	head_embed_cache_bert_base_uncased.jsonl	orig	show__ppt	show	ppt	200	149	51	0	12	2	2	showed,shown	showed	shown	0.0	fisher_exact	True	12	2	0	0	2	0	0		raw	raw_label	200	12	2.248905291198184	100	1	0.16666666666666666	0.25	-0.056122318518813386	-0.0435581308802918	0.43549835751265803	0.5165740828080022	0.8430511169770047	12.993018410590194	14.047435506611713	0.9249388192225381	0.65	0.65	0.12860525370064202	0.30411281425164477	0
bert_base_uncased	head_embed_cache_bert_base_uncased.jsonl	orig	sink__pst	sink	pst	196	129	67	0	20	6	2	sank,sunk	sank	sunk	0.0041	fisher_exact	True	20	2	2	2	2	2	2		conditioned-cat-only	cat_only_label	31	4	1.5295649314577098	14	1	0.25	0.25	0.28676198158820293	0.15717606696032463	0.2798600804247044	0.5412378209012135	0.5170741393473024	10.337765773027016	14.64959701861268	0.7056689518416531	0.967741935483871	0.9032258064516129	0.570346187014907	0.5755726899337298	0
bert_base_uncased	head_embed_cache_bert_base_uncased.jsonl	orig	sink__pst	sink	pst	196	129	67	0	20	6	2	sank,sunk	sank	sunk	0.0041	fisher_exact	True	20	2	2	2	2	2	2		conditioned-exclude	conditioned_exclude_label	70	6	2.224815054088116	20	1	0.16666666666666666	0.16666666666666666	0.2598710124223471	0.13720266714377047	0.32168542742307826	0.5382726354495803	0.5976254526749213	11.500079552371643	15.081261011068465	0.7625409800898933	0.9285714285714286	0.9	0.7239393494930915	0.7413129376111871	0
bert_base_uncased	head_embed_cache_bert_base_uncased.jsonl	orig	sink__pst	sink	pst	196	129	67	0	20	6	2	sank,sunk	sank	sunk	0.0041	fisher_exact	True	20	2	2	2	2	2	2		form	form_label	196	2	0.9996995428565171	100	96	0.0	0.0	0.07074073760354488	0.03881493060961549	0.5056449009549118	0.5441524941791234	0.9292338202321356	14.054119828947249	14.610690998974954	0.9619065812789585	0.8724489795918368	0.8724489795918368	-0.004441333365516909	-0.003906300131846317	0
bert_base_uncased	head_embed_cache_bert_base_uncased.jsonl	orig	sink__pst	sink	pst	196	129	67	0	20	6	2	sank,sunk	sank	sunk	0.0041	fisher_exact	True	20	2	2	2	2	2	2		raw	raw_label	196	20	3.7778429228251267	37	1	0.05	0.15	0.10427591797765683	0.04926422861786721	0.35315830089676453	0.5416379141480345	0.6520191657045692	11.670498139059829	14.591752514333308	0.7998009922109106	0.7142857142857143	0.7091836734693877	0.3991451693697043	0.555091127789146	0
bert_base_uncased	head_embed_cache_bert_base_uncased.jsonl	orig	slink__pst	slink	pst	144	133	11	0	2	1	2	slinked,slunk	slinked	slunk	0.2082	fisher_exact	False	2	1	0	0	1	0	0		conditioned-cat-only	cat_only_label	0	0		0	0															0
bert_base_uncased	head_embed_cache_bert_base_uncased.jsonl	orig	slink__pst	slink	pst	144	133	11	0	2	1	2	slinked,slunk	slinked	slunk	0.2082	fisher_exact	False	2	1	0	0	1	0	0		conditioned-exclude	conditioned_exclude_label	133	1	-0.0	133	133	0.0	0.0													0
bert_base_uncased	head_embed_cache_bert_base_uncased.jsonl	orig	slink__pst	slink	pst	144	133	11	0	2	1	2	slinked,slunk	slinked	slunk	0.2082	fisher_exact	False	2	1	0	0	1	0	0		form	form_label	144	2	1.0	72	72	0.0	0.0	0.06743688977034774	0.0353245434806967	0.36680347761343496	0.3932795154379697	0.9326788281992006	12.119383569684121	12.562322146205942	0.9647407086550797	0.9583333333333334	0.9444444444444444	0.005439005439005439	0.003954232946076476	0
bert_base_uncased	head_embed_cache_bert_base_uncased.jsonl	orig	slink__pst	slink	pst	144	133	11	0	2	1	2	slinked,slunk	slinked	slunk	0.2082	fisher_exact	False	2	1	0	0	1	0	0		raw	raw_label	144	2	0.3893256144515589	133	11	0.0	0.0	0.06972856564931187	0.022383086623584195	0.3758430102569244	0.40604174708879065	0.9256265222766304	12.302121268882358	12.585597844237162	0.9774761136607741	0.8819444444444444	0.8680555555555556	-0.006798756798756799	0.004899662621577429	0
bert_base_uncased	head_embed_cache_bert_base_uncased.jsonl	orig	smelt__pst	smelt	pst	199	0	199	0	6	0	2	smelled,smelt					False	0	0	0	0	0	0	0	missing_conditioning_forms;missing_conditioning_rows;missing_pair_test;missing_cond_counts	conditioned-cat-only	cat_only_label	0	0		0	0															0
bert_base_uncased	head_embed_cache_bert_base_uncased.jsonl	orig	smelt__pst	smelt	pst	199	0	199	0	6	0	2	smelled,smelt					False	0	0	0	0	0	0	0	missing_conditioning_forms;missing_conditioning_rows;missing_pair_test;missing_cond_counts	conditioned-exclude	conditioned_exclude_label	0	0		0	0															0
bert_base_uncased	head_embed_cache_bert_base_uncased.jsonl	orig	smelt__pst	smelt	pst	199	0	199	0	6	0	2	smelled,smelt					False	0	0	0	0	0	0	0	missing_conditioning_forms;missing_conditioning_rows;missing_pair_test;missing_cond_counts	form	form_label	199	2	0.9999817845368457	100	99	0.0	0.0	0.22017711307197477	0.11887940132508766	0.3388242665902372	0.43511246791133973	0.7787050281888898	11.88202787793939	13.488595690774567	0.8808943607128814	1.0	1.0	1.0	1.0	0
bert_base_uncased	head_embed_cache_bert_base_uncased.jsonl	orig	smelt__pst	smelt	pst	199	0	199	0	6	0	2	smelled,smelt					False	0	0	0	0	0	0	0	missing_conditioning_forms;missing_conditioning_rows;missing_pair_test;missing_cond_counts	raw	raw_label	199	6	1.7693046996354274	99	3	0.0	0.0	-0.029140249421848837	-0.016740600586890645	0.3515428681963777	0.40776658581810443	0.8621178890640959	12.161306507650277	12.99367593180887	0.9359404198991196	0.7587939698492462	0.7587939698492462	0.2812322571086894	0.3323417337913093	0
bert_base_uncased	head_embed_cache_bert_base_uncased.jsonl	orig	sneak__ppt	sneak	ppt	200	200	0	0	3	3	2	sneaked,snuck	sneaked	snuck	0.8644	chi_sq	False	3	3	0	0	3	0	0		conditioned-cat-only	cat_only_label	0	0		0	0															0
bert_base_uncased	head_embed_cache_bert_base_uncased.jsonl	orig	sneak__ppt	sneak	ppt	200	200	0	0	3	3	2	sneaked,snuck	sneaked	snuck	0.8644	chi_sq	False	3	3	0	0	3	0	0		conditioned-exclude	conditioned_exclude_label	200	3	1.2903714221731157	121	20	0.0	0.0	0.06744973612009822	0.03820764197025167	0.38223400013679676	0.42758328884331337	0.8939404558368166	12.126566455721898	12.86208852385049	0.942814725091909	0.87	0.85	0.06571778780432078	0.06231690862583874	0
bert_base_uncased	head_embed_cache_bert_base_uncased.jsonl	orig	sneak__ppt	sneak	ppt	200	200	0	0	3	3	2	sneaked,snuck	sneaked	snuck	0.8644	chi_sq	False	3	3	0	0	3	0	0		form	form_label	200	2	1.0	100	100	0.0	0.0	0.11625837207087553	0.06141781144115754	0.3813335496962726	0.43182604721484386	0.8830721355410734	12.123243951374496	12.91973288398912	0.9383509752278486	0.985	0.98	0.18087641555883802	0.13963541815687347	0
bert_base_uncased	head_embed_cache_bert_base_uncased.jsonl	orig	sneak__ppt	sneak	ppt	200	200	0	0	3	3	2	sneaked,snuck	sneaked	snuck	0.8644	chi_sq	False	3	3	0	0	3	0	0		raw	raw_label	200	3	1.2903714221731157	121	20	0.0	0.0	0.06744973612009822	0.03820764197025167	0.38223400013679676	0.42758328884331337	0.8939404558368166	12.126566455721898	12.86208852385049	0.942814725091909	0.87	0.85	0.06571778780432078	0.06231690862583874	0
bert_base_uncased	head_embed_cache_bert_base_uncased.jsonl	orig	sneak__pst	sneak	pst	200	188	12	0	3	2	2	sneaked,snuck	sneaked	snuck	0.2469	chi_sq	False	3	2	0	0	2	0	0		conditioned-cat-only	cat_only_label	0	0		0	0															0
bert_base_uncased	head_embed_cache_bert_base_uncased.jsonl	orig	sneak__pst	sneak	pst	200	188	12	0	3	2	2	sneaked,snuck	sneaked	snuck	0.2469	chi_sq	False	3	2	0	0	2	0	0		conditioned-exclude	conditioned_exclude_label	188	2	0.8196004346196011	140	48	0.0	0.0	0.09818834915548513	0.03676434549886582	0.4140199851215316	0.46378638346369505	0.8926954302312777	12.839743086785294	13.250042018195582	0.969034141110885	0.9148936170212766	0.898936170212766	0.07024687962424814	0.12364544698551214	0
bert_base_uncased	head_embed_cache_bert_base_uncased.jsonl	orig	sneak__pst	sneak	pst	200	188	12	0	3	2	2	sneaked,snuck	sneaked	snuck	0.2469	chi_sq	False	3	2	0	0	2	0	0		form	form_label	200	2	1.0	100	100	0.0	0.0	0.095709143700965	0.04997804503976498	0.41303234697714997	0.4570811787980127	0.9036301780425569	12.73728384498771	13.409765647299443	0.9498513381964164	0.97	0.975	0.3689546033722863	0.289976717894327	0
bert_base_uncased	head_embed_cache_bert_base_uncased.jsonl	orig	sneak__pst	sneak	pst	200	188	12	0	3	2	2	sneaked,snuck	sneaked	snuck	0.2469	chi_sq	False	3	2	0	0	2	0	0		raw	raw_label	200	3	1.0978693276969014	140	12	0.0	0.0	0.0626722852261228	0.03401635722778105	0.4135882537717905	0.46142980602171035	0.8963188948230428	12.835502671837041	13.366949125582103	0.9602417538398524	0.875	0.855	0.12387983466299106	0.15045997058381538	0
bert_base_uncased	head_embed_cache_bert_base_uncased.jsonl	orig	speak__ppt	speak	ppt	199	183	16	0	9	5	2	spoke,spoken	spoke	spoken	0.0092	fisher_exact	True	9	2	3	0	2	3	0		conditioned-cat-only	cat_only_label	0	0		0	0															0
bert_base_uncased	head_embed_cache_bert_base_uncased.jsonl	orig	speak__ppt	speak	ppt	199	183	16	0	9	5	2	spoke,spoken	spoke	spoken	0.0092	fisher_exact	True	9	2	3	0	2	3	0		conditioned-exclude	conditioned_exclude_label	102	2	0.9182958340544896	68	34	0.0	0.0	0.19422864893311395	0.10484485536178656	0.3589960511936475	0.45555088864831106	0.7880481854811952	11.755248276246347	13.259787423889996	0.886533690205852	0.9411764705882353	0.9411764705882353	0.49373465993549653	0.5089362971411855	0
bert_base_uncased	head_embed_cache_bert_base_uncased.jsonl	orig	speak__ppt	speak	ppt	199	183	16	0	9	5	2	spoke,spoken	spoke	spoken	0.0092	fisher_exact	True	9	2	3	0	2	3	0		form	form_label	199	2	0.9999817845368457	100	99	0.0	0.0	0.035243733909803406	0.01881843047929375	0.4302083740558387	0.4460878409754371	0.9644028250470231	12.823722241552051	13.071037619410697	0.981079131966434	0.7788944723618091	0.7738693467336684	0.05135454339618023	0.042409174457022414	0
bert_base_uncased	head_embed_cache_bert_base_uncased.jsonl	orig	speak__ppt	speak	ppt	199	183	16	0	9	5	2	spoke,spoken	spoke	spoken	0.0092	fisher_exact	True	9	2	3	0	2	3	0		raw	raw_label	199	9	2.5511990759137424	68	2	0.0	0.2222222222222222	0.033969899962851505	0.014657373982765832	0.36653923578740655	0.456338358856966	0.8032181136503891	11.857466824249816	13.224259891052535	0.8966450237621627	0.7638190954773869	0.7638190954773869	0.21809954155236308	0.3514766967123244	0
bert_base_uncased	head_embed_cache_bert_base_uncased.jsonl	orig	speak__pst	speak	pst	196	144	52	0	12	3	2	spake,spoke	spake	spoke	0.0	fisher_exact	True	12	1	0	2	1	0	2		conditioned-cat-only	cat_only_label	47	4	1.4843559791259084	22	2	0.0	0.25	0.019426117019776045	-0.010084830818194578	0.3330193037716866	0.5620414368821559	0.5925173517793694	11.116351841142995	14.34135788355103	0.7751254749658685	0.8723404255319149	0.851063829787234	0.44880958973957447	0.5598260744835628	0
bert_base_uncased	head_embed_cache_bert_base_uncased.jsonl	orig	speak__pst	speak	pst	196	144	52	0	12	3	2	spake,spoke	spake	spoke	0.0	fisher_exact	True	12	1	0	2	1	0	2		conditioned-exclude	conditioned_exclude_label	144	5	1.3956715937889608	97	2	0.0	0.2	-0.19040638491570652	-0.12160100560321682	0.4538622476855821	0.4869121646902641	0.9321234518227619	12.958465963940723	13.374255152445864	0.9689112265493827	0.3680555555555556	0.3819444444444444	0.04806929663186599	0.18300648923209661	0
bert_base_uncased	head_embed_cache_bert_base_uncased.jsonl	orig	speak__pst	speak	pst	196	144	52	0	12	3	2	spake,spoke	spake	spoke	0.0	fisher_exact	True	12	1	0	2	1	0	2		form	form_label	196	2	0.9999248896252453	99	97	0.0	0.0	0.40790460822766783	0.23947187284870006	0.35036790415305763	0.5924409943448995	0.5913971306804692	11.345296036405609	14.908840046094873	0.7609777823981231	0.9846938775510204	0.9846938775510204	0.9394020200148167	0.9005456228089125	0
bert_base_uncased	head_embed_cache_bert_base_uncased.jsonl	orig	speak__pst	speak	pst	196	144	52	0	12	3	2	spake,spoke	spake	spoke	0.0	fisher_exact	True	12	1	0	2	1	0	2		raw	raw_label	196	12	2.484929949462546	97	1	0.08333333333333333	0.16666666666666666	-0.22782688711996235	-0.12862033581850751	0.4525284440807498	0.4796669256473722	0.9434222371492562	12.922135213949359	13.220044575624648	0.977465328503916	0.32653061224489793	0.32653061224489793	0.052660158559689155	0.16544270505070535	0
bert_base_uncased	head_embed_cache_bert_base_uncased.jsonl	orig	speed__ppt	speed	ppt	200	195	5	0	6	3	2	sped,speeded	sped	speeded	0.0001	fisher_exact	True	6	2	0	1	2	0	1		conditioned-cat-only	cat_only_label	22	2	0.4394969869215134	20	2	0.0	0.5	0.1278522605765862	0.018016122819207767	0.4126797745620628	0.4731882394126945	0.872126017067261	12.998178386629998	13.024758520993416	0.9979592608707044	0.9090909090909091	0.9090909090909091	-0.06091370558375635	-0.046494647641609405	0
bert_base_uncased	head_embed_cache_bert_base_uncased.jsonl	orig	speed__ppt	speed	ppt	200	195	5	0	6	3	2	sped,speeded	sped	speeded	0.0001	fisher_exact	True	6	2	0	1	2	0	1		conditioned-exclude	conditioned_exclude_label	195	4	1.124605607249479	145	2	0.0	0.25	0.03719375619953343	0.02599266258779395	0.3673851832813273	0.4381387631375731	0.8385133071779144	11.620458379211227	12.973483431717222	0.8957084225198796	0.9025641025641026	0.9025641025641026	0.1860095698435318	0.30800485498816127	0
bert_base_uncased	head_embed_cache_bert_base_uncased.jsonl	orig	speed__ppt	speed	ppt	200	195	5	0	6	3	2	sped,speeded	sped	speeded	0.0001	fisher_exact	True	6	2	0	1	2	0	1		form	form_label	200	2	1.0	100	100	0.0	0.0	0.14417125855098026	0.07852105656567308	0.37021203181349327	0.43340124274746833	0.8542015926548836	11.734431788735622	12.742373383575735	0.9208984414050134	0.99	0.985	0.7910551708568828	0.7076967690728809	0
bert_base_uncased	head_embed_cache_bert_base_uncased.jsonl	orig	speed__ppt	speed	ppt	200	195	5	0	6	3	2	sped,speeded	sped	speeded	0.0001	fisher_exact	True	6	2	0	1	2	0	1		raw	raw_label	200	6	1.251080494864913	145	1	0.3333333333333333	0.3333333333333333	0.0121055181297103	0.010338992627040496	0.3677696474105177	0.4446791816509068	0.8270448957046823	11.625337210683194	13.009875869322936	0.8935778732597702	0.88	0.875	-0.004035069195323189	0.10634462174249622	0
bert_base_uncased	head_embed_cache_bert_base_uncased.jsonl	orig	speed__pst	speed	pst	199	191	8	0	6	3	2	sped,speeded	sped	speeded	0.0	fisher_exact	True	6	0	2	1	0	2	1		conditioned-cat-only	cat_only_label	73	2	0.24729443986205676	70	3	0.0	0.0	0.18092311844535017	0.0802118185749347	0.35673102671713564	0.4392472525148466	0.8121417371986365	12.469743549907387	13.608080040419914	0.9163484865512739	0.9726027397260274	0.9452054794520548	-0.0058093078501241764	-0.020991499797454762	0
bert_base_uncased	head_embed_cache_bert_base_uncased.jsonl	orig	speed__pst	speed	pst	199	191	8	0	6	3	2	sped,speeded	sped	speeded	0.0	fisher_exact	True	6	0	2	1	0	2	1		conditioned-exclude	conditioned_exclude_label	73	2	0.24729443986205676	70	3	0.0	0.0	0.18092311844535017	0.0802118185749347	0.35673102671713564	0.4392472525148466	0.8121417371986365	12.469743549907387	13.608080040419914	0.9163484865512739	0.9726027397260274	0.9452054794520548	-0.0058093078501241764	-0.020991499797454762	0
bert_base_uncased	head_embed_cache_bert_base_uncased.jsonl	orig	speed__pst	speed	pst	199	191	8	0	6	3	2	sped,speeded	sped	speeded	0.0	fisher_exact	True	6	0	2	1	0	2	1		form	form_label	199	2	0.9999817845368457	100	99	0.0	0.0	0.18886260629731885	0.10561732503052218	0.40499331165552094	0.5041685311317645	0.8032895483309646	12.858014510512078	14.41853092841382	0.8917700821498731	0.8743718592964824	0.8693467336683417	0.36651749912764536	0.28398837372281144	0
bert_base_uncased	head_embed_cache_bert_base_uncased.jsonl	orig	speed__pst	speed	pst	199	191	8	0	6	3	2	sped,speeded	sped	speeded	0.0	fisher_exact	True	6	0	2	1	0	2	1		raw	raw_label	199	6	1.7818363464743725	75	1	0.16666666666666666	0.16666666666666666	0.012048612450218616	-0.014569288454498163	0.3810624675634281	0.48963083991313167	0.7782648405705708	12.49024819531306	14.185637162365433	0.8804855257717821	0.7738693467336684	0.7688442211055276	0.24975746198317067	0.339245929320151	0
bert_base_uncased	head_embed_cache_bert_base_uncased.jsonl	orig	spell__ppt	spell	ppt	148	135	13	0	7	3	2	spelled,spelt	spelled	spelt	0.0	fisher_exact	True	7	0	2	1	0	2	1		conditioned-cat-only	cat_only_label	20	2	0.4689955935892812	18	2	0.0	0.5	0.37679969465485524	0.2209744272417072	0.24385473266130567	0.3900479613695028	0.6251916605463183	9.388415065354435	12.04078082683839	0.7797181262886254	1.0	1.0	0.1215323645970938	0.14053260732916797	0
bert_base_uncased	head_embed_cache_bert_base_uncased.jsonl	orig	spell__ppt	spell	ppt	148	135	13	0	7	3	2	spelled,spelt	spelled	spelt	0.0	fisher_exact	True	7	0	2	1	0	2	1		conditioned-exclude	conditioned_exclude_label	20	2	0.4689955935892812	18	2	0.0	0.5	0.37679969465485524	0.2209744272417072	0.24385473266130567	0.3900479613695028	0.6251916605463183	9.388415065354435	12.04078082683839	0.7797181262886254	1.0	1.0	0.1215323645970938	0.14053260732916797	0
bert_base_uncased	head_embed_cache_bert_base_uncased.jsonl	orig	spell__ppt	spell	ppt	148	135	13	0	7	3	2	spelled,spelt	spelled	spelt	0.0	fisher_exact	True	7	0	2	1	0	2	1		form	form_label	148	2	1.0	74	74	0.0	0.0	0.22063269488363313	0.12346191184210124	0.3629485378328651	0.46716590522305	0.776915724745739	11.736428549263575	13.398785825039404	0.8759322450942348	0.9797297297297297	0.972972972972973	0.21855151844835025	0.17257975511169643	0
bert_base_uncased	head_embed_cache_bert_base_uncased.jsonl	orig	spell__ppt	spell	ppt	148	135	13	0	7	3	2	spelled,spelt	spelled	spelt	0.0	fisher_exact	True	7	0	2	1	0	2	1		raw	raw_label	148	7	1.9000235960255685	58	1	0.2857142857142857	0.2857142857142857	-0.006285682486586405	-0.03130918266160684	0.348778665958418	0.4465442675336659	0.7810617923387021	11.562370321470787	13.045574238934826	0.8863059693426617	0.7905405405405406	0.7837837837837838	0.3271053179483822	0.4593577451133859	0
bert_base_uncased	head_embed_cache_bert_base_uncased.jsonl	orig	spill__ppt	spill	ppt	151	141	10	0	5	2	2	spilled,spilt	spilled	spilt	0.0	fisher_exact	True	5	1	0	1	1	0	1		conditioned-cat-only	cat_only_label	16	1	-0.0	16	16	0.0	0.0													0
bert_base_uncased	head_embed_cache_bert_base_uncased.jsonl	orig	spill__ppt	spill	ppt	151	141	10	0	5	2	2	spilled,spilt	spilled	spilt	0.0	fisher_exact	True	5	1	0	1	1	0	1		conditioned-exclude	conditioned_exclude_label	141	2	0.5103099652870143	125	16	0.0	0.0	0.2493443307894438	0.1559051123434427	0.3891575997768499	0.5087556122118572	0.7649205049256459	12.103928982028293	14.18996082650241	0.8529924169643892	0.9716312056737588	0.9858156028368794	0.05202284013337722	0.16004827443892752	0
bert_base_uncased	head_embed_cache_bert_base_uncased.jsonl	orig	spill__ppt	spill	ppt	151	141	10	0	5	2	2	spilled,spilt	spilled	spilt	0.0	fisher_exact	True	5	1	0	1	1	0	1		form	form_label	151	2	0.9999683631071745	76	75	0.0	0.0	0.2858674941910412	0.16191910037081023	0.34702516314206633	0.4866896073848898	0.7130317924944464	11.463988991987838	13.679087803344395	0.8380667743930273	1.0	1.0	1.0	1.0	0
bert_base_uncased	head_embed_cache_bert_base_uncased.jsonl	orig	spill__ppt	spill	ppt	151	141	10	0	5	2	2	spilled,spilt	spilled	spilt	0.0	fisher_exact	True	5	1	0	1	1	0	1		raw	raw_label	151	5	0.9265665700577865	125	2	0.0	0.2	-0.06786745294996821	-0.040941105406797844	0.3891569554774995	0.4818465178097613	0.8076367496571664	12.103636786512913	13.667732093614308	0.8855629232129774	0.7880794701986755	0.7880794701986755	0.20084298711116477	0.34776044415693336	0
bert_base_uncased	head_embed_cache_bert_base_uncased.jsonl	orig	spill__pst	spill	pst	126	117	9	0	6	4	2	spilled,spilt	spilled	spilt	0.0	fisher_exact	True	6	1	1	2	1	1	2		conditioned-cat-only	cat_only_label	38	3	1.2448406699719212	18	2	0.0	0.3333333333333333	0.21719057559340116	0.11781739487814084	0.41506106161880896	0.542625112516855	0.7649131085983721	13.03273984176404	14.886969682737716	0.8754461196274376	0.9473684210526315	0.8947368421052632	0.8988418512290685	0.8725974826989169	0
bert_base_uncased	head_embed_cache_bert_base_uncased.jsonl	orig	spill__pst	spill	pst	126	117	9	0	6	4	2	spilled,spilt	spilled	spilt	0.0	fisher_exact	True	6	1	1	2	1	1	2		conditioned-exclude	conditioned_exclude_label	55	4	1.7521930161941324	18	2	0.0	0.25	0.12611219704682544	0.06306730588955368	0.4256099964649128	0.5408736772696926	0.7868935286578819	13.036054701214972	14.696096273612106	0.8870420047956642	0.8363636363636363	0.8363636363636363	0.6082060971250575	0.6140693505408155	0
bert_base_uncased	head_embed_cache_bert_base_uncased.jsonl	orig	spill__pst	spill	pst	126	117	9	0	6	4	2	spilled,spilt	spilled	spilt	0.0	fisher_exact	True	6	1	1	2	1	1	2		form	form_label	126	2	0.9992728962127291	65	61	0.0	0.0	0.23101659981217906	0.12690671311510962	0.43319879336380934	0.5626531064510419	0.7699216238158337	13.030107138863748	14.889564857929393	0.8751167185335577	1.0	1.0	1.0	1.0	0
bert_base_uncased	head_embed_cache_bert_base_uncased.jsonl	orig	spill__pst	spill	pst	126	117	9	0	6	4	2	spilled,spilt	spilled	spilt	0.0	fisher_exact	True	6	1	1	2	1	1	2		raw	raw_label	126	6	2.0237541181907823	62	1	0.16666666666666666	0.16666666666666666	0.0148626461140049	0.008203016245530086	0.4111858620895887	0.5365534328720181	0.7663465312086954	12.666673470483328	14.535358881217508	0.8714386465442637	0.8174603174603174	0.8174603174603174	0.37215166613768585	0.500904545854518	0
bert_base_uncased	head_embed_cache_bert_base_uncased.jsonl	orig	spit__ppt	spit	ppt	199	189	10	0	5	3	2	spat,spit	spat	spit	0.5544	fisher_exact	False	5	3	0	0	3	0	0		conditioned-cat-only	cat_only_label	0	0		0	0															0
bert_base_uncased	head_embed_cache_bert_base_uncased.jsonl	orig	spit__ppt	spit	ppt	199	189	10	0	5	3	2	spat,spit	spat	spit	0.5544	fisher_exact	False	5	3	0	0	3	0	0		conditioned-exclude	conditioned_exclude_label	189	3	1.2025754555942125	129	22	0.0	0.0	0.23414575454258857	0.11392503161014123	0.32819297505766704	0.48096925010334923	0.6823574999589805	11.794185377251821	13.92432939186816	0.8470199925132231	0.8835978835978836	0.8518518518518519	0.5525946651479807	0.5880383273978322	0
bert_base_uncased	head_embed_cache_bert_base_uncased.jsonl	orig	spit__ppt	spit	ppt	199	189	10	0	5	3	2	spat,spit	spat	spit	0.5544	fisher_exact	False	5	3	0	0	3	0	0		form	form_label	199	2	0.9999817845368457	100	99	0.0	0.0	0.10758186401552444	0.05987219903956842	0.3814452562671647	0.42633460016180014	0.8947086540065027	12.445723534756054	13.235353145607414	0.9403393621489107	0.9798994974874372	0.9798994974874372	-0.0019987633990609177	-0.0014362190709713916	0
bert_base_uncased	head_embed_cache_bert_base_uncased.jsonl	orig	spit__ppt	spit	ppt	199	189	10	0	5	3	2	spat,spit	spat	spit	0.5544	fisher_exact	False	5	3	0	0	3	0	0		raw	raw_label	199	5	1.4738938214127781	129	3	0.0	0.0	0.0651437942726629	0.027084554661166247	0.32826998967045123	0.47054236802257693	0.6976417257599652	11.793994430562421	13.76377112829745	0.85688684595421	0.7939698492462312	0.7788944723618091	0.29052199890757036	0.43583260643487837	0
bert_base_uncased	head_embed_cache_bert_base_uncased.jsonl	orig	spit__pst	spit	pst	200	109	91	0	6	3	2	spat,spit	spat	spit	0.0	fisher_exact	True	6	2	2	1	2	1	0		conditioned-cat-only	cat_only_label	0	0		0	0															0
bert_base_uncased	head_embed_cache_bert_base_uncased.jsonl	orig	spit__pst	spit	pst	200	109	91	0	6	3	2	spat,spit	spat	spit	0.0	fisher_exact	True	6	2	2	1	2	1	0		conditioned-exclude	conditioned_exclude_label	84	2	0.9666186325481028	51	33	0.0	0.0	0.03989914449384253	0.020098349622678174	0.36019313963024974	0.3771142016718769	0.9551301383861698	12.086431758371392	12.34201580336729	0.9792915477448856	0.6785714285714286	0.6785714285714286	0.00864389022816567	-0.005378439795482637	0
bert_base_uncased	head_embed_cache_bert_base_uncased.jsonl	orig	spit__pst	spit	pst	200	109	91	0	6	3	2	spat,spit	spat	spit	0.0	fisher_exact	True	6	2	2	1	2	1	0		form	form_label	200	2	1.0	100	100	0.0	0.0	0.11565713047084625	0.06329895638555684	0.4157969576137708	0.4712607139847064	0.8823077020319254	13.014451021619832	13.90676696064747	0.9358358458473734	0.94	0.935	0.08706392417826174	0.12602254457490478	0
bert_base_uncased	head_embed_cache_bert_base_uncased.jsonl	orig	spit__pst	spit	pst	200	109	91	0	6	3	2	spat,spit	spat	spit	0.0	fisher_exact	True	6	2	2	1	2	1	0		raw	raw_label	200	6	2.3130864681626897	51	1	0.16666666666666666	0.16666666666666666	0.027739916683667473	0.0063531829460229715	0.39544826533597144	0.45611951849970206	0.8669838700100043	12.691617972937994	13.661998414202849	0.9289722914726692	0.69	0.69	0.30056922556570304	0.34324825938109255	0
bert_base_uncased	head_embed_cache_bert_base_uncased.jsonl	orig	spring__pst	spring	pst	200	132	68	0	16	3	2	sprang,sprung	sprang	sprung	0.0218	fisher_exact	True	16	3	0	0	3	0	0		conditioned-cat-only	cat_only_label	0	0		0	0															0
bert_base_uncased	head_embed_cache_bert_base_uncased.jsonl	orig	spring__pst	spring	pst	200	132	68	0	16	3	2	sprang,sprung	sprang	sprung	0.0218	fisher_exact	True	16	3	0	0	3	0	0		conditioned-exclude	conditioned_exclude_label	132	3	1.375432844317455	76	19	0.0	0.0	0.10110212817473518	0.05760841797085659	0.4269207017209514	0.4929914886664906	0.8659798628080653	13.225070904362953	14.347489684764358	0.9217689780538191	0.8333333333333334	0.8333333333333334	0.44296079546052525	0.5172003219317086	0
bert_base_uncased	head_embed_cache_bert_base_uncased.jsonl	orig	spring__pst	spring	pst	200	132	68	0	16	3	2	sprang,sprung	sprang	sprung	0.0218	fisher_exact	True	16	3	0	0	3	0	0		form	form_label	200	2	1.0	100	100	0.0	0.0	0.04806181135851328	0.02527184060380553	0.500572888599185	0.5263756588254213	0.9509803126462691	14.401287237674243	14.776800149907654	0.9745876706442593	0.9	0.89	0.013788229292324879	0.01885109607838092	0
bert_base_uncased	head_embed_cache_bert_base_uncased.jsonl	orig	spring__pst	spring	pst	200	132	68	0	16	3	2	sprang,sprung	sprang	sprung	0.0218	fisher_exact	True	16	3	0	0	3	0	0		raw	raw_label	200	16	3.0161790011615732	76	1	0.0625	0.0625	0.07396170999554769	0.036424730097500406	0.4259125441337767	0.5348164010613303	0.796371508593535	13.218609789058958	14.922982156644412	0.8857887552437642	0.76	0.755	0.2176568060850556	0.4421471705004054	0
bert_base_uncased	head_embed_cache_bert_base_uncased.jsonl	orig	strive__ppt	strive	ppt	200	200	0	0	2	2	2	strived,striven	strived	striven	0.0537	chi_sq	False	2	1	1	0	1	1	0		conditioned-cat-only	cat_only_label	0	0		0	0															0
bert_base_uncased	head_embed_cache_bert_base_uncased.jsonl	orig	strive__ppt	strive	ppt	200	200	0	0	2	2	2	strived,striven	strived	striven	0.0537	chi_sq	False	2	1	1	0	1	1	0		conditioned-exclude	conditioned_exclude_label	181	1	-0.0	181	181	0.0	0.0													0
bert_base_uncased	head_embed_cache_bert_base_uncased.jsonl	orig	strive__ppt	strive	ppt	200	200	0	0	2	2	2	strived,striven	strived	striven	0.0537	chi_sq	False	2	1	1	0	1	1	0		form	form_label	200	2	1.0	100	100	0.0	0.0	0.07354126393470133	0.03879861541894334	0.3037232747626829	0.3285841149440983	0.9243394946659399	10.999020056092327	11.450379206329275	0.9605812923656313	0.855	0.855	0.11812207435808215	0.08857545566921103	0
bert_base_uncased	head_embed_cache_bert_base_uncased.jsonl	orig	strive__ppt	strive	ppt	200	200	0	0	2	2	2	strived,striven	strived	striven	0.0537	chi_sq	False	2	1	1	0	1	1	0		raw	raw_label	200	2	0.4529425481872832	181	19	0.0	0.0	0.03554551885228164	0.01701962103468448	0.3137593481023889	0.32797584776915356	0.9566538214217196	11.185013981091418	11.421219969718225	0.9793186726765551	0.74	0.74	-0.0032776566084148848	-0.004921139889057701	0
bert_base_uncased	head_embed_cache_bert_base_uncased.jsonl	orig	strive__pst	strive	pst	199	199	0	0	2	2	2	strived,strove	strived	strove	0.0008	fisher_exact	True	2	1	0	1	1	0	1		conditioned-cat-only	cat_only_label	21	2	0.5916727785823275	18	3	0.0	0.0	0.34305431511826145	0.18792141336088392	0.32585060843041536	0.4992521313955558	0.6526774508094088	11.086394225855692	13.66331145922192	0.8113987783227351	1.0	1.0	-0.10410094637223975	-0.02720497505835223	0
bert_base_uncased	head_embed_cache_bert_base_uncased.jsonl	orig	strive__pst	strive	pst	199	199	0	0	2	2	2	strived,strove	strived	strove	0.0008	fisher_exact	True	2	1	0	1	1	0	1		conditioned-exclude	conditioned_exclude_label	199	3	0.548714629387147	178	3	0.0	0.0	-0.021241703418163508	-0.016307919565458885	0.40817850107746473	0.44036160493854754	0.9269166441847855	12.511368233171998	12.941282198764332	0.9667796467931606	0.8693467336683417	0.8743718592964824	-0.02903124437858664	0.0983456724894652	0
bert_base_uncased	head_embed_cache_bert_base_uncased.jsonl	orig	strive__pst	strive	pst	199	199	0	0	2	2	2	strived,strove	strived	strove	0.0008	fisher_exact	True	2	1	0	1	1	0	1		form	form_label	199	2	0.9999817845368457	100	99	0.0	0.0	0.13827802992959004	0.07297477658623445	0.3832001508724547	0.44523417180479086	0.8606710246860062	12.11348413883712	13.06994356308132	0.9268199269853075	0.9899497487437185	0.9899497487437185	0.9798989898989899	0.9592508583988374	0
bert_base_uncased	head_embed_cache_bert_base_uncased.jsonl	orig	strive__pst	strive	pst	199	199	0	0	2	2	2	strived,strove	strived	strove	0.0008	fisher_exact	True	2	1	0	1	1	0	1		raw	raw_label	199	2	0.48627679848147415	178	21	0.0	0.0	0.07478114735691008	0.03648849111365624	0.4084865870285501	0.4395108589704687	0.9294118192788425	12.51526505295567	12.930851599496082	0.9678608525244689	0.8894472361809045	0.8894472361809045	0.01935147241454015	0.058626758523414375	0
bert_base_uncased	head_embed_cache_bert_base_uncased.jsonl	orig	take__ppt	take	ppt	199	140	59	0	25	6	2	taken,took	taken	took	0.0053	fisher_exact	True	25	3	3	0	3	3	0		conditioned-cat-only	cat_only_label	0	0		0	0															0
bert_base_uncased	head_embed_cache_bert_base_uncased.jsonl	orig	take__ppt	take	ppt	199	140	59	0	25	6	2	taken,took	taken	took	0.0053	fisher_exact	True	25	3	3	0	3	3	0		conditioned-exclude	conditioned_exclude_label	63	3	1.555383834371384	27	17	0.0	0.0	0.11314201524589867	0.05467113557362985	0.487739753767583	0.5757975488936892	0.8470681313331458	14.481087647920226	15.922737713100844	0.9094596613247945	0.8571428571428571	0.873015873015873	0.2743112851349462	0.3844711634818291	0
bert_base_uncased	head_embed_cache_bert_base_uncased.jsonl	orig	take__ppt	take	ppt	199	140	59	0	25	6	2	taken,took	taken	took	0.0053	fisher_exact	True	25	3	3	0	3	3	0		form	form_label	199	2	0.9999817845368457	100	99	0.0	0.0	0.025196321636852172	0.013062637838289846	0.5289811573086292	0.5429991036845602	0.9741842182043926	14.622364705183024	14.819171364468215	0.9867194558693698	0.8140703517587939	0.8241206030150754	0.01344731925956081	0.009710639008019498	0
bert_base_uncased	head_embed_cache_bert_base_uncased.jsonl	orig	take__ppt	take	ppt	199	140	59	0	25	6	2	taken,took	taken	took	0.0053	fisher_exact	True	25	3	3	0	3	3	0		raw	raw_label	199	25	3.703492483956415	35	1	0.44	0.52	-0.12397333720687194	-0.0837783957184691	0.4916073178763356	0.5406671193999849	0.909260615703625	14.063481103769686	14.790001917716403	0.9508775713493016	0.41708542713567837	0.40703517587939697	0.1008786971697247	0.21807251499562016	0
bert_base_uncased	head_embed_cache_bert_base_uncased.jsonl	orig	tear__ppt	tear	ppt	96	91	5	0	6	3	2	tore,torn	tore	torn	0.0026	fisher_exact	True	6	2	0	1	2	0	1		conditioned-cat-only	cat_only_label	18	2	0.7642045065086203	14	4	0.0	0.0	0.10615055178318228	0.03966721929149507	0.4345168722502289	0.4963604305868174	0.8754059459101634	13.312673169898398	13.83757964735241	0.9620665975675563	0.7777777777777778	0.7777777777777778	0.13279352226720648	-0.025541113256664465	0
bert_base_uncased	head_embed_cache_bert_base_uncased.jsonl	orig	tear__ppt	tear	ppt	96	91	5	0	6	3	2	tore,torn	tore	torn	0.0026	fisher_exact	True	6	2	0	1	2	0	1		conditioned-exclude	conditioned_exclude_label	91	4	1.6698922224763166	38	4	0.0	0.0	0.05283572822299025	0.021796206505086353	0.40475587283931697	0.45589817201185506	0.8878207847448701	12.689055148731754	13.492252862032048	0.9404697109138432	0.6703296703296703	0.6813186813186813	0.12377373991204756	0.1460732598557273	0
bert_base_uncased	head_embed_cache_bert_base_uncased.jsonl	orig	tear__ppt	tear	ppt	96	91	5	0	6	3	2	tore,torn	tore	torn	0.0026	fisher_exact	True	6	2	0	1	2	0	1		form	form_label	96	2	1.0	48	48	0.0	0.0	0.09988413427559212	0.053002176018774876	0.4171266808137382	0.46443038814263005	0.8981468298875299	12.856957038770886	13.58724967654516	0.9462516215452393	0.8854166666666666	0.8958333333333334	0.18326049737652114	0.14887626359082298	0
bert_base_uncased	head_embed_cache_bert_base_uncased.jsonl	orig	tear__ppt	tear	ppt	96	91	5	0	6	3	2	tore,torn	tore	torn	0.0026	fisher_exact	True	6	2	0	1	2	0	1		raw	raw_label	96	6	1.814079155618118	38	1	0.16666666666666666	0.5	-0.036131468038388986	-0.02887731505563956	0.40827533469195915	0.4563441727998058	0.8946653842144402	12.732500274480735	13.456709184231302	0.9461823169516659	0.6041666666666666	0.6145833333333334	0.06152957433739473	0.17798449972059802	0
bert_base_uncased	head_embed_cache_bert_base_uncased.jsonl	orig	throw__pst	throw	pst	109	84	25	0	13	4	2	threw,throwed	threw	throwed	0.0	fisher_exact	True	13	1	1	2	1	1	2		conditioned-cat-only	cat_only_label	36	4	1.707113464078487	15	3	0.0	0.0	-0.0072675152277790695	-0.005768522867383769	0.32660733494087446	0.39881544749674397	0.8189435414071843	11.162622023726673	12.42426090866911	0.898453606679966	0.5555555555555556	0.5833333333333334	0.07337572573956318	0.10767206118167662	0
bert_base_uncased	head_embed_cache_bert_base_uncased.jsonl	orig	throw__pst	throw	pst	109	84	25	0	13	4	2	threw,throwed	threw	throwed	0.0	fisher_exact	True	13	1	1	2	1	1	2		conditioned-exclude	conditioned_exclude_label	51	5	2.079002316888643	15	3	0.0	0.0	-0.030076953703291304	-0.02066863529045392	0.3715686228475648	0.42396471045893586	0.8764140356053385	12.018477430698617	12.90078700313081	0.9316080815675764	0.5686274509803921	0.5490196078431373	0.2632549562010143	0.2838389419984427	0
bert_base_uncased	head_embed_cache_bert_base_uncased.jsonl	orig	throw__pst	throw	pst	109	84	25	0	13	4	2	threw,throwed	threw	throwed	0.0	fisher_exact	True	13	1	1	2	1	1	2		form	form_label	109	2	0.9994535015927484	56	53	0.0	0.0	0.16082819722466699	0.0918130004261749	0.44953254266130316	0.5381936844334235	0.8352616458785517	13.645741270972419	15.008155060706923	0.9092217674841687	0.8623853211009175	0.8623853211009175	0.1649356320441317	0.28350553438136317	0
bert_base_uncased	head_embed_cache_bert_base_uncased.jsonl	orig	throw__pst	throw	pst	109	84	25	0	13	4	2	threw,throwed	threw	throwed	0.0	fisher_exact	True	13	1	1	2	1	1	2		raw	raw_label	109	13	2.9048649496780863	33	1	0.23076923076923078	0.46153846153846156	-0.01792703101431114	-0.005033075655897113	0.4349825134000643	0.5060911252270378	0.8594944501445793	13.395294152348127	14.520222973582495	0.9225267529788614	0.5412844036697247	0.5137614678899083	0.09992912827781715	0.25813826094822223	0
bert_base_uncased	head_embed_cache_bert_base_uncased.jsonl	orig	tread__ppt	tread	ppt	197	175	22	0	8	4	2	trod,trodden	trod	trodden	0.0	fisher_exact	True	8	2	1	1	2	1	1		conditioned-cat-only	cat_only_label	18	2	0.6500224216483541	15	3	0.0	0.0	0.035466318148207304	0.02395858223216409	0.28928361458695295	0.2893607486494249	0.9997334328763249	10.208385927705626	10.2817848383665	0.992861267589749	0.8888888888888888	0.8888888888888888	0.5540983606557377	0.4696899779238476	0
bert_base_uncased	head_embed_cache_bert_base_uncased.jsonl	orig	tread__ppt	tread	ppt	197	175	22	0	8	4	2	trod,trodden	trod	trodden	0.0	fisher_exact	True	8	2	1	1	2	1	1		conditioned-exclude	conditioned_exclude_label	100	4	1.6139113581028388	44	3	0.0	0.0	-0.05845103319677465	-0.027007604113806608	0.29625822094182597	0.31567976032947226	0.9384770839683348	10.335739129392723	10.694737873374105	0.9664322072937238	0.63	0.65	0.07542674632856272	0.08001099188706871	0
bert_base_uncased	head_embed_cache_bert_base_uncased.jsonl	orig	tread__ppt	tread	ppt	197	175	22	0	8	4	2	trod,trodden	trod	trodden	0.0	fisher_exact	True	8	2	1	1	2	1	1		form	form_label	197	2	0.9999814128006821	99	98	0.0	0.0	0.14252727144983846	0.0773462247537496	0.2899152919975679	0.33871758281549214	0.85592040893694	10.124608820034412	10.977509372279597	0.9223047302151316	0.9695431472081218	0.9695431472081218	0.0642204338316478	0.10093615691982648	0
bert_base_uncased	head_embed_cache_bert_base_uncased.jsonl	orig	tread__ppt	tread	ppt	197	175	22	0	8	4	2	trod,trodden	trod	trodden	0.0	fisher_exact	True	8	2	1	1	2	1	1		raw	raw_label	197	8	2.2940645639523796	75	1	0.25	0.25	-0.11089749599639594	-0.05884499352788545	0.2907750666158559	0.32200411765719783	0.9030166096366877	10.10911003013123	10.695170234899077	0.945203284108981	0.5329949238578681	0.5279187817258884	0.19024232470945843	0.2006314607604216	0
bert_base_uncased	head_embed_cache_bert_base_uncased.jsonl	orig	tread__pst	tread	pst	170	153	17	0	8	4	2	treaded,trod	treaded	trod	0.0	fisher_exact	True	8	1	1	2	1	1	2		conditioned-cat-only	cat_only_label	42	4	1.6755064993703321	20	3	0.0	0.0	0.025809648808882084	0.01097409229344646	0.3508320440974617	0.395982148514209	0.8859794448154847	11.655396745714754	12.22755431314102	0.9532075218990141	0.5714285714285714	0.5476190476190477	0.020405527573292007	0.09495756246765728	0
bert_base_uncased	head_embed_cache_bert_base_uncased.jsonl	orig	tread__pst	tread	pst	170	153	17	0	8	4	2	treaded,trod	treaded	trod	0.0	fisher_exact	True	8	1	1	2	1	1	2		conditioned-exclude	conditioned_exclude_label	97	5	1.7124814707746505	55	3	0.0	0.0	-0.06612443231609251	-0.039226250430963894	0.4175389782322497	0.41218663403839273	1.0129852444302172	12.63862899141317	12.535651344954692	1.0082147822737528	0.422680412371134	0.4020618556701031	0.03975808338312036	0.1371130811585954	0
bert_base_uncased	head_embed_cache_bert_base_uncased.jsonl	orig	tread__pst	tread	pst	170	153	17	0	8	4	2	treaded,trod	treaded	trod	0.0	fisher_exact	True	8	1	1	2	1	1	2		form	form_label	170	2	1.0	85	85	0.0	0.0	0.20179716398331632	0.11071610142277517	0.3795846522633041	0.47714813573983195	0.7955278954925542	12.113476292246814	13.63890647712903	0.8881559758885217	0.9882352941176471	0.9882352941176471	0.8629973570953093	0.7906201878974347	0
bert_base_uncased	head_embed_cache_bert_base_uncased.jsonl	orig	tread__pst	tread	pst	170	153	17	0	8	4	2	treaded,trod	treaded	trod	0.0	fisher_exact	True	8	1	1	2	1	1	2		raw	raw_label	170	8	2.298749565890562	56	2	0.0	0.125	-0.0017837070793267507	-0.007556167212975067	0.38489386821789917	0.44277337111175386	0.8692796209751147	12.233719585471134	13.089436202597243	0.9346254029675994	0.6	0.5882352941176471	0.13939134751982224	0.24239642676479323	0
bert_base_uncased	head_embed_cache_bert_base_uncased.jsonl	orig	wake__ppt	wake	ppt	198	180	18	0	5	3	2	woke,woken	woke	woken	0.0062	fisher_exact	True	5	2	1	0	2	1	0		conditioned-cat-only	cat_only_label	0	0		0	0															0
bert_base_uncased	head_embed_cache_bert_base_uncased.jsonl	orig	wake__ppt	wake	ppt	198	180	18	0	5	3	2	woke,woken	woke	woken	0.0062	fisher_exact	True	5	2	1	0	2	1	0		conditioned-exclude	conditioned_exclude_label	151	2	0.9992089388648364	78	73	0.0	0.0	0.13597266361009674	0.07397199941346562	0.32288846416537365	0.37294381988752784	0.8657831205320687	11.914643434900272	12.862818129664245	0.9262856175679502	0.9801324503311258	0.9801324503311258	0.9215874396186795	0.8600794511523637	0
bert_base_uncased	head_embed_cache_bert_base_uncased.jsonl	orig	wake__ppt	wake	ppt	198	180	18	0	5	3	2	woke,woken	woke	woken	0.0062	fisher_exact	True	5	2	1	0	2	1	0		form	form_label	198	2	0.999926399368686	100	98	0.0	0.0	0.05429100744191434	0.02889926821941026	0.3517286773886378	0.3718368758186127	0.945921989620567	12.275097697695339	12.640871723901258	0.9710641770445059	0.9444444444444444	0.9292929292929293	-0.0034095243967109815	-0.002438296074805782	0
bert_base_uncased	head_embed_cache_bert_base_uncased.jsonl	orig	wake__ppt	wake	ppt	198	180	18	0	5	3	2	woke,woken	woke	woken	0.0062	fisher_exact	True	5	2	1	0	2	1	0		raw	raw_label	198	5	1.8500486219129297	78	4	0.0	0.0	0.08018815972449964	0.0292888382583579	0.3213256063184585	0.38041839109633724	0.844663701437836	11.830654576924683	12.747144938298616	0.9281023032365192	0.8181818181818182	0.8080808080808081	0.35249256820884806	0.41560901885509977	0
bert_base_uncased	head_embed_cache_bert_base_uncased.jsonl	orig	wear__ppt	wear	ppt	88	66	22	0	5	1	2	wore,worn	wore	worn	0.0268	fisher_exact	True	5	1	0	0	1	0	0		conditioned-cat-only	cat_only_label	0	0		0	0															0
bert_base_uncased	head_embed_cache_bert_base_uncased.jsonl	orig	wear__ppt	wear	ppt	88	66	22	0	5	1	2	wore,worn	wore	worn	0.0268	fisher_exact	True	5	1	0	0	1	0	0		conditioned-exclude	conditioned_exclude_label	66	1	-0.0	66	66	0.0	0.0													0
bert_base_uncased	head_embed_cache_bert_base_uncased.jsonl	orig	wear__ppt	wear	ppt	88	66	22	0	5	1	2	wore,worn	wore	worn	0.0268	fisher_exact	True	5	1	0	0	1	0	0		form	form_label	88	2	1.0	44	44	0.0	0.0	0.06370663049717538	0.03448106762994708	0.45354196246905726	0.48614347879617154	0.9329384888431604	13.420859996196668	13.91771125490543	0.964300792737481	0.7386363636363636	0.7272727272727273	0.05206000828445704	0.040275298429694024	0
bert_base_uncased	head_embed_cache_bert_base_uncased.jsonl	orig	wear__ppt	wear	ppt	88	66	22	0	5	1	2	wore,worn	wore	worn	0.0268	fisher_exact	True	5	1	0	0	1	0	0		raw	raw_label	88	5	1.234422785899402	66	1	0.2	0.2	0.24136414615610305	0.13352093809541007	0.38113146780052143	0.5923691519721219	0.6434019505094996	12.084517296908611	15.85697160462732	0.7620949067842282	0.9431818181818182	0.9545454545454546	0.3030357629530933	0.5193470481802512	0
bert_base_uncased	head_embed_cache_bert_base_uncased.jsonl	orig	weave__ppt	weave	ppt	122	91	31	0	11	4	2	weaved,woven	weaved	woven	0.0372	fisher_exact	True	11	3	1	0	3	1	0		conditioned-cat-only	cat_only_label	0	0		0	0															0
bert_base_uncased	head_embed_cache_bert_base_uncased.jsonl	orig	weave__ppt	weave	ppt	122	91	31	0	11	4	2	weaved,woven	weaved	woven	0.0372	fisher_exact	True	11	3	1	0	3	1	0		conditioned-exclude	conditioned_exclude_label	68	3	1.431169262145754	38	15	0.0	0.0	0.06337200910803878	0.026558604069134135	0.33416391787473343	0.3927039611263662	0.8509308562008737	10.796893932968853	11.713932430873248	0.9217138648087599	0.7794117647058824	0.7794117647058824	0.026892998370048993	0.005447677716125596	0
bert_base_uncased	head_embed_cache_bert_base_uncased.jsonl	orig	weave__ppt	weave	ppt	122	91	31	0	11	4	2	weaved,woven	weaved	woven	0.0372	fisher_exact	True	11	3	1	0	3	1	0		form	form_label	122	2	0.999806132804711	62	60	0.0	0.0	0.17838266657558655	0.09512419034718389	0.35108820830254556	0.4287213664555726	0.8189193163036068	11.074438394578058	12.252089980634334	0.9038815754767004	1.0	1.0	1.0	1.0	0
bert_base_uncased	head_embed_cache_bert_base_uncased.jsonl	orig	weave__ppt	weave	ppt	122	91	31	0	11	4	2	weaved,woven	weaved	woven	0.0372	fisher_exact	True	11	3	1	0	3	1	0		raw	raw_label	122	11	2.836519828492392	38	1	0.18181818181818182	0.18181818181818182	-0.09512557615454824	-0.050702407072344094	0.34447394528102077	0.3996128026534093	0.8620192921591369	10.937754929524125	11.81799738513288	0.9255167836882325	0.5	0.5081967213114754	0.10318459986958653	0.16189841498174473	0
bert_base_uncased	head_embed_cache_bert_base_uncased.jsonl	orig	weave__pst	weave	pst	198	153	45	0	13	4	2	weaved,wove	weaved	wove	0.0	fisher_exact	True	13	1	2	1	1	2	1		conditioned-cat-only	cat_only_label	28	2	0.676941869780886	23	5	0.0	0.0	0.2597795428130211	0.13294056991967568	0.28067892628077684	0.39652820241642195	0.7078410175375529	9.977362134656106	11.681046235679519	0.854149699722997	0.9642857142857143	0.9642857142857143	0.1499170719365811	0.10020895362574836	0
bert_base_uncased	head_embed_cache_bert_base_uncased.jsonl	orig	weave__pst	weave	pst	198	153	45	0	13	4	2	weaved,wove	weaved	wove	0.0	fisher_exact	True	13	1	2	1	1	2	1		conditioned-exclude	conditioned_exclude_label	51	3	1.3647098428918996	23	5	0.0	0.0	0.08996315828335169	0.04526251977742575	0.32784677172460197	0.379746351594072	0.8633309322088029	10.79535777387311	11.600293682875257	0.9306107301239778	0.8431372549019608	0.8823529411764706	0.23885380337449336	0.36316241225315776	0
bert_base_uncased	head_embed_cache_bert_base_uncased.jsonl	orig	weave__pst	weave	pst	198	153	45	0	13	4	2	weaved,wove	weaved	wove	0.0	fisher_exact	True	13	1	2	1	1	2	1		form	form_label	198	2	0.999926399368686	100	98	0.0	0.0	0.20948784385074287	0.11426316689608497	0.3671828176531874	0.4662521247784134	0.7875198806390239	11.633884375686133	13.147761184569664	0.8848566849038731	0.9797979797979798	0.9747474747474747	0.4833080991539247	0.4590175319402846	0
bert_base_uncased	head_embed_cache_bert_base_uncased.jsonl	orig	weave__pst	weave	pst	198	153	45	0	13	4	2	weaved,wove	weaved	wove	0.0	fisher_exact	True	13	1	2	1	1	2	1		raw	raw_label	198	13	2.7570427744092507	81	1	0.07692307692307693	0.23076923076923078	-0.056561893842197244	-0.04316720044262415	0.3653174579429808	0.43125914830339807	0.8470949761417556	11.770937028129456	12.567209031170798	0.9366389147290918	0.6060606060606061	0.6111111111111112	0.11844341660047358	0.2658938598252241	0
bert_base_uncased	head_embed_cache_bert_base_uncased.jsonl	orig	wet__pst	wet	pst	76	74	2	0	3	2	2	wet,wetted	wet	wetted	0.0	fisher_exact	True	3	0	2	0	0	2	0		conditioned-cat-only	cat_only_label	0	0		0	0															0
bert_base_uncased	head_embed_cache_bert_base_uncased.jsonl	orig	wet__pst	wet	pst	76	74	2	0	3	2	2	wet,wetted	wet	wetted	0.0	fisher_exact	True	3	0	2	0	0	2	0		conditioned-exclude	conditioned_exclude_label	0	0		0	0															0
bert_base_uncased	head_embed_cache_bert_base_uncased.jsonl	orig	wet__pst	wet	pst	76	74	2	0	3	2	2	wet,wetted	wet	wetted	0.0	fisher_exact	True	3	0	2	0	0	2	0		form	form_label	76	2	1.0	38	38	0.0	0.0	0.17409887951181707	0.09489509790570783	0.40769691371918576	0.4951959028417692	0.8233042950871463	12.562512562286036	13.89151070899627	0.904330193126543	0.9736842105263158	0.9736842105263158	0.4987240247903755	0.5157729071479809	0
bert_base_uncased	head_embed_cache_bert_base_uncased.jsonl	orig	wet__pst	wet	pst	76	74	2	0	3	2	2	wet,wetted	wet	wetted	0.0	fisher_exact	True	3	0	2	0	0	2	0		raw	raw_label	76	3	1.1239576570186298	44	2	0.0	0.3333333333333333	0.08403609046294176	0.03696373144924448	0.41337037292543327	0.4884243113145375	0.8463345565516482	12.584467866617802	13.849114124454347	0.9086839601095155	0.9210526315789473	0.9473684210526315	0.33544809380398577	0.36124262801150486	0
bert_base_uncased	head_embed_cache_bert_base_uncased.jsonl	orig	write__ppt	write	ppt	199	172	27	0	14	2	2	written,wrote	written	wrote	0.0019	fisher_exact	True	14	1	1	0	1	1	0		conditioned-cat-only	cat_only_label	0	0		0	0															0
bert_base_uncased	head_embed_cache_bert_base_uncased.jsonl	orig	write__ppt	write	ppt	199	172	27	0	14	2	2	written,wrote	written	wrote	0.0019	fisher_exact	True	14	1	1	0	1	1	0		conditioned-exclude	conditioned_exclude_label	144	1	-0.0	144	144	0.0	0.0													0
bert_base_uncased	head_embed_cache_bert_base_uncased.jsonl	orig	write__ppt	write	ppt	199	172	27	0	14	2	2	written,wrote	written	wrote	0.0019	fisher_exact	True	14	1	1	0	1	1	0		form	form_label	199	2	0.9999817845368457	100	99	0.0	0.0	0.05068314389336147	0.026607577387590127	0.4136158866405372	0.4358698230736674	0.9489436174401801	12.329180929859675	12.664737387963665	0.9735046651324253	0.8542713567839196	0.8542713567839196	-0.0034728915570487458	-0.002850384640099378	0
bert_base_uncased	head_embed_cache_bert_base_uncased.jsonl	orig	write__ppt	write	ppt	199	172	27	0	14	2	2	written,wrote	written	wrote	0.0019	fisher_exact	True	14	1	1	0	1	1	0		raw	raw_label	199	14	1.53084921111479	144	1	0.5714285714285714	0.6428571428571429	-0.13874377275414657	-0.06460198073004825	0.4059154870203132	0.4473799925492947	0.9073170320096228	12.242885325240414	12.802639966550442	0.9562781861575032	0.628140703517588	0.6331658291457286	0.022043944589486577	0.08758192782838804	0
kanishka_GlossBERT	head_embed_cache_kanishka_GlossBERT.jsonl	orig	begin__ppt	begin	ppt	200	198	2	0	4	3	2	began,begun	began	begun	0.1741	fisher_exact	False	4	3	0	0	3	0	0		conditioned-cat-only	cat_only_label	0	0		0	0															0
kanishka_GlossBERT	head_embed_cache_kanishka_GlossBERT.jsonl	orig	begin__ppt	begin	ppt	200	198	2	0	4	3	2	began,begun	began	begun	0.1741	fisher_exact	False	4	3	0	0	3	0	0		conditioned-exclude	conditioned_exclude_label	198	3	1.1529706704117353	140	22	0.0	0.0	0.16890044061521053	0.0846731146413364	0.17170387145867785	0.21674557218434837	0.7921909071925066	5.764873058246794	6.4633301265619485	0.891935418021625	0.8787878787878788	0.8838383838383839	0.34400094526505326	0.4214829003376044	0
kanishka_GlossBERT	head_embed_cache_kanishka_GlossBERT.jsonl	orig	begin__ppt	begin	ppt	200	198	2	0	4	3	2	began,begun	began	begun	0.1741	fisher_exact	False	4	3	0	0	3	0	0		form	form_label	200	2	1.0	100	100	0.0	0.0	0.016242445372321248	0.008599872968596864	0.19089746425552004	0.19404548421777837	0.9837768965613995	6.0595609186427515	6.111724393086854	0.9914650152577059	0.625	0.625	0.0051627915432020215	0.0038942861025523644	0
kanishka_GlossBERT	head_embed_cache_kanishka_GlossBERT.jsonl	orig	begin__ppt	begin	ppt	200	198	2	0	4	3	2	began,begun	began	begun	0.1741	fisher_exact	False	4	3	0	0	3	0	0		raw	raw_label	200	4	1.2222340996035292	140	2	0.0	0.25	0.12640117514568774	0.06037896387219835	0.17169671524194827	0.21612893537437858	0.7944179937986332	5.764725647369989	6.451109042596569	0.8936022642472169	0.87	0.875	0.25312710488211404	0.3805259575900005	0
kanishka_GlossBERT	head_embed_cache_kanishka_GlossBERT.jsonl	orig	bid__ppt	bid	ppt	171	160	11	0	7	4	2	bid,bidden	bid	bidden	0.0	fisher_exact	True	7	1	1	2	1	1	2		conditioned-cat-only	cat_only_label	58	3	0.9896363038042916	40	1	0.3333333333333333	0.3333333333333333	0.11269657377363398	0.03578888581358329	0.1812105004440898	0.28094442740030956	0.6450047866081651	6.713599282334467	8.326405375691339	0.8063022372096601	0.9310344827586207	0.9310344827586207	0.7601681869556449	0.7240243831711218	0
kanishka_GlossBERT	head_embed_cache_kanishka_GlossBERT.jsonl	orig	bid__ppt	bid	ppt	171	160	11	0	7	4	2	bid,bidden	bid	bidden	0.0	fisher_exact	True	7	1	1	2	1	1	2		conditioned-exclude	conditioned_exclude_label	78	4	1.5571643471379213	40	1	0.25	0.25	0.10773320713029325	0.04087384927489745	0.17887084969605513	0.2799322429349471	0.6389790894420925	6.634816654464769	8.261881426639848	0.8030636500145446	0.9102564102564102	0.8974358974358975	0.33602079834908044	0.4794523910916049	0
kanishka_GlossBERT	head_embed_cache_kanishka_GlossBERT.jsonl	orig	bid__ppt	bid	ppt	171	160	11	0	7	4	2	bid,bidden	bid	bidden	0.0	fisher_exact	True	7	1	1	2	1	1	2		form	form_label	171	2	0.9999753308152249	86	85	0.0	0.0	0.2388621941626538	0.14038214151098458	0.20362584189855512	0.26939787807500293	0.7558554037380493	6.981478534866986	8.14282482422048	0.8573779598083556	0.9005847953216374	0.9005847953216374	0.33188626003907096	0.36678569857269194	0
kanishka_GlossBERT	head_embed_cache_kanishka_GlossBERT.jsonl	orig	bid__ppt	bid	ppt	171	160	11	0	7	4	2	bid,bidden	bid	bidden	0.0	fisher_exact	True	7	1	1	2	1	1	2		raw	raw_label	171	7	2.005959814418014	82	1	0.2857142857142857	0.2857142857142857	-0.020657948864611052	-0.017508847760579604	0.1806901469128193	0.26184683661253055	0.6900604538530157	6.6151275595104835	7.99215634758672	0.8277024712495723	0.8187134502923976	0.8128654970760234	0.2816693873423573	0.46121726718353107	0
kanishka_GlossBERT	head_embed_cache_kanishka_GlossBERT.jsonl	orig	bid__pst	bid	pst	200	168	32	0	10	3	2	bade,bid	bade	bid	0.0	fisher_exact	True	10	1	1	1	1	1	1		conditioned-cat-only	cat_only_label	16	1	-0.0	16	16	0.0	0.0													0
kanishka_GlossBERT	head_embed_cache_kanishka_GlossBERT.jsonl	orig	bid__pst	bid	pst	200	168	32	0	10	3	2	bade,bid	bade	bid	0.0	fisher_exact	True	10	1	1	1	1	1	1		conditioned-exclude	conditioned_exclude_label	76	2	0.7424875695421236	60	16	0.0	0.0	0.4847549161212195	0.29416330566754856	0.17521343741192463	0.35193943150214274	0.49785111223281003	6.414657500360047	9.208812192634293	0.6965781651504238	0.9868421052631579	0.9868421052631579	0.7827191867852605	0.6982140844835343	0
kanishka_GlossBERT	head_embed_cache_kanishka_GlossBERT.jsonl	orig	bid__pst	bid	pst	200	168	32	0	10	3	2	bade,bid	bade	bid	0.0	fisher_exact	True	10	1	1	1	1	1	1		form	form_label	200	2	1.0	100	100	0.0	0.0	0.24631954088730323	0.14414968734805073	0.20734280109743325	0.27917105785004726	0.7427087990217255	6.72161427385931	7.87817026099092	0.8531948474307106	0.99	0.99	0.6222856424402444	0.6054773910106641	0
kanishka_GlossBERT	head_embed_cache_kanishka_GlossBERT.jsonl	orig	bid__pst	bid	pst	200	168	32	0	10	3	2	bade,bid	bade	bid	0.0	fisher_exact	True	10	1	1	1	1	1	1		raw	raw_label	200	10	2.1208109300257063	92	1	0.2	0.3	0.04402955162853235	0.007585202101909319	0.16464881872638873	0.2789767184427316	0.5901883843407093	5.937087932902875	7.918831702506867	0.7497429110689863	0.85	0.865	0.27864403863492493	0.45904698355516205	0
kanishka_GlossBERT	head_embed_cache_kanishka_GlossBERT.jsonl	orig	break__ppt	break	ppt	199	126	73	0	28	6	2	broke,broken	broke	broken	0.2008	fisher_exact	False	28	4	1	1	4	1	1		conditioned-cat-only	cat_only_label	25	2	0.7219280948873623	20	5	0.0	0.0	0.04428095608419731	0.023007358577295266	0.1543937165278989	0.16465109082160637	0.9377023605338821	5.504093130664554	5.681755786667821	0.9687310291617688	0.8	0.8	-0.02666666666666667	-0.04146777140497051	0
kanishka_GlossBERT	head_embed_cache_kanishka_GlossBERT.jsonl	orig	break__ppt	break	ppt	199	126	73	0	28	6	2	broke,broken	broke	broken	0.2008	fisher_exact	False	28	4	1	1	4	1	1		conditioned-exclude	conditioned_exclude_label	100	6	2.477667024828463	23	5	0.0	0.0	0.056319627021948725	0.02351199879970018	0.19923128061287618	0.25138617517002493	0.7925307765159567	6.415656684106208	7.254451953837901	0.8843751016521744	0.76	0.75	0.37439808719063494	0.4679948113005487	0
kanishka_GlossBERT	head_embed_cache_kanishka_GlossBERT.jsonl	orig	break__ppt	break	ppt	199	126	73	0	28	6	2	broke,broken	broke	broken	0.2008	fisher_exact	False	28	4	1	1	4	1	1		form	form_label	199	2	0.9999817845368457	100	99	0.0	0.0	0.03322054720476933	0.017334104930454664	0.23814426726865515	0.24639456242201532	0.9665159203504281	7.06375235936779	7.1889319924599695	0.9825871724446034	0.7788944723618091	0.7788944723618091	0.04648510462923008	0.03586696016603737	0
kanishka_GlossBERT	head_embed_cache_kanishka_GlossBERT.jsonl	orig	break__ppt	break	ppt	199	126	73	0	28	6	2	broke,broken	broke	broken	0.2008	fisher_exact	False	28	4	1	1	4	1	1		raw	raw_label	199	28	3.9567734612441186	26	1	0.42857142857142855	0.4642857142857143	-0.019244673073055284	-0.021685306285496656	0.19037980505326402	0.24668578931377638	0.7717501911352788	6.289245866935543	7.197566671594481	0.8738016824152993	0.6231155778894473	0.6030150753768844	0.18844361720689057	0.3441325674236057	0
kanishka_GlossBERT	head_embed_cache_kanishka_GlossBERT.jsonl	orig	bring__pst	bring	pst	193	193	0	0	4	4	2	brought,brung	brought	brung	0.0	chi_sq	True	4	1	2	1	1	2	1		conditioned-cat-only	cat_only_label	19	2	0.6292492238560345	16	3	0.0	0.0	0.2984823070112343	0.17447367043878248	0.21762609769920177	0.2945487692136822	0.7388457207958101	6.661476440882256	7.868228062490725	0.8466298114360369	1.0	1.0	-0.12957317073170732	-0.003910794646033791	0
kanishka_GlossBERT	head_embed_cache_kanishka_GlossBERT.jsonl	orig	bring__pst	bring	pst	193	193	0	0	4	4	2	brought,brung	brought	brung	0.0	chi_sq	True	4	1	2	1	1	2	1		conditioned-exclude	conditioned_exclude_label	80	3	0.9403047812186183	61	3	0.0	0.0	-0.025527979605621476	-0.006269613494516708	0.21792179188928498	0.2772721436958363	0.7859491003479316	6.673348420253369	7.576911424201716	0.8807478465351672	0.65	0.6375	0.08074023584801467	0.21674390308112892	0
kanishka_GlossBERT	head_embed_cache_kanishka_GlossBERT.jsonl	orig	bring__pst	bring	pst	193	193	0	0	4	4	2	brought,brung	brought	brung	0.0	chi_sq	True	4	1	2	1	1	2	1		form	form_label	193	2	0.999515806980105	99	94	0.0	0.0	0.36226708339469244	0.2164749882263056	0.18573001221349705	0.2893729801497624	0.6418360557277122	6.108869595765684	7.772405345586203	0.7859689921132061	1.0	1.0	1.0	1.0	0
kanishka_GlossBERT	head_embed_cache_kanishka_GlossBERT.jsonl	orig	bring__pst	bring	pst	193	193	0	0	4	4	2	brought,brung	brought	brung	0.0	chi_sq	True	4	1	2	1	1	2	1		raw	raw_label	193	4	1.877444466874	67	19	0.0	0.0	0.06779193111355651	0.039102123240512314	0.20202927426778639	0.2519132236897435	0.801979631353556	6.372273210702258	7.1704451488307805	0.8886858595859041	0.6787564766839378	0.6839378238341969	0.31053368744361903	0.32686991606207566	0
kanishka_GlossBERT	head_embed_cache_kanishka_GlossBERT.jsonl	orig	burn__ppt	burn	ppt	199	152	47	0	15	4	2	burned,burnt	burned	burnt	0.0028	fisher_exact	True	15	3	1	0	3	1	0		conditioned-cat-only	cat_only_label	0	0		0	0															0
kanishka_GlossBERT	head_embed_cache_kanishka_GlossBERT.jsonl	orig	burn__ppt	burn	ppt	199	152	47	0	15	4	2	burned,burnt	burned	burnt	0.0028	fisher_exact	True	15	3	1	0	3	1	0		conditioned-exclude	conditioned_exclude_label	131	3	1.262392868407983	85	16	0.0	0.0	0.07733735361151015	0.038669709763143795	0.16857769711866488	0.18935934472453528	0.8902528542433337	5.78760803620794	6.1180915032554655	0.9459825883820676	0.7709923664122137	0.7709923664122137	0.12239223698846345	0.1675947566700095	0
kanishka_GlossBERT	head_embed_cache_kanishka_GlossBERT.jsonl	orig	burn__ppt	burn	ppt	199	152	47	0	15	4	2	burned,burnt	burned	burnt	0.0028	fisher_exact	True	15	3	1	0	3	1	0		form	form_label	199	2	0.9999817845368457	100	99	0.0	0.0	0.06033677502880008	0.03200037990761374	0.1938743428323866	0.20647900619843493	0.938954261752235	6.222319563953782	6.430046560508531	0.9676943246677951	0.9045226130653267	0.8994974874371859	0.039265194625034756	0.0537675791951006	0
kanishka_GlossBERT	head_embed_cache_kanishka_GlossBERT.jsonl	orig	burn__ppt	burn	ppt	199	152	47	0	15	4	2	burned,burnt	burned	burnt	0.0028	fisher_exact	True	15	3	1	0	3	1	0		raw	raw_label	199	15	2.8386901946024508	85	1	0.13333333333333333	0.13333333333333333	-0.008693731161587935	-0.013507537248902616	0.16788901109914847	0.20958939670399507	0.801037713450073	5.781070302551251	6.485081630390878	0.8914414084565357	0.6532663316582915	0.6532663316582915	0.12484958804303789	0.26480211664287817	0
kanishka_GlossBERT	head_embed_cache_kanishka_GlossBERT.jsonl	orig	burn__pst	burn	pst	198	130	68	0	20	3	2	burned,burnt	burned	burnt	0.0	fisher_exact	True	21	2	0	1	2	0	1		conditioned-cat-only	cat_only_label	23	2	0.5586293734521992	20	3	0.0	0.0	0.21622459454847603	0.11986990643584101	0.14647891717247	0.19615011011242747	0.7467694873508488	5.320460239822611	6.186585747865943	0.8599994337196245	0.8260869565217391	0.8260869565217391	-0.11823204419889503	0.01758684228370162	0
kanishka_GlossBERT	head_embed_cache_kanishka_GlossBERT.jsonl	orig	burn__pst	burn	pst	198	130	68	0	20	3	2	burned,burnt	burned	burnt	0.0	fisher_exact	True	21	2	0	1	2	0	1		conditioned-exclude	conditioned_exclude_label	130	4	1.3101187762447488	89	3	0.0	0.0	0.07121724411769928	0.04424139251663012	0.15895872046087153	0.1868950126855042	0.8505241428157198	5.451008880019413	6.015395349276256	0.9061763298193282	0.7692307692307693	0.7846153846153846	0.19949110984421467	0.25327450816496894	0
kanishka_GlossBERT	head_embed_cache_kanishka_GlossBERT.jsonl	orig	burn__pst	burn	pst	198	130	68	0	20	3	2	burned,burnt	burned	burnt	0.0	fisher_exact	True	21	2	0	1	2	0	1		form	form_label	198	2	0.999926399368686	100	98	0.0	0.0	0.0811775414906729	0.043212204878206775	0.18232645394521985	0.19866745501482436	0.9177469653075027	5.882745046419396	6.149891087479773	0.9565608500605409	0.8939393939393939	0.8888888888888888	0.13529465435342017	0.09990511007919677	0
kanishka_GlossBERT	head_embed_cache_kanishka_GlossBERT.jsonl	orig	burn__pst	burn	pst	198	130	68	0	20	3	2	burned,burnt	burned	burnt	0.0	fisher_exact	True	21	2	0	1	2	0	1		raw	raw_label	198	20	3.042396475146948	89	1	0.05	0.4	-0.02270722624506685	-0.018712169306195143	0.15956034735368604	0.19975656740270853	0.798773974885206	5.4649714884062135	6.181263498008529	0.8841188359251972	0.6313131313131313	0.6262626262626263	0.10157983625434477	0.23530054481477441	0
kanishka_GlossBERT	head_embed_cache_kanishka_GlossBERT.jsonl	orig	creep__ppt	creep	ppt	200	173	27	0	7	3	2	creeped,crept	creeped	crept	0.0	fisher_exact	True	7	0	1	2	0	1	2		conditioned-cat-only	cat_only_label	100	3	0.992997266270944	72	3	0.0	0.0	0.36723685533316447	0.20486763055743878	0.11716726920776478	0.30106995059996905	0.38916958990518674	5.218264253130994	8.148565344556602	0.6403905512786855	0.99	0.99	0.7025390391834553	0.7390950736919604	0
kanishka_GlossBERT	head_embed_cache_kanishka_GlossBERT.jsonl	orig	creep__ppt	creep	ppt	200	173	27	0	7	3	2	creeped,crept	creeped	crept	0.0	fisher_exact	True	7	0	1	2	0	1	2		conditioned-exclude	conditioned_exclude_label	100	3	0.992997266270944	72	3	0.0	0.0	0.36723685533316447	0.20486763055743878	0.11716726920776478	0.30106995059996905	0.38916958990518674	5.218264253130994	8.148565344556602	0.6403905512786855	0.99	0.99	0.7025390391834553	0.7390950736919604	0
kanishka_GlossBERT	head_embed_cache_kanishka_GlossBERT.jsonl	orig	creep__ppt	creep	ppt	200	173	27	0	7	3	2	creeped,crept	creeped	crept	0.0	fisher_exact	True	7	0	1	2	0	1	2		form	form_label	200	2	1.0	100	100	0.0	0.0	0.4465305569331936	0.2742626631597291	0.14839486141153702	0.2758824826276338	0.537891568896129	5.55598843013419	7.731717320713368	0.718596942913268	0.945	0.945	0.7732770949991515	0.727706026904486	0
kanishka_GlossBERT	head_embed_cache_kanishka_GlossBERT.jsonl	orig	creep__ppt	creep	ppt	200	173	27	0	7	3	2	creeped,crept	creeped	crept	0.0	fisher_exact	True	7	0	1	2	0	1	2		raw	raw_label	200	7	2.047756286887821	73	1	0.14285714285714285	0.2857142857142857	0.15980007578014363	0.08928922483847217	0.12484061631129638	0.24762110287250733	0.5041598428530264	5.113249543824832	7.265759419421481	0.7037460571784199	0.905	0.905	0.38942254085986144	0.5080706016146819	0
kanishka_GlossBERT	head_embed_cache_kanishka_GlossBERT.jsonl	orig	creep__pst	creep	pst	199	192	7	0	6	4	2	creeped,crept	creeped	crept	0.0	fisher_exact	True	6	0	1	3	0	1	3		conditioned-cat-only	cat_only_label	150	5	1.6571237065559545	80	2	0.0	0.2	0.27286351826171323	0.15390907052693356	0.11732643397460034	0.26810333147337967	0.4376164717156819	4.892324259568753	7.343809352138847	0.6661834512552928	0.9	0.9	0.5269095315111748	0.6090977032277516	0
kanishka_GlossBERT	head_embed_cache_kanishka_GlossBERT.jsonl	orig	creep__pst	creep	pst	199	192	7	0	6	4	2	creeped,crept	creeped	crept	0.0	fisher_exact	True	6	0	1	3	0	1	3		conditioned-exclude	conditioned_exclude_label	150	5	1.6571237065559545	80	2	0.0	0.2	0.27286351826171323	0.15390907052693356	0.11732643397460034	0.26810333147337967	0.4376164717156819	4.892324259568753	7.343809352138847	0.6661834512552928	0.9	0.9	0.5269095315111748	0.6090977032277516	0
kanishka_GlossBERT	head_embed_cache_kanishka_GlossBERT.jsonl	orig	creep__pst	creep	pst	199	192	7	0	6	4	2	creeped,crept	creeped	crept	0.0	fisher_exact	True	6	0	1	3	0	1	3		form	form_label	199	2	0.9999817845368457	100	99	0.0	0.0	0.3959721815991887	0.24107608256532828	0.15913374749820022	0.26812914354014833	0.5934966464187147	5.57253396158741	7.3818892560024265	0.7548926525897448	0.949748743718593	0.949748743718593	0.6859453630848362	0.6545071294465282	0
kanishka_GlossBERT	head_embed_cache_kanishka_GlossBERT.jsonl	orig	creep__pst	creep	pst	199	192	7	0	6	4	2	creeped,crept	creeped	crept	0.0	fisher_exact	True	6	0	1	3	0	1	3		raw	raw_label	199	6	2.074652806440842	80	1	0.16666666666666666	0.16666666666666666	0.21448970305497606	0.1255612944036322	0.12524141513938147	0.24592452005967813	0.5092677017687758	5.003535805358519	7.015588457740311	0.7132025824345654	0.8391959798994975	0.8341708542713567	0.43776381566886813	0.527493444795122	0
kanishka_GlossBERT	head_embed_cache_kanishka_GlossBERT.jsonl	orig	disprove__ppt	disprove	ppt	197	197	0	0	1	1	2	disproved,disproven	disproved	disproven		fisher_exact	False	1	1	0	0	1	0	0		conditioned-cat-only	cat_only_label	0	0		0	0															0
kanishka_GlossBERT	head_embed_cache_kanishka_GlossBERT.jsonl	orig	disprove__ppt	disprove	ppt	197	197	0	0	1	1	2	disproved,disproven	disproved	disproven		fisher_exact	False	1	1	0	0	1	0	0		conditioned-exclude	conditioned_exclude_label	197	1	-0.0	197	197	0.0	0.0													0
kanishka_GlossBERT	head_embed_cache_kanishka_GlossBERT.jsonl	orig	disprove__ppt	disprove	ppt	197	197	0	0	1	1	2	disproved,disproven	disproved	disproven		fisher_exact	False	1	1	0	0	1	0	0		form	form_label	197	2	0.9999814128006821	99	98	0.0	0.0	0.17996020836785206	0.09714667582981713	0.09116510714880272	0.11158999553594415	0.8169648785355279	4.100134075966721	4.544871414806436	0.9021452317900931	0.9847715736040609	0.9847715736040609	0.8812773718021532	0.8025907103566172	0
kanishka_GlossBERT	head_embed_cache_kanishka_GlossBERT.jsonl	orig	disprove__ppt	disprove	ppt	197	197	0	0	1	1	2	disproved,disproven	disproved	disproven		fisher_exact	False	1	1	0	0	1	0	0		raw	raw_label	197	1	-0.0	197	197	0.0	0.0													0
kanishka_GlossBERT	head_embed_cache_kanishka_GlossBERT.jsonl	orig	dive__pst	dive	pst	198	182	16	0	7	3	2	dived,dove	dived	dove	0.0014	fisher_exact	True	7	1	2	0	1	2	0		conditioned-cat-only	cat_only_label	0	0		0	0															0
kanishka_GlossBERT	head_embed_cache_kanishka_GlossBERT.jsonl	orig	dive__pst	dive	pst	198	182	16	0	7	3	2	dived,dove	dived	dove	0.0014	fisher_exact	True	7	1	2	0	1	2	0		conditioned-exclude	conditioned_exclude_label	67	1	-0.0	67	67	0.0	0.0													0
kanishka_GlossBERT	head_embed_cache_kanishka_GlossBERT.jsonl	orig	dive__pst	dive	pst	198	182	16	0	7	3	2	dived,dove	dived	dove	0.0014	fisher_exact	True	7	1	2	0	1	2	0		form	form_label	198	2	1.0	99	99	0.0	0.0	0.1972984189520245	0.10803948652105555	0.16166141162362768	0.20237129101457946	0.7988356985476813	5.699654223266247	6.398932791092142	0.8907195011019102	0.9848484848484849	0.9848484848484849	0.6349307153342425	0.5359562993844219	0
kanishka_GlossBERT	head_embed_cache_kanishka_GlossBERT.jsonl	orig	dive__pst	dive	pst	198	182	16	0	7	3	2	dived,dove	dived	dove	0.0014	fisher_exact	True	7	1	2	0	1	2	0		raw	raw_label	198	7	1.907799970324791	73	1	0.42857142857142855	0.42857142857142855	-0.005248719613518188	-0.0035396030750501624	0.15755564571157868	0.19246072990053387	0.8186378893658225	5.630406582465061	6.228160023762484	0.9040240714726666	0.7525252525252525	0.7525252525252525	0.26430358548929117	0.2660932513050234	0
kanishka_GlossBERT	head_embed_cache_kanishka_GlossBERT.jsonl	orig	dream__ppt	dream	ppt	199	181	18	0	5	3	2	dreamed,dreamt	dreamed	dreamt	0.0015	fisher_exact	True	5	3	0	0	3	0	0		conditioned-cat-only	cat_only_label	0	0		0	0															0
kanishka_GlossBERT	head_embed_cache_kanishka_GlossBERT.jsonl	orig	dream__ppt	dream	ppt	199	181	18	0	5	3	2	dreamed,dreamt	dreamed	dreamt	0.0015	fisher_exact	True	5	3	0	0	3	0	0		conditioned-exclude	conditioned_exclude_label	181	3	1.3099792748760353	111	22	0.0	0.0	0.11584492313359296	0.0632521320899136	0.14531488785128152	0.1758154524037551	0.8265194319642057	5.782186020983967	6.322029134901661	0.9146092018245513	0.8397790055248618	0.8342541436464088	0.22394142126113833	0.2937743844797738	0
kanishka_GlossBERT	head_embed_cache_kanishka_GlossBERT.jsonl	orig	dream__ppt	dream	ppt	199	181	18	0	5	3	2	dreamed,dreamt	dreamed	dreamt	0.0015	fisher_exact	True	5	3	0	0	3	0	0		form	form_label	199	2	0.9999817845368457	100	99	0.0	0.0	0.26590668069131906	0.15154928131634865	0.13908665947475854	0.1920138545517974	0.7243574157678226	5.6344300463144	6.667295115371402	0.8450848430759066	0.9447236180904522	0.949748743718593	0.5890690758094383	0.4975239327063522	0
kanishka_GlossBERT	head_embed_cache_kanishka_GlossBERT.jsonl	orig	dream__ppt	dream	ppt	199	181	18	0	5	3	2	dreamed,dreamt	dreamed	dreamt	0.0015	fisher_exact	True	5	3	0	0	3	0	0		raw	raw_label	199	5	1.6985903204516677	111	4	0.0	0.0	0.0417715738178047	0.027706154257405736	0.14469517342829258	0.17875496732154716	0.8094609934280187	5.769370287501509	6.392673952413955	0.9024971913862307	0.7386934673366834	0.7336683417085427	0.1524540938625698	0.29114740623406493	0
kanishka_GlossBERT	head_embed_cache_kanishka_GlossBERT.jsonl	orig	dream__pst	dream	pst	197	190	7	0	5	4	2	dreamed,dreamt	dreamed	dreamt	0.0	chi_sq	True	5	0	4	0	0	4	0		conditioned-cat-only	cat_only_label	0	0		0	0															0
kanishka_GlossBERT	head_embed_cache_kanishka_GlossBERT.jsonl	orig	dream__pst	dream	pst	197	190	7	0	5	4	2	dreamed,dreamt	dreamed	dreamt	0.0	chi_sq	True	5	0	4	0	0	4	0		conditioned-exclude	conditioned_exclude_label	0	0		0	0															0
kanishka_GlossBERT	head_embed_cache_kanishka_GlossBERT.jsonl	orig	dream__pst	dream	pst	197	190	7	0	5	4	2	dreamed,dreamt	dreamed	dreamt	0.0	chi_sq	True	5	0	4	0	0	4	0		form	form_label	197	2	0.9999814128006821	99	98	0.0	0.0	0.27016161810202427	0.15529921438815106	0.1440707184494602	0.20067127598856407	0.7179438997421362	5.635440888795303	6.701245384587292	0.8409542652708534	0.9441624365482234	0.9390862944162437	0.649634675678035	0.542152743104394	0
kanishka_GlossBERT	head_embed_cache_kanishka_GlossBERT.jsonl	orig	dream__pst	dream	pst	197	190	7	0	5	4	2	dreamed,dreamt	dreamed	dreamt	0.0	chi_sq	True	5	0	4	0	0	4	0		raw	raw_label	197	5	2.0094602437853	69	7	0.0	0.0	0.08004360439320952	0.04647867517870781	0.13342856203343953	0.18738609374685253	0.7120515688517077	5.4111625268263	6.460168838899768	0.8376193659588432	0.7563451776649747	0.7563451776649747	0.2673317634405758	0.33616944960781303	0
kanishka_GlossBERT	head_embed_cache_kanishka_GlossBERT.jsonl	orig	drink__ppt	drink	ppt	200	183	17	0	7	3	2	drank,drunk	drank	drunk	0.0185	fisher_exact	True	7	2	1	0	2	1	0		conditioned-cat-only	cat_only_label	0	0		0	0															0
kanishka_GlossBERT	head_embed_cache_kanishka_GlossBERT.jsonl	orig	drink__ppt	drink	ppt	200	183	17	0	7	3	2	drank,drunk	drank	drunk	0.0185	fisher_exact	True	7	2	1	0	2	1	0		conditioned-exclude	conditioned_exclude_label	132	2	0.7455178428108284	104	28	0.0	0.0	0.11471476188488278	0.06614441854462928	0.15129044120394064	0.16824623119543738	0.8992203874581853	5.856516370445021	6.220364902033382	0.9415068830657471	0.9242424242424242	0.9393939393939394	0.06710305920072344	0.14975148015645426	0
kanishka_GlossBERT	head_embed_cache_kanishka_GlossBERT.jsonl	orig	drink__ppt	drink	ppt	200	183	17	0	7	3	2	drank,drunk	drank	drunk	0.0185	fisher_exact	True	7	2	1	0	2	1	0		form	form_label	200	2	1.0	100	100	0.0	0.0	0.12801363257440734	0.06796586936346838	0.1424022963723384	0.163907026835078	0.8687992157628636	5.625885162163354	6.0415167625617725	0.9312040971277254	0.92	0.915	0.01146718707159331	0.016997125429107723	0
kanishka_GlossBERT	head_embed_cache_kanishka_GlossBERT.jsonl	orig	drink__ppt	drink	ppt	200	183	17	0	7	3	2	drank,drunk	drank	drunk	0.0185	fisher_exact	True	7	2	1	0	2	1	0		raw	raw_label	200	7	1.8199338849640223	104	1	0.2857142857142857	0.2857142857142857	0.018898591609928378	0.0066522335453539	0.14120815944819207	0.1598071181255992	0.8836162062393903	5.6138123425663995	5.956223955803438	0.9425119646645573	0.8	0.8	0.24424087765928967	0.3601801278740072	0
kanishka_GlossBERT	head_embed_cache_kanishka_GlossBERT.jsonl	orig	drive__ppt	drive	ppt	142	93	49	0	15	4	2	driven,drove	driven	drove	0.0	fisher_exact	True	15	0	0	4	0	0	4		conditioned-cat-only	cat_only_label	93	6	2.257035960830074	27	3	0.0	0.0	0.1526877776589446	0.0778811538300122	0.14155521736920929	0.27353442347884327	0.5175042159918786	5.450802093294361	7.623188812716402	0.7150291337664054	0.8172043010752689	0.7849462365591398	0.5711237125526657	0.6189845964055799	0
kanishka_GlossBERT	head_embed_cache_kanishka_GlossBERT.jsonl	orig	drive__ppt	drive	ppt	142	93	49	0	15	4	2	driven,drove	driven	drove	0.0	fisher_exact	True	15	0	0	4	0	0	4		conditioned-exclude	conditioned_exclude_label	93	6	2.257035960830074	27	3	0.0	0.0	0.1526877776589446	0.0778811538300122	0.14155521736920929	0.27353442347884327	0.5175042159918786	5.450802093294361	7.623188812716402	0.7150291337664054	0.8172043010752689	0.7849462365591398	0.5711237125526657	0.6189845964055799	0
kanishka_GlossBERT	head_embed_cache_kanishka_GlossBERT.jsonl	orig	drive__ppt	drive	ppt	142	93	49	0	15	4	2	driven,drove	driven	drove	0.0	fisher_exact	True	15	0	0	4	0	0	4		form	form_label	142	2	0.9998568991526107	72	70	0.0	0.0	0.2160521858148164	0.12591574940305442	0.21732941441689946	0.2814436519187474	0.772195119467972	6.754397856021423	7.760299584489267	0.8703784927996377	0.8028169014084507	0.8098591549295775	0.3623765363369274	0.29665339067834184	0
kanishka_GlossBERT	head_embed_cache_kanishka_GlossBERT.jsonl	orig	drive__ppt	drive	ppt	142	93	49	0	15	4	2	driven,drove	driven	drove	0.0	fisher_exact	True	15	0	0	4	0	0	4		raw	raw_label	142	15	3.2081115221477225	31	1	0.3333333333333333	0.4	-0.0010357898603318258	-0.0003255586343510651	0.15170228897130314	0.2638451848345959	0.5749670552691915	5.63955729872785	7.496584018469713	0.7522836114199998	0.6830985915492958	0.6690140845070423	0.44878287143096035	0.5420168453988358	0
kanishka_GlossBERT	head_embed_cache_kanishka_GlossBERT.jsonl	orig	eat__ppt	eat	ppt	199	171	28	0	8	2	2	ate,eaten	ate	eaten	0.0053	fisher_exact	True	8	1	1	0	1	1	0		conditioned-cat-only	cat_only_label	0	0		0	0															0
kanishka_GlossBERT	head_embed_cache_kanishka_GlossBERT.jsonl	orig	eat__ppt	eat	ppt	199	171	28	0	8	2	2	ate,eaten	ate	eaten	0.0053	fisher_exact	True	8	1	1	0	1	1	0		conditioned-exclude	conditioned_exclude_label	142	1	-0.0	142	142	0.0	0.0													0
kanishka_GlossBERT	head_embed_cache_kanishka_GlossBERT.jsonl	orig	eat__ppt	eat	ppt	199	171	28	0	8	2	2	ate,eaten	ate	eaten	0.0053	fisher_exact	True	8	1	1	0	1	1	0		form	form_label	199	2	0.9999817845368457	100	99	0.0	0.0	0.07793466465968354	0.04274368921905685	0.1801872527673042	0.19511998512171802	0.9234689755378025	6.288746655944964	6.566085621883869	0.9577619023098675	0.8944723618090452	0.8894472361809045	-0.002897308767419559	-0.0022202577947386254	0
kanishka_GlossBERT	head_embed_cache_kanishka_GlossBERT.jsonl	orig	eat__ppt	eat	ppt	199	171	28	0	8	2	2	ate,eaten	ate	eaten	0.0053	fisher_exact	True	8	1	1	0	1	1	0		raw	raw_label	199	8	1.4428159561419673	142	1	0.125	0.25	-0.03339742945915778	-0.021274078238733875	0.17287061399719214	0.20469048656897446	0.8445464022038953	6.189433354144061	6.701881819878011	0.9235366305305459	0.7286432160804021	0.7286432160804021	0.07764597498426974	0.18291890769444527	0
kanishka_GlossBERT	head_embed_cache_kanishka_GlossBERT.jsonl	orig	fall__ppt	fall	ppt	200	151	49	0	14	4	2	fallen,fell	fallen	fell	0.0	fisher_exact	True	14	0	2	2	0	2	2		conditioned-cat-only	cat_only_label	69	4	1.5574653812571848	30	4	0.0	0.0	0.12188716756017193	0.0675052017494749	0.17588378067694768	0.2957627627931223	0.5946785829829884	6.11731243026768	8.02039793879069	0.7627193160430695	0.782608695652174	0.782608695652174	0.5164856828642418	0.5315054305431927	0
kanishka_GlossBERT	head_embed_cache_kanishka_GlossBERT.jsonl	orig	fall__ppt	fall	ppt	200	151	49	0	14	4	2	fallen,fell	fallen	fell	0.0	fisher_exact	True	14	0	2	2	0	2	2		conditioned-exclude	conditioned_exclude_label	69	4	1.5574653812571848	30	4	0.0	0.0	0.12188716756017193	0.0675052017494749	0.17588378067694768	0.2957627627931223	0.5946785829829884	6.11731243026768	8.02039793879069	0.7627193160430695	0.782608695652174	0.782608695652174	0.5164856828642418	0.5315054305431927	0
kanishka_GlossBERT	head_embed_cache_kanishka_GlossBERT.jsonl	orig	fall__ppt	fall	ppt	200	151	49	0	14	4	2	fallen,fell	fallen	fell	0.0	fisher_exact	True	14	0	2	2	0	2	2		form	form_label	200	2	1.0	100	100	0.0	0.0	0.07708024309812166	0.04248102745375881	0.23847119648810403	0.25942376816353596	0.9192341865059033	7.0798235836934245	7.402428242425545	0.9564190765290805	0.81	0.81	0.021550497435617964	0.02041622269649854	0
kanishka_GlossBERT	head_embed_cache_kanishka_GlossBERT.jsonl	orig	fall__ppt	fall	ppt	200	151	49	0	14	4	2	fallen,fell	fallen	fell	0.0	fisher_exact	True	14	0	2	2	0	2	2		raw	raw_label	200	14	2.949755162174359	51	1	0.21428571428571427	0.35714285714285715	0.05890264434605941	0.026467075902739348	0.1942422212520829	0.2591390304922198	0.7495676003847467	6.3886072740728945	7.399937817147743	0.8633325619667627	0.735	0.74	0.335518626606672	0.4451700968229245	0
kanishka_GlossBERT	head_embed_cache_kanishka_GlossBERT.jsonl	orig	fall__pst	fall	pst	199	0	199	0	22	0	2	fell,felled					False	0	0	0	0	0	0	0	missing_conditioning_forms;missing_conditioning_rows;missing_pair_test;missing_cond_counts	conditioned-cat-only	cat_only_label	0	0		0	0															0
kanishka_GlossBERT	head_embed_cache_kanishka_GlossBERT.jsonl	orig	fall__pst	fall	pst	199	0	199	0	22	0	2	fell,felled					False	0	0	0	0	0	0	0	missing_conditioning_forms;missing_conditioning_rows;missing_pair_test;missing_cond_counts	conditioned-exclude	conditioned_exclude_label	0	0		0	0															0
kanishka_GlossBERT	head_embed_cache_kanishka_GlossBERT.jsonl	orig	fall__pst	fall	pst	199	0	199	0	22	0	2	fell,felled					False	0	0	0	0	0	0	0	missing_conditioning_forms;missing_conditioning_rows;missing_pair_test;missing_cond_counts	form	form_label	199	2	0.9999817845368457	100	99	0.0	0.0	0.21245403206640293	0.11957011022833099	0.2103654978773729	0.2671667633360169	0.787393967912076	6.551911729087475	7.438536642502007	0.8808065408525958	0.9798994974874372	0.9849246231155779	0.9600011427370388	0.928575159471449	0
kanishka_GlossBERT	head_embed_cache_kanishka_GlossBERT.jsonl	orig	fall__pst	fall	pst	199	0	199	0	22	0	2	fell,felled					False	0	0	0	0	0	0	0	missing_conditioning_forms;missing_conditioning_rows;missing_pair_test;missing_cond_counts	raw	raw_label	199	22	3.6565111720591474	48	1	0.22727272727272727	0.36363636363636365	0.02875331522151981	0.0032528862770868604	0.16008768741991705	0.2482429909602471	0.644883010797888	5.740111762211018	7.146348366822823	0.8032230542887736	0.678391959798995	0.678391959798995	0.28344200148526544	0.49280138855353	0
kanishka_GlossBERT	head_embed_cache_kanishka_GlossBERT.jsonl	orig	fly__pst	fly	pst	198	171	27	0	14	3	2	flew,flied	flew	flied	0.0	fisher_exact	True	14	0	1	2	0	1	2		conditioned-cat-only	cat_only_label	68	3	0.941917968093368	51	2	0.0	0.3333333333333333	0.23107816435749326	0.1383414751276278	0.13579857953356167	0.18845017481136261	0.7206073418053083	5.174534762946136	6.160410090719121	0.8399659579062372	0.9558823529411765	0.9558823529411765	0.4329837586436574	0.44094732515100404	0
kanishka_GlossBERT	head_embed_cache_kanishka_GlossBERT.jsonl	orig	fly__pst	fly	pst	198	171	27	0	14	3	2	flew,flied	flew	flied	0.0	fisher_exact	True	14	0	1	2	0	1	2		conditioned-exclude	conditioned_exclude_label	68	3	0.941917968093368	51	2	0.0	0.3333333333333333	0.23107816435749326	0.1383414751276278	0.13579857953356167	0.18845017481136261	0.7206073418053083	5.174534762946136	6.160410090719121	0.8399659579062372	0.9558823529411765	0.9558823529411765	0.4329837586436574	0.44094732515100404	0
kanishka_GlossBERT	head_embed_cache_kanishka_GlossBERT.jsonl	orig	fly__pst	fly	pst	198	171	27	0	14	3	2	flew,flied	flew	flied	0.0	fisher_exact	True	14	0	1	2	0	1	2		form	form_label	198	2	0.999926399368686	100	98	0.0	0.0	0.5261724934938558	0.3397461241276806	0.1444528192690353	0.3129497137093935	0.4615847624745707	5.503179072727876	8.406940033479849	0.6545995392868252	0.9646464646464646	0.9595959595959596	0.7890531982824547	0.6921240391821537	0
kanishka_GlossBERT	head_embed_cache_kanishka_GlossBERT.jsonl	orig	fly__pst	fly	pst	198	171	27	0	14	3	2	flew,flied	flew	flied	0.0	fisher_exact	True	14	0	1	2	0	1	2		raw	raw_label	198	14	2.1414296982592194	103	1	0.14285714285714285	0.5	0.27256001703684335	0.15231956456922402	0.12073234841199967	0.2857253166168292	0.42254690568392056	5.194577416871287	7.885454368911591	0.6587543562931404	0.8484848484848485	0.8383838383838383	0.23341402096968453	0.4380659187358159	0
kanishka_GlossBERT	head_embed_cache_kanishka_GlossBERT.jsonl	orig	forget__ppt	forget	ppt	200	184	16	0	5	3	2	forgot,forgotten	forgot	forgotten	0.0021	fisher_exact	True	5	3	0	0	3	0	0		conditioned-cat-only	cat_only_label	0	0		0	0															0
kanishka_GlossBERT	head_embed_cache_kanishka_GlossBERT.jsonl	orig	forget__ppt	forget	ppt	200	184	16	0	5	3	2	forgot,forgotten	forgot	forgotten	0.0021	fisher_exact	True	5	3	0	0	3	0	0		conditioned-exclude	conditioned_exclude_label	184	3	1.4416232767703003	90	27	0.0	0.0	0.004970717872798063	-0.0003645298668181379	0.1556881338168897	0.1626180829823292	0.9573851256985207	5.732719309057713	5.843191454811983	0.9810938685462216	0.5163043478260869	0.5163043478260869	0.05812386553103781	0.043470530648831884	0
kanishka_GlossBERT	head_embed_cache_kanishka_GlossBERT.jsonl	orig	forget__ppt	forget	ppt	200	184	16	0	5	3	2	forgot,forgotten	forgot	forgotten	0.0021	fisher_exact	True	5	3	0	0	3	0	0		form	form_label	200	2	1.0	100	100	0.0	0.0	0.06842915246762776	0.03701460825403126	0.1615766671672531	0.17383895762787457	0.9294617810187833	5.875366318191274	6.105499182245231	0.9623072811600429	0.865	0.855	0.005339591129493163	0.00423760073178586	0
kanishka_GlossBERT	head_embed_cache_kanishka_GlossBERT.jsonl	orig	forget__ppt	forget	ppt	200	184	16	0	5	3	2	forgot,forgotten	forgot	forgotten	0.0021	fisher_exact	True	5	3	0	0	3	0	0		raw	raw_label	200	5	1.7933748547876793	90	4	0.0	0.0	-0.012418061938576325	-0.0011291316649048389	0.15536303459396383	0.173934348432639	0.8932280253668963	5.732501942900209	6.120431187212988	0.9366173342291219	0.53	0.525	0.09427073415508253	0.14029661973222227	0
kanishka_GlossBERT	head_embed_cache_kanishka_GlossBERT.jsonl	orig	hang__ppt	hang	ppt	198	189	9	0	7	4	2	hanged,hung	hanged	hung	0.0	fisher_exact	True	7	0	1	3	0	1	3		conditioned-cat-only	cat_only_label	67	5	1.7041692098588086	30	1	0.4	0.4	0.03011904739576698	0.009782751061720297	0.19555666139455427	0.2522069106874321	0.7753818515976897	6.538550528778946	7.462271498850007	0.8762145051659654	0.8059701492537313	0.8059701492537313	0.40137384108762914	0.43581847493384196	0
kanishka_GlossBERT	head_embed_cache_kanishka_GlossBERT.jsonl	orig	hang__ppt	hang	ppt	198	189	9	0	7	4	2	hanged,hung	hanged	hung	0.0	fisher_exact	True	7	0	1	3	0	1	3		conditioned-exclude	conditioned_exclude_label	67	5	1.7041692098588086	30	1	0.4	0.4	0.03011904739576698	0.009782751061720297	0.19555666139455427	0.2522069106874321	0.7753818515976897	6.538550528778946	7.462271498850007	0.8762145051659654	0.8059701492537313	0.8059701492537313	0.40137384108762914	0.43581847493384196	0
kanishka_GlossBERT	head_embed_cache_kanishka_GlossBERT.jsonl	orig	hang__ppt	hang	ppt	198	189	9	0	7	4	2	hanged,hung	hanged	hung	0.0	fisher_exact	True	7	0	1	3	0	1	3		form	form_label	198	2	0.999926399368686	100	98	0.0	0.0	0.2716568740898649	0.15604676692450822	0.1828753469862967	0.25522052790813704	0.7165385499559819	6.219780325486647	7.405678400680567	0.839866382114981	0.9343434343434344	0.9393939393939394	0.7014060024060501	0.6409991445161546	0
kanishka_GlossBERT	head_embed_cache_kanishka_GlossBERT.jsonl	orig	hang__ppt	hang	ppt	198	189	9	0	7	4	2	hanged,hung	hanged	hung	0.0	fisher_exact	True	7	0	1	3	0	1	3		raw	raw_label	198	7	1.7446180181763304	122	2	0.0	0.2857142857142857	0.24340114790481962	0.14221939447073084	0.15532113918204316	0.26527901195137643	0.5855010467639721	5.742335656699169	7.589129173440465	0.756652776025412	0.8333333333333334	0.8333333333333334	0.36685877301714515	0.4482138329979151	0
kanishka_GlossBERT	head_embed_cache_kanishka_GlossBERT.jsonl	orig	hang__pst	hang	pst	198	169	29	0	12	4	2	hanged,hung	hanged	hung	0.0	fisher_exact	True	12	0	0	4	0	0	4		conditioned-cat-only	cat_only_label	169	7	1.910016434686177	93	1	0.14285714285714285	0.14285714285714285	0.11473412711750368	0.05834002786055796	0.131833910403117	0.28472934017175655	0.4630148418269476	5.428566023658889	8.12991345787164	0.6677274059298601	0.9289940828402367	0.9349112426035503	0.4458088450478847	0.5822236851855441	0
kanishka_GlossBERT	head_embed_cache_kanishka_GlossBERT.jsonl	orig	hang__pst	hang	pst	198	169	29	0	12	4	2	hanged,hung	hanged	hung	0.0	fisher_exact	True	12	0	0	4	0	0	4		conditioned-exclude	conditioned_exclude_label	169	7	1.910016434686177	93	1	0.14285714285714285	0.14285714285714285	0.11473412711750368	0.05834002786055796	0.131833910403117	0.28472934017175655	0.4630148418269476	5.428566023658889	8.12991345787164	0.6677274059298601	0.9289940828402367	0.9349112426035503	0.4458088450478847	0.5822236851855441	0
kanishka_GlossBERT	head_embed_cache_kanishka_GlossBERT.jsonl	orig	hang__pst	hang	pst	198	169	29	0	12	4	2	hanged,hung	hanged	hung	0.0	fisher_exact	True	12	0	0	4	0	0	4		form	form_label	198	2	1.0	99	99	0.0	0.0	0.3338947215735157	0.2001324235790248	0.1966139177640908	0.2971702891718734	0.6616203736652013	6.578686802057564	8.241246983821808	0.798263517034743	0.9646464646464646	0.9646464646464646	0.862889426688329	0.7791187541833766	0
kanishka_GlossBERT	head_embed_cache_kanishka_GlossBERT.jsonl	orig	hang__pst	hang	pst	198	169	29	0	12	4	2	hanged,hung	hanged	hung	0.0	fisher_exact	True	12	0	0	4	0	0	4		raw	raw_label	198	12	2.410290575096467	96	1	0.16666666666666666	0.25	0.16456880639186514	0.06833570041330948	0.1359347726475917	0.29090607611820896	0.46728062356578265	5.499633652993712	8.16750489532464	0.6733554155739644	0.8787878787878788	0.8787878787878788	0.4343187291346145	0.5309813708916934	0
kanishka_GlossBERT	head_embed_cache_kanishka_GlossBERT.jsonl	orig	heave__pst	heave	pst	126	92	34	0	15	4	2	heaved,hove	heaved	hove	0.0	fisher_exact	True	15	2	0	2	2	0	2		conditioned-cat-only	cat_only_label	58	2	0.9575534837147482	36	22	0.0	0.0	0.5181776528018388	0.309471745162179	0.14988911312061834	0.3042173536992821	0.4927040199974366	5.620697650671949	8.011529693737165	0.7015760866574338	1.0	1.0	1.0	1.0	0
kanishka_GlossBERT	head_embed_cache_kanishka_GlossBERT.jsonl	orig	heave__pst	heave	pst	126	92	34	0	15	4	2	heaved,hove	heaved	hove	0.0	fisher_exact	True	15	2	0	2	2	0	2		conditioned-exclude	conditioned_exclude_label	92	4	1.9235779097042376	36	17	0.0	0.0	0.23917948559060792	0.13997635996888128	0.16849678696815565	0.27824709380155355	0.6055653076769525	5.911231398944147	7.624242123966814	0.7753205240376855	0.782608695652174	0.782608695652174	0.49905706968515506	0.5930432774187357	0
kanishka_GlossBERT	head_embed_cache_kanishka_GlossBERT.jsonl	orig	heave__pst	heave	pst	126	92	34	0	15	4	2	heaved,hove	heaved	hove	0.0	fisher_exact	True	15	2	0	2	2	0	2		form	form_label	126	2	1.0	63	63	0.0	0.0	0.34473221167923396	0.19746586315492107	0.2021110324418255	0.30957188930606927	0.6528726910407593	6.511480202647653	8.122631312554432	0.8016466526781086	1.0	1.0	1.0	1.0	0
kanishka_GlossBERT	head_embed_cache_kanishka_GlossBERT.jsonl	orig	heave__pst	heave	pst	126	92	34	0	15	4	2	heaved,hove	heaved	hove	0.0	fisher_exact	True	15	2	0	2	2	0	2		raw	raw_label	126	15	3.0756536995235515	36	1	0.26666666666666666	0.4	0.0017985244305351966	0.009292431039122062	0.170194343587989	0.27173060266799887	0.6263348401575985	5.944116567591359	7.571235707988052	0.7850919977725701	0.6349206349206349	0.6349206349206349	0.31850420514621985	0.46108349368144674	0
kanishka_GlossBERT	head_embed_cache_kanishka_GlossBERT.jsonl	orig	kneel__pst	kneel	pst	200	200	0	0	2	2	2	kneeled,knelt	kneeled	knelt	0.2008	chi_sq	False	2	2	0	0	2	0	0		conditioned-cat-only	cat_only_label	0	0		0	0															0
kanishka_GlossBERT	head_embed_cache_kanishka_GlossBERT.jsonl	orig	kneel__pst	kneel	pst	200	200	0	0	2	2	2	kneeled,knelt	kneeled	knelt	0.2008	chi_sq	False	2	2	0	0	2	0	0		conditioned-exclude	conditioned_exclude_label	200	2	0.9927744539878083	110	90	0.0	0.0	0.07889555960770475	0.041453694971623205	0.1387522844875139	0.15106921779800836	0.918468279044357	5.311620640709694	5.540177724956835	0.9587455320760632	0.83	0.82	0.005050249987374375	0.0036915009604562227	0
kanishka_GlossBERT	head_embed_cache_kanishka_GlossBERT.jsonl	orig	kneel__pst	kneel	pst	200	200	0	0	2	2	2	kneeled,knelt	kneeled	knelt	0.2008	chi_sq	False	2	2	0	0	2	0	0		form	form_label	200	2	1.0	100	100	0.0	0.0	0.24760848195601193	0.13512377955669877	0.12430979468254884	0.16524411337181888	0.7522797160273845	5.030048193271294	5.8166488770783795	0.8647673771564867	1.0	1.0	1.0	1.0	0
kanishka_GlossBERT	head_embed_cache_kanishka_GlossBERT.jsonl	orig	kneel__pst	kneel	pst	200	200	0	0	2	2	2	kneeled,knelt	kneeled	knelt	0.2008	chi_sq	False	2	2	0	0	2	0	0		raw	raw_label	200	2	0.9927744539878083	110	90	0.0	0.0	0.07889555960770475	0.041453694971623205	0.1387522844875139	0.15106921779800836	0.918468279044357	5.311620640709694	5.540177724956835	0.9587455320760632	0.83	0.82	0.005050249987374375	0.0036915009604562227	0
kanishka_GlossBERT	head_embed_cache_kanishka_GlossBERT.jsonl	orig	knit__ppt	knit	ppt	200	178	22	0	7	2	2	knit,knitted	knit	knitted	0.0041	fisher_exact	True	7	0	2	0	0	2	0		conditioned-cat-only	cat_only_label	0	0		0	0															0
kanishka_GlossBERT	head_embed_cache_kanishka_GlossBERT.jsonl	orig	knit__ppt	knit	ppt	200	178	22	0	7	2	2	knit,knitted	knit	knitted	0.0041	fisher_exact	True	7	0	2	0	0	2	0		conditioned-exclude	conditioned_exclude_label	0	0		0	0															0
kanishka_GlossBERT	head_embed_cache_kanishka_GlossBERT.jsonl	orig	knit__ppt	knit	ppt	200	178	22	0	7	2	2	knit,knitted	knit	knitted	0.0041	fisher_exact	True	7	0	2	0	0	2	0		form	form_label	200	2	1.0	100	100	0.0	0.0	0.14923868899530632	0.08327773519607504	0.18445200569938522	0.219663191100941	0.8397037517980183	6.416099878739368	7.019638275799353	0.9140214390902845	0.775	0.77	0.13257639460203902	0.09909093403883383	0
kanishka_GlossBERT	head_embed_cache_kanishka_GlossBERT.jsonl	orig	knit__ppt	knit	ppt	200	178	22	0	7	2	2	knit,knitted	knit	knitted	0.0041	fisher_exact	True	7	0	2	0	0	2	0		raw	raw_label	200	7	1.5863227789388623	110	1	0.14285714285714285	0.14285714285714285	0.07110717751279286	0.04481560363719221	0.1597589606475023	0.23261923969630835	0.6867830917858411	6.034918844353051	7.2114660115714635	0.8368504870811935	0.83	0.83	0.19900081636411454	0.3488197086517885	0
kanishka_GlossBERT	head_embed_cache_kanishka_GlossBERT.jsonl	orig	knit__pst	knit	pst	188	159	29	0	7	4	2	knit,knitted	knit	knitted	0.0	fisher_exact	True	7	1	3	0	1	3	0		conditioned-cat-only	cat_only_label	0	0		0	0															0
kanishka_GlossBERT	head_embed_cache_kanishka_GlossBERT.jsonl	orig	knit__pst	knit	pst	188	159	29	0	7	4	2	knit,knitted	knit	knitted	0.0	fisher_exact	True	7	1	3	0	1	3	0		conditioned-exclude	conditioned_exclude_label	18	1	-0.0	18	18	0.0	0.0													0
kanishka_GlossBERT	head_embed_cache_kanishka_GlossBERT.jsonl	orig	knit__pst	knit	pst	188	159	29	0	7	4	2	knit,knitted	knit	knitted	0.0	fisher_exact	True	7	1	3	0	1	3	0		form	form_label	188	2	1.0	94	94	0.0	0.0	0.16392492909967968	0.09326060033616067	0.1917531099373444	0.23237683467433687	0.8251816933735054	6.568011476599959	7.268344354446078	0.903646161533648	0.776595744680851	0.776595744680851	0.1421183285064129	0.10628061490094685	0
kanishka_GlossBERT	head_embed_cache_kanishka_GlossBERT.jsonl	orig	knit__pst	knit	pst	188	159	29	0	7	4	2	knit,knitted	knit	knitted	0.0	fisher_exact	True	7	1	3	0	1	3	0		raw	raw_label	188	7	2.2898835660380508	86	6	0.0	0.0	0.12101084770077976	0.06414970962208447	0.15189529270275548	0.23428172790419158	0.6483445980254694	5.915265042782378	7.288573348691229	0.8115806427117251	0.8670212765957447	0.8617021276595744	0.41063351755850824	0.5673072147808613	0
kanishka_GlossBERT	head_embed_cache_kanishka_GlossBERT.jsonl	orig	know__pst	know	pst	197	189	8	0	6	3	2	knew,knowed	knew	knowed	0.002	fisher_exact	True	6	1	2	0	1	2	0		conditioned-cat-only	cat_only_label	0	0		0	0															0
kanishka_GlossBERT	head_embed_cache_kanishka_GlossBERT.jsonl	orig	know__pst	know	pst	197	189	8	0	6	3	2	knew,knowed	knew	knowed	0.002	fisher_exact	True	6	1	2	0	1	2	0		conditioned-exclude	conditioned_exclude_label	49	1	-0.0	49	49	0.0	0.0													0
kanishka_GlossBERT	head_embed_cache_kanishka_GlossBERT.jsonl	orig	know__pst	know	pst	197	189	8	0	6	3	2	knew,knowed	knew	knowed	0.002	fisher_exact	True	6	1	2	0	1	2	0		form	form_label	197	2	0.9999814128006821	99	98	0.0	0.0	0.165220067091698	0.09051281466819255	0.19317410623371786	0.23154786364713617	0.8342728936946816	6.14075315174326	6.751670853241379	0.9095160716839704	0.9746192893401016	0.9746192893401016	0.6829939356459074	0.5760695868913115	0
kanishka_GlossBERT	head_embed_cache_kanishka_GlossBERT.jsonl	orig	know__pst	know	pst	197	189	8	0	6	3	2	knew,knowed	knew	knowed	0.002	fisher_exact	True	6	1	2	0	1	2	0		raw	raw_label	197	6	1.6746332036712905	105	2	0.0	0.3333333333333333	-0.08824116320286937	-0.047100061655932106	0.19775857953962292	0.2212767988800706	0.8937158370896613	6.215703855971668	6.586974697448513	0.9436356053378104	0.6345177664974619	0.6294416243654822	0.09913765421132645	0.18114714786547284	0
kanishka_GlossBERT	head_embed_cache_kanishka_GlossBERT.jsonl	orig	lay__ppt	lay	ppt	200	157	43	0	15	4	2	laid,lain	laid	lain	0.0	fisher_exact	True	15	1	1	2	1	1	2		conditioned-cat-only	cat_only_label	91	3	0.9158897092726221	70	3	0.0	0.0	0.2954016099723016	0.1662301671621463	0.17765755482138187	0.30502011926041533	0.5824453654144177	6.387811931603031	8.219866236980275	0.7771187203588505	0.945054945054945	0.945054945054945	0.4221464501761672	0.5723519064704367	0
kanishka_GlossBERT	head_embed_cache_kanishka_GlossBERT.jsonl	orig	lay__ppt	lay	ppt	200	157	43	0	15	4	2	laid,lain	laid	lain	0.0	fisher_exact	True	15	1	1	2	1	1	2		conditioned-exclude	conditioned_exclude_label	111	4	1.431335590566142	70	3	0.0	0.0	0.2725815419996195	0.15661040469373996	0.17701710854683939	0.2835052886398917	0.6243873241168578	6.368984878211032	7.997110167739794	0.7964107964778838	0.8918918918918919	0.8918918918918919	0.40928005110880006	0.5334901407822816	0
kanishka_GlossBERT	head_embed_cache_kanishka_GlossBERT.jsonl	orig	lay__ppt	lay	ppt	200	157	43	0	15	4	2	laid,lain	laid	lain	0.0	fisher_exact	True	15	1	1	2	1	1	2		form	form_label	200	2	1.0	100	100	0.0	0.0	0.24915165780344153	0.1431960321638076	0.22296610354921517	0.2987206815664049	0.7464033035143244	6.989510073469807	8.176560010994997	0.8548228184066444	0.96	0.955	0.7041346487932191	0.6286712340202169	0
kanishka_GlossBERT	head_embed_cache_kanishka_GlossBERT.jsonl	orig	lay__ppt	lay	ppt	200	157	43	0	15	4	2	laid,lain	laid	lain	0.0	fisher_exact	True	15	1	1	2	1	1	2		raw	raw_label	200	15	2.791926912298905	73	1	0.26666666666666666	0.3333333333333333	-0.0027843504543470197	-0.019020984972329444	0.19871396592745155	0.27730479728644986	0.7165904372082835	6.64674066252597	7.8312533781808655	0.8487454487227883	0.69	0.675	0.21900640825393863	0.40280331468811614	0
kanishka_GlossBERT	head_embed_cache_kanishka_GlossBERT.jsonl	orig	lay__pst	lay	pst	196	162	34	0	17	5	2	laid,lay	laid	lay	0.0	fisher_exact	True	17	0	1	4	0	1	4		conditioned-cat-only	cat_only_label	91	5	1.998985190670653	32	1	0.2	0.2	0.08119266147427134	0.0330323366180806	0.17519429412841495	0.25326741228377614	0.6917364241559694	5.866614865643007	7.1139528365381866	0.8246631655345409	0.9340659340659341	0.9230769230769231	0.633184692515053	0.649581623595289	0
kanishka_GlossBERT	head_embed_cache_kanishka_GlossBERT.jsonl	orig	lay__pst	lay	pst	196	162	34	0	17	5	2	laid,lay	laid	lay	0.0	fisher_exact	True	17	0	1	4	0	1	4		conditioned-exclude	conditioned_exclude_label	91	5	1.998985190670653	32	1	0.2	0.2	0.08119266147427134	0.0330323366180806	0.17519429412841495	0.25326741228377614	0.6917364241559694	5.866614865643007	7.1139528365381866	0.8246631655345409	0.9340659340659341	0.9230769230769231	0.633184692515053	0.649581623595289	0
kanishka_GlossBERT	head_embed_cache_kanishka_GlossBERT.jsonl	orig	lay__pst	lay	pst	196	162	34	0	17	5	2	laid,lay	laid	lay	0.0	fisher_exact	True	17	0	1	4	0	1	4		form	form_label	196	2	0.9996995428565171	100	96	0.0	0.0	0.15186412952094416	0.0836813445122584	0.2436416593881312	0.2882328653765713	0.8452945123722014	7.108880292058415	7.761240547121115	0.915946393994362	0.8979591836734694	0.8979591836734694	0.1883638432036325	0.1408092591417949	0
kanishka_GlossBERT	head_embed_cache_kanishka_GlossBERT.jsonl	orig	lay__pst	lay	pst	196	162	34	0	17	5	2	laid,lay	laid	lay	0.0	fisher_exact	True	17	0	1	4	0	1	4		raw	raw_label	196	17	2.8975064022045585	71	1	0.35294117647058826	0.5294117647058824	-0.05336706944451618	-0.025756440507186635	0.20372111085556183	0.28081570303231135	0.7254619619050334	6.513861094051507	7.655334121143294	0.8508918083746144	0.8061224489795918	0.8061224489795918	0.28292636392042875	0.4522061571111669	0
kanishka_GlossBERT	head_embed_cache_kanishka_GlossBERT.jsonl	orig	lead__ppt	lead	ppt	198	182	16	0	6	3	2	lead,led	lead	led	0.0	fisher_exact	True	6	1	2	0	1	2	0		conditioned-cat-only	cat_only_label	0	0		0	0															0
kanishka_GlossBERT	head_embed_cache_kanishka_GlossBERT.jsonl	orig	lead__ppt	lead	ppt	198	182	16	0	6	3	2	lead,led	lead	led	0.0	fisher_exact	True	6	1	2	0	1	2	0		conditioned-exclude	conditioned_exclude_label	50	1	-0.0	50	50	0.0	0.0													0
kanishka_GlossBERT	head_embed_cache_kanishka_GlossBERT.jsonl	orig	lead__ppt	lead	ppt	198	182	16	0	6	3	2	lead,led	lead	led	0.0	fisher_exact	True	6	1	2	0	1	2	0		form	form_label	198	2	0.999926399368686	100	98	0.0	0.0	0.06955206076333481	0.0382723864765112	0.23757452986193592	0.25784689237950026	0.921378294186585	6.983175998852879	7.285064264766326	0.9585606585005011	0.6616161616161617	0.6616161616161617	0.04012392548485951	0.029117470543680475	0
kanishka_GlossBERT	head_embed_cache_kanishka_GlossBERT.jsonl	orig	lead__ppt	lead	ppt	198	182	16	0	6	3	2	lead,led	lead	led	0.0	fisher_exact	True	6	1	2	0	1	2	0		raw	raw_label	198	6	1.9406797937509739	83	3	0.0	0.0	0.08566699163914085	0.028584183438434392	0.1943316484381267	0.27061532845867436	0.7181102768456188	6.27070869992533	7.504512121370117	0.8355917877817315	0.702020202020202	0.7070707070707071	0.4148066476473454	0.458636089616848	0
kanishka_GlossBERT	head_embed_cache_kanishka_GlossBERT.jsonl	orig	lead__pst	lead	pst	200	191	9	0	8	5	2	lead,led	lead	led	0.0935	fisher_exact	False	8	4	1	0	4	1	0		conditioned-cat-only	cat_only_label	0	0		0	0															0
kanishka_GlossBERT	head_embed_cache_kanishka_GlossBERT.jsonl	orig	lead__pst	lead	pst	200	191	9	0	8	5	2	lead,led	lead	led	0.0935	fisher_exact	False	8	4	1	0	4	1	0		conditioned-exclude	conditioned_exclude_label	171	4	1.8995310797057041	71	28	0.0	0.0	0.10138051271726856	0.055352100947947895	0.18573665375718926	0.25935193972716547	0.7161567943258167	6.069874463119114	7.237682799384131	0.8386488647493107	0.7602339181286549	0.7602339181286549	0.2724624014813554	0.37175850332990884	0
kanishka_GlossBERT	head_embed_cache_kanishka_GlossBERT.jsonl	orig	lead__pst	lead	pst	200	191	9	0	8	5	2	lead,led	lead	led	0.0935	fisher_exact	False	8	4	1	0	4	1	0		form	form_label	200	2	1.0	100	100	0.0	0.0	0.043356716878099236	0.02431804947950568	0.2450176337999214	0.2563172861612153	0.9559153714112485	7.061791452010295	7.239914759796963	0.9753970435155147	0.735	0.74	0.017623165453020295	0.012964517061083626	0
kanishka_GlossBERT	head_embed_cache_kanishka_GlossBERT.jsonl	orig	lead__pst	lead	pst	200	191	9	0	8	5	2	lead,led	lead	led	0.0935	fisher_exact	False	8	4	1	0	4	1	0		raw	raw_label	200	8	2.405949678185288	71	1	0.125	0.25	0.05372247300606377	0.02695619862613898	0.18852118496026013	0.26800187202406167	0.7034323437238318	6.137673231593288	7.433438996619633	0.8256842135093062	0.725	0.72	0.41353141055874193	0.43659558068159826	0
kanishka_GlossBERT	head_embed_cache_kanishka_GlossBERT.jsonl	orig	leap__ppt	leap	ppt	199	193	6	0	4	3	2	leaped,leapt	leaped	leapt	0.7849	fisher_exact	False	4	3	0	0	3	0	0		conditioned-cat-only	cat_only_label	0	0		0	0															0
kanishka_GlossBERT	head_embed_cache_kanishka_GlossBERT.jsonl	orig	leap__ppt	leap	ppt	199	193	6	0	4	3	2	leaped,leapt	leaped	leapt	0.7849	fisher_exact	False	4	3	0	0	3	0	0		conditioned-exclude	conditioned_exclude_label	193	3	1.4136787816545873	110	38	0.0	0.0	0.10229209960739914	0.052491441998788746	0.17653859051210857	0.20754643990147087	0.8505980184286334	5.8904583547367215	6.322035223158547	0.9317345042873384	0.7668393782383419	0.7616580310880829	0.298571517565565	0.32147438813737816	0
kanishka_GlossBERT	head_embed_cache_kanishka_GlossBERT.jsonl	orig	leap__ppt	leap	ppt	199	193	6	0	4	3	2	leaped,leapt	leaped	leapt	0.7849	fisher_exact	False	4	3	0	0	3	0	0		form	form_label	199	2	0.9999817845368457	100	99	0.0	0.0	0.02838483424926771	0.014998476415098072	0.19297012403119404	0.19871927748020765	0.9710689696444462	6.107805976466217	6.202116293663335	0.9847938489490315	0.7788944723618091	0.7788944723618091	0.0041076560955229	0.0029312942010204456	0
kanishka_GlossBERT	head_embed_cache_kanishka_GlossBERT.jsonl	orig	leap__ppt	leap	ppt	199	193	6	0	4	3	2	leaped,leapt	leaped	leapt	0.7849	fisher_exact	False	4	3	0	0	3	0	0		raw	raw_label	199	4	1.566202618846508	110	6	0.0	0.0	0.0952404940642619	0.046200807106501846	0.1765519113197305	0.20825484745690154	0.8477685560537457	5.890152282721299	6.3253637813644135	0.9311958151837337	0.7638190954773869	0.7587939698492462	0.20909739761797583	0.3049357464719101	0
kanishka_GlossBERT	head_embed_cache_kanishka_GlossBERT.jsonl	orig	leap__pst	leap	pst	199	196	3	0	4	3	2	leaped,leapt	leaped	leapt	0.2713	fisher_exact	False	4	3	0	0	3	0	0		conditioned-cat-only	cat_only_label	0	0		0	0															0
kanishka_GlossBERT	head_embed_cache_kanishka_GlossBERT.jsonl	orig	leap__pst	leap	pst	199	196	3	0	4	3	2	leaped,leapt	leaped	leapt	0.2713	fisher_exact	False	4	3	0	0	3	0	0		conditioned-exclude	conditioned_exclude_label	196	3	0.8545657618096906	161	16	0.0	0.0	0.04942812685315709	0.01655454788823714	0.1909405765870135	0.20454989429533724	0.9334670019986709	6.093549100414045	6.242552526766808	0.9761310095968171	0.7755102040816326	0.7806122448979592	0.18908786356490703	0.15005181113105023	0
kanishka_GlossBERT	head_embed_cache_kanishka_GlossBERT.jsonl	orig	leap__pst	leap	pst	199	196	3	0	4	3	2	leaped,leapt	leaped	leapt	0.2713	fisher_exact	False	4	3	0	0	3	0	0		form	form_label	199	2	0.9999817845368457	100	99	0.0	0.0	0.026036895909890327	0.013471533381046405	0.19229967539566323	0.1975626542416074	0.9733604568831725	6.08944929012874	6.173668085589174	0.9863583862473881	0.8090452261306532	0.8040201005025126	-0.004610687614693404	-0.00352946691674159	0
kanishka_GlossBERT	head_embed_cache_kanishka_GlossBERT.jsonl	orig	leap__pst	leap	pst	199	196	3	0	4	3	2	leaped,leapt	leaped	leapt	0.2713	fisher_exact	False	4	3	0	0	3	0	0		raw	raw_label	199	4	0.9544983510258352	161	3	0.0	0.0	-0.0225561233653512	-0.028927638650415508	0.19092356089747406	0.20305996694982154	0.9402324040792023	6.093175861765172	6.209668720237508	0.9812400848224508	0.7638190954773869	0.7638190954773869	0.08254249866840972	0.12741400868150524	0
kanishka_GlossBERT	head_embed_cache_kanishka_GlossBERT.jsonl	orig	learn__ppt	learn	ppt	198	181	17	0	6	3	2	learned,learnt	learned	learnt	0.0303	fisher_exact	True	6	3	0	0	3	0	0		conditioned-cat-only	cat_only_label	0	0		0	0															0
kanishka_GlossBERT	head_embed_cache_kanishka_GlossBERT.jsonl	orig	learn__ppt	learn	ppt	198	181	17	0	6	3	2	learned,learnt	learned	learnt	0.0303	fisher_exact	True	6	3	0	0	3	0	0		conditioned-exclude	conditioned_exclude_label	181	3	1.4210386787869993	92	25	0.0	0.0	0.025457760112745705	0.014875348088961491	0.18584439924276208	0.1991685776110399	0.9331010015329885	6.44423434358881	6.718235910910212	0.9592152507064493	0.6685082872928176	0.6629834254143646	0.14709752891613434	0.17174546301039612	0
kanishka_GlossBERT	head_embed_cache_kanishka_GlossBERT.jsonl	orig	learn__ppt	learn	ppt	198	181	17	0	6	3	2	learned,learnt	learned	learnt	0.0303	fisher_exact	True	6	3	0	0	3	0	0		form	form_label	198	2	0.999926399368686	100	98	0.0	0.0	0.13869459327510547	0.07523796901296177	0.1833892353333687	0.21314930930995452	0.8603792145846941	6.424476177424153	6.950413651136077	0.9243300470863404	0.9747474747474747	0.9747474747474747	0.011029768270844589	0.013946745524390685	0
kanishka_GlossBERT	head_embed_cache_kanishka_GlossBERT.jsonl	orig	learn__ppt	learn	ppt	198	181	17	0	6	3	2	learned,learnt	learned	learnt	0.0303	fisher_exact	True	6	3	0	0	3	0	0		raw	raw_label	198	6	1.8291297808422493	92	1	0.16666666666666666	0.16666666666666666	-0.09403673504198433	-0.05099442849216388	0.18572534400981167	0.20473705580321971	0.9071408362359137	6.44308323092252	6.813238814822257	0.9456711273507014	0.5757575757575758	0.5757575757575758	0.0779248076800035	0.14243148032067524	0
kanishka_GlossBERT	head_embed_cache_kanishka_GlossBERT.jsonl	orig	learn__pst	learn	pst	198	196	2	0	5	4	2	learned,learnt	learned	learnt	0.0124	fisher_exact	True	5	3	1	0	3	1	0		conditioned-cat-only	cat_only_label	0	0		0	0															0
kanishka_GlossBERT	head_embed_cache_kanishka_GlossBERT.jsonl	orig	learn__pst	learn	pst	198	196	2	0	5	4	2	learned,learnt	learned	learnt	0.0124	fisher_exact	True	5	3	1	0	3	1	0		conditioned-exclude	conditioned_exclude_label	174	3	1.3841346159601868	89	20	0.0	0.0	0.035665675574190106	0.017789119188542493	0.18025084337317018	0.20677975388299008	0.8717045067921314	6.252281355345139	6.675749642374735	0.9365661821195922	0.7011494252873564	0.6954022988505747	0.2056422776054611	0.24608762040561824	0
kanishka_GlossBERT	head_embed_cache_kanishka_GlossBERT.jsonl	orig	learn__pst	learn	pst	198	196	2	0	5	4	2	learned,learnt	learned	learnt	0.0124	fisher_exact	True	5	3	1	0	3	1	0		form	form_label	198	2	0.999926399368686	100	98	0.0	0.0	0.1276578305995811	0.06897122041589807	0.1826909939020218	0.20959557510875984	0.8716357385275086	6.287377968915332	6.754662365343005	0.9308204657533694	0.98989898989899	0.98989898989899	0.013341248471267133	0.015076808908720965	0
kanishka_GlossBERT	head_embed_cache_kanishka_GlossBERT.jsonl	orig	learn__pst	learn	pst	198	196	2	0	5	4	2	learned,learnt	learned	learnt	0.0124	fisher_exact	True	5	3	1	0	3	1	0		raw	raw_label	198	5	1.7993554043693738	89	2	0.0	0.2	0.024047191132503056	0.015772275754163866	0.17870766224337256	0.20479492347108888	0.8726176372658032	6.2265910694491415	6.66716531364328	0.9339188060490154	0.6717171717171717	0.6666666666666666	0.1874296331650375	0.30053835286144776	0
kanishka_GlossBERT	head_embed_cache_kanishka_GlossBERT.jsonl	orig	light__ppt	light	ppt	200	181	19	0	8	2	2	lighted,lit	lighted	lit	0.0007	fisher_exact	True	8	2	0	0	2	0	0		conditioned-cat-only	cat_only_label	0	0		0	0															0
kanishka_GlossBERT	head_embed_cache_kanishka_GlossBERT.jsonl	orig	light__ppt	light	ppt	200	181	19	0	8	2	2	lighted,lit	lighted	lit	0.0007	fisher_exact	True	8	2	0	0	2	0	0		conditioned-exclude	conditioned_exclude_label	181	2	0.9920366649222823	100	81	0.0	0.0	0.12765880676217034	0.06921715998146717	0.17322994918410503	0.1985988064135801	0.872260776952281	6.161044638175433	6.615234807019893	0.931341791773969	0.8729281767955801	0.8784530386740331	-0.004654666883857306	-0.0042266784953476485	0
kanishka_GlossBERT	head_embed_cache_kanishka_GlossBERT.jsonl	orig	light__ppt	light	ppt	200	181	19	0	8	2	2	lighted,lit	lighted	lit	0.0007	fisher_exact	True	8	2	0	0	2	0	0		form	form_label	200	2	1.0	100	100	0.0	0.0	0.06094562028337016	0.03273171203894975	0.1877515953809414	0.20020965650489164	0.9377749238401702	6.3939826133480615	6.61316222909056	0.9668570635121649	0.835	0.825	0.04846700381526196	0.039244145372899775	0
kanishka_GlossBERT	head_embed_cache_kanishka_GlossBERT.jsonl	orig	light__ppt	light	ppt	200	181	19	0	8	2	2	lighted,lit	lighted	lit	0.0007	fisher_exact	True	8	2	0	0	2	0	0		raw	raw_label	200	8	1.564208781564072	100	1	0.25	0.375	0.049122684311906514	0.019272041903570968	0.17326242523588534	0.2086298853751674	0.8304774981030031	6.160929188755089	6.745902148654457	0.9132846953589377	0.775	0.785	0.1676742989082147	0.2635302585648252	0
kanishka_GlossBERT	head_embed_cache_kanishka_GlossBERT.jsonl	orig	light__pst	light	pst	200	174	26	0	11	3	2	lighted,lit	lighted	lit	0.0	fisher_exact	True	11	2	1	0	2	1	0		conditioned-cat-only	cat_only_label	0	0		0	0															0
kanishka_GlossBERT	head_embed_cache_kanishka_GlossBERT.jsonl	orig	light__pst	light	pst	200	174	26	0	11	3	2	lighted,lit	lighted	lit	0.0	fisher_exact	True	11	2	1	0	2	1	0		conditioned-exclude	conditioned_exclude_label	126	2	0.8049277932345738	95	31	0.0	0.0	0.19365382838469486	0.10215571776808233	0.16214342644893381	0.2028486080677745	0.799332211314753	5.84235871136434	6.493597746919586	0.899710597894029	0.8809523809523809	0.8809523809523809	0.20718601727563973	0.2689169476097524	0
kanishka_GlossBERT	head_embed_cache_kanishka_GlossBERT.jsonl	orig	light__pst	light	pst	200	174	26	0	11	3	2	lighted,lit	lighted	lit	0.0	fisher_exact	True	11	2	1	0	2	1	0		form	form_label	200	2	1.0	100	100	0.0	0.0	0.05433881461692654	0.029701346764341566	0.20229867316397376	0.21443509161546961	0.9434028341160728	6.460380942589892	6.663846059822146	0.969467314309826	0.725	0.72	0.009520269710675105	0.0070642720832974695	0
kanishka_GlossBERT	head_embed_cache_kanishka_GlossBERT.jsonl	orig	light__pst	light	pst	200	174	26	0	11	3	2	lighted,lit	lighted	lit	0.0	fisher_exact	True	11	2	1	0	2	1	0		raw	raw_label	200	11	2.154803285379464	95	1	0.2727272727272727	0.2727272727272727	0.024473376581749733	1.2096878144129963e-05	0.1624555369112223	0.22872420869613913	0.7102682214415048	5.831720656943644	6.886011093061566	0.8468938806705905	0.815	0.82	0.24623601676030782	0.4342412978587682	0
kanishka_GlossBERT	head_embed_cache_kanishka_GlossBERT.jsonl	orig	plead__ppt	plead	ppt	199	177	22	0	9	2	2	pleaded,pled	pleaded	pled	0.001	fisher_exact	True	9	1	0	1	1	0	1		conditioned-cat-only	cat_only_label	25	2	0.6343095546405662	21	4	0.0	0.0	0.2442878829005025	0.1361945926246227	0.17406134332996542	0.22046518254279002	0.7895185140909128	6.057183100160106	6.8220854428230435	0.8878785161702089	1.0	1.0	0.011597258829731154	0.14917580888459397	0
kanishka_GlossBERT	head_embed_cache_kanishka_GlossBERT.jsonl	orig	plead__ppt	plead	ppt	199	177	22	0	9	2	2	pleaded,pled	pleaded	pled	0.001	fisher_exact	True	9	1	0	1	1	0	1		conditioned-exclude	conditioned_exclude_label	177	3	0.6770764657791616	152	4	0.0	0.0	0.3325833795539819	0.16681270047444213	0.147109501013986	0.2915280016102722	0.504615337811181	6.008262896964739	8.250016477250272	0.728272836003752	0.9830508474576272	0.9774011299435028	0.2818576413588662	0.4246162056581637	0
kanishka_GlossBERT	head_embed_cache_kanishka_GlossBERT.jsonl	orig	plead__ppt	plead	ppt	199	177	22	0	9	2	2	pleaded,pled	pleaded	pled	0.001	fisher_exact	True	9	1	0	1	1	0	1		form	form_label	199	2	0.9999817845368457	100	99	0.0	0.0	0.31450125154829994	0.19556402444339366	0.1599209231434822	0.22970069412491093	0.6962143660589785	6.013426332874008	7.4524413395013545	0.8069068992197352	0.9849246231155779	0.9748743718592965	0.47153324868825625	0.49759151305408245	0
kanishka_GlossBERT	head_embed_cache_kanishka_GlossBERT.jsonl	orig	plead__ppt	plead	ppt	199	177	22	0	9	2	2	pleaded,pled	pleaded	pled	0.001	fisher_exact	True	9	1	0	1	1	0	1		raw	raw_label	199	9	1.316244945976663	152	1	0.1111111111111111	0.3333333333333333	0.16686616858444778	0.08031953560098355	0.14771012325459962	0.26569653082072836	0.555935460648762	6.014337093903572	7.8167573703879	0.7694158599175142	0.8592964824120602	0.864321608040201	0.13410146806656942	0.30267267080266064	0
kanishka_GlossBERT	head_embed_cache_kanishka_GlossBERT.jsonl	orig	plead__pst	plead	pst	199	192	7	0	7	2	2	pleaded,pled	pleaded	pled	0.0001	fisher_exact	True	7	1	0	1	1	0	1		conditioned-cat-only	cat_only_label	29	2	0.6631968402398287	24	5	0.0	0.0	0.3113767231803541	0.17282834170784894	0.16233930254074086	0.23060298404057214	0.7039774581242149	5.767156726277504	6.887169961911133	0.8373768555404091	1.0	1.0	-0.0622975330176925	0.1159703030054375	0
kanishka_GlossBERT	head_embed_cache_kanishka_GlossBERT.jsonl	orig	plead__pst	plead	pst	199	192	7	0	7	2	2	pleaded,pled	pleaded	pled	0.0001	fisher_exact	True	7	1	0	1	1	0	1		conditioned-exclude	conditioned_exclude_label	192	3	0.712611304724228	163	5	0.0	0.0	0.38826914338699353	0.20474164954749088	0.14683256328760255	0.28585049768439674	0.5136690839339317	5.917325358086305	8.048546141151116	0.735204253577156	0.9739583333333334	0.9739583333333334	0.3145861802261799	0.4830374677765355	0
kanishka_GlossBERT	head_embed_cache_kanishka_GlossBERT.jsonl	orig	plead__pst	plead	pst	199	192	7	0	7	2	2	pleaded,pled	pleaded	pled	0.0001	fisher_exact	True	7	1	0	1	1	0	1		form	form_label	199	2	0.9999817845368457	100	99	0.0	0.0	0.31782096098502066	0.19442183865926868	0.15303676356553775	0.2211695168941385	0.6919432917999632	5.833333484033597	7.217789119632713	0.8081884060822262	1.0	1.0	1.0	1.0	0
kanishka_GlossBERT	head_embed_cache_kanishka_GlossBERT.jsonl	orig	plead__pst	plead	pst	199	192	7	0	7	2	2	pleaded,pled	pleaded	pled	0.0001	fisher_exact	True	7	1	0	1	1	0	1		raw	raw_label	199	7	0.8892671431649289	163	1	0.42857142857142855	0.7142857142857143	0.1068319319742971	0.031292381476429626	0.14757420658446233	0.2760031216973218	0.5346831067595651	5.925833884044084	7.877190273506258	0.7522776114695023	0.9246231155778895	0.914572864321608	0.14352467521642825	0.3187306206259533	0
kanishka_GlossBERT	head_embed_cache_kanishka_GlossBERT.jsonl	orig	prove__ppt	prove	ppt	199	193	6	0	5	3	2	proved,proven	proved	proven	0.0092	fisher_exact	True	5	1	2	0	1	2	0		conditioned-cat-only	cat_only_label	0	0		0	0															0
kanishka_GlossBERT	head_embed_cache_kanishka_GlossBERT.jsonl	orig	prove__ppt	prove	ppt	199	193	6	0	5	3	2	proved,proven	proved	proven	0.0092	fisher_exact	True	5	1	2	0	1	2	0		conditioned-exclude	conditioned_exclude_label	38	1	-0.0	38	38	0.0	0.0													0
kanishka_GlossBERT	head_embed_cache_kanishka_GlossBERT.jsonl	orig	prove__ppt	prove	ppt	199	193	6	0	5	3	2	proved,proven	proved	proven	0.0092	fisher_exact	True	5	1	2	0	1	2	0		form	form_label	199	2	0.9999817845368457	100	99	0.0	0.0	0.04580424558292576	0.024775128285824434	0.19517414633490915	0.20455934681910962	0.9541199137065112	6.355478215106207	6.5173558983659925	0.9751620617648991	0.8341708542713567	0.8341708542713567	0.0023973818549818614	0.0019001708920511604	0
kanishka_GlossBERT	head_embed_cache_kanishka_GlossBERT.jsonl	orig	prove__ppt	prove	ppt	199	193	6	0	5	3	2	proved,proven	proved	proven	0.0092	fisher_exact	True	5	1	2	0	1	2	0		raw	raw_label	199	5	1.6396834687515796	100	1	0.2	0.2	-0.021927486894276642	-0.016782998922546654	0.17913728455798164	0.21170764213472296	0.8461540771588456	6.101274873933941	6.62789393620644	0.9205450377840664	0.7939698492462312	0.7939698492462312	0.2904525165359666	0.373869984273855	0
kanishka_GlossBERT	head_embed_cache_kanishka_GlossBERT.jsonl	orig	ring__ppt	ring	ppt	200	151	49	0	18	3	2	ringed,rung	ringed	rung	0.0	fisher_exact	True	18	0	0	3	0	0	3		conditioned-cat-only	cat_only_label	151	3	1.3195617324326887	91	18	0.0	0.0	0.35947424294861074	0.23647017454503072	0.15938569465583993	0.28913081650264977	0.5512580657564713	5.694025352099724	8.115594321101517	0.7016153256077102	0.9933774834437086	0.9933774834437086	0.4854523002609497	0.6662309557303501	0
kanishka_GlossBERT	head_embed_cache_kanishka_GlossBERT.jsonl	orig	ring__ppt	ring	ppt	200	151	49	0	18	3	2	ringed,rung	ringed	rung	0.0	fisher_exact	True	18	0	0	3	0	0	3		conditioned-exclude	conditioned_exclude_label	151	3	1.3195617324326887	91	18	0.0	0.0	0.35947424294861074	0.23647017454503072	0.15938569465583993	0.28913081650264977	0.5512580657564713	5.694025352099724	8.115594321101517	0.7016153256077102	0.9933774834437086	0.9933774834437086	0.4854523002609497	0.6662309557303501	0
kanishka_GlossBERT	head_embed_cache_kanishka_GlossBERT.jsonl	orig	ring__ppt	ring	ppt	200	151	49	0	18	3	2	ringed,rung	ringed	rung	0.0	fisher_exact	True	18	0	0	3	0	0	3		form	form_label	200	2	1.0	100	100	0.0	0.0	0.3815069030583468	0.22271140574557033	0.18560538765646012	0.30094859037693633	0.6167345307183213	6.347687837621575	8.180084453715283	0.7759929464711751	1.0	1.0	1.0	1.0	0
kanishka_GlossBERT	head_embed_cache_kanishka_GlossBERT.jsonl	orig	ring__ppt	ring	ppt	200	151	49	0	18	3	2	ringed,rung	ringed	rung	0.0	fisher_exact	True	18	0	0	3	0	0	3		raw	raw_label	200	18	2.6489532526715847	91	1	0.2222222222222222	0.5555555555555556	0.095463633280458	0.04067882157445201	0.15968296894149536	0.2734101906087906	0.5840417600599898	5.705350807757376	7.8246090892149756	0.7291547402184382	0.89	0.89	0.22583145826021697	0.484070602589319	0
kanishka_GlossBERT	head_embed_cache_kanishka_GlossBERT.jsonl	orig	see__ppt	see	ppt	199	195	4	0	8	5	2	saw,seen	saw	seen	0.0008	fisher_exact	True	8	3	1	1	3	1	1		conditioned-cat-only	cat_only_label	19	2	0.4854607607459134	17	2	0.0	0.5	0.15339322791297352	0.08820044777601682	0.2106652070055573	0.2512452940675799	0.8384841904696237	6.719793193865917	7.3997751453128195	0.9081077548852795	0.7368421052631579	0.7368421052631579	0.17254251347988386	0.17291153961181713	0
kanishka_GlossBERT	head_embed_cache_kanishka_GlossBERT.jsonl	orig	see__ppt	see	ppt	199	195	4	0	8	5	2	saw,seen	saw	seen	0.0008	fisher_exact	True	8	3	1	1	3	1	1		conditioned-exclude	conditioned_exclude_label	108	5	1.9809080920530442	37	2	0.0	0.2	0.003644022580681843	0.004170966184892102	0.22667586587916197	0.2591141537839951	0.8748108220600153	6.681025208412497	7.2173057432889225	0.925695189596881	0.46296296296296297	0.4537037037037037	0.1596087876032213	0.19734191451738473	0
kanishka_GlossBERT	head_embed_cache_kanishka_GlossBERT.jsonl	orig	see__ppt	see	ppt	199	195	4	0	8	5	2	saw,seen	saw	seen	0.0008	fisher_exact	True	8	3	1	1	3	1	1		form	form_label	199	2	0.9999817845368457	100	99	0.0	0.0	0.05217829525967972	0.028140897947598876	0.2519657530658053	0.2668025146332534	0.9443904732763008	7.190516350555833	7.408904175366389	0.9705235997603173	0.7487437185929648	0.7487437185929648	0.053124723229201344	0.08897901712511477	0
kanishka_GlossBERT	head_embed_cache_kanishka_GlossBERT.jsonl	orig	see__ppt	see	ppt	199	195	4	0	8	5	2	saw,seen	saw	seen	0.0008	fisher_exact	True	8	3	1	1	3	1	1		raw	raw_label	199	8	2.1725562040364252	87	1	0.25	0.375	-0.10416848495957212	-0.07152506308390195	0.2448131730003192	0.2648673099516033	0.924286100255451	7.134431046241605	7.362079018223983	0.9690783036396565	0.47738693467336685	0.4824120603015075	0.0836856698753477	0.165614820816889	0
kanishka_GlossBERT	head_embed_cache_kanishka_GlossBERT.jsonl	orig	see__pst	see	pst	198	181	17	0	7	4	2	saw,seen	saw	seen	0.0	fisher_exact	True	7	2	2	0	2	2	0		conditioned-cat-only	cat_only_label	0	0		0	0															0
kanishka_GlossBERT	head_embed_cache_kanishka_GlossBERT.jsonl	orig	see__pst	see	pst	198	181	17	0	7	4	2	saw,seen	saw	seen	0.0	fisher_exact	True	7	2	2	0	2	2	0		conditioned-exclude	conditioned_exclude_label	48	2	0.8960382325345574	33	15	0.0	0.0	0.0416775465330114	0.026076171031999874	0.22289573095835302	0.23635912819537888	0.9430383867980052	6.61891324593963	6.866999881545394	0.963872631442374	0.6666666666666666	0.6666666666666666	0.06722151088348272	0.04541548461573087	0
kanishka_GlossBERT	head_embed_cache_kanishka_GlossBERT.jsonl	orig	see__pst	see	pst	198	181	17	0	7	4	2	saw,seen	saw	seen	0.0	fisher_exact	True	7	2	2	0	2	2	0		form	form_label	198	2	1.0	99	99	0.0	0.0	0.09146764249409199	0.04920411150291785	0.22447787936037294	0.24746113402604628	0.907123780240762	6.696890671819665	7.046712757456385	0.95035669855188	0.9292929292929293	0.9141414141414141	0.025192842710680792	0.02223094100921433	0
kanishka_GlossBERT	head_embed_cache_kanishka_GlossBERT.jsonl	orig	see__pst	see	pst	198	181	17	0	7	4	2	saw,seen	saw	seen	0.0	fisher_exact	True	7	2	2	0	2	2	0		raw	raw_label	198	7	2.0003727600551207	102	1	0.14285714285714285	0.2857142857142857	0.014571033404630179	0.002363959650122417	0.21553274840036604	0.24590167167124266	0.8764997282674912	6.642690538993674	6.98349523826664	0.9511985492013371	0.6414141414141414	0.6414141414141414	0.12532894239400674	0.22434424918223303	0
kanishka_GlossBERT	head_embed_cache_kanishka_GlossBERT.jsonl	orig	sew__ppt	sew	ppt	199	191	8	0	6	4	2	sewed,sewn	sewed	sewn	0.0	fisher_exact	True	6	2	1	1	2	1	1		conditioned-cat-only	cat_only_label	17	2	0.3227569588973982	16	1	0.5	0.5	0.009131422325266817	0.0020392712323332647	0.12032309128064707	0.12390079679668872	0.9711244349629778	4.850342300081075	4.884084234013578	0.993091451269919	1.0	1.0	-0.03553299492385787	-0.022509971024306734	0
kanishka_GlossBERT	head_embed_cache_kanishka_GlossBERT.jsonl	orig	sew__ppt	sew	ppt	199	191	8	0	6	4	2	sewed,sewn	sewed	sewn	0.0	fisher_exact	True	6	2	1	1	2	1	1		conditioned-exclude	conditioned_exclude_label	138	4	1.3194303380904073	88	1	0.25	0.25	0.015758132497542706	-0.004111283122148322	0.14921206810492949	0.17091525965795146	0.8730178241752314	5.834207058589953	6.190707195732215	0.9424136652129133	0.7318840579710145	0.7246376811594203	0.11367690973894615	0.1899422415099117	0
kanishka_GlossBERT	head_embed_cache_kanishka_GlossBERT.jsonl	orig	sew__ppt	sew	ppt	199	191	8	0	6	4	2	sewed,sewn	sewed	sewn	0.0	fisher_exact	True	6	2	1	1	2	1	1		form	form_label	199	2	0.9999817845368457	100	99	0.0	0.0	0.0922443731578997	0.04987252500659825	0.15405023541164536	0.16988197267307079	0.9068074321700231	5.854383370118242	6.163787034375054	0.9498029924571879	0.9296482412060302	0.9296482412060302	0.01636007676054973	0.011989590965675846	0
kanishka_GlossBERT	head_embed_cache_kanishka_GlossBERT.jsonl	orig	sew__ppt	sew	ppt	199	191	8	0	6	4	2	sewed,sewn	sewed	sewn	0.0	fisher_exact	True	6	2	1	1	2	1	1		raw	raw_label	199	6	1.9885761744531139	88	4	0.0	0.0	0.008203141229422452	-0.001338324948678312	0.14565900600782242	0.168963862319627	0.8620719484517994	5.722599489348262	6.132134948584953	0.9332148651863582	0.6432160804020101	0.6482412060301508	0.16901645944630653	0.22657905129624814	0
kanishka_GlossBERT	head_embed_cache_kanishka_GlossBERT.jsonl	orig	shake__ppt	shake	ppt	199	151	48	0	14	3	2	shaken,shook	shaken	shook	0.0	fisher_exact	True	14	2	0	1	2	0	1		conditioned-cat-only	cat_only_label	27	2	0.228538143953528	26	1	0.5	0.5	0.024215499724077445	0.007304096463033715	0.14794086760262473	0.15372197965915788	0.9623924173410244	5.229869814373924	5.290104978648041	0.9886136164561499	0.9615384615384616	0.9615384615384616	0.07317073170731707	0.04781026054651721	0
kanishka_GlossBERT	head_embed_cache_kanishka_GlossBERT.jsonl	orig	shake__ppt	shake	ppt	199	151	48	0	14	3	2	shaken,shook	shaken	shook	0.0	fisher_exact	True	14	2	0	1	2	0	1		conditioned-exclude	conditioned_exclude_label	151	4	1.3004169799446244	100	1	0.25	0.25	0.06891260335870646	0.01454044308181601	0.18894498596498546	0.2392001716084747	0.7899032207813486	6.4742781811320125	7.117090607409958	0.9096804492542667	0.8079470198675497	0.8079470198675497	0.12377158333712743	0.24723524606072422	0
kanishka_GlossBERT	head_embed_cache_kanishka_GlossBERT.jsonl	orig	shake__ppt	shake	ppt	199	151	48	0	14	3	2	shaken,shook	shaken	shook	0.0	fisher_exact	True	14	2	0	1	2	0	1		form	form_label	199	2	0.9999817845368457	100	99	0.0	0.0	0.13910080867338337	0.07949288224078052	0.21163710631544905	0.24604456400803815	0.8601576188797041	6.71274844761866	7.29533843098768	0.9201421580533659	0.8592964824120602	0.8542713567839196	0.07738394041424344	0.056588732437189884	0
kanishka_GlossBERT	head_embed_cache_kanishka_GlossBERT.jsonl	orig	shake__ppt	shake	ppt	199	151	48	0	14	3	2	shaken,shook	shaken	shook	0.0	fisher_exact	True	14	2	0	1	2	0	1		raw	raw_label	199	14	2.49894562246034	100	1	0.07142857142857142	0.2857142857142857	-0.032974602754050474	-0.033839254934047575	0.18875077240075488	0.24536052033452843	0.7692793125129058	6.465733619558361	7.226288616194697	0.8947516440276312	0.6984924623115578	0.6984924623115578	0.11425104665794494	0.30856277124423304	0
kanishka_GlossBERT	head_embed_cache_kanishka_GlossBERT.jsonl	orig	shine__ppt	shine	ppt	200	152	48	0	14	5	2	shined,shone	shined	shone	0.0	fisher_exact	True	14	2	1	2	2	1	2		conditioned-cat-only	cat_only_label	66	3	1.1917799109131832	38	3	0.0	0.0	0.24016553002062957	0.13772134259057764	0.13408447447098037	0.22171612151691755	0.6047574418748316	5.207771565241827	6.802405597988996	0.7655779253711962	0.9696969696969697	0.9545454545454546	0.823894950307393	0.7547636211777766	0
kanishka_GlossBERT	head_embed_cache_kanishka_GlossBERT.jsonl	orig	shine__ppt	shine	ppt	200	152	48	0	14	5	2	shined,shone	shined	shone	0.0	fisher_exact	True	14	2	1	2	2	1	2		conditioned-exclude	conditioned_exclude_label	125	5	2.082330182273108	38	3	0.0	0.0	0.19042311595802314	0.11128543012942882	0.13742091403433082	0.2218145332498704	0.6195307044174984	5.240362810207115	6.7324515124508455	0.7783736430207785	0.872	0.872	0.375006846525523	0.4545352723532764	0
kanishka_GlossBERT	head_embed_cache_kanishka_GlossBERT.jsonl	orig	shine__ppt	shine	ppt	200	152	48	0	14	5	2	shined,shone	shined	shone	0.0	fisher_exact	True	14	2	1	2	2	1	2		form	form_label	200	2	1.0	100	100	0.0	0.0	0.15049049726211972	0.08343942042288582	0.18449244392017977	0.21792373210241595	0.8465917967735395	6.118657062332047	6.682811862928781	0.9155812235675463	0.95	0.95	0.2990201103871935	0.23290672072672863	0
kanishka_GlossBERT	head_embed_cache_kanishka_GlossBERT.jsonl	orig	shine__ppt	shine	ppt	200	152	48	0	14	5	2	shined,shone	shined	shone	0.0	fisher_exact	True	14	2	1	2	2	1	2		raw	raw_label	200	14	3.2207250530792884	38	1	0.07142857142857142	0.14285714285714285	-0.014367445598690546	-0.014124597076105638	0.14070493063035994	0.20993347887850972	0.6702357879363637	5.331417134142389	6.5548681318997115	0.8133523095905903	0.625	0.62	0.3048492220796813	0.45653678896134503	0
kanishka_GlossBERT	head_embed_cache_kanishka_GlossBERT.jsonl	orig	shine__pst	shine	pst	200	150	50	0	12	5	2	shined,shone	shined	shone	0.0	fisher_exact	True	12	2	2	1	2	2	1		conditioned-cat-only	cat_only_label	21	2	0.5916727785823275	18	3	0.0	0.0	0.15467790060325615	0.07801391619649002	0.16926057812192752	0.21097311957692047	0.8022850421008985	5.967230974309677	6.635680886304334	0.8992643070925398	0.8571428571428571	0.8571428571428571	0.1141732283464567	0.016753649116344083	0
kanishka_GlossBERT	head_embed_cache_kanishka_GlossBERT.jsonl	orig	shine__pst	shine	pst	200	150	50	0	12	5	2	shined,shone	shined	shone	0.0	fisher_exact	True	12	2	2	1	2	2	1		conditioned-exclude	conditioned_exclude_label	58	4	1.7881154191537951	21	3	0.0	0.0	0.18187544764220367	0.09805994261038117	0.14418928098321632	0.20432238162746585	0.7056949896272832	5.328866189332234	6.3809915944327775	0.8351156885994817	0.8793103448275862	0.8793103448275862	0.3514875638156075	0.4291031382129776	0
kanishka_GlossBERT	head_embed_cache_kanishka_GlossBERT.jsonl	orig	shine__pst	shine	pst	200	150	50	0	12	5	2	shined,shone	shined	shone	0.0	fisher_exact	True	12	2	2	1	2	2	1		form	form_label	200	2	1.0	100	100	0.0	0.0	0.1467058650108971	0.07962973188197817	0.18945982035787576	0.2234709880061736	0.8478049971866672	6.237458281032928	6.788530799477108	0.9188230068151673	0.93	0.925	0.11806862723806705	0.08695906205156312	0
kanishka_GlossBERT	head_embed_cache_kanishka_GlossBERT.jsonl	orig	shine__pst	shine	pst	200	150	50	0	12	5	2	shined,shone	shined	shone	0.0	fisher_exact	True	12	2	2	1	2	2	1		raw	raw_label	200	12	3.0701172563259624	52	2	0.0	0.08333333333333333	-0.001694092400162308	-0.010643163673563076	0.16108428971917457	0.21423188935457943	0.7519155537696854	5.804689607768225	6.634272654197348	0.8749549363328826	0.61	0.615	0.27334029369275237	0.43887959640820046	0
kanishka_GlossBERT	head_embed_cache_kanishka_GlossBERT.jsonl	orig	show__ppt	show	ppt	200	149	51	0	12	2	2	showed,shown	showed	shown	0.0	fisher_exact	True	12	2	0	0	2	0	0		conditioned-cat-only	cat_only_label	0	0		0	0															0
kanishka_GlossBERT	head_embed_cache_kanishka_GlossBERT.jsonl	orig	show__ppt	show	ppt	200	149	51	0	12	2	2	showed,shown	showed	shown	0.0	fisher_exact	True	12	2	0	0	2	0	0		conditioned-exclude	conditioned_exclude_label	149	2	0.9137564309378818	100	49	0.0	0.0	0.15376827211656924	0.083233802147002	0.20376420607951382	0.248210293699591	0.8209337455042445	6.34371390425881	7.019544560945977	0.9037215803932315	0.8926174496644296	0.8926174496644296	0.43572383244098484	0.33743710286585865	0
kanishka_GlossBERT	head_embed_cache_kanishka_GlossBERT.jsonl	orig	show__ppt	show	ppt	200	149	51	0	12	2	2	showed,shown	showed	shown	0.0	fisher_exact	True	12	2	0	0	2	0	0		form	form_label	200	2	1.0	100	100	0.0	0.0	0.030915342033211984	0.016777785575386978	0.23192614821418167	0.24006825527625728	0.9660841994594157	6.7625741810896525	6.884682607094341	0.9822637537598522	0.745	0.735	0.005050249987374375	0.0036915009604570476	0
kanishka_GlossBERT	head_embed_cache_kanishka_GlossBERT.jsonl	orig	show__ppt	show	ppt	200	149	51	0	12	2	2	showed,shown	showed	shown	0.0	fisher_exact	True	12	2	0	0	2	0	0		raw	raw_label	200	12	2.248905291198184	100	1	0.16666666666666666	0.25	-0.0298779209781881	-0.01926976210039935	0.2030440365127842	0.2513028504775239	0.8079655130332241	6.331952682065917	7.0519976986592265	0.8978948877521317	0.695	0.685	0.1060340514823648	0.2681807094753286	0
kanishka_GlossBERT	head_embed_cache_kanishka_GlossBERT.jsonl	orig	sink__pst	sink	pst	196	129	67	0	20	6	2	sank,sunk	sank	sunk	0.0041	fisher_exact	True	20	2	2	2	2	2	2		conditioned-cat-only	cat_only_label	31	4	1.5295649314577098	14	1	0.25	0.25	0.3134921320479811	0.17699586085083677	0.11344103236568617	0.2462298030379688	0.4607120298438995	4.678918791432785	6.956135994081254	0.67263187427818	0.9354838709677419	0.9354838709677419	0.8803373121919353	0.8730304514867344	0
kanishka_GlossBERT	head_embed_cache_kanishka_GlossBERT.jsonl	orig	sink__pst	sink	pst	196	129	67	0	20	6	2	sank,sunk	sank	sunk	0.0041	fisher_exact	True	20	2	2	2	2	2	2		conditioned-exclude	conditioned_exclude_label	70	6	2.224815054088116	20	1	0.16666666666666666	0.16666666666666666	0.2689346925988363	0.1465417114749286	0.14021364858486265	0.24807743918032063	0.5652011285191687	5.3048331918224285	7.101782534717371	0.7469720687573186	0.9285714285714286	0.9142857142857143	0.6891422952383264	0.7643524875091539	0
kanishka_GlossBERT	head_embed_cache_kanishka_GlossBERT.jsonl	orig	sink__pst	sink	pst	196	129	67	0	20	6	2	sank,sunk	sank	sunk	0.0041	fisher_exact	True	20	2	2	2	2	2	2		form	form_label	196	2	0.9996995428565171	100	96	0.0	0.0	0.07699945668846922	0.042855102616494306	0.23338933069004356	0.2532299992323549	0.9216496125954404	6.83657730875186	7.145543150213043	0.9567610418177978	0.8826530612244898	0.8826530612244898	0.006177606177606178	0.007764253757014854	0
kanishka_GlossBERT	head_embed_cache_kanishka_GlossBERT.jsonl	orig	sink__pst	sink	pst	196	129	67	0	20	6	2	sank,sunk	sank	sunk	0.0041	fisher_exact	True	20	2	2	2	2	2	2		raw	raw_label	196	20	3.7778429228251267	37	1	0.05	0.15	0.07321536082391529	0.03184410621260104	0.15996704898398426	0.25143589420318885	0.6362140516608685	5.6883493132171585	7.118076616207372	0.7991413439222019	0.7091836734693877	0.6938775510204082	0.4518050980736654	0.5748245144413687	0
kanishka_GlossBERT	head_embed_cache_kanishka_GlossBERT.jsonl	orig	slink__pst	slink	pst	144	133	11	0	2	1	2	slinked,slunk	slinked	slunk	0.2082	fisher_exact	False	2	1	0	0	1	0	0		conditioned-cat-only	cat_only_label	0	0		0	0															0
kanishka_GlossBERT	head_embed_cache_kanishka_GlossBERT.jsonl	orig	slink__pst	slink	pst	144	133	11	0	2	1	2	slinked,slunk	slinked	slunk	0.2082	fisher_exact	False	2	1	0	0	1	0	0		conditioned-exclude	conditioned_exclude_label	133	1	-0.0	133	133	0.0	0.0													0
kanishka_GlossBERT	head_embed_cache_kanishka_GlossBERT.jsonl	orig	slink__pst	slink	pst	144	133	11	0	2	1	2	slinked,slunk	slinked	slunk	0.2082	fisher_exact	False	2	1	0	0	1	0	0		form	form_label	144	2	1.0	72	72	0.0	0.0	0.07355392018559472	0.03937860452278154	0.14939860134813915	0.16134970206184865	0.9259304444880326	5.7328050754303606	5.968871769738075	0.96045036592936	0.875	0.8611111111111112	0.036698892757347994	0.02681754599258322	0
kanishka_GlossBERT	head_embed_cache_kanishka_GlossBERT.jsonl	orig	slink__pst	slink	pst	144	133	11	0	2	1	2	slinked,slunk	slinked	slunk	0.2082	fisher_exact	False	2	1	0	0	1	0	0		raw	raw_label	144	2	0.3893256144515589	133	11	0.0	0.0	0.021836794815163724	-0.0005176888531625089	0.15493868370919686	0.15829741105739933	0.9787821713206378	5.854327422979099	5.835582141317697	1.003212238506366	0.8333333333333334	0.8333333333333334	-0.005455150523280848	0.005811042582578221	0
kanishka_GlossBERT	head_embed_cache_kanishka_GlossBERT.jsonl	orig	smelt__pst	smelt	pst	199	0	199	0	6	0	2	smelled,smelt					False	0	0	0	0	0	0	0	missing_conditioning_forms;missing_conditioning_rows;missing_pair_test;missing_cond_counts	conditioned-cat-only	cat_only_label	0	0		0	0															0
kanishka_GlossBERT	head_embed_cache_kanishka_GlossBERT.jsonl	orig	smelt__pst	smelt	pst	199	0	199	0	6	0	2	smelled,smelt					False	0	0	0	0	0	0	0	missing_conditioning_forms;missing_conditioning_rows;missing_pair_test;missing_cond_counts	conditioned-exclude	conditioned_exclude_label	0	0		0	0															0
kanishka_GlossBERT	head_embed_cache_kanishka_GlossBERT.jsonl	orig	smelt__pst	smelt	pst	199	0	199	0	6	0	2	smelled,smelt					False	0	0	0	0	0	0	0	missing_conditioning_forms;missing_conditioning_rows;missing_pair_test;missing_cond_counts	form	form_label	199	2	0.9999817845368457	100	99	0.0	0.0	0.1937323938827196	0.10665804405067134	0.17674575042321977	0.21996680866194057	0.8035110001293615	6.186551764462821	6.930509051007193	0.8926547413661836	1.0	1.0	1.0	1.0	0
kanishka_GlossBERT	head_embed_cache_kanishka_GlossBERT.jsonl	orig	smelt__pst	smelt	pst	199	0	199	0	6	0	2	smelled,smelt					False	0	0	0	0	0	0	0	missing_conditioning_forms;missing_conditioning_rows;missing_pair_test;missing_cond_counts	raw	raw_label	199	6	1.7693046996354274	99	3	0.0	0.0	0.003086897141378339	-0.0037876218125632135	0.16835672915400837	0.21581716959152397	0.7800895983978303	6.094539965835	6.828889588299073	0.8924642706594142	0.7738693467336684	0.7738693467336684	0.27566147511353	0.3727937045193262	0
kanishka_GlossBERT	head_embed_cache_kanishka_GlossBERT.jsonl	orig	sneak__ppt	sneak	ppt	200	200	0	0	3	3	2	sneaked,snuck	sneaked	snuck	0.8644	chi_sq	False	3	3	0	0	3	0	0		conditioned-cat-only	cat_only_label	0	0		0	0															0
kanishka_GlossBERT	head_embed_cache_kanishka_GlossBERT.jsonl	orig	sneak__ppt	sneak	ppt	200	200	0	0	3	3	2	sneaked,snuck	sneaked	snuck	0.8644	chi_sq	False	3	3	0	0	3	0	0		conditioned-exclude	conditioned_exclude_label	200	3	1.2903714221731157	121	20	0.0	0.0	0.08529574991391765	0.052750505082636436	0.16804892778856553	0.19558070751835857	0.8592305954961906	5.853617201382403	6.354688342819742	0.9211493759558631	0.835	0.84	0.06472387121030301	0.08942971052930461	0
kanishka_GlossBERT	head_embed_cache_kanishka_GlossBERT.jsonl	orig	sneak__ppt	sneak	ppt	200	200	0	0	3	3	2	sneaked,snuck	sneaked	snuck	0.8644	chi_sq	False	3	3	0	0	3	0	0		form	form_label	200	2	1.0	100	100	0.0	0.0	0.17144885230282791	0.09238425770035333	0.16547884241921648	0.2001596905560458	0.8267341039522716	5.823830421544887	6.421206412211102	0.90696826229878	0.995	0.99	0.9406017851434009	0.9020918248943453	0
kanishka_GlossBERT	head_embed_cache_kanishka_GlossBERT.jsonl	orig	sneak__ppt	sneak	ppt	200	200	0	0	3	3	2	sneaked,snuck	sneaked	snuck	0.8644	chi_sq	False	3	3	0	0	3	0	0		raw	raw_label	200	3	1.2903714221731157	121	20	0.0	0.0	0.08529574991391765	0.052750505082636436	0.16804892778856553	0.19558070751835857	0.8592305954961906	5.853617201382403	6.354688342819742	0.9211493759558631	0.835	0.84	0.06472387121030301	0.08942971052930461	0
kanishka_GlossBERT	head_embed_cache_kanishka_GlossBERT.jsonl	orig	sneak__pst	sneak	pst	200	188	12	0	3	2	2	sneaked,snuck	sneaked	snuck	0.2469	chi_sq	False	3	2	0	0	2	0	0		conditioned-cat-only	cat_only_label	0	0		0	0															0
kanishka_GlossBERT	head_embed_cache_kanishka_GlossBERT.jsonl	orig	sneak__pst	sneak	pst	200	188	12	0	3	2	2	sneaked,snuck	sneaked	snuck	0.2469	chi_sq	False	3	2	0	0	2	0	0		conditioned-exclude	conditioned_exclude_label	188	2	0.8196004346196011	140	48	0.0	0.0	0.14574304943768618	0.07260305910889432	0.1660053241095261	0.19620708339437223	0.8460720236886595	5.757525449204858	6.205722966629677	0.927776744170674	0.898936170212766	0.898936170212766	0.014883645284690905	0.01155954751799593	0
kanishka_GlossBERT	head_embed_cache_kanishka_GlossBERT.jsonl	orig	sneak__pst	sneak	pst	200	188	12	0	3	2	2	sneaked,snuck	sneaked	snuck	0.2469	chi_sq	False	3	2	0	0	2	0	0		form	form_label	200	2	1.0	100	100	0.0	0.0	0.1728753466490764	0.09317017848097361	0.16204291640350102	0.1960568437503705	0.8265098698101162	5.671255571628277	6.254935957907593	0.9066848341522318	0.995	0.995	0.7382853772012582	0.6336595124746567	0
kanishka_GlossBERT	head_embed_cache_kanishka_GlossBERT.jsonl	orig	sneak__pst	sneak	pst	200	188	12	0	3	2	2	sneaked,snuck	sneaked	snuck	0.2469	chi_sq	False	3	2	0	0	2	0	0		raw	raw_label	200	3	1.0978693276969014	140	12	0.0	0.0	0.10114534099291174	0.05777171456410206	0.1658173322383976	0.19534366895344357	0.8488492774133212	5.754160105759419	6.220626642477715	0.9250129346241395	0.85	0.85	0.2267530907095644	0.229850856651109	0
kanishka_GlossBERT	head_embed_cache_kanishka_GlossBERT.jsonl	orig	speak__ppt	speak	ppt	199	183	16	0	9	5	2	spoke,spoken	spoke	spoken	0.0092	fisher_exact	True	9	2	3	0	2	3	0		conditioned-cat-only	cat_only_label	0	0		0	0															0
kanishka_GlossBERT	head_embed_cache_kanishka_GlossBERT.jsonl	orig	speak__ppt	speak	ppt	199	183	16	0	9	5	2	spoke,spoken	spoke	spoken	0.0092	fisher_exact	True	9	2	3	0	2	3	0		conditioned-exclude	conditioned_exclude_label	102	2	0.9182958340544896	68	34	0.0	0.0	0.28191204774677897	0.15260865228751502	0.17023955891091533	0.23908004740921385	0.7120609216691769	6.127626927678695	7.174056131956973	0.8541370202531677	0.9117647058823529	0.9117647058823529	0.5509363099180065	0.5465519100387141	0
kanishka_GlossBERT	head_embed_cache_kanishka_GlossBERT.jsonl	orig	speak__ppt	speak	ppt	199	183	16	0	9	5	2	spoke,spoken	spoke	spoken	0.0092	fisher_exact	True	9	2	3	0	2	3	0		form	form_label	199	2	0.9999817845368457	100	99	0.0	0.0	0.03365481560891305	0.018370629269476586	0.21408733202195035	0.22172819769228236	0.9655394949769261	6.772916315023567	6.901450626040218	0.9813757544636091	0.7085427135678392	0.7085427135678392	0.020175113995357614	0.01967032286839105	0
kanishka_GlossBERT	head_embed_cache_kanishka_GlossBERT.jsonl	orig	speak__ppt	speak	ppt	199	183	16	0	9	5	2	spoke,spoken	spoke	spoken	0.0092	fisher_exact	True	9	2	3	0	2	3	0		raw	raw_label	199	9	2.5511990759137424	68	2	0.0	0.2222222222222222	0.06007060420845428	0.02855056171128402	0.17014615182773307	0.23003098935827326	0.7396662175926673	6.081983283281033	7.0288985665321615	0.8652825511297275	0.7587939698492462	0.7587939698492462	0.2441869064156825	0.39780559448568886	0
kanishka_GlossBERT	head_embed_cache_kanishka_GlossBERT.jsonl	orig	speak__pst	speak	pst	196	144	52	0	12	3	2	spake,spoke	spake	spoke	0.0	fisher_exact	True	12	1	0	2	1	0	2		conditioned-cat-only	cat_only_label	47	4	1.4843559791259084	22	2	0.0	0.25	0.05704695949911221	0.027099201151329737	0.12608621243980261	0.23216685499961429	0.5430844658683605	4.8492736530375895	6.594953674152585	0.7353006393423521	0.8723404255319149	0.8936170212765957	0.42387635459228995	0.5332355916676185	0
kanishka_GlossBERT	head_embed_cache_kanishka_GlossBERT.jsonl	orig	speak__pst	speak	pst	196	144	52	0	12	3	2	spake,spoke	spake	spoke	0.0	fisher_exact	True	12	1	0	2	1	0	2		conditioned-exclude	conditioned_exclude_label	144	5	1.3956715937889608	97	2	0.0	0.2	-0.22769762067926477	-0.13266637716295968	0.20902593855872534	0.21149548991881317	0.9883233852360832	6.36979843411678	6.338938521684668	1.0048683091540556	0.3819444444444444	0.3819444444444444	0.04699467338808577	0.23370339632276857	0
kanishka_GlossBERT	head_embed_cache_kanishka_GlossBERT.jsonl	orig	speak__pst	speak	pst	196	144	52	0	12	3	2	spake,spoke	spake	spoke	0.0	fisher_exact	True	12	1	0	2	1	0	2		form	form_label	196	2	0.9999248896252453	99	97	0.0	0.0	0.4323450277359935	0.2597700364735011	0.1524388864339121	0.27044817885059025	0.5636528486964866	5.411877835710248	7.31721010891684	0.7396094625074752	0.9948979591836735	0.9948979591836735	0.9593919631786467	0.9277123917212953	0
kanishka_GlossBERT	head_embed_cache_kanishka_GlossBERT.jsonl	orig	speak__pst	speak	pst	196	144	52	0	12	3	2	spake,spoke	spake	spoke	0.0	fisher_exact	True	12	1	0	2	1	0	2		raw	raw_label	196	12	2.484929949462546	97	1	0.08333333333333333	0.16666666666666666	-0.23252360281252338	-0.13103848245989705	0.20712132840171246	0.21355440194928504	0.9698761838255139	6.33277899206609	6.383688957200401	0.99202499284103	0.29591836734693877	0.29081632653061223	0.06479424584829309	0.18314237412046397	0
kanishka_GlossBERT	head_embed_cache_kanishka_GlossBERT.jsonl	orig	speed__ppt	speed	ppt	200	195	5	0	6	3	2	sped,speeded	sped	speeded	0.0001	fisher_exact	True	6	2	0	1	2	0	1		conditioned-cat-only	cat_only_label	22	2	0.4394969869215134	20	2	0.0	0.5	0.06061848362555302	0.007648559233352423	0.18825784906814366	0.20104594488231142	0.93639217233825	6.462431678330946	6.4608799668268855	1.00024017030374	0.7727272727272727	0.7727272727272727	-0.06091370558375635	-0.046494647641609405	0
kanishka_GlossBERT	head_embed_cache_kanishka_GlossBERT.jsonl	orig	speed__ppt	speed	ppt	200	195	5	0	6	3	2	sped,speeded	sped	speeded	0.0001	fisher_exact	True	6	2	0	1	2	0	1		conditioned-exclude	conditioned_exclude_label	195	4	1.124605607249479	145	2	0.0	0.25	0.06867806429991126	0.0440128919431079	0.15775713524695445	0.20663541019605167	0.7634564429072324	5.47720977549934	6.4447126444277165	0.8498764922025022	0.8717948717948718	0.8717948717948718	0.11205347658428247	0.1613742667747952	0
kanishka_GlossBERT	head_embed_cache_kanishka_GlossBERT.jsonl	orig	speed__ppt	speed	ppt	200	195	5	0	6	3	2	sped,speeded	sped	speeded	0.0001	fisher_exact	True	6	2	0	1	2	0	1		form	form_label	200	2	1.0	100	100	0.0	0.0	0.11186993531388138	0.06213899674040759	0.16855459752300592	0.19103552818766578	0.8823206820326349	5.718741709910095	6.107624738993418	0.936328270694081	0.94	0.94	0.04199383065785332	0.10435462738331486	0
kanishka_GlossBERT	head_embed_cache_kanishka_GlossBERT.jsonl	orig	speed__ppt	speed	ppt	200	195	5	0	6	3	2	sped,speeded	sped	speeded	0.0001	fisher_exact	True	6	2	0	1	2	0	1		raw	raw_label	200	6	1.251080494864913	145	1	0.3333333333333333	0.3333333333333333	0.03532469314697689	0.024607637795698592	0.15790674917593314	0.2072627040531197	0.761867649548097	5.480616846638514	6.455697663765285	0.8489581036919168	0.87	0.865	0.207686013096206	0.30338408557998914	0
kanishka_GlossBERT	head_embed_cache_kanishka_GlossBERT.jsonl	orig	speed__pst	speed	pst	199	191	8	0	6	3	2	sped,speeded	sped	speeded	0.0	fisher_exact	True	6	0	2	1	0	2	1		conditioned-cat-only	cat_only_label	73	2	0.24729443986205676	70	3	0.0	0.0	0.15537734779885778	0.061830449876995194	0.1645537609303072	0.19576739464343182	0.8405575465210807	6.224674634529633	6.644990607737021	0.9367469424685119	0.9315068493150684	0.9315068493150684	0.04011068169864392	0.0037718272910320805	0
kanishka_GlossBERT	head_embed_cache_kanishka_GlossBERT.jsonl	orig	speed__pst	speed	pst	199	191	8	0	6	3	2	sped,speeded	sped	speeded	0.0	fisher_exact	True	6	0	2	1	0	2	1		conditioned-exclude	conditioned_exclude_label	73	2	0.24729443986205676	70	3	0.0	0.0	0.15537734779885778	0.061830449876995194	0.1645537609303072	0.19576739464343182	0.8405575465210807	6.224674634529633	6.644990607737021	0.9367469424685119	0.9315068493150684	0.9315068493150684	0.04011068169864392	0.0037718272910320805	0
kanishka_GlossBERT	head_embed_cache_kanishka_GlossBERT.jsonl	orig	speed__pst	speed	pst	199	191	8	0	6	3	2	sped,speeded	sped	speeded	0.0	fisher_exact	True	6	0	2	1	0	2	1		form	form_label	199	2	0.9999817845368457	100	99	0.0	0.0	0.20673798956198525	0.11851333954507247	0.18511783582679522	0.23805765739788695	0.7776176488093022	6.2530597324937585	7.1343214545941	0.8764757478746827	0.8140703517587939	0.8140703517587939	0.33057545148454237	0.253770700726166	0
kanishka_GlossBERT	head_embed_cache_kanishka_GlossBERT.jsonl	orig	speed__pst	speed	pst	199	191	8	0	6	3	2	sped,speeded	sped	speeded	0.0	fisher_exact	True	6	0	2	1	0	2	1		raw	raw_label	199	6	1.7818363464743725	75	1	0.16666666666666666	0.16666666666666666	-0.08223892796644346	-0.05976461583414161	0.17012464315973347	0.23134421004211742	0.73537454483413	6.0092144084865025	7.019858945843468	0.8560306488842802	0.7286432160804021	0.7185929648241206	0.3313139098987997	0.3990325548998261	0
kanishka_GlossBERT	head_embed_cache_kanishka_GlossBERT.jsonl	orig	spell__ppt	spell	ppt	148	135	13	0	7	3	2	spelled,spelt	spelled	spelt	0.0	fisher_exact	True	7	0	2	1	0	2	1		conditioned-cat-only	cat_only_label	20	2	0.4689955935892812	18	2	0.0	0.5	0.2811377525184145	0.16366041103008233	0.13622531746653846	0.18487396927944455	0.7368550477792162	5.423256708930658	6.387572903457981	0.8490324558166248	1.0	1.0	-0.07008760951188986	0.026144845337726645	0
kanishka_GlossBERT	head_embed_cache_kanishka_GlossBERT.jsonl	orig	spell__ppt	spell	ppt	148	135	13	0	7	3	2	spelled,spelt	spelled	spelt	0.0	fisher_exact	True	7	0	2	1	0	2	1		conditioned-exclude	conditioned_exclude_label	20	2	0.4689955935892812	18	2	0.0	0.5	0.2811377525184145	0.16366041103008233	0.13622531746653846	0.18487396927944455	0.7368550477792162	5.423256708930658	6.387572903457981	0.8490324558166248	1.0	1.0	-0.07008760951188986	0.026144845337726645	0
kanishka_GlossBERT	head_embed_cache_kanishka_GlossBERT.jsonl	orig	spell__ppt	spell	ppt	148	135	13	0	7	3	2	spelled,spelt	spelled	spelt	0.0	fisher_exact	True	7	0	2	1	0	2	1		form	form_label	148	2	1.0	74	74	0.0	0.0	0.23746664137606735	0.13472182641915229	0.17627658261934742	0.2357408743119775	0.7477557005496827	6.144231064682869	7.142358860145975	0.8602523598985468	0.8513513513513513	0.8378378378378378	0.258656660412758	0.19588887627723173	0
kanishka_GlossBERT	head_embed_cache_kanishka_GlossBERT.jsonl	orig	spell__ppt	spell	ppt	148	135	13	0	7	3	2	spelled,spelt	spelled	spelt	0.0	fisher_exact	True	7	0	2	1	0	2	1		raw	raw_label	148	7	1.9000235960255685	58	1	0.2857142857142857	0.2857142857142857	0.0603826957193166	0.027207893014666567	0.15940416898340629	0.22808026513131704	0.698895052983341	5.8622638584094	7.013192787165639	0.8358908754280254	0.7162162162162162	0.7027027027027027	0.37511313048249656	0.3948841010079774	0
kanishka_GlossBERT	head_embed_cache_kanishka_GlossBERT.jsonl	orig	spill__ppt	spill	ppt	151	141	10	0	5	2	2	spilled,spilt	spilled	spilt	0.0	fisher_exact	True	5	1	0	1	1	0	1		conditioned-cat-only	cat_only_label	16	1	-0.0	16	16	0.0	0.0													0
kanishka_GlossBERT	head_embed_cache_kanishka_GlossBERT.jsonl	orig	spill__ppt	spill	ppt	151	141	10	0	5	2	2	spilled,spilt	spilled	spilt	0.0	fisher_exact	True	5	1	0	1	1	0	1		conditioned-exclude	conditioned_exclude_label	141	2	0.5103099652870143	125	16	0.0	0.0	0.22658597994041196	0.13661414991178414	0.1765812986646684	0.22523887212234472	0.7839734633760437	6.035168042388775	6.885148438824623	0.8765487187403399	0.950354609929078	0.9716312056737588	0.05202284013337722	0.16004827443892752	0
kanishka_GlossBERT	head_embed_cache_kanishka_GlossBERT.jsonl	orig	spill__ppt	spill	ppt	151	141	10	0	5	2	2	spilled,spilt	spilled	spilt	0.0	fisher_exact	True	5	1	0	1	1	0	1		form	form_label	151	2	0.9999683631071745	76	75	0.0	0.0	0.33708188071639306	0.1924755130844721	0.15065507246531715	0.22835260579532946	0.6597475511199029	5.590965529395469	6.930231978391122	0.8067501270994152	1.0	1.0	1.0	1.0	0
kanishka_GlossBERT	head_embed_cache_kanishka_GlossBERT.jsonl	orig	spill__ppt	spill	ppt	151	141	10	0	5	2	2	spilled,spilt	spilled	spilt	0.0	fisher_exact	True	5	1	0	1	1	0	1		raw	raw_label	151	5	0.9265665700577865	125	2	0.0	0.2	-0.04383583762394385	-0.01505395288460192	0.176645688943843	0.21981110840381538	0.8036249406437044	6.036289796614003	6.789129503973878	0.889111010930162	0.7350993377483444	0.7350993377483444	0.16300138856589155	0.3219974196758126	0
kanishka_GlossBERT	head_embed_cache_kanishka_GlossBERT.jsonl	orig	spill__pst	spill	pst	126	117	9	0	6	4	2	spilled,spilt	spilled	spilt	0.0	fisher_exact	True	6	1	1	2	1	1	2		conditioned-cat-only	cat_only_label	38	3	1.2448406699719212	18	2	0.0	0.3333333333333333	0.2385548949404627	0.1266355699998242	0.15984291257984287	0.2136618429028348	0.7481116441204398	5.679131372041418	6.5737471803964285	0.8639108283593802	0.9210526315789473	0.9210526315789473	0.5039551379656108	0.5081318853056744	0
kanishka_GlossBERT	head_embed_cache_kanishka_GlossBERT.jsonl	orig	spill__pst	spill	pst	126	117	9	0	6	4	2	spilled,spilt	spilled	spilt	0.0	fisher_exact	True	6	1	1	2	1	1	2		conditioned-exclude	conditioned_exclude_label	55	4	1.7521930161941324	18	2	0.0	0.25	0.13615676334139695	0.0687546275482343	0.17354152929403374	0.2283757559163751	0.7598947121058676	5.950478354487072	6.83026232047187	0.8711932390432674	0.8181818181818182	0.8363636363636363	0.4268217564418009	0.45112480748376377	0
kanishka_GlossBERT	head_embed_cache_kanishka_GlossBERT.jsonl	orig	spill__pst	spill	pst	126	117	9	0	6	4	2	spilled,spilt	spilled	spilt	0.0	fisher_exact	True	6	1	1	2	1	1	2		form	form_label	126	2	0.9992728962127291	65	61	0.0	0.0	0.31151988139293874	0.1777684607259309	0.18332240268606126	0.26625522194187695	0.688521341850265	6.218353206734898	7.557363828548513	0.8228204103717488	1.0	1.0	1.0	1.0	0
kanishka_GlossBERT	head_embed_cache_kanishka_GlossBERT.jsonl	orig	spill__pst	spill	pst	126	117	9	0	6	4	2	spilled,spilt	spilled	spilt	0.0	fisher_exact	True	6	1	1	2	1	1	2		raw	raw_label	126	6	2.0237541181907823	62	1	0.16666666666666666	0.16666666666666666	0.031936580220147455	0.016398191604674532	0.18164737930891883	0.24409387144773678	0.7441701761357477	6.250622809019171	7.173583188333089	0.8713390010148631	0.7301587301587301	0.7222222222222222	0.33892251356275654	0.4547202800832002	0
kanishka_GlossBERT	head_embed_cache_kanishka_GlossBERT.jsonl	orig	spit__ppt	spit	ppt	199	189	10	0	5	3	2	spat,spit	spat	spit	0.5544	fisher_exact	False	5	3	0	0	3	0	0		conditioned-cat-only	cat_only_label	0	0		0	0															0
kanishka_GlossBERT	head_embed_cache_kanishka_GlossBERT.jsonl	orig	spit__ppt	spit	ppt	199	189	10	0	5	3	2	spat,spit	spat	spit	0.5544	fisher_exact	False	5	3	0	0	3	0	0		conditioned-exclude	conditioned_exclude_label	189	3	1.2025754555942125	129	22	0.0	0.0	0.24114460429619292	0.11802380870272002	0.15226858761722553	0.22371094349572748	0.6806488106386875	6.067505944065169	7.190696022876514	0.8437995327242283	0.9047619047619048	0.8941798941798942	0.572522821700031	0.4439064146527686	0
kanishka_GlossBERT	head_embed_cache_kanishka_GlossBERT.jsonl	orig	spit__ppt	spit	ppt	199	189	10	0	5	3	2	spat,spit	spat	spit	0.5544	fisher_exact	False	5	3	0	0	3	0	0		form	form_label	199	2	0.9999817845368457	100	99	0.0	0.0	0.12322420491716382	0.0683399537158821	0.17608214744258305	0.2002321321656569	0.8793900636132966	6.3902069677476545	6.857331645135575	0.9318795266786772	0.9748743718592965	0.964824120603015	0.004101559510873724	0.0030068602817088755	0
kanishka_GlossBERT	head_embed_cache_kanishka_GlossBERT.jsonl	orig	spit__ppt	spit	ppt	199	189	10	0	5	3	2	spat,spit	spat	spit	0.5544	fisher_exact	False	5	3	0	0	3	0	0		raw	raw_label	199	5	1.4738938214127781	129	3	0.0	0.0	0.09155432438670597	0.042524224795962594	0.15228591491958068	0.2197880056694711	0.6928763671871901	6.066784160923188	7.115347813387118	0.8526335352867617	0.8140703517587939	0.8190954773869347	0.2976997385647534	0.43999152514075845	0
kanishka_GlossBERT	head_embed_cache_kanishka_GlossBERT.jsonl	orig	spit__pst	spit	pst	200	109	91	0	6	3	2	spat,spit	spat	spit	0.0	fisher_exact	True	6	2	2	1	2	1	0		conditioned-cat-only	cat_only_label	0	0		0	0															0
kanishka_GlossBERT	head_embed_cache_kanishka_GlossBERT.jsonl	orig	spit__pst	spit	pst	200	109	91	0	6	3	2	spat,spit	spat	spit	0.0	fisher_exact	True	6	2	2	1	2	1	0		conditioned-exclude	conditioned_exclude_label	84	2	0.9666186325481028	51	33	0.0	0.0	0.048992083336859706	0.02554754825080339	0.15845777542496778	0.16707817020955373	0.9484050203939028	5.947613023902346	6.103923864073454	0.9743917447773024	0.75	0.75	0.0627940530706982	0.02585122460978606	0
kanishka_GlossBERT	head_embed_cache_kanishka_GlossBERT.jsonl	orig	spit__pst	spit	pst	200	109	91	0	6	3	2	spat,spit	spat	spit	0.0	fisher_exact	True	6	2	2	1	2	1	0		form	form_label	200	2	1.0	100	100	0.0	0.0	0.10318135892971154	0.05560882553351336	0.1810719385345833	0.20242626043747777	0.8945081440681455	6.292400011266428	6.668798570831663	0.9435582653206012	0.925	0.925	0.029647905920107076	0.04796296464412296	0
kanishka_GlossBERT	head_embed_cache_kanishka_GlossBERT.jsonl	orig	spit__pst	spit	pst	200	109	91	0	6	3	2	spat,spit	spat	spit	0.0	fisher_exact	True	6	2	2	1	2	1	0		raw	raw_label	200	6	2.3130864681626897	51	1	0.16666666666666666	0.16666666666666666	0.041110069244029435	0.017074300674865643	0.1665995927919622	0.19831070175169319	0.8400938089592523	6.049328725846291	6.593151701030475	0.9175169934131521	0.75	0.74	0.297367189492386	0.36641496152661396	0
kanishka_GlossBERT	head_embed_cache_kanishka_GlossBERT.jsonl	orig	spring__pst	spring	pst	200	132	68	0	16	3	2	sprang,sprung	sprang	sprung	0.0218	fisher_exact	True	16	3	0	0	3	0	0		conditioned-cat-only	cat_only_label	0	0		0	0															0
kanishka_GlossBERT	head_embed_cache_kanishka_GlossBERT.jsonl	orig	spring__pst	spring	pst	200	132	68	0	16	3	2	sprang,sprung	sprang	sprung	0.0218	fisher_exact	True	16	3	0	0	3	0	0		conditioned-exclude	conditioned_exclude_label	132	3	1.375432844317455	76	19	0.0	0.0	0.12333043952245251	0.0652336494978895	0.18371306104043272	0.2265790774710411	0.8108121150943999	6.170869942990381	6.90791203068419	0.8933046506064425	0.8484848484848485	0.8484848484848485	0.3185396913400085	0.36014644562465853	0
kanishka_GlossBERT	head_embed_cache_kanishka_GlossBERT.jsonl	orig	spring__pst	spring	pst	200	132	68	0	16	3	2	sprang,sprung	sprang	sprung	0.0218	fisher_exact	True	16	3	0	0	3	0	0		form	form_label	200	2	1.0	100	100	0.0	0.0	0.053136935173454865	0.027980136708077693	0.2264191607272118	0.2391995112188244	0.9465703319104156	6.849598683468578	7.046418722916063	0.972068074977237	0.865	0.86	0.007656395043332228	0.0064722966254424944	0
kanishka_GlossBERT	head_embed_cache_kanishka_GlossBERT.jsonl	orig	spring__pst	spring	pst	200	132	68	0	16	3	2	sprang,sprung	sprang	sprung	0.0218	fisher_exact	True	16	3	0	0	3	0	0		raw	raw_label	200	16	3.0161790011615732	76	1	0.0625	0.0625	0.06150887794390989	0.029971080586567812	0.1836298817551714	0.24479089577339086	0.7501499644217252	6.168332537576837	7.137942623619836	0.8641611263679106	0.725	0.735	0.2461975749912262	0.440213172843527	0
kanishka_GlossBERT	head_embed_cache_kanishka_GlossBERT.jsonl	orig	strive__ppt	strive	ppt	200	200	0	0	2	2	2	strived,striven	strived	striven	0.0537	chi_sq	False	2	1	1	0	1	1	0		conditioned-cat-only	cat_only_label	0	0		0	0															0
kanishka_GlossBERT	head_embed_cache_kanishka_GlossBERT.jsonl	orig	strive__ppt	strive	ppt	200	200	0	0	2	2	2	strived,striven	strived	striven	0.0537	chi_sq	False	2	1	1	0	1	1	0		conditioned-exclude	conditioned_exclude_label	181	1	-0.0	181	181	0.0	0.0													0
kanishka_GlossBERT	head_embed_cache_kanishka_GlossBERT.jsonl	orig	strive__ppt	strive	ppt	200	200	0	0	2	2	2	strived,striven	strived	striven	0.0537	chi_sq	False	2	1	1	0	1	1	0		form	form_label	200	2	1.0	100	100	0.0	0.0	0.09114664291608014	0.0492970389471715	0.12054339990899342	0.13271083051633045	0.9083162198593897	4.993945663635007	5.254040874219497	0.9504961577553148	0.99	0.99	0.010000222092556063	0.00855016329364115	0
kanishka_GlossBERT	head_embed_cache_kanishka_GlossBERT.jsonl	orig	strive__ppt	strive	ppt	200	200	0	0	2	2	2	strived,striven	strived	striven	0.0537	chi_sq	False	2	1	1	0	1	1	0		raw	raw_label	200	2	0.4529425481872832	181	19	0.0	0.0	0.011617751646907561	0.007412700292249695	0.12633703166755136	0.1281925228213946	0.9855257458625071	5.116551042957261	5.163397526624625	0.9909271979494503	0.74	0.735	-0.004848687710790782	-0.005386802999817029	0
kanishka_GlossBERT	head_embed_cache_kanishka_GlossBERT.jsonl	orig	strive__pst	strive	pst	199	199	0	0	2	2	2	strived,strove	strived	strove	0.0008	fisher_exact	True	2	1	0	1	1	0	1		conditioned-cat-only	cat_only_label	21	2	0.5916727785823275	18	3	0.0	0.0	0.3885064585376333	0.22083198017737996	0.11097769671104306	0.18915427627111359	0.5867046672102694	4.660480430154609	6.094511251208059	0.7647012595523235	0.9523809523809523	0.9523809523809523	-0.014492753623188406	0.11208419001837633	0
kanishka_GlossBERT	head_embed_cache_kanishka_GlossBERT.jsonl	orig	strive__pst	strive	pst	199	199	0	0	2	2	2	strived,strove	strived	strove	0.0008	fisher_exact	True	2	1	0	1	1	0	1		conditioned-exclude	conditioned_exclude_label	199	3	0.548714629387147	178	3	0.0	0.0	0.0040430962850726195	0.0006271550865908258	0.15096374860655698	0.16157141723230872	0.9343468739244891	5.465842378927118	5.636029553829651	0.9698037114111846	0.8391959798994975	0.8442211055276382	-0.02225737967500864	0.10073408286885259	0
kanishka_GlossBERT	head_embed_cache_kanishka_GlossBERT.jsonl	orig	strive__pst	strive	pst	199	199	0	0	2	2	2	strived,strove	strived	strove	0.0008	fisher_exact	True	2	1	0	1	1	0	1		form	form_label	199	2	0.9999817845368457	100	99	0.0	0.0	0.20247294094402765	0.10865393162576353	0.1357111828757926	0.17012684720818047	0.7977058594974479	5.1816965388216865	5.812333605806285	0.8915001942843375	1.0	1.0	1.0	1.0	0
kanishka_GlossBERT	head_embed_cache_kanishka_GlossBERT.jsonl	orig	strive__pst	strive	pst	199	199	0	0	2	2	2	strived,strove	strived	strove	0.0008	fisher_exact	True	2	1	0	1	1	0	1		raw	raw_label	199	2	0.48627679848147415	178	21	0.0	0.0	0.06769419307556875	0.034034031673169665	0.15109294039343196	0.16117294896369036	0.9374584343398144	5.4679690543078845	5.629406222727877	0.9713225228322989	0.8844221105527639	0.8844221105527639	0.02238753596743631	0.06028318580255005	0
kanishka_GlossBERT	head_embed_cache_kanishka_GlossBERT.jsonl	orig	take__ppt	take	ppt	199	140	59	0	25	6	2	taken,took	taken	took	0.0053	fisher_exact	True	25	3	3	0	3	3	0		conditioned-cat-only	cat_only_label	0	0		0	0															0
kanishka_GlossBERT	head_embed_cache_kanishka_GlossBERT.jsonl	orig	take__ppt	take	ppt	199	140	59	0	25	6	2	taken,took	taken	took	0.0053	fisher_exact	True	25	3	3	0	3	3	0		conditioned-exclude	conditioned_exclude_label	63	3	1.555383834371384	27	17	0.0	0.0	0.1597351578523372	0.07801526378487335	0.24898943895441883	0.3416021204897384	0.7288872756335784	7.301471762342622	8.756062022626082	0.8338762041058264	0.9047619047619048	0.9047619047619048	0.34373529872981023	0.4553379958537082	0
kanishka_GlossBERT	head_embed_cache_kanishka_GlossBERT.jsonl	orig	take__ppt	take	ppt	199	140	59	0	25	6	2	taken,took	taken	took	0.0053	fisher_exact	True	25	3	3	0	3	3	0		form	form_label	199	2	0.9999817845368457	100	99	0.0	0.0	0.01521555561891953	0.008328864741565557	0.28481426520177555	0.2890915818643326	0.985204284970967	7.654028124042918	7.716207787281015	0.9919416810754383	0.7386934673366834	0.7286432160804021	-0.004604629105539323	-0.0037817708919935626	0
kanishka_GlossBERT	head_embed_cache_kanishka_GlossBERT.jsonl	orig	take__ppt	take	ppt	199	140	59	0	25	6	2	taken,took	taken	took	0.0053	fisher_exact	True	25	3	3	0	3	3	0		raw	raw_label	199	25	3.703492483956415	35	1	0.44	0.52	-0.1505350138746764	-0.10067445983685569	0.24470008340372595	0.2913802947936845	0.8397962654852448	7.046765899121514	7.751999501141683	0.9090255872802487	0.49246231155778897	0.48743718592964824	0.08223186622165225	0.2236588141339346	0
kanishka_GlossBERT	head_embed_cache_kanishka_GlossBERT.jsonl	orig	tear__ppt	tear	ppt	96	91	5	0	6	3	2	tore,torn	tore	torn	0.0026	fisher_exact	True	6	2	0	1	2	0	1		conditioned-cat-only	cat_only_label	18	2	0.7642045065086203	14	4	0.0	0.0	0.07556044147379021	0.045631347550118405	0.17503260807322596	0.19371202351888392	0.9035712130494729	5.918206823856153	6.289044118870831	0.9410343944158464	0.7222222222222222	0.7222222222222222	-0.0625	-0.05459371412694709	0
kanishka_GlossBERT	head_embed_cache_kanishka_GlossBERT.jsonl	orig	tear__ppt	tear	ppt	96	91	5	0	6	3	2	tore,torn	tore	torn	0.0026	fisher_exact	True	6	2	0	1	2	0	1		conditioned-exclude	conditioned_exclude_label	91	4	1.6698922224763166	38	4	0.0	0.0	0.037484158522327435	0.018643139665956793	0.17913151049454226	0.1992330245321292	0.8991055118256999	6.078007619714741	6.411528106158092	0.9479811238567272	0.6373626373626373	0.6373626373626373	0.07369413768975693	0.09773761054613604	0
kanishka_GlossBERT	head_embed_cache_kanishka_GlossBERT.jsonl	orig	tear__ppt	tear	ppt	96	91	5	0	6	3	2	tore,torn	tore	torn	0.0026	fisher_exact	True	6	2	0	1	2	0	1		form	form_label	96	2	1.0	48	48	0.0	0.0	0.07820307068022442	0.04226951586322956	0.18502072044948875	0.20122052281134076	0.9194922956390461	6.170076219947912	6.448393652404629	0.9568392614565441	0.8125	0.8125	0.028663811937428996	0.03940873177854322	0
kanishka_GlossBERT	head_embed_cache_kanishka_GlossBERT.jsonl	orig	tear__ppt	tear	ppt	96	91	5	0	6	3	2	tore,torn	tore	torn	0.0026	fisher_exact	True	6	2	0	1	2	0	1		raw	raw_label	96	6	1.814079155618118	38	1	0.16666666666666666	0.5	-0.06987294148054866	-0.04618748798424174	0.17964620076147955	0.19954711946731443	0.900269576634532	6.085385099855756	6.416068998150094	0.9484600464256725	0.5833333333333334	0.6145833333333334	0.0709366391184573	0.16881115742977917	0
kanishka_GlossBERT	head_embed_cache_kanishka_GlossBERT.jsonl	orig	throw__pst	throw	pst	109	84	25	0	13	4	2	threw,throwed	threw	throwed	0.0	fisher_exact	True	13	1	1	2	1	1	2		conditioned-cat-only	cat_only_label	36	4	1.707113464078487	15	3	0.0	0.0	-0.034502686941980804	-0.020592092550605005	0.14512121604869674	0.1760099690833534	0.8245056618353895	5.385147459710206	5.974788354234652	0.9013118357394977	0.3611111111111111	0.3611111111111111	0.05237342634475993	0.08523998046421061	0
kanishka_GlossBERT	head_embed_cache_kanishka_GlossBERT.jsonl	orig	throw__pst	throw	pst	109	84	25	0	13	4	2	threw,throwed	threw	throwed	0.0	fisher_exact	True	13	1	1	2	1	1	2		conditioned-exclude	conditioned_exclude_label	51	5	2.079002316888643	15	3	0.0	0.0	-0.04760028570271973	-0.024850583266931462	0.16395853755652454	0.18713669007198808	0.8761431950808399	5.685421536397636	6.126833634066031	0.9279542869886195	0.39215686274509803	0.37254901960784315	0.04643317473704311	0.10878584328757533	0
kanishka_GlossBERT	head_embed_cache_kanishka_GlossBERT.jsonl	orig	throw__pst	throw	pst	109	84	25	0	13	4	2	threw,throwed	threw	throwed	0.0	fisher_exact	True	13	1	1	2	1	1	2		form	form_label	109	2	0.9994535015927484	56	53	0.0	0.0	0.15690631387381515	0.0918625079228199	0.21930784549395047	0.25948171806127757	0.8451764815360137	6.8643501743696635	7.529535964672346	0.9116564694791749	0.7981651376146789	0.7981651376146789	0.13610308952231237	0.2596448922873423	0
kanishka_GlossBERT	head_embed_cache_kanishka_GlossBERT.jsonl	orig	throw__pst	throw	pst	109	84	25	0	13	4	2	threw,throwed	threw	throwed	0.0	fisher_exact	True	13	1	1	2	1	1	2		raw	raw_label	109	13	2.9048649496780863	33	1	0.23076923076923078	0.46153846153846156	-0.03268117684596426	-0.02207647101434079	0.20254471038548985	0.2469695558550568	0.8201201548273451	6.633257431242156	7.313070542693097	0.907041357322858	0.45871559633027525	0.46788990825688076	0.14023991275899672	0.32593015002020037	0
kanishka_GlossBERT	head_embed_cache_kanishka_GlossBERT.jsonl	orig	tread__ppt	tread	ppt	197	175	22	0	8	4	2	trod,trodden	trod	trodden	0.0	fisher_exact	True	8	2	1	1	2	1	1		conditioned-cat-only	cat_only_label	18	2	0.6500224216483541	15	3	0.0	0.0	0.09053721112811691	0.04715009409014248	0.1549406787490572	0.16248906572579233	0.9535452619964387	5.6853638524088845	5.8069169149651785	0.9790675388788436	0.9444444444444444	0.9444444444444444	0.5540983606557377	0.4696899779238476	0
kanishka_GlossBERT	head_embed_cache_kanishka_GlossBERT.jsonl	orig	tread__ppt	tread	ppt	197	175	22	0	8	4	2	trod,trodden	trod	trodden	0.0	fisher_exact	True	8	2	1	1	2	1	1		conditioned-exclude	conditioned_exclude_label	100	4	1.6139113581028388	44	3	0.0	0.0	-0.05900611291602289	-0.028436835479181785	0.15333306715523762	0.16429029690536642	0.9333056792974187	5.572090078406482	5.784900754409603	0.9632127351811691	0.57	0.57	0.019273093871137216	0.09997143899531935	0
kanishka_GlossBERT	head_embed_cache_kanishka_GlossBERT.jsonl	orig	tread__ppt	tread	ppt	197	175	22	0	8	4	2	trod,trodden	trod	trodden	0.0	fisher_exact	True	8	2	1	1	2	1	1		form	form_label	197	2	0.9999814128006821	99	98	0.0	0.0	0.18454555746078735	0.10115084951546517	0.14643484315333233	0.18048472901607873	0.8113420118789495	5.511862414720827	6.140693355355886	0.8975961012470042	0.9644670050761421	0.9644670050761421	0.050090659216775676	0.12946592106141994	0
kanishka_GlossBERT	head_embed_cache_kanishka_GlossBERT.jsonl	orig	tread__ppt	tread	ppt	197	175	22	0	8	4	2	trod,trodden	trod	trodden	0.0	fisher_exact	True	8	2	1	1	2	1	1		raw	raw_label	197	8	2.2940645639523796	75	1	0.25	0.25	-0.0955112002484393	-0.048709684005957085	0.14996425029738655	0.16788723446124537	0.8932439132649117	5.604581793187097	5.8992419070197375	0.9500511898855999	0.5025380710659898	0.49238578680203043	0.11416785162163264	0.15296710071625616	0
kanishka_GlossBERT	head_embed_cache_kanishka_GlossBERT.jsonl	orig	tread__pst	tread	pst	170	153	17	0	8	4	2	treaded,trod	treaded	trod	0.0	fisher_exact	True	8	1	1	2	1	1	2		conditioned-cat-only	cat_only_label	42	4	1.6755064993703321	20	3	0.0	0.0	0.030056754320553748	0.011764774225657738	0.15785791713283254	0.1831860726117737	0.8617353649334515	5.794633817110711	6.201755550650104	0.9343537922102209	0.6190476190476191	0.5952380952380952	0.09672219236969372	0.16630497089090682	0
kanishka_GlossBERT	head_embed_cache_kanishka_GlossBERT.jsonl	orig	tread__pst	tread	pst	170	153	17	0	8	4	2	treaded,trod	treaded	trod	0.0	fisher_exact	True	8	1	1	2	1	1	2		conditioned-exclude	conditioned_exclude_label	97	5	1.7124814707746505	55	3	0.0	0.0	-0.06265441039759247	-0.03731576379762047	0.17618437418368496	0.18401872322958124	0.95742634820848	6.035896336072473	6.201404229956777	0.9733112231122115	0.4536082474226804	0.4536082474226804	0.03268732484586436	0.1577584145818219	0
kanishka_GlossBERT	head_embed_cache_kanishka_GlossBERT.jsonl	orig	tread__pst	tread	pst	170	153	17	0	8	4	2	treaded,trod	treaded	trod	0.0	fisher_exact	True	8	1	1	2	1	1	2		form	form_label	170	2	1.0	85	85	0.0	0.0	0.2592061760036796	0.1448156030579248	0.16588996208244003	0.22626703240949908	0.7331601087259219	5.930798500987127	6.963088397917561	0.8517482706037224	0.9705882352941176	0.9705882352941176	0.3427913005905228	0.4084709927743055	0
kanishka_GlossBERT	head_embed_cache_kanishka_GlossBERT.jsonl	orig	tread__pst	tread	pst	170	153	17	0	8	4	2	treaded,trod	treaded	trod	0.0	fisher_exact	True	8	1	1	2	1	1	2		raw	raw_label	170	8	2.298749565890562	56	2	0.0	0.125	0.03245513873341968	0.01857874181649108	0.16439930042628131	0.2065351707700546	0.7959869489217158	5.89806179043704	6.628064308839985	0.8898618835925708	0.5705882352941176	0.5705882352941176	0.08461716118985288	0.19754150366924814	0
kanishka_GlossBERT	head_embed_cache_kanishka_GlossBERT.jsonl	orig	wake__ppt	wake	ppt	198	180	18	0	5	3	2	woke,woken	woke	woken	0.0062	fisher_exact	True	5	2	1	0	2	1	0		conditioned-cat-only	cat_only_label	0	0		0	0															0
kanishka_GlossBERT	head_embed_cache_kanishka_GlossBERT.jsonl	orig	wake__ppt	wake	ppt	198	180	18	0	5	3	2	woke,woken	woke	woken	0.0062	fisher_exact	True	5	2	1	0	2	1	0		conditioned-exclude	conditioned_exclude_label	151	2	0.9992089388648364	78	73	0.0	0.0	0.115632314740777	0.061766548718932106	0.11811761824377191	0.13400322799585487	0.8814535292196517	5.307769301147787	5.663525369166276	0.937184695957165	0.9602649006622517	0.9602649006622517	0.19292538820672003	0.2557469116474569	0
kanishka_GlossBERT	head_embed_cache_kanishka_GlossBERT.jsonl	orig	wake__ppt	wake	ppt	198	180	18	0	5	3	2	woke,woken	woke	woken	0.0062	fisher_exact	True	5	2	1	0	2	1	0		form	form_label	198	2	0.999926399368686	100	98	0.0	0.0	0.06095715434233611	0.032705684399254045	0.12940772772048661	0.13778424503022468	0.9392055506208233	5.471042957154112	5.656871764303827	0.9671498992919836	0.9040404040404041	0.8838383838383839	-0.00247587628484376	-0.0017377219447672395	0
kanishka_GlossBERT	head_embed_cache_kanishka_GlossBERT.jsonl	orig	wake__ppt	wake	ppt	198	180	18	0	5	3	2	woke,woken	woke	woken	0.0062	fisher_exact	True	5	2	1	0	2	1	0		raw	raw_label	198	5	1.8500486219129297	78	4	0.0	0.0	0.0665804179021007	0.02723675331430533	0.11733769292335738	0.1410860479449629	0.8316746739488396	5.262333753639432	5.703023252196842	0.9227270380867457	0.7777777777777778	0.7575757575757576	0.2969493340726551	0.36819399665599734	0
kanishka_GlossBERT	head_embed_cache_kanishka_GlossBERT.jsonl	orig	wear__ppt	wear	ppt	88	66	22	0	5	1	2	wore,worn	wore	worn	0.0268	fisher_exact	True	5	1	0	0	1	0	0		conditioned-cat-only	cat_only_label	0	0		0	0															0
kanishka_GlossBERT	head_embed_cache_kanishka_GlossBERT.jsonl	orig	wear__ppt	wear	ppt	88	66	22	0	5	1	2	wore,worn	wore	worn	0.0268	fisher_exact	True	5	1	0	0	1	0	0		conditioned-exclude	conditioned_exclude_label	66	1	-0.0	66	66	0.0	0.0													0
kanishka_GlossBERT	head_embed_cache_kanishka_GlossBERT.jsonl	orig	wear__ppt	wear	ppt	88	66	22	0	5	1	2	wore,worn	wore	worn	0.0268	fisher_exact	True	5	1	0	0	1	0	0		form	form_label	88	2	1.0	44	44	0.0	0.0	0.08616158894447207	0.048611294357718715	0.24093497310819736	0.2661512288919868	0.9052559107513156	7.471792968202995	7.874708398888594	0.9488342411837796	0.75	0.75	0.06633129716133669	0.07385972922254694	0
kanishka_GlossBERT	head_embed_cache_kanishka_GlossBERT.jsonl	orig	wear__ppt	wear	ppt	88	66	22	0	5	1	2	wore,worn	wore	worn	0.0268	fisher_exact	True	5	1	0	0	1	0	0		raw	raw_label	88	5	1.234422785899402	66	1	0.2	0.2	0.27173923594820626	0.11428080621008356	0.19459836542057976	0.33500507269905055	0.5808818471098073	6.796100011557935	8.885856008978552	0.7648222078650543	0.9772727272727273	0.9772727272727273	0.3251504106099864	0.5813958405543875	0
kanishka_GlossBERT	head_embed_cache_kanishka_GlossBERT.jsonl	orig	weave__ppt	weave	ppt	122	91	31	0	11	4	2	weaved,woven	weaved	woven	0.0372	fisher_exact	True	11	3	1	0	3	1	0		conditioned-cat-only	cat_only_label	0	0		0	0															0
kanishka_GlossBERT	head_embed_cache_kanishka_GlossBERT.jsonl	orig	weave__ppt	weave	ppt	122	91	31	0	11	4	2	weaved,woven	weaved	woven	0.0372	fisher_exact	True	11	3	1	0	3	1	0		conditioned-exclude	conditioned_exclude_label	68	3	1.431169262145754	38	15	0.0	0.0	0.08109054825618926	0.04271284921226274	0.13630284335621276	0.17533085518091074	0.7774036304994468	5.263380527364546	6.030292983721942	0.8728233506352702	0.7352941176470589	0.7352941176470589	0.09877672557104575	0.10659784145414662	0
kanishka_GlossBERT	head_embed_cache_kanishka_GlossBERT.jsonl	orig	weave__ppt	weave	ppt	122	91	31	0	11	4	2	weaved,woven	weaved	woven	0.0372	fisher_exact	True	11	3	1	0	3	1	0		form	form_label	122	2	0.999806132804711	62	60	0.0	0.0	0.1865392303143894	0.10866163668535474	0.15647069925889448	0.1919030580504859	0.815363240421787	5.623090609738029	6.308866723209478	0.8912996353293421	1.0	0.9918032786885246	0.9672112327413556	0.9391721017535285	0
kanishka_GlossBERT	head_embed_cache_kanishka_GlossBERT.jsonl	orig	weave__ppt	weave	ppt	122	91	31	0	11	4	2	weaved,woven	weaved	woven	0.0372	fisher_exact	True	11	3	1	0	3	1	0		raw	raw_label	122	11	2.836519828492392	38	1	0.18181818181818182	0.18181818181818182	-0.15738550278432686	-0.09706441717900714	0.14538247496955195	0.18027559242575925	0.8064456924717809	5.450267879101669	6.075237945562679	0.8971282981734922	0.39344262295081966	0.39344262295081966	0.09564560619151578	0.14698149971704075	0
kanishka_GlossBERT	head_embed_cache_kanishka_GlossBERT.jsonl	orig	weave__pst	weave	pst	198	153	45	0	13	4	2	weaved,wove	weaved	wove	0.0	fisher_exact	True	13	1	2	1	1	2	1		conditioned-cat-only	cat_only_label	28	2	0.676941869780886	23	5	0.0	0.0	0.3411188897505822	0.1805935306463322	0.0861708451376184	0.13754432940332875	0.6264950762523617	4.146989012089328	5.142755652223791	0.8063748878086633	0.9642857142857143	1.0	-0.09769173492181683	0.08965656821315277	0
kanishka_GlossBERT	head_embed_cache_kanishka_GlossBERT.jsonl	orig	weave__pst	weave	pst	198	153	45	0	13	4	2	weaved,wove	weaved	wove	0.0	fisher_exact	True	13	1	2	1	1	2	1		conditioned-exclude	conditioned_exclude_label	51	3	1.3647098428918996	23	5	0.0	0.0	0.10385971270113442	0.05442341802617489	0.11326059443045251	0.13550464335009962	0.8358429027249216	4.6982435074651265	5.147171177475098	0.912781670838041	0.8235294117647058	0.8235294117647058	0.2201953850672709	0.36762103903639604	0
kanishka_GlossBERT	head_embed_cache_kanishka_GlossBERT.jsonl	orig	weave__pst	weave	pst	198	153	45	0	13	4	2	weaved,wove	weaved	wove	0.0	fisher_exact	True	13	1	2	1	1	2	1		form	form_label	198	2	0.999926399368686	100	98	0.0	0.0	0.25610538730259197	0.14679531810682403	0.15307621598505508	0.20758689561809096	0.7374078962415711	5.55756160509234	6.525024403049346	0.8517303939116487	0.9646464646464646	0.9797979797979798	0.4021794985269653	0.38729931991512073	0
kanishka_GlossBERT	head_embed_cache_kanishka_GlossBERT.jsonl	orig	weave__pst	weave	pst	198	153	45	0	13	4	2	weaved,wove	weaved	wove	0.0	fisher_exact	True	13	1	2	1	1	2	1		raw	raw_label	198	13	2.7570427744092507	81	1	0.07692307692307693	0.23076923076923078	-0.08318622630208605	-0.04830121738072883	0.15975322162210925	0.18620055513859268	0.857963186539384	5.749187760631912	6.125217253822773	0.9386096072010868	0.5454545454545454	0.5353535353535354	0.18267563682245905	0.32023472109384976	0
kanishka_GlossBERT	head_embed_cache_kanishka_GlossBERT.jsonl	orig	wet__pst	wet	pst	76	74	2	0	3	2	2	wet,wetted	wet	wetted	0.0	fisher_exact	True	3	0	2	0	0	2	0		conditioned-cat-only	cat_only_label	0	0		0	0															0
kanishka_GlossBERT	head_embed_cache_kanishka_GlossBERT.jsonl	orig	wet__pst	wet	pst	76	74	2	0	3	2	2	wet,wetted	wet	wetted	0.0	fisher_exact	True	3	0	2	0	0	2	0		conditioned-exclude	conditioned_exclude_label	0	0		0	0															0
kanishka_GlossBERT	head_embed_cache_kanishka_GlossBERT.jsonl	orig	wet__pst	wet	pst	76	74	2	0	3	2	2	wet,wetted	wet	wetted	0.0	fisher_exact	True	3	0	2	0	0	2	0		form	form_label	76	2	1.0	38	38	0.0	0.0	0.13497288788257822	0.0733476070849343	0.18809473023016665	0.21785874454677337	0.8633792993780127	6.610731716406387	7.135637224817988	0.9264388740803747	0.881578947368421	0.881578947368421	0.08841018736676765	0.07202320335739279	0
kanishka_GlossBERT	head_embed_cache_kanishka_GlossBERT.jsonl	orig	wet__pst	wet	pst	76	74	2	0	3	2	2	wet,wetted	wet	wetted	0.0	fisher_exact	True	3	0	2	0	0	2	0		raw	raw_label	76	3	1.1239576570186298	44	2	0.0	0.3333333333333333	0.12416038493090974	0.0636630448578829	0.18373986513410223	0.2214718829794453	0.8296306630993652	6.529341702470819	7.203677597472671	0.9063900506543442	0.881578947368421	0.881578947368421	0.3753256039253093	0.36289584944375947	0
kanishka_GlossBERT	head_embed_cache_kanishka_GlossBERT.jsonl	orig	write__ppt	write	ppt	199	172	27	0	14	2	2	written,wrote	written	wrote	0.0019	fisher_exact	True	14	1	1	0	1	1	0		conditioned-cat-only	cat_only_label	0	0		0	0															0
kanishka_GlossBERT	head_embed_cache_kanishka_GlossBERT.jsonl	orig	write__ppt	write	ppt	199	172	27	0	14	2	2	written,wrote	written	wrote	0.0019	fisher_exact	True	14	1	1	0	1	1	0		conditioned-exclude	conditioned_exclude_label	144	1	-0.0	144	144	0.0	0.0													0
kanishka_GlossBERT	head_embed_cache_kanishka_GlossBERT.jsonl	orig	write__ppt	write	ppt	199	172	27	0	14	2	2	written,wrote	written	wrote	0.0019	fisher_exact	True	14	1	1	0	1	1	0		form	form_label	199	2	0.9999817845368457	100	99	0.0	0.0	0.048293085914224945	0.02570419014378834	0.1867923213443931	0.1964710734548433	0.9507370121196251	6.1359911072103355	6.299086686643334	0.9741080592240732	0.7487437185929648	0.7487437185929648	0.06120202860943148	0.048951196754600496	0
kanishka_GlossBERT	head_embed_cache_kanishka_GlossBERT.jsonl	orig	write__ppt	write	ppt	199	172	27	0	14	2	2	written,wrote	written	wrote	0.0019	fisher_exact	True	14	1	1	0	1	1	0		raw	raw_label	199	14	1.53084921111479	144	1	0.5714285714285714	0.6428571428571429	-0.16054223154354724	-0.09648740480997682	0.18178351073233212	0.20346186826261195	0.893452479742793	6.0489777635117	6.420009430987571	0.9422069902755896	0.542713567839196	0.5527638190954773	0.026102108834567515	0.06484589042084948	0
transfo-xl-wt103	head_embed_cache_transfo-xl-wt103.jsonl	orig	begin__ppt	begin	ppt	199	197	2	0	4	3	2	began,begun	began	begun	0.1741	fisher_exact	False	4	3	0	0	3	0	0		conditioned-cat-only	cat_only_label	0	0		0	0															0
transfo-xl-wt103	head_embed_cache_transfo-xl-wt103.jsonl	orig	begin__ppt	begin	ppt	199	197	2	0	4	3	2	began,begun	began	begun	0.1741	fisher_exact	False	4	3	0	0	3	0	0		conditioned-exclude	conditioned_exclude_label	197	3	1.1462547454696266	140	22	0.0	0.0	0.03265948452120568	0.012641857231257245	0.566994713350676	0.642510658864462	0.8824674042805005	5.89383636354078	6.21378927483527	0.9485092111845115	0.7055837563451777	0.7055837563451777	0.3178077482410411	0.2815876099530516	0
transfo-xl-wt103	head_embed_cache_transfo-xl-wt103.jsonl	orig	begin__ppt	begin	ppt	199	197	2	0	4	3	2	began,begun	began	begun	0.1741	fisher_exact	False	4	3	0	0	3	0	0		form	form_label	199	2	0.9999817845368457	100	99	0.0	0.0	0.014330122930036984	0.007379977878113838	0.5977322151859087	0.6067904987968484	0.9850718104042488	6.0250450191712845	6.069761917315652	0.9926328414930411	0.6030150753768844	0.6130653266331658	0.038014961220150224	0.030885193792464263	0
transfo-xl-wt103	head_embed_cache_transfo-xl-wt103.jsonl	orig	begin__ppt	begin	ppt	199	197	2	0	4	3	2	began,begun	began	begun	0.1741	fisher_exact	False	4	3	0	0	3	0	0		raw	raw_label	199	4	1.2158606829788767	140	2	0.0	0.25	0.01839715166733532	0.008670611131381501	0.5669976274100906	0.6430233406121568	0.8817683458742106	5.893880084070261	6.224892516053473	0.9468243939747459	0.6984924623115578	0.6984924623115578	0.11954869263547897	0.19729593960487465	0
transfo-xl-wt103	head_embed_cache_transfo-xl-wt103.jsonl	orig	bid__ppt	bid	ppt	171	160	11	0	7	4	2	bid,bidden	bid	bidden	0.0	fisher_exact	True	7	1	1	2	1	1	2		conditioned-cat-only	cat_only_label	58	3	0.9896363038042916	40	1	0.3333333333333333	0.3333333333333333	0.3139238374429079	0.12647815801593187	0.43915150395225433	0.7390749697115276	0.5941907410606287	5.578502537546061	6.812440974921822	0.8188698526830288	0.9827586206896551	0.9827586206896551	0.6182899969454314	0.5531064830189403	0
transfo-xl-wt103	head_embed_cache_transfo-xl-wt103.jsonl	orig	bid__ppt	bid	ppt	171	160	11	0	7	4	2	bid,bidden	bid	bidden	0.0	fisher_exact	True	7	1	1	2	1	1	2		conditioned-exclude	conditioned_exclude_label	78	4	1.5571643471379213	40	1	0.25	0.25	0.12814769498553394	0.041333367173005134	0.47120729568850955	0.6713252592072692	0.7019061017381234	5.694269513237456	6.529426476920044	0.8720933658362389	0.7435897435897436	0.6923076923076923	0.3554005183841985	0.41622237560691494	0
transfo-xl-wt103	head_embed_cache_transfo-xl-wt103.jsonl	orig	bid__ppt	bid	ppt	171	160	11	0	7	4	2	bid,bidden	bid	bidden	0.0	fisher_exact	True	7	1	1	2	1	1	2		form	form_label	171	2	0.9999753308152249	86	85	0.0	0.0	0.37575161507135724	0.2323910811281463	0.459810646713767	0.7385554719706905	0.6225810574347955	5.252691856251322	6.864838342073724	0.7651588565543109	1.0	0.9941520467836257	0.953490206050345	0.9193937583595029	0
transfo-xl-wt103	head_embed_cache_transfo-xl-wt103.jsonl	orig	bid__ppt	bid	ppt	171	160	11	0	7	4	2	bid,bidden	bid	bidden	0.0	fisher_exact	True	7	1	1	2	1	1	2		raw	raw_label	171	7	2.005959814418014	82	1	0.2857142857142857	0.2857142857142857	-0.1308911262582762	-0.0685170422485797	0.5350658862712273	0.629143813470233	0.8504667371994165	5.627170338418266	6.259322060215038	0.8990063595201787	0.3567251461988304	0.34502923976608185	0.07856380704660011	0.16298964272750033	0
transfo-xl-wt103	head_embed_cache_transfo-xl-wt103.jsonl	orig	bid__pst	bid	pst	200	168	32	0	10	3	2	bade,bid	bade	bid	0.0	fisher_exact	True	10	1	1	1	1	1	1		conditioned-cat-only	cat_only_label	16	1	-0.0	16	16	0.0	0.0													0
transfo-xl-wt103	head_embed_cache_transfo-xl-wt103.jsonl	orig	bid__pst	bid	pst	200	168	32	0	10	3	2	bade,bid	bade	bid	0.0	fisher_exact	True	10	1	1	1	1	1	1		conditioned-exclude	conditioned_exclude_label	76	2	0.7424875695421236	60	16	0.0	0.0	0.08648442213873254	0.051180324924658446	0.4054497484959448	0.45655142420546396	0.8880702742337265	5.452617049630187	5.816386716427411	0.9374577921770887	0.75	0.7236842105263158	-0.010130907510509319	0.10861130772233887	0
transfo-xl-wt103	head_embed_cache_transfo-xl-wt103.jsonl	orig	bid__pst	bid	pst	200	168	32	0	10	3	2	bade,bid	bade	bid	0.0	fisher_exact	True	10	1	1	1	1	1	1		form	form_label	200	2	1.0	100	100	0.0	0.0	0.22478644251229687	0.12728300878235055	0.39942505785527954	0.5125130602883515	0.7793461060886018	5.354428842086043	6.128124101535274	0.8737468029971198	1.0	0.995	-6.65757470605799e-05	-9.10847055052745e-05	0
transfo-xl-wt103	head_embed_cache_transfo-xl-wt103.jsonl	orig	bid__pst	bid	pst	200	168	32	0	10	3	2	bade,bid	bade	bid	0.0	fisher_exact	True	10	1	1	1	1	1	1		raw	raw_label	200	10	2.1208109300257063	92	1	0.2	0.3	-0.20576875777631023	-0.09099407357350814	0.4279233072594039	0.46903201815255285	0.9123541479000303	5.510163002158636	5.848346085799274	0.942174577448178	0.5	0.495	0.08460458474737241	0.11971475041334957	0
transfo-xl-wt103	head_embed_cache_transfo-xl-wt103.jsonl	orig	break__ppt	break	ppt	198	126	72	0	28	6	2	broke,broken	broke	broken	0.2008	fisher_exact	False	28	4	1	1	4	1	1		conditioned-cat-only	cat_only_label	25	2	0.7219280948873623	20	5	0.0	0.0	0.008004872560839099	0.020864642593590003	0.5865291042384875	0.5994174239007057	0.9784985902172353	6.117366392618826	6.343071128501523	0.9644171204594363	0.68	0.68	0.1329479768786127	-0.009280862998096688	0
transfo-xl-wt103	head_embed_cache_transfo-xl-wt103.jsonl	orig	break__ppt	break	ppt	198	126	72	0	28	6	2	broke,broken	broke	broken	0.2008	fisher_exact	False	28	4	1	1	4	1	1		conditioned-exclude	conditioned_exclude_label	100	6	2.477667024828463	23	5	0.0	0.0	-0.027737299709619304	-0.014867820491438638	0.5642605313988809	0.5967253760063989	0.945594999118707	6.011626423577781	6.22475744607721	0.9657607506243088	0.38	0.37	0.04634094735646813	0.10693914060345364	0
transfo-xl-wt103	head_embed_cache_transfo-xl-wt103.jsonl	orig	break__ppt	break	ppt	198	126	72	0	28	6	2	broke,broken	broke	broken	0.2008	fisher_exact	False	28	4	1	1	4	1	1		form	form_label	198	2	0.999926399368686	100	98	0.0	0.0	0.0312732685097952	0.016516540338805837	0.575787632858095	0.5949798438745659	0.9677430904356533	6.10364293148545	6.208199274753769	0.9831583461417699	0.6565656565656566	0.6616161616161617	0.07539083211383481	0.057395000403195715	0
transfo-xl-wt103	head_embed_cache_transfo-xl-wt103.jsonl	orig	break__ppt	break	ppt	198	126	72	0	28	6	2	broke,broken	broke	broken	0.2008	fisher_exact	False	28	4	1	1	4	1	1		raw	raw_label	198	28	3.9537957327683686	26	1	0.42857142857142855	0.4642857142857143	-0.22613722241337353	-0.13779042871999345	0.5584643080288874	0.5877271173598534	0.9502102107140838	5.968353990516599	6.172170402898785	0.9669781618008371	0.22727272727272727	0.21717171717171718	0.05692134711460834	0.12122348597388287	0
transfo-xl-wt103	head_embed_cache_transfo-xl-wt103.jsonl	orig	burn__ppt	burn	ppt	198	151	47	0	15	4	2	burned,burnt	burned	burnt	0.0028	fisher_exact	True	15	3	1	0	3	1	0		conditioned-cat-only	cat_only_label	0	0		0	0															0
transfo-xl-wt103	head_embed_cache_transfo-xl-wt103.jsonl	orig	burn__ppt	burn	ppt	198	151	47	0	15	4	2	burned,burnt	burned	burnt	0.0028	fisher_exact	True	15	3	1	0	3	1	0		conditioned-exclude	conditioned_exclude_label	130	3	1.255601055871499	85	16	0.0	0.0	-0.029320280984768746	-0.017874016638419286	0.45401948748201054	0.4386666742813385	1.0349988136797132	5.031846508168744	4.925601938114344	1.021569865244749	0.6307692307692307	0.6692307692307692	0.02421103443368406	0.0008183389158962205	0
transfo-xl-wt103	head_embed_cache_transfo-xl-wt103.jsonl	orig	burn__ppt	burn	ppt	198	151	47	0	15	4	2	burned,burnt	burned	burnt	0.0028	fisher_exact	True	15	3	1	0	3	1	0		form	form_label	198	2	1.0	99	99	0.0	0.0	0.027932861005977645	0.014781933222295568	0.45958133470816215	0.4726042578677387	0.9724443380634521	5.035162599070885	5.109960778798085	0.9853622790927188	0.7929292929292929	0.7878787878787878	-0.000971986698143495	-0.0008017846205174459	0
transfo-xl-wt103	head_embed_cache_transfo-xl-wt103.jsonl	orig	burn__ppt	burn	ppt	198	151	47	0	15	4	2	burned,burnt	burned	burnt	0.0028	fisher_exact	True	15	3	1	0	3	1	0		raw	raw_label	198	15	2.8391360051667687	85	1	0.13333333333333333	0.13333333333333333	-0.10985681985393643	-0.060772673991955344	0.45220378426314173	0.4701853760655419	0.9617563779782602	5.012882026207572	5.0902088455492605	0.9848087138095915	0.45454545454545453	0.4595959595959596	0.05169292881175047	0.12362297191216187	0
transfo-xl-wt103	head_embed_cache_transfo-xl-wt103.jsonl	orig	burn__pst	burn	pst	198	130	68	0	20	3	2	burned,burnt	burned	burnt	0.0	fisher_exact	True	21	2	0	1	2	0	1		conditioned-cat-only	cat_only_label	23	2	0.5586293734521992	20	3	0.0	0.0	0.07513128333313727	0.046220468550277644	0.4435218074386589	0.4887949904293632	0.907377972611921	4.963400735066425	5.265849532695755	0.9425641018127425	0.9130434782608695	0.8695652173913043	-0.04565094871313169	0.08536201861003027	0
transfo-xl-wt103	head_embed_cache_transfo-xl-wt103.jsonl	orig	burn__pst	burn	pst	198	130	68	0	20	3	2	burned,burnt	burned	burnt	0.0	fisher_exact	True	21	2	0	1	2	0	1		conditioned-exclude	conditioned_exclude_label	130	4	1.3101187762447488	89	3	0.0	0.0	-0.012930242409416882	-0.004067925514604042	0.49285365670400905	0.5187739911506927	0.9500354009861024	5.254702184656553	5.4363787969418	0.9665813183607721	0.6923076923076923	0.6846153846153846	0.06045533718933789	0.03925265371710751	0
transfo-xl-wt103	head_embed_cache_transfo-xl-wt103.jsonl	orig	burn__pst	burn	pst	198	130	68	0	20	3	2	burned,burnt	burned	burnt	0.0	fisher_exact	True	21	2	0	1	2	0	1		form	form_label	198	2	0.999926399368686	100	98	0.0	0.0	0.037178685501515714	0.019408312419600775	0.5008319947395027	0.5200585734787182	0.9630299744688233	5.3333899446218345	5.43665264443261	0.9810061987468481	0.8181818181818182	0.8131313131313131	0.015006500017575431	0.010960783504251356	0
transfo-xl-wt103	head_embed_cache_transfo-xl-wt103.jsonl	orig	burn__pst	burn	pst	198	130	68	0	20	3	2	burned,burnt	burned	burnt	0.0	fisher_exact	True	21	2	0	1	2	0	1		raw	raw_label	198	20	3.042396475146948	89	1	0.05	0.4	-0.17792837636357203	-0.10004728471130594	0.4923096322253477	0.5159045828413076	0.9542648943221004	5.2540067340242835	5.4243450716443515	0.9685974370416609	0.3383838383838384	0.3787878787878788	0.03411334377513678	0.11876795589017117	0
transfo-xl-wt103	head_embed_cache_transfo-xl-wt103.jsonl	orig	creep__ppt	creep	ppt	200	173	27	0	7	3	2	creeped,crept	creeped	crept	0.0	fisher_exact	True	7	0	1	2	0	1	2		conditioned-cat-only	cat_only_label	100	3	0.992997266270944	72	3	0.0	0.0	0.22854927183987425	0.15057105194148945	0.31648987584258953	0.5578558265166543	0.567332742258525	4.073029277561453	5.619326249873906	0.7248252008241823	0.97	0.97	0.49051203610761895	0.6365502733933145	0
transfo-xl-wt103	head_embed_cache_transfo-xl-wt103.jsonl	orig	creep__ppt	creep	ppt	200	173	27	0	7	3	2	creeped,crept	creeped	crept	0.0	fisher_exact	True	7	0	1	2	0	1	2		conditioned-exclude	conditioned_exclude_label	100	3	0.992997266270944	72	3	0.0	0.0	0.22854927183987425	0.15057105194148945	0.31648987584258953	0.5578558265166543	0.567332742258525	4.073029277561453	5.619326249873906	0.7248252008241823	0.97	0.97	0.49051203610761895	0.6365502733933145	0
transfo-xl-wt103	head_embed_cache_transfo-xl-wt103.jsonl	orig	creep__ppt	creep	ppt	200	173	27	0	7	3	2	creeped,crept	creeped	crept	0.0	fisher_exact	True	7	0	1	2	0	1	2		form	form_label	200	2	1.0	100	100	0.0	0.0	0.43908993660936785	0.2641691391656142	0.32009930043979273	0.5655833877846292	0.5659630522275605	4.17809850340859	5.658727088623839	0.7383459986625142	1.0	1.0	1.0	1.0	0
transfo-xl-wt103	head_embed_cache_transfo-xl-wt103.jsonl	orig	creep__ppt	creep	ppt	200	173	27	0	7	3	2	creeped,crept	creeped	crept	0.0	fisher_exact	True	7	0	1	2	0	1	2		raw	raw_label	200	7	2.047756286887821	73	1	0.14285714285714285	0.2857142857142857	-0.07292122517002614	-0.039760562867016604	0.34187159321675975	0.4842258110314714	0.7060168735915244	4.299127959472087	5.1721509632386455	0.8312069755945605	0.585	0.59	0.28691775849081036	0.3408253778276862	0
transfo-xl-wt103	head_embed_cache_transfo-xl-wt103.jsonl	orig	creep__pst	creep	pst	199	192	7	0	6	4	2	creeped,crept	creeped	crept	0.0	fisher_exact	True	6	0	1	3	0	1	3		conditioned-cat-only	cat_only_label	150	5	1.6571237065559545	80	2	0.0	0.2	0.02189054212793903	0.005253339382916935	0.2984995534120941	0.5043494883864743	0.5918506120965052	4.0758137629117215	5.350419664962838	0.7617745930477456	0.82	0.8333333333333334	0.5159328623655682	0.5619866836303257	0
transfo-xl-wt103	head_embed_cache_transfo-xl-wt103.jsonl	orig	creep__pst	creep	pst	199	192	7	0	6	4	2	creeped,crept	creeped	crept	0.0	fisher_exact	True	6	0	1	3	0	1	3		conditioned-exclude	conditioned_exclude_label	150	5	1.6571237065559545	80	2	0.0	0.2	0.02189054212793903	0.005253339382916935	0.2984995534120941	0.5043494883864743	0.5918506120965052	4.0758137629117215	5.350419664962838	0.7617745930477456	0.82	0.8333333333333334	0.5159328623655682	0.5619866836303257	0
transfo-xl-wt103	head_embed_cache_transfo-xl-wt103.jsonl	orig	creep__pst	creep	pst	199	192	7	0	6	4	2	creeped,crept	creeped	crept	0.0	fisher_exact	True	6	0	1	3	0	1	3		form	form_label	199	2	0.9999817845368457	100	99	0.0	0.0	0.47142816580143104	0.28544166572913066	0.29445021868512383	0.5536934964855387	0.5317928069484094	4.04236371625423	5.6482820358284025	0.715680217562181	1.0	1.0	1.0	1.0	0
transfo-xl-wt103	head_embed_cache_transfo-xl-wt103.jsonl	orig	creep__pst	creep	pst	199	192	7	0	6	4	2	creeped,crept	creeped	crept	0.0	fisher_exact	True	6	0	1	3	0	1	3		raw	raw_label	199	6	2.074652806440842	80	1	0.16666666666666666	0.16666666666666666	-0.024700240238932004	-0.0061823106671967665	0.31105504210495627	0.46577224702619363	0.6678264840615621	4.136666905780815	5.106732141853846	0.8100418801835026	0.6582914572864321	0.6582914572864321	0.3629898020033056	0.3672885028803527	0
transfo-xl-wt103	head_embed_cache_transfo-xl-wt103.jsonl	orig	disprove__ppt	disprove	ppt	197	197	0	0	1	1	2	disproved,disproven	disproved	disproven		fisher_exact	False	1	1	0	0	1	0	0		conditioned-cat-only	cat_only_label	0	0		0	0															0
transfo-xl-wt103	head_embed_cache_transfo-xl-wt103.jsonl	orig	disprove__ppt	disprove	ppt	197	197	0	0	1	1	2	disproved,disproven	disproved	disproven		fisher_exact	False	1	1	0	0	1	0	0		conditioned-exclude	conditioned_exclude_label	197	1	-0.0	197	197	0.0	0.0													0
transfo-xl-wt103	head_embed_cache_transfo-xl-wt103.jsonl	orig	disprove__ppt	disprove	ppt	197	197	0	0	1	1	2	disproved,disproven	disproved	disproven		fisher_exact	False	1	1	0	0	1	0	0		form	form_label	197	2	0.9999814128006821	99	98	0.0	0.0	0.04370286624466707	0.024449623135667217	0.4735757343984712	0.4947283742943258	0.9572439322364996	5.086548601886715	5.211937194031483	0.9759420370052889	0.9238578680203046	0.9137055837563451	0.008668791720265164	0.01613366332429967	0
transfo-xl-wt103	head_embed_cache_transfo-xl-wt103.jsonl	orig	disprove__ppt	disprove	ppt	197	197	0	0	1	1	2	disproved,disproven	disproved	disproven		fisher_exact	False	1	1	0	0	1	0	0		raw	raw_label	197	1	-0.0	197	197	0.0	0.0													0
transfo-xl-wt103	head_embed_cache_transfo-xl-wt103.jsonl	orig	dive__pst	dive	pst	198	182	16	0	7	3	2	dived,dove	dived	dove	0.0014	fisher_exact	True	7	1	2	0	1	2	0		conditioned-cat-only	cat_only_label	0	0		0	0															0
transfo-xl-wt103	head_embed_cache_transfo-xl-wt103.jsonl	orig	dive__pst	dive	pst	198	182	16	0	7	3	2	dived,dove	dived	dove	0.0014	fisher_exact	True	7	1	2	0	1	2	0		conditioned-exclude	conditioned_exclude_label	67	1	-0.0	67	67	0.0	0.0													0
transfo-xl-wt103	head_embed_cache_transfo-xl-wt103.jsonl	orig	dive__pst	dive	pst	198	182	16	0	7	3	2	dived,dove	dived	dove	0.0014	fisher_exact	True	7	1	2	0	1	2	0		form	form_label	198	2	1.0	99	99	0.0	0.0	0.2929494863809312	0.17109192489065825	0.2928367945539264	0.4099288904141577	0.7143599814545121	3.99408925800381	4.803172265034665	0.831552365314756	1.0	1.0	1.0	1.0	0
transfo-xl-wt103	head_embed_cache_transfo-xl-wt103.jsonl	orig	dive__pst	dive	pst	198	182	16	0	7	3	2	dived,dove	dived	dove	0.0014	fisher_exact	True	7	1	2	0	1	2	0		raw	raw_label	198	7	1.907799970324791	73	1	0.42857142857142855	0.42857142857142855	-0.17369878040476602	-0.09376603854729541	0.3379271642556036	0.3574697617954445	0.9453307674425794	4.314221996364957	4.437083472186594	0.9723103077524274	0.43434343434343436	0.4090909090909091	-0.0005761850955941589	0.01627543202414726	0
transfo-xl-wt103	head_embed_cache_transfo-xl-wt103.jsonl	orig	dream__ppt	dream	ppt	199	181	18	0	5	3	2	dreamed,dreamt	dreamed	dreamt	0.0015	fisher_exact	True	5	3	0	0	3	0	0		conditioned-cat-only	cat_only_label	0	0		0	0															0
transfo-xl-wt103	head_embed_cache_transfo-xl-wt103.jsonl	orig	dream__ppt	dream	ppt	199	181	18	0	5	3	2	dreamed,dreamt	dreamed	dreamt	0.0015	fisher_exact	True	5	3	0	0	3	0	0		conditioned-exclude	conditioned_exclude_label	181	3	1.3099792748760353	111	22	0.0	0.0	0.04564552076975194	0.031068374430531946	0.35950588079283136	0.39240875393412156	0.9161515312504623	4.645529421079124	4.874636347536701	0.9530002014256198	0.7016574585635359	0.7237569060773481	0.06335419351581972	0.03718585784409868	0
transfo-xl-wt103	head_embed_cache_transfo-xl-wt103.jsonl	orig	dream__ppt	dream	ppt	199	181	18	0	5	3	2	dreamed,dreamt	dreamed	dreamt	0.0015	fisher_exact	True	5	3	0	0	3	0	0		form	form_label	199	2	0.9999817845368457	100	99	0.0	0.0	0.06154513633416772	0.036373424694267346	0.3633008140651572	0.38600324298058597	0.9411859114443487	4.644631653201699	4.816420100278705	0.9643327526460855	0.8592964824120602	0.8542713567839196	-0.004841313082462509	-0.0034988282581115446	0
transfo-xl-wt103	head_embed_cache_transfo-xl-wt103.jsonl	orig	dream__ppt	dream	ppt	199	181	18	0	5	3	2	dreamed,dreamt	dreamed	dreamt	0.0015	fisher_exact	True	5	3	0	0	3	0	0		raw	raw_label	199	5	1.6985903204516677	111	4	0.0	0.0	-0.10076440934452566	-0.06645776388056372	0.3587536087696282	0.3846464043042214	0.9326841607126677	4.63739960146698	4.789226971919045	0.9682981467902265	0.5678391959798995	0.5829145728643216	0.020926309560007694	0.09190445505573155	0
transfo-xl-wt103	head_embed_cache_transfo-xl-wt103.jsonl	orig	dream__pst	dream	pst	197	190	7	0	5	4	2	dreamed,dreamt	dreamed	dreamt	0.0	chi_sq	True	5	0	4	0	0	4	0		conditioned-cat-only	cat_only_label	0	0		0	0															0
transfo-xl-wt103	head_embed_cache_transfo-xl-wt103.jsonl	orig	dream__pst	dream	pst	197	190	7	0	5	4	2	dreamed,dreamt	dreamed	dreamt	0.0	chi_sq	True	5	0	4	0	0	4	0		conditioned-exclude	conditioned_exclude_label	0	0		0	0															0
transfo-xl-wt103	head_embed_cache_transfo-xl-wt103.jsonl	orig	dream__pst	dream	pst	197	190	7	0	5	4	2	dreamed,dreamt	dreamed	dreamt	0.0	chi_sq	True	5	0	4	0	0	4	0		form	form_label	197	2	0.9999814128006821	99	98	0.0	0.0	0.04853327623862175	0.028087366712940275	0.3751760892922739	0.3938241854809778	0.9526486770589547	4.676767535471559	4.809945432613304	0.9723119733877339	0.8375634517766497	0.8121827411167513	0.004561985278424091	0.0034144255327721532	0
transfo-xl-wt103	head_embed_cache_transfo-xl-wt103.jsonl	orig	dream__pst	dream	pst	197	190	7	0	5	4	2	dreamed,dreamt	dreamed	dreamt	0.0	chi_sq	True	5	0	4	0	0	4	0		raw	raw_label	197	5	2.0094602437853	69	7	0.0	0.0	0.011342159133933594	0.010886552918703019	0.3662508147433856	0.3915089613049618	0.9354851381245866	4.590819864932337	4.80186009986258	0.9560503158065179	0.4873096446700508	0.4720812182741117	0.060730474699559105	0.06853207096603495	0
transfo-xl-wt103	head_embed_cache_transfo-xl-wt103.jsonl	orig	drink__ppt	drink	ppt	200	183	17	0	7	3	2	drank,drunk	drank	drunk	0.0185	fisher_exact	True	7	2	1	0	2	1	0		conditioned-cat-only	cat_only_label	0	0		0	0															0
transfo-xl-wt103	head_embed_cache_transfo-xl-wt103.jsonl	orig	drink__ppt	drink	ppt	200	183	17	0	7	3	2	drank,drunk	drank	drunk	0.0185	fisher_exact	True	7	2	1	0	2	1	0		conditioned-exclude	conditioned_exclude_label	132	2	0.7455178428108284	104	28	0.0	0.0	-0.01387903810113842	-0.006261683245434894	0.47575429906663513	0.4669509052294374	1.0188529323717066	5.483845367447087	5.436250801533939	1.008755034977363	0.5984848484848485	0.5909090909090909	-0.010780537194989953	-0.006337301550266062	0
transfo-xl-wt103	head_embed_cache_transfo-xl-wt103.jsonl	orig	drink__ppt	drink	ppt	200	183	17	0	7	3	2	drank,drunk	drank	drunk	0.0185	fisher_exact	True	7	2	1	0	2	1	0		form	form_label	200	2	1.0	100	100	0.0	0.0	0.1777512499300834	0.10054626757081317	0.41839877440051415	0.5069184261612089	0.8253769301087825	5.169116795056415	5.742285610880492	0.9001845511240271	0.995	0.99	-0.0007772690198738603	-0.0006882122085755459	0
transfo-xl-wt103	head_embed_cache_transfo-xl-wt103.jsonl	orig	drink__ppt	drink	ppt	200	183	17	0	7	3	2	drank,drunk	drank	drunk	0.0185	fisher_exact	True	7	2	1	0	2	1	0		raw	raw_label	200	7	1.8199338849640223	104	1	0.2857142857142857	0.2857142857142857	-0.32376138212740996	-0.1752990749778767	0.4654148599057212	0.4614877895048899	1.0085095867976148	5.452455148585316	5.459717993056938	0.998669739997403	0.41	0.405	0.02174571679038038	0.03250605392681999	0
transfo-xl-wt103	head_embed_cache_transfo-xl-wt103.jsonl	orig	drive__ppt	drive	ppt	142	93	49	0	15	4	2	driven,drove	driven	drove	0.0	fisher_exact	True	15	0	0	4	0	0	4		conditioned-cat-only	cat_only_label	93	6	2.257035960830074	27	3	0.0	0.0	0.061092047741021706	0.03308616718633592	0.406371251698147	0.5927578794425019	0.6855602697012573	4.928566493835108	5.994258765604534	0.8222145033370196	0.6344086021505376	0.6236559139784946	0.4444549382570302	0.49916849414323816	0
transfo-xl-wt103	head_embed_cache_transfo-xl-wt103.jsonl	orig	drive__ppt	drive	ppt	142	93	49	0	15	4	2	driven,drove	driven	drove	0.0	fisher_exact	True	15	0	0	4	0	0	4		conditioned-exclude	conditioned_exclude_label	93	6	2.257035960830074	27	3	0.0	0.0	0.061092047741021706	0.03308616718633592	0.406371251698147	0.5927578794425019	0.6855602697012573	4.928566493835108	5.994258765604534	0.8222145033370196	0.6344086021505376	0.6236559139784946	0.4444549382570302	0.49916849414323816	0
transfo-xl-wt103	head_embed_cache_transfo-xl-wt103.jsonl	orig	drive__ppt	drive	ppt	142	93	49	0	15	4	2	driven,drove	driven	drove	0.0	fisher_exact	True	15	0	0	4	0	0	4		form	form_label	142	2	0.9998568991526107	72	70	0.0	0.0	0.20155098619325565	0.11467887268684729	0.48454409564400247	0.61338860145565	0.7899463643343176	5.377304316595855	6.093639096704435	0.8824454863931819	0.8802816901408451	0.8802816901408451	0.45347578172155295	0.4240613842480239	0
transfo-xl-wt103	head_embed_cache_transfo-xl-wt103.jsonl	orig	drive__ppt	drive	ppt	142	93	49	0	15	4	2	driven,drove	driven	drove	0.0	fisher_exact	True	15	0	0	4	0	0	4		raw	raw_label	142	15	3.2081115221477225	31	1	0.3333333333333333	0.4	-0.1517856620290498	-0.08967258126470526	0.43191470521413067	0.566496986322157	0.7624307200965554	5.05886398041341	5.836693900009486	0.8667345019421333	0.4014084507042254	0.38028169014084506	0.28490692337935836	0.33344680743495386	0
transfo-xl-wt103	head_embed_cache_transfo-xl-wt103.jsonl	orig	eat__ppt	eat	ppt	199	171	28	0	8	2	2	ate,eaten	ate	eaten	0.0053	fisher_exact	True	8	1	1	0	1	1	0		conditioned-cat-only	cat_only_label	0	0		0	0															0
transfo-xl-wt103	head_embed_cache_transfo-xl-wt103.jsonl	orig	eat__ppt	eat	ppt	199	171	28	0	8	2	2	ate,eaten	ate	eaten	0.0053	fisher_exact	True	8	1	1	0	1	1	0		conditioned-exclude	conditioned_exclude_label	142	1	-0.0	142	142	0.0	0.0													0
transfo-xl-wt103	head_embed_cache_transfo-xl-wt103.jsonl	orig	eat__ppt	eat	ppt	199	171	28	0	8	2	2	ate,eaten	ate	eaten	0.0053	fisher_exact	True	8	1	1	0	1	1	0		form	form_label	199	2	0.9999817845368457	100	99	0.0	0.0	0.15957248454444056	0.08952900617218765	0.4584113462259612	0.5488705072900382	0.8351903411412924	5.263970562600203	5.790183581124048	0.9091198040353513	0.8291457286432161	0.8291457286432161	0.36674040824069737	0.33046701934490996	0
transfo-xl-wt103	head_embed_cache_transfo-xl-wt103.jsonl	orig	eat__ppt	eat	ppt	199	171	28	0	8	2	2	ate,eaten	ate	eaten	0.0053	fisher_exact	True	8	1	1	0	1	1	0		raw	raw_label	199	8	1.4428159561419673	142	1	0.125	0.25	-0.23473209719698382	-0.12236999417184567	0.5066661683473549	0.5006589150693234	1.0119986943150703	5.530773211805303	5.525676207816245	1.0009224217629415	0.38190954773869346	0.3969849246231156	0.00032378584049223467	0.058480887372004076	0
transfo-xl-wt103	head_embed_cache_transfo-xl-wt103.jsonl	orig	fall__ppt	fall	ppt	200	151	49	0	14	4	2	fallen,fell	fallen	fell	0.0	fisher_exact	True	14	0	2	2	0	2	2		conditioned-cat-only	cat_only_label	69	4	1.5574653812571848	30	4	0.0	0.0	-0.032906056514776474	-0.015124085269055973	0.43819530982629534	0.5377276198828662	0.814901994288015	5.433862543300863	6.043819769539088	0.8990775288647066	0.7391304347826086	0.7391304347826086	0.3306675410274429	0.3914995316132121	0
transfo-xl-wt103	head_embed_cache_transfo-xl-wt103.jsonl	orig	fall__ppt	fall	ppt	200	151	49	0	14	4	2	fallen,fell	fallen	fell	0.0	fisher_exact	True	14	0	2	2	0	2	2		conditioned-exclude	conditioned_exclude_label	69	4	1.5574653812571848	30	4	0.0	0.0	-0.032906056514776474	-0.015124085269055973	0.43819530982629534	0.5377276198828662	0.814901994288015	5.433862543300863	6.043819769539088	0.8990775288647066	0.7391304347826086	0.7391304347826086	0.3306675410274429	0.3914995316132121	0
transfo-xl-wt103	head_embed_cache_transfo-xl-wt103.jsonl	orig	fall__ppt	fall	ppt	200	151	49	0	14	4	2	fallen,fell	fallen	fell	0.0	fisher_exact	True	14	0	2	2	0	2	2		form	form_label	200	2	1.0	100	100	0.0	0.0	0.03295520425758993	0.017536339187548263	0.4675585951235511	0.48430548153901	0.9654208200116976	5.519482567142415	5.620874227772042	0.9819615852408397	0.665	0.665	0.05327073552425665	0.044347146650747384	0
transfo-xl-wt103	head_embed_cache_transfo-xl-wt103.jsonl	orig	fall__ppt	fall	ppt	200	151	49	0	14	4	2	fallen,fell	fallen	fell	0.0	fisher_exact	True	14	0	2	2	0	2	2		raw	raw_label	200	14	2.949755162174359	51	1	0.21428571428571427	0.35714285714285715	-0.18993698322932331	-0.10064303862893823	0.43092582622968245	0.4843151994142799	0.8897631681822801	5.243252866106269	5.63101343170186	0.931138405138132	0.5	0.49	0.10189423621272213	0.16168327566646418	0
transfo-xl-wt103	head_embed_cache_transfo-xl-wt103.jsonl	orig	fall__pst	fall	pst	199	0	199	0	22	0	2	fell,felled					False	0	0	0	0	0	0	0	missing_conditioning_forms;missing_conditioning_rows;missing_pair_test;missing_cond_counts	conditioned-cat-only	cat_only_label	0	0		0	0															0
transfo-xl-wt103	head_embed_cache_transfo-xl-wt103.jsonl	orig	fall__pst	fall	pst	199	0	199	0	22	0	2	fell,felled					False	0	0	0	0	0	0	0	missing_conditioning_forms;missing_conditioning_rows;missing_pair_test;missing_cond_counts	conditioned-exclude	conditioned_exclude_label	0	0		0	0															0
transfo-xl-wt103	head_embed_cache_transfo-xl-wt103.jsonl	orig	fall__pst	fall	pst	199	0	199	0	22	0	2	fell,felled					False	0	0	0	0	0	0	0	missing_conditioning_forms;missing_conditioning_rows;missing_pair_test;missing_cond_counts	form	form_label	199	2	0.9999817845368457	100	99	0.0	0.0	0.39918381092713745	0.23211040031850164	0.49582311698727155	0.828129012062708	0.5987269009598792	5.626571815341267	7.334671432771729	0.7671198181013841	0.9899497487437185	0.9899497487437185	0.9600011427370388	0.928575159471449	0
transfo-xl-wt103	head_embed_cache_transfo-xl-wt103.jsonl	orig	fall__pst	fall	pst	199	0	199	0	22	0	2	fell,felled					False	0	0	0	0	0	0	0	missing_conditioning_forms;missing_conditioning_rows;missing_pair_test;missing_cond_counts	raw	raw_label	199	22	3.6565111720591474	48	1	0.22727272727272727	0.36363636363636365	-0.06070541317674962	-0.0379674563153799	0.44787013981746493	0.6882646878997346	0.6507236935025061	5.256272425129519	6.630411198852097	0.7927521035255735	0.45226130653266333	0.4472361809045226	0.13551725337656348	0.29873005039445366	0
transfo-xl-wt103	head_embed_cache_transfo-xl-wt103.jsonl	orig	fly__pst	fly	pst	198	171	27	0	14	3	2	flew,flied	flew	flied	0.0	fisher_exact	True	14	0	1	2	0	1	2		conditioned-cat-only	cat_only_label	68	3	0.941917968093368	51	2	0.0	0.3333333333333333	0.18492742129092427	0.11181528156992232	0.3392494144048482	0.42813476435303804	0.7923893190909034	4.398154996113559	4.924073565277976	0.893194412676341	0.9264705882352942	0.9264705882352942	0.42297198420745724	0.35250062979455726	0
transfo-xl-wt103	head_embed_cache_transfo-xl-wt103.jsonl	orig	fly__pst	fly	pst	198	171	27	0	14	3	2	flew,flied	flew	flied	0.0	fisher_exact	True	14	0	1	2	0	1	2		conditioned-exclude	conditioned_exclude_label	68	3	0.941917968093368	51	2	0.0	0.3333333333333333	0.18492742129092427	0.11181528156992232	0.3392494144048482	0.42813476435303804	0.7923893190909034	4.398154996113559	4.924073565277976	0.893194412676341	0.9264705882352942	0.9264705882352942	0.42297198420745724	0.35250062979455726	0
transfo-xl-wt103	head_embed_cache_transfo-xl-wt103.jsonl	orig	fly__pst	fly	pst	198	171	27	0	14	3	2	flew,flied	flew	flied	0.0	fisher_exact	True	14	0	1	2	0	1	2		form	form_label	198	2	0.999926399368686	100	98	0.0	0.0	0.5693574659951077	0.3626310007096001	0.2836512570052714	0.6599736001239074	0.42979182341841704	3.8983653441069075	6.1249795941100516	0.6364699317293534	1.0	1.0	1.0	1.0	0
transfo-xl-wt103	head_embed_cache_transfo-xl-wt103.jsonl	orig	fly__pst	fly	pst	198	171	27	0	14	3	2	flew,flied	flew	flied	0.0	fisher_exact	True	14	0	1	2	0	1	2		raw	raw_label	198	14	2.1414296982592194	103	1	0.14285714285714285	0.5	-0.03777092018846721	0.017623666801544004	0.26418497283491826	0.5816693548780832	0.4541841006739833	3.6786969052460208	5.716240865059843	0.6435517662895943	0.7626262626262627	0.7575757575757576	0.2941069873088038	0.36834438325413704	0
transfo-xl-wt103	head_embed_cache_transfo-xl-wt103.jsonl	orig	forget__ppt	forget	ppt	200	184	16	0	5	3	2	forgot,forgotten	forgot	forgotten	0.0021	fisher_exact	True	5	3	0	0	3	0	0		conditioned-cat-only	cat_only_label	0	0		0	0															0
transfo-xl-wt103	head_embed_cache_transfo-xl-wt103.jsonl	orig	forget__ppt	forget	ppt	200	184	16	0	5	3	2	forgot,forgotten	forgot	forgotten	0.0021	fisher_exact	True	5	3	0	0	3	0	0		conditioned-exclude	conditioned_exclude_label	184	3	1.4416232767703003	90	27	0.0	0.0	0.005016297569345566	0.00285093272914175	0.45409406758408344	0.46996943335415803	0.9662204291526524	5.015709615995427	5.106640878021577	0.9821935271740945	0.5217391304347826	0.5380434782608695	0.03359023758783359	0.010083949406503792	0
transfo-xl-wt103	head_embed_cache_transfo-xl-wt103.jsonl	orig	forget__ppt	forget	ppt	200	184	16	0	5	3	2	forgot,forgotten	forgot	forgotten	0.0021	fisher_exact	True	5	3	0	0	3	0	0		form	form_label	200	2	1.0	100	100	0.0	0.0	0.09249540320598303	0.05103624788159961	0.43469755559447126	0.48227974339820273	0.9013390289451896	4.902765354502219	5.175082593452034	0.9473791511473896	0.835	0.825	0.054338179529795236	0.06801328202613345	0
transfo-xl-wt103	head_embed_cache_transfo-xl-wt103.jsonl	orig	forget__ppt	forget	ppt	200	184	16	0	5	3	2	forgot,forgotten	forgot	forgotten	0.0021	fisher_exact	True	5	3	0	0	3	0	0		raw	raw_label	200	5	1.7933748547876793	90	4	0.0	0.0	-0.10574565730220056	-0.05442706684624169	0.45316470404948533	0.4613334412323927	0.9822932038893915	5.010148993919455	5.054356667933115	0.9912535507646044	0.375	0.38	0.01646880783469649	0.052852719033792454	0
transfo-xl-wt103	head_embed_cache_transfo-xl-wt103.jsonl	orig	hang__ppt	hang	ppt	198	189	9	0	7	4	2	hanged,hung	hanged	hung	0.0	fisher_exact	True	7	0	1	3	0	1	3		conditioned-cat-only	cat_only_label	67	5	1.7041692098588086	30	1	0.4	0.4	0.010129927290003886	0.001887714969934537	0.4337173548300164	0.4781658805441198	0.9070437111415728	5.111004823910632	5.367539863337324	0.9522062162632567	0.5970149253731343	0.6417910447761194	0.09005253900461348	0.11074069083454471	0
transfo-xl-wt103	head_embed_cache_transfo-xl-wt103.jsonl	orig	hang__ppt	hang	ppt	198	189	9	0	7	4	2	hanged,hung	hanged	hung	0.0	fisher_exact	True	7	0	1	3	0	1	3		conditioned-exclude	conditioned_exclude_label	67	5	1.7041692098588086	30	1	0.4	0.4	0.010129927290003886	0.001887714969934537	0.4337173548300164	0.4781658805441198	0.9070437111415728	5.111004823910632	5.367539863337324	0.9522062162632567	0.5970149253731343	0.6417910447761194	0.09005253900461348	0.11074069083454471	0
transfo-xl-wt103	head_embed_cache_transfo-xl-wt103.jsonl	orig	hang__ppt	hang	ppt	198	189	9	0	7	4	2	hanged,hung	hanged	hung	0.0	fisher_exact	True	7	0	1	3	0	1	3		form	form_label	198	2	0.999926399368686	100	98	0.0	0.0	0.3159934998521647	0.1817741685744952	0.43767324033518507	0.6394085768703645	0.6844969807527624	4.984477192744442	6.094419125933763	0.8178756809707832	1.0	0.9949494949494949	0.9797975109682273	0.9590751625266555	0
transfo-xl-wt103	head_embed_cache_transfo-xl-wt103.jsonl	orig	hang__ppt	hang	ppt	198	189	9	0	7	4	2	hanged,hung	hanged	hung	0.0	fisher_exact	True	7	0	1	3	0	1	3		raw	raw_label	198	7	1.7446180181763304	122	2	0.0	0.2857142857142857	0.029080341076175974	0.041325143388642405	0.48109246547338347	0.5808014332876291	0.8283252035900762	5.151767776371131	5.823559809259002	0.8846423742708412	0.6767676767676768	0.6919191919191919	0.09427296889704868	0.22624949222963578	0
transfo-xl-wt103	head_embed_cache_transfo-xl-wt103.jsonl	orig	hang__pst	hang	pst	198	169	29	0	12	4	2	hanged,hung	hanged	hung	0.0	fisher_exact	True	12	0	0	4	0	0	4		conditioned-cat-only	cat_only_label	169	7	1.910016434686177	93	1	0.14285714285714285	0.14285714285714285	-0.06376987713718177	-0.03400262197427721	0.4850691596614638	0.6500385212874605	0.7462160222454819	5.236617751646765	6.141916531272865	0.8526032102493448	0.6627218934911243	0.6982248520710059	0.2473650890961086	0.40423209101310076	0
transfo-xl-wt103	head_embed_cache_transfo-xl-wt103.jsonl	orig	hang__pst	hang	pst	198	169	29	0	12	4	2	hanged,hung	hanged	hung	0.0	fisher_exact	True	12	0	0	4	0	0	4		conditioned-exclude	conditioned_exclude_label	169	7	1.910016434686177	93	1	0.14285714285714285	0.14285714285714285	-0.06376987713718177	-0.03400262197427721	0.4850691596614638	0.6500385212874605	0.7462160222454819	5.236617751646765	6.141916531272865	0.8526032102493448	0.6627218934911243	0.6982248520710059	0.2473650890961086	0.40423209101310076	0
transfo-xl-wt103	head_embed_cache_transfo-xl-wt103.jsonl	orig	hang__pst	hang	pst	198	169	29	0	12	4	2	hanged,hung	hanged	hung	0.0	fisher_exact	True	12	0	0	4	0	0	4		form	form_label	198	2	1.0	99	99	0.0	0.0	0.37695678260093174	0.2196352436947136	0.45410564189091335	0.7274746048616765	0.6242219850097145	5.123634286744131	6.565260851841965	0.7804159503131748	1.0	0.9949494949494949	0.9797974697513843	0.9590804637724579	0
transfo-xl-wt103	head_embed_cache_transfo-xl-wt103.jsonl	orig	hang__pst	hang	pst	198	169	29	0	12	4	2	hanged,hung	hanged	hung	0.0	fisher_exact	True	12	0	0	4	0	0	4		raw	raw_label	198	12	2.410290575096467	96	1	0.16666666666666666	0.25	-0.07564830956734754	-0.05285620955568488	0.5005812797176127	0.6272513884302687	0.7980552756851523	5.325331701106485	6.053802499349905	0.8796672342182211	0.6060606060606061	0.5959595959595959	0.12431715327155099	0.2803380049050526	0
transfo-xl-wt103	head_embed_cache_transfo-xl-wt103.jsonl	orig	heave__pst	heave	pst	126	92	34	0	15	4	2	heaved,hove	heaved	hove	0.0	fisher_exact	True	15	2	0	2	2	0	2		conditioned-cat-only	cat_only_label	58	2	0.9575534837147482	36	22	0.0	0.0	0.6074281065888958	0.4262064030612963	0.2454553601718055	0.6717637786682561	0.36538939425762224	3.930086207672524	7.033388848256507	0.5587756190455395	0.9827586206896551	0.9310344827586207	0.6227617442595323	0.6036779933510735	0
transfo-xl-wt103	head_embed_cache_transfo-xl-wt103.jsonl	orig	heave__pst	heave	pst	126	92	34	0	15	4	2	heaved,hove	heaved	hove	0.0	fisher_exact	True	15	2	0	2	2	0	2		conditioned-exclude	conditioned_exclude_label	92	4	1.9235779097042376	36	17	0.0	0.0	0.10966705920618712	0.0527031322963942	0.2988457853073394	0.5282584718373275	0.5657188691511724	4.309103017662346	5.964463107957569	0.7224628503298641	0.5978260869565217	0.5760869565217391	0.33244537226622806	0.3430648179021172	0
transfo-xl-wt103	head_embed_cache_transfo-xl-wt103.jsonl	orig	heave__pst	heave	pst	126	92	34	0	15	4	2	heaved,hove	heaved	hove	0.0	fisher_exact	True	15	2	0	2	2	0	2		form	form_label	126	2	1.0	63	63	0.0	0.0	0.5661296354472254	0.40754959675973884	0.29064514144447023	0.6746029719118777	0.4308388097087078	4.135714483379584	7.047930817853369	0.5867983937786755	0.9920634920634921	0.9365079365079365	0.705437820971202	0.670323094175157	0
transfo-xl-wt103	head_embed_cache_transfo-xl-wt103.jsonl	orig	heave__pst	heave	pst	126	92	34	0	15	4	2	heaved,hove	heaved	hove	0.0	fisher_exact	True	15	2	0	2	2	0	2		raw	raw_label	126	15	3.0756536995235515	36	1	0.26666666666666666	0.4	-0.3716771437781083	-0.21166768581183554	0.305246773178478	0.516292426147296	0.5912284544948804	4.336700244820479	5.830981814649629	0.7437341399222083	0.35714285714285715	0.31746031746031744	0.168892985283183	0.20853715962104094	0
transfo-xl-wt103	head_embed_cache_transfo-xl-wt103.jsonl	orig	kneel__pst	kneel	pst	200	200	0	0	2	2	2	kneeled,knelt	kneeled	knelt	0.2008	chi_sq	False	2	2	0	0	2	0	0		conditioned-cat-only	cat_only_label	0	0		0	0															0
transfo-xl-wt103	head_embed_cache_transfo-xl-wt103.jsonl	orig	kneel__pst	kneel	pst	200	200	0	0	2	2	2	kneeled,knelt	kneeled	knelt	0.2008	chi_sq	False	2	2	0	0	2	0	0		conditioned-exclude	conditioned_exclude_label	200	2	0.9927744539878083	110	90	0.0	0.0	0.04386014649091455	0.023243071976062332	0.25513547238190615	0.26992207222465586	0.9452190044301274	3.8725432406088127	3.9914354417295543	0.9702131719637125	0.705	0.7	0.0031362194969827145	0.0027057085991257176	0
transfo-xl-wt103	head_embed_cache_transfo-xl-wt103.jsonl	orig	kneel__pst	kneel	pst	200	200	0	0	2	2	2	kneeled,knelt	kneeled	knelt	0.2008	chi_sq	False	2	2	0	0	2	0	0		form	form_label	200	2	1.0	100	100	0.0	0.0	0.2428207017006845	0.14687033049173995	0.2288423890947185	0.29580435868054417	0.7736275087881931	3.6300065343148207	4.230357858949399	0.8580849789422603	0.99	0.985	0.9406017851434009	0.9020918248943453	0
transfo-xl-wt103	head_embed_cache_transfo-xl-wt103.jsonl	orig	kneel__pst	kneel	pst	200	200	0	0	2	2	2	kneeled,knelt	kneeled	knelt	0.2008	chi_sq	False	2	2	0	0	2	0	0		raw	raw_label	200	2	0.9927744539878083	110	90	0.0	0.0	0.04386014649091455	0.023243071976062332	0.25513547238190615	0.26992207222465586	0.9452190044301274	3.8725432406088127	3.9914354417295543	0.9702131719637125	0.705	0.7	0.0031362194969827145	0.0027057085991257176	0
transfo-xl-wt103	head_embed_cache_transfo-xl-wt103.jsonl	orig	knit__ppt	knit	ppt	200	178	22	0	7	2	2	knit,knitted	knit	knitted	0.0041	fisher_exact	True	7	0	2	0	0	2	0		conditioned-cat-only	cat_only_label	0	0		0	0															0
transfo-xl-wt103	head_embed_cache_transfo-xl-wt103.jsonl	orig	knit__ppt	knit	ppt	200	178	22	0	7	2	2	knit,knitted	knit	knitted	0.0041	fisher_exact	True	7	0	2	0	0	2	0		conditioned-exclude	conditioned_exclude_label	0	0		0	0															0
transfo-xl-wt103	head_embed_cache_transfo-xl-wt103.jsonl	orig	knit__ppt	knit	ppt	200	178	22	0	7	2	2	knit,knitted	knit	knitted	0.0041	fisher_exact	True	7	0	2	0	0	2	0		form	form_label	200	2	1.0	100	100	0.0	0.0	0.12436963480943106	0.06770005121495278	0.4560708938009096	0.5216846932075933	0.8742270949081229	5.107262447591458	5.480399821839888	0.9319142058282966	0.905	0.905	0.17225545394124148	0.12883911820344765	0
transfo-xl-wt103	head_embed_cache_transfo-xl-wt103.jsonl	orig	knit__ppt	knit	ppt	200	178	22	0	7	2	2	knit,knitted	knit	knitted	0.0041	fisher_exact	True	7	0	2	0	0	2	0		raw	raw_label	200	7	1.5863227789388623	110	1	0.14285714285714285	0.14285714285714285	-0.14847738785881134	-0.07240558917349492	0.4718232190313493	0.5014221412029901	0.9409700534949885	5.180155910106093	5.37716669342155	0.963361600160828	0.615	0.625	0.06324936455809572	0.1244063977487535	0
transfo-xl-wt103	head_embed_cache_transfo-xl-wt103.jsonl	orig	knit__pst	knit	pst	187	158	29	0	7	4	2	knit,knitted	knit	knitted	0.0	fisher_exact	True	7	1	3	0	1	3	0		conditioned-cat-only	cat_only_label	0	0		0	0															0
transfo-xl-wt103	head_embed_cache_transfo-xl-wt103.jsonl	orig	knit__pst	knit	pst	187	158	29	0	7	4	2	knit,knitted	knit	knitted	0.0	fisher_exact	True	7	1	3	0	1	3	0		conditioned-exclude	conditioned_exclude_label	17	1	-0.0	17	17	0.0	0.0													0
transfo-xl-wt103	head_embed_cache_transfo-xl-wt103.jsonl	orig	knit__pst	knit	pst	187	158	29	0	7	4	2	knit,knitted	knit	knitted	0.0	fisher_exact	True	7	1	3	0	1	3	0		form	form_label	187	2	0.9999793717018354	94	93	0.0	0.0	0.10809952832602639	0.05836119069161597	0.45659581038031005	0.5117291375861165	0.8922607231906385	5.154605460785456	5.4721553741211535	0.9419698653226386	0.9572192513368984	0.9679144385026738	0.3618547991396707	0.30337465028735944	0
transfo-xl-wt103	head_embed_cache_transfo-xl-wt103.jsonl	orig	knit__pst	knit	pst	187	158	29	0	7	4	2	knit,knitted	knit	knitted	0.0	fisher_exact	True	7	1	3	0	1	3	0		raw	raw_label	187	7	2.2838312942430568	86	6	0.0	0.0	-0.025753514551783048	-0.010200944441932595	0.4612504575237098	0.4928497466232523	0.9358845382065341	5.149916216562767	5.375081450875071	0.9581094284114249	0.5240641711229946	0.5080213903743316	0.09243775144475712	0.17999840728380193	0
transfo-xl-wt103	head_embed_cache_transfo-xl-wt103.jsonl	orig	know__pst	know	pst	197	189	8	0	6	3	2	knew,knowed	knew	knowed	0.002	fisher_exact	True	6	1	2	0	1	2	0		conditioned-cat-only	cat_only_label	0	0		0	0															0
transfo-xl-wt103	head_embed_cache_transfo-xl-wt103.jsonl	orig	know__pst	know	pst	197	189	8	0	6	3	2	knew,knowed	knew	knowed	0.002	fisher_exact	True	6	1	2	0	1	2	0		conditioned-exclude	conditioned_exclude_label	49	1	-0.0	49	49	0.0	0.0													0
transfo-xl-wt103	head_embed_cache_transfo-xl-wt103.jsonl	orig	know__pst	know	pst	197	189	8	0	6	3	2	knew,knowed	knew	knowed	0.002	fisher_exact	True	6	1	2	0	1	2	0		form	form_label	197	2	0.9999814128006821	99	98	0.0	0.0	0.46093916020140596	0.2756296720793462	0.3945786779245005	0.7285842066516749	0.5415690792116533	4.566838230288091	6.287312559280098	0.726357754164364	1.0	1.0	1.0	1.0	0
transfo-xl-wt103	head_embed_cache_transfo-xl-wt103.jsonl	orig	know__pst	know	pst	197	189	8	0	6	3	2	knew,knowed	knew	knowed	0.002	fisher_exact	True	6	1	2	0	1	2	0		raw	raw_label	197	6	1.6746332036712905	105	2	0.0	0.3333333333333333	-0.24231486630233673	-0.14068663132845505	0.5641095904713114	0.5614210881163197	1.0047887448688686	5.445872751312162	5.422785113704615	1.0042575239703302	0.3604060913705584	0.3604060913705584	0.031417074062089496	0.058035242510623655	0
transfo-xl-wt103	head_embed_cache_transfo-xl-wt103.jsonl	orig	lay__ppt	lay	ppt	199	156	43	0	15	4	2	laid,lain	laid	lain	0.0	fisher_exact	True	15	1	1	2	1	1	2		conditioned-cat-only	cat_only_label	91	3	0.9158897092726221	70	3	0.0	0.0	0.27463803609000803	0.1545054085707118	0.45864608285442704	0.6954026877270445	0.659540279249614	5.452649317827401	6.840050029054135	0.797165122282214	0.9120879120879121	0.9230769230769231	0.4719521473464988	0.6079463397754354	0
transfo-xl-wt103	head_embed_cache_transfo-xl-wt103.jsonl	orig	lay__ppt	lay	ppt	199	156	43	0	15	4	2	laid,lain	laid	lain	0.0	fisher_exact	True	15	1	1	2	1	1	2		conditioned-exclude	conditioned_exclude_label	110	4	1.421596336527379	70	3	0.0	0.0	0.1629078063330632	0.09425799565528671	0.46189895881076715	0.6414699111548371	0.7200633276457368	5.476537816251006	6.555864060724427	0.8353647613074279	0.8636363636363636	0.8545454545454545	0.4338462494099082	0.49655207744500246	0
transfo-xl-wt103	head_embed_cache_transfo-xl-wt103.jsonl	orig	lay__ppt	lay	ppt	199	156	43	0	15	4	2	laid,lain	laid	lain	0.0	fisher_exact	True	15	1	1	2	1	1	2		form	form_label	199	2	0.9999817845368457	100	99	0.0	0.0	0.28341048466131485	0.16002870008390518	0.49891591264408075	0.6966605769491879	0.7161535030860086	5.825151143917547	6.9422407307705845	0.8390880365324005	1.0	1.0	1.0	1.0	0
transfo-xl-wt103	head_embed_cache_transfo-xl-wt103.jsonl	orig	lay__ppt	lay	ppt	199	156	43	0	15	4	2	laid,lain	laid	lain	0.0	fisher_exact	True	15	1	1	2	1	1	2		raw	raw_label	199	15	2.789097402690157	73	1	0.26666666666666666	0.3333333333333333	-0.19480805992177025	-0.10403803242518143	0.5095619476244634	0.6216090400265176	0.8197466812946055	5.834135299919633	6.531711585332964	0.893201609363808	0.5728643216080402	0.5778894472361809	0.13322773818510444	0.23190014423507682	0
transfo-xl-wt103	head_embed_cache_transfo-xl-wt103.jsonl	orig	lay__pst	lay	pst	196	162	34	0	17	5	2	laid,lay	laid	lay	0.0	fisher_exact	True	17	0	1	4	0	1	4		conditioned-cat-only	cat_only_label	91	5	1.998985190670653	32	1	0.2	0.2	-0.0017441907894797173	0.009640620341197014	0.5066614589504556	0.6427012638452312	0.7883312005940984	6.023651307309755	6.7928727825239825	0.886760506218635	0.6593406593406593	0.6263736263736264	0.2191958869685766	0.4037438466141784	0
transfo-xl-wt103	head_embed_cache_transfo-xl-wt103.jsonl	orig	lay__pst	lay	pst	196	162	34	0	17	5	2	laid,lay	laid	lay	0.0	fisher_exact	True	17	0	1	4	0	1	4		conditioned-exclude	conditioned_exclude_label	91	5	1.998985190670653	32	1	0.2	0.2	-0.0017441907894797173	0.009640620341197014	0.5066614589504556	0.6427012638452312	0.7883312005940984	6.023651307309755	6.7928727825239825	0.886760506218635	0.6593406593406593	0.6263736263736264	0.2191958869685766	0.4037438466141784	0
transfo-xl-wt103	head_embed_cache_transfo-xl-wt103.jsonl	orig	lay__pst	lay	pst	196	162	34	0	17	5	2	laid,lay	laid	lay	0.0	fisher_exact	True	17	0	1	4	0	1	4		form	form_label	196	2	0.9996995428565171	100	96	0.0	0.0	0.23843019801917908	0.13582330588030322	0.5232826127004155	0.6871075380714571	0.7615730925746237	6.010723878994951	6.958586193837282	0.8637852160713646	0.9846938775510204	0.9846938775510204	0.9196212926287315	0.8595095890916172	0
transfo-xl-wt103	head_embed_cache_transfo-xl-wt103.jsonl	orig	lay__pst	lay	pst	196	162	34	0	17	5	2	laid,lay	laid	lay	0.0	fisher_exact	True	17	0	1	4	0	1	4		raw	raw_label	196	17	2.8975064022045585	71	1	0.35294117647058826	0.5294117647058824	-0.12793814447207605	-0.0706501381548245	0.5076514266004201	0.6287953449026542	0.8073396705553079	5.884757936236762	6.629623769263391	0.8876458364832082	0.5357142857142857	0.5306122448979592	0.10867769652846734	0.23883422363357004	0
transfo-xl-wt103	head_embed_cache_transfo-xl-wt103.jsonl	orig	lead__ppt	lead	ppt	198	182	16	0	6	3	2	lead,led	lead	led	0.0	fisher_exact	True	6	1	2	0	1	2	0		conditioned-cat-only	cat_only_label	0	0		0	0															0
transfo-xl-wt103	head_embed_cache_transfo-xl-wt103.jsonl	orig	lead__ppt	lead	ppt	198	182	16	0	6	3	2	lead,led	lead	led	0.0	fisher_exact	True	6	1	2	0	1	2	0		conditioned-exclude	conditioned_exclude_label	50	1	-0.0	50	50	0.0	0.0													0
transfo-xl-wt103	head_embed_cache_transfo-xl-wt103.jsonl	orig	lead__ppt	lead	ppt	198	182	16	0	6	3	2	lead,led	lead	led	0.0	fisher_exact	True	6	1	2	0	1	2	0		form	form_label	198	2	0.999926399368686	100	98	0.0	0.0	0.12107449567101129	0.06812315073157389	0.60339570133877	0.690971799246115	0.8732566249405621	6.49541591490605	6.983994657034557	0.9300430819149624	0.9444444444444444	0.9494949494949495	0.02813291001213559	0.020550480915792597	0
transfo-xl-wt103	head_embed_cache_transfo-xl-wt103.jsonl	orig	lead__ppt	lead	ppt	198	182	16	0	6	3	2	lead,led	lead	led	0.0	fisher_exact	True	6	1	2	0	1	2	0		raw	raw_label	198	6	1.9406797937509739	83	3	0.0	0.0	0.043938301213033666	0.02333731530223412	0.5635842365887563	0.6832539845032145	0.8248532015492474	6.262818063428989	6.94542623108759	0.9017183186536112	0.5707070707070707	0.5858585858585859	0.20260261340538482	0.20835630772823877	0
transfo-xl-wt103	head_embed_cache_transfo-xl-wt103.jsonl	orig	lead__pst	lead	pst	200	191	9	0	8	5	2	lead,led	lead	led	0.0935	fisher_exact	False	8	4	1	0	4	1	0		conditioned-cat-only	cat_only_label	0	0		0	0															0
transfo-xl-wt103	head_embed_cache_transfo-xl-wt103.jsonl	orig	lead__pst	lead	pst	200	191	9	0	8	5	2	lead,led	lead	led	0.0935	fisher_exact	False	8	4	1	0	4	1	0		conditioned-exclude	conditioned_exclude_label	171	4	1.8995310797057041	71	28	0.0	0.0	0.017551346871995787	0.007171522617001838	0.49588584692336474	0.6706309595668559	0.7394317841270633	5.7435257465419625	6.747317388860569	0.8512310027128991	0.6549707602339181	0.6374269005847953	0.25301106748407476	0.30403520500855963	0
transfo-xl-wt103	head_embed_cache_transfo-xl-wt103.jsonl	orig	lead__pst	lead	pst	200	191	9	0	8	5	2	lead,led	lead	led	0.0935	fisher_exact	False	8	4	1	0	4	1	0		form	form_label	200	2	1.0	100	100	0.0	0.0	0.046546939650855726	0.025796463254567498	0.6207312894136761	0.6520128240028131	0.952023129856412	6.464504403313066	6.638927258257853	0.9737272531902152	0.66	0.655	0.017623165453020295	0.012964517061083624	0
transfo-xl-wt103	head_embed_cache_transfo-xl-wt103.jsonl	orig	lead__pst	lead	pst	200	191	9	0	8	5	2	lead,led	lead	led	0.0935	fisher_exact	False	8	4	1	0	4	1	0		raw	raw_label	200	8	2.405949678185288	71	1	0.125	0.25	-0.04800258730232427	-0.026215707050557046	0.500911785324786	0.6741772492716148	0.7429971656058909	5.772675023160769	6.769118346503648	0.852795700660551	0.575	0.575	0.1744164682840111	0.2510307671005104	0
transfo-xl-wt103	head_embed_cache_transfo-xl-wt103.jsonl	orig	leap__ppt	leap	ppt	199	193	6	0	4	3	2	leaped,leapt	leaped	leapt	0.7849	fisher_exact	False	4	3	0	0	3	0	0		conditioned-cat-only	cat_only_label	0	0		0	0															0
transfo-xl-wt103	head_embed_cache_transfo-xl-wt103.jsonl	orig	leap__ppt	leap	ppt	199	193	6	0	4	3	2	leaped,leapt	leaped	leapt	0.7849	fisher_exact	False	4	3	0	0	3	0	0		conditioned-exclude	conditioned_exclude_label	193	3	1.4136787816545873	110	38	0.0	0.0	0.03121889279484141	0.015445441802019743	0.3125991055856788	0.3567200441276546	0.8763149442586781	4.095944245079659	4.4505063328469365	0.9203321911598161	0.6787564766839378	0.6735751295336787	0.18729296035467788	0.18166182064036	0
transfo-xl-wt103	head_embed_cache_transfo-xl-wt103.jsonl	orig	leap__ppt	leap	ppt	199	193	6	0	4	3	2	leaped,leapt	leaped	leapt	0.7849	fisher_exact	False	4	3	0	0	3	0	0		form	form_label	199	2	0.9999817845368457	100	99	0.0	0.0	0.020422258119560794	0.011077102279084958	0.33613185504373894	0.3429234646609199	0.980194969673783	4.288275477188715	4.3350037499765675	0.9892207076434235	0.8190954773869347	0.7939698492462312	-0.004690698464278174	-0.003734258066202502	0
transfo-xl-wt103	head_embed_cache_transfo-xl-wt103.jsonl	orig	leap__ppt	leap	ppt	199	193	6	0	4	3	2	leaped,leapt	leaped	leapt	0.7849	fisher_exact	False	4	3	0	0	3	0	0		raw	raw_label	199	4	1.566202618846508	110	6	0.0	0.0	0.016567556464490655	0.007565894041669689	0.3126758738670823	0.35679516211274026	0.8763456096646368	4.096541947888268	4.449930192708059	0.9205856655012531	0.5879396984924623	0.5979899497487438	0.02063085615633508	0.05177234153243068	0
transfo-xl-wt103	head_embed_cache_transfo-xl-wt103.jsonl	orig	leap__pst	leap	pst	199	196	3	0	4	3	2	leaped,leapt	leaped	leapt	0.2713	fisher_exact	False	4	3	0	0	3	0	0		conditioned-cat-only	cat_only_label	0	0		0	0															0
transfo-xl-wt103	head_embed_cache_transfo-xl-wt103.jsonl	orig	leap__pst	leap	pst	199	196	3	0	4	3	2	leaped,leapt	leaped	leapt	0.2713	fisher_exact	False	4	3	0	0	3	0	0		conditioned-exclude	conditioned_exclude_label	196	3	0.8545657618096906	161	16	0.0	0.0	0.08048774016030813	0.04777227896642081	0.2938627317464041	0.33432387373143174	0.8789762109016157	3.942827743277043	4.260011367034609	0.925543948964071	0.7142857142857143	0.6989795918367347	0.10521467810825975	0.03159019805813961	0
transfo-xl-wt103	head_embed_cache_transfo-xl-wt103.jsonl	orig	leap__pst	leap	pst	199	196	3	0	4	3	2	leaped,leapt	leaped	leapt	0.2713	fisher_exact	False	4	3	0	0	3	0	0		form	form_label	199	2	0.9999817845368457	100	99	0.0	0.0	0.02342793495959628	0.01357820758259886	0.3035929869251461	0.3104426670127525	0.9779357645857195	4.019934852942892	4.073521012822901	0.9868452477079837	0.7437185929648241	0.7185929648241206	-0.0009937926184142127	-0.0012193626985491377	0
transfo-xl-wt103	head_embed_cache_transfo-xl-wt103.jsonl	orig	leap__pst	leap	pst	199	196	3	0	4	3	2	leaped,leapt	leaped	leapt	0.2713	fisher_exact	False	4	3	0	0	3	0	0		raw	raw_label	199	4	0.9544983510258352	161	3	0.0	0.0	0.03695395053929242	0.024786490979805457	0.2938791210302337	0.33358874334722044	0.8809623432777094	3.9429554950151733	4.256587073588192	0.9263185333341165	0.6984924623115578	0.6884422110552764	0.030969616254133213	0.015870771870293517	0
transfo-xl-wt103	head_embed_cache_transfo-xl-wt103.jsonl	orig	learn__ppt	learn	ppt	198	181	17	0	6	3	2	learned,learnt	learned	learnt	0.0303	fisher_exact	True	6	3	0	0	3	0	0		conditioned-cat-only	cat_only_label	0	0		0	0															0
transfo-xl-wt103	head_embed_cache_transfo-xl-wt103.jsonl	orig	learn__ppt	learn	ppt	198	181	17	0	6	3	2	learned,learnt	learned	learnt	0.0303	fisher_exact	True	6	3	0	0	3	0	0		conditioned-exclude	conditioned_exclude_label	181	3	1.4210386787869993	92	25	0.0	0.0	-0.05962648309897022	-0.02364254836479367	0.453075067686962	0.45480620716011605	0.9961936766783295	5.272705071860431	5.3115058685385375	0.992694953627382	0.425414364640884	0.425414364640884	0.00038321671652218476	0.029992973999979154	0
transfo-xl-wt103	head_embed_cache_transfo-xl-wt103.jsonl	orig	learn__ppt	learn	ppt	198	181	17	0	6	3	2	learned,learnt	learned	learnt	0.0303	fisher_exact	True	6	3	0	0	3	0	0		form	form_label	198	2	0.999926399368686	100	98	0.0	0.0	0.006124181931099308	0.0037064045516454055	0.451702484309779	0.45441393701773913	0.9940330775817418	5.280837763191308	5.300145000741596	0.9963572246518565	0.6161616161616161	0.6161616161616161	-0.004289722047466768	-0.0033683292534568213	0
transfo-xl-wt103	head_embed_cache_transfo-xl-wt103.jsonl	orig	learn__ppt	learn	ppt	198	181	17	0	6	3	2	learned,learnt	learned	learnt	0.0303	fisher_exact	True	6	3	0	0	3	0	0		raw	raw_label	198	6	1.8291297808422493	92	1	0.16666666666666666	0.16666666666666666	-0.18261765540462646	-0.09689377394552931	0.45269532853244415	0.45325225032349553	0.9987712762801423	5.270830817952618	5.300526150228807	0.9943976632819919	0.3282828282828283	0.37373737373737376	0.02013625494828276	0.04158423517399212	0
transfo-xl-wt103	head_embed_cache_transfo-xl-wt103.jsonl	orig	learn__pst	learn	pst	198	196	2	0	5	4	2	learned,learnt	learned	learnt	0.0124	fisher_exact	True	5	3	1	0	3	1	0		conditioned-cat-only	cat_only_label	0	0		0	0															0
transfo-xl-wt103	head_embed_cache_transfo-xl-wt103.jsonl	orig	learn__pst	learn	pst	198	196	2	0	5	4	2	learned,learnt	learned	learnt	0.0124	fisher_exact	True	5	3	1	0	3	1	0		conditioned-exclude	conditioned_exclude_label	174	3	1.3841346159601868	89	20	0.0	0.0	-0.011720137529734697	-0.002745952302757067	0.43393953270105545	0.43734268620884215	0.9922185654062553	5.156979975743587	5.207886884369354	0.9902250356514931	0.40229885057471265	0.43103448275862066	-0.01083153678733212	-0.0037669172506783178	0
transfo-xl-wt103	head_embed_cache_transfo-xl-wt103.jsonl	orig	learn__pst	learn	pst	198	196	2	0	5	4	2	learned,learnt	learned	learnt	0.0124	fisher_exact	True	5	3	1	0	3	1	0		form	form_label	198	2	0.999926399368686	100	98	0.0	0.0	0.007172735135157528	0.003954364954994874	0.4275472212783719	0.4306172768757763	0.9928705703132065	5.146102318296422	5.166438452800521	0.9960638001033235	0.6161616161616161	0.6212121212121212	-0.00304843178668524	-0.00337440812274413	0
transfo-xl-wt103	head_embed_cache_transfo-xl-wt103.jsonl	orig	learn__pst	learn	pst	198	196	2	0	5	4	2	learned,learnt	learned	learnt	0.0124	fisher_exact	True	5	3	1	0	3	1	0		raw	raw_label	198	5	1.7993554043693738	89	2	0.0	0.2	-0.07643703118059618	-0.032488230770277064	0.43108121166046953	0.4281131666037261	1.006932851610917	5.142760029005846	5.16297239325302	0.9960851302878186	0.26262626262626265	0.2878787878787879	0.01098128471443609	0.03073773534298095	0
transfo-xl-wt103	head_embed_cache_transfo-xl-wt103.jsonl	orig	light__ppt	light	ppt	200	181	19	0	8	2	2	lighted,lit	lighted	lit	0.0007	fisher_exact	True	8	2	0	0	2	0	0		conditioned-cat-only	cat_only_label	0	0		0	0															0
transfo-xl-wt103	head_embed_cache_transfo-xl-wt103.jsonl	orig	light__ppt	light	ppt	200	181	19	0	8	2	2	lighted,lit	lighted	lit	0.0007	fisher_exact	True	8	2	0	0	2	0	0		conditioned-exclude	conditioned_exclude_label	181	2	0.9920366649222823	100	81	0.0	0.0	0.05008334521596053	0.028332112478041564	0.500608226332018	0.5298856110618095	0.9447477264552925	5.234455687850222	5.402250936830097	0.9689397529026423	0.7624309392265194	0.7569060773480663	0.05465297272313266	0.04240281248431402	0
transfo-xl-wt103	head_embed_cache_transfo-xl-wt103.jsonl	orig	light__ppt	light	ppt	200	181	19	0	8	2	2	lighted,lit	lighted	lit	0.0007	fisher_exact	True	8	2	0	0	2	0	0		form	form_label	200	2	1.0	100	100	0.0	0.0	0.13330340811755265	0.07374767499158692	0.4855645432028065	0.5587210410697349	0.8690643586164897	5.172815656931219	5.579319574201925	0.9271409511743458	0.995	0.98	0.864221036954136	0.8142659125741677	0
transfo-xl-wt103	head_embed_cache_transfo-xl-wt103.jsonl	orig	light__ppt	light	ppt	200	181	19	0	8	2	2	lighted,lit	lighted	lit	0.0007	fisher_exact	True	8	2	0	0	2	0	0		raw	raw_label	200	8	1.564208781564072	100	1	0.25	0.375	-0.27003744149358283	-0.1529784926885154	0.5004541646170264	0.5377356646192797	0.9306694674442901	5.2345928155023795	5.477477073929871	0.9556576403425763	0.55	0.575	0.0634351983247437	0.107578924594368	0
transfo-xl-wt103	head_embed_cache_transfo-xl-wt103.jsonl	orig	light__pst	light	pst	200	174	26	0	11	3	2	lighted,lit	lighted	lit	0.0	fisher_exact	True	11	2	1	0	2	1	0		conditioned-cat-only	cat_only_label	0	0		0	0															0
transfo-xl-wt103	head_embed_cache_transfo-xl-wt103.jsonl	orig	light__pst	light	pst	200	174	26	0	11	3	2	lighted,lit	lighted	lit	0.0	fisher_exact	True	11	2	1	0	2	1	0		conditioned-exclude	conditioned_exclude_label	126	2	0.8049277932345738	95	31	0.0	0.0	0.07893379500087074	0.0417689551594351	0.4812672385981492	0.5267310898262192	0.9136867898891832	5.371385190441111	5.627930687502602	0.9544156615803432	0.7936507936507936	0.7857142857142857	-0.0059750695374472034	-0.005389374280532218	0
transfo-xl-wt103	head_embed_cache_transfo-xl-wt103.jsonl	orig	light__pst	light	pst	200	174	26	0	11	3	2	lighted,lit	lighted	lit	0.0	fisher_exact	True	11	2	1	0	2	1	0		form	form_label	200	2	1.0	100	100	0.0	0.0	0.17347798026687988	0.09624822746335288	0.4576734403130155	0.5517227423761519	0.8295352088295541	5.2406107835158675	5.79410472277308	0.9044729141532829	0.995	0.99	0.5604291574629221	0.5599520833551115	0
transfo-xl-wt103	head_embed_cache_transfo-xl-wt103.jsonl	orig	light__pst	light	pst	200	174	26	0	11	3	2	lighted,lit	lighted	lit	0.0	fisher_exact	True	11	2	1	0	2	1	0		raw	raw_label	200	11	2.154803285379464	95	1	0.2727272727272727	0.2727272727272727	-0.16656860040745855	-0.088050931131803	0.4785891706539458	0.5165907643656631	0.9264377214362697	5.357691646570288	5.590007551020067	0.9584408603513629	0.445	0.475	0.08751507059878467	0.15705407510687502	0
transfo-xl-wt103	head_embed_cache_transfo-xl-wt103.jsonl	orig	plead__ppt	plead	ppt	199	177	22	0	9	2	2	pleaded,pled	pleaded	pled	0.001	fisher_exact	True	9	1	0	1	1	0	1		conditioned-cat-only	cat_only_label	25	2	0.6343095546405662	21	4	0.0	0.0	0.5536646218078868	0.31918559531864915	0.28649717757669313	0.7010571303062055	0.40866452274946236	4.620481198852632	6.937628680618786	0.6660029545485157	1.0	1.0	1.0	1.0	0
transfo-xl-wt103	head_embed_cache_transfo-xl-wt103.jsonl	orig	plead__ppt	plead	ppt	199	177	22	0	9	2	2	pleaded,pled	pleaded	pled	0.001	fisher_exact	True	9	1	0	1	1	0	1		conditioned-exclude	conditioned_exclude_label	177	3	0.6770764657791616	152	4	0.0	0.0	-0.149985476930823	-0.0841753696323922	0.4975297568862607	0.5251566916816763	0.9473929681692761	5.812983846691196	6.02840234666752	0.9642660712426724	0.3333333333333333	0.3446327683615819	-0.017267559778921474	0.13357972194801668	0
transfo-xl-wt103	head_embed_cache_transfo-xl-wt103.jsonl	orig	plead__ppt	plead	ppt	199	177	22	0	9	2	2	pleaded,pled	pleaded	pled	0.001	fisher_exact	True	9	1	0	1	1	0	1		form	form_label	199	2	0.9999817845368457	100	99	0.0	0.0	0.4957790995152269	0.3129410611399773	0.34863384155133303	0.6927152179825125	0.5032859572028837	4.84521766980601	7.062805862173134	0.6860188095719792	1.0	0.9949748743718593	0.9798989898989899	0.9592508583988374	0
transfo-xl-wt103	head_embed_cache_transfo-xl-wt103.jsonl	orig	plead__ppt	plead	ppt	199	177	22	0	9	2	2	pleaded,pled	pleaded	pled	0.001	fisher_exact	True	9	1	0	1	1	0	1		raw	raw_label	199	9	1.316244945976663	152	1	0.1111111111111111	0.3333333333333333	-0.1518237918522844	-0.08661852239205864	0.4991708436117176	0.5549950327524626	0.8994149751865552	5.821824513841911	6.165628880460005	0.9442385564743164	0.40703517587939697	0.40703517587939697	0.02290119482342286	0.09371222072369824	0
transfo-xl-wt103	head_embed_cache_transfo-xl-wt103.jsonl	orig	plead__pst	plead	pst	199	192	7	0	7	2	2	pleaded,pled	pleaded	pled	0.0001	fisher_exact	True	7	1	0	1	1	0	1		conditioned-cat-only	cat_only_label	29	2	0.6631968402398287	24	5	0.0	0.0	0.508557834272372	0.3031993432490573	0.35072741261514934	0.7537506594177453	0.4653095930769441	5.050144504547623	7.416878105571908	0.6808989486767641	1.0	1.0	1.0	1.0	0
transfo-xl-wt103	head_embed_cache_transfo-xl-wt103.jsonl	orig	plead__pst	plead	pst	199	192	7	0	7	2	2	pleaded,pled	pleaded	pled	0.0001	fisher_exact	True	7	1	0	1	1	0	1		conditioned-exclude	conditioned_exclude_label	192	3	0.712611304724228	163	5	0.0	0.0	-0.13858918432816805	-0.07747283695338936	0.515085545593956	0.5548670035469382	0.928304516760444	6.092587343631251	6.308776419436162	0.9657320118147042	0.3229166666666667	0.34375	-0.02245301468819175	0.13218402944188046	0
transfo-xl-wt103	head_embed_cache_transfo-xl-wt103.jsonl	orig	plead__pst	plead	pst	199	192	7	0	7	2	2	pleaded,pled	pleaded	pled	0.0001	fisher_exact	True	7	1	0	1	1	0	1		form	form_label	199	2	0.9999817845368457	100	99	0.0	0.0	0.4935129174937061	0.30417143084117837	0.3548759119891116	0.7017802920959226	0.5056795068001219	5.047457968227075	7.269014905899633	0.6943799171646338	1.0	1.0	1.0	1.0	0
transfo-xl-wt103	head_embed_cache_transfo-xl-wt103.jsonl	orig	plead__pst	plead	pst	199	192	7	0	7	2	2	pleaded,pled	pleaded	pled	0.0001	fisher_exact	True	7	1	0	1	1	0	1		raw	raw_label	199	7	0.8892671431649289	163	1	0.42857142857142855	0.7142857142857143	-0.23065206129722535	-0.14299652380717384	0.5172063611459813	0.5560045851554951	0.9302195970224538	6.1042976873455395	6.296845204029523	0.9694215896301901	0.4472361809045226	0.457286432160804	-0.05866564583846383	0.03846343055708026	0
transfo-xl-wt103	head_embed_cache_transfo-xl-wt103.jsonl	orig	prove__ppt	prove	ppt	199	193	6	0	5	3	2	proved,proven	proved	proven	0.0092	fisher_exact	True	5	1	2	0	1	2	0		conditioned-cat-only	cat_only_label	0	0		0	0															0
transfo-xl-wt103	head_embed_cache_transfo-xl-wt103.jsonl	orig	prove__ppt	prove	ppt	199	193	6	0	5	3	2	proved,proven	proved	proven	0.0092	fisher_exact	True	5	1	2	0	1	2	0		conditioned-exclude	conditioned_exclude_label	38	1	-0.0	38	38	0.0	0.0													0
transfo-xl-wt103	head_embed_cache_transfo-xl-wt103.jsonl	orig	prove__ppt	prove	ppt	199	193	6	0	5	3	2	proved,proven	proved	proven	0.0092	fisher_exact	True	5	1	2	0	1	2	0		form	form_label	199	2	0.9999817845368457	100	99	0.0	0.0	0.017908283257033444	0.009313825639701772	0.5395505451324332	0.5497058387853735	0.9815259490869164	5.864702139766333	5.920863723311821	0.990514629930703	0.6381909547738693	0.6381909547738693	0.011114567661983323	0.008557775487003299	0
transfo-xl-wt103	head_embed_cache_transfo-xl-wt103.jsonl	orig	prove__ppt	prove	ppt	199	193	6	0	5	3	2	proved,proven	proved	proven	0.0092	fisher_exact	True	5	1	2	0	1	2	0		raw	raw_label	199	5	1.6396834687515796	100	1	0.2	0.2	-0.18669310602446987	-0.09926448786298306	0.5332224884270187	0.5511629371100012	0.9674498274919346	5.829213933236367	5.929202209660105	0.9831363018348686	0.5376884422110553	0.5527638190954773	0.06128678496037064	0.1034607217994407	0
transfo-xl-wt103	head_embed_cache_transfo-xl-wt103.jsonl	orig	ring__ppt	ring	ppt	200	151	49	0	18	3	2	ringed,rung	ringed	rung	0.0	fisher_exact	True	18	0	0	3	0	0	3		conditioned-cat-only	cat_only_label	151	3	1.3195617324326887	91	18	0.0	0.0	0.34516186593527387	0.21483875680166556	0.3547537976970817	0.6529810990706628	0.5432834092778109	4.277271129872884	5.957273004286992	0.7179914579699235	0.9668874172185431	0.9668874172185431	0.761058936158429	0.7639944211954112	0
transfo-xl-wt103	head_embed_cache_transfo-xl-wt103.jsonl	orig	ring__ppt	ring	ppt	200	151	49	0	18	3	2	ringed,rung	ringed	rung	0.0	fisher_exact	True	18	0	0	3	0	0	3		conditioned-exclude	conditioned_exclude_label	151	3	1.3195617324326887	91	18	0.0	0.0	0.34516186593527387	0.21483875680166556	0.3547537976970817	0.6529810990706628	0.5432834092778109	4.277271129872884	5.957273004286992	0.7179914579699235	0.9668874172185431	0.9668874172185431	0.761058936158429	0.7639944211954112	0
transfo-xl-wt103	head_embed_cache_transfo-xl-wt103.jsonl	orig	ring__ppt	ring	ppt	200	151	49	0	18	3	2	ringed,rung	ringed	rung	0.0	fisher_exact	True	18	0	0	3	0	0	3		form	form_label	200	2	1.0	100	100	0.0	0.0	0.4088038917034207	0.2441004914274552	0.4053972873930483	0.6822148173671294	0.5942370014148878	4.634305940937969	6.120043350488979	0.7572341690304689	1.0	1.0	1.0	1.0	0
transfo-xl-wt103	head_embed_cache_transfo-xl-wt103.jsonl	orig	ring__ppt	ring	ppt	200	151	49	0	18	3	2	ringed,rung	ringed	rung	0.0	fisher_exact	True	18	0	0	3	0	0	3		raw	raw_label	200	18	2.6489532526715847	91	1	0.2222222222222222	0.5555555555555556	-0.00845700156857136	-0.0022605360507679073	0.35666434577574546	0.6113285260404367	0.5834250007698049	4.290664564880224	5.7687840279582465	0.743772785406013	0.67	0.66	0.23770230038966028	0.3741487289724265	0
transfo-xl-wt103	head_embed_cache_transfo-xl-wt103.jsonl	orig	see__ppt	see	ppt	199	195	4	0	8	5	2	saw,seen	saw	seen	0.0008	fisher_exact	True	8	3	1	1	3	1	1		conditioned-cat-only	cat_only_label	19	2	0.4854607607459134	17	2	0.0	0.5	0.2940479537104059	0.1566556126220451	0.5415153194125064	0.7976669462467229	0.6788739610692264	5.553285402343165	6.677794902716549	0.8316046663972968	0.9473684210526315	0.8421052631578947	0.002386634844868735	0.07504302328495706	0
transfo-xl-wt103	head_embed_cache_transfo-xl-wt103.jsonl	orig	see__ppt	see	ppt	199	195	4	0	8	5	2	saw,seen	saw	seen	0.0008	fisher_exact	True	8	3	1	1	3	1	1		conditioned-exclude	conditioned_exclude_label	108	5	1.9809080920530442	37	2	0.0	0.2	-0.017025039952958308	-0.01785872693907302	0.6399432523122285	0.7021755839805761	0.9113721224603715	6.120574171925924	6.4265790152823765	0.9523844890681691	0.5	0.49074074074074076	0.1305167791468859	0.17880273633377927	0
transfo-xl-wt103	head_embed_cache_transfo-xl-wt103.jsonl	orig	see__ppt	see	ppt	199	195	4	0	8	5	2	saw,seen	saw	seen	0.0008	fisher_exact	True	8	3	1	1	3	1	1		form	form_label	199	2	0.9999817845368457	100	99	0.0	0.0	0.043666266783319765	0.02397653977081705	0.6494717797240336	0.6818893219864754	0.9524592317005298	6.13971992998997	6.299826901130171	0.9745854967679385	0.6834170854271356	0.6683417085427136	0.014560326448083421	0.0157287636193647	0
transfo-xl-wt103	head_embed_cache_transfo-xl-wt103.jsonl	orig	see__ppt	see	ppt	199	195	4	0	8	5	2	saw,seen	saw	seen	0.0008	fisher_exact	True	8	3	1	1	3	1	1		raw	raw_label	199	8	2.1725562040364252	87	1	0.25	0.375	-0.17301530733390955	-0.13098917771983487	0.6387007282667702	0.675850345238251	0.9450327765115147	6.0811214019648885	6.272014622988519	0.9695642895467815	0.32663316582914576	0.36180904522613067	0.05328904992422963	0.11678166755231974	0
transfo-xl-wt103	head_embed_cache_transfo-xl-wt103.jsonl	orig	see__pst	see	pst	198	181	17	0	7	4	2	saw,seen	saw	seen	0.0	fisher_exact	True	7	2	2	0	2	2	0		conditioned-cat-only	cat_only_label	0	0		0	0															0
transfo-xl-wt103	head_embed_cache_transfo-xl-wt103.jsonl	orig	see__pst	see	pst	198	181	17	0	7	4	2	saw,seen	saw	seen	0.0	fisher_exact	True	7	2	2	0	2	2	0		conditioned-exclude	conditioned_exclude_label	48	2	0.8960382325345574	33	15	0.0	0.0	0.008180551531308108	0.0035249110990274216	0.5720840839385591	0.5787051881653856	0.988558761244535	5.76104386829779	5.784902483178463	0.9958757101005505	0.5625	0.5625	-0.05638113203760749	0.0020911956244007196	0
transfo-xl-wt103	head_embed_cache_transfo-xl-wt103.jsonl	orig	see__pst	see	pst	198	181	17	0	7	4	2	saw,seen	saw	seen	0.0	fisher_exact	True	7	2	2	0	2	2	0		form	form_label	198	2	1.0	99	99	0.0	0.0	0.1259216658336166	0.0696936079777467	0.5883774264382728	0.6740420714375919	0.8729090532633755	5.8374355527225985	6.277877538981829	0.9298422144228918	0.9494949494949495	0.9545454545454546	0.602923477355544	0.4954139343966768	0
transfo-xl-wt103	head_embed_cache_transfo-xl-wt103.jsonl	orig	see__pst	see	pst	198	181	17	0	7	4	2	saw,seen	saw	seen	0.0	fisher_exact	True	7	2	2	0	2	2	0		raw	raw_label	198	7	2.0003727600551207	102	1	0.14285714285714285	0.2857142857142857	-0.06792808389244068	-0.043286522367037145	0.6066704835279324	0.6433540949257972	0.9429806825087578	5.907639791330671	6.131585896918991	0.9634766422010252	0.46464646464646464	0.4494949494949495	0.05342187970047134	0.10412111264481888	0
transfo-xl-wt103	head_embed_cache_transfo-xl-wt103.jsonl	orig	sew__ppt	sew	ppt	198	190	8	0	6	4	2	sewed,sewn	sewed	sewn	0.0	fisher_exact	True	6	2	1	1	2	1	1		conditioned-cat-only	cat_only_label	17	2	0.3227569588973982	16	1	0.5	0.5	0.1624883121436784	0.1192712240016065	0.3591608259554296	0.44371812771750724	0.8094346467270974	4.516119676269401	5.207020466817095	0.8673136019052328	0.9375	1.0	0.3765281173594132	0.2599556165011187	0
transfo-xl-wt103	head_embed_cache_transfo-xl-wt103.jsonl	orig	sew__ppt	sew	ppt	198	190	8	0	6	4	2	sewed,sewn	sewed	sewn	0.0	fisher_exact	True	6	2	1	1	2	1	1		conditioned-exclude	conditioned_exclude_label	138	4	1.3194303380904073	88	1	0.25	0.25	-0.03970943998130546	-0.01527437166518617	0.4223559666094733	0.44067062690189257	0.9584391171674423	4.9149228453369656	5.049622179478767	0.9733248688012326	0.6086956521739131	0.5942028985507246	0.04193424944804941	0.06987454793322617	0
transfo-xl-wt103	head_embed_cache_transfo-xl-wt103.jsonl	orig	sew__ppt	sew	ppt	198	190	8	0	6	4	2	sewed,sewn	sewed	sewn	0.0	fisher_exact	True	6	2	1	1	2	1	1		form	form_label	198	2	1.0	99	99	0.0	0.0	0.11015793313198093	0.06157803038351294	0.4063712177474591	0.45801658284567726	0.8872412767735544	4.840220737896728	5.160339399498732	0.9379655800095048	0.7727272727272727	0.7777777777777778	0.17595272507920184	0.1388704629052755	0
transfo-xl-wt103	head_embed_cache_transfo-xl-wt103.jsonl	orig	sew__ppt	sew	ppt	198	190	8	0	6	4	2	sewed,sewn	sewed	sewn	0.0	fisher_exact	True	6	2	1	1	2	1	1		raw	raw_label	198	6	1.9889287310720154	88	4	0.0	0.0	-0.0805949937521357	-0.03735997965712541	0.4200958656905312	0.4375393246603184	0.9601328200994748	4.909575491353211	5.040114308415996	0.9741000284765743	0.4595959595959596	0.45454545454545453	0.02431050992046021	0.05758559350813326	0
transfo-xl-wt103	head_embed_cache_transfo-xl-wt103.jsonl	orig	shake__ppt	shake	ppt	199	151	48	0	14	3	2	shaken,shook	shaken	shook	0.0	fisher_exact	True	14	2	0	1	2	0	1		conditioned-cat-only	cat_only_label	27	2	0.228538143953528	26	1	0.5	0.5	0.2603907178462369	0.19909505915629122	0.4653361044070075	0.6507817004382743	0.7150417783622727	5.25015336425811	6.637259648041093	0.7910122012188614	1.0	1.0	-0.0525990099009901	-0.035765288267436086	0
transfo-xl-wt103	head_embed_cache_transfo-xl-wt103.jsonl	orig	shake__ppt	shake	ppt	199	151	48	0	14	3	2	shaken,shook	shaken	shook	0.0	fisher_exact	True	14	2	0	1	2	0	1		conditioned-exclude	conditioned_exclude_label	151	4	1.3004169799446244	100	1	0.25	0.25	0.04624575714167994	0.02243236604180369	0.4556546399355888	0.5217040236942281	0.8733968289319712	5.405618890780455	5.746189793113892	0.9407310035701275	0.6291390728476821	0.6225165562913907	0.002953167681469381	0.07800834954418445	0
transfo-xl-wt103	head_embed_cache_transfo-xl-wt103.jsonl	orig	shake__ppt	shake	ppt	199	151	48	0	14	3	2	shaken,shook	shaken	shook	0.0	fisher_exact	True	14	2	0	1	2	0	1		form	form_label	199	2	0.9999817845368457	100	99	0.0	0.0	0.2636441545691031	0.15286310991471933	0.4192644445492585	0.5693368219931578	0.7364084463771028	5.1676993664038555	6.101695515748905	0.846928423921787	0.9849246231155779	0.9748743718592965	0.4853033451992152	0.3889792680900285	0
transfo-xl-wt103	head_embed_cache_transfo-xl-wt103.jsonl	orig	shake__ppt	shake	ppt	199	151	48	0	14	3	2	shaken,shook	shaken	shook	0.0	fisher_exact	True	14	2	0	1	2	0	1		raw	raw_label	199	14	2.49894562246034	100	1	0.07142857142857142	0.2857142857142857	-0.13780787741058173	-0.06693602532884532	0.45542089166642724	0.5107347503446752	0.8916974835941381	5.4050999179143275	5.731915367292685	0.9429832039664745	0.2562814070351759	0.27638190954773867	0.04821381696261617	0.12734483743836955	0
transfo-xl-wt103	head_embed_cache_transfo-xl-wt103.jsonl	orig	shine__ppt	shine	ppt	200	152	48	0	14	5	2	shined,shone	shined	shone	0.0	fisher_exact	True	14	2	1	2	2	1	2		conditioned-cat-only	cat_only_label	66	3	1.1917799109131832	38	3	0.0	0.0	0.12029400004500822	0.05596147496481665	0.35035473085644936	0.4388314612902747	0.7983810682723578	4.576784832689918	5.254317860807693	0.8710521430057478	0.9545454545454546	0.9545454545454546	0.04411681831777808	0.05988169432196875	0
transfo-xl-wt103	head_embed_cache_transfo-xl-wt103.jsonl	orig	shine__ppt	shine	ppt	200	152	48	0	14	5	2	shined,shone	shined	shone	0.0	fisher_exact	True	14	2	1	2	2	1	2		conditioned-exclude	conditioned_exclude_label	125	5	2.082330182273108	38	3	0.0	0.0	0.04913271984094878	0.013936911028504242	0.3791159041159965	0.4413813738206476	0.8589304547093274	4.919234247948448	5.373451358169373	0.915470136427239	0.792	0.808	0.21845681050762417	0.25543410606152506	0
transfo-xl-wt103	head_embed_cache_transfo-xl-wt103.jsonl	orig	shine__ppt	shine	ppt	200	152	48	0	14	5	2	shined,shone	shined	shone	0.0	fisher_exact	True	14	2	1	2	2	1	2		form	form_label	200	2	1.0	100	100	0.0	0.0	0.11145550672314956	0.061433622261271796	0.4065735105329735	0.4568892272250425	0.8898732697252112	5.119163081835923	5.452079834885851	0.9389376599147145	0.935	0.935	0.069256067347086	0.07264622275313307	0
transfo-xl-wt103	head_embed_cache_transfo-xl-wt103.jsonl	orig	shine__ppt	shine	ppt	200	152	48	0	14	5	2	shined,shone	shined	shone	0.0	fisher_exact	True	14	2	1	2	2	1	2		raw	raw_label	200	14	3.2207250530792884	38	1	0.07142857142857142	0.14285714285714285	-0.14600117501138388	-0.10390688342869474	0.37688552381299134	0.439698345508463	0.8571456491999407	4.907567851756666	5.340498065874518	0.9189344872373888	0.47	0.46	0.17636393267860764	0.2717208105761887	0
transfo-xl-wt103	head_embed_cache_transfo-xl-wt103.jsonl	orig	shine__pst	shine	pst	200	150	50	0	12	5	2	shined,shone	shined	shone	0.0	fisher_exact	True	12	2	2	1	2	2	1		conditioned-cat-only	cat_only_label	21	2	0.5916727785823275	18	3	0.0	0.0	0.01471141444951452	-0.000413961503004686	0.41866478961141657	0.4276521940295453	0.9789843135529247	5.050837517196196	5.031207247324964	1.0039017017002567	0.8571428571428571	0.8571428571428571	-0.023622047244094488	-0.06274666892295562	0
transfo-xl-wt103	head_embed_cache_transfo-xl-wt103.jsonl	orig	shine__pst	shine	pst	200	150	50	0	12	5	2	shined,shone	shined	shone	0.0	fisher_exact	True	12	2	2	1	2	2	1		conditioned-exclude	conditioned_exclude_label	58	4	1.7881154191537951	21	3	0.0	0.0	0.011505243152527819	-0.005515716383499721	0.38279687420240943	0.42134852005389123	0.9085041384587017	4.936321280403377	5.1880322401594245	0.9514823832805803	0.6896551724137931	0.6896551724137931	0.15272955004221675	0.15505935259240805	0
transfo-xl-wt103	head_embed_cache_transfo-xl-wt103.jsonl	orig	shine__pst	shine	pst	200	150	50	0	12	5	2	shined,shone	shined	shone	0.0	fisher_exact	True	12	2	2	1	2	2	1		form	form_label	200	2	1.0	100	100	0.0	0.0	0.0998780649107121	0.05576739034347167	0.383906495552703	0.4251329605085606	0.9030268909130431	4.958136458237724	5.246988080961331	0.9449490606293345	0.97	0.945	-0.0018556468139351008	-0.002245456358923057	0
transfo-xl-wt103	head_embed_cache_transfo-xl-wt103.jsonl	orig	shine__pst	shine	pst	200	150	50	0	12	5	2	shined,shone	shined	shone	0.0	fisher_exact	True	12	2	2	1	2	2	1		raw	raw_label	200	12	3.0701172563259624	52	2	0.0	0.08333333333333333	-0.03513373522858654	-0.010835438444367119	0.35619665639585896	0.41280441302061066	0.8628702726055272	4.736639779874001	5.165228838066797	0.9170241877699256	0.455	0.435	0.055659405737162305	0.12401672233459111	0
transfo-xl-wt103	head_embed_cache_transfo-xl-wt103.jsonl	orig	show__ppt	show	ppt	200	149	51	0	12	2	2	showed,shown	showed	shown	0.0	fisher_exact	True	12	2	0	0	2	0	0		conditioned-cat-only	cat_only_label	0	0		0	0															0
transfo-xl-wt103	head_embed_cache_transfo-xl-wt103.jsonl	orig	show__ppt	show	ppt	200	149	51	0	12	2	2	showed,shown	showed	shown	0.0	fisher_exact	True	12	2	0	0	2	0	0		conditioned-exclude	conditioned_exclude_label	149	2	0.9137564309378818	100	49	0.0	0.0	0.07612174131181747	0.04038627646134786	0.6099904048917092	0.6717269887051822	0.9080927447436998	6.037592813560265	6.340518588202214	0.952223817274883	0.6912751677852349	0.6778523489932886	0.17090642227869518	0.08957787122268165	0
transfo-xl-wt103	head_embed_cache_transfo-xl-wt103.jsonl	orig	show__ppt	show	ppt	200	149	51	0	12	2	2	showed,shown	showed	shown	0.0	fisher_exact	True	12	2	0	0	2	0	0		form	form_label	200	2	1.0	100	100	0.0	0.0	0.06187570561674922	0.033038828226350785	0.6176577711123901	0.6606967462260543	0.9348582002870366	6.092017673050029	6.3060221421599465	0.9660634764221402	0.755	0.725	-0.0008220900430388317	-0.001613187186074987	0
transfo-xl-wt103	head_embed_cache_transfo-xl-wt103.jsonl	orig	show__ppt	show	ppt	200	149	51	0	12	2	2	showed,shown	showed	shown	0.0	fisher_exact	True	12	2	0	0	2	0	0		raw	raw_label	200	12	2.248905291198184	100	1	0.16666666666666666	0.25	-0.13279503137368068	-0.059223048117280595	0.6077092502448929	0.6539227764933179	0.9293287710572699	6.026898458900085	6.27959516057568	0.9597590775816145	0.455	0.475	0.032087047505510696	0.08259142056965812	0
transfo-xl-wt103	head_embed_cache_transfo-xl-wt103.jsonl	orig	sink__pst	sink	pst	196	129	67	0	20	6	2	sank,sunk	sank	sunk	0.0041	fisher_exact	True	20	2	2	2	2	2	2		conditioned-cat-only	cat_only_label	31	4	1.5295649314577098	14	1	0.25	0.25	0.08747199435107746	0.05944050920763492	0.2614229668119678	0.3588993743500987	0.728401846019813	3.8842129323047536	4.621382700562368	0.8404871840265665	0.7419354838709677	0.7741935483870968	0.576578181602233	0.55525632164157	0
transfo-xl-wt103	head_embed_cache_transfo-xl-wt103.jsonl	orig	sink__pst	sink	pst	196	129	67	0	20	6	2	sank,sunk	sank	sunk	0.0041	fisher_exact	True	20	2	2	2	2	2	2		conditioned-exclude	conditioned_exclude_label	70	6	2.224815054088116	20	1	0.16666666666666666	0.16666666666666666	-0.04432772363918745	-0.023605343807497042	0.3416202185251506	0.3813787557023997	0.8957505194435272	4.5372765998395534	4.822268519446674	0.9409008605684567	0.6571428571428571	0.6714285714285714	0.1953647534608804	0.3009846108444737	0
transfo-xl-wt103	head_embed_cache_transfo-xl-wt103.jsonl	orig	sink__pst	sink	pst	196	129	67	0	20	6	2	sank,sunk	sank	sunk	0.0041	fisher_exact	True	20	2	2	2	2	2	2		form	form_label	196	2	0.9996995428565171	100	96	0.0	0.0	0.09314540778336598	0.05154934089451979	0.38855480100943457	0.4281733793348596	0.9074707110774378	4.847570843048641	5.104613045021992	0.9496451151720465	0.8316326530612245	0.8214285714285714	0.13124195624195625	0.14085768893710338	0
transfo-xl-wt103	head_embed_cache_transfo-xl-wt103.jsonl	orig	sink__pst	sink	pst	196	129	67	0	20	6	2	sank,sunk	sank	sunk	0.0041	fisher_exact	True	20	2	2	2	2	2	2		raw	raw_label	196	20	3.7778429228251267	37	1	0.05	0.15	-0.13557290001565597	-0.08111491367045888	0.3742376567609304	0.4117728983240687	0.908844798392735	4.753923820294314	4.998281514231827	0.9511116584286533	0.4030612244897959	0.40816326530612246	0.07130159051449807	0.15982221701482677	0
transfo-xl-wt103	head_embed_cache_transfo-xl-wt103.jsonl	orig	smelt__pst	smelt	pst	199	0	199	0	6	0	2	smelled,smelt					False	0	0	0	0	0	0	0	missing_conditioning_forms;missing_conditioning_rows;missing_pair_test;missing_cond_counts	conditioned-cat-only	cat_only_label	0	0		0	0															0
transfo-xl-wt103	head_embed_cache_transfo-xl-wt103.jsonl	orig	smelt__pst	smelt	pst	199	0	199	0	6	0	2	smelled,smelt					False	0	0	0	0	0	0	0	missing_conditioning_forms;missing_conditioning_rows;missing_pair_test;missing_cond_counts	conditioned-exclude	conditioned_exclude_label	0	0		0	0															0
transfo-xl-wt103	head_embed_cache_transfo-xl-wt103.jsonl	orig	smelt__pst	smelt	pst	199	0	199	0	6	0	2	smelled,smelt					False	0	0	0	0	0	0	0	missing_conditioning_forms;missing_conditioning_rows;missing_pair_test;missing_cond_counts	form	form_label	199	2	0.9999817845368457	100	99	0.0	0.0	0.36491777108511236	0.21605114242491208	0.3474663102099328	0.545081451527734	0.6374575932387117	4.650435242586467	5.929237885970931	0.7843225945765784	0.9899497487437185	0.9899497487437185	0.9600011427370388	0.928575159471449	0
transfo-xl-wt103	head_embed_cache_transfo-xl-wt103.jsonl	orig	smelt__pst	smelt	pst	199	0	199	0	6	0	2	smelled,smelt					False	0	0	0	0	0	0	0	missing_conditioning_forms;missing_conditioning_rows;missing_pair_test;missing_cond_counts	raw	raw_label	199	6	1.7693046996354274	99	3	0.0	0.0	-0.10625195019072932	-0.05422042730286224	0.4278316803186051	0.457685396315987	0.9347724086508304	5.1746001324694815	5.361315900906105	0.9651735186122745	0.49246231155778897	0.48743718592964824	0.08065446104698412	0.09768077608020441	0
transfo-xl-wt103	head_embed_cache_transfo-xl-wt103.jsonl	orig	sneak__ppt	sneak	ppt	200	200	0	0	3	3	2	sneaked,snuck	sneaked	snuck	0.8644	chi_sq	False	3	3	0	0	3	0	0		conditioned-cat-only	cat_only_label	0	0		0	0															0
transfo-xl-wt103	head_embed_cache_transfo-xl-wt103.jsonl	orig	sneak__ppt	sneak	ppt	200	200	0	0	3	3	2	sneaked,snuck	sneaked	snuck	0.8644	chi_sq	False	3	3	0	0	3	0	0		conditioned-exclude	conditioned_exclude_label	200	3	1.2903714221731157	121	20	0.0	0.0	0.010786209468729364	0.007219660161162235	0.35229813129239745	0.36576358677280624	0.9631853580636149	4.461144942436408	4.579400717637735	0.9741765828122749	0.59	0.595	0.008636095861654407	-0.004352638605927008	0
transfo-xl-wt103	head_embed_cache_transfo-xl-wt103.jsonl	orig	sneak__ppt	sneak	ppt	200	200	0	0	3	3	2	sneaked,snuck	sneaked	snuck	0.8644	chi_sq	False	3	3	0	0	3	0	0		form	form_label	200	2	1.0	100	100	0.0	0.0	0.0344352560870932	0.018593481433543377	0.3534554023877286	0.3656129855484306	0.9667473978188569	4.483136939127586	4.566367742700846	0.9817730834958921	0.805	0.825	0.0009887958333354354	0.0009877850352495794	0
transfo-xl-wt103	head_embed_cache_transfo-xl-wt103.jsonl	orig	sneak__ppt	sneak	ppt	200	200	0	0	3	3	2	sneaked,snuck	sneaked	snuck	0.8644	chi_sq	False	3	3	0	0	3	0	0		raw	raw_label	200	3	1.2903714221731157	121	20	0.0	0.0	0.010786209468729364	0.007219660161162235	0.35229813129239745	0.36576358677280624	0.9631853580636149	4.461144942436408	4.579400717637735	0.9741765828122749	0.59	0.595	0.008636095861654407	-0.004352638605927008	0
transfo-xl-wt103	head_embed_cache_transfo-xl-wt103.jsonl	orig	sneak__pst	sneak	pst	200	188	12	0	3	2	2	sneaked,snuck	sneaked	snuck	0.2469	chi_sq	False	3	2	0	0	2	0	0		conditioned-cat-only	cat_only_label	0	0		0	0															0
transfo-xl-wt103	head_embed_cache_transfo-xl-wt103.jsonl	orig	sneak__pst	sneak	pst	200	188	12	0	3	2	2	sneaked,snuck	sneaked	snuck	0.2469	chi_sq	False	3	2	0	0	2	0	0		conditioned-exclude	conditioned_exclude_label	188	2	0.8196004346196011	140	48	0.0	0.0	-0.022029822658477416	-0.012342203808663818	0.3541081268764826	0.34201034853764456	1.0353725505399625	4.429930750709481	4.3374987437616594	1.0213099789552125	0.574468085106383	0.5691489361702128	-0.04128581335064767	0.009999625233408018	0
transfo-xl-wt103	head_embed_cache_transfo-xl-wt103.jsonl	orig	sneak__pst	sneak	pst	200	188	12	0	3	2	2	sneaked,snuck	sneaked	snuck	0.2469	chi_sq	False	3	2	0	0	2	0	0		form	form_label	200	2	1.0	100	100	0.0	0.0	0.03930671886488041	0.021206967617809987	0.34552337903724323	0.35977860464474726	0.9603777839385976	4.371394389533484	4.465543580459767	0.9789165217559943	0.8	0.785	0.0025424960046491357	0.0026072326242490445	0
transfo-xl-wt103	head_embed_cache_transfo-xl-wt103.jsonl	orig	sneak__pst	sneak	pst	200	188	12	0	3	2	2	sneaked,snuck	sneaked	snuck	0.2469	chi_sq	False	3	2	0	0	2	0	0		raw	raw_label	200	3	1.0978693276969014	140	12	0.0	0.0	-0.025047387513868955	-0.0139532972275723	0.35428097849174917	0.35074666776652336	1.0100765340059579	4.431317984688133	4.4033559042163555	1.0063501749756367	0.53	0.53	-0.0064205701816611276	0.013861476952467547	0
transfo-xl-wt103	head_embed_cache_transfo-xl-wt103.jsonl	orig	speak__ppt	speak	ppt	199	183	16	0	9	5	2	spoke,spoken	spoke	spoken	0.0092	fisher_exact	True	9	2	3	0	2	3	0		conditioned-cat-only	cat_only_label	0	0		0	0															0
transfo-xl-wt103	head_embed_cache_transfo-xl-wt103.jsonl	orig	speak__ppt	speak	ppt	199	183	16	0	9	5	2	spoke,spoken	spoke	spoken	0.0092	fisher_exact	True	9	2	3	0	2	3	0		conditioned-exclude	conditioned_exclude_label	102	2	0.9182958340544896	68	34	0.0	0.0	0.019755233552858163	0.009086542249952706	0.4191800280376072	0.43010510116209677	0.9745990617293977	5.229158428317423	5.284696326355895	0.9894908061677088	0.6862745098039216	0.696078431372549	0.015320154072586275	0.007108249319558698	0
transfo-xl-wt103	head_embed_cache_transfo-xl-wt103.jsonl	orig	speak__ppt	speak	ppt	199	183	16	0	9	5	2	spoke,spoken	spoke	spoken	0.0092	fisher_exact	True	9	2	3	0	2	3	0		form	form_label	199	2	0.9999817845368457	100	99	0.0	0.0	0.06331397896767468	0.034003075254526234	0.44184533934564557	0.472672729808075	0.9347806875278236	5.344606285989693	5.536502542365012	0.9653398052458317	0.8140703517587939	0.7989949748743719	0.11605171226763904	0.09372716613427394	0
transfo-xl-wt103	head_embed_cache_transfo-xl-wt103.jsonl	orig	speak__ppt	speak	ppt	199	183	16	0	9	5	2	spoke,spoken	spoke	spoken	0.0092	fisher_exact	True	9	2	3	0	2	3	0		raw	raw_label	199	9	2.5511990759137424	68	2	0.0	0.2222222222222222	-0.17845166235915047	-0.09096283769012845	0.42385720847126696	0.4658175960235404	0.9099209907258357	5.240911626811232	5.491733016122924	0.954327461190244	0.3969849246231156	0.39195979899497485	0.04767320899736544	0.09946893932558588	0
transfo-xl-wt103	head_embed_cache_transfo-xl-wt103.jsonl	orig	speak__pst	speak	pst	196	144	52	0	12	3	2	spake,spoke	spake	spoke	0.0	fisher_exact	True	12	1	0	2	1	0	2		conditioned-cat-only	cat_only_label	47	4	1.4843559791259084	22	2	0.0	0.25	0.10705620552191296	0.05596427528308953	0.3674272650799711	0.597002241031748	0.615453745106514	4.687459584683018	5.981246756196944	0.7836927275783294	0.8297872340425532	0.851063829787234	0.6438964503592124	0.6573741043793366	0
transfo-xl-wt103	head_embed_cache_transfo-xl-wt103.jsonl	orig	speak__pst	speak	pst	196	144	52	0	12	3	2	spake,spoke	spake	spoke	0.0	fisher_exact	True	12	1	0	2	1	0	2		conditioned-exclude	conditioned_exclude_label	144	5	1.3956715937889608	97	2	0.0	0.2	-0.1562640593260199	-0.08594147482590958	0.48748057580968795	0.5134169816962274	0.9494827658390832	5.31949073373008	5.488484827920547	0.9692093356383579	0.3263888888888889	0.3263888888888889	0.03303128011513281	0.16364702547306806	0
transfo-xl-wt103	head_embed_cache_transfo-xl-wt103.jsonl	orig	speak__pst	speak	pst	196	144	52	0	12	3	2	spake,spoke	spake	spoke	0.0	fisher_exact	True	12	1	0	2	1	0	2		form	form_label	196	2	0.9999248896252453	99	97	0.0	0.0	0.39113475973114176	0.22968963565495942	0.3832137958211408	0.6258301800560817	0.6123287243622548	4.73004107470333	6.122495567248072	0.7725674968237469	1.0	1.0	1.0	1.0	0
transfo-xl-wt103	head_embed_cache_transfo-xl-wt103.jsonl	orig	speak__pst	speak	pst	196	144	52	0	12	3	2	spake,spoke	spake	spoke	0.0	fisher_exact	True	12	1	0	2	1	0	2		raw	raw_label	196	12	2.484929949462546	97	1	0.08333333333333333	0.16666666666666666	-0.24230607332490334	-0.12884640083411142	0.4882563607807645	0.5117608594272463	0.9540713241087105	5.322903707212454	5.471747408718124	0.972797775484205	0.23979591836734693	0.23979591836734693	0.04215182943970173	0.13644608434920463	0
transfo-xl-wt103	head_embed_cache_transfo-xl-wt103.jsonl	orig	speed__ppt	speed	ppt	200	195	5	0	6	3	2	sped,speeded	sped	speeded	0.0001	fisher_exact	True	6	2	0	1	2	0	1		conditioned-cat-only	cat_only_label	22	2	0.4394969869215134	20	2	0.0	0.5	0.21630759291074175	0.10428979339524029	0.4270390099283004	0.5554735567463622	0.7687836886955413	4.944001591665482	5.52456979377787	0.8949115996749174	0.9545454545454546	0.9090909090909091	0.054385964912280704	0.09705877834746547	0
transfo-xl-wt103	head_embed_cache_transfo-xl-wt103.jsonl	orig	speed__ppt	speed	ppt	200	195	5	0	6	3	2	sped,speeded	sped	speeded	0.0001	fisher_exact	True	6	2	0	1	2	0	1		conditioned-exclude	conditioned_exclude_label	195	4	1.124605607249479	145	2	0.0	0.25	0.019220857979968295	-0.000460572461433947	0.3855554740040326	0.45097716642459185	0.8549334704920178	4.67268475538037	5.073507529769142	0.9209969095272024	0.6051282051282051	0.6051282051282051	0.042097591229481666	0.06433409118641778	0
transfo-xl-wt103	head_embed_cache_transfo-xl-wt103.jsonl	orig	speed__ppt	speed	ppt	200	195	5	0	6	3	2	sped,speeded	sped	speeded	0.0001	fisher_exact	True	6	2	0	1	2	0	1		form	form_label	200	2	1.0	100	100	0.0	0.0	0.23925205966854982	0.13646041683749732	0.3566476390294288	0.4690370416763051	0.7603826720269159	4.485633477062097	5.192428270279216	0.8638797193862608	1.0	1.0	1.0	1.0	0
transfo-xl-wt103	head_embed_cache_transfo-xl-wt103.jsonl	orig	speed__ppt	speed	ppt	200	195	5	0	6	3	2	sped,speeded	sped	speeded	0.0001	fisher_exact	True	6	2	0	1	2	0	1		raw	raw_label	200	6	1.251080494864913	145	1	0.3333333333333333	0.3333333333333333	-0.10894729474830082	-0.06358301225876581	0.3861486981940615	0.44682036965569943	0.8642146249769479	4.675603419135561	5.047161520956229	0.9263827598387868	0.565	0.555	-0.005584009494100945	0.05076478214984699	0
transfo-xl-wt103	head_embed_cache_transfo-xl-wt103.jsonl	orig	speed__pst	speed	pst	199	191	8	0	6	3	2	sped,speeded	sped	speeded	0.0	fisher_exact	True	6	0	2	1	0	2	1		conditioned-cat-only	cat_only_label	73	2	0.24729443986205676	70	3	0.0	0.0	0.3836985467581335	0.22536361051460335	0.33909486142349415	0.547549313874004	0.6192955644932521	4.343256998573899	5.580252815582183	0.7783262053012864	1.0	1.0	0.8370636741273483	0.7256186317632769	0
transfo-xl-wt103	head_embed_cache_transfo-xl-wt103.jsonl	orig	speed__pst	speed	pst	199	191	8	0	6	3	2	sped,speeded	sped	speeded	0.0	fisher_exact	True	6	0	2	1	0	2	1		conditioned-exclude	conditioned_exclude_label	73	2	0.24729443986205676	70	3	0.0	0.0	0.3836985467581335	0.22536361051460335	0.33909486142349415	0.547549313874004	0.6192955644932521	4.343256998573899	5.580252815582183	0.7783262053012864	1.0	1.0	0.8370636741273483	0.7256186317632769	0
transfo-xl-wt103	head_embed_cache_transfo-xl-wt103.jsonl	orig	speed__pst	speed	pst	199	191	8	0	6	3	2	sped,speeded	sped	speeded	0.0	fisher_exact	True	6	0	2	1	0	2	1		form	form_label	199	2	0.9999817845368457	100	99	0.0	0.0	0.4267877012125689	0.2576319762265227	0.32543006926470897	0.5745363451508532	0.566422075837974	4.294134963334776	5.80127942289446	0.740204815232341	0.9849246231155779	0.9849246231155779	0.9403064566485666	0.901696511113848	0
transfo-xl-wt103	head_embed_cache_transfo-xl-wt103.jsonl	orig	speed__pst	speed	pst	199	191	8	0	6	3	2	sped,speeded	sped	speeded	0.0	fisher_exact	True	6	0	2	1	0	2	1		raw	raw_label	199	6	1.7818363464743725	75	1	0.16666666666666666	0.16666666666666666	-0.07701669032844298	-0.0383340077487838	0.3558083160949702	0.49533246748222926	0.718322216800245	4.477013264817192	5.322511900117939	0.8411466895391981	0.7135678391959799	0.7185929648241206	0.2302587328242351	0.253033513047415	0
transfo-xl-wt103	head_embed_cache_transfo-xl-wt103.jsonl	orig	spell__ppt	spell	ppt	148	135	13	0	7	3	2	spelled,spelt	spelled	spelt	0.0	fisher_exact	True	7	0	2	1	0	2	1		conditioned-cat-only	cat_only_label	20	2	0.4689955935892812	18	2	0.0	0.5	0.05036022146185717	0.04738098512084868	0.4897516563041041	0.5266696540027314	0.9299029336168364	5.333217430557921	5.682932053187713	0.9384622903535109	0.9	0.9	-0.06694560669456066	-0.05073128483307469	0
transfo-xl-wt103	head_embed_cache_transfo-xl-wt103.jsonl	orig	spell__ppt	spell	ppt	148	135	13	0	7	3	2	spelled,spelt	spelled	spelt	0.0	fisher_exact	True	7	0	2	1	0	2	1		conditioned-exclude	conditioned_exclude_label	20	2	0.4689955935892812	18	2	0.0	0.5	0.05036022146185717	0.04738098512084868	0.4897516563041041	0.5266696540027314	0.9299029336168364	5.333217430557921	5.682932053187713	0.9384622903535109	0.9	0.9	-0.06694560669456066	-0.05073128483307469	0
transfo-xl-wt103	head_embed_cache_transfo-xl-wt103.jsonl	orig	spell__ppt	spell	ppt	148	135	13	0	7	3	2	spelled,spelt	spelled	spelt	0.0	fisher_exact	True	7	0	2	1	0	2	1		form	form_label	148	2	1.0	74	74	0.0	0.0	0.07592698985942509	0.04215754248202042	0.45306613186824235	0.4898387936023004	0.9249290537737325	5.19247597510595	5.4186247770063725	0.9582645392129618	0.9391891891891891	0.9324324324324325	-0.0062111102359546765	-0.00493068551309983	0
transfo-xl-wt103	head_embed_cache_transfo-xl-wt103.jsonl	orig	spell__ppt	spell	ppt	148	135	13	0	7	3	2	spelled,spelt	spelled	spelt	0.0	fisher_exact	True	7	0	2	1	0	2	1		raw	raw_label	148	7	1.9000235960255685	58	1	0.2857142857142857	0.2857142857142857	-0.1871823201882587	-0.12171271728611952	0.4494090574195492	0.4819351906146647	0.9325093211109332	5.173349433327338	5.368446460664059	0.9636585688678754	0.527027027027027	0.5472972972972973	0.0729530307310138	0.09805567320639047	0
transfo-xl-wt103	head_embed_cache_transfo-xl-wt103.jsonl	orig	spill__ppt	spill	ppt	151	141	10	0	5	2	2	spilled,spilt	spilled	spilt	0.0	fisher_exact	True	5	1	0	1	1	0	1		conditioned-cat-only	cat_only_label	16	1	-0.0	16	16	0.0	0.0													0
transfo-xl-wt103	head_embed_cache_transfo-xl-wt103.jsonl	orig	spill__ppt	spill	ppt	151	141	10	0	5	2	2	spilled,spilt	spilled	spilt	0.0	fisher_exact	True	5	1	0	1	1	0	1		conditioned-exclude	conditioned_exclude_label	141	2	0.5103099652870143	125	16	0.0	0.0	0.09433596880398776	0.07780768160862309	0.45477679203792104	0.4825212189662282	0.9425011256753685	5.038828374519779	5.359859004141472	0.9401046502578448	0.9219858156028369	0.9432624113475178	0.2386323004478598	0.263048374969283	0
transfo-xl-wt103	head_embed_cache_transfo-xl-wt103.jsonl	orig	spill__ppt	spill	ppt	151	141	10	0	5	2	2	spilled,spilt	spilled	spilt	0.0	fisher_exact	True	5	1	0	1	1	0	1		form	form_label	151	2	0.9999683631071745	76	75	0.0	0.0	0.07843253704521891	0.043398745518772666	0.4348840363545552	0.4719027347169121	0.9215543889895788	4.950226581289791	5.1738676211519765	0.9567748817252516	0.8344370860927153	0.8344370860927153	0.047798639201290655	0.03902422073719179	0
transfo-xl-wt103	head_embed_cache_transfo-xl-wt103.jsonl	orig	spill__ppt	spill	ppt	151	141	10	0	5	2	2	spilled,spilt	spilled	spilt	0.0	fisher_exact	True	5	1	0	1	1	0	1		raw	raw_label	151	5	0.9265665700577865	125	2	0.0	0.2	-0.1522414859111956	-0.07508792492600422	0.4545381528818792	0.4511739305608938	1.0074565973189167	5.037293261846229	5.121200198757822	0.9836157670750805	0.8013245033112583	0.8013245033112583	0.16052896871521402	0.26250707574028126	0
transfo-xl-wt103	head_embed_cache_transfo-xl-wt103.jsonl	orig	spill__pst	spill	pst	126	117	9	0	6	4	2	spilled,spilt	spilled	spilt	0.0	fisher_exact	True	6	1	1	2	1	1	2		conditioned-cat-only	cat_only_label	38	3	1.2448406699719212	18	2	0.0	0.3333333333333333	0.09144855638956552	0.05195085015263554	0.3486654568776026	0.4008388603273773	0.8698394576634533	4.507795537249361	4.862850100340876	0.9269863237062096	0.6842105263157895	0.7105263157894737	0.13200916730328496	0.09778460711782552	0
transfo-xl-wt103	head_embed_cache_transfo-xl-wt103.jsonl	orig	spill__pst	spill	pst	126	117	9	0	6	4	2	spilled,spilt	spilled	spilt	0.0	fisher_exact	True	6	1	1	2	1	1	2		conditioned-exclude	conditioned_exclude_label	55	4	1.7521930161941324	18	2	0.0	0.25	0.06146484713025267	0.03490996745187008	0.3675300738489405	0.42585772830312807	0.8630348809528482	4.640343337333953	5.027838979511717	0.9229299816965507	0.6545454545454545	0.6545454545454545	0.30066820639843295	0.34864997755606475	0
transfo-xl-wt103	head_embed_cache_transfo-xl-wt103.jsonl	orig	spill__pst	spill	pst	126	117	9	0	6	4	2	spilled,spilt	spilled	spilt	0.0	fisher_exact	True	6	1	1	2	1	1	2		form	form_label	126	2	0.9992728962127291	65	61	0.0	0.0	0.12218598238318597	0.06861519293886968	0.3842504906778496	0.43524531699116364	0.8828365881893008	4.710101330481666	5.044369969041502	0.9337343135790352	0.8968253968253969	0.8888888888888888	0.05744637470696176	0.05065047354445823	0
transfo-xl-wt103	head_embed_cache_transfo-xl-wt103.jsonl	orig	spill__pst	spill	pst	126	117	9	0	6	4	2	spilled,spilt	spilled	spilt	0.0	fisher_exact	True	6	1	1	2	1	1	2		raw	raw_label	126	6	2.0237541181907823	62	1	0.16666666666666666	0.16666666666666666	0.00021916383624469358	0.005705656117939812	0.36462365675725206	0.42976073973278534	0.848434077491504	4.560468096271508	5.017604643887856	0.9088934700797513	0.6746031746031746	0.6904761904761905	0.32782639334206615	0.30061057226250276	0
transfo-xl-wt103	head_embed_cache_transfo-xl-wt103.jsonl	orig	spit__ppt	spit	ppt	199	189	10	0	5	3	2	spat,spit	spat	spit	0.5544	fisher_exact	False	5	3	0	0	3	0	0		conditioned-cat-only	cat_only_label	0	0		0	0															0
transfo-xl-wt103	head_embed_cache_transfo-xl-wt103.jsonl	orig	spit__ppt	spit	ppt	199	189	10	0	5	3	2	spat,spit	spat	spit	0.5544	fisher_exact	False	5	3	0	0	3	0	0		conditioned-exclude	conditioned_exclude_label	189	3	1.2025754555942125	129	22	0.0	0.0	0.040514862042981326	0.015550190746327353	0.42668413527460025	0.47255672624854583	0.9029268055538829	5.114486013118555	5.367759646669331	0.9528157648213756	0.5238095238095238	0.5132275132275133	0.006211697586302274	0.005851733616856642	0
transfo-xl-wt103	head_embed_cache_transfo-xl-wt103.jsonl	orig	spit__ppt	spit	ppt	199	189	10	0	5	3	2	spat,spit	spat	spit	0.5544	fisher_exact	False	5	3	0	0	3	0	0		form	form_label	199	2	0.9999817845368457	100	99	0.0	0.0	0.1687158972046199	0.10091798926451452	0.4061382022639863	0.48727038835096675	0.8334965800783624	4.948599308593604	5.496697540259214	0.9002859030079062	0.9949748743718593	0.9849246231155779	0.15352059661481685	0.1232766860334702	0
transfo-xl-wt103	head_embed_cache_transfo-xl-wt103.jsonl	orig	spit__ppt	spit	ppt	199	189	10	0	5	3	2	spat,spit	spat	spit	0.5544	fisher_exact	False	5	3	0	0	3	0	0		raw	raw_label	199	5	1.4738938214127781	129	3	0.0	0.0	-0.10684453523402929	-0.057290861907041905	0.42663629812941156	0.46471922514537073	0.9180517504864442	5.114125746131581	5.320584804733076	0.9611961718159565	0.48743718592964824	0.4723618090452261	0.016821301357435633	0.03874504833474104	0
transfo-xl-wt103	head_embed_cache_transfo-xl-wt103.jsonl	orig	spit__pst	spit	pst	199	109	90	0	6	3	2	spat,spit	spat	spit	0.0	fisher_exact	True	6	2	2	1	2	1	0		conditioned-cat-only	cat_only_label	0	0		0	0															0
transfo-xl-wt103	head_embed_cache_transfo-xl-wt103.jsonl	orig	spit__pst	spit	pst	199	109	90	0	6	3	2	spat,spit	spat	spit	0.0	fisher_exact	True	6	2	2	1	2	1	0		conditioned-exclude	conditioned_exclude_label	84	2	0.9666186325481028	51	33	0.0	0.0	-0.005271303174056634	-0.0011992350169157055	0.3395804128008041	0.33654601741889517	1.009016286703319	4.479479719844358	4.469365786859152	1.0022629459004997	0.5714285714285714	0.5714285714285714	-0.01819905345405628	-0.005925248583938073	0
transfo-xl-wt103	head_embed_cache_transfo-xl-wt103.jsonl	orig	spit__pst	spit	pst	199	109	90	0	6	3	2	spat,spit	spat	spit	0.0	fisher_exact	True	6	2	2	1	2	1	0		form	form_label	199	2	0.9999817845368457	100	99	0.0	0.0	0.14817390530585406	0.08570783488237399	0.3241573068985167	0.3763911979532504	0.8612244618397761	4.388814673316089	4.783926518518371	0.9174084627611188	0.9949748743718593	0.9949748743718593	0.9798989898989899	0.9592508583988374	0
transfo-xl-wt103	head_embed_cache_transfo-xl-wt103.jsonl	orig	spit__pst	spit	pst	199	109	90	0	6	3	2	spat,spit	spat	spit	0.0	fisher_exact	True	6	2	2	1	2	1	0		raw	raw_label	199	6	2.3139940492943034	51	1	0.16666666666666666	0.16666666666666666	-0.03842455046196336	-0.017712662487080633	0.34143686490771735	0.35271837104375375	0.9680155414002041	4.51521777105037	4.605968622732116	0.9802971189960222	0.32160804020100503	0.32160804020100503	0.05597470833800487	0.09259889881118956	0
transfo-xl-wt103	head_embed_cache_transfo-xl-wt103.jsonl	orig	spring__pst	spring	pst	200	132	68	0	16	3	2	sprang,sprung	sprang	sprung	0.0218	fisher_exact	True	16	3	0	0	3	0	0		conditioned-cat-only	cat_only_label	0	0		0	0															0
transfo-xl-wt103	head_embed_cache_transfo-xl-wt103.jsonl	orig	spring__pst	spring	pst	200	132	68	0	16	3	2	sprang,sprung	sprang	sprung	0.0218	fisher_exact	True	16	3	0	0	3	0	0		conditioned-exclude	conditioned_exclude_label	132	3	1.375432844317455	76	19	0.0	0.0	0.03384579772043189	0.015934657084301418	0.48413370226054553	0.5178838155359757	0.934830724067905	5.598915164784587	5.787825972135108	0.9673606621449896	0.6818181818181818	0.6590909090909091	0.04128076724245744	0.05573519890527146	0
transfo-xl-wt103	head_embed_cache_transfo-xl-wt103.jsonl	orig	spring__pst	spring	pst	200	132	68	0	16	3	2	sprang,sprung	sprang	sprung	0.0218	fisher_exact	True	16	3	0	0	3	0	0		form	form_label	200	2	1.0	100	100	0.0	0.0	0.03291678808007997	0.01855172852873952	0.4958052711279039	0.5119565284392444	0.9684518969597293	5.629513240725129	5.731625589177687	0.9821844000687406	0.77	0.78	0.032311426292585696	0.03323583047824564	0
transfo-xl-wt103	head_embed_cache_transfo-xl-wt103.jsonl	orig	spring__pst	spring	pst	200	132	68	0	16	3	2	sprang,sprung	sprang	sprung	0.0218	fisher_exact	True	16	3	0	0	3	0	0		raw	raw_label	200	16	3.0161790011615732	76	1	0.0625	0.0625	-0.15845715818750464	-0.09866123406715613	0.48202207878211406	0.5092390473553481	0.9465536495785604	5.580283872266553	5.705239400423637	0.9780981095819037	0.44	0.45	0.09000938646473759	0.13343211444106462	0
transfo-xl-wt103	head_embed_cache_transfo-xl-wt103.jsonl	orig	strive__ppt	strive	ppt	200	200	0	0	2	2	2	strived,striven	strived	striven	0.0537	chi_sq	False	2	1	1	0	1	1	0		conditioned-cat-only	cat_only_label	0	0		0	0															0
transfo-xl-wt103	head_embed_cache_transfo-xl-wt103.jsonl	orig	strive__ppt	strive	ppt	200	200	0	0	2	2	2	strived,striven	strived	striven	0.0537	chi_sq	False	2	1	1	0	1	1	0		conditioned-exclude	conditioned_exclude_label	181	1	-0.0	181	181	0.0	0.0													0
transfo-xl-wt103	head_embed_cache_transfo-xl-wt103.jsonl	orig	strive__ppt	strive	ppt	200	200	0	0	2	2	2	strived,striven	strived	striven	0.0537	chi_sq	False	2	1	1	0	1	1	0		form	form_label	200	2	1.0	100	100	0.0	0.0	0.06695378282054436	0.040900526249689345	0.2882979162054666	0.3082148021132357	0.935379852715666	4.370986463956384	4.5556823466946605	0.9594581297196277	0.85	0.825	0.015793743038403796	0.01638089499353739	0
transfo-xl-wt103	head_embed_cache_transfo-xl-wt103.jsonl	orig	strive__ppt	strive	ppt	200	200	0	0	2	2	2	strived,striven	strived	striven	0.0537	chi_sq	False	2	1	1	0	1	1	0		raw	raw_label	200	2	0.4529425481872832	181	19	0.0	0.0	-0.006289800673203663	-0.012342008356400815	0.2985525476774768	0.2971282071089068	1.004793690179835	4.474649795051591	4.411857860939393	1.014232537876646	0.765	0.745	-0.0004665663093729761	-0.0059215014283603975	0
transfo-xl-wt103	head_embed_cache_transfo-xl-wt103.jsonl	orig	strive__pst	strive	pst	199	199	0	0	2	2	2	strived,strove	strived	strove	0.0008	fisher_exact	True	2	1	0	1	1	0	1		conditioned-cat-only	cat_only_label	21	2	0.5916727785823275	18	3	0.0	0.0	0.011087411891063477	0.035729255800579986	0.2572600653282717	0.25623671210261306	1.0039937806618782	3.922435701773393	4.045802989611443	0.969507341767549	0.9523809523809523	0.9523809523809523	-0.10410094637223975	-0.02720497505835223	0
transfo-xl-wt103	head_embed_cache_transfo-xl-wt103.jsonl	orig	strive__pst	strive	pst	199	199	0	0	2	2	2	strived,strove	strived	strove	0.0008	fisher_exact	True	2	1	0	1	1	0	1		conditioned-exclude	conditioned_exclude_label	199	3	0.548714629387147	178	3	0.0	0.0	-0.16690416610041692	-0.07700697987897534	0.2725518462554737	0.2744289972741988	0.9931597934716443	4.216186070670486	4.167817483274873	1.0116052556499204	0.7889447236180904	0.7437185929648241	0.009933656778993947	-0.005118879994844006	0
transfo-xl-wt103	head_embed_cache_transfo-xl-wt103.jsonl	orig	strive__pst	strive	pst	199	199	0	0	2	2	2	strived,strove	strived	strove	0.0008	fisher_exact	True	2	1	0	1	1	0	1		form	form_label	199	2	0.9999817845368457	100	99	0.0	0.0	0.0653785321396192	0.03839974346722402	0.26437046762684935	0.28137041682134767	0.9395816042548204	4.127719933532114	4.285240911750184	0.9632410449115835	0.9095477386934674	0.8693467336683417	-0.0012119730717915814	-0.0019452370217202717	0
transfo-xl-wt103	head_embed_cache_transfo-xl-wt103.jsonl	orig	strive__pst	strive	pst	199	199	0	0	2	2	2	strived,strove	strived	strove	0.0008	fisher_exact	True	2	1	0	1	1	0	1		raw	raw_label	199	2	0.48627679848147415	178	21	0.0	0.0	0.013722464799747359	-0.004814131130950162	0.2724966550480406	0.2746918071723437	0.992008672748926	4.215609694902947	4.169580132461021	1.011039375903482	0.7889447236180904	0.7386934673366834	0.017769540162989206	-0.005195141323387422	0
transfo-xl-wt103	head_embed_cache_transfo-xl-wt103.jsonl	orig	take__ppt	take	ppt	199	140	59	0	25	6	2	taken,took	taken	took	0.0053	fisher_exact	True	25	3	3	0	3	3	0		conditioned-cat-only	cat_only_label	0	0		0	0															0
transfo-xl-wt103	head_embed_cache_transfo-xl-wt103.jsonl	orig	take__ppt	take	ppt	199	140	59	0	25	6	2	taken,took	taken	took	0.0053	fisher_exact	True	25	3	3	0	3	3	0		conditioned-exclude	conditioned_exclude_label	63	3	1.555383834371384	27	17	0.0	0.0	0.005505420513818219	0.0032480740319905284	0.5808621413091914	0.6085610157984684	0.9544846387293895	6.089729913962605	6.23877520876456	0.9761098469147329	0.47619047619047616	0.49206349206349204	0.06512221450843322	0.13358733408552353	0
transfo-xl-wt103	head_embed_cache_transfo-xl-wt103.jsonl	orig	take__ppt	take	ppt	199	140	59	0	25	6	2	taken,took	taken	took	0.0053	fisher_exact	True	25	3	3	0	3	3	0		form	form_label	199	2	0.9999817845368457	100	99	0.0	0.0	0.06684011789053589	0.035736060901617565	0.5839771468853047	0.627592314950088	0.9305039800108896	6.106538262899505	6.332814218006036	0.964269288926373	0.7035175879396985	0.6984924623115578	0.06094340816197432	0.044575813788755525	0
transfo-xl-wt103	head_embed_cache_transfo-xl-wt103.jsonl	orig	take__ppt	take	ppt	199	140	59	0	25	6	2	taken,took	taken	took	0.0053	fisher_exact	True	25	3	3	0	3	3	0		raw	raw_label	199	25	3.703492483956415	35	1	0.44	0.52	-0.264720731743343	-0.14130635108132086	0.6015078859617347	0.6063527070245035	0.9920098962095125	6.192009177328936	6.223195445781054	0.9949887049629366	0.21105527638190955	0.20100502512562815	0.012421931321535707	0.05688555131961183	0
transfo-xl-wt103	head_embed_cache_transfo-xl-wt103.jsonl	orig	tear__ppt	tear	ppt	96	91	5	0	6	3	2	tore,torn	tore	torn	0.0026	fisher_exact	True	6	2	0	1	2	0	1		conditioned-cat-only	cat_only_label	18	2	0.7642045065086203	14	4	0.0	0.0	0.15854456130891553	0.08284559444957423	0.45711003510715387	0.5406896543721057	0.8454203467939265	5.375614456755398	5.838523374940863	0.9207147272592441	0.8333333333333334	0.8333333333333334	0.3388072601555748	0.13452874998490316	0
transfo-xl-wt103	head_embed_cache_transfo-xl-wt103.jsonl	orig	tear__ppt	tear	ppt	96	91	5	0	6	3	2	tore,torn	tore	torn	0.0026	fisher_exact	True	6	2	0	1	2	0	1		conditioned-exclude	conditioned_exclude_label	91	4	1.6698922224763166	38	4	0.0	0.0	-0.034518792145395334	-0.011276085030313346	0.434512154574466	0.4622437148340027	0.940006625575222	5.022963557811047	5.244100845772193	0.9578312289437707	0.4725274725274725	0.5054945054945055	0.017609319709979258	0.03796358892947086	0
transfo-xl-wt103	head_embed_cache_transfo-xl-wt103.jsonl	orig	tear__ppt	tear	ppt	96	91	5	0	6	3	2	tore,torn	tore	torn	0.0026	fisher_exact	True	6	2	0	1	2	0	1		form	form_label	96	2	1.0	48	48	0.0	0.0	0.17075348017518124	0.09358967271529739	0.41151542404206215	0.5004923473020924	0.822221211293917	4.925032861793748	5.446971436549281	0.9041782060296268	0.90625	0.90625	0.18446481151246216	0.19636144262623625	0
transfo-xl-wt103	head_embed_cache_transfo-xl-wt103.jsonl	orig	tear__ppt	tear	ppt	96	91	5	0	6	3	2	tore,torn	tore	torn	0.0026	fisher_exact	True	6	2	0	1	2	0	1		raw	raw_label	96	6	1.814079155618118	38	1	0.16666666666666666	0.5	-0.09037657408559006	-0.05054839629377833	0.4384493696688995	0.4649006214013525	0.9431034278837468	5.0535255786231	5.25198701650366	0.9622121232864967	0.4270833333333333	0.4375	0.018476019440769126	0.037640685912400745	0
transfo-xl-wt103	head_embed_cache_transfo-xl-wt103.jsonl	orig	tread__ppt	tread	ppt	197	175	22	0	8	4	2	trod,trodden	trod	trodden	0.0	fisher_exact	True	8	2	1	1	2	1	1		conditioned-cat-only	cat_only_label	18	2	0.6500224216483541	15	3	0.0	0.0	0.1100608474687606	0.03880454160118855	0.4043255180463357	0.46442850636299543	0.870587210963137	5.313078220195911	5.539423500336044	0.959139199209737	0.8333333333333334	0.8333333333333334	-0.003278688524590164	-0.07099861298036482	0
transfo-xl-wt103	head_embed_cache_transfo-xl-wt103.jsonl	orig	tread__ppt	tread	ppt	197	175	22	0	8	4	2	trod,trodden	trod	trodden	0.0	fisher_exact	True	8	2	1	1	2	1	1		conditioned-exclude	conditioned_exclude_label	100	4	1.6139113581028388	44	3	0.0	0.0	-0.03661932484174921	-0.025687212708562505	0.4388357910273171	0.4442249962373732	0.9878682981468779	5.454688020419749	5.499909260651886	0.9917778206713949	0.43	0.44	-0.005619123089334984	0.0002148120865926468	0
transfo-xl-wt103	head_embed_cache_transfo-xl-wt103.jsonl	orig	tread__ppt	tread	ppt	197	175	22	0	8	4	2	trod,trodden	trod	trodden	0.0	fisher_exact	True	8	2	1	1	2	1	1		form	form_label	197	2	0.9999814128006821	99	98	0.0	0.0	0.11330661626669859	0.06391546023883986	0.39130500194223794	0.4410922247359065	0.8871274078261582	5.048533418380601	5.394108335268581	0.9359347466886252	0.9035532994923858	0.9035532994923858	-0.002849730852910774	-0.0022313273753367343	0
transfo-xl-wt103	head_embed_cache_transfo-xl-wt103.jsonl	orig	tread__ppt	tread	ppt	197	175	22	0	8	4	2	trod,trodden	trod	trodden	0.0	fisher_exact	True	8	2	1	1	2	1	1		raw	raw_label	197	8	2.2940645639523796	75	1	0.25	0.25	-0.22848749563478737	-0.15054287491321566	0.39333211495225656	0.4236738915601002	0.9283841246480502	5.037550444042642	5.281214500516725	0.953862117047084	0.3553299492385787	0.350253807106599	0.05477095568491852	0.08650473481455129	0
transfo-xl-wt103	head_embed_cache_transfo-xl-wt103.jsonl	orig	tread__pst	tread	pst	170	153	17	0	8	4	2	treaded,trod	treaded	trod	0.0	fisher_exact	True	8	1	1	2	1	1	2		conditioned-cat-only	cat_only_label	42	4	1.6755064993703321	20	3	0.0	0.0	-0.012523923711930698	-0.005202901284856227	0.40859857564411123	0.5390134763938128	0.7580489051549832	5.272184729761518	5.877523231786829	0.8970078929247751	0.5	0.5	0.15840648210668468	0.32030399054343556	0
transfo-xl-wt103	head_embed_cache_transfo-xl-wt103.jsonl	orig	tread__pst	tread	pst	170	153	17	0	8	4	2	treaded,trod	treaded	trod	0.0	fisher_exact	True	8	1	1	2	1	1	2		conditioned-exclude	conditioned_exclude_label	97	5	1.7124814707746505	55	3	0.0	0.0	-0.1947205157647843	-0.10901492539974891	0.5481676568198298	0.5507624087865121	0.9952887998068002	5.93065477086257	5.946405148918469	0.997351277341275	0.2268041237113402	0.2268041237113402	0.04424131950701211	0.13998084006205244	0
transfo-xl-wt103	head_embed_cache_transfo-xl-wt103.jsonl	orig	tread__pst	tread	pst	170	153	17	0	8	4	2	treaded,trod	treaded	trod	0.0	fisher_exact	True	8	1	1	2	1	1	2		form	form_label	170	2	1.0	85	85	0.0	0.0	0.41759565397158327	0.24918903253742178	0.41647531883002326	0.7147944761222608	0.582650443928148	5.102074187621405	6.800002849385437	0.7503047131932473	1.0	1.0	1.0	1.0	0
transfo-xl-wt103	head_embed_cache_transfo-xl-wt103.jsonl	orig	tread__pst	tread	pst	170	153	17	0	8	4	2	treaded,trod	treaded	trod	0.0	fisher_exact	True	8	1	1	2	1	1	2		raw	raw_label	170	8	2.298749565890562	56	2	0.0	0.125	-0.15292807730864744	-0.07763626372317829	0.5249430887148855	0.5799303271865152	0.9051830264880338	5.676697900836654	6.046191035990699	0.9388882797525597	0.37058823529411766	0.34705882352941175	0.045823570364492486	0.10070190462972409	0
transfo-xl-wt103	head_embed_cache_transfo-xl-wt103.jsonl	orig	wake__ppt	wake	ppt	198	180	18	0	5	3	2	woke,woken	woke	woken	0.0062	fisher_exact	True	5	2	1	0	2	1	0		conditioned-cat-only	cat_only_label	0	0		0	0															0
transfo-xl-wt103	head_embed_cache_transfo-xl-wt103.jsonl	orig	wake__ppt	wake	ppt	198	180	18	0	5	3	2	woke,woken	woke	woken	0.0062	fisher_exact	True	5	2	1	0	2	1	0		conditioned-exclude	conditioned_exclude_label	151	2	0.9992089388648364	78	73	0.0	0.0	0.02648711682311421	0.016216674888346147	0.3561015718233505	0.3655446455819551	0.9741671123548507	4.571162756643297	4.644581105401267	0.9841926866832854	0.7086092715231788	0.7218543046357616	0.0357279597769227	0.026186803067854033	0
transfo-xl-wt103	head_embed_cache_transfo-xl-wt103.jsonl	orig	wake__ppt	wake	ppt	198	180	18	0	5	3	2	woke,woken	woke	woken	0.0062	fisher_exact	True	5	2	1	0	2	1	0		form	form_label	198	2	0.999926399368686	100	98	0.0	0.0	0.05931460147392907	0.032428813421983366	0.35387581014999636	0.3759921477890273	0.9411787246912384	4.566624593281954	4.718830977345513	0.9677448959722692	0.8131313131313131	0.8131313131313131	-0.0011034429107436962	-0.0005829575623443062	0
transfo-xl-wt103	head_embed_cache_transfo-xl-wt103.jsonl	orig	wake__ppt	wake	ppt	198	180	18	0	5	3	2	woke,woken	woke	woken	0.0062	fisher_exact	True	5	2	1	0	2	1	0		raw	raw_label	198	5	1.8500486219129297	78	4	0.0	0.0	7.91251918278746e-05	-0.003812226285682659	0.3544122016254921	0.3698418422804334	0.9582804353347295	4.5643551582961015	4.679239095340902	0.9754481584069533	0.5555555555555556	0.5505050505050505	0.03731069358045421	0.056924918810571976	0
transfo-xl-wt103	head_embed_cache_transfo-xl-wt103.jsonl	orig	wear__ppt	wear	ppt	88	66	22	0	5	1	2	wore,worn	wore	worn	0.0268	fisher_exact	True	5	1	0	0	1	0	0		conditioned-cat-only	cat_only_label	0	0		0	0															0
transfo-xl-wt103	head_embed_cache_transfo-xl-wt103.jsonl	orig	wear__ppt	wear	ppt	88	66	22	0	5	1	2	wore,worn	wore	worn	0.0268	fisher_exact	True	5	1	0	0	1	0	0		conditioned-exclude	conditioned_exclude_label	66	1	-0.0	66	66	0.0	0.0													0
transfo-xl-wt103	head_embed_cache_transfo-xl-wt103.jsonl	orig	wear__ppt	wear	ppt	88	66	22	0	5	1	2	wore,worn	wore	worn	0.0268	fisher_exact	True	5	1	0	0	1	0	0		form	form_label	88	2	1.0	44	44	0.0	0.0	0.14982581257120275	0.08217100732040426	0.5427186943954276	0.6440314459039896	0.842689744184222	5.81693462881094	6.346439594016066	0.9165666107175454	0.8068181818181818	0.8068181818181818	0.28936936936936936	0.22107527440204047	0
transfo-xl-wt103	head_embed_cache_transfo-xl-wt103.jsonl	orig	wear__ppt	wear	ppt	88	66	22	0	5	1	2	wore,worn	wore	worn	0.0268	fisher_exact	True	5	1	0	0	1	0	0		raw	raw_label	88	5	1.234422785899402	66	1	0.2	0.2	-0.0629123786459393	-0.017796984019671145	0.5778263023366068	0.6161562611955405	0.9377918212101566	5.885216887279033	6.359293316342511	0.9254513975876586	0.48863636363636365	0.5340909090909091	0.0938668257570534	0.19310805759033675	0
transfo-xl-wt103	head_embed_cache_transfo-xl-wt103.jsonl	orig	weave__ppt	weave	ppt	122	91	31	0	11	4	2	weaved,woven	weaved	woven	0.0372	fisher_exact	True	11	3	1	0	3	1	0		conditioned-cat-only	cat_only_label	0	0		0	0															0
transfo-xl-wt103	head_embed_cache_transfo-xl-wt103.jsonl	orig	weave__ppt	weave	ppt	122	91	31	0	11	4	2	weaved,woven	weaved	woven	0.0372	fisher_exact	True	11	3	1	0	3	1	0		conditioned-exclude	conditioned_exclude_label	68	3	1.431169262145754	38	15	0.0	0.0	0.023449973849454003	0.00977811384177413	0.4193029482607198	0.46285231763485524	0.9059108754242177	4.7943093506041485	5.01257083809612	0.9564571764586031	0.6176470588235294	0.6029411764705882	0.05212111280604134	0.02826166140973403	0
transfo-xl-wt103	head_embed_cache_transfo-xl-wt103.jsonl	orig	weave__ppt	weave	ppt	122	91	31	0	11	4	2	weaved,woven	weaved	woven	0.0372	fisher_exact	True	11	3	1	0	3	1	0		form	form_label	122	2	0.999806132804711	62	60	0.0	0.0	0.18676211147520705	0.10667106914233125	0.41395202582945945	0.5079877427417144	0.8148858545193928	4.753811773358975	5.313113083303262	0.8947319017730075	0.9754098360655737	0.9672131147540983	0.616135554960408	0.5616395041862863	0
transfo-xl-wt103	head_embed_cache_transfo-xl-wt103.jsonl	orig	weave__ppt	weave	ppt	122	91	31	0	11	4	2	weaved,woven	weaved	woven	0.0372	fisher_exact	True	11	3	1	0	3	1	0		raw	raw_label	122	11	2.836519828492392	38	1	0.18181818181818182	0.18181818181818182	-0.1255835110884113	-0.08575320981867987	0.4215263133411184	0.46952681159198145	0.8977683551486396	4.797887138826498	5.084557169934936	0.9436194693997105	0.32786885245901637	0.319672131147541	0.06051083230257	0.09708906104349899	0
transfo-xl-wt103	head_embed_cache_transfo-xl-wt103.jsonl	orig	weave__pst	weave	pst	198	153	45	0	13	4	2	weaved,wove	weaved	wove	0.0	fisher_exact	True	13	1	2	1	1	2	1		conditioned-cat-only	cat_only_label	28	2	0.676941869780886	23	5	0.0	0.0	0.09786923566823892	0.052322181725142324	0.4369577838513146	0.4920587990362756	0.8880194495192864	4.992518511759642	5.311265404407539	0.939986638140247	0.7857142857142857	0.7857142857142857	0.03740878629932986	-0.029331012803892758	0
transfo-xl-wt103	head_embed_cache_transfo-xl-wt103.jsonl	orig	weave__pst	weave	pst	198	153	45	0	13	4	2	weaved,wove	weaved	wove	0.0	fisher_exact	True	13	1	2	1	1	2	1		conditioned-exclude	conditioned_exclude_label	51	3	1.3647098428918996	23	5	0.0	0.0	0.013696505520709648	0.0079909846248487	0.4659814295427926	0.4883975802062768	0.9541026582195254	5.1518954855164365	5.282505746518241	0.9752749419936001	0.5882352941176471	0.5882352941176471	0.0930176305122173	0.05059419381823654	0
transfo-xl-wt103	head_embed_cache_transfo-xl-wt103.jsonl	orig	weave__pst	weave	pst	198	153	45	0	13	4	2	weaved,wove	weaved	wove	0.0	fisher_exact	True	13	1	2	1	1	2	1		form	form_label	198	2	0.999926399368686	100	98	0.0	0.0	0.09196267597431584	0.04920581454326876	0.43254591031387274	0.47595508694747507	0.9087956451689467	4.929402972301151	5.1840346232133925	0.9508815682341248	0.9595959595959596	0.9545454545454546	-0.003686597580977792	-0.003213488555355155	0
transfo-xl-wt103	head_embed_cache_transfo-xl-wt103.jsonl	orig	weave__pst	weave	pst	198	153	45	0	13	4	2	weaved,wove	weaved	wove	0.0	fisher_exact	True	13	1	2	1	1	2	1		raw	raw_label	198	13	2.7570427744092507	81	1	0.07692307692307693	0.23076923076923078	-0.1649482218271537	-0.09560110088043308	0.4194254672973084	0.4640276231834857	0.903880386300751	4.867045432754964	5.110027381868499	0.9524499712123484	0.3838383838383838	0.3888888888888889	0.024994422929591927	0.08505909981722148	0
transfo-xl-wt103	head_embed_cache_transfo-xl-wt103.jsonl	orig	wet__pst	wet	pst	76	74	2	0	3	2	2	wet,wetted	wet	wetted	0.0	fisher_exact	True	3	0	2	0	0	2	0		conditioned-cat-only	cat_only_label	0	0		0	0															0
transfo-xl-wt103	head_embed_cache_transfo-xl-wt103.jsonl	orig	wet__pst	wet	pst	76	74	2	0	3	2	2	wet,wetted	wet	wetted	0.0	fisher_exact	True	3	0	2	0	0	2	0		conditioned-exclude	conditioned_exclude_label	0	0		0	0															0
transfo-xl-wt103	head_embed_cache_transfo-xl-wt103.jsonl	orig	wet__pst	wet	pst	76	74	2	0	3	2	2	wet,wetted	wet	wetted	0.0	fisher_exact	True	3	0	2	0	0	2	0		form	form_label	76	2	1.0	38	38	0.0	0.0	0.29720700822357954	0.1692131060983576	0.4553065414709988	0.649691360886528	0.7008043647828657	5.380793882180335	6.483720609692164	0.8298929281648681	0.9868421052631579	0.9868421052631579	0.846301408318907	0.7960862814430401	0
transfo-xl-wt103	head_embed_cache_transfo-xl-wt103.jsonl	orig	wet__pst	wet	pst	76	74	2	0	3	2	2	wet,wetted	wet	wetted	0.0	fisher_exact	True	3	0	2	0	0	2	0		raw	raw_label	76	3	1.1239576570186298	44	2	0.0	0.3333333333333333	-0.049611596631044974	-0.04862503453684695	0.5275802223362878	0.5784737432967447	0.9120210354398927	5.779757084323001	6.0900984115849095	0.9490416564251966	0.6973684210526315	0.6973684210526315	0.07543946611274654	0.07355631125313397	0
transfo-xl-wt103	head_embed_cache_transfo-xl-wt103.jsonl	orig	write__ppt	write	ppt	199	172	27	0	14	2	2	written,wrote	written	wrote	0.0019	fisher_exact	True	14	1	1	0	1	1	0		conditioned-cat-only	cat_only_label	0	0		0	0															0
transfo-xl-wt103	head_embed_cache_transfo-xl-wt103.jsonl	orig	write__ppt	write	ppt	199	172	27	0	14	2	2	written,wrote	written	wrote	0.0019	fisher_exact	True	14	1	1	0	1	1	0		conditioned-exclude	conditioned_exclude_label	144	1	-0.0	144	144	0.0	0.0													0
transfo-xl-wt103	head_embed_cache_transfo-xl-wt103.jsonl	orig	write__ppt	write	ppt	199	172	27	0	14	2	2	written,wrote	written	wrote	0.0019	fisher_exact	True	14	1	1	0	1	1	0		form	form_label	199	2	0.9999817845368457	100	99	0.0	0.0	0.06740203386646251	0.036577617993604386	0.5836353635198187	0.6277898105896009	0.9296668306414312	5.843776967984567	6.069546963706045	0.9628028258004246	0.7236180904522613	0.7185929648241206	0.15342474138458714	0.1186369690644585	0
transfo-xl-wt103	head_embed_cache_transfo-xl-wt103.jsonl	orig	write__ppt	write	ppt	199	172	27	0	14	2	2	written,wrote	written	wrote	0.0019	fisher_exact	True	14	1	1	0	1	1	0		raw	raw_label	199	14	1.53084921111479	144	1	0.5714285714285714	0.6428571428571429	-0.2806833055502798	-0.16219501395878191	0.6014731167404752	0.6110258864451887	0.9843660147358251	5.939079369668164	5.978933397986721	0.9933342578574337	0.271356783919598	0.3165829145728643	-0.0025061597583358277	0.005183504886685041	0
