model	cache_path	embedding_type	system_id	lemma	msps	n_tokens_total_system	n_tokens_with_conditioning	n_tokens_unmatched_conditioning	n_tokens_unexpected_form	n_meanings_total_system	n_meanings_with_conditioning	n_forms_observed_system	observed_forms	expected_form_1	expected_form_2	pair_p_value	pair_test_type	pair_significant	pair_attested_meanings	cond_no_cond_count_expected	cond_prob_count_expected	cond_cat_count_expected	cond_no_cond_count_matched	cond_prob_count_matched	cond_cat_count_matched	system_notes	label_type	label_column	n_samples_eval	n_labels	label_entropy	label_max_count	label_min_count	label_singleton_fraction	label_sparse_fraction	silhouette_cosine	silhouette_euclidean	within_cosine	between_cosine	within_between_ratio_cosine	within_euclidean	between_euclidean	within_between_ratio_euclidean	nearest_centroid_loo_acc_cosine	nearest_centroid_loo_acc_euclidean	kmeans_ari	kmeans_ami	kmeans_pca_components_used
answerdotai_ModernBERT-base	head_embed_cache_answerdotai_ModernBERT-base.jsonl	delta	begin__ppt	begin	ppt	200	198	2	0	4	3	2	began,begun	began	begun	0.1741	fisher_exact	False	4	3	0	0	3	0	0		conditioned-exclude	conditioned_exclude_label	198	3	1.1529706704117353	140	22	0.0	0.0	-0.05985973656875866	-0.028269435822864574	0.9995892994377987	1.0064436271135997	0.9931895562839832	19.32635253348464	19.49997334854184	0.9910963562896263	0.4494949494949495	0.45454545454545453	0.009727631655182357	0.047107434545454574	0
answerdotai_ModernBERT-base	head_embed_cache_answerdotai_ModernBERT-base.jsonl	delta	begin__ppt	begin	ppt	200	198	2	0	4	3	2	began,begun	began	begun	0.1741	fisher_exact	False	4	3	0	0	3	0	0		form	form_label	200	2	1.0	100	100	0.0	0.0	0.8011511130212433	0.5554632873166887	0.3300856769875044	1.6686909630409723	0.19781114915728085	11.908509506291162	26.808250167199073	0.4442106229246429	1.0	1.0	1.0	1.0	0
answerdotai_ModernBERT-base	head_embed_cache_answerdotai_ModernBERT-base.jsonl	delta	begin__ppt	begin	ppt	200	198	2	0	4	3	2	began,begun	began	begun	0.1741	fisher_exact	False	4	3	0	0	3	0	0		raw	raw_label	200	4	1.2222340996035292	140	2	0.0	0.25	-0.27409776464688235	-0.15726949581876895	0.9995233650011777	1.006425263267463	0.9931421651282106	19.325517518946754	19.475812658314272	0.9922829849514209	0.445	0.39	0.10336409619139285	0.12931569013024594	0
answerdotai_ModernBERT-base	head_embed_cache_answerdotai_ModernBERT-base.jsonl	delta	bid__ppt	bid	ppt	171	160	11	0	7	4	2	bid,bidden	bid	bidden	0.0	fisher_exact	True	7	1	1	2	1	1	2		conditioned-exclude	conditioned_exclude_label	78	4	1.5571643471379213	40	1	0.25	0.25	0.22051719436235273	0.12157883656941468	0.47947107608266804	1.1996115804567957	0.3996886024558816	16.867441704127774	27.080103351957245	0.6228721317974092	0.7307692307692307	0.7307692307692307	0.331281939987702	0.47848161767095165	0
answerdotai_ModernBERT-base	head_embed_cache_answerdotai_ModernBERT-base.jsonl	delta	bid__ppt	bid	ppt	171	160	11	0	7	4	2	bid,bidden	bid	bidden	0.0	fisher_exact	True	7	1	1	2	1	1	2		form	form_label	171	2	0.9999753308152249	86	85	0.0	0.0	0.7495978017557013	0.5013053160090758	0.3927447106821507	1.5758539767415343	0.2492265885537485	16.41356902067627	32.9216821155753	0.4985641062645151	1.0	1.0	1.0	1.0	0
answerdotai_ModernBERT-base	head_embed_cache_answerdotai_ModernBERT-base.jsonl	delta	bid__ppt	bid	ppt	171	160	11	0	7	4	2	bid,bidden	bid	bidden	0.0	fisher_exact	True	7	1	1	2	1	1	2		raw	raw_label	171	7	2.005959814418014	82	1	0.2857142857142857	0.2857142857142857	-0.3598299788427295	-0.19332325203275852	0.8051893027773911	1.0697075034143304	0.752719131358207	22.19557298612831	25.847175765819948	0.8587233354709306	0.5906432748538012	0.3508771929824561	0.24192714030565396	0.3797080323808966	0
answerdotai_ModernBERT-base	head_embed_cache_answerdotai_ModernBERT-base.jsonl	delta	bid__pst	bid	pst	200	168	32	0	10	3	2	bade,bid	bade	bid	0.0	fisher_exact	True	10	1	1	1	1	1	1		conditioned-exclude	conditioned_exclude_label	76	2	0.7424875695421236	60	16	0.0	0.0	-0.012910642737095556	0.022210138238765137	0.9638155619903699	0.9367277535238486	1.0289174825498875	23.4380983504111	23.64868248611662	0.9910953121456493	0.5657894736842105	0.5657894736842105	-0.01960472873318055	0.17458560403798593	0
answerdotai_ModernBERT-base	head_embed_cache_answerdotai_ModernBERT-base.jsonl	delta	bid__pst	bid	pst	200	168	32	0	10	3	2	bade,bid	bade	bid	0.0	fisher_exact	True	10	1	1	1	1	1	1		form	form_label	200	2	1.0	100	100	0.0	0.0	0.7838548631160124	0.536082603321584	0.34914922572231416	1.6265028485822164	0.21466253565227947	15.214719403214298	32.805055826437055	0.46379190706796497	1.0	1.0	1.0	1.0	0
answerdotai_ModernBERT-base	head_embed_cache_answerdotai_ModernBERT-base.jsonl	delta	bid__pst	bid	pst	200	168	32	0	10	3	2	bade,bid	bade	bid	0.0	fisher_exact	True	10	1	1	1	1	1	1		raw	raw_label	200	10	2.1208109300257063	92	1	0.2	0.3	-0.49570417206348194	-0.3039909823784805	0.8846418765736263	1.0390266276789137	0.8514140571640899	22.37019891644625	24.813637878011928	0.9015283863825997	0.445	0.195	0.1403978889996999	0.2832038346238756	0
answerdotai_ModernBERT-base	head_embed_cache_answerdotai_ModernBERT-base.jsonl	delta	break__ppt	break	ppt	199	126	73	0	28	6	2	broke,broken	broke	broken	0.2008	fisher_exact	False	28	4	1	1	4	1	1		conditioned-exclude	conditioned_exclude_label	100	6	2.477667024828463	23	5	0.0	0.0	-0.33256729430152304	-0.19252315896901911	0.8329011397044783	1.0009926880204818	0.8320751486722507	22.78665129883698	25.475073977259623	0.894468503572454	0.26	0.25	0.13039799367456903	0.20159773525827407	0
answerdotai_ModernBERT-base	head_embed_cache_answerdotai_ModernBERT-base.jsonl	delta	break__ppt	break	ppt	199	126	73	0	28	6	2	broke,broken	broke	broken	0.2008	fisher_exact	False	28	4	1	1	4	1	1		form	form_label	199	2	0.9999817845368457	100	99	0.0	0.0	0.7919434930101509	0.5448260632064692	0.342312707198282	1.653712034407258	0.20699656293000102	15.905814739965809	34.95302218254295	0.4550626454244022	1.0	1.0	1.0	1.0	0
answerdotai_ModernBERT-base	head_embed_cache_answerdotai_ModernBERT-base.jsonl	delta	break__ppt	break	ppt	199	126	73	0	28	6	2	broke,broken	broke	broken	0.2008	fisher_exact	False	28	4	1	1	4	1	1		raw	raw_label	199	28	3.9567734612441186	26	1	0.42857142857142855	0.4642857142857143	-0.5966117955469404	-0.35127253092719946	0.923430744075761	1.007901750784215	0.9161912293110615	24.157146649696255	25.5890611862769	0.9440419276753864	0.22110552763819097	0.1507537688442211	0.08615176385973496	0.17472785291792078	0
answerdotai_ModernBERT-base	head_embed_cache_answerdotai_ModernBERT-base.jsonl	delta	bring__pst	bring	pst	193	193	0	0	4	4	2	brought,brung	brought	brung	0.0	chi_sq	True	4	1	2	1	1	2	1		conditioned-exclude	conditioned_exclude_label	80	3	0.9403047812186183	61	3	0.0	0.0	-0.3461916901374046	-0.20334881121925008	0.958456659775127	1.0134699400361762	0.9457178964192213	15.828231632502986	16.14006435794871	0.9806795859960651	0.2375	0.2375	-0.03785586810406977	0.17860356016710582	0
answerdotai_ModernBERT-base	head_embed_cache_answerdotai_ModernBERT-base.jsonl	delta	bring__pst	bring	pst	193	193	0	0	4	4	2	brought,brung	brought	brung	0.0	chi_sq	True	4	1	2	1	1	2	1		form	form_label	193	2	0.999515806980105	99	94	0.0	0.0	0.7821155332614446	0.53021998808611	0.3542771818590854	1.6311337155933254	0.21719689714721946	10.1697193267826	21.657748627486452	0.4695649350124937	1.0	1.0	1.0	1.0	0
answerdotai_ModernBERT-base	head_embed_cache_answerdotai_ModernBERT-base.jsonl	delta	bring__pst	bring	pst	193	193	0	0	4	4	2	brought,brung	brought	brung	0.0	chi_sq	True	4	1	2	1	1	2	1		raw	raw_label	193	4	1.877444466874	67	19	0.0	0.0	-0.09550557823361154	-0.05587851490077357	0.8388719454260459	1.0575192704439056	0.7932450678406266	14.491078566391403	16.5121204066804	0.8776025252655418	0.5025906735751295	0.47150259067357514	0.0757372474528395	0.10667871996962905	0
answerdotai_ModernBERT-base	head_embed_cache_answerdotai_ModernBERT-base.jsonl	delta	burn__ppt	burn	ppt	199	152	47	0	15	4	2	burned,burnt	burned	burnt	0.0028	fisher_exact	True	15	3	1	0	3	1	0		conditioned-exclude	conditioned_exclude_label	131	3	1.262392868407983	85	16	0.0	0.0	-0.06671827878071585	-0.02277245744707944	0.9959528301964672	1.0078863587836442	0.9881598471065937	14.980219812277003	15.319820706931004	0.9778325803447322	0.42748091603053434	0.44274809160305345	0.024420323753155105	0.08408616744128346	0
answerdotai_ModernBERT-base	head_embed_cache_answerdotai_ModernBERT-base.jsonl	delta	burn__ppt	burn	ppt	199	152	47	0	15	4	2	burned,burnt	burned	burnt	0.0028	fisher_exact	True	15	3	1	0	3	1	0		form	form_label	199	2	0.9999817845368457	100	99	0.0	0.0	0.7586779208171541	0.5038316378201458	0.3870250833859085	1.6100001488894202	0.240388228319655	9.99688958872374	20.175745683337823	0.4954904639276698	1.0	1.0	1.0	1.0	0
answerdotai_ModernBERT-base	head_embed_cache_answerdotai_ModernBERT-base.jsonl	delta	burn__ppt	burn	ppt	199	152	47	0	15	4	2	burned,burnt	burned	burnt	0.0028	fisher_exact	True	15	3	1	0	3	1	0		raw	raw_label	199	15	2.8386901946024508	85	1	0.13333333333333333	0.13333333333333333	-0.5748642620781781	-0.34191018437842763	0.987833634787057	1.0055770284166816	0.9823550129644845	14.885079447806339	15.177727749783754	0.9807185695512568	0.12562814070351758	0.09045226130653267	0.043055639028965406	0.12569834075577135	0
answerdotai_ModernBERT-base	head_embed_cache_answerdotai_ModernBERT-base.jsonl	delta	burn__pst	burn	pst	198	130	68	0	20	3	2	burned,burnt	burned	burnt	0.0	fisher_exact	True	21	2	0	1	2	0	1		conditioned-exclude	conditioned_exclude_label	130	4	1.3101187762447488	89	3	0.0	0.0	-0.40411507709137473	-0.22365285522730086	0.9633190349765556	1.041653646632512	0.9247978328408883	15.757506531673599	16.23798563071428	0.9704101783332132	0.23846153846153847	0.19230769230769232	0.024875995536933992	0.10906950429383161	0
answerdotai_ModernBERT-base	head_embed_cache_answerdotai_ModernBERT-base.jsonl	delta	burn__pst	burn	pst	198	130	68	0	20	3	2	burned,burnt	burned	burnt	0.0	fisher_exact	True	21	2	0	1	2	0	1		form	form_label	198	2	0.999926399368686	100	98	0.0	0.0	0.7683971418309087	0.5148096640790477	0.3740505764080212	1.6210381994231473	0.23074753978106657	10.535465535807232	21.73054010248432	0.4848229950162526	1.0	1.0	1.0	1.0	0
answerdotai_ModernBERT-base	head_embed_cache_answerdotai_ModernBERT-base.jsonl	delta	burn__pst	burn	pst	198	130	68	0	20	3	2	burned,burnt	burned	burnt	0.0	fisher_exact	True	21	2	0	1	2	0	1		raw	raw_label	198	20	3.042396475146948	89	1	0.05	0.4	-0.5367037916067933	-0.3023865648489228	0.9666355774314701	1.0107668768717835	0.9563387953739688	15.782887404399476	16.27332400122455	0.9698625433385232	0.17676767676767677	0.14646464646464646	0.05726594449147513	0.13189822033205378	0
answerdotai_ModernBERT-base	head_embed_cache_answerdotai_ModernBERT-base.jsonl	delta	creep__ppt	creep	ppt	200	173	27	0	7	3	2	creeped,crept	creeped	crept	0.0	fisher_exact	True	7	0	1	2	0	1	2		conditioned-exclude	conditioned_exclude_label	100	3	0.992997266270944	72	3	0.0	0.0	0.372354568302599	0.22538284937651248	0.26653646936099085	1.512354675431745	0.17623939257826565	10.28013286683646	23.4753952035832	0.43791096071802604	0.99	0.99	0.5166445358217371	0.6704533182392237	0
answerdotai_ModernBERT-base	head_embed_cache_answerdotai_ModernBERT-base.jsonl	delta	creep__ppt	creep	ppt	200	173	27	0	7	3	2	creeped,crept	creeped	crept	0.0	fisher_exact	True	7	0	1	2	0	1	2		form	form_label	200	2	1.0	100	100	0.0	0.0	0.8312687817574042	0.5884965055309196	0.281131161641763	1.6738214868558077	0.16795767281602664	10.157235944836863	24.688646241577697	0.4114132401367252	1.0	1.0	1.0	1.0	0
answerdotai_ModernBERT-base	head_embed_cache_answerdotai_ModernBERT-base.jsonl	delta	creep__ppt	creep	ppt	200	173	27	0	7	3	2	creeped,crept	creeped	crept	0.0	fisher_exact	True	7	0	1	2	0	1	2		raw	raw_label	200	7	2.047756286887821	73	1	0.14285714285714285	0.2857142857142857	-0.22650424690237653	-0.1141128181354753	0.45096047671624945	1.1936757701574272	0.37779143046254077	11.776812560918488	19.739950953101012	0.5965978633330106	0.75	0.66	0.27340270771632735	0.3668075457595905	0
answerdotai_ModernBERT-base	head_embed_cache_answerdotai_ModernBERT-base.jsonl	delta	creep__pst	creep	pst	199	192	7	0	6	4	2	creeped,crept	creeped	crept	0.0	fisher_exact	True	6	0	1	3	0	1	3		conditioned-exclude	conditioned_exclude_label	150	5	1.6571237065559545	80	2	0.0	0.2	0.06957847798239893	0.020181128282713522	0.2534690237924089	1.3932526791057274	0.1819260982545538	9.656123868186548	21.503702756744	0.4490447053430456	0.84	0.8333333333333334	0.4288828809902293	0.5109952943625834	0
answerdotai_ModernBERT-base	head_embed_cache_answerdotai_ModernBERT-base.jsonl	delta	creep__pst	creep	pst	199	192	7	0	6	4	2	creeped,crept	creeped	crept	0.0	fisher_exact	True	6	0	1	3	0	1	3		form	form_label	199	2	0.9999817845368457	100	99	0.0	0.0	0.8294913763451158	0.5879249084075977	0.2868273949022015	1.688527878848719	0.16986832050280842	10.116404737495685	24.543446340545508	0.41218354574693505	1.0	1.0	1.0	1.0	0
answerdotai_ModernBERT-base	head_embed_cache_answerdotai_ModernBERT-base.jsonl	delta	creep__pst	creep	pst	199	192	7	0	6	4	2	creeped,crept	creeped	crept	0.0	fisher_exact	True	6	0	1	3	0	1	3		raw	raw_label	199	6	2.074652806440842	80	1	0.16666666666666666	0.16666666666666666	-0.025650834593023017	-0.019126856184662876	0.37528881341325004	1.2136235090733547	0.3092300129385237	10.8848220482879	19.70678711877815	0.5523387441434328	0.6231155778894473	0.5829145728643216	0.2535898780671104	0.37414129184239897	0
answerdotai_ModernBERT-base	head_embed_cache_answerdotai_ModernBERT-base.jsonl	delta	disprove__ppt	disprove	ppt	197	197	0	0	1	1	2	disproved,disproven	disproved	disproven		fisher_exact	False	1	1	0	0	1	0	0		conditioned-exclude	conditioned_exclude_label	197	1	-0.0	197	197	0.0	0.0													0
answerdotai_ModernBERT-base	head_embed_cache_answerdotai_ModernBERT-base.jsonl	delta	disprove__ppt	disprove	ppt	197	197	0	0	1	1	2	disproved,disproven	disproved	disproven		fisher_exact	False	1	1	0	0	1	0	0		form	form_label	197	2	0.9999814128006821	99	98	0.0	0.0	0.8163386248270468	0.5695348627636578	0.3092998370244162	1.6887115709787448	0.18315729123899588	11.122129830138245	25.849258490342404	0.43026881542051226	1.0	1.0	1.0	1.0	0
answerdotai_ModernBERT-base	head_embed_cache_answerdotai_ModernBERT-base.jsonl	delta	disprove__ppt	disprove	ppt	197	197	0	0	1	1	2	disproved,disproven	disproved	disproven		fisher_exact	False	1	1	0	0	1	0	0		raw	raw_label	197	1	-0.0	197	197	0.0	0.0													0
answerdotai_ModernBERT-base	head_embed_cache_answerdotai_ModernBERT-base.jsonl	delta	dive__pst	dive	pst	198	182	16	0	7	3	2	dived,dove	dived	dove	0.0014	fisher_exact	True	7	1	2	0	1	2	0		conditioned-exclude	conditioned_exclude_label	67	1	-0.0	67	67	0.0	0.0													0
answerdotai_ModernBERT-base	head_embed_cache_answerdotai_ModernBERT-base.jsonl	delta	dive__pst	dive	pst	198	182	16	0	7	3	2	dived,dove	dived	dove	0.0014	fisher_exact	True	7	1	2	0	1	2	0		form	form_label	198	2	1.0	99	99	0.0	0.0	0.7935427432545682	0.5413680350925637	0.3398936465969817	1.6576547007997704	0.20504490255599844	11.022179256747695	24.093867418346033	0.4574682455650506	1.0	1.0	1.0	1.0	0
answerdotai_ModernBERT-base	head_embed_cache_answerdotai_ModernBERT-base.jsonl	delta	dive__pst	dive	pst	198	182	16	0	7	3	2	dived,dove	dived	dove	0.0014	fisher_exact	True	7	1	2	0	1	2	0		raw	raw_label	198	7	1.907799970324791	73	1	0.42857142857142855	0.42857142857142855	-0.349298599287811	-0.1963144680332702	0.9674818788890471	1.0167002976758872	0.9515900419235145	16.910180604427293	17.877898301187226	0.9458707237027033	0.3686868686868687	0.2878787878787879	0.038871422258903665	0.044999286481247604	0
answerdotai_ModernBERT-base	head_embed_cache_answerdotai_ModernBERT-base.jsonl	delta	dream__ppt	dream	ppt	199	181	18	0	5	3	2	dreamed,dreamt	dreamed	dreamt	0.0015	fisher_exact	True	5	3	0	0	3	0	0		conditioned-exclude	conditioned_exclude_label	181	3	1.3099792748760353	111	22	0.0	0.0	-0.05966486281819155	-0.010726755030629795	1.000325937885337	1.0025777404508986	0.997753987072814	16.376115867678436	16.914321399176547	0.9681804833432861	0.5469613259668509	0.425414364640884	-0.02457860910864101	0.03287552403617681	0
answerdotai_ModernBERT-base	head_embed_cache_answerdotai_ModernBERT-base.jsonl	delta	dream__ppt	dream	ppt	199	181	18	0	5	3	2	dreamed,dreamt	dreamed	dreamt	0.0015	fisher_exact	True	5	3	0	0	3	0	0		form	form_label	199	2	0.9999817845368457	100	99	0.0	0.0	0.8122350375702587	0.5637311614805994	0.31454094546418415	1.6840110277047131	0.18678081098607752	10.060614968154283	23.119902929454952	0.4351495332334192	1.0	1.0	1.0	1.0	0
answerdotai_ModernBERT-base	head_embed_cache_answerdotai_ModernBERT-base.jsonl	delta	dream__ppt	dream	ppt	199	181	18	0	5	3	2	dreamed,dreamt	dreamed	dreamt	0.0015	fisher_exact	True	5	3	0	0	3	0	0		raw	raw_label	199	5	1.6985903204516677	111	4	0.0	0.0	-0.36142655031914234	-0.22675273984474845	0.9944227121135508	1.0078826074530949	0.986645373935406	16.316298890665713	16.814134299189515	0.9703918501145908	0.2613065326633166	0.11055276381909548	0.10090829367731385	0.14832483263592916	0
answerdotai_ModernBERT-base	head_embed_cache_answerdotai_ModernBERT-base.jsonl	delta	dream__pst	dream	pst	197	190	7	0	5	4	2	dreamed,dreamt	dreamed	dreamt	0.0	chi_sq	True	5	0	4	0	0	4	0		conditioned-exclude	conditioned_exclude_label	0	0		0	0															0
answerdotai_ModernBERT-base	head_embed_cache_answerdotai_ModernBERT-base.jsonl	delta	dream__pst	dream	pst	197	190	7	0	5	4	2	dreamed,dreamt	dreamed	dreamt	0.0	chi_sq	True	5	0	4	0	0	4	0		form	form_label	197	2	0.9999814128006821	99	98	0.0	0.0	0.7938090980896539	0.5460612780486601	0.3381742315732497	1.6573060804885265	0.20405055864729926	11.296163513654212	24.93695615159365	0.4529888670046166	1.0	1.0	1.0	1.0	0
answerdotai_ModernBERT-base	head_embed_cache_answerdotai_ModernBERT-base.jsonl	delta	dream__pst	dream	pst	197	190	7	0	5	4	2	dreamed,dreamt	dreamed	dreamt	0.0	chi_sq	True	5	0	4	0	0	4	0		raw	raw_label	197	5	2.0094602437853	69	7	0.0	0.0	-0.23259956706911689	-0.10083024587608533	0.8685392803275331	1.0515203004866909	0.82598431996561	16.447686910162606	18.7993250567695	0.8749083735982273	0.6192893401015228	0.350253807106599	0.08188434150494936	0.09790802301137388	0
answerdotai_ModernBERT-base	head_embed_cache_answerdotai_ModernBERT-base.jsonl	delta	drink__ppt	drink	ppt	200	183	17	0	7	3	2	drank,drunk	drank	drunk	0.0185	fisher_exact	True	7	2	1	0	2	1	0		conditioned-exclude	conditioned_exclude_label	132	2	0.7455178428108284	104	28	0.0	0.0	-0.01301390735945014	-0.01518825955768562	0.9906436894240809	0.9793809711761718	1.0114998336493952	12.813610921501244	12.554579491092147	1.020632425848503	0.4393939393939394	0.4621212121212121	-0.009036779587509638	-0.005575178156578395	0
answerdotai_ModernBERT-base	head_embed_cache_answerdotai_ModernBERT-base.jsonl	delta	drink__ppt	drink	ppt	200	183	17	0	7	3	2	drank,drunk	drank	drunk	0.0185	fisher_exact	True	7	2	1	0	2	1	0		form	form_label	200	2	1.0	100	100	0.0	0.0	0.7465704684290014	0.49253222320547685	0.4021795959157795	1.5943861376484227	0.2522472984549141	8.460854306675417	16.6655019059461	0.5076867384148005	1.0	1.0	1.0	1.0	0
answerdotai_ModernBERT-base	head_embed_cache_answerdotai_ModernBERT-base.jsonl	delta	drink__ppt	drink	ppt	200	183	17	0	7	3	2	drank,drunk	drank	drunk	0.0185	fisher_exact	True	7	2	1	0	2	1	0		raw	raw_label	200	7	1.8199338849640223	104	1	0.2857142857142857	0.2857142857142857	-0.5914481265704079	-0.34264460360011634	0.9810434337887161	1.0124044184970489	0.9690232636924981	12.590911552128668	12.579878593264741	1.0008770322211085	0.295	0.03	0.06872849482474744	0.1414116345670957	0
answerdotai_ModernBERT-base	head_embed_cache_answerdotai_ModernBERT-base.jsonl	delta	drive__ppt	drive	ppt	142	93	49	0	15	4	2	driven,drove	driven	drove	0.0	fisher_exact	True	15	0	0	4	0	0	4		conditioned-exclude	conditioned_exclude_label	93	6	2.257035960830074	27	3	0.0	0.0	0.06953031743663121	0.031158081422190318	0.2805337093027735	1.141271922034443	0.24580794803283273	14.912569338658518	28.43111848123635	0.524515746663303	0.8064516129032258	0.8172043010752689	0.40009575621330085	0.5161150024708673	0
answerdotai_ModernBERT-base	head_embed_cache_answerdotai_ModernBERT-base.jsonl	delta	drive__ppt	drive	ppt	142	93	49	0	15	4	2	driven,drove	driven	drove	0.0	fisher_exact	True	15	0	0	4	0	0	4		form	form_label	142	2	0.9998568991526107	72	70	0.0	0.0	0.8092881251356818	0.5626468058867339	0.31097717822783527	1.6361715540367785	0.19006391931248856	15.472075796527795	35.43166221767995	0.4366737214154019	1.0	1.0	1.0	1.0	0
answerdotai_ModernBERT-base	head_embed_cache_answerdotai_ModernBERT-base.jsonl	delta	drive__ppt	drive	ppt	142	93	49	0	15	4	2	driven,drove	driven	drove	0.0	fisher_exact	True	15	0	0	4	0	0	4		raw	raw_label	142	15	3.2081115221477225	31	1	0.3333333333333333	0.4	-0.3451533388017721	-0.21023913981313638	0.5227312266660837	1.0443685121537003	0.5005237333210149	18.257770924752617	26.576846626577357	0.6869803322149775	0.5422535211267606	0.5140845070422535	0.2229181297800403	0.3367414129885635	0
answerdotai_ModernBERT-base	head_embed_cache_answerdotai_ModernBERT-base.jsonl	delta	eat__ppt	eat	ppt	199	171	28	0	8	2	2	ate,eaten	ate	eaten	0.0053	fisher_exact	True	8	1	1	0	1	1	0		conditioned-exclude	conditioned_exclude_label	142	1	-0.0	142	142	0.0	0.0													0
answerdotai_ModernBERT-base	head_embed_cache_answerdotai_ModernBERT-base.jsonl	delta	eat__ppt	eat	ppt	199	171	28	0	8	2	2	ate,eaten	ate	eaten	0.0053	fisher_exact	True	8	1	1	0	1	1	0		form	form_label	199	2	0.9999817845368457	100	99	0.0	0.0	0.803985947047481	0.5579546862828422	0.3239770424191311	1.6608479402107776	0.19506725123674795	16.236253120123596	36.761233749804376	0.44166779685978297	1.0	1.0	1.0	1.0	0
answerdotai_ModernBERT-base	head_embed_cache_answerdotai_ModernBERT-base.jsonl	delta	eat__ppt	eat	ppt	199	171	28	0	8	2	2	ate,eaten	ate	eaten	0.0053	fisher_exact	True	8	1	1	0	1	1	0		raw	raw_label	199	8	1.4428159561419673	142	1	0.125	0.25	-0.6196572881017194	-0.3578452749224426	0.9803539904559906	1.0134555199746405	0.9673379552765392	26.24063068900988	26.905524515209862	0.9752878325853074	0.36683417085427134	0.020100502512562814	0.04312734970739887	0.05721135183330368	0
answerdotai_ModernBERT-base	head_embed_cache_answerdotai_ModernBERT-base.jsonl	delta	fall__ppt	fall	ppt	200	151	49	0	14	4	2	fallen,fell	fallen	fell	0.0	fisher_exact	True	14	0	2	2	0	2	2		conditioned-exclude	conditioned_exclude_label	69	4	1.5574653812571848	30	4	0.0	0.0	0.1704782060727478	0.10360582611370803	0.3040548858467858	1.3928967724622765	0.2182896046986285	13.05716860540591	27.565712497118366	0.4736742649685135	0.8985507246376812	0.8840579710144928	0.7195056771714515	0.6857406598225997	0
answerdotai_ModernBERT-base	head_embed_cache_answerdotai_ModernBERT-base.jsonl	delta	fall__ppt	fall	ppt	200	151	49	0	14	4	2	fallen,fell	fallen	fell	0.0	fisher_exact	True	14	0	2	2	0	2	2		form	form_label	200	2	1.0	100	100	0.0	0.0	0.8120889342362133	0.5705545643376487	0.31021145325581745	1.6750311499782073	0.185197423498574	13.015457217156435	30.322321707637805	0.4292368289819314	1.0	1.0	1.0	1.0	0
answerdotai_ModernBERT-base	head_embed_cache_answerdotai_ModernBERT-base.jsonl	delta	fall__ppt	fall	ppt	200	151	49	0	14	4	2	fallen,fell	fallen	fell	0.0	fisher_exact	True	14	0	2	2	0	2	2		raw	raw_label	200	14	2.949755162174359	51	1	0.21428571428571427	0.35714285714285715	-0.5711552856664881	-0.30435286949159424	0.7465138148107144	1.0422543884681172	0.7162491451899033	18.425408225240695	22.320984417482784	0.8254747138665219	0.455	0.295	0.11220306917791086	0.18277826538571593	0
answerdotai_ModernBERT-base	head_embed_cache_answerdotai_ModernBERT-base.jsonl	delta	fall__pst	fall	pst	199	0	199	0	22	0	2	fell,felled					False	0	0	0	0	0	0	0	missing_conditioning_forms;missing_conditioning_rows;missing_pair_test;missing_cond_counts	conditioned-exclude	conditioned_exclude_label	0	0		0	0															0
answerdotai_ModernBERT-base	head_embed_cache_answerdotai_ModernBERT-base.jsonl	delta	fall__pst	fall	pst	199	0	199	0	22	0	2	fell,felled					False	0	0	0	0	0	0	0	missing_conditioning_forms;missing_conditioning_rows;missing_pair_test;missing_cond_counts	form	form_label	199	2	0.9999817845368457	100	99	0.0	0.0	0.7240280754675706	0.4738043401700573	0.42019407184926005	1.5356781476149939	0.2736211832549993	11.937237821718924	22.72632076552999	0.5252604653818254	1.0	1.0	1.0	1.0	0
answerdotai_ModernBERT-base	head_embed_cache_answerdotai_ModernBERT-base.jsonl	delta	fall__pst	fall	pst	199	0	199	0	22	0	2	fell,felled					False	0	0	0	0	0	0	0	missing_conditioning_forms;missing_conditioning_rows;missing_pair_test;missing_cond_counts	raw	raw_label	199	22	3.6565111720591474	48	1	0.22727272727272727	0.36363636363636365	-0.0945920843103614	-0.050669215668819656	0.39387922861365776	1.0502358040701076	0.37503885040598434	11.82480006714257	18.01424414018477	0.6564138897598668	0.5226130653266332	0.49748743718592964	0.1788853451766982	0.34652254062000676	0
answerdotai_ModernBERT-base	head_embed_cache_answerdotai_ModernBERT-base.jsonl	delta	fly__pst	fly	pst	198	171	27	0	14	3	2	flew,flied	flew	flied	0.0	fisher_exact	True	14	0	1	2	0	1	2		conditioned-exclude	conditioned_exclude_label	68	3	0.941917968093368	51	2	0.0	0.3333333333333333	0.10690694276654043	0.07031365765400333	0.25791307470997193	0.49088968922748566	0.5253992503200676	11.641125755948979	15.101262535557378	0.770871026746196	0.8676470588235294	0.8676470588235294	0.024021585640445667	0.29186089824468325	0
answerdotai_ModernBERT-base	head_embed_cache_answerdotai_ModernBERT-base.jsonl	delta	fly__pst	fly	pst	198	171	27	0	14	3	2	flew,flied	flew	flied	0.0	fisher_exact	True	14	0	1	2	0	1	2		form	form_label	198	2	0.999926399368686	100	98	0.0	0.0	0.8537601158105088	0.618501676473726	0.24373101190523014	1.672074894524933	0.14576560697329205	11.008941541017222	28.887970167099223	0.38109086506726625	1.0	1.0	1.0	1.0	0
answerdotai_ModernBERT-base	head_embed_cache_answerdotai_ModernBERT-base.jsonl	delta	fly__pst	fly	pst	198	171	27	0	14	3	2	flew,flied	flew	flied	0.0	fisher_exact	True	14	0	1	2	0	1	2		raw	raw_label	198	14	2.1414296982592194	103	1	0.14285714285714285	0.5	-0.05852367637452367	-0.017418957145461055	0.3807032308828765	1.2647495049190964	0.30101077676027976	12.329306803362844	23.995197907333885	0.513823926394644	0.7929292929292929	0.7626262626262627	0.13239155073344291	0.285052747993358	0
answerdotai_ModernBERT-base	head_embed_cache_answerdotai_ModernBERT-base.jsonl	delta	forget__ppt	forget	ppt	200	184	16	0	5	3	2	forgot,forgotten	forgot	forgotten	0.0021	fisher_exact	True	5	3	0	0	3	0	0		conditioned-exclude	conditioned_exclude_label	184	3	1.4416232767703003	90	27	0.0	0.0	-0.07783551617434792	-0.04824036491966507	0.9974949080984329	0.9989921872010056	0.9985012103980835	16.611279579629016	16.629817678755053	0.9988852494065693	0.2608695652173913	0.29347826086956524	-0.002874964070944008	-0.0034675875559512007	0
answerdotai_ModernBERT-base	head_embed_cache_answerdotai_ModernBERT-base.jsonl	delta	forget__ppt	forget	ppt	200	184	16	0	5	3	2	forgot,forgotten	forgot	forgotten	0.0021	fisher_exact	True	5	3	0	0	3	0	0		form	form_label	200	2	1.0	100	100	0.0	0.0	0.7580382104821904	0.5083289287314132	0.38483603106410025	1.6127993323518603	0.2386137093093374	10.937181517139196	22.256087838186144	0.49142426093293895	1.0	1.0	1.0	1.0	0
answerdotai_ModernBERT-base	head_embed_cache_answerdotai_ModernBERT-base.jsonl	delta	forget__ppt	forget	ppt	200	184	16	0	5	3	2	forgot,forgotten	forgot	forgotten	0.0021	fisher_exact	True	5	3	0	0	3	0	0		raw	raw_label	200	5	1.7933748547876793	90	4	0.0	0.0	-0.2946412370343182	-0.1520185080719456	0.9924200469732709	1.0066505798354308	0.9858634831716022	16.55195652867511	16.66167981356349	0.9934146324910732	0.235	0.265	-0.00048437220247077783	0.05071619219305888	0
answerdotai_ModernBERT-base	head_embed_cache_answerdotai_ModernBERT-base.jsonl	delta	hang__ppt	hang	ppt	198	189	9	0	7	4	2	hanged,hung	hanged	hung	0.0	fisher_exact	True	7	0	1	3	0	1	3		conditioned-exclude	conditioned_exclude_label	67	5	1.7041692098588086	30	1	0.4	0.4	0.049216133815032516	0.024590898033220628	0.3404657975560703	0.49233805734780134	0.6915284985079994	13.764451204833826	16.098645103444223	0.8550068105973087	0.7014925373134329	0.7014925373134329	0.2640286256763375	0.2704291249089226	0
answerdotai_ModernBERT-base	head_embed_cache_answerdotai_ModernBERT-base.jsonl	delta	hang__ppt	hang	ppt	198	189	9	0	7	4	2	hanged,hung	hanged	hung	0.0	fisher_exact	True	7	0	1	3	0	1	3		form	form_label	198	2	0.999926399368686	100	98	0.0	0.0	0.7784950043626863	0.529966492787243	0.3558232617133663	1.6182272618188576	0.21988460465894483	14.251905815329021	30.316104012553826	0.4701100711828717	1.0	1.0	1.0	1.0	0
answerdotai_ModernBERT-base	head_embed_cache_answerdotai_ModernBERT-base.jsonl	delta	hang__ppt	hang	ppt	198	189	9	0	7	4	2	hanged,hung	hanged	hung	0.0	fisher_exact	True	7	0	1	3	0	1	3		raw	raw_label	198	7	1.7446180181763304	122	2	0.0	0.2857142857142857	0.1765969733519087	0.13049450662777787	0.7263342460111933	1.1802807369042938	0.6153910873071294	18.921397514742978	24.775834719783358	0.7637037350606135	0.7323232323232324	0.7323232323232324	0.09395150699511778	0.2817563797556611	0
answerdotai_ModernBERT-base	head_embed_cache_answerdotai_ModernBERT-base.jsonl	delta	hang__pst	hang	pst	198	169	29	0	12	4	2	hanged,hung	hanged	hung	0.0	fisher_exact	True	12	0	0	4	0	0	4		conditioned-exclude	conditioned_exclude_label	169	7	1.910016434686177	93	1	0.14285714285714285	0.14285714285714285	0.02463025102452112	0.017072908546020515	0.3041801619436353	1.3197698369781128	0.23047970443097787	13.300453844719835	26.441770498212655	0.5030092007499606	0.9112426035502958	0.9171597633136095	0.2506622069349421	0.48732536787731684	0
answerdotai_ModernBERT-base	head_embed_cache_answerdotai_ModernBERT-base.jsonl	delta	hang__pst	hang	pst	198	169	29	0	12	4	2	hanged,hung	hanged	hung	0.0	fisher_exact	True	12	0	0	4	0	0	4		form	form_label	198	2	1.0	99	99	0.0	0.0	0.794325365463592	0.5479606878371381	0.33244160046841803	1.6270753181136455	0.2043185074270779	13.728958220724996	30.375997843188877	0.4519673161552914	1.0	1.0	1.0	1.0	0
answerdotai_ModernBERT-base	head_embed_cache_answerdotai_ModernBERT-base.jsonl	delta	hang__pst	hang	pst	198	169	29	0	12	4	2	hanged,hung	hanged	hung	0.0	fisher_exact	True	12	0	0	4	0	0	4		raw	raw_label	198	12	2.410290575096467	96	1	0.16666666666666666	0.25	-0.12841373492319008	-0.03650185907998805	0.40683437349706847	1.209765411955421	0.3362919533626574	14.600808062261635	25.04335935407925	0.5830211456788182	0.7777777777777778	0.7373737373737373	0.1745669246369228	0.38226398375392007	0
answerdotai_ModernBERT-base	head_embed_cache_answerdotai_ModernBERT-base.jsonl	delta	heave__pst	heave	pst	126	92	34	0	15	4	2	heaved,hove	heaved	hove	0.0	fisher_exact	True	15	2	0	2	2	0	2		conditioned-exclude	conditioned_exclude_label	92	4	1.9235779097042376	36	17	0.0	0.0	0.16325581557843102	0.08803506278736967	0.4610069331646255	1.1683182640873109	0.39459019629789294	13.01177866175839	21.12464592092578	0.615952509237994	0.6739130434782609	0.6304347826086957	0.32252988829913176	0.3699080402795527	0
answerdotai_ModernBERT-base	head_embed_cache_answerdotai_ModernBERT-base.jsonl	delta	heave__pst	heave	pst	126	92	34	0	15	4	2	heaved,hove	heaved	hove	0.0	fisher_exact	True	15	2	0	2	2	0	2		form	form_label	126	2	1.0	63	63	0.0	0.0	0.7945965324000145	0.5470055302531359	0.3351170276908287	1.6373061290601556	0.20467585245234018	11.990781275121808	26.47210398737315	0.4529591331630178	1.0	1.0	1.0	1.0	0
answerdotai_ModernBERT-base	head_embed_cache_answerdotai_ModernBERT-base.jsonl	delta	heave__pst	heave	pst	126	92	34	0	15	4	2	heaved,hove	heaved	hove	0.0	fisher_exact	True	15	2	0	2	2	0	2		raw	raw_label	126	15	3.0756536995235515	36	1	0.26666666666666666	0.4	-0.250025241050226	-0.13673908749305136	0.47369498950176964	1.0844030623108918	0.4368255734102346	13.181225093549086	20.386381590674727	0.6465701151978107	0.5396825396825397	0.49206349206349204	0.18727385068316565	0.256848168149349	0
answerdotai_ModernBERT-base	head_embed_cache_answerdotai_ModernBERT-base.jsonl	delta	kneel__pst	kneel	pst	200	200	0	0	2	2	2	kneeled,knelt	kneeled	knelt	0.2008	chi_sq	False	2	2	0	0	2	0	0		conditioned-exclude	conditioned_exclude_label	200	2	0.9927744539878083	110	90	0.0	0.0	0.007523994899195408	0.007822941746947256	0.9989388134099377	1.0060693292319138	0.9929125005456434	19.32279108430772	19.49214242494959	0.9913118149380489	0.55	0.55	0.005050249987374375	0.0036915009604562227	0
answerdotai_ModernBERT-base	head_embed_cache_answerdotai_ModernBERT-base.jsonl	delta	kneel__pst	kneel	pst	200	200	0	0	2	2	2	kneeled,knelt	kneeled	knelt	0.2008	chi_sq	False	2	2	0	0	2	0	0		form	form_label	200	2	1.0	100	100	0.0	0.0	0.8211787062854209	0.5778981450314735	0.30225206844406427	1.6957179015899084	0.1782443106607957	11.494933189864263	27.2400282270422	0.42198683107284046	1.0	1.0	1.0	1.0	0
answerdotai_ModernBERT-base	head_embed_cache_answerdotai_ModernBERT-base.jsonl	delta	kneel__pst	kneel	pst	200	200	0	0	2	2	2	kneeled,knelt	kneeled	knelt	0.2008	chi_sq	False	2	2	0	0	2	0	0		raw	raw_label	200	2	0.9927744539878083	110	90	0.0	0.0	0.007523994899195408	0.007822941746947256	0.9989388134099377	1.0060693292319138	0.9929125005456434	19.32279108430772	19.49214242494959	0.9913118149380489	0.55	0.55	0.005050249987374375	0.0036915009604562227	0
answerdotai_ModernBERT-base	head_embed_cache_answerdotai_ModernBERT-base.jsonl	delta	knit__ppt	knit	ppt	200	178	22	0	7	2	2	knit,knitted	knit	knitted	0.0041	fisher_exact	True	7	0	2	0	0	2	0		conditioned-exclude	conditioned_exclude_label	0	0		0	0															0
answerdotai_ModernBERT-base	head_embed_cache_answerdotai_ModernBERT-base.jsonl	delta	knit__ppt	knit	ppt	200	178	22	0	7	2	2	knit,knitted	knit	knitted	0.0041	fisher_exact	True	7	0	2	0	0	2	0		form	form_label	200	2	1.0	100	100	0.0	0.0	0.7735841387004331	0.5205620031851838	0.36671495939936655	1.6261336404337103	0.2255134204723537	11.542044874178119	24.100829703381947	0.47890653625748336	1.0	1.0	1.0	1.0	0
answerdotai_ModernBERT-base	head_embed_cache_answerdotai_ModernBERT-base.jsonl	delta	knit__ppt	knit	ppt	200	178	22	0	7	2	2	knit,knitted	knit	knitted	0.0041	fisher_exact	True	7	0	2	0	0	2	0		raw	raw_label	200	7	1.5863227789388623	110	1	0.14285714285714285	0.14285714285714285	-0.4307557395708021	-0.24112436726544012	0.9612343397773842	1.027162571687282	0.9358151925243926	17.32812988682818	18.230328776031094	0.9505111015666865	0.525	0.05	0.1044350251311269	0.10806248711011177	0
answerdotai_ModernBERT-base	head_embed_cache_answerdotai_ModernBERT-base.jsonl	delta	knit__pst	knit	pst	188	159	29	0	7	4	2	knit,knitted	knit	knitted	0.0	fisher_exact	True	7	1	3	0	1	3	0		conditioned-exclude	conditioned_exclude_label	18	1	-0.0	18	18	0.0	0.0													0
answerdotai_ModernBERT-base	head_embed_cache_answerdotai_ModernBERT-base.jsonl	delta	knit__pst	knit	pst	188	159	29	0	7	4	2	knit,knitted	knit	knitted	0.0	fisher_exact	True	7	1	3	0	1	3	0		form	form_label	188	2	1.0	94	94	0.0	0.0	0.7641714006434466	0.5135661923543368	0.37851066682252676	1.611478057765298	0.23488415805513532	11.501347690246263	23.67847401503029	0.48573010587361326	1.0	1.0	1.0	1.0	0
answerdotai_ModernBERT-base	head_embed_cache_answerdotai_ModernBERT-base.jsonl	delta	knit__pst	knit	pst	188	159	29	0	7	4	2	knit,knitted	knit	knitted	0.0	fisher_exact	True	7	1	3	0	1	3	0		raw	raw_label	188	7	2.2898835660380508	86	6	0.0	0.0	-0.18925492417325118	-0.10772188603034039	0.924388093796251	1.025396293393965	0.9014935003681489	16.809880963605174	17.920501469529185	0.9380251435590441	0.5159574468085106	0.4148936170212766	0.05599022728436746	0.1873647258880209	0
answerdotai_ModernBERT-base	head_embed_cache_answerdotai_ModernBERT-base.jsonl	delta	know__pst	know	pst	197	189	8	0	6	3	2	knew,knowed	knew	knowed	0.002	fisher_exact	True	6	1	2	0	1	2	0		conditioned-exclude	conditioned_exclude_label	49	1	-0.0	49	49	0.0	0.0													0
answerdotai_ModernBERT-base	head_embed_cache_answerdotai_ModernBERT-base.jsonl	delta	know__pst	know	pst	197	189	8	0	6	3	2	knew,knowed	knew	knowed	0.002	fisher_exact	True	6	1	2	0	1	2	0		form	form_label	197	2	0.9999814128006821	99	98	0.0	0.0	0.8231324797766323	0.581406527598932	0.2971673663075164	1.689701677714135	0.17586972317476232	11.985115554784624	28.67892098844192	0.4179067810680473	1.0	1.0	1.0	1.0	0
answerdotai_ModernBERT-base	head_embed_cache_answerdotai_ModernBERT-base.jsonl	delta	know__pst	know	pst	197	189	8	0	6	3	2	knew,knowed	knew	knowed	0.002	fisher_exact	True	6	1	2	0	1	2	0		raw	raw_label	197	6	1.6746332036712905	105	2	0.0	0.3333333333333333	-0.3322519709419077	-0.1992804120967516	0.9674263488478076	1.0146914497298953	0.9534192380406188	19.98598340119306	20.60739267231114	0.9698453229382566	0.4263959390862944	0.3604060913705584	0.03125526389589741	0.04496480466016418	0
answerdotai_ModernBERT-base	head_embed_cache_answerdotai_ModernBERT-base.jsonl	delta	lay__ppt	lay	ppt	200	157	43	0	15	4	2	laid,lain	laid	lain	0.0	fisher_exact	True	15	1	1	2	1	1	2		conditioned-exclude	conditioned_exclude_label	111	4	1.431335590566142	70	3	0.0	0.0	0.3838429916041187	0.24634226209937074	0.37778016052532637	1.2854089219592841	0.29389881622222996	12.84092846209439	24.521458723442414	0.52366087217391	0.8738738738738738	0.8378378378378378	0.4416846392817607	0.577850841339842	0
answerdotai_ModernBERT-base	head_embed_cache_answerdotai_ModernBERT-base.jsonl	delta	lay__ppt	lay	ppt	200	157	43	0	15	4	2	laid,lain	laid	lain	0.0	fisher_exact	True	15	1	1	2	1	1	2		form	form_label	200	2	1.0	100	100	0.0	0.0	0.7740522656876204	0.5216023518958903	0.358123184594489	1.5915891869599603	0.2250098125374474	13.465421090826105	28.179890046645877	0.47783795708701965	1.0	1.0	1.0	1.0	0
answerdotai_ModernBERT-base	head_embed_cache_answerdotai_ModernBERT-base.jsonl	delta	lay__ppt	lay	ppt	200	157	43	0	15	4	2	laid,lain	laid	lain	0.0	fisher_exact	True	15	1	1	2	1	1	2		raw	raw_label	200	15	2.791926912298905	73	1	0.26666666666666666	0.3333333333333333	-0.3392341674538716	-0.13856131291195894	0.5614087031592435	1.0867115044403652	0.5166124595767096	15.167311460028555	22.345833083036723	0.6787534572404211	0.61	0.5	0.20360844243030984	0.3353125397646141	0
answerdotai_ModernBERT-base	head_embed_cache_answerdotai_ModernBERT-base.jsonl	delta	lay__pst	lay	pst	196	162	34	0	17	5	2	laid,lay	laid	lay	0.0	fisher_exact	True	17	0	1	4	0	1	4		conditioned-exclude	conditioned_exclude_label	91	5	1.998985190670653	32	1	0.2	0.2	0.021226226321814742	0.04694027589771883	0.4169200679576994	1.0472947524089558	0.39809238707509276	10.962808149905177	16.715249919975466	0.6558566699504824	0.7582417582417582	0.7252747252747253	0.3727344237833805	0.43576412360162314	0
answerdotai_ModernBERT-base	head_embed_cache_answerdotai_ModernBERT-base.jsonl	delta	lay__pst	lay	pst	196	162	34	0	17	5	2	laid,lay	laid	lay	0.0	fisher_exact	True	17	0	1	4	0	1	4		form	form_label	196	2	0.9996995428565171	100	96	0.0	0.0	0.7155421915744198	0.46313309934151814	0.43247013713307797	1.5331140433473551	0.2820860842086057	11.365964170673058	21.200153747762933	0.5361264972841251	1.0	1.0	1.0	1.0	0
answerdotai_ModernBERT-base	head_embed_cache_answerdotai_ModernBERT-base.jsonl	delta	lay__pst	lay	pst	196	162	34	0	17	5	2	laid,lay	laid	lay	0.0	fisher_exact	True	17	0	1	4	0	1	4		raw	raw_label	196	17	2.8975064022045585	71	1	0.35294117647058826	0.5294117647058824	-0.28066113277152954	-0.14307890208595392	0.6433756536511321	1.0664580642542552	0.6032826561267808	13.026865601770062	17.083597450022204	0.7625364411611754	0.5459183673469388	0.45918367346938777	0.21413602153583441	0.31196226798254306	0
answerdotai_ModernBERT-base	head_embed_cache_answerdotai_ModernBERT-base.jsonl	delta	lead__ppt	lead	ppt	198	182	16	0	6	3	2	lead,led	lead	led	0.0	fisher_exact	True	6	1	2	0	1	2	0		conditioned-exclude	conditioned_exclude_label	50	1	-0.0	50	50	0.0	0.0													0
answerdotai_ModernBERT-base	head_embed_cache_answerdotai_ModernBERT-base.jsonl	delta	lead__ppt	lead	ppt	198	182	16	0	6	3	2	lead,led	lead	led	0.0	fisher_exact	True	6	1	2	0	1	2	0		form	form_label	198	2	0.999926399368686	100	98	0.0	0.0	0.7024100093202822	0.4529684746255968	0.4520911124321888	1.5305201951637057	0.2953839575986991	13.337755303276538	24.390380993924175	0.5468448937554141	1.0	1.0	1.0	1.0	0
answerdotai_ModernBERT-base	head_embed_cache_answerdotai_ModernBERT-base.jsonl	delta	lead__ppt	lead	ppt	198	182	16	0	6	3	2	lead,led	lead	led	0.0	fisher_exact	True	6	1	2	0	1	2	0		raw	raw_label	198	6	1.9406797937509739	83	3	0.0	0.0	-0.2117900570645433	-0.07892110488142157	0.9174173847421387	1.026739985174636	0.893524551482328	17.892450927484422	19.31891527663673	0.9261622959298652	0.4797979797979798	0.30303030303030304	0.03868097589527089	0.1055373080219236	0
answerdotai_ModernBERT-base	head_embed_cache_answerdotai_ModernBERT-base.jsonl	delta	lead__pst	lead	pst	200	191	9	0	8	5	2	lead,led	lead	led	0.0935	fisher_exact	False	8	4	1	0	4	1	0		conditioned-exclude	conditioned_exclude_label	171	4	1.8995310797057041	71	28	0.0	0.0	-0.09767279126721236	-0.04371584061972687	0.9965786778308033	1.0011838346758806	0.9954002884529513	19.2379495255776	19.736035642761575	0.9747626055100558	0.23391812865497075	0.23391812865497075	0.11649867277841913	0.1479819800354102	0
answerdotai_ModernBERT-base	head_embed_cache_answerdotai_ModernBERT-base.jsonl	delta	lead__pst	lead	pst	200	191	9	0	8	5	2	lead,led	lead	led	0.0935	fisher_exact	False	8	4	1	0	4	1	0		form	form_label	200	2	1.0	100	100	0.0	0.0	0.7388542010118276	0.4839143096059705	0.41069503319386974	1.5837538653044605	0.25931746225914837	13.588474661908107	26.254678566428762	0.5175639316065888	1.0	1.0	1.0	1.0	0
answerdotai_ModernBERT-base	head_embed_cache_answerdotai_ModernBERT-base.jsonl	delta	lead__pst	lead	pst	200	191	9	0	8	5	2	lead,led	lead	led	0.0935	fisher_exact	False	8	4	1	0	4	1	0		raw	raw_label	200	8	2.405949678185288	71	1	0.125	0.25	-0.41238303599017095	-0.2018659206672237	0.9920722862082072	1.0024263034318592	0.9896710439578406	19.32263365282085	20.128972390281053	0.9599413858876606	0.135	0.115	0.1322768704392888	0.21077990995105902	0
answerdotai_ModernBERT-base	head_embed_cache_answerdotai_ModernBERT-base.jsonl	delta	leap__ppt	leap	ppt	199	193	6	0	4	3	2	leaped,leapt	leaped	leapt	0.7849	fisher_exact	False	4	3	0	0	3	0	0		conditioned-exclude	conditioned_exclude_label	193	3	1.4136787816545873	110	38	0.0	0.0	-0.024481287314376616	-0.003965878183020992	1.0045557682928075	1.0002331328744687	1.0043216279048028	14.180568674826974	14.44187908741723	0.9819060656159401	0.24870466321243523	0.25906735751295334	0.004613235970233855	-0.004811167274891195	0
answerdotai_ModernBERT-base	head_embed_cache_answerdotai_ModernBERT-base.jsonl	delta	leap__ppt	leap	ppt	199	193	6	0	4	3	2	leaped,leapt	leaped	leapt	0.7849	fisher_exact	False	4	3	0	0	3	0	0		form	form_label	199	2	0.9999817845368457	100	99	0.0	0.0	0.7157228691269305	0.4640823565233133	0.4398325494960894	1.55866557133455	0.2821853241548788	10.018510271946782	18.672393534497235	0.5365412984381243	1.0	1.0	1.0	1.0	0
answerdotai_ModernBERT-base	head_embed_cache_answerdotai_ModernBERT-base.jsonl	delta	leap__ppt	leap	ppt	199	193	6	0	4	3	2	leaped,leapt	leaped	leapt	0.7849	fisher_exact	False	4	3	0	0	3	0	0		raw	raw_label	199	4	1.566202618846508	110	6	0.0	0.0	-0.09168923985487049	-0.027257970298491266	1.0046501436748503	1.0003973926567633	1.004251061677393	14.183341335535376	14.485233943927655	0.9791585962946193	0.10050251256281408	0.09547738693467336	-0.0023639063606748266	-0.010539897227648476	0
answerdotai_ModernBERT-base	head_embed_cache_answerdotai_ModernBERT-base.jsonl	delta	leap__pst	leap	pst	199	196	3	0	4	3	2	leaped,leapt	leaped	leapt	0.2713	fisher_exact	False	4	3	0	0	3	0	0		conditioned-exclude	conditioned_exclude_label	196	3	0.8545657618096906	161	16	0.0	0.0	-0.08035237056981948	-0.04110479264269491	1.0035526711422613	1.001936953206233	1.0016125944161036	14.48479978041497	14.40660740639421	1.005427535561638	0.47959183673469385	0.42857142857142855	-0.014737688399225554	0.016244053730586877	0
answerdotai_ModernBERT-base	head_embed_cache_answerdotai_ModernBERT-base.jsonl	delta	leap__pst	leap	pst	199	196	3	0	4	3	2	leaped,leapt	leaped	leapt	0.2713	fisher_exact	False	4	3	0	0	3	0	0		form	form_label	199	2	0.9999817845368457	100	99	0.0	0.0	0.7084995278182017	0.4575603338429516	0.4484038398582567	1.552109990453514	0.28889952555954923	10.16533122871918	18.734893191329714	0.5425881602262657	1.0	1.0	1.0	1.0	0
answerdotai_ModernBERT-base	head_embed_cache_answerdotai_ModernBERT-base.jsonl	delta	leap__pst	leap	pst	199	196	3	0	4	3	2	leaped,leapt	leaped	leapt	0.2713	fisher_exact	False	4	3	0	0	3	0	0		raw	raw_label	199	4	0.9544983510258352	161	3	0.0	0.0	-0.294514030449945	-0.1597988400206671	1.0034021068796823	1.0022790844044165	1.0011204688322246	14.483642816866377	14.447425080043383	1.0025068644843171	0.4371859296482412	0.39195979899497485	0.007704384163079993	0.03730189196645478	0
answerdotai_ModernBERT-base	head_embed_cache_answerdotai_ModernBERT-base.jsonl	delta	learn__ppt	learn	ppt	198	181	17	0	6	3	2	learned,learnt	learned	learnt	0.0303	fisher_exact	True	6	3	0	0	3	0	0		conditioned-exclude	conditioned_exclude_label	181	3	1.4210386787869993	92	25	0.0	0.0	-0.03350165658488544	-0.02968551865116358	0.984215367860307	1.0136080676746213	0.9710019081815856	15.737574923529225	15.84102763635815	0.9934693180768474	0.5027624309392266	0.5027624309392266	0.018704994229736087	0.02625475849964857	0
answerdotai_ModernBERT-base	head_embed_cache_answerdotai_ModernBERT-base.jsonl	delta	learn__ppt	learn	ppt	198	181	17	0	6	3	2	learned,learnt	learned	learnt	0.0303	fisher_exact	True	6	3	0	0	3	0	0		form	form_label	198	2	0.999926399368686	100	98	0.0	0.0	0.8364777009502729	0.5933058555763131	0.28024188694806346	1.7194823694075856	0.16298037824291003	9.122313186402819	22.45647925686676	0.4062218784190487	1.0	1.0	1.0	1.0	0
answerdotai_ModernBERT-base	head_embed_cache_answerdotai_ModernBERT-base.jsonl	delta	learn__ppt	learn	ppt	198	181	17	0	6	3	2	learned,learnt	learned	learnt	0.0303	fisher_exact	True	6	3	0	0	3	0	0		raw	raw_label	198	6	1.8291297808422493	92	1	0.16666666666666666	0.16666666666666666	-0.38878077739322925	-0.23263152562171738	0.9824595953063	1.0140730657939876	0.9688252537671581	15.720608134015944	15.874214525181571	0.9903235280761792	0.30808080808080807	0.30808080808080807	0.042094391568787845	0.0838419371374166	0
answerdotai_ModernBERT-base	head_embed_cache_answerdotai_ModernBERT-base.jsonl	delta	learn__pst	learn	pst	198	196	2	0	5	4	2	learned,learnt	learned	learnt	0.0124	fisher_exact	True	5	3	1	0	3	1	0		conditioned-exclude	conditioned_exclude_label	174	3	1.3841346159601868	89	20	0.0	0.0	-0.12620697008607223	-0.07390912827663687	0.9962827094044786	1.0043253269666033	0.9919920195715705	17.15965805415482	17.39411539031447	0.9865208818673122	0.22988505747126436	0.10919540229885058	-0.002249207843061437	0.008309690055025763	0
answerdotai_ModernBERT-base	head_embed_cache_answerdotai_ModernBERT-base.jsonl	delta	learn__pst	learn	pst	198	196	2	0	5	4	2	learned,learnt	learned	learnt	0.0124	fisher_exact	True	5	3	1	0	3	1	0		form	form_label	198	2	0.999926399368686	100	98	0.0	0.0	0.8464507148158015	0.6057893699102886	0.265350090147447	1.733516748969738	0.1530703930637818	9.695500528114446	24.59730895492854	0.39416915671060704	1.0	1.0	1.0	1.0	0
answerdotai_ModernBERT-base	head_embed_cache_answerdotai_ModernBERT-base.jsonl	delta	learn__pst	learn	pst	198	196	2	0	5	4	2	learned,learnt	learned	learnt	0.0124	fisher_exact	True	5	3	1	0	3	1	0		raw	raw_label	198	5	1.7993554043693738	89	2	0.0	0.2	-0.3727524611180463	-0.229230960298589	0.9916389473401844	1.0086983034447694	0.983087751762518	17.07304009392685	17.23762308443039	0.9904521064361712	0.25757575757575757	0.030303030303030304	-0.00045857506378907983	0.02426506046105452	0
answerdotai_ModernBERT-base	head_embed_cache_answerdotai_ModernBERT-base.jsonl	delta	light__ppt	light	ppt	200	181	19	0	8	2	2	lighted,lit	lighted	lit	0.0007	fisher_exact	True	8	2	0	0	2	0	0		conditioned-exclude	conditioned_exclude_label	181	2	0.9920366649222823	100	81	0.0	0.0	0.0007205245554931372	0.002966566677397774	1.000876206165832	1.0011138251658178	0.9997626453715726	22.410605046143615	22.45545302205318	0.9980028024433298	0.5359116022099447	0.5359116022099447	-0.00034186086262891	6.214669701619724e-05	0
answerdotai_ModernBERT-base	head_embed_cache_answerdotai_ModernBERT-base.jsonl	delta	light__ppt	light	ppt	200	181	19	0	8	2	2	lighted,lit	lighted	lit	0.0007	fisher_exact	True	8	2	0	0	2	0	0		form	form_label	200	2	1.0	100	100	0.0	0.0	0.8241062297231864	0.5806548993461564	0.29749898402810177	1.696895308808163	0.17531958659079216	13.254649622841637	31.608736254004622	0.4193350065098651	1.0	1.0	1.0	1.0	0
answerdotai_ModernBERT-base	head_embed_cache_answerdotai_ModernBERT-base.jsonl	delta	light__ppt	light	ppt	200	181	19	0	8	2	2	lighted,lit	lighted	lit	0.0007	fisher_exact	True	8	2	0	0	2	0	0		raw	raw_label	200	8	1.564208781564072	100	1	0.25	0.375	-0.6457189910401948	-0.37559673150869427	0.9976835733359418	1.002847592228841	0.9948506443721703	22.366763368613324	22.556039837202043	0.9916086125953483	0.08	0.06	0.024255522366877044	0.07901980673588554	0
answerdotai_ModernBERT-base	head_embed_cache_answerdotai_ModernBERT-base.jsonl	delta	light__pst	light	pst	200	174	26	0	11	3	2	lighted,lit	lighted	lit	0.0	fisher_exact	True	11	2	1	0	2	1	0		conditioned-exclude	conditioned_exclude_label	126	2	0.8049277932345738	95	31	0.0	0.0	-0.010205039657429926	-0.0003078576031373467	1.006169894098367	0.9978401619364542	1.008347761975974	22.788533019581717	22.798837287854084	0.9995480353606516	0.5079365079365079	0.5079365079365079	-0.0059750695374472034	-0.005389374280532218	0
answerdotai_ModernBERT-base	head_embed_cache_answerdotai_ModernBERT-base.jsonl	delta	light__pst	light	pst	200	174	26	0	11	3	2	lighted,lit	lighted	lit	0.0	fisher_exact	True	11	2	1	0	2	1	0		form	form_label	200	2	1.0	100	100	0.0	0.0	0.826638704319052	0.5840942194862383	0.2936539833050274	1.6992555684985975	0.17281331234035016	13.41625739914192	32.271687860382976	0.4157284074258738	1.0	1.0	1.0	1.0	0
answerdotai_ModernBERT-base	head_embed_cache_answerdotai_ModernBERT-base.jsonl	delta	light__pst	light	pst	200	174	26	0	11	3	2	lighted,lit	lighted	lit	0.0	fisher_exact	True	11	2	1	0	2	1	0		raw	raw_label	200	11	2.154803285379464	95	1	0.2727272727272727	0.2727272727272727	-0.6234744500229066	-0.3666618419664687	0.9796626110516659	1.0089786562660465	0.9709448311593911	22.35986269074063	23.126502246379673	0.9668501726948763	0.195	0.075	0.17581484278849435	0.2851659660864331	0
answerdotai_ModernBERT-base	head_embed_cache_answerdotai_ModernBERT-base.jsonl	delta	plead__ppt	plead	ppt	199	177	22	0	9	2	2	pleaded,pled	pleaded	pled	0.001	fisher_exact	True	9	1	0	1	1	0	1		conditioned-exclude	conditioned_exclude_label	177	3	0.6770764657791616	152	4	0.0	0.0	-0.39968862200440375	-0.15903556513952383	0.9830140444642084	1.04203639290802	0.9433586496157802	21.60557346738089	24.171647585708445	0.8938395031108779	0.15819209039548024	0.1694915254237288	0.012754403975088195	0.1722684099878215	0
answerdotai_ModernBERT-base	head_embed_cache_answerdotai_ModernBERT-base.jsonl	delta	plead__ppt	plead	ppt	199	177	22	0	9	2	2	pleaded,pled	pleaded	pled	0.001	fisher_exact	True	9	1	0	1	1	0	1		form	form_label	199	2	0.9999817845368457	100	99	0.0	0.0	0.776784981986605	0.5291859181786762	0.361700240984426	1.6304811431225577	0.2218365066717231	14.410262594853677	30.58740228446686	0.47111756862633647	1.0	1.0	1.0	1.0	0
answerdotai_ModernBERT-base	head_embed_cache_answerdotai_ModernBERT-base.jsonl	delta	plead__ppt	plead	ppt	199	177	22	0	9	2	2	pleaded,pled	pleaded	pled	0.001	fisher_exact	True	9	1	0	1	1	0	1		raw	raw_label	199	9	1.316244945976663	152	1	0.1111111111111111	0.3333333333333333	-0.5460400817728323	-0.2751016041896521	0.9878159778616638	1.0164231223953657	0.971855082884887	21.700757375242638	23.79394780578832	0.9120284516201017	0.1658291457286432	0.11557788944723618	0.1203510469763489	0.2198788799013289	0
answerdotai_ModernBERT-base	head_embed_cache_answerdotai_ModernBERT-base.jsonl	delta	plead__pst	plead	pst	199	192	7	0	7	2	2	pleaded,pled	pleaded	pled	0.0001	fisher_exact	True	7	1	0	1	1	0	1		conditioned-exclude	conditioned_exclude_label	192	3	0.712611304724228	163	5	0.0	0.0	-0.3590232451823033	-0.1316958632981762	0.9828084386946012	1.049516539782229	0.9364392093320706	21.471109158956335	24.228745804828748	0.8861832689118055	0.4739583333333333	0.2916666666666667	-0.026475841397926893	0.15641031268186506	0
answerdotai_ModernBERT-base	head_embed_cache_answerdotai_ModernBERT-base.jsonl	delta	plead__pst	plead	pst	199	192	7	0	7	2	2	pleaded,pled	pleaded	pled	0.0001	fisher_exact	True	7	1	0	1	1	0	1		form	form_label	199	2	0.9999817845368457	100	99	0.0	0.0	0.7757014112886838	0.5273638240107305	0.3638481097323842	1.6307947369056446	0.22311091733271635	14.268210401403367	30.181478595409565	0.4727472299376838	1.0	1.0	1.0	1.0	0
answerdotai_ModernBERT-base	head_embed_cache_answerdotai_ModernBERT-base.jsonl	delta	plead__pst	plead	pst	199	192	7	0	7	2	2	pleaded,pled	pleaded	pled	0.0001	fisher_exact	True	7	1	0	1	1	0	1		raw	raw_label	199	7	0.8892671431649289	163	1	0.42857142857142855	0.7142857142857143	-0.5770183226657973	-0.2876490356912025	0.9888639544288879	1.026521500019932	0.9633153854153927	21.58129908763308	23.792496938741415	0.90706322851269	0.36683417085427134	0.15577889447236182	0.06539460645143945	0.18212514349431258	0
answerdotai_ModernBERT-base	head_embed_cache_answerdotai_ModernBERT-base.jsonl	delta	prove__ppt	prove	ppt	199	193	6	0	5	3	2	proved,proven	proved	proven	0.0092	fisher_exact	True	5	1	2	0	1	2	0		conditioned-exclude	conditioned_exclude_label	38	1	-0.0	38	38	0.0	0.0													0
answerdotai_ModernBERT-base	head_embed_cache_answerdotai_ModernBERT-base.jsonl	delta	prove__ppt	prove	ppt	199	193	6	0	5	3	2	proved,proven	proved	proven	0.0092	fisher_exact	True	5	1	2	0	1	2	0		form	form_label	199	2	0.9999817845368457	100	99	0.0	0.0	0.7728145787289475	0.5236222218324339	0.36901902234451206	1.628998351075496	0.22653124363255409	16.17871179593517	33.97039638289637	0.47625914085833065	1.0	1.0	1.0	1.0	0
answerdotai_ModernBERT-base	head_embed_cache_answerdotai_ModernBERT-base.jsonl	delta	prove__ppt	prove	ppt	199	193	6	0	5	3	2	proved,proven	proved	proven	0.0092	fisher_exact	True	5	1	2	0	1	2	0		raw	raw_label	199	5	1.6396834687515796	100	1	0.2	0.2	-0.31415112733144324	-0.18371473063098456	0.9724399671993821	1.0191060486023094	0.9542088073494126	24.601633995305352	25.414004517182505	0.9680345330336309	0.4824120603015075	0.32663316582914576	0.09858424967118537	0.1135958333346771	0
answerdotai_ModernBERT-base	head_embed_cache_answerdotai_ModernBERT-base.jsonl	delta	ring__ppt	ring	ppt	200	151	49	0	18	3	2	ringed,rung	ringed	rung	0.0	fisher_exact	True	18	0	0	3	0	0	3		conditioned-exclude	conditioned_exclude_label	151	3	1.3195617324326887	91	18	0.0	0.0	0.5748322763213681	0.40950568566575735	0.20572397239366527	1.5630473927815762	0.13161723268515993	10.9626452539922	28.98427020385688	0.37822740323934123	0.9602649006622517	0.9536423841059603	0.4900497151884974	0.6674119398654342	0
answerdotai_ModernBERT-base	head_embed_cache_answerdotai_ModernBERT-base.jsonl	delta	ring__ppt	ring	ppt	200	151	49	0	18	3	2	ringed,rung	ringed	rung	0.0	fisher_exact	True	18	0	0	3	0	0	3		form	form_label	200	2	1.0	100	100	0.0	0.0	0.8635287548361381	0.6320023141036841	0.2358821236272835	1.7349577623212136	0.13595842432019495	11.554412058454954	31.42121679988422	0.3677264356769764	1.0	1.0	1.0	1.0	0
answerdotai_ModernBERT-base	head_embed_cache_answerdotai_ModernBERT-base.jsonl	delta	ring__ppt	ring	ppt	200	151	49	0	18	3	2	ringed,rung	ringed	rung	0.0	fisher_exact	True	18	0	0	3	0	0	3		raw	raw_label	200	18	2.6489532526715847	91	1	0.2222222222222222	0.5555555555555556	-0.05669102653842801	-0.038614518949027704	0.20883655819666588	1.2668119730357847	0.16485205590235347	11.012890777892006	25.282159131720547	0.43559929832395355	0.78	0.775	0.21113387846079296	0.38791706484065347	0
answerdotai_ModernBERT-base	head_embed_cache_answerdotai_ModernBERT-base.jsonl	delta	see__ppt	see	ppt	199	195	4	0	8	5	2	saw,seen	saw	seen	0.0008	fisher_exact	True	8	3	1	1	3	1	1		conditioned-exclude	conditioned_exclude_label	108	5	1.9809080920530442	37	2	0.0	0.2	-0.2879019436110251	-0.12239962766583926	0.9520260504903861	0.9853542635348186	0.9661764156529122	18.30790547544032	19.25905442206881	0.9506128948086582	0.19444444444444445	0.25	0.14122826934657493	0.17707317881439472	0
answerdotai_ModernBERT-base	head_embed_cache_answerdotai_ModernBERT-base.jsonl	delta	see__ppt	see	ppt	199	195	4	0	8	5	2	saw,seen	saw	seen	0.0008	fisher_exact	True	8	3	1	1	3	1	1		form	form_label	199	2	0.9999817845368457	100	99	0.0	0.0	0.7170765309157692	0.46618675055137043	0.4333270507372217	1.5471206558465767	0.28008613878929006	13.241168249526035	24.798270504441067	0.5339553114058783	1.0	1.0	1.0	1.0	0
answerdotai_ModernBERT-base	head_embed_cache_answerdotai_ModernBERT-base.jsonl	delta	see__ppt	see	ppt	199	195	4	0	8	5	2	saw,seen	saw	seen	0.0008	fisher_exact	True	8	3	1	1	3	1	1		raw	raw_label	199	8	2.1725562040364252	87	1	0.25	0.375	-0.5297765852626373	-0.3158188562494505	0.9602009505949016	1.0052580190560865	0.9551786032968009	18.54474398265089	19.23665164102773	0.9640318039080591	0.22613065326633167	0.11055276381909548	0.062420187607224197	0.11510851946691239	0
answerdotai_ModernBERT-base	head_embed_cache_answerdotai_ModernBERT-base.jsonl	delta	see__pst	see	pst	198	181	17	0	7	4	2	saw,seen	saw	seen	0.0	fisher_exact	True	7	2	2	0	2	2	0		conditioned-exclude	conditioned_exclude_label	48	2	0.8960382325345574	33	15	0.0	0.0	0.03194853733994034	0.03248624193448346	0.987141717716611	1.015830066321542	0.9717587128437579	18.334996361236072	19.104331360235033	0.9597298128632598	0.6041666666666666	0.6041666666666666	0.024742035098290278	0.03709482836203504	0
answerdotai_ModernBERT-base	head_embed_cache_answerdotai_ModernBERT-base.jsonl	delta	see__pst	see	pst	198	181	17	0	7	4	2	saw,seen	saw	seen	0.0	fisher_exact	True	7	2	2	0	2	2	0		form	form_label	198	2	1.0	99	99	0.0	0.0	0.8175003274436162	0.5681102754461848	0.30490154024793237	1.682666770363352	0.1812013796303189	11.470222234498397	26.63999190168206	0.4305640285789337	1.0	1.0	1.0	1.0	0
answerdotai_ModernBERT-base	head_embed_cache_answerdotai_ModernBERT-base.jsonl	delta	see__pst	see	pst	198	181	17	0	7	4	2	saw,seen	saw	seen	0.0	fisher_exact	True	7	2	2	0	2	2	0		raw	raw_label	198	7	2.0003727600551207	102	1	0.14285714285714285	0.2857142857142857	-0.45446665383272117	-0.2762721422915283	0.9414532565255683	1.0241769229743218	0.9192291247800087	18.696571043792485	19.28488829652038	0.9694933543984258	0.3181818181818182	0.12626262626262627	-0.0025936449483042394	0.0572453410476983	0
answerdotai_ModernBERT-base	head_embed_cache_answerdotai_ModernBERT-base.jsonl	delta	sew__ppt	sew	ppt	199	191	8	0	6	4	2	sewed,sewn	sewed	sewn	0.0	fisher_exact	True	6	2	1	1	2	1	1		conditioned-exclude	conditioned_exclude_label	138	4	1.3194303380904073	88	1	0.25	0.25	-0.42561337036939234	-0.20578205653574455	0.9590385910020535	0.9962358770116851	0.962662169805399	14.693213663986885	15.073888360904908	0.9747460848983514	0.34782608695652173	0.2463768115942029	0.04607391183060306	0.15895874512574334	0
answerdotai_ModernBERT-base	head_embed_cache_answerdotai_ModernBERT-base.jsonl	delta	sew__ppt	sew	ppt	199	191	8	0	6	4	2	sewed,sewn	sewed	sewn	0.0	fisher_exact	True	6	2	1	1	2	1	1		form	form_label	199	2	0.9999817845368457	100	99	0.0	0.0	0.7634285817181862	0.5129979475464432	0.3786679830439349	1.610395571283976	0.2351397319989033	9.821640968983498	20.189456232615154	0.4864737740245367	1.0	1.0	1.0	1.0	0
answerdotai_ModernBERT-base	head_embed_cache_answerdotai_ModernBERT-base.jsonl	delta	sew__ppt	sew	ppt	199	191	8	0	6	4	2	sewed,sewn	sewed	sewn	0.0	fisher_exact	True	6	2	1	1	2	1	1		raw	raw_label	199	6	1.9885761744531139	88	4	0.0	0.0	-0.28604932517745524	-0.15324901162631088	0.9331647955319604	1.025064456922062	0.9103474315497714	14.459219248560027	15.27522919313027	0.9465795285783845	0.35678391959798994	0.2814070351758794	0.06391982311926042	0.14806180713703734	0
answerdotai_ModernBERT-base	head_embed_cache_answerdotai_ModernBERT-base.jsonl	delta	shake__ppt	shake	ppt	199	151	48	0	14	3	2	shaken,shook	shaken	shook	0.0	fisher_exact	True	14	2	0	1	2	0	1		conditioned-exclude	conditioned_exclude_label	151	4	1.3004169799446244	100	1	0.25	0.25	-0.27365782116621257	-0.1606124165050211	0.9477398556137979	1.0286001235152402	0.9213880437568854	14.72850942479129	15.639142859116687	0.9417721647197211	0.5364238410596026	0.5298013245033113	0.041330158389470996	0.12804151328793503	0
answerdotai_ModernBERT-base	head_embed_cache_answerdotai_ModernBERT-base.jsonl	delta	shake__ppt	shake	ppt	199	151	48	0	14	3	2	shaken,shook	shaken	shook	0.0	fisher_exact	True	14	2	0	1	2	0	1		form	form_label	199	2	0.9999817845368457	100	99	0.0	0.0	0.72175862381266	0.4688113177225364	0.4306481272616106	1.5546061606618178	0.2770142934968672	10.485530359916165	19.774814212940782	0.5302467192361462	1.0	1.0	1.0	1.0	0
answerdotai_ModernBERT-base	head_embed_cache_answerdotai_ModernBERT-base.jsonl	delta	shake__ppt	shake	ppt	199	151	48	0	14	3	2	shaken,shook	shaken	shook	0.0	fisher_exact	True	14	2	0	1	2	0	1		raw	raw_label	199	14	2.49894562246034	100	1	0.07142857142857142	0.2857142857142857	-0.4207321013521561	-0.25520754289422015	0.9445666910004724	1.0162642240030995	0.9294499094731408	14.696923725897065	15.340268700990327	0.9580616879903981	0.2814070351758794	0.1507537688442211	0.06867213153318198	0.1725771294537711	0
answerdotai_ModernBERT-base	head_embed_cache_answerdotai_ModernBERT-base.jsonl	delta	shine__ppt	shine	ppt	200	152	48	0	14	5	2	shined,shone	shined	shone	0.0	fisher_exact	True	14	2	1	2	2	1	2		conditioned-exclude	conditioned_exclude_label	125	5	2.082330182273108	38	3	0.0	0.0	-0.09495464471328736	-0.022560990642284954	0.7001659254117603	1.072771488472223	0.652670147310584	14.569630450829184	18.357578449646144	0.7936575344505759	0.56	0.536	0.1548418988751699	0.29234703588605554	0
answerdotai_ModernBERT-base	head_embed_cache_answerdotai_ModernBERT-base.jsonl	delta	shine__ppt	shine	ppt	200	152	48	0	14	5	2	shined,shone	shined	shone	0.0	fisher_exact	True	14	2	1	2	2	1	2		form	form_label	200	2	1.0	100	100	0.0	0.0	0.7047346840272888	0.4530228751965548	0.4503318728820763	1.5307551137344018	0.2941893636947944	12.094150458532503	22.099044354965926	0.5472702920664893	1.0	1.0	1.0	1.0	0
answerdotai_ModernBERT-base	head_embed_cache_answerdotai_ModernBERT-base.jsonl	delta	shine__ppt	shine	ppt	200	152	48	0	14	5	2	shined,shone	shined	shone	0.0	fisher_exact	True	14	2	1	2	2	1	2		raw	raw_label	200	14	3.2207250530792884	38	1	0.07142857142857142	0.14285714285714285	-0.4118798907585484	-0.25920246309797285	0.7714729088349158	1.0248907885467757	0.7527366988328689	15.109736906599991	17.40870157402025	0.8679416349550675	0.325	0.28	0.14574496234901035	0.24961987392804807	0
answerdotai_ModernBERT-base	head_embed_cache_answerdotai_ModernBERT-base.jsonl	delta	shine__pst	shine	pst	200	150	50	0	12	5	2	shined,shone	shined	shone	0.0	fisher_exact	True	12	2	2	1	2	2	1		conditioned-exclude	conditioned_exclude_label	58	4	1.7881154191537951	21	3	0.0	0.0	-0.13747470879870563	-0.05508265745819933	0.7902488909677755	1.0905466874487073	0.7246355429463849	14.666805128367237	17.72001426217016	0.8276971401585657	0.4482758620689655	0.41379310344827586	0.1298259651930386	0.18101849418877455	0
answerdotai_ModernBERT-base	head_embed_cache_answerdotai_ModernBERT-base.jsonl	delta	shine__pst	shine	pst	200	150	50	0	12	5	2	shined,shone	shined	shone	0.0	fisher_exact	True	12	2	2	1	2	2	1		form	form_label	200	2	1.0	100	100	0.0	0.0	0.7372847581159299	0.4855498417147684	0.4130722675968235	1.5792805495016193	0.2615572437254284	11.74260855272895	22.834121379974498	0.5142570785765904	1.0	1.0	1.0	1.0	0
answerdotai_ModernBERT-base	head_embed_cache_answerdotai_ModernBERT-base.jsonl	delta	shine__pst	shine	pst	200	150	50	0	12	5	2	shined,shone	shined	shone	0.0	fisher_exact	True	12	2	2	1	2	2	1		raw	raw_label	200	12	3.0701172563259624	52	2	0.0	0.08333333333333333	-0.3529853914473739	-0.18548022707011913	0.8736665657170055	1.0202981614909914	0.8562855434731854	16.016245105665163	17.5358504198701	0.9133429358816237	0.285	0.235	0.05810729986395006	0.12561965138843734	0
answerdotai_ModernBERT-base	head_embed_cache_answerdotai_ModernBERT-base.jsonl	delta	show__ppt	show	ppt	200	149	51	0	12	2	2	showed,shown	showed	shown	0.0	fisher_exact	True	12	2	0	0	2	0	0		conditioned-exclude	conditioned_exclude_label	149	2	0.9137564309378818	100	49	0.0	0.0	-0.005714683114094223	0.007910944523066536	1.000140954466488	0.9936719253241668	1.0065102263407621	20.03089400490763	20.29680810051851	0.9868987234695248	0.5234899328859061	0.5033557046979866	-0.0041904261963800985	-0.0045577365728195025	0
answerdotai_ModernBERT-base	head_embed_cache_answerdotai_ModernBERT-base.jsonl	delta	show__ppt	show	ppt	200	149	51	0	12	2	2	showed,shown	showed	shown	0.0	fisher_exact	True	12	2	0	0	2	0	0		form	form_label	200	2	1.0	100	100	0.0	0.0	0.791327110746343	0.5425588420878238	0.342905656006011	1.6483613645221	0.208028205092897	12.658011047354433	27.676872182542272	0.4573497671221216	1.0	1.0	1.0	1.0	0
answerdotai_ModernBERT-base	head_embed_cache_answerdotai_ModernBERT-base.jsonl	delta	show__ppt	show	ppt	200	149	51	0	12	2	2	showed,shown	showed	shown	0.0	fisher_exact	True	12	2	0	0	2	0	0		raw	raw_label	200	12	2.248905291198184	100	1	0.16666666666666666	0.25	-0.5546025647014067	-0.32778077068501077	0.9861860658772881	1.0048134784478902	0.9814618205566118	19.864028330217135	20.363319896217767	0.975480836693364	0.135	0.13	0.05920700853030982	0.18415362500691293	0
answerdotai_ModernBERT-base	head_embed_cache_answerdotai_ModernBERT-base.jsonl	delta	sink__pst	sink	pst	196	129	67	0	20	6	2	sank,sunk	sank	sunk	0.0041	fisher_exact	True	20	2	2	2	2	2	2		conditioned-exclude	conditioned_exclude_label	70	6	2.224815054088116	20	1	0.16666666666666666	0.16666666666666666	-0.2953292714230631	-0.18917788580367853	0.793948652931354	1.0545220068538443	0.752899083917738	12.207850839523571	14.183511889969305	0.8607072024353195	0.42857142857142855	0.42857142857142855	0.235188685748702	0.3161522262239139	0
answerdotai_ModernBERT-base	head_embed_cache_answerdotai_ModernBERT-base.jsonl	delta	sink__pst	sink	pst	196	129	67	0	20	6	2	sank,sunk	sank	sunk	0.0041	fisher_exact	True	20	2	2	2	2	2	2		form	form_label	196	2	0.9996995428565171	100	96	0.0	0.0	0.6828364940955808	0.43109460441586644	0.47516558452381813	1.5100773679864878	0.3146630726327592	9.595162406549136	16.820543241275434	0.5704430748112731	1.0	1.0	1.0	1.0	0
answerdotai_ModernBERT-base	head_embed_cache_answerdotai_ModernBERT-base.jsonl	delta	sink__pst	sink	pst	196	129	67	0	20	6	2	sank,sunk	sank	sunk	0.0041	fisher_exact	True	20	2	2	2	2	2	2		raw	raw_label	196	20	3.7778429228251267	37	1	0.05	0.15	-0.43238987622063496	-0.2382680412226976	0.8917885150970695	1.0050641963039801	0.8872950786392846	12.35634594475627	13.309017199390302	0.9284191131199624	0.23979591836734693	0.1326530612244898	0.13795137064845026	0.23349406090711883	0
answerdotai_ModernBERT-base	head_embed_cache_answerdotai_ModernBERT-base.jsonl	delta	slink__pst	slink	pst	144	133	11	0	2	1	2	slinked,slunk	slinked	slunk	0.2082	fisher_exact	False	2	1	0	0	1	0	0		conditioned-exclude	conditioned_exclude_label	133	1	-0.0	133	133	0.0	0.0													0
answerdotai_ModernBERT-base	head_embed_cache_answerdotai_ModernBERT-base.jsonl	delta	slink__pst	slink	pst	144	133	11	0	2	1	2	slinked,slunk	slinked	slunk	0.2082	fisher_exact	False	2	1	0	0	1	0	0		form	form_label	144	2	1.0	72	72	0.0	0.0	0.807176150715958	0.5605279486958916	0.3226216607995994	1.67701133079906	0.1923789391726275	9.557289814788776	21.75113123442327	0.439392770508572	1.0	1.0	1.0	1.0	0
answerdotai_ModernBERT-base	head_embed_cache_answerdotai_ModernBERT-base.jsonl	delta	slink__pst	slink	pst	144	133	11	0	2	1	2	slinked,slunk	slinked	slunk	0.2082	fisher_exact	False	2	1	0	0	1	0	0		raw	raw_label	144	2	0.3893256144515589	133	11	0.0	0.0	-0.015156183581648767	0.005443734191385848	1.0030742222043432	1.0134750951052058	0.9897374163893164	15.662888084545122	15.901872454998893	0.9849713062955272	0.5347222222222222	0.5347222222222222	0.002854636554215793	0.010851045107973334	0
answerdotai_ModernBERT-base	head_embed_cache_answerdotai_ModernBERT-base.jsonl	delta	smelt__pst	smelt	pst	199	0	199	0	6	0	2	smelled,smelt					False	0	0	0	0	0	0	0	missing_conditioning_forms;missing_conditioning_rows;missing_pair_test;missing_cond_counts	conditioned-exclude	conditioned_exclude_label	0	0		0	0															0
answerdotai_ModernBERT-base	head_embed_cache_answerdotai_ModernBERT-base.jsonl	delta	smelt__pst	smelt	pst	199	0	199	0	6	0	2	smelled,smelt					False	0	0	0	0	0	0	0	missing_conditioning_forms;missing_conditioning_rows;missing_pair_test;missing_cond_counts	form	form_label	199	2	0.9999817845368457	100	99	0.0	0.0	0.7562801349763599	0.503445133562646	0.38899799490263787	1.6018894691987575	0.24283697619737096	9.497824409459945	19.130046402008873	0.49648726458199105	1.0	1.0	1.0	1.0	0
answerdotai_ModernBERT-base	head_embed_cache_answerdotai_ModernBERT-base.jsonl	delta	smelt__pst	smelt	pst	199	0	199	0	6	0	2	smelled,smelt					False	0	0	0	0	0	0	0	missing_conditioning_forms;missing_conditioning_rows;missing_pair_test;missing_cond_counts	raw	raw_label	199	6	1.7693046996354274	99	3	0.0	0.0	-0.2200036935424416	-0.10286519626750434	0.9485089824793616	1.0272975589942082	0.9233050095125449	13.830400943810538	14.630761595354253	0.9452960362775745	0.4120603015075377	0.2814070351758794	0.06328384427741965	0.11647244663467424	0
answerdotai_ModernBERT-base	head_embed_cache_answerdotai_ModernBERT-base.jsonl	delta	sneak__ppt	sneak	ppt	200	200	0	0	3	3	2	sneaked,snuck	sneaked	snuck	0.8644	chi_sq	False	3	3	0	0	3	0	0		conditioned-exclude	conditioned_exclude_label	200	3	1.2903714221731157	121	20	0.0	0.0	-0.04285442802144435	-0.024487260382722052	1.0066649653889808	0.9998736373854243	1.0067921862819738	23.039414193143358	23.0887991721876	0.9978610849929463	0.21	0.205	0.006418188729616731	-0.0035216894120819525	0
answerdotai_ModernBERT-base	head_embed_cache_answerdotai_ModernBERT-base.jsonl	delta	sneak__ppt	sneak	ppt	200	200	0	0	3	3	2	sneaked,snuck	sneaked	snuck	0.8644	chi_sq	False	3	3	0	0	3	0	0		form	form_label	200	2	1.0	100	100	0.0	0.0	0.8459420911216289	0.6077370809918291	0.2657243141791243	1.7329030029437196	0.15334055843156408	12.967303601951278	33.06383820741913	0.3921899061023584	1.0	1.0	1.0	1.0	0
answerdotai_ModernBERT-base	head_embed_cache_answerdotai_ModernBERT-base.jsonl	delta	sneak__ppt	sneak	ppt	200	200	0	0	3	3	2	sneaked,snuck	sneaked	snuck	0.8644	chi_sq	False	3	3	0	0	3	0	0		raw	raw_label	200	3	1.2903714221731157	121	20	0.0	0.0	-0.04285442802144435	-0.024487260382722052	1.0066649653889808	0.9998736373854243	1.0067921862819738	23.039414193143358	23.0887991721876	0.9978610849929463	0.21	0.205	0.006418188729616731	-0.0035216894120819525	0
answerdotai_ModernBERT-base	head_embed_cache_answerdotai_ModernBERT-base.jsonl	delta	sneak__pst	sneak	pst	200	188	12	0	3	2	2	sneaked,snuck	sneaked	snuck	0.2469	chi_sq	False	3	2	0	0	2	0	0		conditioned-exclude	conditioned_exclude_label	188	2	0.8196004346196011	140	48	0.0	0.0	0.008727849526497394	0.007058986577805672	0.999632730028215	1.010273253297715	0.9894676779428067	21.70419059605282	21.82907891863955	0.9942788093326241	0.5531914893617021	0.5531914893617021	0.007279966359020231	0.007632258165347604	0
answerdotai_ModernBERT-base	head_embed_cache_answerdotai_ModernBERT-base.jsonl	delta	sneak__pst	sneak	pst	200	188	12	0	3	2	2	sneaked,snuck	sneaked	snuck	0.2469	chi_sq	False	3	2	0	0	2	0	0		form	form_label	200	2	1.0	100	100	0.0	0.0	0.8386559167630963	0.5990010131146211	0.2769548337741567	1.722880892988637	0.16075100426340574	12.416517182088294	30.99624604593213	0.4005813208376505	1.0	1.0	1.0	1.0	0
answerdotai_ModernBERT-base	head_embed_cache_answerdotai_ModernBERT-base.jsonl	delta	sneak__pst	sneak	pst	200	188	12	0	3	2	2	sneaked,snuck	sneaked	snuck	0.2469	chi_sq	False	3	2	0	0	2	0	0		raw	raw_label	200	3	1.0978693276969014	140	12	0.0	0.0	-0.053231174331727506	-0.029594851093082936	1.0000441608429413	1.0078185573977536	0.9922859164501929	21.706939943552705	21.80919882114813	0.995311204302642	0.52	0.52	0.04385387600258352	0.01662576917568502	0
answerdotai_ModernBERT-base	head_embed_cache_answerdotai_ModernBERT-base.jsonl	delta	speak__ppt	speak	ppt	199	183	16	0	9	5	2	spoke,spoken	spoke	spoken	0.0092	fisher_exact	True	9	2	3	0	2	3	0		conditioned-exclude	conditioned_exclude_label	102	2	0.9182958340544896	68	34	0.0	0.0	-0.013778624038338762	-0.0016598071737435017	0.9993002458154736	0.9849707242646789	1.0145481700093089	28.22371226262673	28.095078730342788	1.0045785076282778	0.30392156862745096	0.5	-0.010322401996792517	-0.0062622711573841515	0
answerdotai_ModernBERT-base	head_embed_cache_answerdotai_ModernBERT-base.jsonl	delta	speak__ppt	speak	ppt	199	183	16	0	9	5	2	spoke,spoken	spoke	spoken	0.0092	fisher_exact	True	9	2	3	0	2	3	0		form	form_label	199	2	0.9999817845368457	100	99	0.0	0.0	0.8004476064646144	0.5529109752571997	0.3306366222624377	1.6619780989925839	0.19894162411818464	17.38917654870693	38.914771649405196	0.4468528482030222	1.0	1.0	1.0	1.0	0
answerdotai_ModernBERT-base	head_embed_cache_answerdotai_ModernBERT-base.jsonl	delta	speak__ppt	speak	ppt	199	183	16	0	9	5	2	spoke,spoken	spoke	spoken	0.0092	fisher_exact	True	9	2	3	0	2	3	0		raw	raw_label	199	9	2.5511990759137424	68	2	0.0	0.2222222222222222	-0.40525822726205796	-0.21804142123375952	0.971662505609046	1.0067429618605197	0.9651545055883549	27.655824037044837	28.3454461077343	0.975670798474352	0.2663316582914573	0.1708542713567839	0.06715250771197148	0.15156667258851922	0
answerdotai_ModernBERT-base	head_embed_cache_answerdotai_ModernBERT-base.jsonl	delta	speak__pst	speak	pst	196	144	52	0	12	3	2	spake,spoke	spake	spoke	0.0	fisher_exact	True	12	1	0	2	1	0	2		conditioned-exclude	conditioned_exclude_label	144	5	1.3956715937889608	97	2	0.0	0.2	-0.4079151995896672	-0.21637792014026333	0.9155106158850077	1.0103854151198597	0.9061003872234268	14.293469878679826	15.308369533975306	0.9337029555601583	0.2708333333333333	0.2708333333333333	0.08236886367180356	0.2060251596567945	0
answerdotai_ModernBERT-base	head_embed_cache_answerdotai_ModernBERT-base.jsonl	delta	speak__pst	speak	pst	196	144	52	0	12	3	2	spake,spoke	spake	spoke	0.0	fisher_exact	True	12	1	0	2	1	0	2		form	form_label	196	2	0.9999248896252453	99	97	0.0	0.0	0.7290761838497309	0.4750722929810856	0.4079347613200957	1.5122446898392399	0.26975446768701267	10.267037822642914	19.565182201281882	0.5247606547701985	1.0	1.0	1.0	1.0	0
answerdotai_ModernBERT-base	head_embed_cache_answerdotai_ModernBERT-base.jsonl	delta	speak__pst	speak	pst	196	144	52	0	12	3	2	spake,spoke	spake	spoke	0.0	fisher_exact	True	12	1	0	2	1	0	2		raw	raw_label	196	12	2.484929949462546	97	1	0.08333333333333333	0.16666666666666666	-0.45269745708634407	-0.270197537273612	0.917486788705425	0.9806900686059863	0.935552238241382	14.33463619503187	15.177076105506874	0.9444926081533365	0.23469387755102042	0.22448979591836735	0.030884757463816387	0.11439130040660166	0
answerdotai_ModernBERT-base	head_embed_cache_answerdotai_ModernBERT-base.jsonl	delta	speed__ppt	speed	ppt	200	195	5	0	6	3	2	sped,speeded	sped	speeded	0.0001	fisher_exact	True	6	2	0	1	2	0	1		conditioned-exclude	conditioned_exclude_label	195	4	1.124605607249479	145	2	0.0	0.25	-0.4331806336651045	-0.21326644552431478	0.9837269485955838	1.0261687411026454	0.9586405326852416	16.701968026196234	17.432465633733653	0.9580955658892091	0.3076923076923077	0.12307692307692308	0.005308513630484389	0.07847538054617008	0
answerdotai_ModernBERT-base	head_embed_cache_answerdotai_ModernBERT-base.jsonl	delta	speed__ppt	speed	ppt	200	195	5	0	6	3	2	sped,speeded	sped	speeded	0.0001	fisher_exact	True	6	2	0	1	2	0	1		form	form_label	200	2	1.0	100	100	0.0	0.0	0.7567420977401345	0.5071900499680334	0.3892034958243083	1.6076384650588948	0.24209640680005132	11.221416200691374	22.795946291197634	0.49225489731147426	1.0	1.0	1.0	1.0	0
answerdotai_ModernBERT-base	head_embed_cache_answerdotai_ModernBERT-base.jsonl	delta	speed__ppt	speed	ppt	200	195	5	0	6	3	2	sped,speeded	sped	speeded	0.0001	fisher_exact	True	6	2	0	1	2	0	1		raw	raw_label	200	6	1.251080494864913	145	1	0.3333333333333333	0.3333333333333333	-0.2458337723935343	-0.11684080009640412	0.9861396545070221	1.0206469029880194	0.9661908066541183	16.729214732944097	17.42316931174534	0.9601705885775079	0.385	0.185	0.08041552111548483	0.11989631118386948	0
answerdotai_ModernBERT-base	head_embed_cache_answerdotai_ModernBERT-base.jsonl	delta	speed__pst	speed	pst	199	191	8	0	6	3	2	sped,speeded	sped	speeded	0.0	fisher_exact	True	6	0	2	1	0	2	1		conditioned-exclude	conditioned_exclude_label	73	2	0.24729443986205676	70	3	0.0	0.0	0.7924589374952199	0.5420630498475454	0.33640900264462514	1.6392769684512432	0.20521791565366637	10.729942929441473	23.530740909359984	0.455996815857734	1.0	1.0	1.0	1.0	0
answerdotai_ModernBERT-base	head_embed_cache_answerdotai_ModernBERT-base.jsonl	delta	speed__pst	speed	pst	199	191	8	0	6	3	2	sped,speeded	sped	speeded	0.0	fisher_exact	True	6	0	2	1	0	2	1		form	form_label	199	2	0.9999817845368457	100	99	0.0	0.0	0.764882331689224	0.5153788651920402	0.37640832539703145	1.6078206401448423	0.23411089271942814	11.198502103037018	23.140811575951307	0.4839286671637252	1.0	1.0	1.0	1.0	0
answerdotai_ModernBERT-base	head_embed_cache_answerdotai_ModernBERT-base.jsonl	delta	speed__pst	speed	pst	199	191	8	0	6	3	2	sped,speeded	sped	speeded	0.0	fisher_exact	True	6	0	2	1	0	2	1		raw	raw_label	199	6	1.7818363464743725	75	1	0.16666666666666666	0.16666666666666666	-0.0736380687869422	-0.019856381358279097	0.6560483903086148	1.15521117210902	0.5679034328510649	13.842172901948153	18.78359717899157	0.7369287559802373	0.6432160804020101	0.5577889447236181	0.27812237369780946	0.3110956834343148	0
answerdotai_ModernBERT-base	head_embed_cache_answerdotai_ModernBERT-base.jsonl	delta	spell__ppt	spell	ppt	148	135	13	0	7	3	2	spelled,spelt	spelled	spelt	0.0	fisher_exact	True	7	0	2	1	0	2	1		conditioned-exclude	conditioned_exclude_label	20	2	0.4689955935892812	18	2	0.0	0.5	0.759538446607528	0.5138043199500281	0.39437329245324243	1.609659957469918	0.24500410202979944	10.08033115662748	20.54666917019742	0.49060658314627575	1.0	1.0	1.0	1.0	0
answerdotai_ModernBERT-base	head_embed_cache_answerdotai_ModernBERT-base.jsonl	delta	spell__ppt	spell	ppt	148	135	13	0	7	3	2	spelled,spelt	spelled	spelt	0.0	fisher_exact	True	7	0	2	1	0	2	1		form	form_label	148	2	1.0	74	74	0.0	0.0	0.7212194864758994	0.4700794310020392	0.42896650386265345	1.5460034100663416	0.27746801919683073	10.187080365539812	19.213053921703	0.5302166124684905	1.0	1.0	1.0	1.0	0
answerdotai_ModernBERT-base	head_embed_cache_answerdotai_ModernBERT-base.jsonl	delta	spell__ppt	spell	ppt	148	135	13	0	7	3	2	spelled,spelt	spelled	spelt	0.0	fisher_exact	True	7	0	2	1	0	2	1		raw	raw_label	148	7	1.9000235960255685	58	1	0.2857142857142857	0.2857142857142857	-0.4558720650429923	-0.24473444003564954	0.8765603147906077	1.0448862688096405	0.8389049994782746	13.599401419589194	15.259369421693382	0.8912164745324073	0.5472972972972973	0.4189189189189189	0.3291009161197789	0.35936449813951177	0
answerdotai_ModernBERT-base	head_embed_cache_answerdotai_ModernBERT-base.jsonl	delta	spill__ppt	spill	ppt	151	141	10	0	5	2	2	spilled,spilt	spilled	spilt	0.0	fisher_exact	True	5	1	0	1	1	0	1		conditioned-exclude	conditioned_exclude_label	141	2	0.5103099652870143	125	16	0.0	0.0	0.05883723681097557	0.020546957748294	0.9778169495158738	1.076005820215655	0.908746896294574	16.623079842187884	16.39184284714261	1.0141068333317742	0.6170212765957447	0.6170212765957447	0.05202284013337722	0.16004827443892752	0
answerdotai_ModernBERT-base	head_embed_cache_answerdotai_ModernBERT-base.jsonl	delta	spill__ppt	spill	ppt	151	141	10	0	5	2	2	spilled,spilt	spilled	spilt	0.0	fisher_exact	True	5	1	0	1	1	0	1		form	form_label	151	2	0.9999683631071745	76	75	0.0	0.0	0.7599538513440002	0.5047096409693835	0.38345728101774845	1.6036678513486131	0.239112657084993	10.971499180033728	22.13749572572664	0.4956070603452866	1.0	1.0	1.0	1.0	0
answerdotai_ModernBERT-base	head_embed_cache_answerdotai_ModernBERT-base.jsonl	delta	spill__ppt	spill	ppt	151	141	10	0	5	2	2	spilled,spilt	spilled	spilt	0.0	fisher_exact	True	5	1	0	1	1	0	1		raw	raw_label	151	5	0.9265665700577865	125	2	0.0	0.2	-0.4533020508475197	-0.2574655868616479	0.9776981961890086	1.043208770606739	0.9372028147542999	16.622231884630537	16.52099167274177	1.0061279742702012	0.25165562913907286	0.13245033112582782	-0.023058216969153847	0.0844996625253559	0
answerdotai_ModernBERT-base	head_embed_cache_answerdotai_ModernBERT-base.jsonl	delta	spill__pst	spill	pst	126	117	9	0	6	4	2	spilled,spilt	spilled	spilt	0.0	fisher_exact	True	6	1	1	2	1	1	2		conditioned-exclude	conditioned_exclude_label	55	4	1.7521930161941324	18	2	0.0	0.25	-0.10192630096679514	-0.057342296469114554	0.5963521037014075	0.8107282268295811	0.7355758489296604	12.418506746031307	14.404205585001042	0.8621445086123025	0.5818181818181818	0.5454545454545454	0.1811524620617243	0.24390468431456208	0
answerdotai_ModernBERT-base	head_embed_cache_answerdotai_ModernBERT-base.jsonl	delta	spill__pst	spill	pst	126	117	9	0	6	4	2	spilled,spilt	spilled	spilt	0.0	fisher_exact	True	6	1	1	2	1	1	2		form	form_label	126	2	0.9992728962127291	65	61	0.0	0.0	0.7377898895101145	0.48590566341930747	0.4120046867176767	1.578418434577407	0.2610237423056856	11.069380133693029	21.553633759466262	0.5135737322636562	1.0	1.0	1.0	1.0	0
answerdotai_ModernBERT-base	head_embed_cache_answerdotai_ModernBERT-base.jsonl	delta	spill__pst	spill	pst	126	117	9	0	6	4	2	spilled,spilt	spilled	spilt	0.0	fisher_exact	True	6	1	1	2	1	1	2		raw	raw_label	126	6	2.0237541181907823	62	1	0.16666666666666666	0.16666666666666666	-0.30762870854420116	-0.16187974133518973	0.8398546261876175	1.0690881914492656	0.7855803037625017	15.023522749515033	16.928067669469858	0.8874918887883634	0.5793650793650794	0.36507936507936506	0.09913321697873881	0.19498465794440176	0
answerdotai_ModernBERT-base	head_embed_cache_answerdotai_ModernBERT-base.jsonl	delta	spit__ppt	spit	ppt	199	189	10	0	5	3	2	spat,spit	spat	spit	0.5544	fisher_exact	False	5	3	0	0	3	0	0		conditioned-exclude	conditioned_exclude_label	189	3	1.2025754555942125	129	22	0.0	0.0	-0.04123617161865486	-0.012748613739035242	1.0069700984040082	1.0000753487843008	1.006894230147847	13.598132357546632	13.70474406728672	0.9922208171698317	0.12698412698412698	0.12698412698412698	0.015381389022304072	0.017893169244063978	0
answerdotai_ModernBERT-base	head_embed_cache_answerdotai_ModernBERT-base.jsonl	delta	spit__ppt	spit	ppt	199	189	10	0	5	3	2	spat,spit	spat	spit	0.5544	fisher_exact	False	5	3	0	0	3	0	0		form	form_label	199	2	0.9999817845368457	100	99	0.0	0.0	0.8223776425730337	0.5774918346241851	0.3003160866684425	1.6992808997798166	0.1767312789235469	8.086109474922955	19.14759008552554	0.4223042920182202	1.0	1.0	1.0	1.0	0
answerdotai_ModernBERT-base	head_embed_cache_answerdotai_ModernBERT-base.jsonl	delta	spit__ppt	spit	ppt	199	189	10	0	5	3	2	spat,spit	spat	spit	0.5544	fisher_exact	False	5	3	0	0	3	0	0		raw	raw_label	199	5	1.4738938214127781	129	3	0.0	0.0	-0.3594198698093852	-0.2001755508710111	1.0069792661049877	1.0000926781125428	1.0068859498156129	13.597117239960255	13.686398642264608	0.9934766329230945	0.01507537688442211	0.01507537688442211	-0.0005493310476893337	0.051874636031996206	0
answerdotai_ModernBERT-base	head_embed_cache_answerdotai_ModernBERT-base.jsonl	delta	spit__pst	spit	pst	200	109	91	0	6	3	2	spat,spit	spat	spit	0.0	fisher_exact	True	6	2	2	1	2	1	0		conditioned-exclude	conditioned_exclude_label	84	2	0.9666186325481028	51	33	0.0	0.0	-0.018861650501218293	-0.006570194233397987	0.957737056684862	0.938394344866799	1.0206125622174425	13.053449896727543	12.97714093675239	1.0058802597850378	0.40476190476190477	0.47619047619047616	-0.013937516766100158	-0.008065676488777703	0
answerdotai_ModernBERT-base	head_embed_cache_answerdotai_ModernBERT-base.jsonl	delta	spit__pst	spit	pst	200	109	91	0	6	3	2	spat,spit	spat	spit	0.0	fisher_exact	True	6	2	2	1	2	1	0		form	form_label	200	2	1.0	100	100	0.0	0.0	0.816950222281158	0.5714786551992964	0.3066334907383149	1.6875190099977295	0.18170668829308623	8.032692017517185	18.745706118162605	0.4285083723645041	1.0	1.0	1.0	1.0	0
answerdotai_ModernBERT-base	head_embed_cache_answerdotai_ModernBERT-base.jsonl	delta	spit__pst	spit	pst	200	109	91	0	6	3	2	spat,spit	spat	spit	0.0	fisher_exact	True	6	2	2	1	2	1	0		raw	raw_label	200	6	2.3130864681626897	51	1	0.16666666666666666	0.16666666666666666	-0.3288119912850645	-0.18452201767293486	0.8939068400994428	1.0280820765882959	0.8694897620099404	12.526365947149198	13.645867073020288	0.9179604256819639	0.375	0.27	0.06688385844412108	0.1488040988671542	0
answerdotai_ModernBERT-base	head_embed_cache_answerdotai_ModernBERT-base.jsonl	delta	spring__pst	spring	pst	200	132	68	0	16	3	2	sprang,sprung	sprang	sprung	0.0218	fisher_exact	True	16	3	0	0	3	0	0		conditioned-exclude	conditioned_exclude_label	132	3	1.375432844317455	76	19	0.0	0.0	-0.049362549814086824	-0.022173283537782904	1.0060762270943793	0.9987412953001222	1.0073441759430333	17.501246440982094	17.57375426260083	0.9958740846983936	0.3787878787878788	0.3712121212121212	0.04466055169218731	0.03526423384042686	0
answerdotai_ModernBERT-base	head_embed_cache_answerdotai_ModernBERT-base.jsonl	delta	spring__pst	spring	pst	200	132	68	0	16	3	2	sprang,sprung	sprang	sprung	0.0218	fisher_exact	True	16	3	0	0	3	0	0		form	form_label	200	2	1.0	100	100	0.0	0.0	0.7826765637700234	0.533556815428003	0.3559613041558117	1.6432000067496018	0.21662688820208523	11.289376938004377	24.21022621687483	0.46630613183347874	1.0	1.0	1.0	1.0	0
answerdotai_ModernBERT-base	head_embed_cache_answerdotai_ModernBERT-base.jsonl	delta	spring__pst	spring	pst	200	132	68	0	16	3	2	sprang,sprung	sprang	sprung	0.0218	fisher_exact	True	16	3	0	0	3	0	0		raw	raw_label	200	16	3.0161790011615732	76	1	0.0625	0.0625	-0.4916299974487239	-0.26677537203308177	0.9997770943503839	1.0035525628156545	0.9962378966432233	17.45451399148772	17.861850078446626	0.9771951905782466	0.05	0.06	0.09185905015024377	0.16305412827677185	0
answerdotai_ModernBERT-base	head_embed_cache_answerdotai_ModernBERT-base.jsonl	delta	strive__ppt	strive	ppt	200	200	0	0	2	2	2	strived,striven	strived	striven	0.0537	chi_sq	False	2	1	1	0	1	1	0		conditioned-exclude	conditioned_exclude_label	181	1	-0.0	181	181	0.0	0.0													0
answerdotai_ModernBERT-base	head_embed_cache_answerdotai_ModernBERT-base.jsonl	delta	strive__ppt	strive	ppt	200	200	0	0	2	2	2	strived,striven	strived	striven	0.0537	chi_sq	False	2	1	1	0	1	1	0		form	form_label	200	2	1.0	100	100	0.0	0.0	0.8284750602614372	0.584028815924591	0.2914756956378335	1.7054293484433256	0.1709104489751425	10.71589390867952	25.76854212106847	0.4158517722241709	1.0	1.0	1.0	1.0	0
answerdotai_ModernBERT-base	head_embed_cache_answerdotai_ModernBERT-base.jsonl	delta	strive__ppt	strive	ppt	200	200	0	0	2	2	2	strived,striven	strived	striven	0.0537	chi_sq	False	2	1	1	0	1	1	0		raw	raw_label	200	2	0.4529425481872832	181	19	0.0	0.0	-0.0042868392860707875	0.015085009656542595	0.9984284573415453	1.01912533729242	0.9796915264555569	18.19251772330418	18.698963845100845	0.9729158189730736	0.545	0.545	0.006382889828200594	0.01925261928085012	0
answerdotai_ModernBERT-base	head_embed_cache_answerdotai_ModernBERT-base.jsonl	delta	strive__pst	strive	pst	199	199	0	0	2	2	2	strived,strove	strived	strove	0.0008	fisher_exact	True	2	1	0	1	1	0	1		conditioned-exclude	conditioned_exclude_label	199	3	0.548714629387147	178	3	0.0	0.0	-0.5515540787343083	-0.31150160604210303	0.9910861311979893	1.0455727676057163	0.9478882406888836	20.648651386343243	21.75449566320296	0.9491670919896241	0.10552763819095477	0.10552763819095477	-0.03482282146643987	0.09402957678428943	0
answerdotai_ModernBERT-base	head_embed_cache_answerdotai_ModernBERT-base.jsonl	delta	strive__pst	strive	pst	199	199	0	0	2	2	2	strived,strove	strived	strove	0.0008	fisher_exact	True	2	1	0	1	1	0	1		form	form_label	199	2	0.9999817845368457	100	99	0.0	0.0	0.8288874052767221	0.5851637129079246	0.2909029298152106	1.705137533421294	0.1706037924292974	12.202570922540184	29.433842913978168	0.41457620597496525	1.0	1.0	1.0	1.0	0
answerdotai_ModernBERT-base	head_embed_cache_answerdotai_ModernBERT-base.jsonl	delta	strive__pst	strive	pst	199	199	0	0	2	2	2	strived,strove	strived	strove	0.0008	fisher_exact	True	2	1	0	1	1	0	1		raw	raw_label	199	2	0.48627679848147415	178	21	0.0	0.0	0.005597324629436493	0.029373250678077556	0.9934672683569911	1.036191329910926	0.9587681730963648	20.680679940281486	21.633694107406864	0.9559476914856123	0.5778894472361809	0.5778894472361809	0.02238753596743631	0.06028318580255005	0
answerdotai_ModernBERT-base	head_embed_cache_answerdotai_ModernBERT-base.jsonl	delta	take__ppt	take	ppt	199	140	59	0	25	6	2	taken,took	taken	took	0.0053	fisher_exact	True	25	3	3	0	3	3	0		conditioned-exclude	conditioned_exclude_label	63	3	1.555383834371384	27	17	0.0	0.0	-0.028927126776365678	-0.01032129685499998	1.0049063666310876	0.9942652791803902	1.0107024630885926	13.2083077336453	13.260000013488343	0.9961016380248522	0.2857142857142857	0.2698412698412698	-0.01735116027520992	-0.016077011657462423	0
answerdotai_ModernBERT-base	head_embed_cache_answerdotai_ModernBERT-base.jsonl	delta	take__ppt	take	ppt	199	140	59	0	25	6	2	taken,took	taken	took	0.0053	fisher_exact	True	25	3	3	0	3	3	0		form	form_label	199	2	0.9999817845368457	100	99	0.0	0.0	0.6786442973924163	0.4270703344459153	0.4792981653980276	1.5022346952864405	0.3190567804763934	9.654125232474977	16.800902725352877	0.5746194350561128	1.0	1.0	1.0	1.0	0
answerdotai_ModernBERT-base	head_embed_cache_answerdotai_ModernBERT-base.jsonl	delta	take__ppt	take	ppt	199	140	59	0	25	6	2	taken,took	taken	took	0.0053	fisher_exact	True	25	3	3	0	3	3	0		raw	raw_label	199	25	3.703492483956415	35	1	0.44	0.52	-0.5614383817012565	-0.34560595143945705	0.9423787292996524	0.9986618181862017	0.9436414931845775	12.772518271302713	13.294895123999128	0.9607084638258295	0.1507537688442211	0.10552763819095477	0.06116198902641629	0.11331458118640046	0
answerdotai_ModernBERT-base	head_embed_cache_answerdotai_ModernBERT-base.jsonl	delta	tear__ppt	tear	ppt	96	91	5	0	6	3	2	tore,torn	tore	torn	0.0026	fisher_exact	True	6	2	0	1	2	0	1		conditioned-exclude	conditioned_exclude_label	91	4	1.6698922224763166	38	4	0.0	0.0	-0.3515515708783648	-0.20048587332075601	0.9197097445724458	1.0331704569713982	0.890182000817612	15.076355037996573	15.98962495064418	0.9428835938637314	0.34065934065934067	0.2087912087912088	0.14556578628543737	0.1984419858885667	0
answerdotai_ModernBERT-base	head_embed_cache_answerdotai_ModernBERT-base.jsonl	delta	tear__ppt	tear	ppt	96	91	5	0	6	3	2	tore,torn	tore	torn	0.0026	fisher_exact	True	6	2	0	1	2	0	1		form	form_label	96	2	1.0	48	48	0.0	0.0	0.7626466818207738	0.5058495931458488	0.37836749545398707	1.6044861226854283	0.23581849048386497	10.299962512799572	20.81091243177244	0.49493084681257954	1.0	1.0	1.0	1.0	0
answerdotai_ModernBERT-base	head_embed_cache_answerdotai_ModernBERT-base.jsonl	delta	tear__ppt	tear	ppt	96	91	5	0	6	3	2	tore,torn	tore	torn	0.0026	fisher_exact	True	6	2	0	1	2	0	1		raw	raw_label	96	6	1.814079155618118	38	1	0.16666666666666666	0.5	-0.3498528502811437	-0.21688553755558704	0.9448350891874017	1.0226867434252098	0.9238753658064782	15.250082572881547	15.779429576209415	0.9664533498646896	0.3958333333333333	0.1875	0.04693011369368822	0.09368260744139711	0
answerdotai_ModernBERT-base	head_embed_cache_answerdotai_ModernBERT-base.jsonl	delta	throw__pst	throw	pst	109	84	25	0	13	4	2	threw,throwed	threw	throwed	0.0	fisher_exact	True	13	1	1	2	1	1	2		conditioned-exclude	conditioned_exclude_label	51	5	2.079002316888643	15	3	0.0	0.0	-0.18824788503042952	-0.10527584795411608	0.5063965951431276	1.047904490957694	0.4832468984652647	14.819102764732367	21.763608788183777	0.6809120173478846	0.43137254901960786	0.43137254901960786	0.1841022692086522	0.25850498262078836	0
answerdotai_ModernBERT-base	head_embed_cache_answerdotai_ModernBERT-base.jsonl	delta	throw__pst	throw	pst	109	84	25	0	13	4	2	threw,throwed	threw	throwed	0.0	fisher_exact	True	13	1	1	2	1	1	2		form	form_label	109	2	0.9994535015927484	56	53	0.0	0.0	0.8040083040672231	0.5586583975866364	0.32320548921656067	1.6503938182775508	0.1958353731316548	13.203045379965227	29.8810321263796	0.4418537259397175	1.0	1.0	1.0	1.0	0
answerdotai_ModernBERT-base	head_embed_cache_answerdotai_ModernBERT-base.jsonl	delta	throw__pst	throw	pst	109	84	25	0	13	4	2	threw,throwed	threw	throwed	0.0	fisher_exact	True	13	1	1	2	1	1	2		raw	raw_label	109	13	2.9048649496780863	33	1	0.23076923076923078	0.46153846153846156	-0.49691709663375216	-0.2751506843622437	0.8208115242978259	1.0267617461458771	0.7994177104658213	19.18281247609528	22.098889037876397	0.8680442009196432	0.3853211009174312	0.28440366972477066	0.13929165676253863	0.25174663063529407	0
answerdotai_ModernBERT-base	head_embed_cache_answerdotai_ModernBERT-base.jsonl	delta	tread__ppt	tread	ppt	197	175	22	0	8	4	2	trod,trodden	trod	trodden	0.0	fisher_exact	True	8	2	1	1	2	1	1		conditioned-exclude	conditioned_exclude_label	100	4	1.6139113581028388	44	3	0.0	0.0	-0.4568672575411788	-0.2718737236658098	0.9320735316605375	0.9402158535617465	0.9913399440454401	20.682976000603347	20.73036300370326	0.9977141257443756	0.19	0.18	-0.009384343674771674	0.050287491270744965	0
answerdotai_ModernBERT-base	head_embed_cache_answerdotai_ModernBERT-base.jsonl	delta	tread__ppt	tread	ppt	197	175	22	0	8	4	2	trod,trodden	trod	trodden	0.0	fisher_exact	True	8	2	1	1	2	1	1		form	form_label	197	2	0.9999814128006821	99	98	0.0	0.0	0.8252552138183152	0.5810108751544591	0.2943715969489599	1.6970109613164983	0.17346475871940972	12.81525289493138	30.598143502632	0.4188245242339305	1.0	1.0	1.0	1.0	0
answerdotai_ModernBERT-base	head_embed_cache_answerdotai_ModernBERT-base.jsonl	delta	tread__ppt	tread	ppt	197	175	22	0	8	4	2	trod,trodden	trod	trodden	0.0	fisher_exact	True	8	2	1	1	2	1	1		raw	raw_label	197	8	2.2940645639523796	75	1	0.25	0.25	-0.5372001729081236	-0.32027210644760873	0.9133980619581873	1.0266914440241965	0.8896519662987089	20.556891825263428	22.133756041731022	0.9287574954068089	0.3604060913705584	0.10152284263959391	0.024222610507886252	0.08477439609180532	0
answerdotai_ModernBERT-base	head_embed_cache_answerdotai_ModernBERT-base.jsonl	delta	tread__pst	tread	pst	170	153	17	0	8	4	2	treaded,trod	treaded	trod	0.0	fisher_exact	True	8	1	1	2	1	1	2		conditioned-exclude	conditioned_exclude_label	97	5	1.7124814707746505	55	3	0.0	0.0	-0.394385119061923	-0.2284450747308306	0.8976248003029017	0.9773918774132078	0.9183878248288498	17.298502966510256	18.155015947847303	0.9528222402118789	0.21649484536082475	0.2268041237113402	0.05737431884796082	0.16723302198803522	0
answerdotai_ModernBERT-base	head_embed_cache_answerdotai_ModernBERT-base.jsonl	delta	tread__pst	tread	pst	170	153	17	0	8	4	2	treaded,trod	treaded	trod	0.0	fisher_exact	True	8	1	1	2	1	1	2		form	form_label	170	2	1.0	85	85	0.0	0.0	0.8016227029748882	0.554675566535456	0.3270585888295026	1.6539446613586697	0.1977445778390391	11.406335966792838	25.617173668037463	0.445261296761419	1.0	1.0	1.0	1.0	0
answerdotai_ModernBERT-base	head_embed_cache_answerdotai_ModernBERT-base.jsonl	delta	tread__pst	tread	pst	170	153	17	0	8	4	2	treaded,trod	treaded	trod	0.0	fisher_exact	True	8	1	1	2	1	1	2		raw	raw_label	170	8	2.298749565890562	56	2	0.0	0.125	-0.1869579477314663	-0.09847678274547372	0.7723276487124712	1.0660816150879788	0.7244545237268111	16.06576073199846	19.356495069473247	0.829993274832873	0.38823529411764707	0.34705882352941175	0.14845749528829735	0.20658749790213576	0
answerdotai_ModernBERT-base	head_embed_cache_answerdotai_ModernBERT-base.jsonl	delta	wake__ppt	wake	ppt	198	180	18	0	5	3	2	woke,woken	woke	woken	0.0062	fisher_exact	True	5	2	1	0	2	1	0		conditioned-exclude	conditioned_exclude_label	151	2	0.9992089388648364	78	73	0.0	0.0	-0.003401440357777014	0.0067838248167235125	0.9918445983735593	0.9886838329115777	1.0031969425985994	23.0950153742766	23.275420430545807	0.9922491171831873	0.46357615894039733	0.41721854304635764	-0.005511052980206801	-0.004258124804213695	0
answerdotai_ModernBERT-base	head_embed_cache_answerdotai_ModernBERT-base.jsonl	delta	wake__ppt	wake	ppt	198	180	18	0	5	3	2	woke,woken	woke	woken	0.0062	fisher_exact	True	5	2	1	0	2	1	0		form	form_label	198	2	0.999926399368686	100	98	0.0	0.0	0.8110152419897587	0.5671553029238839	0.31481874394568105	1.6814997831185565	0.1872249685110333	14.148015046863643	32.67234787591249	0.43302719169730036	1.0	1.0	1.0	1.0	0
answerdotai_ModernBERT-base	head_embed_cache_answerdotai_ModernBERT-base.jsonl	delta	wake__ppt	wake	ppt	198	180	18	0	5	3	2	woke,woken	woke	woken	0.0062	fisher_exact	True	5	2	1	0	2	1	0		raw	raw_label	198	5	1.8500486219129297	78	4	0.0	0.0	-0.32190725939523385	-0.17366975326023038	0.9837115228219817	1.0097462537270376	0.9742165610330713	23.007537063396445	23.66212632484005	0.9723359915986743	0.2878787878787879	0.21212121212121213	0.13632629838204546	0.1966155186259034	0
answerdotai_ModernBERT-base	head_embed_cache_answerdotai_ModernBERT-base.jsonl	delta	wear__ppt	wear	ppt	88	66	22	0	5	1	2	wore,worn	wore	worn	0.0268	fisher_exact	True	5	1	0	0	1	0	0		conditioned-exclude	conditioned_exclude_label	66	1	-0.0	66	66	0.0	0.0													0
answerdotai_ModernBERT-base	head_embed_cache_answerdotai_ModernBERT-base.jsonl	delta	wear__ppt	wear	ppt	88	66	22	0	5	1	2	wore,worn	wore	worn	0.0268	fisher_exact	True	5	1	0	0	1	0	0		form	form_label	88	2	1.0	44	44	0.0	0.0	0.7582066687454211	0.5061962889964916	0.3852338579790429	1.6065611873075711	0.23978785310048145	9.669121562184944	19.541961622606717	0.494787665072447	1.0	1.0	1.0	1.0	0
answerdotai_ModernBERT-base	head_embed_cache_answerdotai_ModernBERT-base.jsonl	delta	wear__ppt	wear	ppt	88	66	22	0	5	1	2	wore,worn	wore	worn	0.0268	fisher_exact	True	5	1	0	0	1	0	0		raw	raw_label	88	5	1.234422785899402	66	1	0.2	0.2	-0.20790268481839783	-0.10850902172861619	0.9855424809304646	1.0268263424587007	0.9597946996281929	14.172940317232758	15.335696470338606	0.9241797622067716	0.48863636363636365	0.5	-0.08628342052790251	0.03243896986845645	0
answerdotai_ModernBERT-base	head_embed_cache_answerdotai_ModernBERT-base.jsonl	delta	weave__ppt	weave	ppt	122	91	31	0	11	4	2	weaved,woven	weaved	woven	0.0372	fisher_exact	True	11	3	1	0	3	1	0		conditioned-exclude	conditioned_exclude_label	68	3	1.431169262145754	38	15	0.0	0.0	-0.06517415540271698	-0.037442259972167956	1.0249621667333162	1.0003536409722371	1.0245998262546054	20.555079214591682	20.304250653537128	1.01235350002985	0.11764705882352941	0.11764705882352941	-0.0053959391062264155	-0.03126623109467596	0
answerdotai_ModernBERT-base	head_embed_cache_answerdotai_ModernBERT-base.jsonl	delta	weave__ppt	weave	ppt	122	91	31	0	11	4	2	weaved,woven	weaved	woven	0.0372	fisher_exact	True	11	3	1	0	3	1	0		form	form_label	122	2	0.999806132804711	62	60	0.0	0.0	0.8198805781851721	0.5746157182437224	0.3034199427966747	1.6912911572445584	0.17940136533972348	12.187122876854191	28.657016644752932	0.4252753532557842	1.0	1.0	1.0	1.0	0
answerdotai_ModernBERT-base	head_embed_cache_answerdotai_ModernBERT-base.jsonl	delta	weave__ppt	weave	ppt	122	91	31	0	11	4	2	weaved,woven	weaved	woven	0.0372	fisher_exact	True	11	3	1	0	3	1	0		raw	raw_label	122	11	2.836519828492392	38	1	0.18181818181818182	0.18181818181818182	-0.4050643447043119	-0.26090473980598783	0.9901411468492788	1.0055244084259336	0.9847012549394638	20.309398838502528	20.524568843999333	0.989516466478188	0.1885245901639344	0.1885245901639344	0.030597617224218315	0.0796819705405411	0
answerdotai_ModernBERT-base	head_embed_cache_answerdotai_ModernBERT-base.jsonl	delta	weave__pst	weave	pst	198	153	45	0	13	4	2	weaved,wove	weaved	wove	0.0	fisher_exact	True	13	1	2	1	1	2	1		conditioned-exclude	conditioned_exclude_label	51	3	1.3647098428918996	23	5	0.0	0.0	0.07407289289603741	0.04254231698470847	0.64279117793926	1.1029976713282577	0.5827674841463578	16.54172192229557	21.934399031622462	0.7541452081020155	0.5490196078431373	0.5490196078431373	0.2793478260869565	0.3546593809134012	0
answerdotai_ModernBERT-base	head_embed_cache_answerdotai_ModernBERT-base.jsonl	delta	weave__pst	weave	pst	198	153	45	0	13	4	2	weaved,wove	weaved	wove	0.0	fisher_exact	True	13	1	2	1	1	2	1		form	form_label	198	2	0.999926399368686	100	98	0.0	0.0	0.8222388801165226	0.5784688051219301	0.30007787296308347	1.6943092308254333	0.17710927114343322	12.345922238922203	29.30834421337335	0.4212425700012346	1.0	1.0	1.0	1.0	0
answerdotai_ModernBERT-base	head_embed_cache_answerdotai_ModernBERT-base.jsonl	delta	weave__pst	weave	pst	198	153	45	0	13	4	2	weaved,wove	weaved	wove	0.0	fisher_exact	True	13	1	2	1	1	2	1		raw	raw_label	198	13	2.7570427744092507	81	1	0.07692307692307693	0.23076923076923078	-0.5557219812440558	-0.3043176732802977	0.7654693431489257	1.0657598481581922	0.7182381138412957	17.876126284009157	21.697806536597724	0.8238678989905024	0.3888888888888889	0.2222222222222222	0.061346146903152265	0.11994849692177333	0
answerdotai_ModernBERT-base	head_embed_cache_answerdotai_ModernBERT-base.jsonl	delta	wet__pst	wet	pst	76	74	2	0	3	2	2	wet,wetted	wet	wetted	0.0	fisher_exact	True	3	0	2	0	0	2	0		conditioned-exclude	conditioned_exclude_label	0	0		0	0															0
answerdotai_ModernBERT-base	head_embed_cache_answerdotai_ModernBERT-base.jsonl	delta	wet__pst	wet	pst	76	74	2	0	3	2	2	wet,wetted	wet	wetted	0.0	fisher_exact	True	3	0	2	0	0	2	0		form	form_label	76	2	1.0	38	38	0.0	0.0	0.7516883155824496	0.50132819585624	0.3903057562991974	1.5831784466525536	0.24653301535556743	10.214037549710639	20.505183709675	0.49811977762926996	1.0	1.0	1.0	1.0	0
answerdotai_ModernBERT-base	head_embed_cache_answerdotai_ModernBERT-base.jsonl	delta	wet__pst	wet	pst	76	74	2	0	3	2	2	wet,wetted	wet	wetted	0.0	fisher_exact	True	3	0	2	0	0	2	0		raw	raw_label	76	3	1.1239576570186298	44	2	0.0	0.3333333333333333	-0.14704305203713477	-0.07627352217757517	0.8598727073797032	1.1216181803298428	0.7666358502916152	14.317764901863484	16.473617831940405	0.8691330008944983	0.7105263157894737	0.5263157894736842	0.10863573360445766	0.12227213357075288	0
answerdotai_ModernBERT-base	head_embed_cache_answerdotai_ModernBERT-base.jsonl	delta	write__ppt	write	ppt	199	172	27	0	14	2	2	written,wrote	written	wrote	0.0019	fisher_exact	True	14	1	1	0	1	1	0		conditioned-exclude	conditioned_exclude_label	144	1	-0.0	144	144	0.0	0.0													0
answerdotai_ModernBERT-base	head_embed_cache_answerdotai_ModernBERT-base.jsonl	delta	write__ppt	write	ppt	199	172	27	0	14	2	2	written,wrote	written	wrote	0.0019	fisher_exact	True	14	1	1	0	1	1	0		form	form_label	199	2	0.9999817845368457	100	99	0.0	0.0	0.7591454415298473	0.5051688291929037	0.38372078015672784	1.600006213484395	0.23982455625661875	9.922205211450363	20.02369375593199	0.4955232202605438	1.0	1.0	1.0	1.0	0
answerdotai_ModernBERT-base	head_embed_cache_answerdotai_ModernBERT-base.jsonl	delta	write__ppt	write	ppt	199	172	27	0	14	2	2	written,wrote	written	wrote	0.0019	fisher_exact	True	14	1	1	0	1	1	0		raw	raw_label	199	14	1.53084921111479	144	1	0.5714285714285714	0.6428571428571429	-0.6249700810949315	-0.383037245185898	0.9907377034746152	0.9999202027677724	0.9908167679103391	14.970137018001987	15.032044292800759	0.9958816463288084	0.1407035175879397	0.1306532663316583	0.007985298367724582	0.02367140655846813	0
bert_base_uncased	head_embed_cache_bert_base_uncased.jsonl	delta	begin__ppt	begin	ppt	200	198	2	0	4	3	2	began,begun	began	begun	0.1741	fisher_exact	False	4	3	0	0	3	0	0		conditioned-exclude	conditioned_exclude_label	198	3	1.1529706704117353	140	22	0.0	0.0	-0.026678688884693953	-0.032275509943161515	0.9975251319145093	1.0046508225735984	0.9929072962476303	4.438564870810387	4.3992761042685435	1.008930734423266	0.4595959595959596	0.45454545454545453	0.013231826344467361	0.010701735107961942	0
bert_base_uncased	head_embed_cache_bert_base_uncased.jsonl	delta	begin__ppt	begin	ppt	200	198	2	0	4	3	2	began,begun	began	begun	0.1741	fisher_exact	False	4	3	0	0	3	0	0		form	form_label	200	2	1.0	100	100	0.0	0.0	0.5789837963755389	0.3370409667706565	0.590169312819532	1.4072822802134797	0.41936811193984863	3.5276878582661615	5.314677244299902	0.6637633286291614	1.0	1.0	1.0	1.0	0
bert_base_uncased	head_embed_cache_bert_base_uncased.jsonl	delta	begin__ppt	begin	ppt	200	198	2	0	4	3	2	began,begun	began	begun	0.1741	fisher_exact	False	4	3	0	0	3	0	0		raw	raw_label	200	4	1.2222340996035292	140	2	0.0	0.25	-0.15318944109838592	-0.056913648163288776	0.9974813303331248	1.0045312363729808	0.9929818946543556	4.438492266388067	4.411084245192482	1.0062134431518637	0.41	0.435	0.010837004877971252	0.011752378263829114	0
bert_base_uncased	head_embed_cache_bert_base_uncased.jsonl	delta	bid__ppt	bid	ppt	171	160	11	0	7	4	2	bid,bidden	bid	bidden	0.0	fisher_exact	True	7	1	1	2	1	1	2		conditioned-exclude	conditioned_exclude_label	78	4	1.5571643471379213	40	1	0.25	0.25	0.18427571683247723	0.06427111905539021	0.6113628161007085	1.1464227767412352	0.5332786721479299	8.283129184564899	11.684573746392338	0.7088944247643052	0.7307692307692307	0.782051282051282	0.391432928714218	0.5016813660480698	0
bert_base_uncased	head_embed_cache_bert_base_uncased.jsonl	delta	bid__ppt	bid	ppt	171	160	11	0	7	4	2	bid,bidden	bid	bidden	0.0	fisher_exact	True	7	1	1	2	1	1	2		form	form_label	171	2	0.9999753308152249	86	85	0.0	0.0	0.5898128646218401	0.3597016791836187	0.5706195124322179	1.4023498152452594	0.4069024049697766	9.005993528176324	14.10348491779143	0.6385651192362631	1.0	1.0	1.0	1.0	0
bert_base_uncased	head_embed_cache_bert_base_uncased.jsonl	delta	bid__ppt	bid	ppt	171	160	11	0	7	4	2	bid,bidden	bid	bidden	0.0	fisher_exact	True	7	1	1	2	1	1	2		raw	raw_label	171	7	2.005959814418014	82	1	0.2857142857142857	0.2857142857142857	-0.2617147615238232	-0.15903180634702474	0.8600524099183626	1.0467590834233684	0.8216335769503028	11.167486666031019	11.750158047547012	0.950411613260161	0.5614035087719298	0.40350877192982454	0.12089569620750473	0.29425975609591787	0
bert_base_uncased	head_embed_cache_bert_base_uncased.jsonl	delta	bid__pst	bid	pst	200	168	32	0	10	3	2	bade,bid	bade	bid	0.0	fisher_exact	True	10	1	1	1	1	1	1		conditioned-exclude	conditioned_exclude_label	76	2	0.7424875695421236	60	16	0.0	0.0	0.049230384384116074	0.11822200236140264	0.9546797495316	0.9555082177257117	0.9991329554484799	12.427918140057647	14.117176965155666	0.8803401820868658	0.5921052631578947	0.868421052631579	-0.01960472873318055	0.17458560403798593	0
bert_base_uncased	head_embed_cache_bert_base_uncased.jsonl	delta	bid__pst	bid	pst	200	168	32	0	10	3	2	bade,bid	bade	bid	0.0	fisher_exact	True	10	1	1	1	1	1	1		form	form_label	200	2	1.0	100	100	0.0	0.0	0.6334358334536584	0.39547702062711143	0.5155441500233485	1.4163888595481824	0.36398489478927654	10.304275232908992	17.066071246191193	0.6037871918065911	1.0	1.0	1.0	1.0	0
bert_base_uncased	head_embed_cache_bert_base_uncased.jsonl	delta	bid__pst	bid	pst	200	168	32	0	10	3	2	bade,bid	bade	bid	0.0	fisher_exact	True	10	1	1	1	1	1	1		raw	raw_label	200	10	2.1208109300257063	92	1	0.2	0.3	-0.3326233082342571	-0.19744297499663818	0.8888852608333478	1.004020085839134	0.8853261736197644	12.61660649907637	14.191826561500987	0.8890051216734983	0.49	0.545	0.4606661504801065	0.5196202117465607	0
bert_base_uncased	head_embed_cache_bert_base_uncased.jsonl	delta	break__ppt	break	ppt	199	126	73	0	28	6	2	broke,broken	broke	broken	0.2008	fisher_exact	False	28	4	1	1	4	1	1		conditioned-exclude	conditioned_exclude_label	100	6	2.477667024828463	23	5	0.0	0.0	-0.10824770515594917	-0.1153810854849406	0.9051650835733049	0.9945527677529467	0.910122733475871	5.795116364542189	5.966626996268727	0.9712550102706615	0.37	0.36	0.07418657703644141	0.1400399409129562	0
bert_base_uncased	head_embed_cache_bert_base_uncased.jsonl	delta	break__ppt	break	ppt	199	126	73	0	28	6	2	broke,broken	broke	broken	0.2008	fisher_exact	False	28	4	1	1	4	1	1		form	form_label	199	2	0.9999817845368457	100	99	0.0	0.0	0.3928422177545173	0.20308200652110853	0.7499983975578922	1.2390854993667062	0.6052838145077274	5.387964963507105	6.758318505627675	0.797234542737299	1.0	1.0	1.0	1.0	0
bert_base_uncased	head_embed_cache_bert_base_uncased.jsonl	delta	break__ppt	break	ppt	199	126	73	0	28	6	2	broke,broken	broke	broken	0.2008	fisher_exact	False	28	4	1	1	4	1	1		raw	raw_label	199	28	3.9567734612441186	26	1	0.42857142857142855	0.4642857142857143	-0.26905448990556186	-0.18468990233846666	0.9434825201746795	1.0001984596248765	0.9432953141404874	5.797851444177118	6.100187319930778	0.9504382636307157	0.2663316582914573	0.2864321608040201	0.025583590478656472	0.07751736965383584	0
bert_base_uncased	head_embed_cache_bert_base_uncased.jsonl	delta	bring__pst	bring	pst	193	193	0	0	4	4	2	brought,brung	brought	brung	0.0	chi_sq	True	4	1	2	1	1	2	1		conditioned-exclude	conditioned_exclude_label	80	3	0.9403047812186183	61	3	0.0	0.0	-0.21173961102125594	-0.09231171674174149	0.9509443389427313	0.997428748849226	0.9533957588849071	16.252154511861225	16.853392318562733	0.9643254132261971	0.275	0.225	-0.013133077489300357	0.20490460071263256	0
bert_base_uncased	head_embed_cache_bert_base_uncased.jsonl	delta	bring__pst	bring	pst	193	193	0	0	4	4	2	brought,brung	brought	brung	0.0	chi_sq	True	4	1	2	1	1	2	1		form	form_label	193	2	0.999515806980105	99	94	0.0	0.0	0.654158834753318	0.4156988382304796	0.5022699964950152	1.4533732532680623	0.3455891288529003	12.090261792068294	20.748218777671518	0.5827132401880877	1.0	1.0	1.0	1.0	0
bert_base_uncased	head_embed_cache_bert_base_uncased.jsonl	delta	bring__pst	bring	pst	193	193	0	0	4	4	2	brought,brung	brought	brung	0.0	chi_sq	True	4	1	2	1	1	2	1		raw	raw_label	193	4	1.877444466874	67	19	0.0	0.0	-0.02601393032128451	-0.007348882345186635	0.8374446833315099	1.0362889201979657	0.8081189203214969	14.96716034254801	17.02030177502564	0.8793710323344406	0.5440414507772021	0.5284974093264249	0.16593221824946391	0.25439527589808847	0
bert_base_uncased	head_embed_cache_bert_base_uncased.jsonl	delta	burn__ppt	burn	ppt	199	152	47	0	15	4	2	burned,burnt	burned	burnt	0.0028	fisher_exact	True	15	3	1	0	3	1	0		conditioned-exclude	conditioned_exclude_label	131	3	1.262392868407983	85	16	0.0	0.0	-0.04475742040640177	0.026328924260699615	0.9973610221709416	1.0071499778941895	0.9902805382136678	5.554294970546249	6.266529370821547	0.8863430843248528	0.4198473282442748	0.3893129770992366	0.00225406790110422	0.005823081724999002	0
bert_base_uncased	head_embed_cache_bert_base_uncased.jsonl	delta	burn__ppt	burn	ppt	199	152	47	0	15	4	2	burned,burnt	burned	burnt	0.0028	fisher_exact	True	15	3	1	0	3	1	0		form	form_label	199	2	0.9999817845368457	100	99	0.0	0.0	0.6650480380467543	0.4040188068419743	0.49812389664472995	1.4989056443679498	0.33232505229158443	4.424268513634651	7.427144690947678	0.5956890161338879	1.0	1.0	1.0	1.0	0
bert_base_uncased	head_embed_cache_bert_base_uncased.jsonl	delta	burn__ppt	burn	ppt	199	152	47	0	15	4	2	burned,burnt	burned	burnt	0.0028	fisher_exact	True	15	3	1	0	3	1	0		raw	raw_label	199	15	2.8386901946024508	85	1	0.13333333333333333	0.13333333333333333	-0.4554570042388308	-0.271639289468313	0.9894929433245413	1.004377854832886	0.9851799684384505	5.531815122594414	6.049772972635849	0.9143839194653672	0.12562814070351758	0.10050251256281408	0.1326831026645314	0.19805282086567783	0
bert_base_uncased	head_embed_cache_bert_base_uncased.jsonl	delta	burn__pst	burn	pst	198	130	68	0	20	3	2	burned,burnt	burned	burnt	0.0	fisher_exact	True	21	2	0	1	2	0	1		conditioned-exclude	conditioned_exclude_label	130	4	1.3101187762447488	89	3	0.0	0.0	-0.2727369258208459	-0.04263819438841602	0.9658901961427022	1.033341572604712	0.9347249948611018	4.541045735659256	5.113449649799105	0.888059147279892	0.34615384615384615	0.3076923076923077	0.11645561032918963	0.20515072418398755	0
bert_base_uncased	head_embed_cache_bert_base_uncased.jsonl	delta	burn__pst	burn	pst	198	130	68	0	20	3	2	burned,burnt	burned	burnt	0.0	fisher_exact	True	21	2	0	1	2	0	1		form	form_label	198	2	0.999926399368686	100	98	0.0	0.0	0.6304551466060707	0.3770321692177005	0.5354821843464436	1.456526621737205	0.3676432523476789	3.9224151557807247	6.3087837244658385	0.6217387260510081	1.0	1.0	1.0	1.0	0
bert_base_uncased	head_embed_cache_bert_base_uncased.jsonl	delta	burn__pst	burn	pst	198	130	68	0	20	3	2	burned,burnt	burned	burnt	0.0	fisher_exact	True	21	2	0	1	2	0	1		raw	raw_label	198	20	3.042396475146948	89	1	0.05	0.4	-0.38614238178345606	-0.18985573846851736	0.9693368789617258	1.006912885438613	0.9626819687976096	4.598721391087291	5.27712534756967	0.8714444111518382	0.15656565656565657	0.20202020202020202	0.08819176942448213	0.18968750696352113	0
bert_base_uncased	head_embed_cache_bert_base_uncased.jsonl	delta	creep__ppt	creep	ppt	200	173	27	0	7	3	2	creeped,crept	creeped	crept	0.0	fisher_exact	True	7	0	1	2	0	1	2		conditioned-exclude	conditioned_exclude_label	100	3	0.992997266270944	72	3	0.0	0.0	0.5549923186306696	0.25925580372089074	0.3251334034445497	1.2798402566455704	0.2540421757764647	8.682906049189882	14.024807312719338	0.6191105414557251	1.0	1.0	0.7407219557856596	0.7678663747318255	0
bert_base_uncased	head_embed_cache_bert_base_uncased.jsonl	delta	creep__ppt	creep	ppt	200	173	27	0	7	3	2	creeped,crept	creeped	crept	0.0	fisher_exact	True	7	0	1	2	0	1	2		form	form_label	200	2	1.0	100	100	0.0	0.0	0.6802731501853106	0.4494695466878155	0.44694543733167996	1.400435378210186	0.3191474910487442	7.714768031288113	14.17574934465331	0.5442229432617546	1.0	0.995	0.9799995050507551	0.959418425497274	0
bert_base_uncased	head_embed_cache_bert_base_uncased.jsonl	delta	creep__ppt	creep	ppt	200	173	27	0	7	3	2	creeped,crept	creeped	crept	0.0	fisher_exact	True	7	0	1	2	0	1	2		raw	raw_label	200	7	2.047756286887821	73	1	0.14285714285714285	0.2857142857142857	-0.025257420829091944	-0.017316433153890132	0.5174847631708783	1.0900618228557606	0.47472973763558096	7.937274851498698	12.175140312484638	0.6519247127985583	0.84	0.83	0.33793446591051374	0.5277029125747472	0
bert_base_uncased	head_embed_cache_bert_base_uncased.jsonl	delta	creep__pst	creep	pst	199	192	7	0	6	4	2	creeped,crept	creeped	crept	0.0	fisher_exact	True	6	0	1	3	0	1	3		conditioned-exclude	conditioned_exclude_label	150	5	1.6571237065559545	80	2	0.0	0.2	0.3237906873008553	0.1125844913236065	0.34962976923817113	1.1929984947771288	0.2930680723981027	8.104041097747798	12.870737186266135	0.6296485570690781	0.9	0.9	0.37103384628916614	0.5369529386993159	0
bert_base_uncased	head_embed_cache_bert_base_uncased.jsonl	delta	creep__pst	creep	pst	199	192	7	0	6	4	2	creeped,crept	creeped	crept	0.0	fisher_exact	True	6	0	1	3	0	1	3		form	form_label	199	2	0.9999817845368457	100	99	0.0	0.0	0.6460739553707611	0.4265032573790385	0.4854797069747401	1.3762636420763112	0.35275196708845497	7.888475442478749	13.99825204520168	0.5635328908928141	1.0	0.9798994974874372	0.9208150105600392	0.8772737874986589	0
bert_base_uncased	head_embed_cache_bert_base_uncased.jsonl	delta	creep__pst	creep	pst	199	192	7	0	6	4	2	creeped,crept	creeped	crept	0.0	fisher_exact	True	6	0	1	3	0	1	3		raw	raw_label	199	6	2.074652806440842	80	1	0.16666666666666666	0.16666666666666666	0.15289027460994792	0.04458793250034385	0.4574576009578039	1.1048822567644374	0.41403289640783375	8.058984303232709	12.00589554416426	0.6712522421661383	0.8040201005025126	0.7889447236180904	0.37477601956868817	0.5291568474653149	0
bert_base_uncased	head_embed_cache_bert_base_uncased.jsonl	delta	disprove__ppt	disprove	ppt	197	197	0	0	1	1	2	disproved,disproven	disproved	disproven		fisher_exact	False	1	1	0	0	1	0	0		conditioned-exclude	conditioned_exclude_label	197	1	-0.0	197	197	0.0	0.0													0
bert_base_uncased	head_embed_cache_bert_base_uncased.jsonl	delta	disprove__ppt	disprove	ppt	197	197	0	0	1	1	2	disproved,disproven	disproved	disproven		fisher_exact	False	1	1	0	0	1	0	0		form	form_label	197	2	0.9999814128006821	99	98	0.0	0.0	0.7107530632305392	0.45783773626809815	0.44530115751553107	1.5527410256673289	0.28678391963280025	4.294543739807033	7.905966916577648	0.5432028473078996	1.0	1.0	1.0	1.0	0
bert_base_uncased	head_embed_cache_bert_base_uncased.jsonl	delta	disprove__ppt	disprove	ppt	197	197	0	0	1	1	2	disproved,disproven	disproved	disproven		fisher_exact	False	1	1	0	0	1	0	0		raw	raw_label	197	1	-0.0	197	197	0.0	0.0													0
bert_base_uncased	head_embed_cache_bert_base_uncased.jsonl	delta	dive__pst	dive	pst	198	182	16	0	7	3	2	dived,dove	dived	dove	0.0014	fisher_exact	True	7	1	2	0	1	2	0		conditioned-exclude	conditioned_exclude_label	67	1	-0.0	67	67	0.0	0.0													0
bert_base_uncased	head_embed_cache_bert_base_uncased.jsonl	delta	dive__pst	dive	pst	198	182	16	0	7	3	2	dived,dove	dived	dove	0.0014	fisher_exact	True	7	1	2	0	1	2	0		form	form_label	198	2	1.0	99	99	0.0	0.0	0.6457433640283168	0.3971960423478533	0.5201918400273354	1.4750847772750264	0.3526521648391649	7.0545889845757115	11.705635835419251	0.6026660220566347	1.0	1.0	1.0	1.0	0
bert_base_uncased	head_embed_cache_bert_base_uncased.jsonl	delta	dive__pst	dive	pst	198	182	16	0	7	3	2	dived,dove	dived	dove	0.0014	fisher_exact	True	7	1	2	0	1	2	0		raw	raw_label	198	7	1.907799970324791	73	1	0.42857142857142855	0.42857142857142855	-0.2703402873257293	-0.14898977070029895	0.9742922603182772	1.0109104884443525	0.9637769826857514	9.083528400924214	9.521743683115302	0.9539774124598455	0.3838383838383838	0.30303030303030304	0.1616764111568682	0.21291659222402307	0
bert_base_uncased	head_embed_cache_bert_base_uncased.jsonl	delta	dream__ppt	dream	ppt	199	181	18	0	5	3	2	dreamed,dreamt	dreamed	dreamt	0.0015	fisher_exact	True	5	3	0	0	3	0	0		conditioned-exclude	conditioned_exclude_label	181	3	1.3099792748760353	111	22	0.0	0.0	-0.03936661148538706	-0.005150427617080743	1.0002875110393858	1.001820865162701	0.9984694328331182	9.482879570033965	9.641522264279793	0.9835458872678673	0.5027624309392266	0.4585635359116022	0.048092846898586956	0.11210424615619734	0
bert_base_uncased	head_embed_cache_bert_base_uncased.jsonl	delta	dream__ppt	dream	ppt	199	181	18	0	5	3	2	dreamed,dreamt	dreamed	dreamt	0.0015	fisher_exact	True	5	3	0	0	3	0	0		form	form_label	199	2	0.9999817845368457	100	99	0.0	0.0	0.6567647838435658	0.4138629407991463	0.507543787463164	1.4898174496050192	0.3406751529173753	7.096377997519391	12.118736699843984	0.585570771383353	1.0	1.0	1.0	1.0	0
bert_base_uncased	head_embed_cache_bert_base_uncased.jsonl	delta	dream__ppt	dream	ppt	199	181	18	0	5	3	2	dreamed,dreamt	dreamed	dreamt	0.0015	fisher_exact	True	5	3	0	0	3	0	0		raw	raw_label	199	5	1.6985903204516677	111	4	0.0	0.0	-0.2356276897293745	-0.11559345912453135	0.9959104933855295	1.0044110520204421	0.9915367730992076	9.468863135031617	9.714416797213259	0.9747227582151835	0.22613065326633167	0.1507537688442211	0.1041489008084102	0.17764150749198546	0
bert_base_uncased	head_embed_cache_bert_base_uncased.jsonl	delta	dream__pst	dream	pst	197	190	7	0	5	4	2	dreamed,dreamt	dreamed	dreamt	0.0	chi_sq	True	5	0	4	0	0	4	0		conditioned-exclude	conditioned_exclude_label	0	0		0	0															0
bert_base_uncased	head_embed_cache_bert_base_uncased.jsonl	delta	dream__pst	dream	pst	197	190	7	0	5	4	2	dreamed,dreamt	dreamed	dreamt	0.0	chi_sq	True	5	0	4	0	0	4	0		form	form_label	197	2	0.9999814128006821	99	98	0.0	0.0	0.6330095940019911	0.39374862468155153	0.5313791711697737	1.4542956524025312	0.3653859311838845	7.263667985592626	11.993555300599207	0.6056309245707757	1.0	1.0	1.0	1.0	0
bert_base_uncased	head_embed_cache_bert_base_uncased.jsonl	delta	dream__pst	dream	pst	197	190	7	0	5	4	2	dreamed,dreamt	dreamed	dreamt	0.0	chi_sq	True	5	0	4	0	0	4	0		raw	raw_label	197	5	2.0094602437853	69	7	0.0	0.0	-0.15202915595567495	-0.0609196487246754	0.8962722835498814	1.0328120957279188	0.8677980121042201	9.053298607849019	9.86407858188634	0.9178047936959691	0.6345177664974619	0.47715736040609136	0.23482868216283037	0.2806004612236364	0
bert_base_uncased	head_embed_cache_bert_base_uncased.jsonl	delta	drink__ppt	drink	ppt	200	183	17	0	7	3	2	drank,drunk	drank	drunk	0.0185	fisher_exact	True	7	2	1	0	2	1	0		conditioned-exclude	conditioned_exclude_label	132	2	0.7455178428108284	104	28	0.0	0.0	-0.010276881328795843	0.04076784368447646	0.9876382799525386	0.9753108677185691	1.012639469775217	6.1958220703943585	6.560140590025028	0.9444648304969819	0.4696969696969697	0.4696969696969697	-0.009036779587509638	-0.005575178156578395	0
bert_base_uncased	head_embed_cache_bert_base_uncased.jsonl	delta	drink__ppt	drink	ppt	200	183	17	0	7	3	2	drank,drunk	drank	drunk	0.0185	fisher_exact	True	7	2	1	0	2	1	0		form	form_label	200	2	1.0	100	100	0.0	0.0	0.6691596085826731	0.41565899379427096	0.4928418769220119	1.4989148940884331	0.32879910585032535	4.70243337901568	8.032795725616252	0.5854043274149019	1.0	1.0	1.0	1.0	0
bert_base_uncased	head_embed_cache_bert_base_uncased.jsonl	delta	drink__ppt	drink	ppt	200	183	17	0	7	3	2	drank,drunk	drank	drunk	0.0185	fisher_exact	True	7	2	1	0	2	1	0		raw	raw_label	200	7	1.8199338849640223	104	1	0.2857142857142857	0.2857142857142857	-0.42690753716025676	-0.1449410237871023	0.9782344414077448	1.0094975362985648	0.969031033988008	6.119166514358284	6.5171909748479955	0.938926991394633	0.45	0.115	0.04881354777293926	0.11244278386783212	0
bert_base_uncased	head_embed_cache_bert_base_uncased.jsonl	delta	drive__ppt	drive	ppt	142	93	49	0	15	4	2	driven,drove	driven	drove	0.0	fisher_exact	True	15	0	0	4	0	0	4		conditioned-exclude	conditioned_exclude_label	93	6	2.257035960830074	27	3	0.0	0.0	0.09059675382701679	0.0028032326499245986	0.5723893115411884	0.9990310593269562	0.5729444607325873	5.079900746218482	6.413587325243673	0.792052947688754	0.7634408602150538	0.7526881720430108	0.3398383880994118	0.5342018090214452	0
bert_base_uncased	head_embed_cache_bert_base_uncased.jsonl	delta	drive__ppt	drive	ppt	142	93	49	0	15	4	2	driven,drove	driven	drove	0.0	fisher_exact	True	15	0	0	4	0	0	4		form	form_label	142	2	0.9998568991526107	72	70	0.0	0.0	0.41554704131275794	0.22343898484128238	0.6970424277594495	1.1938906712393107	0.5838410874220912	5.400927876219626	6.95357477923939	0.7767124173805752	1.0	1.0	1.0	1.0	0
bert_base_uncased	head_embed_cache_bert_base_uncased.jsonl	delta	drive__ppt	drive	ppt	142	93	49	0	15	4	2	driven,drove	driven	drove	0.0	fisher_exact	True	15	0	0	4	0	0	4		raw	raw_label	142	15	3.2081115221477225	31	1	0.3333333333333333	0.4	-0.07949407179481174	-0.1514148642633755	0.7048867245371278	0.9824137144795949	0.7175049718341127	5.292820704065145	6.311997053225112	0.8385334561207978	0.5140845070422535	0.49295774647887325	0.18458798447120842	0.321835659067317	0
bert_base_uncased	head_embed_cache_bert_base_uncased.jsonl	delta	eat__ppt	eat	ppt	199	171	28	0	8	2	2	ate,eaten	ate	eaten	0.0053	fisher_exact	True	8	1	1	0	1	1	0		conditioned-exclude	conditioned_exclude_label	142	1	-0.0	142	142	0.0	0.0													0
bert_base_uncased	head_embed_cache_bert_base_uncased.jsonl	delta	eat__ppt	eat	ppt	199	171	28	0	8	2	2	ate,eaten	ate	eaten	0.0053	fisher_exact	True	8	1	1	0	1	1	0		form	form_label	199	2	0.9999817845368457	100	99	0.0	0.0	0.513383407095332	0.2824263697565461	0.6436726838044824	1.3324174244606077	0.4830863601660384	4.899640733480676	6.793609705421706	0.7212131614759191	1.0	1.0	1.0	1.0	0
bert_base_uncased	head_embed_cache_bert_base_uncased.jsonl	delta	eat__ppt	eat	ppt	199	171	28	0	8	2	2	ate,eaten	ate	eaten	0.0053	fisher_exact	True	8	1	1	0	1	1	0		raw	raw_label	199	8	1.4428159561419673	142	1	0.125	0.25	-0.3249527931875469	-0.15099490846742766	0.9749961180750875	1.0067278044232189	0.9684803715475889	5.735807214028913	5.983952047173571	0.9585316140255727	0.3869346733668342	0.4120603015075377	0.0037355495575062477	0.08616179193885819	0
bert_base_uncased	head_embed_cache_bert_base_uncased.jsonl	delta	fall__ppt	fall	ppt	200	151	49	0	14	4	2	fallen,fell	fallen	fell	0.0	fisher_exact	True	14	0	2	2	0	2	2		conditioned-exclude	conditioned_exclude_label	69	4	1.5574653812571848	30	4	0.0	0.0	0.15270092882741473	0.03994124226816233	0.577741585442445	1.1977113042929548	0.48237132218060125	3.9969230859872966	5.437705658583581	0.7350385138404897	0.927536231884058	0.9130434782608695	0.6829846026461558	0.6870315714986075	0
bert_base_uncased	head_embed_cache_bert_base_uncased.jsonl	delta	fall__ppt	fall	ppt	200	151	49	0	14	4	2	fallen,fell	fallen	fell	0.0	fisher_exact	True	14	0	2	2	0	2	2		form	form_label	200	2	1.0	100	100	0.0	0.0	0.4938195214288875	0.27115824971718927	0.6636833755313092	1.3154328774959503	0.5045361012982226	4.481830450532108	6.143030982170215	0.7295796592171448	1.0	1.0	1.0	1.0	0
bert_base_uncased	head_embed_cache_bert_base_uncased.jsonl	delta	fall__ppt	fall	ppt	200	151	49	0	14	4	2	fallen,fell	fallen	fell	0.0	fisher_exact	True	14	0	2	2	0	2	2		raw	raw_label	200	14	2.949755162174359	51	1	0.21428571428571427	0.35714285714285715	-0.23150902434462126	-0.15507613036580278	0.8559139250486203	1.0162442856139184	0.8422324604084325	4.92744386348487	5.388661086915345	0.9144096806254164	0.545	0.465	0.12604768276662	0.17168141253591218	0
bert_base_uncased	head_embed_cache_bert_base_uncased.jsonl	delta	fall__pst	fall	pst	199	0	199	0	22	0	2	fell,felled					False	0	0	0	0	0	0	0	missing_conditioning_forms;missing_conditioning_rows;missing_pair_test;missing_cond_counts	conditioned-exclude	conditioned_exclude_label	0	0		0	0															0
bert_base_uncased	head_embed_cache_bert_base_uncased.jsonl	delta	fall__pst	fall	pst	199	0	199	0	22	0	2	fell,felled					False	0	0	0	0	0	0	0	missing_conditioning_forms;missing_conditioning_rows;missing_pair_test;missing_cond_counts	form	form_label	199	2	0.9999817845368457	100	99	0.0	0.0	0.4936239824696918	0.2985074852836874	0.6007278547484536	1.1946059899133135	0.5028669367312024	7.974513135145914	11.37379742801997	0.7011302237105319	1.0	1.0	1.0	1.0	0
bert_base_uncased	head_embed_cache_bert_base_uncased.jsonl	delta	fall__pst	fall	pst	199	0	199	0	22	0	2	fell,felled					False	0	0	0	0	0	0	0	missing_conditioning_forms;missing_conditioning_rows;missing_pair_test;missing_cond_counts	raw	raw_label	199	22	3.6565111720591474	48	1	0.22727272727272727	0.36363636363636365	-0.007092555265325529	-0.05833301802270309	0.4948473083622611	0.9470384058636231	0.5225208452987712	7.77292399189528	9.90885485823839	0.7844422088222172	0.6381909547738693	0.6180904522613065	0.19958045948891068	0.42676381638626765	0
bert_base_uncased	head_embed_cache_bert_base_uncased.jsonl	delta	fly__pst	fly	pst	198	171	27	0	14	3	2	flew,flied	flew	flied	0.0	fisher_exact	True	14	0	1	2	0	1	2		conditioned-exclude	conditioned_exclude_label	68	3	0.941917968093368	51	2	0.0	0.3333333333333333	0.1761237544724408	0.07417940806518988	0.43504977796140826	0.6571683748011722	0.6620065642888454	9.53544709570589	11.3319714028371	0.8414640980578695	0.9411764705882353	0.9264705882352942	0.069372948581635	0.18034344094491667	0
bert_base_uncased	head_embed_cache_bert_base_uncased.jsonl	delta	fly__pst	fly	pst	198	171	27	0	14	3	2	flew,flied	flew	flied	0.0	fisher_exact	True	14	0	1	2	0	1	2		form	form_label	198	2	0.999926399368686	100	98	0.0	0.0	0.7096659416483208	0.4662131380050118	0.4058455598590483	1.4032502639905735	0.28921823161101834	8.706565084028261	16.331662540644793	0.533109538747824	1.0	1.0	1.0	1.0	0
bert_base_uncased	head_embed_cache_bert_base_uncased.jsonl	delta	fly__pst	fly	pst	198	171	27	0	14	3	2	flew,flied	flew	flied	0.0	fisher_exact	True	14	0	1	2	0	1	2		raw	raw_label	198	14	2.1414296982592194	103	1	0.14285714285714285	0.5	0.1533333444982177	0.09688603712412877	0.4532427167275881	1.1440153790817729	0.3961858599238209	8.682363169210912	14.551701681506009	0.5966562096476639	0.8181818181818182	0.7929292929292929	0.35710240847195684	0.47106902929765065	0
bert_base_uncased	head_embed_cache_bert_base_uncased.jsonl	delta	forget__ppt	forget	ppt	200	184	16	0	5	3	2	forgot,forgotten	forgot	forgotten	0.0021	fisher_exact	True	5	3	0	0	3	0	0		conditioned-exclude	conditioned_exclude_label	184	3	1.4416232767703003	90	27	0.0	0.0	-0.050858404122137706	-0.022063116450422467	0.9962196725915995	0.9978071305048647	0.9984090533483541	6.229544966716923	6.2861784765049995	0.9909907887598566	0.30434782608695654	0.30434782608695654	0.0122037802776413	-0.0004000916592668747	0
bert_base_uncased	head_embed_cache_bert_base_uncased.jsonl	delta	forget__ppt	forget	ppt	200	184	16	0	5	3	2	forgot,forgotten	forgot	forgotten	0.0021	fisher_exact	True	5	3	0	0	3	0	0		form	form_label	200	2	1.0	100	100	0.0	0.0	0.5620970676595758	0.33213488489381937	0.6051004836141805	1.3870628825149196	0.4362458914025997	5.001460308165758	7.480382265384906	0.668610256899539	1.0	1.0	1.0	1.0	0
bert_base_uncased	head_embed_cache_bert_base_uncased.jsonl	delta	forget__ppt	forget	ppt	200	184	16	0	5	3	2	forgot,forgotten	forgot	forgotten	0.0021	fisher_exact	True	5	3	0	0	3	0	0		raw	raw_label	200	5	1.7933748547876793	90	4	0.0	0.0	-0.18233300597588323	-0.08305022636556583	0.9924038917768105	1.0008712899044823	0.9915399730084377	6.21070093468351	6.2653974963672585	0.9912700572125772	0.28	0.28	0.012778762261396492	0.04801063114373094	0
bert_base_uncased	head_embed_cache_bert_base_uncased.jsonl	delta	hang__ppt	hang	ppt	198	189	9	0	7	4	2	hanged,hung	hanged	hung	0.0	fisher_exact	True	7	0	1	3	0	1	3		conditioned-exclude	conditioned_exclude_label	67	5	1.7041692098588086	30	1	0.4	0.4	0.1043502932864611	0.057542958126053784	0.5305110101554028	0.6914055814151777	0.7672935024179963	7.936730434752951	8.9824748880051	0.883579473776364	0.7611940298507462	0.746268656716418	0.15874474062925084	0.19217137195304035	0
bert_base_uncased	head_embed_cache_bert_base_uncased.jsonl	delta	hang__ppt	hang	ppt	198	189	9	0	7	4	2	hanged,hung	hanged	hung	0.0	fisher_exact	True	7	0	1	3	0	1	3		form	form_label	198	2	0.999926399368686	100	98	0.0	0.0	0.610184952094956	0.36909451633695134	0.533015169572191	1.3800382236053323	0.3862321785404578	7.837407940185883	12.447754102364323	0.6296242579773685	1.0	1.0	1.0	1.0	0
bert_base_uncased	head_embed_cache_bert_base_uncased.jsonl	delta	hang__ppt	hang	ppt	198	189	9	0	7	4	2	hanged,hung	hanged	hung	0.0	fisher_exact	True	7	0	1	3	0	1	3		raw	raw_label	198	7	1.7446180181763304	122	2	0.0	0.2857142857142857	0.15441319246204943	0.11238186498743777	0.7773209194125099	1.0892865912598009	0.7136055154351153	8.953254703436416	11.019336129609648	0.8125040018861444	0.7626262626262627	0.7676767676767676	0.35024645980900015	0.45554617073420034	0
bert_base_uncased	head_embed_cache_bert_base_uncased.jsonl	delta	hang__pst	hang	pst	198	169	29	0	12	4	2	hanged,hung	hanged	hung	0.0	fisher_exact	True	12	0	0	4	0	0	4		conditioned-exclude	conditioned_exclude_label	169	7	1.910016434686177	93	1	0.14285714285714285	0.14285714285714285	0.11809950344461624	0.10692770171871244	0.47938745007157924	1.134077822942715	0.42271124641839875	7.268615422685571	11.394038249227274	0.6379314571090295	0.9467455621301775	0.9467455621301775	0.41069661627143594	0.6152665417757099	0
bert_base_uncased	head_embed_cache_bert_base_uncased.jsonl	delta	hang__pst	hang	pst	198	169	29	0	12	4	2	hanged,hung	hanged	hung	0.0	fisher_exact	True	12	0	0	4	0	0	4		form	form_label	198	2	1.0	99	99	0.0	0.0	0.5432656058772252	0.3189099061430491	0.5771204177739898	1.266991676998343	0.45550450587114993	8.177646222498856	12.013851246360725	0.6806848241088431	1.0	1.0	1.0	1.0	0
bert_base_uncased	head_embed_cache_bert_base_uncased.jsonl	delta	hang__pst	hang	pst	198	169	29	0	12	4	2	hanged,hung	hanged	hung	0.0	fisher_exact	True	12	0	0	4	0	0	4		raw	raw_label	198	12	2.410290575096467	96	1	0.16666666666666666	0.25	0.04422745029271205	-0.01359976454169127	0.5542539755435811	1.0692148525425482	0.5183747440709305	7.6715065689728545	11.063181840592446	0.6934267807860633	0.8282828282828283	0.8383838383838383	0.2851387978120126	0.4727723912775853	0
bert_base_uncased	head_embed_cache_bert_base_uncased.jsonl	delta	heave__pst	heave	pst	126	92	34	0	15	4	2	heaved,hove	heaved	hove	0.0	fisher_exact	True	15	2	0	2	2	0	2		conditioned-exclude	conditioned_exclude_label	92	4	1.9235779097042376	36	17	0.0	0.0	0.1629085661457578	0.11766069461896672	0.5794267250782752	1.0749807205780877	0.5390112715385997	11.354198724134505	16.18542321372638	0.7015076822029185	0.7391304347826086	0.717391304347826	0.42990380374069787	0.47816165313063774	0
bert_base_uncased	head_embed_cache_bert_base_uncased.jsonl	delta	heave__pst	heave	pst	126	92	34	0	15	4	2	heaved,hove	heaved	hove	0.0	fisher_exact	True	15	2	0	2	2	0	2		form	form_label	126	2	1.0	63	63	0.0	0.0	0.6199201726161286	0.38199150574267554	0.527262166312433	1.3969973605183788	0.37742531318511846	11.45479313539049	18.58194403997136	0.6164475100533208	1.0	1.0	1.0	1.0	0
bert_base_uncased	head_embed_cache_bert_base_uncased.jsonl	delta	heave__pst	heave	pst	126	92	34	0	15	4	2	heaved,hove	heaved	hove	0.0	fisher_exact	True	15	2	0	2	2	0	2		raw	raw_label	126	15	3.0756536995235515	36	1	0.26666666666666666	0.4	-0.1650863164170361	-0.09031608029583178	0.587172176256422	1.0335753604227618	0.5680980785148089	11.420347959475324	15.698196626433594	0.7274942613628012	0.5396825396825397	0.5555555555555556	0.3197865266933399	0.3948376385445352	0
bert_base_uncased	head_embed_cache_bert_base_uncased.jsonl	delta	kneel__pst	kneel	pst	200	200	0	0	2	2	2	kneeled,knelt	kneeled	knelt	0.2008	chi_sq	False	2	2	0	0	2	0	0		conditioned-exclude	conditioned_exclude_label	200	2	0.9927744539878083	110	90	0.0	0.0	0.006040533919727868	0.006839881881793161	0.9991963920976399	1.0047663720779165	0.9944564426765621	9.42787822465887	9.472515829988554	0.9952876716037394	0.55	0.55	0.005050249987374375	0.0036915009604562227	0
bert_base_uncased	head_embed_cache_bert_base_uncased.jsonl	delta	kneel__pst	kneel	pst	200	200	0	0	2	2	2	kneeled,knelt	kneeled	knelt	0.2008	chi_sq	False	2	2	0	0	2	0	0		form	form_label	200	2	1.0	100	100	0.0	0.0	0.7327283494912745	0.48071069932553223	0.4201336683369447	1.577982768801202	0.2662473105812945	6.446287295357156	12.42384447394395	0.5188641333104826	1.0	1.0	1.0	1.0	0
bert_base_uncased	head_embed_cache_bert_base_uncased.jsonl	delta	kneel__pst	kneel	pst	200	200	0	0	2	2	2	kneeled,knelt	kneeled	knelt	0.2008	chi_sq	False	2	2	0	0	2	0	0		raw	raw_label	200	2	0.9927744539878083	110	90	0.0	0.0	0.006040533919727868	0.006839881881793161	0.9991963920976399	1.0047663720779165	0.9944564426765621	9.42787822465887	9.472515829988554	0.9952876716037394	0.55	0.55	0.005050249987374375	0.0036915009604562227	0
bert_base_uncased	head_embed_cache_bert_base_uncased.jsonl	delta	knit__ppt	knit	ppt	200	178	22	0	7	2	2	knit,knitted	knit	knitted	0.0041	fisher_exact	True	7	0	2	0	0	2	0		conditioned-exclude	conditioned_exclude_label	0	0		0	0															0
bert_base_uncased	head_embed_cache_bert_base_uncased.jsonl	delta	knit__ppt	knit	ppt	200	178	22	0	7	2	2	knit,knitted	knit	knitted	0.0041	fisher_exact	True	7	0	2	0	0	2	0		form	form_label	200	2	1.0	100	100	0.0	0.0	0.6925262930983084	0.4387359017167121	0.4650116065339075	1.521793809111309	0.3055680761413158	5.611129740860655	9.990895018075	0.5616243320252385	1.0	1.0	1.0	1.0	0
bert_base_uncased	head_embed_cache_bert_base_uncased.jsonl	delta	knit__ppt	knit	ppt	200	178	22	0	7	2	2	knit,knitted	knit	knitted	0.0041	fisher_exact	True	7	0	2	0	0	2	0		raw	raw_label	200	7	1.5863227789388623	110	1	0.14285714285714285	0.14285714285714285	-0.33869747863270416	-0.1687826471058668	0.9666922636811837	1.0171696713466598	0.9503746433978437	7.726345349737456	7.873608211920672	0.9812966484717567	0.555	0.31	0.13929767242366833	0.23672611101287283	0
bert_base_uncased	head_embed_cache_bert_base_uncased.jsonl	delta	knit__pst	knit	pst	188	159	29	0	7	4	2	knit,knitted	knit	knitted	0.0	fisher_exact	True	7	1	3	0	1	3	0		conditioned-exclude	conditioned_exclude_label	18	1	-0.0	18	18	0.0	0.0													0
bert_base_uncased	head_embed_cache_bert_base_uncased.jsonl	delta	knit__pst	knit	pst	188	159	29	0	7	4	2	knit,knitted	knit	knitted	0.0	fisher_exact	True	7	1	3	0	1	3	0		form	form_label	188	2	1.0	94	94	0.0	0.0	0.6713382626516613	0.4223166081337924	0.4874335395831758	1.4932299712896782	0.3264289821092912	6.647088381351138	11.508742955262623	0.5775685847872389	1.0	1.0	1.0	1.0	0
bert_base_uncased	head_embed_cache_bert_base_uncased.jsonl	delta	knit__pst	knit	pst	188	159	29	0	7	4	2	knit,knitted	knit	knitted	0.0	fisher_exact	True	7	1	3	0	1	3	0		raw	raw_label	188	7	2.2898835660380508	86	6	0.0	0.0	-0.16672778673522634	-0.07453835125342191	0.9392292761884662	1.0127501386805633	0.927404737176455	8.852738960405445	9.178269940614237	0.9645324247036684	0.46808510638297873	0.324468085106383	0.18085823767928014	0.3676531965630833	0
bert_base_uncased	head_embed_cache_bert_base_uncased.jsonl	delta	know__pst	know	pst	197	189	8	0	6	3	2	knew,knowed	knew	knowed	0.002	fisher_exact	True	6	1	2	0	1	2	0		conditioned-exclude	conditioned_exclude_label	49	1	-0.0	49	49	0.0	0.0													0
bert_base_uncased	head_embed_cache_bert_base_uncased.jsonl	delta	know__pst	know	pst	197	189	8	0	6	3	2	knew,knowed	knew	knowed	0.002	fisher_exact	True	6	1	2	0	1	2	0		form	form_label	197	2	0.9999814128006821	99	98	0.0	0.0	0.6071079091108277	0.3651053464110242	0.5562283585646572	1.4223540353851314	0.3910618205642782	10.332589999512747	16.33704410553887	0.6324638614404923	1.0	1.0	1.0	1.0	0
bert_base_uncased	head_embed_cache_bert_base_uncased.jsonl	delta	know__pst	know	pst	197	189	8	0	6	3	2	knew,knowed	knew	knowed	0.002	fisher_exact	True	6	1	2	0	1	2	0		raw	raw_label	197	6	1.6746332036712905	105	2	0.0	0.3333333333333333	-0.2307793482989949	-0.08380751720681387	0.9741540423337967	1.00188902747221	0.9723173082268508	13.035602300214217	13.538698203033713	0.9628401567658282	0.4467005076142132	0.4517766497461929	0.07035156445798954	0.13856296148325634	0
bert_base_uncased	head_embed_cache_bert_base_uncased.jsonl	delta	lay__ppt	lay	ppt	200	157	43	0	15	4	2	laid,lain	laid	lain	0.0	fisher_exact	True	15	1	1	2	1	1	2		conditioned-exclude	conditioned_exclude_label	111	4	1.431335590566142	70	3	0.0	0.0	0.3323518468731542	0.26820439914397215	0.5149076179146547	1.0872923726626926	0.47356868388001916	9.05103547043291	15.298778643259764	0.5916181730245869	0.918918918918919	0.918918918918919	0.5116688597599552	0.6238549437127492	0
bert_base_uncased	head_embed_cache_bert_base_uncased.jsonl	delta	lay__ppt	lay	ppt	200	157	43	0	15	4	2	laid,lain	laid	lain	0.0	fisher_exact	True	15	1	1	2	1	1	2		form	form_label	200	2	1.0	100	100	0.0	0.0	0.5367238617875928	0.31329185729570835	0.5903953234110699	1.2778021669107804	0.4620396949540413	10.808583988088234	15.760313674181356	0.6858102073053866	1.0	1.0	1.0	1.0	0
bert_base_uncased	head_embed_cache_bert_base_uncased.jsonl	delta	lay__ppt	lay	ppt	200	157	43	0	15	4	2	laid,lain	laid	lain	0.0	fisher_exact	True	15	1	1	2	1	1	2		raw	raw_label	200	15	2.791926912298905	73	1	0.26666666666666666	0.3333333333333333	-0.11478288058142709	-0.021641286823012643	0.6440251808890879	1.0120121435750542	0.636380882361739	10.440429240599926	14.042683761255729	0.7434781996163331	0.665	0.675	0.2948563437743528	0.389720116234312	0
bert_base_uncased	head_embed_cache_bert_base_uncased.jsonl	delta	lay__pst	lay	pst	196	162	34	0	17	5	2	laid,lay	laid	lay	0.0	fisher_exact	True	17	0	1	4	0	1	4		conditioned-exclude	conditioned_exclude_label	91	5	1.998985190670653	32	1	0.2	0.2	0.11474374257251445	-0.0504655284504857	0.608959276315487	0.870569094082516	0.699495629301271	7.416562170242679	8.591189932105223	0.8632753121342404	0.8681318681318682	0.8351648351648352	0.3771228142875114	0.4874359554895687	0
bert_base_uncased	head_embed_cache_bert_base_uncased.jsonl	delta	lay__pst	lay	pst	196	162	34	0	17	5	2	laid,lay	laid	lay	0.0	fisher_exact	True	17	0	1	4	0	1	4		form	form_label	196	2	0.9996995428565171	100	96	0.0	0.0	0.36070962110467797	0.18657044555295618	0.7143848273065224	1.121721287677783	0.636864821194096	7.166671865189392	8.79976484541885	0.8144162930581441	1.0	1.0	1.0	1.0	0
bert_base_uncased	head_embed_cache_bert_base_uncased.jsonl	delta	lay__pst	lay	pst	196	162	34	0	17	5	2	laid,lay	laid	lay	0.0	fisher_exact	True	17	0	1	4	0	1	4		raw	raw_label	196	17	2.8975064022045585	71	1	0.35294117647058826	0.5294117647058824	-0.08629787149001966	-0.13630765485374294	0.7790099693921682	0.9522002564395148	0.8181156895557422	7.204582799052743	8.17255371205599	0.8815583296105702	0.6632653061224489	0.6632653061224489	0.26828420479993387	0.38651789801773134	0
bert_base_uncased	head_embed_cache_bert_base_uncased.jsonl	delta	lead__ppt	lead	ppt	198	182	16	0	6	3	2	lead,led	lead	led	0.0	fisher_exact	True	6	1	2	0	1	2	0		conditioned-exclude	conditioned_exclude_label	50	1	-0.0	50	50	0.0	0.0													0
bert_base_uncased	head_embed_cache_bert_base_uncased.jsonl	delta	lead__ppt	lead	ppt	198	182	16	0	6	3	2	lead,led	lead	led	0.0	fisher_exact	True	6	1	2	0	1	2	0		form	form_label	198	2	0.999926399368686	100	98	0.0	0.0	0.531858379489736	0.29600313783236504	0.6268406795224555	1.3551051264041887	0.46257715900300345	5.831003124109466	8.24555124029685	0.7071695941458418	1.0	1.0	1.0	1.0	0
bert_base_uncased	head_embed_cache_bert_base_uncased.jsonl	delta	lead__ppt	lead	ppt	198	182	16	0	6	3	2	lead,led	lead	led	0.0	fisher_exact	True	6	1	2	0	1	2	0		raw	raw_label	198	6	1.9406797937509739	83	3	0.0	0.0	-0.08479910435048638	-0.04920818322599929	0.9445832971962134	1.0134015480710072	0.9320918238127934	6.801464768779107	7.148145448328474	0.9515006120041338	0.4797979797979798	0.4797979797979798	0.08679137543884458	0.09288804734111519	0
bert_base_uncased	head_embed_cache_bert_base_uncased.jsonl	delta	lead__pst	lead	pst	200	191	9	0	8	5	2	lead,led	lead	led	0.0935	fisher_exact	False	8	4	1	0	4	1	0		conditioned-exclude	conditioned_exclude_label	171	4	1.8995310797057041	71	28	0.0	0.0	-0.06645136229589299	-0.05084597820871265	0.9931226316425358	0.9991992019794628	0.9939185596576848	10.22371358437102	10.206342376760633	1.001702001262464	0.23391812865497075	0.23976608187134502	0.0578784538243878	0.153359860974207	0
bert_base_uncased	head_embed_cache_bert_base_uncased.jsonl	delta	lead__pst	lead	pst	200	191	9	0	8	5	2	lead,led	lead	led	0.0935	fisher_exact	False	8	4	1	0	4	1	0		form	form_label	200	2	1.0	100	100	0.0	0.0	0.6049362136616366	0.35951898279160344	0.5601235558185642	1.4305895518649256	0.3915333752356737	8.010842629137818	12.543943029284355	0.6386223702097636	1.0	1.0	1.0	1.0	0
bert_base_uncased	head_embed_cache_bert_base_uncased.jsonl	delta	lead__pst	lead	pst	200	191	9	0	8	5	2	lead,led	lead	led	0.0935	fisher_exact	False	8	4	1	0	4	1	0		raw	raw_label	200	8	2.405949678185288	71	1	0.125	0.25	-0.29926119758038566	-0.13251606426119053	0.989453678498377	0.9997954604175227	0.9896561023443466	10.195364588986685	10.314784965454399	0.9884224075569517	0.105	0.135	0.10182620990515558	0.22602934949446504	0
bert_base_uncased	head_embed_cache_bert_base_uncased.jsonl	delta	leap__ppt	leap	ppt	199	193	6	0	4	3	2	leaped,leapt	leaped	leapt	0.7849	fisher_exact	False	4	3	0	0	3	0	0		conditioned-exclude	conditioned_exclude_label	193	3	1.4136787816545873	110	38	0.0	0.0	-0.03615461861768795	0.004097279179579947	1.0061031504172517	0.9999637245368466	1.0061396485990017	4.552463460620766	4.850070554912506	0.938638605166207	0.22797927461139897	0.22797927461139897	0.02968639130301202	0.04250311430871932	0
bert_base_uncased	head_embed_cache_bert_base_uncased.jsonl	delta	leap__ppt	leap	ppt	199	193	6	0	4	3	2	leaped,leapt	leaped	leapt	0.7849	fisher_exact	False	4	3	0	0	3	0	0		form	form_label	199	2	0.9999817845368457	100	99	0.0	0.0	0.7088361456454468	0.447670723297087	0.449097046527952	1.5506345676243696	0.2896214594364329	3.3832548103238453	6.134055039211319	0.551552731218865	1.0	1.0	1.0	1.0	0
bert_base_uncased	head_embed_cache_bert_base_uncased.jsonl	delta	leap__ppt	leap	ppt	199	193	6	0	4	3	2	leaped,leapt	leaped	leapt	0.7849	fisher_exact	False	4	3	0	0	3	0	0		raw	raw_label	199	4	1.566202618846508	110	6	0.0	0.0	-0.12053015451797226	-0.0018581693179409945	1.006166327340951	1.0003653236368037	1.005798885234304	4.555043730562172	4.9007270734835515	0.9294628454639365	0.12562814070351758	0.12562814070351758	0.10125177252050814	0.12302696746430998	0
bert_base_uncased	head_embed_cache_bert_base_uncased.jsonl	delta	leap__pst	leap	pst	199	196	3	0	4	3	2	leaped,leapt	leaped	leapt	0.2713	fisher_exact	False	4	3	0	0	3	0	0		conditioned-exclude	conditioned_exclude_label	196	3	0.8545657618096906	161	16	0.0	0.0	-0.0767391923529559	0.03239571680729561	1.0024358360164765	1.0030353837645274	0.9994022666022002	4.260457551950596	4.731236306323877	0.9004956159674317	0.47959183673469385	0.24489795918367346	0.04813217088322759	0.02965734449526576	0
bert_base_uncased	head_embed_cache_bert_base_uncased.jsonl	delta	leap__pst	leap	pst	199	196	3	0	4	3	2	leaped,leapt	leaped	leapt	0.2713	fisher_exact	False	4	3	0	0	3	0	0		form	form_label	199	2	0.9999817845368457	100	99	0.0	0.0	0.6953652894023519	0.43303272852485575	0.46527919050079203	1.5348053005476725	0.3031519309548671	3.1888595655277507	5.6161517125992395	0.5678015354132765	1.0	1.0	1.0	1.0	0
bert_base_uncased	head_embed_cache_bert_base_uncased.jsonl	delta	leap__pst	leap	pst	199	196	3	0	4	3	2	leaped,leapt	leaped	leapt	0.2713	fisher_exact	False	4	3	0	0	3	0	0		raw	raw_label	199	4	0.9544983510258352	161	3	0.0	0.0	-0.26694680958182576	-0.11393752059020112	1.0023000013153551	1.0035963848922524	0.9987082620100943	4.260187623248011	4.7081665095450695	0.9048506705553315	0.44221105527638194	0.20603015075376885	0.022203129957805202	0.022732686249337383	0
bert_base_uncased	head_embed_cache_bert_base_uncased.jsonl	delta	learn__ppt	learn	ppt	198	181	17	0	6	3	2	learned,learnt	learned	learnt	0.0303	fisher_exact	True	6	3	0	0	3	0	0		conditioned-exclude	conditioned_exclude_label	181	3	1.4210386787869993	92	25	0.0	0.0	-0.03116036054409533	-0.017518526005585778	0.9841195701991847	1.0115785639260286	0.9728553028839668	9.550247796509176	9.621349017679995	0.9926100569639283	0.4972375690607735	0.46408839779005523	0.03510088628338713	0.03639485993147703	0
bert_base_uncased	head_embed_cache_bert_base_uncased.jsonl	delta	learn__ppt	learn	ppt	198	181	17	0	6	3	2	learned,learnt	learned	learnt	0.0303	fisher_exact	True	6	3	0	0	3	0	0		form	form_label	198	2	0.999926399368686	100	98	0.0	0.0	0.8039950347387713	0.5399004459224223	0.3256238604726391	1.671801984662936	0.19477417987291745	6.0580190909231595	13.195444451450905	0.4590992833331241	1.0	1.0	1.0	1.0	0
bert_base_uncased	head_embed_cache_bert_base_uncased.jsonl	delta	learn__ppt	learn	ppt	198	181	17	0	6	3	2	learned,learnt	learned	learnt	0.0303	fisher_exact	True	6	3	0	0	3	0	0		raw	raw_label	198	6	1.8291297808422493	92	1	0.16666666666666666	0.16666666666666666	-0.38523843175151234	-0.2189992103446857	0.9823086010729478	1.0120693489976302	0.9705941614039019	9.54483674624826	9.694973010259886	0.9845140090794743	0.31313131313131315	0.30808080808080807	0.05067962988580424	0.09487963187696113	0
bert_base_uncased	head_embed_cache_bert_base_uncased.jsonl	delta	learn__pst	learn	pst	198	196	2	0	5	4	2	learned,learnt	learned	learnt	0.0124	fisher_exact	True	5	3	1	0	3	1	0		conditioned-exclude	conditioned_exclude_label	174	3	1.3841346159601868	89	20	0.0	0.0	-0.10877103219970595	-0.041509893849537	0.9949617457171227	1.003408118542297	0.991582315640973	9.613971533057155	9.901858957780647	0.9709259214910069	0.28160919540229884	0.28735632183908044	0.0036391412159741746	0.027746412878048264	0
bert_base_uncased	head_embed_cache_bert_base_uncased.jsonl	delta	learn__pst	learn	pst	198	196	2	0	5	4	2	learned,learnt	learned	learnt	0.0124	fisher_exact	True	5	3	1	0	3	1	0		form	form_label	198	2	0.999926399368686	100	98	0.0	0.0	0.7856175361226276	0.5191690527961681	0.35126945930191344	1.6470179993969682	0.2132760294244056	6.370447184188672	13.269794034063704	0.4800712933324862	1.0	1.0	1.0	1.0	0
bert_base_uncased	head_embed_cache_bert_base_uncased.jsonl	delta	learn__pst	learn	pst	198	196	2	0	5	4	2	learned,learnt	learned	learnt	0.0124	fisher_exact	True	5	3	1	0	3	1	0		raw	raw_label	198	5	1.7993554043693738	89	2	0.0	0.2	-0.32400133105688955	-0.1832766893479884	0.9910328936197758	1.007924711230037	0.9832409926832264	9.608794396809957	9.949345672394397	0.9657714902268056	0.3181818181818182	0.23737373737373738	0.024084521411508124	0.0436081596701826	0
bert_base_uncased	head_embed_cache_bert_base_uncased.jsonl	delta	light__ppt	light	ppt	200	181	19	0	8	2	2	lighted,lit	lighted	lit	0.0007	fisher_exact	True	8	2	0	0	2	0	0		conditioned-exclude	conditioned_exclude_label	181	2	0.9920366649222823	100	81	0.0	0.0	0.001727682469067407	0.0032017206330004185	0.9953095249173957	0.9966340359185962	0.9986710156853315	5.980439456674974	5.951787783680262	1.0048139607855768	0.5359116022099447	0.5359116022099447	-0.00034186086262891	6.214669701619724e-05	0
bert_base_uncased	head_embed_cache_bert_base_uncased.jsonl	delta	light__ppt	light	ppt	200	181	19	0	8	2	2	lighted,lit	lighted	lit	0.0007	fisher_exact	True	8	2	0	0	2	0	0		form	form_label	200	2	1.0	100	100	0.0	0.0	0.5859364940070781	0.3479112651196351	0.5785516326605216	1.4081475441750833	0.4108600942094082	4.777512191945393	7.314782962895584	0.6531310930453358	1.0	1.0	1.0	1.0	0
bert_base_uncased	head_embed_cache_bert_base_uncased.jsonl	delta	light__ppt	light	ppt	200	181	19	0	8	2	2	lighted,lit	lighted	lit	0.0007	fisher_exact	True	8	2	0	0	2	0	0		raw	raw_label	200	8	1.564208781564072	100	1	0.25	0.375	-0.3876005652306467	-0.17962188363356682	0.9934018807452296	0.99686562192381	0.9965253680110907	5.976399433595932	6.106151176692822	0.9787506500670746	0.085	0.265	0.05402144437950624	0.1044563258883307	0
bert_base_uncased	head_embed_cache_bert_base_uncased.jsonl	delta	light__pst	light	pst	200	174	26	0	11	3	2	lighted,lit	lighted	lit	0.0	fisher_exact	True	11	2	1	0	2	1	0		conditioned-exclude	conditioned_exclude_label	126	2	0.8049277932345738	95	31	0.0	0.0	-0.002270953336195487	0.022492081747595528	0.9947918621322981	0.9933660021680821	1.0014353822871973	5.415089377496231	5.59298379650399	0.9681932890420751	0.47619047619047616	0.5158730158730159	-0.0059750695374472034	-0.005389374280532218	0
bert_base_uncased	head_embed_cache_bert_base_uncased.jsonl	delta	light__pst	light	pst	200	174	26	0	11	3	2	lighted,lit	lighted	lit	0.0	fisher_exact	True	11	2	1	0	2	1	0		form	form_label	200	2	1.0	100	100	0.0	0.0	0.5589365869277951	0.3255965455231083	0.6030851904269412	1.3749144861715668	0.4386346907335487	4.722839544443382	6.985828061896771	0.6760600894550289	1.0	1.0	1.0	1.0	0
bert_base_uncased	head_embed_cache_bert_base_uncased.jsonl	delta	light__pst	light	pst	200	174	26	0	11	3	2	lighted,lit	lighted	lit	0.0	fisher_exact	True	11	2	1	0	2	1	0		raw	raw_label	200	11	2.154803285379464	95	1	0.2727272727272727	0.2727272727272727	-0.2626032475202202	-0.09934719994478834	0.9770747529671869	0.9970733513214466	0.9799427009780625	5.438464041893552	6.046535778286383	0.899434691418437	0.245	0.245	0.24288116012958466	0.35436065273235395	0
bert_base_uncased	head_embed_cache_bert_base_uncased.jsonl	delta	plead__ppt	plead	ppt	199	177	22	0	9	2	2	pleaded,pled	pleaded	pled	0.001	fisher_exact	True	9	1	0	1	1	0	1		conditioned-exclude	conditioned_exclude_label	177	3	0.6770764657791616	152	4	0.0	0.0	-0.25470262223492685	-0.11474904240453632	0.9834198819551278	1.0363065585809963	0.9489661855481396	12.566021176150864	13.272238369596254	0.9467898952852462	0.4124293785310734	0.15254237288135594	0.009650640852996821	0.1433675230015661	0
bert_base_uncased	head_embed_cache_bert_base_uncased.jsonl	delta	plead__ppt	plead	ppt	199	177	22	0	9	2	2	pleaded,pled	pleaded	pled	0.001	fisher_exact	True	9	1	0	1	1	0	1		form	form_label	199	2	0.9999817845368457	100	99	0.0	0.0	0.7165485100622374	0.4735258116580636	0.4346165736444181	1.554401392794801	0.2796038241209891	8.832705910179955	16.83053018156616	0.5248025947426233	1.0	1.0	1.0	1.0	0
bert_base_uncased	head_embed_cache_bert_base_uncased.jsonl	delta	plead__ppt	plead	ppt	199	177	22	0	9	2	2	pleaded,pled	pleaded	pled	0.001	fisher_exact	True	9	1	0	1	1	0	1		raw	raw_label	199	9	1.316244945976663	152	1	0.1111111111111111	0.3333333333333333	-0.41525005558425937	-0.20226186091495527	0.9876002880977457	1.0118639758534822	0.9760208008835667	12.591378161667567	13.241094181450435	0.9509318481630422	0.2964824120603015	0.12060301507537688	0.2817215633785023	0.3951482897256316	0
bert_base_uncased	head_embed_cache_bert_base_uncased.jsonl	delta	plead__pst	plead	pst	199	192	7	0	7	2	2	pleaded,pled	pleaded	pled	0.0001	fisher_exact	True	7	1	0	1	1	0	1		conditioned-exclude	conditioned_exclude_label	192	3	0.712611304724228	163	5	0.0	0.0	-0.2120649654734261	-0.04510186785371358	0.9843321679473203	1.0348484428974354	0.9511848567808863	12.099251444559327	13.320294233299569	0.9083321458704913	0.6145833333333334	0.5833333333333334	0.11489202388855811	0.3169795592445108	0
bert_base_uncased	head_embed_cache_bert_base_uncased.jsonl	delta	plead__pst	plead	pst	199	192	7	0	7	2	2	pleaded,pled	pleaded	pled	0.0001	fisher_exact	True	7	1	0	1	1	0	1		form	form_label	199	2	0.9999817845368457	100	99	0.0	0.0	0.7035434798369187	0.45798259253288204	0.45018356045992686	1.540060796292775	0.29231544724961894	8.72051616566147	16.112555262129483	0.5412249034240979	1.0	1.0	1.0	1.0	0
bert_base_uncased	head_embed_cache_bert_base_uncased.jsonl	delta	plead__pst	plead	pst	199	192	7	0	7	2	2	pleaded,pled	pleaded	pled	0.0001	fisher_exact	True	7	1	0	1	1	0	1		raw	raw_label	199	7	0.8892671431649289	163	1	0.42857142857142855	0.7142857142857143	-0.44535431154584254	-0.24749915516024423	0.989168531028608	1.0172870416314994	0.972359315068247	12.143751159234379	13.086285551131493	0.9279754069086763	0.542713567839196	0.36180904522613067	0.13102964994338603	0.3020641265496175	0
bert_base_uncased	head_embed_cache_bert_base_uncased.jsonl	delta	prove__ppt	prove	ppt	199	193	6	0	5	3	2	proved,proven	proved	proven	0.0092	fisher_exact	True	5	1	2	0	1	2	0		conditioned-exclude	conditioned_exclude_label	38	1	-0.0	38	38	0.0	0.0													0
bert_base_uncased	head_embed_cache_bert_base_uncased.jsonl	delta	prove__ppt	prove	ppt	199	193	6	0	5	3	2	proved,proven	proved	proven	0.0092	fisher_exact	True	5	1	2	0	1	2	0		form	form_label	199	2	0.9999817845368457	100	99	0.0	0.0	0.5535173134770469	0.32197212989612833	0.6147222904054505	1.3807989201787312	0.44519320041608995	3.9528403175672167	5.831771539925678	0.6778112432054554	1.0	1.0	1.0	1.0	0
bert_base_uncased	head_embed_cache_bert_base_uncased.jsonl	delta	prove__ppt	prove	ppt	199	193	6	0	5	3	2	proved,proven	proved	proven	0.0092	fisher_exact	True	5	1	2	0	1	2	0		raw	raw_label	199	5	1.6396834687515796	100	1	0.2	0.2	-0.1931900560996683	-0.134145047316245	0.9799978086104962	1.0108960521059054	0.9694347965539665	4.878810004129619	4.90740000702796	0.9941741038314795	0.4723618090452261	0.47738693467336685	0.17825699297831074	0.24483639562863177	0
bert_base_uncased	head_embed_cache_bert_base_uncased.jsonl	delta	ring__ppt	ring	ppt	200	151	49	0	18	3	2	ringed,rung	ringed	rung	0.0	fisher_exact	True	18	0	0	3	0	0	3		conditioned-exclude	conditioned_exclude_label	151	3	1.3195617324326887	91	18	0.0	0.0	0.4861860740078501	0.2715005586804884	0.3925071295399023	1.2954254086940549	0.3029947744622339	8.492080657171712	13.936086539093113	0.609359064565936	0.9867549668874173	0.9867549668874173	0.48468568175824245	0.6660349717575198	0
bert_base_uncased	head_embed_cache_bert_base_uncased.jsonl	delta	ring__ppt	ring	ppt	200	151	49	0	18	3	2	ringed,rung	ringed	rung	0.0	fisher_exact	True	18	0	0	3	0	0	3		form	form_label	200	2	1.0	100	100	0.0	0.0	0.6852122418258025	0.4419591420865118	0.4468763346908901	1.4236744808798223	0.3138894042792164	8.654280434730302	15.514318915164036	0.5578253536010155	1.0	1.0	1.0	1.0	0
bert_base_uncased	head_embed_cache_bert_base_uncased.jsonl	delta	ring__ppt	ring	ppt	200	151	49	0	18	3	2	ringed,rung	ringed	rung	0.0	fisher_exact	True	18	0	0	3	0	0	3		raw	raw_label	200	18	2.6489532526715847	91	1	0.2222222222222222	0.5555555555555556	0.01618416064769926	0.014782396154312195	0.3938265392770769	1.1312343871190313	0.34813876218884554	8.505085656046461	13.381047020002436	0.6356068881106819	0.87	0.875	0.20970697294827093	0.448293039770268	0
bert_base_uncased	head_embed_cache_bert_base_uncased.jsonl	delta	see__ppt	see	ppt	199	195	4	0	8	5	2	saw,seen	saw	seen	0.0008	fisher_exact	True	8	3	1	1	3	1	1		conditioned-exclude	conditioned_exclude_label	108	5	1.9809080920530442	37	2	0.0	0.2	-0.13265077073276052	-0.022492308847445658	0.9670502734913501	0.9873463386340209	0.9794438239668259	5.460719089983189	5.789989267189736	0.9431311247721252	0.19444444444444445	0.4537037037037037	0.14642764717694573	0.23047850518947696	0
bert_base_uncased	head_embed_cache_bert_base_uncased.jsonl	delta	see__ppt	see	ppt	199	195	4	0	8	5	2	saw,seen	saw	seen	0.0008	fisher_exact	True	8	3	1	1	3	1	1		form	form_label	199	2	0.9999817845368457	100	99	0.0	0.0	0.4432436607063671	0.22328623262991915	0.7021368920658214	1.2735766750539177	0.5513110484974106	5.128788664865225	6.521648248191344	0.786425220999553	0.9949748743718593	0.9949748743718593	0.9403064566485666	0.901696511113848	0
bert_base_uncased	head_embed_cache_bert_base_uncased.jsonl	delta	see__ppt	see	ppt	199	195	4	0	8	5	2	saw,seen	saw	seen	0.0008	fisher_exact	True	8	3	1	1	3	1	1		raw	raw_label	199	8	2.1725562040364252	87	1	0.25	0.375	-0.27950375929552496	-0.2757639149332288	0.9740223719103838	0.994985232558731	0.9789314856518638	5.826648000607076	5.8294898305477325	0.9995125079512507	0.19597989949748743	0.36683417085427134	-0.023032706368284295	0.02990620506379222	0
bert_base_uncased	head_embed_cache_bert_base_uncased.jsonl	delta	see__pst	see	pst	198	181	17	0	7	4	2	saw,seen	saw	seen	0.0	fisher_exact	True	7	2	2	0	2	2	0		conditioned-exclude	conditioned_exclude_label	48	2	0.8960382325345574	33	15	0.0	0.0	0.019961404092116712	-0.003498599954633403	0.966486874591296	0.9760767770330578	0.990175053164453	9.18183624790742	8.903727780480896	1.0312350595484516	0.6041666666666666	0.6041666666666666	0.024742035098290278	0.03709482836203504	0
bert_base_uncased	head_embed_cache_bert_base_uncased.jsonl	delta	see__pst	see	pst	198	181	17	0	7	4	2	saw,seen	saw	seen	0.0	fisher_exact	True	7	2	2	0	2	2	0		form	form_label	198	2	1.0	99	99	0.0	0.0	0.6300665151988915	0.378184672388121	0.5243392126038331	1.4327868835348858	0.3659575744511388	6.96677977272401	11.190572434356913	0.622557944518981	1.0	1.0	1.0	1.0	0
bert_base_uncased	head_embed_cache_bert_base_uncased.jsonl	delta	see__pst	see	pst	198	181	17	0	7	4	2	saw,seen	saw	seen	0.0	fisher_exact	True	7	2	2	0	2	2	0		raw	raw_label	198	7	2.0003727600551207	102	1	0.14285714285714285	0.2857142857142857	-0.27828126494050853	-0.20482137986367313	0.9475305910136412	0.9969299353130455	0.950448529480768	8.811656855305271	9.223201767558859	0.9553793874811314	0.36363636363636365	0.20707070707070707	0.03530382402472046	0.0568687002855436	0
bert_base_uncased	head_embed_cache_bert_base_uncased.jsonl	delta	sew__ppt	sew	ppt	199	191	8	0	6	4	2	sewed,sewn	sewed	sewn	0.0	fisher_exact	True	6	2	1	1	2	1	1		conditioned-exclude	conditioned_exclude_label	138	4	1.3194303380904073	88	1	0.25	0.25	-0.22076382146046086	-0.05249809618946366	0.9670215801012753	0.9939425423090382	0.9729149713772965	5.523004933008314	5.834322501898478	0.9466403221987024	0.463768115942029	0.391304347826087	0.03726159841936951	0.09087129186624325	0
bert_base_uncased	head_embed_cache_bert_base_uncased.jsonl	delta	sew__ppt	sew	ppt	199	191	8	0	6	4	2	sewed,sewn	sewed	sewn	0.0	fisher_exact	True	6	2	1	1	2	1	1		form	form_label	199	2	0.9999817845368457	100	99	0.0	0.0	0.5961729787356784	0.35319041337832585	0.5687461319454281	1.4210895062879927	0.4002183743028556	4.640652558407029	7.144441274840457	0.6495473025650506	1.0	1.0	1.0	1.0	0
bert_base_uncased	head_embed_cache_bert_base_uncased.jsonl	delta	sew__ppt	sew	ppt	199	191	8	0	6	4	2	sewed,sewn	sewed	sewn	0.0	fisher_exact	True	6	2	1	1	2	1	1		raw	raw_label	199	6	1.9885761744531139	88	4	0.0	0.0	-0.16786916368462024	-0.053167570879165446	0.9495144082872847	1.0172967075694666	0.9333701772768657	5.61155209686095	6.021119828651257	0.9319781463505518	0.4623115577889447	0.3316582914572864	0.2026367663479916	0.21529452746650476	0
bert_base_uncased	head_embed_cache_bert_base_uncased.jsonl	delta	shake__ppt	shake	ppt	199	151	48	0	14	3	2	shaken,shook	shaken	shook	0.0	fisher_exact	True	14	2	0	1	2	0	1		conditioned-exclude	conditioned_exclude_label	151	4	1.3004169799446244	100	1	0.25	0.25	-0.1910063478428344	-0.16453050748292955	0.9472240714870604	1.015355944493416	0.9328985333903295	7.473296630123916	7.30090581273132	1.0236122505637562	0.5231788079470199	0.5629139072847682	0.0498205234633224	0.11518343463499489	0
bert_base_uncased	head_embed_cache_bert_base_uncased.jsonl	delta	shake__ppt	shake	ppt	199	151	48	0	14	3	2	shaken,shook	shaken	shook	0.0	fisher_exact	True	14	2	0	1	2	0	1		form	form_label	199	2	0.9999817845368457	100	99	0.0	0.0	0.5307064371506303	0.3101667893837265	0.6281553378106762	1.3491720946350307	0.4655857768690367	5.98039633981124	8.699051180118502	0.687476854197537	1.0	1.0	1.0	1.0	0
bert_base_uncased	head_embed_cache_bert_base_uncased.jsonl	delta	shake__ppt	shake	ppt	199	151	48	0	14	3	2	shaken,shook	shaken	shook	0.0	fisher_exact	True	14	2	0	1	2	0	1		raw	raw_label	199	14	2.49894562246034	100	1	0.07142857142857142	0.2857142857142857	-0.2627284072303081	-0.19225454573552878	0.946295389306361	1.0085460500161751	0.9382768286001262	7.441893046237145	7.307558638122793	1.018382939469489	0.38190954773869346	0.3869346733668342	0.06439769935729513	0.21810198060704128	0
bert_base_uncased	head_embed_cache_bert_base_uncased.jsonl	delta	shine__ppt	shine	ppt	200	152	48	0	14	5	2	shined,shone	shined	shone	0.0	fisher_exact	True	14	2	1	2	2	1	2		conditioned-exclude	conditioned_exclude_label	125	5	2.082330182273108	38	3	0.0	0.0	-0.04418204555574688	-0.042261178689282274	0.6697602124617759	1.0764162729163718	0.6222130130448246	7.072767961836747	9.35902368752523	0.7557164291895249	0.632	0.576	0.38100229643659167	0.4531234792456608	0
bert_base_uncased	head_embed_cache_bert_base_uncased.jsonl	delta	shine__ppt	shine	ppt	200	152	48	0	14	5	2	shined,shone	shined	shone	0.0	fisher_exact	True	14	2	1	2	2	1	2		form	form_label	200	2	1.0	100	100	0.0	0.0	0.6844251704178713	0.4314182620086248	0.4726809930433422	1.5030435344348647	0.3144825696755799	6.327744594097218	11.151959483688579	0.5674110099980634	1.0	1.0	1.0	1.0	0
bert_base_uncased	head_embed_cache_bert_base_uncased.jsonl	delta	shine__ppt	shine	ppt	200	152	48	0	14	5	2	shined,shone	shined	shone	0.0	fisher_exact	True	14	2	1	2	2	1	2		raw	raw_label	200	14	3.2207250530792884	38	1	0.07142857142857142	0.14285714285714285	-0.32239112203924386	-0.16888018845057942	0.750420731523621	1.0246860403291833	0.7323421047900157	7.3332460600878555	8.954322640399061	0.8189615624304821	0.42	0.335	0.2682091371380735	0.3847147006149577	0
bert_base_uncased	head_embed_cache_bert_base_uncased.jsonl	delta	shine__pst	shine	pst	200	150	50	0	12	5	2	shined,shone	shined	shone	0.0	fisher_exact	True	12	2	2	1	2	2	1		conditioned-exclude	conditioned_exclude_label	58	4	1.7881154191537951	21	3	0.0	0.0	-0.09715339488197942	-0.03331482564914211	0.802543115962202	1.0750925537282974	0.7464874658270813	7.473856915125969	8.693890637680084	0.859667693855455	0.43103448275862066	0.4827586206896552	0.15854095170361132	0.2506703564087109	0
bert_base_uncased	head_embed_cache_bert_base_uncased.jsonl	delta	shine__pst	shine	pst	200	150	50	0	12	5	2	shined,shone	shined	shone	0.0	fisher_exact	True	12	2	2	1	2	2	1		form	form_label	200	2	1.0	100	100	0.0	0.0	0.6788416855338463	0.42746588969655236	0.4806331045984396	1.501659527290026	0.3200679620538322	6.239079358522006	10.906122711046446	0.5720712597706838	1.0	1.0	1.0	1.0	0
bert_base_uncased	head_embed_cache_bert_base_uncased.jsonl	delta	shine__pst	shine	pst	200	150	50	0	12	5	2	shined,shone	shined	shone	0.0	fisher_exact	True	12	2	2	1	2	2	1		raw	raw_label	200	12	3.0701172563259624	52	2	0.0	0.08333333333333333	-0.32236024431030885	-0.1892167415000798	0.8823682904669712	1.012521840051798	0.8714560571076981	7.966673371982486	8.688672470747807	0.9169034048416396	0.34	0.305	0.17281734253068123	0.24805991404446448	0
bert_base_uncased	head_embed_cache_bert_base_uncased.jsonl	delta	show__ppt	show	ppt	200	149	51	0	12	2	2	showed,shown	showed	shown	0.0	fisher_exact	True	12	2	0	0	2	0	0		conditioned-exclude	conditioned_exclude_label	149	2	0.9137564309378818	100	49	0.0	0.0	0.00028304724264027894	0.056581374372792766	0.9899953826816388	0.9855523756583827	1.0045081389208645	4.308949465713861	4.709051282605184	0.9150355787440109	0.5771812080536913	0.6040268456375839	-0.005116267842794188	-0.004888459321594839	0
bert_base_uncased	head_embed_cache_bert_base_uncased.jsonl	delta	show__ppt	show	ppt	200	149	51	0	12	2	2	showed,shown	showed	shown	0.0	fisher_exact	True	12	2	0	0	2	0	0		form	form_label	200	2	1.0	100	100	0.0	0.0	0.39761640056291014	0.19688650757845275	0.7392930287166976	1.2350739537051205	0.5985819930044506	4.134999368358211	5.108906582488431	0.8093707139863473	0.995	0.995	0.9799995050507551	0.959418425497274	0
bert_base_uncased	head_embed_cache_bert_base_uncased.jsonl	delta	show__ppt	show	ppt	200	149	51	0	12	2	2	showed,shown	showed	shown	0.0	fisher_exact	True	12	2	0	0	2	0	0		raw	raw_label	200	12	2.248905291198184	100	1	0.16666666666666666	0.25	-0.2307158758875806	-0.1391616422523605	0.9833113541321251	0.9908015780136595	0.992440238239678	4.3086310859055885	4.770777218295776	0.9031298022850717	0.18	0.345	0.04587077300332339	0.12118094370198551	0
bert_base_uncased	head_embed_cache_bert_base_uncased.jsonl	delta	sink__pst	sink	pst	196	129	67	0	20	6	2	sank,sunk	sank	sunk	0.0041	fisher_exact	True	20	2	2	2	2	2	2		conditioned-exclude	conditioned_exclude_label	70	6	2.224815054088116	20	1	0.16666666666666666	0.16666666666666666	-0.05025299721567996	-0.031213983838006568	0.798973781479588	1.037496431563766	0.7700978597828381	5.282329014839907	5.991161300426359	0.8816869968872297	0.5428571428571428	0.6	0.34514296181100523	0.5365796566164346	0
bert_base_uncased	head_embed_cache_bert_base_uncased.jsonl	delta	sink__pst	sink	pst	196	129	67	0	20	6	2	sank,sunk	sank	sunk	0.0041	fisher_exact	True	20	2	2	2	2	2	2		form	form_label	196	2	0.9996995428565171	100	96	0.0	0.0	0.5178242812707925	0.2952298662760624	0.6428528056569941	1.338128895928554	0.48041172088351464	4.734570160259593	6.7030694951914045	0.7063286698214962	1.0	1.0	1.0	1.0	0
bert_base_uncased	head_embed_cache_bert_base_uncased.jsonl	delta	sink__pst	sink	pst	196	129	67	0	20	6	2	sank,sunk	sank	sunk	0.0041	fisher_exact	True	20	2	2	2	2	2	2		raw	raw_label	196	20	3.7778429228251267	37	1	0.05	0.15	-0.24936472890899988	-0.18881784586855083	0.8853869464787647	1.0024701192202947	0.8832053240324056	5.450591325530553	5.749892734497224	0.9479466100000487	0.4387755102040816	0.39285714285714285	0.28108893658720646	0.3704772413198489	0
bert_base_uncased	head_embed_cache_bert_base_uncased.jsonl	delta	slink__pst	slink	pst	144	133	11	0	2	1	2	slinked,slunk	slinked	slunk	0.2082	fisher_exact	False	2	1	0	0	1	0	0		conditioned-exclude	conditioned_exclude_label	133	1	-0.0	133	133	0.0	0.0													0
bert_base_uncased	head_embed_cache_bert_base_uncased.jsonl	delta	slink__pst	slink	pst	144	133	11	0	2	1	2	slinked,slunk	slinked	slunk	0.2082	fisher_exact	False	2	1	0	0	1	0	0		form	form_label	144	2	1.0	72	72	0.0	0.0	0.6371630347018089	0.3927689395169569	0.530801340048051	1.4685702987934517	0.3614408792579742	4.547900810216931	7.49621018867134	0.6066933418022288	1.0	1.0	1.0	1.0	0
bert_base_uncased	head_embed_cache_bert_base_uncased.jsonl	delta	slink__pst	slink	pst	144	133	11	0	2	1	2	slinked,slunk	slinked	slunk	0.2082	fisher_exact	False	2	1	0	0	1	0	0		raw	raw_label	144	2	0.3893256144515589	133	11	0.0	0.0	-0.002887853632983433	0.015393144331731827	1.0019836039271282	1.008888383993552	0.9931560515752077	6.013991868442277	6.143289395728337	0.9789530463311779	0.5347222222222222	0.5347222222222222	0.002854636554215793	0.010851045107973334	0
bert_base_uncased	head_embed_cache_bert_base_uncased.jsonl	delta	smelt__pst	smelt	pst	199	0	199	0	6	0	2	smelled,smelt					False	0	0	0	0	0	0	0	missing_conditioning_forms;missing_conditioning_rows;missing_pair_test;missing_cond_counts	conditioned-exclude	conditioned_exclude_label	0	0		0	0															0
bert_base_uncased	head_embed_cache_bert_base_uncased.jsonl	delta	smelt__pst	smelt	pst	199	0	199	0	6	0	2	smelled,smelt					False	0	0	0	0	0	0	0	missing_conditioning_forms;missing_conditioning_rows;missing_pair_test;missing_cond_counts	form	form_label	199	2	0.9999817845368457	100	99	0.0	0.0	0.6998983159762416	0.44780901468035433	0.45870620067973816	1.5325663379098915	0.2993059349752651	7.827502703529091	14.17670831062109	0.5521382349148555	1.0	1.0	1.0	1.0	0
bert_base_uncased	head_embed_cache_bert_base_uncased.jsonl	delta	smelt__pst	smelt	pst	199	0	199	0	6	0	2	smelled,smelt					False	0	0	0	0	0	0	0	missing_conditioning_forms;missing_conditioning_rows;missing_pair_test;missing_cond_counts	raw	raw_label	199	6	1.7693046996354274	99	3	0.0	0.0	-0.1904492373563583	-0.08241552614544291	0.95186220438514	1.0251178396530547	0.9285393030593364	10.468856209484597	11.334581132622807	0.92362091611427	0.5376884422110553	0.2864321608040201	0.3549409040127103	0.42312223985778286	0
bert_base_uncased	head_embed_cache_bert_base_uncased.jsonl	delta	sneak__ppt	sneak	ppt	200	200	0	0	3	3	2	sneaked,snuck	sneaked	snuck	0.8644	chi_sq	False	3	3	0	0	3	0	0		conditioned-exclude	conditioned_exclude_label	200	3	1.2903714221731157	121	20	0.0	0.0	-0.024125285721618366	0.007268786740454525	1.0041898465200738	1.0007946791853375	1.0033924714083213	7.828236646204537	8.241467897870148	0.949859508429026	0.375	0.375	0.03946939231978376	0.11017456958018196	0
bert_base_uncased	head_embed_cache_bert_base_uncased.jsonl	delta	sneak__ppt	sneak	ppt	200	200	0	0	3	3	2	sneaked,snuck	sneaked	snuck	0.8644	chi_sq	False	3	3	0	0	3	0	0		form	form_label	200	2	1.0	100	100	0.0	0.0	0.684795691653068	0.4303643333266228	0.47785603654274034	1.5216142481968604	0.3140454534445955	5.836659204893314	10.243667354266348	0.5697821886477429	1.0	1.0	1.0	1.0	0
bert_base_uncased	head_embed_cache_bert_base_uncased.jsonl	delta	sneak__ppt	sneak	ppt	200	200	0	0	3	3	2	sneaked,snuck	sneaked	snuck	0.8644	chi_sq	False	3	3	0	0	3	0	0		raw	raw_label	200	3	1.2903714221731157	121	20	0.0	0.0	-0.024125285721618366	0.007268786740454525	1.0041898465200738	1.0007946791853375	1.0033924714083213	7.828236646204537	8.241467897870148	0.949859508429026	0.375	0.375	0.03946939231978376	0.11017456958018196	0
bert_base_uncased	head_embed_cache_bert_base_uncased.jsonl	delta	sneak__pst	sneak	pst	200	188	12	0	3	2	2	sneaked,snuck	sneaked	snuck	0.2469	chi_sq	False	3	2	0	0	2	0	0		conditioned-exclude	conditioned_exclude_label	188	2	0.8196004346196011	140	48	0.0	0.0	0.011390033114930033	0.025494202117987863	0.9965965311352492	1.0080299178333187	0.9886576911103544	7.445592423101495	7.705396475927633	0.9662828442848087	0.5531914893617021	0.5531914893617021	0.007279966359020231	0.007632258165347604	0
bert_base_uncased	head_embed_cache_bert_base_uncased.jsonl	delta	sneak__pst	sneak	pst	200	188	12	0	3	2	2	sneaked,snuck	sneaked	snuck	0.2469	chi_sq	False	3	2	0	0	2	0	0		form	form_label	200	2	1.0	100	100	0.0	0.0	0.6707422749794517	0.4200222327390913	0.49307983188168736	1.5036326582297186	0.32792572652831853	5.600810651407551	9.663074187152848	0.5796096090055776	1.0	1.0	1.0	1.0	0
bert_base_uncased	head_embed_cache_bert_base_uncased.jsonl	delta	sneak__pst	sneak	pst	200	188	12	0	3	2	2	sneaked,snuck	sneaked	snuck	0.2469	chi_sq	False	3	2	0	0	2	0	0		raw	raw_label	200	3	1.0978693276969014	140	12	0.0	0.0	-0.03918504106922634	0.01779729123469995	0.9969053020525955	1.005751269864454	0.991204616810426	7.455176163274363	7.869699522376792	0.947326659941238	0.52	0.52	0.09051926925111987	0.1137606594980321	0
bert_base_uncased	head_embed_cache_bert_base_uncased.jsonl	delta	speak__ppt	speak	ppt	199	183	16	0	9	5	2	spoke,spoken	spoke	spoken	0.0092	fisher_exact	True	9	2	3	0	2	3	0		conditioned-exclude	conditioned_exclude_label	102	2	0.9182958340544896	68	34	0.0	0.0	-0.0004107242106388964	0.004169541584714699	0.9942547736342674	0.9922965144465075	1.001973461721623	4.945455417248339	4.961440909577335	0.9967780544764449	0.4803921568627451	0.5588235294117647	-0.010322401996792517	-0.0062622711573841515	0
bert_base_uncased	head_embed_cache_bert_base_uncased.jsonl	delta	speak__ppt	speak	ppt	199	183	16	0	9	5	2	spoke,spoken	spoke	spoken	0.0092	fisher_exact	True	9	2	3	0	2	3	0		form	form_label	199	2	0.9999817845368457	100	99	0.0	0.0	0.4569192235329899	0.24693551628568483	0.6980535440835239	1.2940399817876804	0.5394373851719653	4.640787311741087	6.13143428189112	0.7568844577601389	1.0	1.0	1.0	1.0	0
bert_base_uncased	head_embed_cache_bert_base_uncased.jsonl	delta	speak__ppt	speak	ppt	199	183	16	0	9	5	2	spoke,spoken	spoke	spoken	0.0092	fisher_exact	True	9	2	3	0	2	3	0		raw	raw_label	199	9	2.5511990759137424	68	2	0.0	0.2222222222222222	-0.17926884285688413	-0.11214672780702427	0.9818512820462322	1.0015196132166522	0.9803615117359012	5.042870416559605	5.477755953582042	0.9206088148673265	0.271356783919598	0.271356783919598	0.04545944710785319	0.16520343495456158	0
bert_base_uncased	head_embed_cache_bert_base_uncased.jsonl	delta	speak__pst	speak	pst	196	144	52	0	12	3	2	spake,spoke	spake	spoke	0.0	fisher_exact	True	12	1	0	2	1	0	2		conditioned-exclude	conditioned_exclude_label	144	5	1.3956715937889608	97	2	0.0	0.2	-0.339773187089091	-0.1842963827246219	0.9079534715223062	0.983583708333917	0.9231074730388529	13.787315688112638	14.461165642182813	0.9534027912587784	0.2777777777777778	0.2847222222222222	0.06163271972600271	0.175274310066391	0
bert_base_uncased	head_embed_cache_bert_base_uncased.jsonl	delta	speak__pst	speak	pst	196	144	52	0	12	3	2	spake,spoke	spake	spoke	0.0	fisher_exact	True	12	1	0	2	1	0	2		form	form_label	196	2	0.9999248896252453	99	97	0.0	0.0	0.6472778343937932	0.4022773287260173	0.49476527027485967	1.4050074321559023	0.3521442370704553	10.524587030640816	17.56606214276646	0.599143219755416	1.0	1.0	1.0	1.0	0
bert_base_uncased	head_embed_cache_bert_base_uncased.jsonl	delta	speak__pst	speak	pst	196	144	52	0	12	3	2	spake,spoke	spake	spoke	0.0	fisher_exact	True	12	1	0	2	1	0	2		raw	raw_label	196	12	2.484929949462546	97	1	0.08333333333333333	0.16666666666666666	-0.3784532059271913	-0.2249797188038157	0.909365330367133	0.9689898443744441	0.9384673489062176	13.785554190499763	14.172012140706617	0.9727309046612498	0.21428571428571427	0.2193877551020408	0.03644774812203146	0.14722739870283041	0
bert_base_uncased	head_embed_cache_bert_base_uncased.jsonl	delta	speed__ppt	speed	ppt	200	195	5	0	6	3	2	sped,speeded	sped	speeded	0.0001	fisher_exact	True	6	2	0	1	2	0	1		conditioned-exclude	conditioned_exclude_label	195	4	1.124605607249479	145	2	0.0	0.25	-0.3167729789935099	-0.14860899527078847	0.9874183466299901	1.0183018114139246	0.9696715998756278	8.637915412433792	8.762709793208304	0.9857584715550849	0.441025641025641	0.15897435897435896	0.13547112924706262	0.24937044494577942	0
bert_base_uncased	head_embed_cache_bert_base_uncased.jsonl	delta	speed__ppt	speed	ppt	200	195	5	0	6	3	2	sped,speeded	sped	speeded	0.0001	fisher_exact	True	6	2	0	1	2	0	1		form	form_label	200	2	1.0	100	100	0.0	0.0	0.7052779470651981	0.45499188059212853	0.4515960109510708	1.543630393591113	0.2925544954452954	6.139969846089202	11.28725674080501	0.54397361441176	1.0	1.0	1.0	1.0	0
bert_base_uncased	head_embed_cache_bert_base_uncased.jsonl	delta	speed__ppt	speed	ppt	200	195	5	0	6	3	2	sped,speeded	sped	speeded	0.0001	fisher_exact	True	6	2	0	1	2	0	1		raw	raw_label	200	6	1.251080494864913	145	1	0.3333333333333333	0.3333333333333333	-0.20704813867008795	-0.09117982847446815	0.9892937307273121	1.014176099946709	0.9754654352230303	8.646675686184143	8.82631207059517	0.9796476282535391	0.46	0.23	0.1339036633417539	0.22941968006375707	0
bert_base_uncased	head_embed_cache_bert_base_uncased.jsonl	delta	speed__pst	speed	pst	199	191	8	0	6	3	2	sped,speeded	sped	speeded	0.0	fisher_exact	True	6	0	2	1	0	2	1		conditioned-exclude	conditioned_exclude_label	73	2	0.24729443986205676	70	3	0.0	0.0	0.6908904352512131	0.43842466395319174	0.4693012415059544	1.5253868941560156	0.30766046522617796	6.169565092135172	11.009799543026258	0.5603703380815003	1.0	1.0	1.0	1.0	0
bert_base_uncased	head_embed_cache_bert_base_uncased.jsonl	delta	speed__pst	speed	pst	199	191	8	0	6	3	2	sped,speeded	sped	speeded	0.0	fisher_exact	True	6	0	2	1	0	2	1		form	form_label	199	2	0.9999817845368457	100	99	0.0	0.0	0.6397855799119425	0.3963712558100315	0.51718385099396	1.438949749573815	0.3594175899103762	6.388152725853986	10.59303709747381	0.6030520489140372	1.0	1.0	1.0	1.0	0
bert_base_uncased	head_embed_cache_bert_base_uncased.jsonl	delta	speed__pst	speed	pst	199	191	8	0	6	3	2	sped,speeded	sped	speeded	0.0	fisher_exact	True	6	0	2	1	0	2	1		raw	raw_label	199	6	1.7818363464743725	75	1	0.16666666666666666	0.16666666666666666	-0.047111540877927745	-0.03246555904700441	0.7273340478182254	1.0997614621545257	0.6613561875439029	7.29145529402509	9.071852080480891	0.8037449496904249	0.678391959798995	0.5778894472361809	0.4139274745794769	0.43651846443529296	0
bert_base_uncased	head_embed_cache_bert_base_uncased.jsonl	delta	spell__ppt	spell	ppt	148	135	13	0	7	3	2	spelled,spelt	spelled	spelt	0.0	fisher_exact	True	7	0	2	1	0	2	1		conditioned-exclude	conditioned_exclude_label	20	2	0.4689955935892812	18	2	0.0	0.5	0.7364597185316621	0.47220568945714037	0.4282175167136703	1.5686604003477844	0.2729829328379368	7.366048672257273	13.630954079863411	0.5403912762892298	1.0	1.0	1.0	1.0	0
bert_base_uncased	head_embed_cache_bert_base_uncased.jsonl	delta	spell__ppt	spell	ppt	148	135	13	0	7	3	2	spelled,spelt	spelled	spelt	0.0	fisher_exact	True	7	0	2	1	0	2	1		form	form_label	148	2	1.0	74	74	0.0	0.0	0.6624626452566733	0.4173520684665694	0.49530660613848876	1.4732179961741922	0.336207273753615	8.308468546121004	14.264867638129708	0.5824427367214142	1.0	1.0	1.0	1.0	0
bert_base_uncased	head_embed_cache_bert_base_uncased.jsonl	delta	spell__ppt	spell	ppt	148	135	13	0	7	3	2	spelled,spelt	spelled	spelt	0.0	fisher_exact	True	7	0	2	1	0	2	1		raw	raw_label	148	7	1.9000235960255685	58	1	0.2857142857142857	0.2857142857142857	-0.40127656775065407	-0.17206212261166876	0.8877377254689124	1.0342412398685839	0.8583468645881043	10.651408017416324	11.613202711115969	0.917180926086907	0.6081081081081081	0.44594594594594594	0.27622989992530883	0.43123324713579786	0
bert_base_uncased	head_embed_cache_bert_base_uncased.jsonl	delta	spill__ppt	spill	ppt	151	141	10	0	5	2	2	spilled,spilt	spilled	spilt	0.0	fisher_exact	True	5	1	0	1	1	0	1		conditioned-exclude	conditioned_exclude_label	141	2	0.5103099652870143	125	16	0.0	0.0	0.07514895697739808	0.06607841069198708	0.9782021577331442	1.0489977816945275	0.9325111785774974	12.42940819386534	13.078369634613424	0.950379025912333	0.6170212765957447	0.6170212765957447	0.05202284013337722	0.16004827443892752	0
bert_base_uncased	head_embed_cache_bert_base_uncased.jsonl	delta	spill__ppt	spill	ppt	151	141	10	0	5	2	2	spilled,spilt	spilled	spilt	0.0	fisher_exact	True	5	1	0	1	1	0	1		form	form_label	151	2	0.9999683631071745	76	75	0.0	0.0	0.6798741839687055	0.43317700496498956	0.47823971538899757	1.501910314115329	0.3184209542303432	9.086517609129306	16.027088493311872	0.5669474909882181	1.0	1.0	1.0	1.0	0
bert_base_uncased	head_embed_cache_bert_base_uncased.jsonl	delta	spill__ppt	spill	ppt	151	141	10	0	5	2	2	spilled,spilt	spilled	spilt	0.0	fisher_exact	True	5	1	0	1	1	0	1		raw	raw_label	151	5	0.9265665700577865	125	2	0.0	0.2	-0.35397928008719737	-0.17432880178670274	0.9780554678777693	1.0287700903144876	0.950703638340404	12.42811899695983	12.92728154350443	0.9613868898217496	0.4304635761589404	0.31788079470198677	0.14132052357827216	0.32164014031847427	0
bert_base_uncased	head_embed_cache_bert_base_uncased.jsonl	delta	spill__pst	spill	pst	126	117	9	0	6	4	2	spilled,spilt	spilled	spilt	0.0	fisher_exact	True	6	1	1	2	1	1	2		conditioned-exclude	conditioned_exclude_label	55	4	1.7521930161941324	18	2	0.0	0.25	0.006547626609562448	0.015182701694604115	0.6512201413427879	0.8680395159245978	0.75021946512324	10.612337954394311	12.428346384182918	0.8538817334460704	0.6545454545454545	0.6363636363636364	0.47783956169760405	0.5381200329031218	0
bert_base_uncased	head_embed_cache_bert_base_uncased.jsonl	delta	spill__pst	spill	pst	126	117	9	0	6	4	2	spilled,spilt	spilled	spilt	0.0	fisher_exact	True	6	1	1	2	1	1	2		form	form_label	126	2	0.9992728962127291	65	61	0.0	0.0	0.6393912988675486	0.39532676293399543	0.5237790313465264	1.4549584566539844	0.35999586720233795	9.931432304753354	16.429416505890885	0.6044908716747407	1.0	1.0	1.0	1.0	0
bert_base_uncased	head_embed_cache_bert_base_uncased.jsonl	delta	spill__pst	spill	pst	126	117	9	0	6	4	2	spilled,spilt	spilled	spilt	0.0	fisher_exact	True	6	1	1	2	1	1	2		raw	raw_label	126	6	2.0237541181907823	62	1	0.16666666666666666	0.16666666666666666	-0.21000418261151824	-0.09826738545718172	0.8593347573472703	1.0509770942266226	0.8176531744296719	12.150080764455167	13.664167077648255	0.8891929303418853	0.6190476190476191	0.48412698412698413	0.30520524570509905	0.34783491514753817	0
bert_base_uncased	head_embed_cache_bert_base_uncased.jsonl	delta	spit__ppt	spit	ppt	199	189	10	0	5	3	2	spat,spit	spat	spit	0.5544	fisher_exact	False	5	3	0	0	3	0	0		conditioned-exclude	conditioned_exclude_label	189	3	1.2025754555942125	129	22	0.0	0.0	-0.03045815656076767	-0.04313228866785874	1.0039135322601738	0.9994862015856918	1.0044296065993288	8.604103971662349	8.358566674193664	1.0293755265752391	0.14814814814814814	0.12698412698412698	0.07208688120083395	0.14984047222234914	0
bert_base_uncased	head_embed_cache_bert_base_uncased.jsonl	delta	spit__ppt	spit	ppt	199	189	10	0	5	3	2	spat,spit	spat	spit	0.5544	fisher_exact	False	5	3	0	0	3	0	0		form	form_label	199	2	0.9999817845368457	100	99	0.0	0.0	0.6368393020480884	0.3905415013442587	0.5286944733762405	1.4695208006452698	0.35977338540841997	6.385419402261223	10.513611082186038	0.6073478800333879	1.0	1.0	1.0	1.0	0
bert_base_uncased	head_embed_cache_bert_base_uncased.jsonl	delta	spit__ppt	spit	ppt	199	189	10	0	5	3	2	spat,spit	spat	spit	0.5544	fisher_exact	False	5	3	0	0	3	0	0		raw	raw_label	199	5	1.4738938214127781	129	3	0.0	0.0	-0.27204081608886843	-0.15103028109716812	1.0038591470809637	0.999373727352408	1.0044882305846068	8.601282319263786	8.335656525746876	1.0318662114611434	0.020100502512562814	0.06030150753768844	0.1786008936317851	0.2715402028294178	0
bert_base_uncased	head_embed_cache_bert_base_uncased.jsonl	delta	spit__pst	spit	pst	200	109	91	0	6	3	2	spat,spit	spat	spit	0.0	fisher_exact	True	6	2	2	1	2	1	0		conditioned-exclude	conditioned_exclude_label	84	2	0.9666186325481028	51	33	0.0	0.0	-0.013729462675771272	-0.010010680589156757	0.9580544755613767	0.9444517540275759	1.0144027701529406	8.609353950442621	8.482625417163659	1.0149397771381654	0.30952380952380953	0.47619047619047616	-0.013937516766100158	-0.008065676488777703	0
bert_base_uncased	head_embed_cache_bert_base_uncased.jsonl	delta	spit__pst	spit	pst	200	109	91	0	6	3	2	spat,spit	spat	spit	0.0	fisher_exact	True	6	2	2	1	2	1	0		form	form_label	200	2	1.0	100	100	0.0	0.0	0.6081445012567852	0.3596047339370545	0.5551856066840757	1.4303260581078492	0.38815317915589126	6.420675108199595	9.978391716683397	0.6434579129084029	1.0	1.0	1.0	1.0	0
bert_base_uncased	head_embed_cache_bert_base_uncased.jsonl	delta	spit__pst	spit	pst	200	109	91	0	6	3	2	spat,spit	spat	spit	0.0	fisher_exact	True	6	2	2	1	2	1	0		raw	raw_label	200	6	2.3130864681626897	51	1	0.16666666666666666	0.16666666666666666	-0.11413107237930792	-0.08225857040452306	0.9186742954681472	1.0146517617955821	0.9054084662923286	7.920823899625057	8.282748857608828	0.9563037628925215	0.415	0.385	0.11859555378804132	0.16152937530978223	0
bert_base_uncased	head_embed_cache_bert_base_uncased.jsonl	delta	spring__pst	spring	pst	200	132	68	0	16	3	2	sprang,sprung	sprang	sprung	0.0218	fisher_exact	True	16	3	0	0	3	0	0		conditioned-exclude	conditioned_exclude_label	132	3	1.375432844317455	76	19	0.0	0.0	-0.03699618250195902	-0.038677252564348355	1.004060983014209	0.9980274963939922	1.0060454112156394	6.69498535441299	6.4850853677218465	1.0323665726492786	0.16666666666666666	0.15151515151515152	-0.008579689195235999	-0.011023047022106741	0
bert_base_uncased	head_embed_cache_bert_base_uncased.jsonl	delta	spring__pst	spring	pst	200	132	68	0	16	3	2	sprang,sprung	sprang	sprung	0.0218	fisher_exact	True	16	3	0	0	3	0	0		form	form_label	200	2	1.0	100	100	0.0	0.0	0.5619710806789306	0.3258300494159952	0.6070805424648554	1.3923208099455453	0.43602059103648594	5.420861369586808	8.02792436964498	0.675250677508131	1.0	1.0	1.0	1.0	0
bert_base_uncased	head_embed_cache_bert_base_uncased.jsonl	delta	spring__pst	spring	pst	200	132	68	0	16	3	2	sprang,sprung	sprang	sprung	0.0218	fisher_exact	True	16	3	0	0	3	0	0		raw	raw_label	200	16	3.0161790011615732	76	1	0.0625	0.0625	-0.30090588507210086	-0.1576840429902733	0.999871216337325	1.002111302819011	0.9977646330548469	6.679029402843646	6.7435488968962725	0.9904324125117085	0.105	0.105	0.07121635916724732	0.19721892293307158	0
bert_base_uncased	head_embed_cache_bert_base_uncased.jsonl	delta	strive__ppt	strive	ppt	200	200	0	0	2	2	2	strived,striven	strived	striven	0.0537	chi_sq	False	2	1	1	0	1	1	0		conditioned-exclude	conditioned_exclude_label	181	1	-0.0	181	181	0.0	0.0													0
bert_base_uncased	head_embed_cache_bert_base_uncased.jsonl	delta	strive__ppt	strive	ppt	200	200	0	0	2	2	2	strived,striven	strived	striven	0.0537	chi_sq	False	2	1	1	0	1	1	0		form	form_label	200	2	1.0	100	100	0.0	0.0	0.6198550794690808	0.37416521306787387	0.5459322314973591	1.4450263419768845	0.377800885449943	3.8634828140371966	6.169940154265528	0.6261783287097551	1.0	1.0	1.0	1.0	0
bert_base_uncased	head_embed_cache_bert_base_uncased.jsonl	delta	strive__ppt	strive	ppt	200	200	0	0	2	2	2	strived,striven	strived	striven	0.0537	chi_sq	False	2	1	1	0	1	1	0		raw	raw_label	200	2	0.4529425481872832	181	19	0.0	0.0	0.002049772798413816	-0.003118478109443119	0.9956866878040013	1.0075585762288566	0.9882171729714315	5.026240934785471	5.004631978516982	1.0043177912704166	0.545	0.545	0.006382889828200594	0.01925261928085012	0
bert_base_uncased	head_embed_cache_bert_base_uncased.jsonl	delta	strive__pst	strive	pst	199	199	0	0	2	2	2	strived,strove	strived	strove	0.0008	fisher_exact	True	2	1	0	1	1	0	1		conditioned-exclude	conditioned_exclude_label	199	3	0.548714629387147	178	3	0.0	0.0	-0.3577456205084932	-0.18502632973107122	0.9928483607712187	1.0198127106300072	0.9735595079589361	8.602916821189236	8.798586752037789	0.9777612091165397	0.10552763819095477	0.135678391959799	-0.03429625703556036	0.0939702186004295	0
bert_base_uncased	head_embed_cache_bert_base_uncased.jsonl	delta	strive__pst	strive	pst	199	199	0	0	2	2	2	strived,strove	strived	strove	0.0008	fisher_exact	True	2	1	0	1	1	0	1		form	form_label	199	2	0.9999817845368457	100	99	0.0	0.0	0.6525589750395588	0.40766107146864783	0.5125564507216137	1.4786655148177545	0.3466344792552941	6.419071078570655	10.839871619288472	0.5921722418878612	1.0	1.0	1.0	1.0	0
bert_base_uncased	head_embed_cache_bert_base_uncased.jsonl	delta	strive__pst	strive	pst	199	199	0	0	2	2	2	strived,strove	strived	strove	0.0008	fisher_exact	True	2	1	0	1	1	0	1		raw	raw_label	199	2	0.48627679848147415	178	21	0.0	0.0	0.01453849367086726	0.021441754291333992	0.9943337451238508	1.0138589611573776	0.980741684216868	8.609630445454306	8.772743143723856	0.9814068763216619	0.5778894472361809	0.5778894472361809	0.02238753596743631	0.06028318580255005	0
bert_base_uncased	head_embed_cache_bert_base_uncased.jsonl	delta	take__ppt	take	ppt	199	140	59	0	25	6	2	taken,took	taken	took	0.0053	fisher_exact	True	25	3	3	0	3	3	0		conditioned-exclude	conditioned_exclude_label	63	3	1.555383834371384	27	17	0.0	0.0	-0.013886373876646957	-0.052538546114835015	0.9796546378130324	0.9852458446879707	0.9943250642414949	5.066430401000664	5.2109582460528525	0.9722646319107117	0.47619047619047616	0.4603174603174603	0.012782181748361083	0.02671438494000962	0
bert_base_uncased	head_embed_cache_bert_base_uncased.jsonl	delta	take__ppt	take	ppt	199	140	59	0	25	6	2	taken,took	taken	took	0.0053	fisher_exact	True	25	3	3	0	3	3	0		form	form_label	199	2	0.9999817845368457	100	99	0.0	0.0	0.33082240993413314	0.1473082375479375	0.7891846854839668	1.1843767637750362	0.6663290851540775	4.5324026686069905	5.274092720496675	0.8593710631959012	1.0	1.0	0.00010152789326575637	7.1075481071749e-05	0
bert_base_uncased	head_embed_cache_bert_base_uncased.jsonl	delta	take__ppt	take	ppt	199	140	59	0	25	6	2	taken,took	taken	took	0.0053	fisher_exact	True	25	3	3	0	3	3	0		raw	raw_label	199	25	3.703492483956415	35	1	0.44	0.52	-0.26772913546102406	-0.30646002450056997	0.9634734046161291	0.99031309287418	0.9728977750055245	4.878505581519242	4.90789157840345	0.9940125008030909	0.1306532663316583	0.19597989949748743	0.027693457716513006	0.07186896205570299	0
bert_base_uncased	head_embed_cache_bert_base_uncased.jsonl	delta	tear__ppt	tear	ppt	96	91	5	0	6	3	2	tore,torn	tore	torn	0.0026	fisher_exact	True	6	2	0	1	2	0	1		conditioned-exclude	conditioned_exclude_label	91	4	1.6698922224763166	38	4	0.0	0.0	-0.16331303932370972	-0.06996801160253702	0.9432728755578861	1.0092603010388657	0.9346180312323228	6.457059825417681	6.7356325266210435	0.9586419389563834	0.4835164835164835	0.4175824175824176	0.16594475292740793	0.2548466195912214	0
bert_base_uncased	head_embed_cache_bert_base_uncased.jsonl	delta	tear__ppt	tear	ppt	96	91	5	0	6	3	2	tore,torn	tore	torn	0.0026	fisher_exact	True	6	2	0	1	2	0	1		form	form_label	96	2	1.0	48	48	0.0	0.0	0.4871703964670508	0.274082498306551	0.6653233584144711	1.302629000380109	0.5107542962887581	5.563911863820992	7.675244782997378	0.7249165363620028	1.0	1.0	1.0	1.0	0
bert_base_uncased	head_embed_cache_bert_base_uncased.jsonl	delta	tear__ppt	tear	ppt	96	91	5	0	6	3	2	tore,torn	tore	torn	0.0026	fisher_exact	True	6	2	0	1	2	0	1		raw	raw_label	96	6	1.814079155618118	38	1	0.16666666666666666	0.5	-0.21014318019657996	-0.10767069991175682	0.9565847315129073	1.0017087539654213	0.9549529518696094	6.506875230596901	6.688593316623372	0.9728316437516329	0.46875	0.5	0.07585248210287543	0.17452419905804356	0
bert_base_uncased	head_embed_cache_bert_base_uncased.jsonl	delta	throw__pst	throw	pst	109	84	25	0	13	4	2	threw,throwed	threw	throwed	0.0	fisher_exact	True	13	1	1	2	1	1	2		conditioned-exclude	conditioned_exclude_label	51	5	2.079002316888643	15	3	0.0	0.0	-0.1014409552364602	-0.05381396125390071	0.6667235994477227	1.021994417837982	0.6523749913019772	6.294502255208423	7.722675634250668	0.8150675430794756	0.4117647058823529	0.4117647058823529	0.2388162052412903	0.3778910780088378	0
bert_base_uncased	head_embed_cache_bert_base_uncased.jsonl	delta	throw__pst	throw	pst	109	84	25	0	13	4	2	threw,throwed	threw	throwed	0.0	fisher_exact	True	13	1	1	2	1	1	2		form	form_label	109	2	0.9994535015927484	56	53	0.0	0.0	0.543299246562567	0.31784282909637707	0.6137097475707193	1.347341851403816	0.4554966855154731	6.32580363359959	9.229726109207173	0.6853728440857247	1.0	1.0	1.0	1.0	0
bert_base_uncased	head_embed_cache_bert_base_uncased.jsonl	delta	throw__pst	throw	pst	109	84	25	0	13	4	2	threw,throwed	threw	throwed	0.0	fisher_exact	True	13	1	1	2	1	1	2		raw	raw_label	109	13	2.9048649496780863	33	1	0.23076923076923078	0.46153846153846156	-0.23450464626354506	-0.17119236697775653	0.8816111043092617	1.0040479439450558	0.8780567796845226	7.271207048085358	7.893877264179154	0.9211198508343487	0.4036697247706422	0.3761467889908257	0.10538255310373273	0.20051960208093036	0
bert_base_uncased	head_embed_cache_bert_base_uncased.jsonl	delta	tread__ppt	tread	ppt	197	175	22	0	8	4	2	trod,trodden	trod	trodden	0.0	fisher_exact	True	8	2	1	1	2	1	1		conditioned-exclude	conditioned_exclude_label	100	4	1.6139113581028388	44	3	0.0	0.0	-0.26525644317966157	-0.10138152892999766	0.9530704580228373	0.9566138981366131	0.996295851314017	7.217513072456229	7.355455471977257	0.981246246402203	0.2	0.18	0.009460000294840135	0.06486285717277616	0
bert_base_uncased	head_embed_cache_bert_base_uncased.jsonl	delta	tread__ppt	tread	ppt	197	175	22	0	8	4	2	trod,trodden	trod	trodden	0.0	fisher_exact	True	8	2	1	1	2	1	1		form	form_label	197	2	0.9999814128006821	99	98	0.0	0.0	0.6469203524452083	0.40566713495611845	0.5143860163900152	1.465041074335954	0.3511068907219317	5.512311057444514	9.284463346690298	0.5937134815023561	1.0	1.0	1.0	1.0	0
bert_base_uncased	head_embed_cache_bert_base_uncased.jsonl	delta	tread__ppt	tread	ppt	197	175	22	0	8	4	2	trod,trodden	trod	trodden	0.0	fisher_exact	True	8	2	1	1	2	1	1		raw	raw_label	197	8	2.2940645639523796	75	1	0.25	0.25	-0.3688767796144819	-0.21190945495952873	0.9320108763053186	1.0113403244711867	0.9215600859113888	7.0995474524957425	7.506535536392091	0.9457821678291872	0.36548223350253806	0.25888324873096447	0.08299289984263097	0.12174221145198898	0
bert_base_uncased	head_embed_cache_bert_base_uncased.jsonl	delta	tread__pst	tread	pst	170	153	17	0	8	4	2	treaded,trod	treaded	trod	0.0	fisher_exact	True	8	1	1	2	1	1	2		conditioned-exclude	conditioned_exclude_label	97	5	1.7124814707746505	55	3	0.0	0.0	-0.26243045757107547	-0.14923786744754364	0.9242485546039922	0.9752485170869103	0.9477056754361892	9.543594473942889	9.563156657739933	0.9979544219030219	0.30927835051546393	0.29896907216494845	0.0015651758262097766	0.19385776020184903	0
bert_base_uncased	head_embed_cache_bert_base_uncased.jsonl	delta	tread__pst	tread	pst	170	153	17	0	8	4	2	treaded,trod	treaded	trod	0.0	fisher_exact	True	8	1	1	2	1	1	2		form	form_label	170	2	1.0	85	85	0.0	0.0	0.621483786010398	0.38355303505758875	0.5400317104184919	1.4302240676050773	0.37758538864667524	7.678761447326161	12.47575997725498	0.6154944838090501	1.0	1.0	1.0	1.0	0
bert_base_uncased	head_embed_cache_bert_base_uncased.jsonl	delta	tread__pst	tread	pst	170	153	17	0	8	4	2	treaded,trod	treaded	trod	0.0	fisher_exact	True	8	1	1	2	1	1	2		raw	raw_label	170	8	2.298749565890562	56	2	0.0	0.125	-0.11677864273925052	-0.05481219275640736	0.8247264007835111	1.0403603712815845	0.7927314645477689	9.192773344999477	10.381387051716956	0.8855053086070135	0.4176470588235294	0.4294117647058823	0.12393347030663411	0.24127096406728496	0
bert_base_uncased	head_embed_cache_bert_base_uncased.jsonl	delta	wake__ppt	wake	ppt	198	180	18	0	5	3	2	woke,woken	woke	woken	0.0062	fisher_exact	True	5	2	1	0	2	1	0		conditioned-exclude	conditioned_exclude_label	151	2	0.9992089388648364	78	73	0.0	0.0	0.005767118425266143	0.010595267392456502	0.9828982753985032	0.9881486782547144	0.9946866266466251	5.779824577818411	5.839423285212292	0.9897937339899973	0.5827814569536424	0.6291390728476821	-0.004431770659376746	-0.0035865783004512242	0
bert_base_uncased	head_embed_cache_bert_base_uncased.jsonl	delta	wake__ppt	wake	ppt	198	180	18	0	5	3	2	woke,woken	woke	woken	0.0062	fisher_exact	True	5	2	1	0	2	1	0		form	form_label	198	2	0.999926399368686	100	98	0.0	0.0	0.5880655629978672	0.3456146666480965	0.5762738717029621	1.4091719228503399	0.4089450423744817	4.647623764248054	7.047312349504676	0.6594888283296702	0.9949494949494949	0.9949494949494949	0.9797974697513843	0.9590804637724579	0
bert_base_uncased	head_embed_cache_bert_base_uncased.jsonl	delta	wake__ppt	wake	ppt	198	180	18	0	5	3	2	woke,woken	woke	woken	0.0062	fisher_exact	True	5	2	1	0	2	1	0		raw	raw_label	198	5	1.8500486219129297	78	4	0.0	0.0	-0.17031756952663116	-0.07592124481042777	0.9783807870156718	1.002324966228816	0.9761113610656305	5.752158140580677	5.899903984989365	0.9749579239281546	0.3939393939393939	0.42424242424242425	0.16007325359505073	0.21666905989216864	0
bert_base_uncased	head_embed_cache_bert_base_uncased.jsonl	delta	wear__ppt	wear	ppt	88	66	22	0	5	1	2	wore,worn	wore	worn	0.0268	fisher_exact	True	5	1	0	0	1	0	0		conditioned-exclude	conditioned_exclude_label	66	1	-0.0	66	66	0.0	0.0													0
bert_base_uncased	head_embed_cache_bert_base_uncased.jsonl	delta	wear__ppt	wear	ppt	88	66	22	0	5	1	2	wore,worn	wore	worn	0.0268	fisher_exact	True	5	1	0	0	1	0	0		form	form_label	88	2	1.0	44	44	0.0	0.0	0.4323256619180676	0.2176574241010418	0.707668559868626	1.2533692716102522	0.5646129803066391	5.418957933772381	6.876841889116718	0.7880009488582859	1.0	1.0	1.0	1.0	0
bert_base_uncased	head_embed_cache_bert_base_uncased.jsonl	delta	wear__ppt	wear	ppt	88	66	22	0	5	1	2	wore,worn	wore	worn	0.0268	fisher_exact	True	5	1	0	0	1	0	0		raw	raw_label	88	5	1.234422785899402	66	1	0.2	0.2	-0.08335046560488349	-0.013935908125144399	0.971056350820096	1.0009931069774896	0.9700929447478536	5.7209538699040525	6.755356659497222	0.8468766577795825	0.48863636363636365	0.5227272727272727	0.15167714655040204	0.2520190360851241	0
bert_base_uncased	head_embed_cache_bert_base_uncased.jsonl	delta	weave__ppt	weave	ppt	122	91	31	0	11	4	2	weaved,woven	weaved	woven	0.0372	fisher_exact	True	11	3	1	0	3	1	0		conditioned-exclude	conditioned_exclude_label	68	3	1.431169262145754	38	15	0.0	0.0	-0.04624437453733894	-0.01526225411014383	1.0181274648219854	1.0007876844768933	1.0173261328192258	8.471327758171729	8.577362682333604	0.9876378173467854	0.19117647058823528	0.22058823529411764	0.0066961372766749525	0.0155010875243632	0
bert_base_uncased	head_embed_cache_bert_base_uncased.jsonl	delta	weave__ppt	weave	ppt	122	91	31	0	11	4	2	weaved,woven	weaved	woven	0.0372	fisher_exact	True	11	3	1	0	3	1	0		form	form_label	122	2	0.999806132804711	62	60	0.0	0.0	0.7116644987467348	0.45470924658924394	0.4449628674731986	1.5498191552929366	0.2871063155682152	6.280515816806908	11.508542683830127	0.5457264216112466	1.0	1.0	1.0	1.0	0
bert_base_uncased	head_embed_cache_bert_base_uncased.jsonl	delta	weave__ppt	weave	ppt	122	91	31	0	11	4	2	weaved,woven	weaved	woven	0.0372	fisher_exact	True	11	3	1	0	3	1	0		raw	raw_label	122	11	2.836519828492392	38	1	0.18181818181818182	0.18181818181818182	-0.3546441737480541	-0.19414334910882883	0.9924423136737244	1.0037308320933462	0.9887534406051083	8.473920091547829	9.006133547935816	0.9409054447665869	0.18032786885245902	0.18032786885245902	0.044342580247312045	0.07171270900918585	0
bert_base_uncased	head_embed_cache_bert_base_uncased.jsonl	delta	weave__pst	weave	pst	198	153	45	0	13	4	2	weaved,wove	weaved	wove	0.0	fisher_exact	True	13	1	2	1	1	2	1		conditioned-exclude	conditioned_exclude_label	51	3	1.3647098428918996	23	5	0.0	0.0	0.06443818891374811	0.04353096469825499	0.7318556729574128	1.0620987553894705	0.6890655593406115	8.467250312387971	10.315250433874102	0.820847769685018	0.5490196078431373	0.5490196078431373	0.26763546960234447	0.321527484147456	0
bert_base_uncased	head_embed_cache_bert_base_uncased.jsonl	delta	weave__pst	weave	pst	198	153	45	0	13	4	2	weaved,wove	weaved	wove	0.0	fisher_exact	True	13	1	2	1	1	2	1		form	form_label	198	2	0.999926399368686	100	98	0.0	0.0	0.6474039533033749	0.40366708401946216	0.5146162395102816	1.4626977399293237	0.3518267824322661	7.347707125121791	12.33069860238602	0.5958873346965103	1.0	1.0	1.0	1.0	0
bert_base_uncased	head_embed_cache_bert_base_uncased.jsonl	delta	weave__pst	weave	pst	198	153	45	0	13	4	2	weaved,wove	weaved	wove	0.0	fisher_exact	True	13	1	2	1	1	2	1		raw	raw_label	198	13	2.7570427744092507	81	1	0.07692307692307693	0.23076923076923078	-0.3724526068600043	-0.17284181277994096	0.8253566821522609	1.036867507112005	0.7960097857161453	9.004922833114206	10.085946631753382	0.8928188063938579	0.4696969696969697	0.42424242424242425	0.11730404000916775	0.2198805691851279	0
bert_base_uncased	head_embed_cache_bert_base_uncased.jsonl	delta	wet__pst	wet	pst	76	74	2	0	3	2	2	wet,wetted	wet	wetted	0.0	fisher_exact	True	3	0	2	0	0	2	0		conditioned-exclude	conditioned_exclude_label	0	0		0	0															0
bert_base_uncased	head_embed_cache_bert_base_uncased.jsonl	delta	wet__pst	wet	pst	76	74	2	0	3	2	2	wet,wetted	wet	wetted	0.0	fisher_exact	True	3	0	2	0	0	2	0		form	form_label	76	2	1.0	38	38	0.0	0.0	0.6069134697552693	0.3699937134030316	0.5465024064908975	1.407781843505104	0.3882010618422329	7.0730854423040785	11.225582023932649	0.6300862999552669	1.0	1.0	1.0	1.0	0
bert_base_uncased	head_embed_cache_bert_base_uncased.jsonl	delta	wet__pst	wet	pst	76	74	2	0	3	2	2	wet,wetted	wet	wetted	0.0	fisher_exact	True	3	0	2	0	0	2	0		raw	raw_label	76	3	1.1239576570186298	44	2	0.0	0.3333333333333333	-0.10048203833982783	0.00917874682811414	0.8823625853682223	1.0775165344473359	0.8188854251046745	8.545916778455343	9.771145494967982	0.8746074636649699	0.6842105263157895	0.7236842105263158	0.11146546143428479	0.14401533569764322	0
bert_base_uncased	head_embed_cache_bert_base_uncased.jsonl	delta	write__ppt	write	ppt	199	172	27	0	14	2	2	written,wrote	written	wrote	0.0019	fisher_exact	True	14	1	1	0	1	1	0		conditioned-exclude	conditioned_exclude_label	144	1	-0.0	144	144	0.0	0.0													0
bert_base_uncased	head_embed_cache_bert_base_uncased.jsonl	delta	write__ppt	write	ppt	199	172	27	0	14	2	2	written,wrote	written	wrote	0.0019	fisher_exact	True	14	1	1	0	1	1	0		form	form_label	199	2	0.9999817845368457	100	99	0.0	0.0	0.5091479139918289	0.27373650884740613	0.6489776558627411	1.3309941295514003	0.48758866884069074	4.473000329146385	6.1267500189480675	0.7300771722875641	1.0	1.0	1.0	1.0	0
bert_base_uncased	head_embed_cache_bert_base_uncased.jsonl	delta	write__ppt	write	ppt	199	172	27	0	14	2	2	written,wrote	written	wrote	0.0019	fisher_exact	True	14	1	1	0	1	1	0		raw	raw_label	199	14	1.53084921111479	144	1	0.5714285714285714	0.6428571428571429	-0.36728878228840567	-0.23877866698992592	0.9890067568441034	0.9949195712761041	0.9940569925422045	5.06308634229875	5.5921587212468	0.9053903143095893	0.135678391959799	0.27638190954773867	0.027914526296775016	0.06594680752100177	0
kanishka_GlossBERT	head_embed_cache_kanishka_GlossBERT.jsonl	delta	begin__ppt	begin	ppt	200	198	2	0	4	3	2	began,begun	began	begun	0.1741	fisher_exact	False	4	3	0	0	3	0	0		conditioned-exclude	conditioned_exclude_label	198	3	1.1529706704117353	140	22	0.0	0.0	-0.027211279415422535	-0.013267818480949854	0.9988214940359461	1.0026869633159508	0.9961448892611297	1.6567541844993368	1.7044125982444975	0.9720382178621257	0.45454545454545453	0.45454545454545453	0.0009420307203195746	5.384922993532465e-05	0
kanishka_GlossBERT	head_embed_cache_kanishka_GlossBERT.jsonl	delta	begin__ppt	begin	ppt	200	198	2	0	4	3	2	began,begun	began	begun	0.1741	fisher_exact	False	4	3	0	0	3	0	0		form	form_label	200	2	1.0	100	100	0.0	0.0	0.5267163705337858	0.3031784729046159	0.6390466971245378	1.3581252815683735	0.4705358966490645	1.379516471099462	1.9824361202012697	0.6958693180789123	1.0	1.0	1.0	1.0	0
kanishka_GlossBERT	head_embed_cache_kanishka_GlossBERT.jsonl	delta	begin__ppt	begin	ppt	200	198	2	0	4	3	2	began,begun	began	begun	0.1741	fisher_exact	False	4	3	0	0	3	0	0		raw	raw_label	200	4	1.2222340996035292	140	2	0.0	0.25	-0.10110802030665361	-0.017393214038648755	0.9987786460372495	1.0022294476138929	0.9965568746908614	1.6567435086141646	1.7117906126618114	0.9678423846699047	0.44	0.44	-6.698201932703126e-07	0.02089453811505235	0
kanishka_GlossBERT	head_embed_cache_kanishka_GlossBERT.jsonl	delta	bid__ppt	bid	ppt	171	160	11	0	7	4	2	bid,bidden	bid	bidden	0.0	fisher_exact	True	7	1	1	2	1	1	2		conditioned-exclude	conditioned_exclude_label	78	4	1.5571643471379213	40	1	0.25	0.25	0.20363232253718555	0.06302449831350895	0.6488537090039734	1.1136401847633144	0.5826421476896296	4.594335527043569	6.1931168185873675	0.7418454490079397	0.7307692307692307	0.8717948717948718	0.6307116884162907	0.575991044975969	0
kanishka_GlossBERT	head_embed_cache_kanishka_GlossBERT.jsonl	delta	bid__ppt	bid	ppt	171	160	11	0	7	4	2	bid,bidden	bid	bidden	0.0	fisher_exact	True	7	1	1	2	1	1	2		form	form_label	171	2	0.9999753308152249	86	85	0.0	0.0	0.5075403965935434	0.29529238463160107	0.6442677511574305	1.3163681396672886	0.48942824711654664	5.397956510173997	7.683419336866157	0.7025461286843764	1.0	1.0	1.0	1.0	0
kanishka_GlossBERT	head_embed_cache_kanishka_GlossBERT.jsonl	delta	bid__ppt	bid	ppt	171	160	11	0	7	4	2	bid,bidden	bid	bidden	0.0	fisher_exact	True	7	1	1	2	1	1	2		raw	raw_label	171	7	2.005959814418014	82	1	0.2857142857142857	0.2857142857142857	-0.20611020774456812	-0.13794392247765247	0.8752876995865047	1.030309518724311	0.8495385936745025	6.52133732174398	6.559055938864194	0.9942493832234726	0.5789473684210527	0.4678362573099415	0.1276111234509352	0.3358485211326293	0
kanishka_GlossBERT	head_embed_cache_kanishka_GlossBERT.jsonl	delta	bid__pst	bid	pst	200	168	32	0	10	3	2	bade,bid	bade	bid	0.0	fisher_exact	True	10	1	1	1	1	1	1		conditioned-exclude	conditioned_exclude_label	76	2	0.7424875695421236	60	16	0.0	0.0	0.06717212582224186	0.2026765823923657	0.9612172029570695	0.9685969314025278	0.9923810119501696	6.201282573505968	7.894397141488332	0.7855295929964881	0.6052631578947368	0.9605263157894737	-0.01960472873318055	0.17458560403798593	0
kanishka_GlossBERT	head_embed_cache_kanishka_GlossBERT.jsonl	delta	bid__pst	bid	pst	200	168	32	0	10	3	2	bade,bid	bade	bid	0.0	fisher_exact	True	10	1	1	1	1	1	1		form	form_label	200	2	1.0	100	100	0.0	0.0	0.6048640956714125	0.3653874800359124	0.550122131723281	1.3988204175541814	0.39327573777137315	5.414747305732432	8.526023489224928	0.6350847276664808	1.0	1.0	1.0	1.0	0
kanishka_GlossBERT	head_embed_cache_kanishka_GlossBERT.jsonl	delta	bid__pst	bid	pst	200	168	32	0	10	3	2	bade,bid	bade	bid	0.0	fisher_exact	True	10	1	1	1	1	1	1		raw	raw_label	200	10	2.1208109300257063	92	1	0.2	0.3	-0.2593837646058206	-0.16404421454076476	0.8957781259190385	1.0130618195032175	0.8842284929445942	6.134400627947408	7.358818064351589	0.833612215209445	0.515	0.585	0.42976808736375094	0.4753917538258203	0
kanishka_GlossBERT	head_embed_cache_kanishka_GlossBERT.jsonl	delta	break__ppt	break	ppt	199	126	73	0	28	6	2	broke,broken	broke	broken	0.2008	fisher_exact	False	28	4	1	1	4	1	1		conditioned-exclude	conditioned_exclude_label	100	6	2.477667024828463	23	5	0.0	0.0	-0.10646127167536858	-0.14006804057190442	0.9200063281401566	0.996388925323341	0.92334057992626	2.795462127211447	2.8515973479932692	0.9803144645153615	0.38	0.39	0.07694112502015064	0.14840022751646073	0
kanishka_GlossBERT	head_embed_cache_kanishka_GlossBERT.jsonl	delta	break__ppt	break	ppt	199	126	73	0	28	6	2	broke,broken	broke	broken	0.2008	fisher_exact	False	28	4	1	1	4	1	1		form	form_label	199	2	0.9999817845368457	100	99	0.0	0.0	0.3718637164893617	0.18416603408628016	0.7683782428624454	1.2280469069931967	0.6256912814053462	2.5812520424621628	3.167692928098475	0.8148681393848535	1.0	1.0	-0.0001005126143330988	-7.036472625781023e-05	0
kanishka_GlossBERT	head_embed_cache_kanishka_GlossBERT.jsonl	delta	break__ppt	break	ppt	199	126	73	0	28	6	2	broke,broken	broke	broken	0.2008	fisher_exact	False	28	4	1	1	4	1	1		raw	raw_label	199	28	3.9567734612441186	26	1	0.42857142857142855	0.4642857142857143	-0.2577554215281135	-0.23294071894519347	0.9484335884324729	1.0036804866221622	0.944955691650816	2.7619852203744433	2.8855958810444675	0.957162864875839	0.3015075376884422	0.27638190954773867	0.0685795321316365	0.15984845253336985	0
kanishka_GlossBERT	head_embed_cache_kanishka_GlossBERT.jsonl	delta	bring__pst	bring	pst	193	193	0	0	4	4	2	brought,brung	brought	brung	0.0	chi_sq	True	4	1	2	1	1	2	1		conditioned-exclude	conditioned_exclude_label	80	3	0.9403047812186183	61	3	0.0	0.0	-0.22565897770022522	-0.10308972661598075	0.957972850098739	0.9976626190158479	0.9602172436246422	8.338861111813323	8.557520311236583	0.9744482991017682	0.2375	0.2375	0.05864980406555466	0.23673139271676583	0
kanishka_GlossBERT	head_embed_cache_kanishka_GlossBERT.jsonl	delta	bring__pst	bring	pst	193	193	0	0	4	4	2	brought,brung	brought	brung	0.0	chi_sq	True	4	1	2	1	1	2	1		form	form_label	193	2	0.999515806980105	99	94	0.0	0.0	0.6768361004792932	0.43098937524326336	0.4781984815470407	1.4814592368618675	0.3227888217565775	5.990780283857886	10.544199916867287	0.5681588296021007	1.0	1.0	1.0	1.0	0
kanishka_GlossBERT	head_embed_cache_kanishka_GlossBERT.jsonl	delta	bring__pst	bring	pst	193	193	0	0	4	4	2	brought,brung	brought	brung	0.0	chi_sq	True	4	1	2	1	1	2	1		raw	raw_label	193	4	1.877444466874	67	19	0.0	0.0	-0.050388491366890116	-0.021430092998846368	0.8489142683996135	1.034722753465144	0.8204267911928258	7.625270419691912	8.535615263307049	0.8933474839794464	0.5077720207253886	0.5077720207253886	0.23486586868815135	0.32269671888497853	0
kanishka_GlossBERT	head_embed_cache_kanishka_GlossBERT.jsonl	delta	burn__ppt	burn	ppt	199	152	47	0	15	4	2	burned,burnt	burned	burnt	0.0028	fisher_exact	True	15	3	1	0	3	1	0		conditioned-exclude	conditioned_exclude_label	131	3	1.262392868407983	85	16	0.0	0.0	-0.03374318033671286	0.03439538533999028	0.9963877699165378	1.0027003089057147	0.9937044609110911	2.9385701324953093	3.19633224295346	0.9193569094619605	0.48854961832061067	0.4351145038167939	0.00225406790110422	0.005823081724999002	0
kanishka_GlossBERT	head_embed_cache_kanishka_GlossBERT.jsonl	delta	burn__ppt	burn	ppt	199	152	47	0	15	4	2	burned,burnt	burned	burnt	0.0028	fisher_exact	True	15	3	1	0	3	1	0		form	form_label	199	2	0.9999817845368457	100	99	0.0	0.0	0.6081003746541012	0.36043264028336236	0.5583805865128942	1.43508341312109	0.3890927742649472	2.464194939220448	3.846408916028408	0.6406481975829136	1.0	1.0	1.0	1.0	0
kanishka_GlossBERT	head_embed_cache_kanishka_GlossBERT.jsonl	delta	burn__ppt	burn	ppt	199	152	47	0	15	4	2	burned,burnt	burned	burnt	0.0028	fisher_exact	True	15	3	1	0	3	1	0		raw	raw_label	199	15	2.8386901946024508	85	1	0.13333333333333333	0.13333333333333333	-0.40900563383906374	-0.1926981394872638	0.9896398409816337	1.0016327292606633	0.9880266609419983	2.938792087662816	3.2226273060095134	0.9119242805963305	0.12562814070351758	0.09045226130653267	0.11033227219863778	0.19402804156057946	0
kanishka_GlossBERT	head_embed_cache_kanishka_GlossBERT.jsonl	delta	burn__pst	burn	pst	198	130	68	0	20	3	2	burned,burnt	burned	burnt	0.0	fisher_exact	True	21	2	0	1	2	0	1		conditioned-exclude	conditioned_exclude_label	130	4	1.3101187762447488	89	3	0.0	0.0	-0.25760802812957057	-0.044939138462825656	0.9703050039918856	1.0274687140075822	0.9443645249374719	2.6612072031135425	2.9537583641188636	0.9009562987415891	0.27692307692307694	0.36153846153846153	0.16032259940961333	0.22261067858898112	0
kanishka_GlossBERT	head_embed_cache_kanishka_GlossBERT.jsonl	delta	burn__pst	burn	pst	198	130	68	0	20	3	2	burned,burnt	burned	burnt	0.0	fisher_exact	True	21	2	0	1	2	0	1		form	form_label	198	2	0.999926399368686	100	98	0.0	0.0	0.5721302250548004	0.3304845024624112	0.5955698753170658	1.3981531848918445	0.42596897232196823	2.369987694062159	3.5386684104348536	0.6697399753742171	1.0	1.0	1.0	1.0	0
kanishka_GlossBERT	head_embed_cache_kanishka_GlossBERT.jsonl	delta	burn__pst	burn	pst	198	130	68	0	20	3	2	burned,burnt	burned	burnt	0.0	fisher_exact	True	21	2	0	1	2	0	1		raw	raw_label	198	20	3.042396475146948	89	1	0.05	0.4	-0.3375682185317496	-0.21248754879715015	0.9741037504268817	1.0062241940440535	0.9680782435889576	2.6930221516767117	3.0358651319558727	0.8870691004450904	0.1919191919191919	0.23232323232323232	0.10650940763143547	0.1961703170865313	0
kanishka_GlossBERT	head_embed_cache_kanishka_GlossBERT.jsonl	delta	creep__ppt	creep	ppt	200	173	27	0	7	3	2	creeped,crept	creeped	crept	0.0	fisher_exact	True	7	0	1	2	0	1	2		conditioned-exclude	conditioned_exclude_label	100	3	0.992997266270944	72	3	0.0	0.0	0.5829792595157638	0.2557466846522609	0.29904039478871314	1.2730110215733232	0.2349079385181811	4.297870905764353	7.316528692830039	0.5874194014951554	1.0	1.0	0.7909867760505003	0.7571616532083996	0
kanishka_GlossBERT	head_embed_cache_kanishka_GlossBERT.jsonl	delta	creep__ppt	creep	ppt	200	173	27	0	7	3	2	creeped,crept	creeped	crept	0.0	fisher_exact	True	7	0	1	2	0	1	2		form	form_label	200	2	1.0	100	100	0.0	0.0	0.691299427910138	0.45467500578634373	0.4320469123294946	1.4051082218795947	0.3074830149036856	3.920613131174065	7.302752988247434	0.5368678274458467	1.0	0.99	0.9602000804038779	0.92886668476379	0
kanishka_GlossBERT	head_embed_cache_kanishka_GlossBERT.jsonl	delta	creep__ppt	creep	ppt	200	173	27	0	7	3	2	creeped,crept	creeped	crept	0.0	fisher_exact	True	7	0	1	2	0	1	2		raw	raw_label	200	7	2.047756286887821	73	1	0.14285714285714285	0.2857142857142857	0.026862943149963757	0.01548538996749595	0.5015020296231797	1.0893800847852575	0.46035542289359693	3.9838141545512884	6.27687085517286	0.6346815549451953	0.815	0.815	0.32856767265110554	0.47592881278197136	0
kanishka_GlossBERT	head_embed_cache_kanishka_GlossBERT.jsonl	delta	creep__pst	creep	pst	199	192	7	0	6	4	2	creeped,crept	creeped	crept	0.0	fisher_exact	True	6	0	1	3	0	1	3		conditioned-exclude	conditioned_exclude_label	150	5	1.6571237065559545	80	2	0.0	0.2	0.3769661233152824	0.15846467062307149	0.302940742548565	1.155840251113723	0.26209568515775694	3.5576490111132304	6.1928282656484095	0.5744788743533377	0.9066666666666666	0.9066666666666666	0.3704939174107122	0.5388551705798963	0
kanishka_GlossBERT	head_embed_cache_kanishka_GlossBERT.jsonl	delta	creep__pst	creep	pst	199	192	7	0	6	4	2	creeped,crept	creeped	crept	0.0	fisher_exact	True	6	0	1	3	0	1	3		form	form_label	199	2	0.9999817845368457	100	99	0.0	0.0	0.6685955112529169	0.4443779502073551	0.4482807238660682	1.3562116606458325	0.3305389098723686	3.7228057920580073	6.772676724747984	0.5496801255040762	1.0	0.9949748743718593	0.979899010408111	0.959248245301989	0
kanishka_GlossBERT	head_embed_cache_kanishka_GlossBERT.jsonl	delta	creep__pst	creep	pst	199	192	7	0	6	4	2	creeped,crept	creeped	crept	0.0	fisher_exact	True	6	0	1	3	0	1	3		raw	raw_label	199	6	2.074652806440842	80	1	0.16666666666666666	0.16666666666666666	0.16768203549034588	0.07145841199935486	0.42005621252491077	1.0794846616096012	0.38912661519300523	3.6857128901992184	5.822267366719238	0.6330373818397941	0.7638190954773869	0.7638190954773869	0.48111889195302576	0.5380077014010172	0
kanishka_GlossBERT	head_embed_cache_kanishka_GlossBERT.jsonl	delta	disprove__ppt	disprove	ppt	197	197	0	0	1	1	2	disproved,disproven	disproved	disproven		fisher_exact	False	1	1	0	0	1	0	0		conditioned-exclude	conditioned_exclude_label	197	1	-0.0	197	197	0.0	0.0													0
kanishka_GlossBERT	head_embed_cache_kanishka_GlossBERT.jsonl	delta	disprove__ppt	disprove	ppt	197	197	0	0	1	1	2	disproved,disproven	disproved	disproven		fisher_exact	False	1	1	0	0	1	0	0		form	form_label	197	2	0.9999814128006821	99	98	0.0	0.0	0.7223688051500446	0.465261302887963	0.431539568941975	1.5667417704894933	0.2754375845913332	2.2897288341386273	4.2772671537046305	0.5353251858854421	1.0	1.0	1.0	1.0	0
kanishka_GlossBERT	head_embed_cache_kanishka_GlossBERT.jsonl	delta	disprove__ppt	disprove	ppt	197	197	0	0	1	1	2	disproved,disproven	disproved	disproven		fisher_exact	False	1	1	0	0	1	0	0		raw	raw_label	197	1	-0.0	197	197	0.0	0.0													0
kanishka_GlossBERT	head_embed_cache_kanishka_GlossBERT.jsonl	delta	dive__pst	dive	pst	198	182	16	0	7	3	2	dived,dove	dived	dove	0.0014	fisher_exact	True	7	1	2	0	1	2	0		conditioned-exclude	conditioned_exclude_label	67	1	-0.0	67	67	0.0	0.0													0
kanishka_GlossBERT	head_embed_cache_kanishka_GlossBERT.jsonl	delta	dive__pst	dive	pst	198	182	16	0	7	3	2	dived,dove	dived	dove	0.0014	fisher_exact	True	7	1	2	0	1	2	0		form	form_label	198	2	1.0	99	99	0.0	0.0	0.692807362886422	0.43739095735573286	0.4671395779128661	1.526739971440957	0.3059719314690986	3.5921006906091995	6.385336320556099	0.5625546580914259	1.0	1.0	1.0	1.0	0
kanishka_GlossBERT	head_embed_cache_kanishka_GlossBERT.jsonl	delta	dive__pst	dive	pst	198	182	16	0	7	3	2	dived,dove	dived	dove	0.0014	fisher_exact	True	7	1	2	0	1	2	0		raw	raw_label	198	7	1.907799970324791	73	1	0.42857142857142855	0.42857142857142855	-0.29187573173199305	-0.16118191479622512	0.9670797643932902	1.0133318591139537	0.9543564190697549	4.824417835432442	5.0679603588293	0.9519446668574345	0.35858585858585856	0.2878787878787879	0.12183927526837521	0.180257606166065	0
kanishka_GlossBERT	head_embed_cache_kanishka_GlossBERT.jsonl	delta	dream__ppt	dream	ppt	199	181	18	0	5	3	2	dreamed,dreamt	dreamed	dreamt	0.0015	fisher_exact	True	5	3	0	0	3	0	0		conditioned-exclude	conditioned_exclude_label	181	3	1.3099792748760353	111	22	0.0	0.0	-0.037936070765686745	-0.012468046434998369	1.0013533148269012	1.0026002941198782	0.9987562548103264	5.755878963257847	5.797732856284029	0.9927809897310432	0.5303867403314917	0.44751381215469616	-0.006204319013428943	0.04430198328239991	0
kanishka_GlossBERT	head_embed_cache_kanishka_GlossBERT.jsonl	delta	dream__ppt	dream	ppt	199	181	18	0	5	3	2	dreamed,dreamt	dreamed	dreamt	0.0015	fisher_exact	True	5	3	0	0	3	0	0		form	form_label	199	2	0.9999817845368457	100	99	0.0	0.0	0.7114179989845034	0.4643722820856507	0.44289931357041806	1.5548771098657668	0.28484522073172314	4.021067158379116	7.539584104679065	0.5333274491737074	1.0	1.0	1.0	1.0	0
kanishka_GlossBERT	head_embed_cache_kanishka_GlossBERT.jsonl	delta	dream__ppt	dream	ppt	199	181	18	0	5	3	2	dreamed,dreamt	dreamed	dreamt	0.0015	fisher_exact	True	5	3	0	0	3	0	0		raw	raw_label	199	5	1.6985903204516677	111	4	0.0	0.0	-0.2691048945620538	-0.13255854847938137	0.9964128585605531	1.0049639156835597	0.9914911799423263	5.741021099523539	5.8191516739785	0.98657354562447	0.24120603015075376	0.1708542713567839	0.14495372698381062	0.22491065900888618	0
kanishka_GlossBERT	head_embed_cache_kanishka_GlossBERT.jsonl	delta	dream__pst	dream	pst	197	190	7	0	5	4	2	dreamed,dreamt	dreamed	dreamt	0.0	chi_sq	True	5	0	4	0	0	4	0		conditioned-exclude	conditioned_exclude_label	0	0		0	0															0
kanishka_GlossBERT	head_embed_cache_kanishka_GlossBERT.jsonl	delta	dream__pst	dream	pst	197	190	7	0	5	4	2	dreamed,dreamt	dreamed	dreamt	0.0	chi_sq	True	5	0	4	0	0	4	0		form	form_label	197	2	0.9999814128006821	99	98	0.0	0.0	0.6981886789714218	0.44807311977888437	0.4590525777582144	1.530588009025183	0.2999190997521146	3.8881282714315906	7.058070287182339	0.5508769554891717	1.0	1.0	1.0	1.0	0
kanishka_GlossBERT	head_embed_cache_kanishka_GlossBERT.jsonl	delta	dream__pst	dream	pst	197	190	7	0	5	4	2	dreamed,dreamt	dreamed	dreamt	0.0	chi_sq	True	5	0	4	0	0	4	0		raw	raw_label	197	5	2.0094602437853	69	7	0.0	0.0	-0.17046594303014095	-0.06628661788717106	0.8879823117509824	1.0392243074383438	0.8544664567554542	5.07752527125677	5.6347136129220425	0.9011150557168554	0.649746192893401	0.4416243654822335	0.2664437897971542	0.317611752525426	0
kanishka_GlossBERT	head_embed_cache_kanishka_GlossBERT.jsonl	delta	drink__ppt	drink	ppt	200	183	17	0	7	3	2	drank,drunk	drank	drunk	0.0185	fisher_exact	True	7	2	1	0	2	1	0		conditioned-exclude	conditioned_exclude_label	132	2	0.7455178428108284	104	28	0.0	0.0	-0.004929260165059567	0.008565027677641423	0.9905407627225513	0.9839074344339777	1.006741821492984	4.215006960844314	4.249963567308402	0.9917748456167997	0.6060606060606061	0.6515151515151515	-0.009036779587509638	-0.005575178156578395	0
kanishka_GlossBERT	head_embed_cache_kanishka_GlossBERT.jsonl	delta	drink__ppt	drink	ppt	200	183	17	0	7	3	2	drank,drunk	drank	drunk	0.0185	fisher_exact	True	7	2	1	0	2	1	0		form	form_label	200	2	1.0	100	100	0.0	0.0	0.6881118311100264	0.43199173491878773	0.4714388157938933	1.5219807363911124	0.3097534709353541	2.9878650740958856	5.254015191338062	0.5686822297396049	1.0	1.0	1.0	1.0	0
kanishka_GlossBERT	head_embed_cache_kanishka_GlossBERT.jsonl	delta	drink__ppt	drink	ppt	200	183	17	0	7	3	2	drank,drunk	drank	drunk	0.0185	fisher_exact	True	7	2	1	0	2	1	0		raw	raw_label	200	7	1.8199338849640223	104	1	0.2857142857142857	0.2857142857142857	-0.40520923870786235	-0.11344105723999293	0.9821093429429683	1.0088286354434044	0.9735145379882161	4.080779525425468	4.1518467832886365	0.9828829767636857	0.495	0.22	0.06909039784441767	0.11409618025365206	0
kanishka_GlossBERT	head_embed_cache_kanishka_GlossBERT.jsonl	delta	drive__ppt	drive	ppt	142	93	49	0	15	4	2	driven,drove	driven	drove	0.0	fisher_exact	True	15	0	0	4	0	0	4		conditioned-exclude	conditioned_exclude_label	93	6	2.257035960830074	27	3	0.0	0.0	0.09685818611127535	0.0022213780038859905	0.5909299382645249	1.0303380676830203	0.5735301419983274	2.335988047580067	2.917674233189987	0.800633607757524	0.7741935483870968	0.8064516129032258	0.33697574585248746	0.4827990612912599	0
kanishka_GlossBERT	head_embed_cache_kanishka_GlossBERT.jsonl	delta	drive__ppt	drive	ppt	142	93	49	0	15	4	2	driven,drove	driven	drove	0.0	fisher_exact	True	15	0	0	4	0	0	4		form	form_label	142	2	0.9998568991526107	72	70	0.0	0.0	0.4191314771911587	0.21183056629892605	0.7094672165794007	1.2239693524446185	0.579644592540157	2.7009638195124217	3.4190560408945188	0.7899735445125303	1.0	1.0	1.0	1.0	0
kanishka_GlossBERT	head_embed_cache_kanishka_GlossBERT.jsonl	delta	drive__ppt	drive	ppt	142	93	49	0	15	4	2	driven,drove	driven	drove	0.0	fisher_exact	True	15	0	0	4	0	0	4		raw	raw_label	142	15	3.2081115221477225	31	1	0.3333333333333333	0.4	-0.06916835127442961	-0.12928560682937768	0.7152607557550058	1.005317007937353	0.7114778225253877	2.5331416271911626	3.1394634536321115	0.8068708760602127	0.528169014084507	0.528169014084507	0.3818976283106148	0.4436807935988613	0
kanishka_GlossBERT	head_embed_cache_kanishka_GlossBERT.jsonl	delta	eat__ppt	eat	ppt	199	171	28	0	8	2	2	ate,eaten	ate	eaten	0.0053	fisher_exact	True	8	1	1	0	1	1	0		conditioned-exclude	conditioned_exclude_label	142	1	-0.0	142	142	0.0	0.0													0
kanishka_GlossBERT	head_embed_cache_kanishka_GlossBERT.jsonl	delta	eat__ppt	eat	ppt	199	171	28	0	8	2	2	ate,eaten	ate	eaten	0.0053	fisher_exact	True	8	1	1	0	1	1	0		form	form_label	199	2	0.9999817845368457	100	99	0.0	0.0	0.5230702649811177	0.295368342860056	0.6365398612259336	1.346884475564463	0.4726016765165903	2.8091230031101775	3.971492772561809	0.7073216958917324	0.9949748743718593	0.9949748743718593	0.96000106111513	0.9285841390271732	0
kanishka_GlossBERT	head_embed_cache_kanishka_GlossBERT.jsonl	delta	eat__ppt	eat	ppt	199	171	28	0	8	2	2	ate,eaten	ate	eaten	0.0053	fisher_exact	True	8	1	1	0	1	1	0		raw	raw_label	199	8	1.4428159561419673	142	1	0.125	0.25	-0.2981338158567299	-0.1512294114292213	0.9836754496765148	1.0047623561593544	0.9790130408911386	3.3465478846534253	3.4467716342488512	0.9709224282225278	0.3768844221105528	0.44221105527638194	-0.041447202934772547	0.06311064768953949	0
kanishka_GlossBERT	head_embed_cache_kanishka_GlossBERT.jsonl	delta	fall__ppt	fall	ppt	200	151	49	0	14	4	2	fallen,fell	fallen	fell	0.0	fisher_exact	True	14	0	2	2	0	2	2		conditioned-exclude	conditioned_exclude_label	69	4	1.5574653812571848	30	4	0.0	0.0	0.19312117895502273	0.11399165448561019	0.5466600034082432	1.2059017952990836	0.4533204988492968	1.7423684660699086	2.5408088001992675	0.6857534757960773	0.9855072463768116	0.9710144927536232	0.7050946349793653	0.6946756979639941	0
kanishka_GlossBERT	head_embed_cache_kanishka_GlossBERT.jsonl	delta	fall__ppt	fall	ppt	200	151	49	0	14	4	2	fallen,fell	fallen	fell	0.0	fisher_exact	True	14	0	2	2	0	2	2		form	form_label	200	2	1.0	100	100	0.0	0.0	0.5225641569703376	0.2952696926252045	0.6389896982025592	1.3440057068288438	0.47543674476668957	2.1097030179427616	2.9882559394228796	0.7059981008019707	1.0	1.0	1.0	1.0	0
kanishka_GlossBERT	head_embed_cache_kanishka_GlossBERT.jsonl	delta	fall__ppt	fall	ppt	200	151	49	0	14	4	2	fallen,fell	fallen	fell	0.0	fisher_exact	True	14	0	2	2	0	2	2		raw	raw_label	200	14	2.949755162174359	51	1	0.21428571428571427	0.35714285714285715	-0.24004073050327498	-0.1255453984062329	0.8383233009069162	1.0219586646402343	0.8203103803636087	2.296684380174527	2.5983102575129253	0.8839146031670939	0.55	0.53	0.15423004900121845	0.22073314183061385	0
kanishka_GlossBERT	head_embed_cache_kanishka_GlossBERT.jsonl	delta	fall__pst	fall	pst	199	0	199	0	22	0	2	fell,felled					False	0	0	0	0	0	0	0	missing_conditioning_forms;missing_conditioning_rows;missing_pair_test;missing_cond_counts	conditioned-exclude	conditioned_exclude_label	0	0		0	0															0
kanishka_GlossBERT	head_embed_cache_kanishka_GlossBERT.jsonl	delta	fall__pst	fall	pst	199	0	199	0	22	0	2	fell,felled					False	0	0	0	0	0	0	0	missing_conditioning_forms;missing_conditioning_rows;missing_pair_test;missing_cond_counts	form	form_label	199	2	0.9999817845368457	100	99	0.0	0.0	0.5098396954530918	0.30092866902730175	0.6014086328181335	1.2352833988017706	0.4868588320716542	3.820315065263552	5.470639820602823	0.6983305775086801	1.0	1.0	1.0	1.0	0
kanishka_GlossBERT	head_embed_cache_kanishka_GlossBERT.jsonl	delta	fall__pst	fall	pst	199	0	199	0	22	0	2	fell,felled					False	0	0	0	0	0	0	0	missing_conditioning_forms;missing_conditioning_rows;missing_pair_test;missing_cond_counts	raw	raw_label	199	22	3.6565111720591474	48	1	0.22727272727272727	0.36363636363636365	-0.003236673396824169	-0.02334678034485792	0.5181439790373309	0.9675199158737545	0.5355383083452105	3.7044610749370284	4.761551880573227	0.777994479079594	0.6130653266331658	0.6030150753768844	0.2334896672449024	0.4369581256168045	0
kanishka_GlossBERT	head_embed_cache_kanishka_GlossBERT.jsonl	delta	fly__pst	fly	pst	198	171	27	0	14	3	2	flew,flied	flew	flied	0.0	fisher_exact	True	14	0	1	2	0	1	2		conditioned-exclude	conditioned_exclude_label	68	3	0.941917968093368	51	2	0.0	0.3333333333333333	0.1656172371519763	0.0828028071261545	0.3036100709099195	0.544351829551524	0.5577460282627418	4.343620930514718	5.463388099680529	0.7950416209254311	0.9852941176470589	0.9705882352941176	0.46493974996175896	0.42412623793716636	0
kanishka_GlossBERT	head_embed_cache_kanishka_GlossBERT.jsonl	delta	fly__pst	fly	pst	198	171	27	0	14	3	2	flew,flied	flew	flied	0.0	fisher_exact	True	14	0	1	2	0	1	2		form	form_label	198	2	0.999926399368686	100	98	0.0	0.0	0.7953379598580371	0.5482819002276744	0.3199786647268104	1.5715949127325017	0.2036012347294187	4.500774716391215	9.968430374307262	0.4515028492340739	1.0	1.0	1.0	1.0	0
kanishka_GlossBERT	head_embed_cache_kanishka_GlossBERT.jsonl	delta	fly__pst	fly	pst	198	171	27	0	14	3	2	flew,flied	flew	flied	0.0	fisher_exact	True	14	0	1	2	0	1	2		raw	raw_label	198	14	2.1414296982592194	103	1	0.14285714285714285	0.5	0.06069164129838226	0.02675353834132733	0.4238837376062975	1.2230859382062924	0.34656905485148576	4.945932365387118	8.450546463046358	0.5852795895526202	0.8232323232323232	0.7828282828282829	0.22455795558749989	0.4046026998042444	0
kanishka_GlossBERT	head_embed_cache_kanishka_GlossBERT.jsonl	delta	forget__ppt	forget	ppt	200	184	16	0	5	3	2	forgot,forgotten	forgot	forgotten	0.0021	fisher_exact	True	5	3	0	0	3	0	0		conditioned-exclude	conditioned_exclude_label	184	3	1.4416232767703003	90	27	0.0	0.0	-0.050830225583889124	-0.023461743157619765	0.9965193200326681	0.999102374891892	0.997414624442762	3.0317072285277042	3.0585325139277946	0.9912293607218708	0.29891304347826086	0.29891304347826086	0.007424192606707017	0.006374206324693317	0
kanishka_GlossBERT	head_embed_cache_kanishka_GlossBERT.jsonl	delta	forget__ppt	forget	ppt	200	184	16	0	5	3	2	forgot,forgotten	forgot	forgotten	0.0021	fisher_exact	True	5	3	0	0	3	0	0		form	form_label	200	2	1.0	100	100	0.0	0.0	0.5574892594350921	0.3269572528433825	0.6093082867124548	1.3842069905492567	0.44018581821399405	2.4451018544254417	3.6290038903693764	0.6737666666366038	1.0	1.0	1.0	1.0	0
kanishka_GlossBERT	head_embed_cache_kanishka_GlossBERT.jsonl	delta	forget__ppt	forget	ppt	200	184	16	0	5	3	2	forgot,forgotten	forgot	forgotten	0.0021	fisher_exact	True	5	3	0	0	3	0	0		raw	raw_label	200	5	1.7933748547876793	90	4	0.0	0.0	-0.18444782815065383	-0.07338145303446728	0.9922156105120602	1.0019532845001358	0.9902813093796747	3.021679472964673	3.049213275129566	0.990970194709085	0.27	0.3	0.022253467607564578	0.051283716985040854	0
kanishka_GlossBERT	head_embed_cache_kanishka_GlossBERT.jsonl	delta	hang__ppt	hang	ppt	198	189	9	0	7	4	2	hanged,hung	hanged	hung	0.0	fisher_exact	True	7	0	1	3	0	1	3		conditioned-exclude	conditioned_exclude_label	67	5	1.7041692098588086	30	1	0.4	0.4	0.1156152436398661	0.05787350703127003	0.5003910497622416	0.6755325858894828	0.740735621366614	4.305919823947007	5.07496930768625	0.8484622394514808	0.8059701492537313	0.8059701492537313	0.35775508876894063	0.36800948022030566	0
kanishka_GlossBERT	head_embed_cache_kanishka_GlossBERT.jsonl	delta	hang__ppt	hang	ppt	198	189	9	0	7	4	2	hanged,hung	hanged	hung	0.0	fisher_exact	True	7	0	1	3	0	1	3		form	form_label	198	2	0.999926399368686	100	98	0.0	0.0	0.5863147486566692	0.3434021650349385	0.558640455157629	1.3584365037621806	0.4112378117125666	4.189226240357017	6.392412100519696	0.6553435814966369	1.0	1.0	1.0	1.0	0
kanishka_GlossBERT	head_embed_cache_kanishka_GlossBERT.jsonl	delta	hang__ppt	hang	ppt	198	189	9	0	7	4	2	hanged,hung	hanged	hung	0.0	fisher_exact	True	7	0	1	3	0	1	3		raw	raw_label	198	7	1.7446180181763304	122	2	0.0	0.2857142857142857	0.13810059612705772	0.13427201579506176	0.7952013197024579	1.079661375733054	0.7365284501008872	4.519907401965299	5.855765075961588	0.7718730760767541	0.7878787878787878	0.7777777777777778	0.2633313526980221	0.3436439960697673	0
kanishka_GlossBERT	head_embed_cache_kanishka_GlossBERT.jsonl	delta	hang__pst	hang	pst	198	169	29	0	12	4	2	hanged,hung	hanged	hung	0.0	fisher_exact	True	12	0	0	4	0	0	4		conditioned-exclude	conditioned_exclude_label	169	7	1.910016434686177	93	1	0.14285714285714285	0.14285714285714285	0.12038293475991246	0.13001833948191857	0.48277558944860965	1.1370289073996087	0.4245939450675182	3.6423630748845532	6.190941408547585	0.5883375135574194	0.9289940828402367	0.9289940828402367	0.3351678039332136	0.5244901318645376	0
kanishka_GlossBERT	head_embed_cache_kanishka_GlossBERT.jsonl	delta	hang__pst	hang	pst	198	169	29	0	12	4	2	hanged,hung	hanged	hung	0.0	fisher_exact	True	12	0	0	4	0	0	4		form	form_label	198	2	1.0	99	99	0.0	0.0	0.5691610143151487	0.33122880211836886	0.5548295380936851	1.2912688332733906	0.4296777896258689	4.29154024648265	6.424487703119061	0.667997269945606	1.0	1.0	1.0	1.0	0
kanishka_GlossBERT	head_embed_cache_kanishka_GlossBERT.jsonl	delta	hang__pst	hang	pst	198	169	29	0	12	4	2	hanged,hung	hanged	hung	0.0	fisher_exact	True	12	0	0	4	0	0	4		raw	raw_label	198	12	2.410290575096467	96	1	0.16666666666666666	0.25	0.06157468855006637	-0.012239580288522296	0.5590563071664943	1.0688738875344064	0.5230329917181167	3.868809222457797	5.951514365645148	0.6500545885918256	0.8080808080808081	0.8080808080808081	0.3343541323955634	0.48757942050921155	0
kanishka_GlossBERT	head_embed_cache_kanishka_GlossBERT.jsonl	delta	heave__pst	heave	pst	126	92	34	0	15	4	2	heaved,hove	heaved	hove	0.0	fisher_exact	True	15	2	0	2	2	0	2		conditioned-exclude	conditioned_exclude_label	92	4	1.9235779097042376	36	17	0.0	0.0	0.22062868455826634	0.14919705275606976	0.5092583701022664	1.069330635292556	0.47624032576504216	5.393086053935791	8.021655863851262	0.6723158092880996	0.7391304347826086	0.7391304347826086	0.4325842906370285	0.5070003033904956	0
kanishka_GlossBERT	head_embed_cache_kanishka_GlossBERT.jsonl	delta	heave__pst	heave	pst	126	92	34	0	15	4	2	heaved,hove	heaved	hove	0.0	fisher_exact	True	15	2	0	2	2	0	2		form	form_label	126	2	1.0	63	63	0.0	0.0	0.6724478727862898	0.4243361846190387	0.4654753739312609	1.4324155247510664	0.3249583419672542	5.4854839005630645	9.55303337155913	0.5742138321105635	1.0	1.0	1.0	1.0	0
kanishka_GlossBERT	head_embed_cache_kanishka_GlossBERT.jsonl	delta	heave__pst	heave	pst	126	92	34	0	15	4	2	heaved,hove	heaved	hove	0.0	fisher_exact	True	15	2	0	2	2	0	2		raw	raw_label	126	15	3.0756536995235515	36	1	0.26666666666666666	0.4	-0.1665102621009043	-0.05057444227301881	0.5187631288144479	1.0307679803570948	0.5032782728027018	5.435968687971792	7.91260681702207	0.6870009863598446	0.5714285714285714	0.5476190476190477	0.295551520796727	0.4521201474610303	0
kanishka_GlossBERT	head_embed_cache_kanishka_GlossBERT.jsonl	delta	kneel__pst	kneel	pst	200	200	0	0	2	2	2	kneeled,knelt	kneeled	knelt	0.2008	chi_sq	False	2	2	0	0	2	0	0		conditioned-exclude	conditioned_exclude_label	200	2	0.9927744539878083	110	90	0.0	0.0	0.007399621417868145	0.007099587113490673	0.9983868115177338	1.0053044658016395	0.9931188465591969	4.868183360195538	4.885030386781796	0.9965512954368014	0.55	0.55	0.005050249987374375	0.0036915009604562227	0
kanishka_GlossBERT	head_embed_cache_kanishka_GlossBERT.jsonl	delta	kneel__pst	kneel	pst	200	200	0	0	2	2	2	kneeled,knelt	kneeled	knelt	0.2008	chi_sq	False	2	2	0	0	2	0	0		form	form_label	200	2	1.0	100	100	0.0	0.0	0.7606935146621683	0.508449542979068	0.3839286730338446	1.613548846357851	0.2379405333160254	3.205875084790722	6.530547109166702	0.4909045185955012	1.0	1.0	1.0	1.0	0
kanishka_GlossBERT	head_embed_cache_kanishka_GlossBERT.jsonl	delta	kneel__pst	kneel	pst	200	200	0	0	2	2	2	kneeled,knelt	kneeled	knelt	0.2008	chi_sq	False	2	2	0	0	2	0	0		raw	raw_label	200	2	0.9927744539878083	110	90	0.0	0.0	0.007399621417868145	0.007099587113490673	0.9983868115177338	1.0053044658016395	0.9931188465591969	4.868183360195538	4.885030386781796	0.9965512954368014	0.55	0.55	0.005050249987374375	0.0036915009604562227	0
kanishka_GlossBERT	head_embed_cache_kanishka_GlossBERT.jsonl	delta	knit__ppt	knit	ppt	200	178	22	0	7	2	2	knit,knitted	knit	knitted	0.0041	fisher_exact	True	7	0	2	0	0	2	0		conditioned-exclude	conditioned_exclude_label	0	0		0	0															0
kanishka_GlossBERT	head_embed_cache_kanishka_GlossBERT.jsonl	delta	knit__ppt	knit	ppt	200	178	22	0	7	2	2	knit,knitted	knit	knitted	0.0041	fisher_exact	True	7	0	2	0	0	2	0		form	form_label	200	2	1.0	100	100	0.0	0.0	0.6425530840776983	0.3941407867229942	0.5211912784983785	1.4659869283983697	0.3555224595814057	3.227014615788516	5.320750970693892	0.6064960817678849	1.0	1.0	1.0	1.0	0
kanishka_GlossBERT	head_embed_cache_kanishka_GlossBERT.jsonl	delta	knit__ppt	knit	ppt	200	178	22	0	7	2	2	knit,knitted	knit	knitted	0.0041	fisher_exact	True	7	0	2	0	0	2	0		raw	raw_label	200	7	1.5863227789388623	110	1	0.14285714285714285	0.14285714285714285	-0.2942520527773402	-0.11903797060008085	0.968279181861797	1.015865536018132	0.95315683772199	4.226172549619998	4.317225556945493	0.9789093698894167	0.56	0.395	0.0506288578188083	0.16515315235897277	0
kanishka_GlossBERT	head_embed_cache_kanishka_GlossBERT.jsonl	delta	knit__pst	knit	pst	188	159	29	0	7	4	2	knit,knitted	knit	knitted	0.0	fisher_exact	True	7	1	3	0	1	3	0		conditioned-exclude	conditioned_exclude_label	18	1	-0.0	18	18	0.0	0.0													0
kanishka_GlossBERT	head_embed_cache_kanishka_GlossBERT.jsonl	delta	knit__pst	knit	pst	188	159	29	0	7	4	2	knit,knitted	knit	knitted	0.0	fisher_exact	True	7	1	3	0	1	3	0		form	form_label	188	2	1.0	94	94	0.0	0.0	0.6438666675618254	0.3947413947197012	0.5197637512659092	1.4685158322761107	0.35393813252956685	3.476580766266711	5.73388730288776	0.606321781824313	1.0	1.0	1.0	1.0	0
kanishka_GlossBERT	head_embed_cache_kanishka_GlossBERT.jsonl	delta	knit__pst	knit	pst	188	159	29	0	7	4	2	knit,knitted	knit	knitted	0.0	fisher_exact	True	7	1	3	0	1	3	0		raw	raw_label	188	7	2.2898835660380508	86	6	0.0	0.0	-0.13464423590622987	-0.07620869057711678	0.9467802194591721	1.0149769312160313	0.9328095943272784	4.496336398062094	4.6534234101050425	0.9662426995785878	0.5425531914893617	0.3670212765957447	0.1641149233454956	0.28396678989955576	0
kanishka_GlossBERT	head_embed_cache_kanishka_GlossBERT.jsonl	delta	know__pst	know	pst	197	189	8	0	6	3	2	knew,knowed	knew	knowed	0.002	fisher_exact	True	6	1	2	0	1	2	0		conditioned-exclude	conditioned_exclude_label	49	1	-0.0	49	49	0.0	0.0													0
kanishka_GlossBERT	head_embed_cache_kanishka_GlossBERT.jsonl	delta	know__pst	know	pst	197	189	8	0	6	3	2	knew,knowed	knew	knowed	0.002	fisher_exact	True	6	1	2	0	1	2	0		form	form_label	197	2	0.9999814128006821	99	98	0.0	0.0	0.5370090525867058	0.31018775960315376	0.6239746112380962	1.3554619560735002	0.46034092542562	4.18432958099116	6.0803585970285035	0.6881715139360464	1.0	1.0	1.0	1.0	0
kanishka_GlossBERT	head_embed_cache_kanishka_GlossBERT.jsonl	delta	know__pst	know	pst	197	189	8	0	6	3	2	knew,knowed	knew	knowed	0.002	fisher_exact	True	6	1	2	0	1	2	0		raw	raw_label	197	6	1.6746332036712905	105	2	0.0	0.3333333333333333	-0.1770522863178558	-0.09150895129312527	0.9760798154498769	1.0008703306633062	0.9752310419702421	4.9119782028139625	5.272240838156905	0.9316680238247833	0.47715736040609136	0.45685279187817257	0.09826530845272531	0.14738653655542294	0
kanishka_GlossBERT	head_embed_cache_kanishka_GlossBERT.jsonl	delta	lay__ppt	lay	ppt	200	157	43	0	15	4	2	laid,lain	laid	lain	0.0	fisher_exact	True	15	1	1	2	1	1	2		conditioned-exclude	conditioned_exclude_label	111	4	1.431335590566142	70	3	0.0	0.0	0.3433724633729339	0.22964588658383742	0.5033175806874208	1.1067883155501388	0.45475505443626085	4.7284415077171476	7.484416021321833	0.6317716030544827	0.9369369369369369	0.9369369369369369	0.46866474948237874	0.6428222752822184	0
kanishka_GlossBERT	head_embed_cache_kanishka_GlossBERT.jsonl	delta	lay__ppt	lay	ppt	200	157	43	0	15	4	2	laid,lain	laid	lain	0.0	fisher_exact	True	15	1	1	2	1	1	2		form	form_label	200	2	1.0	100	100	0.0	0.0	0.5510789029882104	0.3244787085367489	0.5847179486517704	1.308730285990044	0.44678262198955376	5.4836328513811345	8.119593358168373	0.6753580640666639	1.0	1.0	1.0	1.0	0
kanishka_GlossBERT	head_embed_cache_kanishka_GlossBERT.jsonl	delta	lay__ppt	lay	ppt	200	157	43	0	15	4	2	laid,lain	laid	lain	0.0	fisher_exact	True	15	1	1	2	1	1	2		raw	raw_label	200	15	2.791926912298905	73	1	0.26666666666666666	0.3333333333333333	-0.13331267762935814	-0.10121895198915622	0.6490849069759939	1.0267288171617157	0.6321872885289429	5.4254868497627635	7.169258110857692	0.7567710306797264	0.665	0.655	0.1871241340580084	0.35651706803967065	0
kanishka_GlossBERT	head_embed_cache_kanishka_GlossBERT.jsonl	delta	lay__pst	lay	pst	196	162	34	0	17	5	2	laid,lay	laid	lay	0.0	fisher_exact	True	17	0	1	4	0	1	4		conditioned-exclude	conditioned_exclude_label	91	5	1.998985190670653	32	1	0.2	0.2	0.15064508967229248	0.014217183044643459	0.6128745560900538	0.9698979730384796	0.6318959036176259	3.0142380355396394	3.7848016901528263	0.79640580466395	0.8901098901098901	0.8681318681318682	0.5124756481342725	0.581541813660842	0
kanishka_GlossBERT	head_embed_cache_kanishka_GlossBERT.jsonl	delta	lay__pst	lay	pst	196	162	34	0	17	5	2	laid,lay	laid	lay	0.0	fisher_exact	True	17	0	1	4	0	1	4		form	form_label	196	2	0.9996995428565171	100	96	0.0	0.0	0.415867410486167	0.2177377583944281	0.6954668099597981	1.1956937661546723	0.5816429169789902	3.2182245196474017	4.09941237931584	0.7850453240287327	1.0	1.0	1.0	1.0	0
kanishka_GlossBERT	head_embed_cache_kanishka_GlossBERT.jsonl	delta	lay__pst	lay	pst	196	162	34	0	17	5	2	laid,lay	laid	lay	0.0	fisher_exact	True	17	0	1	4	0	1	4		raw	raw_label	196	17	2.8975064022045585	71	1	0.35294117647058826	0.5294117647058824	-0.10061589100754098	-0.1244225809073336	0.7612338779709802	0.9907373806753499	0.768350819116237	3.3263422601726416	3.7401999395731904	0.8893487818601014	0.6836734693877551	0.6632653061224489	0.22805338668693742	0.3470506215059257	0
kanishka_GlossBERT	head_embed_cache_kanishka_GlossBERT.jsonl	delta	lead__ppt	lead	ppt	198	182	16	0	6	3	2	lead,led	lead	led	0.0	fisher_exact	True	6	1	2	0	1	2	0		conditioned-exclude	conditioned_exclude_label	50	1	-0.0	50	50	0.0	0.0													0
kanishka_GlossBERT	head_embed_cache_kanishka_GlossBERT.jsonl	delta	lead__ppt	lead	ppt	198	182	16	0	6	3	2	lead,led	lead	led	0.0	fisher_exact	True	6	1	2	0	1	2	0		form	form_label	198	2	0.999926399368686	100	98	0.0	0.0	0.38394913963262256	0.1948564387073655	0.7524311257623694	1.2304057540587614	0.6115308899363575	2.6117777243170366	3.2255266070908126	0.8097213393234625	1.0	1.0	1.0	1.0	0
kanishka_GlossBERT	head_embed_cache_kanishka_GlossBERT.jsonl	delta	lead__ppt	lead	ppt	198	182	16	0	6	3	2	lead,led	lead	led	0.0	fisher_exact	True	6	1	2	0	1	2	0		raw	raw_label	198	6	1.9406797937509739	83	3	0.0	0.0	-0.04586821809722644	-0.0692253344623709	0.9493013044696553	1.0111308990506542	0.9388510482282261	2.717532688986293	3.0068591879056554	0.9037778356621733	0.48484848484848486	0.4797979797979798	0.17055509939742874	0.18171703252298996	0
kanishka_GlossBERT	head_embed_cache_kanishka_GlossBERT.jsonl	delta	lead__pst	lead	pst	200	191	9	0	8	5	2	lead,led	lead	led	0.0935	fisher_exact	False	8	4	1	0	4	1	0		conditioned-exclude	conditioned_exclude_label	171	4	1.8995310797057041	71	28	0.0	0.0	-0.0449220082236033	-0.029050545423746407	0.9918046686054763	0.9972394275749682	0.9945501964531148	2.7901456076187205	2.979784911881904	0.9363580560774718	0.27485380116959063	0.22807017543859648	0.05132911338489054	0.10415963670892776	0
kanishka_GlossBERT	head_embed_cache_kanishka_GlossBERT.jsonl	delta	lead__pst	lead	pst	200	191	9	0	8	5	2	lead,led	lead	led	0.0935	fisher_exact	False	8	4	1	0	4	1	0		form	form_label	200	2	1.0	100	100	0.0	0.0	0.4470751059567391	0.2377182523425114	0.7045234171058663	1.2824019004560971	0.5493780201474253	2.6291279466288646	3.4285783542346033	0.7668274354534306	1.0	1.0	1.0	1.0	0
kanishka_GlossBERT	head_embed_cache_kanishka_GlossBERT.jsonl	delta	lead__pst	lead	pst	200	191	9	0	8	5	2	lead,led	lead	led	0.0935	fisher_exact	False	8	4	1	0	4	1	0		raw	raw_label	200	8	2.405949678185288	71	1	0.125	0.25	-0.19403129923677137	-0.05982606814139503	0.9880757354741331	0.9968181841138067	0.9912296457077115	2.8066654402879125	3.0932658098030617	0.9073469959785331	0.13	0.175	0.055268726164188604	0.10159554786701963	0
kanishka_GlossBERT	head_embed_cache_kanishka_GlossBERT.jsonl	delta	leap__ppt	leap	ppt	199	193	6	0	4	3	2	leaped,leapt	leaped	leapt	0.7849	fisher_exact	False	4	3	0	0	3	0	0		conditioned-exclude	conditioned_exclude_label	193	3	1.4136787816545873	110	38	0.0	0.0	-0.02666951351425242	0.02094722730493294	1.0056682925719536	0.9991588088828883	1.0065149640189262	1.9307366492663602	2.100770628848635	0.9190611401133949	0.3471502590673575	0.38860103626943004	0.10827251290016701	0.12386646632465617	0
kanishka_GlossBERT	head_embed_cache_kanishka_GlossBERT.jsonl	delta	leap__ppt	leap	ppt	199	193	6	0	4	3	2	leaped,leapt	leaped	leapt	0.7849	fisher_exact	False	4	3	0	0	3	0	0		form	form_label	199	2	0.9999817845368457	100	99	0.0	0.0	0.6417162753125696	0.38633605556752915	0.5255960308839978	1.4736082603994167	0.35667283158519797	1.551518737046851	2.521192788306138	0.6153907564082944	1.0	1.0	1.0	1.0	0
kanishka_GlossBERT	head_embed_cache_kanishka_GlossBERT.jsonl	delta	leap__ppt	leap	ppt	199	193	6	0	4	3	2	leaped,leapt	leaped	leapt	0.7849	fisher_exact	False	4	3	0	0	3	0	0		raw	raw_label	199	4	1.566202618846508	110	6	0.0	0.0	-0.0880791925166908	0.0028082718708354174	1.0057424859347965	0.9995711041417363	1.006174029808874	1.93148559039446	2.107685467846177	0.9164012467041518	0.12562814070351758	0.1306532663316583	0.034550309740322	0.040006232260366745	0
kanishka_GlossBERT	head_embed_cache_kanishka_GlossBERT.jsonl	delta	leap__pst	leap	pst	199	196	3	0	4	3	2	leaped,leapt	leaped	leapt	0.2713	fisher_exact	False	4	3	0	0	3	0	0		conditioned-exclude	conditioned_exclude_label	196	3	0.8545657618096906	161	16	0.0	0.0	-0.06479313422159248	0.019456623689223015	1.003339298800698	1.001068601736611	1.002268273183424	1.8179307611685558	1.9860831841095332	0.9153346525028009	0.4489795918367347	0.4387755102040816	0.04024977100778574	0.024266338168443383	0
kanishka_GlossBERT	head_embed_cache_kanishka_GlossBERT.jsonl	delta	leap__pst	leap	pst	199	196	3	0	4	3	2	leaped,leapt	leaped	leapt	0.2713	fisher_exact	False	4	3	0	0	3	0	0		form	form_label	199	2	0.9999817845368457	100	99	0.0	0.0	0.6471488635189817	0.3926766557995672	0.5197772064744	1.480600791029258	0.35105830661691756	1.4113287212373056	2.3168611181368046	0.6091555122528368	1.0	1.0	1.0	1.0	0
kanishka_GlossBERT	head_embed_cache_kanishka_GlossBERT.jsonl	delta	leap__pst	leap	pst	199	196	3	0	4	3	2	leaped,leapt	leaped	leapt	0.2713	fisher_exact	False	4	3	0	0	3	0	0		raw	raw_label	199	4	0.9544983510258352	161	3	0.0	0.0	-0.2441754400935606	-0.13502757615657485	1.0031998305633347	1.0013987534861155	1.0017985613332843	1.817754092868289	1.964496008419544	0.9253030217814948	0.40703517587939697	0.3969849246231156	0.13264152036534455	0.1313430096657268	0
kanishka_GlossBERT	head_embed_cache_kanishka_GlossBERT.jsonl	delta	learn__ppt	learn	ppt	198	181	17	0	6	3	2	learned,learnt	learned	learnt	0.0303	fisher_exact	True	6	3	0	0	3	0	0		conditioned-exclude	conditioned_exclude_label	181	3	1.4210386787869993	92	25	0.0	0.0	-0.029386034837615153	-0.011170892693323282	0.9882602816086125	1.00978932005603	0.9786796730567294	4.341432564661239	4.441465751358862	0.9774774382382622	0.4419889502762431	0.3812154696132597	0.013817003506722733	0.008124068675683369	0
kanishka_GlossBERT	head_embed_cache_kanishka_GlossBERT.jsonl	delta	learn__ppt	learn	ppt	198	181	17	0	6	3	2	learned,learnt	learned	learnt	0.0303	fisher_exact	True	6	3	0	0	3	0	0		form	form_label	198	2	0.999926399368686	100	98	0.0	0.0	0.7503753726944589	0.47128805731148227	0.39714995186004876	1.6017805939359824	0.24794279151812565	3.068275037486749	5.805037482017461	0.5285538718727467	1.0	1.0	1.0	1.0	0
kanishka_GlossBERT	head_embed_cache_kanishka_GlossBERT.jsonl	delta	learn__ppt	learn	ppt	198	181	17	0	6	3	2	learned,learnt	learned	learnt	0.0303	fisher_exact	True	6	3	0	0	3	0	0		raw	raw_label	198	6	1.8291297808422493	92	1	0.16666666666666666	0.16666666666666666	-0.3351388069264002	-0.21259440330949508	0.9867358577900437	1.0104291804871588	0.9765512287702421	4.341963737239741	4.494893376077688	0.9659770263624371	0.3181818181818182	0.32323232323232326	0.016515427940134813	0.03562588611107248	0
kanishka_GlossBERT	head_embed_cache_kanishka_GlossBERT.jsonl	delta	learn__pst	learn	pst	198	196	2	0	5	4	2	learned,learnt	learned	learnt	0.0124	fisher_exact	True	5	3	1	0	3	1	0		conditioned-exclude	conditioned_exclude_label	174	3	1.3841346159601868	89	20	0.0	0.0	-0.09211414150536927	-0.014625906772642243	0.9965308650836519	1.0020303787203777	0.9945116298332702	4.2236261982236	4.4534946726073406	0.9483846975729822	0.26436781609195403	0.21264367816091953	0.0029322594479474955	0.007254937708666767	0
kanishka_GlossBERT	head_embed_cache_kanishka_GlossBERT.jsonl	delta	learn__pst	learn	pst	198	196	2	0	5	4	2	learned,learnt	learned	learnt	0.0124	fisher_exact	True	5	3	1	0	3	1	0		form	form_label	198	2	0.999926399368686	100	98	0.0	0.0	0.7408200440325592	0.4687047504716434	0.4078766207695975	1.591521095107957	0.25628100188136693	3.0187930157168883	5.683587198300603	0.5311422012878609	1.0	1.0	1.0	1.0	0
kanishka_GlossBERT	head_embed_cache_kanishka_GlossBERT.jsonl	delta	learn__pst	learn	pst	198	196	2	0	5	4	2	learned,learnt	learned	learnt	0.0124	fisher_exact	True	5	3	1	0	3	1	0		raw	raw_label	198	5	1.7993554043693738	89	2	0.0	0.2	-0.2929100567454561	-0.14995572569832913	0.9921617448797732	1.0077829197361101	0.9844994645668064	4.212356586725897	4.429163057030193	0.9510502396248046	0.31313131313131315	0.20707070707070707	0.02630881289244709	0.06529131681324865	0
kanishka_GlossBERT	head_embed_cache_kanishka_GlossBERT.jsonl	delta	light__ppt	light	ppt	200	181	19	0	8	2	2	lighted,lit	lighted	lit	0.0007	fisher_exact	True	8	2	0	0	2	0	0		conditioned-exclude	conditioned_exclude_label	181	2	0.9920366649222823	100	81	0.0	0.0	0.0033604306392600964	0.002675441455454903	0.9960019237864229	0.9988382773014484	0.9971603475963212	2.8394387280266904	2.805071722202122	1.012251738717607	0.5359116022099447	0.5359116022099447	-0.0037128240369564388	-0.0037472301965752624	0
kanishka_GlossBERT	head_embed_cache_kanishka_GlossBERT.jsonl	delta	light__ppt	light	ppt	200	181	19	0	8	2	2	lighted,lit	lighted	lit	0.0007	fisher_exact	True	8	2	0	0	2	0	0		form	form_label	200	2	1.0	100	100	0.0	0.0	0.5340076659003599	0.3004305662562785	0.629712500712526	1.359982422248547	0.46302988215934554	2.3615852681698075	3.3618969857125878	0.7024561663269542	1.0	1.0	1.0	1.0	0
kanishka_GlossBERT	head_embed_cache_kanishka_GlossBERT.jsonl	delta	light__ppt	light	ppt	200	181	19	0	8	2	2	lighted,lit	lighted	lit	0.0007	fisher_exact	True	8	2	0	0	2	0	0		raw	raw_label	200	8	1.564208781564072	100	1	0.25	0.375	-0.33734250212806866	-0.12767872926001428	0.9942714569039525	0.998380749165265	0.9958840429718339	2.8382191912030605	2.8825962453414804	0.9846051786787217	0.19	0.31	0.04617973558708586	0.099124598306644	0
kanishka_GlossBERT	head_embed_cache_kanishka_GlossBERT.jsonl	delta	light__pst	light	pst	200	174	26	0	11	3	2	lighted,lit	lighted	lit	0.0	fisher_exact	True	11	2	1	0	2	1	0		conditioned-exclude	conditioned_exclude_label	126	2	0.8049277932345738	95	31	0.0	0.0	0.00020857084096622297	0.01334416400582193	0.9966286418375404	0.997342642641857	0.9992840967850073	2.4268589530365277	2.467007994848217	0.983725613416928	0.6111111111111112	0.6111111111111112	-0.0059750695374472034	-0.005389374280532218	0
kanishka_GlossBERT	head_embed_cache_kanishka_GlossBERT.jsonl	delta	light__pst	light	pst	200	174	26	0	11	3	2	lighted,lit	lighted	lit	0.0	fisher_exact	True	11	2	1	0	2	1	0		form	form_label	200	2	1.0	100	100	0.0	0.0	0.5097981195244001	0.28486649612859577	0.6507381452293128	1.334825203477226	0.48750813479857646	2.2503815809811987	3.134488122379958	0.7179422901346094	1.0	1.0	1.0	1.0	0
kanishka_GlossBERT	head_embed_cache_kanishka_GlossBERT.jsonl	delta	light__pst	light	pst	200	174	26	0	11	3	2	lighted,lit	lighted	lit	0.0	fisher_exact	True	11	2	1	0	2	1	0		raw	raw_label	200	11	2.154803285379464	95	1	0.2727272727272727	0.2727272727272727	-0.27546073163070306	-0.08266618162321286	0.9824189808633632	0.9998459128263621	0.9825703823564808	2.493052939618915	2.7838550110234555	0.8955397927503308	0.235	0.265	0.186085756707853	0.3012036988204123	0
kanishka_GlossBERT	head_embed_cache_kanishka_GlossBERT.jsonl	delta	plead__ppt	plead	ppt	199	177	22	0	9	2	2	pleaded,pled	pleaded	pled	0.001	fisher_exact	True	9	1	0	1	1	0	1		conditioned-exclude	conditioned_exclude_label	177	3	0.6770764657791616	152	4	0.0	0.0	-0.24209817919796003	-0.10562245203729981	0.9872855651891541	1.0281766014638252	0.9602295595752188	7.322080680867238	7.705573397916771	0.9502317741657991	0.4519774011299435	0.192090395480226	-0.03503857349007504	0.13358108212614822	0
kanishka_GlossBERT	head_embed_cache_kanishka_GlossBERT.jsonl	delta	plead__ppt	plead	ppt	199	177	22	0	9	2	2	pleaded,pled	pleaded	pled	0.001	fisher_exact	True	9	1	0	1	1	0	1		form	form_label	199	2	0.9999817845368457	100	99	0.0	0.0	0.7341638414368364	0.4940905927109878	0.4095724689711809	1.5806820471713796	0.2591112296771563	4.937623887366695	9.848087029022873	0.501378985869564	1.0	1.0	1.0	1.0	0
kanishka_GlossBERT	head_embed_cache_kanishka_GlossBERT.jsonl	delta	plead__ppt	plead	ppt	199	177	22	0	9	2	2	pleaded,pled	pleaded	pled	0.001	fisher_exact	True	9	1	0	1	1	0	1		raw	raw_label	199	9	1.316244945976663	152	1	0.1111111111111111	0.3333333333333333	-0.39475722611097375	-0.20109867382357546	0.9914620549679067	1.007952818897533	0.983639349361944	7.332753072052343	7.51354165007416	0.9759383009449302	0.33668341708542715	0.12060301507537688	0.1623019343761771	0.33541601850835795	0
kanishka_GlossBERT	head_embed_cache_kanishka_GlossBERT.jsonl	delta	plead__pst	plead	pst	199	192	7	0	7	2	2	pleaded,pled	pleaded	pled	0.0001	fisher_exact	True	7	1	0	1	1	0	1		conditioned-exclude	conditioned_exclude_label	192	3	0.712611304724228	163	5	0.0	0.0	-0.1662031802517336	-0.03424959146870446	0.9834332627552854	1.035702126599234	0.9495329182961365	7.244696746856994	7.669988337757192	0.9445512076196247	0.6145833333333334	0.6197916666666666	-0.015373959255520804	0.16367760122025765	0
kanishka_GlossBERT	head_embed_cache_kanishka_GlossBERT.jsonl	delta	plead__pst	plead	pst	199	192	7	0	7	2	2	pleaded,pled	pleaded	pled	0.0001	fisher_exact	True	7	1	0	1	1	0	1		form	form_label	199	2	0.9999817845368457	100	99	0.0	0.0	0.7344025390277028	0.49393405413865776	0.40879767979855164	1.5800200477556618	0.2587294258571136	4.900742802315275	9.76244243718512	0.5019996618518698	1.0	1.0	1.0	1.0	0
kanishka_GlossBERT	head_embed_cache_kanishka_GlossBERT.jsonl	delta	plead__pst	plead	pst	199	192	7	0	7	2	2	pleaded,pled	pleaded	pled	0.0001	fisher_exact	True	7	1	0	1	1	0	1		raw	raw_label	199	7	0.8892671431649289	163	1	0.42857142857142855	0.7142857142857143	-0.4405796241973961	-0.2594401007664207	0.9885507350185292	1.0170214249834906	0.9720058110226896	7.264480471022474	7.521102896968442	0.9658796815491774	0.5527638190954773	0.1306532663316583	0.21590647162736554	0.3690002286192446	0
kanishka_GlossBERT	head_embed_cache_kanishka_GlossBERT.jsonl	delta	prove__ppt	prove	ppt	199	193	6	0	5	3	2	proved,proven	proved	proven	0.0092	fisher_exact	True	5	1	2	0	1	2	0		conditioned-exclude	conditioned_exclude_label	38	1	-0.0	38	38	0.0	0.0													0
kanishka_GlossBERT	head_embed_cache_kanishka_GlossBERT.jsonl	delta	prove__ppt	prove	ppt	199	193	6	0	5	3	2	proved,proven	proved	proven	0.0092	fisher_exact	True	5	1	2	0	1	2	0		form	form_label	199	2	0.9999817845368457	100	99	0.0	0.0	0.5352600552295524	0.3090139189135057	0.6322069353748255	1.3642986631034555	0.46339335548178645	2.5404383242618707	3.675897974282301	0.6911068647812179	1.0	1.0	1.0	1.0	0
kanishka_GlossBERT	head_embed_cache_kanishka_GlossBERT.jsonl	delta	prove__ppt	prove	ppt	199	193	6	0	5	3	2	proved,proven	proved	proven	0.0092	fisher_exact	True	5	1	2	0	1	2	0		raw	raw_label	199	5	1.6396834687515796	100	1	0.2	0.2	-0.1515285883242531	-0.07312044439362639	0.9821157604737525	1.0103284858174533	0.9720756904910248	3.0984735167963473	3.118165957414569	0.9936846079114565	0.4623115577889447	0.4020100502512563	0.32212303110373625	0.34379543508444554	0
kanishka_GlossBERT	head_embed_cache_kanishka_GlossBERT.jsonl	delta	ring__ppt	ring	ppt	200	151	49	0	18	3	2	ringed,rung	ringed	rung	0.0	fisher_exact	True	18	0	0	3	0	0	3		conditioned-exclude	conditioned_exclude_label	151	3	1.3195617324326887	91	18	0.0	0.0	0.4697009316269056	0.27284983261693097	0.43736215435037656	1.3049005326853635	0.3351689599285595	4.742524762955098	7.617877722721427	0.6225519673031543	0.9735099337748344	0.9735099337748344	0.5642101141887389	0.6879465443917867	0
kanishka_GlossBERT	head_embed_cache_kanishka_GlossBERT.jsonl	delta	ring__ppt	ring	ppt	200	151	49	0	18	3	2	ringed,rung	ringed	rung	0.0	fisher_exact	True	18	0	0	3	0	0	3		form	form_label	200	2	1.0	100	100	0.0	0.0	0.6684007791332242	0.41880831857371137	0.46960236609670325	1.421859881164848	0.33027330774111513	4.8236982943557125	8.306474312998855	0.5807154892187021	1.0	1.0	1.0	1.0	0
kanishka_GlossBERT	head_embed_cache_kanishka_GlossBERT.jsonl	delta	ring__ppt	ring	ppt	200	151	49	0	18	3	2	ringed,rung	ringed	rung	0.0	fisher_exact	True	18	0	0	3	0	0	3		raw	raw_label	200	18	2.6489532526715847	91	1	0.2222222222222222	0.5555555555555556	0.032259681551360254	0.0021530509444329226	0.4380474689456325	1.1295938379323986	0.38779201358554843	4.748804630765771	7.223129749438019	0.6574441821615127	0.815	0.825	0.19954027843041555	0.4376520683468532	0
kanishka_GlossBERT	head_embed_cache_kanishka_GlossBERT.jsonl	delta	see__ppt	see	ppt	199	195	4	0	8	5	2	saw,seen	saw	seen	0.0008	fisher_exact	True	8	3	1	1	3	1	1		conditioned-exclude	conditioned_exclude_label	108	5	1.9809080920530442	37	2	0.0	0.2	-0.13164021933781764	-0.09309081411165708	0.9723708338235053	0.9898336440958643	0.9823578331808372	2.8841134789976475	2.8956508056372186	0.996015636064573	0.18518518518518517	0.32407407407407407	0.01147544905375693	0.07136695433515042	0
kanishka_GlossBERT	head_embed_cache_kanishka_GlossBERT.jsonl	delta	see__ppt	see	ppt	199	195	4	0	8	5	2	saw,seen	saw	seen	0.0008	fisher_exact	True	8	3	1	1	3	1	1		form	form_label	199	2	0.9999817845368457	100	99	0.0	0.0	0.41342071160704036	0.2083805426959321	0.7297266582892522	1.2560414421453374	0.5809733929183645	2.6657844571908162	3.3370684133576742	0.7988402175155201	1.0	1.0	1.0	1.0	0
kanishka_GlossBERT	head_embed_cache_kanishka_GlossBERT.jsonl	delta	see__ppt	see	ppt	199	195	4	0	8	5	2	saw,seen	saw	seen	0.0008	fisher_exact	True	8	3	1	1	3	1	1		raw	raw_label	199	8	2.1725562040364252	87	1	0.25	0.375	-0.24905125565257563	-0.25130053453234547	0.9805757567826561	0.999287921144491	0.9812745016067003	3.0618336825853123	2.981222253176555	1.027039724838651	0.23618090452261306	0.32160804020100503	-0.012560931787185632	0.03822239703638169	0
kanishka_GlossBERT	head_embed_cache_kanishka_GlossBERT.jsonl	delta	see__pst	see	pst	198	181	17	0	7	4	2	saw,seen	saw	seen	0.0	fisher_exact	True	7	2	2	0	2	2	0		conditioned-exclude	conditioned_exclude_label	48	2	0.8960382325345574	33	15	0.0	0.0	0.02239510425558247	0.006802232182806407	0.9673650536912903	0.9809361005589876	0.9861652080497764	3.6417796240453097	3.6283831597173406	1.0036921305546498	0.6041666666666666	0.6041666666666666	0.024742035098290278	0.03709482836203504	0
kanishka_GlossBERT	head_embed_cache_kanishka_GlossBERT.jsonl	delta	see__pst	see	pst	198	181	17	0	7	4	2	saw,seen	saw	seen	0.0	fisher_exact	True	7	2	2	0	2	2	0		form	form_label	198	2	1.0	99	99	0.0	0.0	0.5329857944332922	0.29326772022801734	0.6219154331383505	1.3440784997704158	0.4627076716460987	2.940882567620577	4.123406020336552	0.7132168292708032	1.0	1.0	1.0	1.0	0
kanishka_GlossBERT	head_embed_cache_kanishka_GlossBERT.jsonl	delta	see__pst	see	pst	198	181	17	0	7	4	2	saw,seen	saw	seen	0.0	fisher_exact	True	7	2	2	0	2	2	0		raw	raw_label	198	7	2.0003727600551207	102	1	0.14285714285714285	0.2857142857142857	-0.24166943871163657	-0.1897092564490246	0.959300203613701	0.9971291838203649	0.9620621070765102	3.498487106093923	3.5528064379753697	0.9847108665136282	0.3383838383838384	0.20707070707070707	0.02004357058143448	0.05191836093168471	0
kanishka_GlossBERT	head_embed_cache_kanishka_GlossBERT.jsonl	delta	sew__ppt	sew	ppt	199	191	8	0	6	4	2	sewed,sewn	sewed	sewn	0.0	fisher_exact	True	6	2	1	1	2	1	1		conditioned-exclude	conditioned_exclude_label	138	4	1.3194303380904073	88	1	0.25	0.25	-0.29928987985314714	-0.11120894087409434	0.9630536702708015	0.9954226936765955	0.9674821323530017	3.0858350780904926	3.074799140590332	1.003589157208507	0.39855072463768115	0.3188405797101449	0.11271065739756744	0.1737653774254302	0
kanishka_GlossBERT	head_embed_cache_kanishka_GlossBERT.jsonl	delta	sew__ppt	sew	ppt	199	191	8	0	6	4	2	sewed,sewn	sewed	sewn	0.0	fisher_exact	True	6	2	1	1	2	1	1		form	form_label	199	2	0.9999817845368457	100	99	0.0	0.0	0.6474742385636933	0.3960141938239724	0.5154754473414449	1.4732315191663274	0.34989439245308995	2.40196442375896	3.972791545147179	0.60460368898363	1.0	1.0	1.0	1.0	0
kanishka_GlossBERT	head_embed_cache_kanishka_GlossBERT.jsonl	delta	sew__ppt	sew	ppt	199	191	8	0	6	4	2	sewed,sewn	sewed	sewn	0.0	fisher_exact	True	6	2	1	1	2	1	1		raw	raw_label	199	6	1.9885761744531139	88	4	0.0	0.0	-0.21853806022772598	-0.09323241005077795	0.9415875999121569	1.0202437684678223	0.9229045342038312	3.095715968107692	3.2320202829299656	0.9578268999293816	0.40703517587939697	0.3065326633165829	0.16517313155571867	0.1878176129593268	0
kanishka_GlossBERT	head_embed_cache_kanishka_GlossBERT.jsonl	delta	shake__ppt	shake	ppt	199	151	48	0	14	3	2	shaken,shook	shaken	shook	0.0	fisher_exact	True	14	2	0	1	2	0	1		conditioned-exclude	conditioned_exclude_label	151	4	1.3004169799446244	100	1	0.25	0.25	-0.19958710956033737	-0.1791779054216605	0.9424103862525989	1.016227555632704	0.9273615747074024	4.341020218556933	4.216779731860589	1.0294633570156924	0.4900662251655629	0.4900662251655629	0.09282266333665601	0.1529537962002536	0
kanishka_GlossBERT	head_embed_cache_kanishka_GlossBERT.jsonl	delta	shake__ppt	shake	ppt	199	151	48	0	14	3	2	shaken,shook	shaken	shook	0.0	fisher_exact	True	14	2	0	1	2	0	1		form	form_label	199	2	0.9999817845368457	100	99	0.0	0.0	0.5582450525382306	0.32124597646602765	0.6013797176674321	1.3732039098826951	0.4379391242184888	3.398777841129509	5.032750893587481	0.6753320227830247	1.0	1.0	1.0	1.0	0
kanishka_GlossBERT	head_embed_cache_kanishka_GlossBERT.jsonl	delta	shake__ppt	shake	ppt	199	151	48	0	14	3	2	shaken,shook	shaken	shook	0.0	fisher_exact	True	14	2	0	1	2	0	1		raw	raw_label	199	14	2.49894562246034	100	1	0.07142857142857142	0.2857142857142857	-0.26516674342437746	-0.21381873191725823	0.9413196416295042	1.0088280854111036	0.9330823112898475	4.3195392940138815	4.179102434913531	1.033604550567389	0.3869346733668342	0.36683417085427134	0.03830277975346964	0.18888945122830328	0
kanishka_GlossBERT	head_embed_cache_kanishka_GlossBERT.jsonl	delta	shine__ppt	shine	ppt	200	152	48	0	14	5	2	shined,shone	shined	shone	0.0	fisher_exact	True	14	2	1	2	2	1	2		conditioned-exclude	conditioned_exclude_label	125	5	2.082330182273108	38	3	0.0	0.0	-0.04063984795224662	-0.06028340694057626	0.7089319167462423	1.0660790612315867	0.6649900017051733	3.7670099813862685	4.7570043109863365	0.7918870228236563	0.592	0.496	0.3317511112299765	0.43351741673994687	0
kanishka_GlossBERT	head_embed_cache_kanishka_GlossBERT.jsonl	delta	shine__ppt	shine	ppt	200	152	48	0	14	5	2	shined,shone	shined	shone	0.0	fisher_exact	True	14	2	1	2	2	1	2		form	form_label	200	2	1.0	100	100	0.0	0.0	0.6320900261237737	0.3851120052300482	0.5305142289611895	1.4471728435734847	0.3665866391268079	3.3725776473833045	5.489267284313369	0.6143948677851941	1.0	1.0	1.0	1.0	0
kanishka_GlossBERT	head_embed_cache_kanishka_GlossBERT.jsonl	delta	shine__ppt	shine	ppt	200	152	48	0	14	5	2	shined,shone	shined	shone	0.0	fisher_exact	True	14	2	1	2	2	1	2		raw	raw_label	200	14	3.2207250530792884	38	1	0.07142857142857142	0.14285714285714285	-0.28106676947490566	-0.1701974823234858	0.7792567166444841	1.021368030449341	0.7629538945933696	3.831522998710034	4.522490148336741	0.8472153333753911	0.405	0.3	0.33089923075804534	0.3908794026797717	0
kanishka_GlossBERT	head_embed_cache_kanishka_GlossBERT.jsonl	delta	shine__pst	shine	pst	200	150	50	0	12	5	2	shined,shone	shined	shone	0.0	fisher_exact	True	12	2	2	1	2	2	1		conditioned-exclude	conditioned_exclude_label	58	4	1.7881154191537951	21	3	0.0	0.0	-0.0801140902728155	-0.015847031269791565	0.8085444252280438	1.0679559883588743	0.7570952680086867	3.8855680756726687	4.526394320336886	0.8584245650483844	0.5344827586206896	0.5172413793103449	0.19686003104363356	0.2958871329326431	0
kanishka_GlossBERT	head_embed_cache_kanishka_GlossBERT.jsonl	delta	shine__pst	shine	pst	200	150	50	0	12	5	2	shined,shone	shined	shone	0.0	fisher_exact	True	12	2	2	1	2	2	1		form	form_label	200	2	1.0	100	100	0.0	0.0	0.648978505717142	0.4002039591779748	0.5129965565190451	1.4675768321300828	0.349553457977711	3.395625986634531	5.675920759849218	0.5982511261705381	1.0	1.0	1.0	1.0	0
kanishka_GlossBERT	head_embed_cache_kanishka_GlossBERT.jsonl	delta	shine__pst	shine	pst	200	150	50	0	12	5	2	shined,shone	shined	shone	0.0	fisher_exact	True	12	2	2	1	2	2	1		raw	raw_label	200	12	3.0701172563259624	52	2	0.0	0.08333333333333333	-0.29381047902150015	-0.16374179351092852	0.8848809542550476	1.0108973570489812	0.8753420395105181	4.171240758890194	4.604054067411057	0.9059930004765906	0.38	0.32	0.18130216130333404	0.28413023913221	0
kanishka_GlossBERT	head_embed_cache_kanishka_GlossBERT.jsonl	delta	show__ppt	show	ppt	200	149	51	0	12	2	2	showed,shown	showed	shown	0.0	fisher_exact	True	12	2	0	0	2	0	0		conditioned-exclude	conditioned_exclude_label	149	2	0.9137564309378818	100	49	0.0	0.0	0.0026839648953655786	0.03755479299376557	0.9932739700476152	0.9935480551465319	0.9997241350355457	2.3478651134452693	2.4923382010584447	0.942033112700427	0.5637583892617449	0.5771812080536913	-0.0041904261963800985	-0.0045577365728195025	0
kanishka_GlossBERT	head_embed_cache_kanishka_GlossBERT.jsonl	delta	show__ppt	show	ppt	200	149	51	0	12	2	2	showed,shown	showed	shown	0.0	fisher_exact	True	12	2	0	0	2	0	0		form	form_label	200	2	1.0	100	100	0.0	0.0	0.36158101640595247	0.17869246675711595	0.7702961372838221	1.2114750939217196	0.6358332425888034	2.2788443103462663	2.763308477853001	0.8246796651949813	1.0	1.0	1.0	1.0	0
kanishka_GlossBERT	head_embed_cache_kanishka_GlossBERT.jsonl	delta	show__ppt	show	ppt	200	149	51	0	12	2	2	showed,shown	showed	shown	0.0	fisher_exact	True	12	2	0	0	2	0	0		raw	raw_label	200	12	2.248905291198184	100	1	0.16666666666666666	0.25	-0.1931149700187913	-0.08721282690409815	0.98639595734832	0.9945891725498694	0.9917622115465583	2.3516660571864128	2.6013894456506645	0.904003843453055	0.16	0.33	0.06921625718244849	0.10060514644822445	0
kanishka_GlossBERT	head_embed_cache_kanishka_GlossBERT.jsonl	delta	sink__pst	sink	pst	196	129	67	0	20	6	2	sank,sunk	sank	sunk	0.0041	fisher_exact	True	20	2	2	2	2	2	2		conditioned-exclude	conditioned_exclude_label	70	6	2.224815054088116	20	1	0.16666666666666666	0.16666666666666666	-0.06496148570841567	-0.03547564207845342	0.7870652613523759	1.0373038414520113	0.7587605770847691	2.6374473239823315	3.0666459825978984	0.8600429716859679	0.5	0.5571428571428572	0.25640513035166523	0.4221154991928649	0
kanishka_GlossBERT	head_embed_cache_kanishka_GlossBERT.jsonl	delta	sink__pst	sink	pst	196	129	67	0	20	6	2	sank,sunk	sank	sunk	0.0041	fisher_exact	True	20	2	2	2	2	2	2		form	form_label	196	2	0.9996995428565171	100	96	0.0	0.0	0.5272000707771296	0.2996578477995665	0.6330288766163351	1.3429457018060686	0.4713733963815532	2.474536202604894	3.5227850766701887	0.7024374603471064	1.0	1.0	1.0	1.0	0
kanishka_GlossBERT	head_embed_cache_kanishka_GlossBERT.jsonl	delta	sink__pst	sink	pst	196	129	67	0	20	6	2	sank,sunk	sank	sunk	0.0041	fisher_exact	True	20	2	2	2	2	2	2		raw	raw_label	196	20	3.7778429228251267	37	1	0.05	0.15	-0.2609082259304574	-0.19929534321490136	0.8862138635166422	0.9996816870820522	0.8864960466600038	2.8351000986569566	3.0172154205185056	0.9396412597446381	0.4846938775510204	0.41836734693877553	0.2325329443942725	0.3673605188735674	0
kanishka_GlossBERT	head_embed_cache_kanishka_GlossBERT.jsonl	delta	slink__pst	slink	pst	144	133	11	0	2	1	2	slinked,slunk	slinked	slunk	0.2082	fisher_exact	False	2	1	0	0	1	0	0		conditioned-exclude	conditioned_exclude_label	133	1	-0.0	133	133	0.0	0.0													0
kanishka_GlossBERT	head_embed_cache_kanishka_GlossBERT.jsonl	delta	slink__pst	slink	pst	144	133	11	0	2	1	2	slinked,slunk	slinked	slunk	0.2082	fisher_exact	False	2	1	0	0	1	0	0		form	form_label	144	2	1.0	72	72	0.0	0.0	0.6364362345013038	0.3928799706417529	0.531256800680022	1.4680411210333095	0.36188141671814106	2.3018322590894322	3.7951709310167376	0.6065160966209141	1.0	1.0	1.0	1.0	0
kanishka_GlossBERT	head_embed_cache_kanishka_GlossBERT.jsonl	delta	slink__pst	slink	pst	144	133	11	0	2	1	2	slinked,slunk	slinked	slunk	0.2082	fisher_exact	False	2	1	0	0	1	0	0		raw	raw_label	144	2	0.3893256144515589	133	11	0.0	0.0	-0.005435104051865918	-0.013385590482777852	1.0022517138904838	1.006986020313264	0.9952985380856556	3.0598254052473166	3.016879569587421	1.014235183960548	0.5347222222222222	0.5347222222222222	0.002854636554215793	0.010851045107973334	0
kanishka_GlossBERT	head_embed_cache_kanishka_GlossBERT.jsonl	delta	smelt__pst	smelt	pst	199	0	199	0	6	0	2	smelled,smelt					False	0	0	0	0	0	0	0	missing_conditioning_forms;missing_conditioning_rows;missing_pair_test;missing_cond_counts	conditioned-exclude	conditioned_exclude_label	0	0		0	0															0
kanishka_GlossBERT	head_embed_cache_kanishka_GlossBERT.jsonl	delta	smelt__pst	smelt	pst	199	0	199	0	6	0	2	smelled,smelt					False	0	0	0	0	0	0	0	missing_conditioning_forms;missing_conditioning_rows;missing_pair_test;missing_cond_counts	form	form_label	199	2	0.9999817845368457	100	99	0.0	0.0	0.6956685354102465	0.44320171667377956	0.46378370848500294	1.5284716527544482	0.30342970878735076	3.821160638098803	6.863484816760968	0.5567376835696264	1.0	1.0	1.0	1.0	0
kanishka_GlossBERT	head_embed_cache_kanishka_GlossBERT.jsonl	delta	smelt__pst	smelt	pst	199	0	199	0	6	0	2	smelled,smelt					False	0	0	0	0	0	0	0	missing_conditioning_forms;missing_conditioning_rows;missing_pair_test;missing_cond_counts	raw	raw_label	199	6	1.7693046996354274	99	3	0.0	0.0	-0.18717145973217186	-0.10408005743402633	0.9537698527465558	1.0247567002558096	0.9307280962480817	5.058071957008047	5.518195134710433	0.9166170882924872	0.5527638190954773	0.2864321608040201	0.3017831900894653	0.3550495992983678	0
kanishka_GlossBERT	head_embed_cache_kanishka_GlossBERT.jsonl	delta	sneak__ppt	sneak	ppt	200	200	0	0	3	3	2	sneaked,snuck	sneaked	snuck	0.8644	chi_sq	False	3	3	0	0	3	0	0		conditioned-exclude	conditioned_exclude_label	200	3	1.2903714221731157	121	20	0.0	0.0	-0.03424012636830895	0.003046897339471912	1.0037308889433507	1.0003890109193532	1.0033405785024831	4.9061852369407335	5.039821652556797	0.9734838998621574	0.35	0.34	-0.0009117572755125409	0.06334835073054398	0
kanishka_GlossBERT	head_embed_cache_kanishka_GlossBERT.jsonl	delta	sneak__ppt	sneak	ppt	200	200	0	0	3	3	2	sneaked,snuck	sneaked	snuck	0.8644	chi_sq	False	3	3	0	0	3	0	0		form	form_label	200	2	1.0	100	100	0.0	0.0	0.7033140132043206	0.4461589485654535	0.45553214126405683	1.542858806335881	0.29525199544726666	3.539135868998237	6.403076257933896	0.5527243041363095	1.0	1.0	1.0	1.0	0
kanishka_GlossBERT	head_embed_cache_kanishka_GlossBERT.jsonl	delta	sneak__ppt	sneak	ppt	200	200	0	0	3	3	2	sneaked,snuck	sneaked	snuck	0.8644	chi_sq	False	3	3	0	0	3	0	0		raw	raw_label	200	3	1.2903714221731157	121	20	0.0	0.0	-0.03424012636830895	0.003046897339471912	1.0037308889433507	1.0003890109193532	1.0033405785024831	4.9061852369407335	5.039821652556797	0.9734838998621574	0.35	0.34	-0.0009117572755125409	0.06334835073054398	0
kanishka_GlossBERT	head_embed_cache_kanishka_GlossBERT.jsonl	delta	sneak__pst	sneak	pst	200	188	12	0	3	2	2	sneaked,snuck	sneaked	snuck	0.2469	chi_sq	False	3	2	0	0	2	0	0		conditioned-exclude	conditioned_exclude_label	188	2	0.8196004346196011	140	48	0.0	0.0	0.01259135595533541	0.018771818678675837	0.9974403642359736	1.0108898894044342	0.9866953608801208	4.61317202611641	4.717381237092362	0.9779095210375273	0.5531914893617021	0.5531914893617021	0.007279966359020231	0.007632258165347604	0
kanishka_GlossBERT	head_embed_cache_kanishka_GlossBERT.jsonl	delta	sneak__pst	sneak	pst	200	188	12	0	3	2	2	sneaked,snuck	sneaked	snuck	0.2469	chi_sq	False	3	2	0	0	2	0	0		form	form_label	200	2	1.0	100	100	0.0	0.0	0.7167132479779759	0.4597296262246472	0.43963630853007707	1.5594292361038773	0.28192129424768064	3.2728980780099945	6.067813895663241	0.5393866941682547	1.0	1.0	1.0	1.0	0
kanishka_GlossBERT	head_embed_cache_kanishka_GlossBERT.jsonl	delta	sneak__pst	sneak	pst	200	188	12	0	3	2	2	sneaked,snuck	sneaked	snuck	0.2469	chi_sq	False	3	2	0	0	2	0	0		raw	raw_label	200	3	1.0978693276969014	140	12	0.0	0.0	-0.03854795675922961	0.0065381821873324066	0.9977616696275485	1.007925951033333	0.9899156466847947	4.615376107510865	4.752836600989602	0.9710782202253457	0.52	0.52	0.048144877515848436	0.09647324450466076	0
kanishka_GlossBERT	head_embed_cache_kanishka_GlossBERT.jsonl	delta	speak__ppt	speak	ppt	199	183	16	0	9	5	2	spoke,spoken	spoke	spoken	0.0092	fisher_exact	True	9	2	3	0	2	3	0		conditioned-exclude	conditioned_exclude_label	102	2	0.9182958340544896	68	34	0.0	0.0	0.0020622658968428814	-0.008003782992433473	0.9887828448709769	0.9908532999963189	0.9979104322250835	2.8541458824985173	2.780914793457437	1.0263334530109907	0.5588235294117647	0.5196078431372549	-0.010322401996792517	-0.0062622711573841515	0
kanishka_GlossBERT	head_embed_cache_kanishka_GlossBERT.jsonl	delta	speak__ppt	speak	ppt	199	183	16	0	9	5	2	spoke,spoken	spoke	spoken	0.0092	fisher_exact	True	9	2	3	0	2	3	0		form	form_label	199	2	0.9999817845368457	100	99	0.0	0.0	0.4609691395963123	0.2538558366236156	0.6942222476907288	1.2969195216782328	0.5352855254984481	2.5851148384648437	3.4601985823034385	0.7471001380342582	1.0	1.0	1.0	1.0	0
kanishka_GlossBERT	head_embed_cache_kanishka_GlossBERT.jsonl	delta	speak__ppt	speak	ppt	199	183	16	0	9	5	2	spoke,spoken	spoke	spoken	0.0092	fisher_exact	True	9	2	3	0	2	3	0		raw	raw_label	199	9	2.5511990759137424	68	2	0.0	0.2222222222222222	-0.1923060512828131	-0.1045877818492244	0.9776595593265973	1.002006180354528	0.9757021248917683	2.9202587708197316	3.0513522533999486	0.9570375781969627	0.3165829145728643	0.25125628140703515	0.09976031044609802	0.18124607754288716	0
kanishka_GlossBERT	head_embed_cache_kanishka_GlossBERT.jsonl	delta	speak__pst	speak	pst	196	144	52	0	12	3	2	spake,spoke	spake	spoke	0.0	fisher_exact	True	12	1	0	2	1	0	2		conditioned-exclude	conditioned_exclude_label	144	5	1.3956715937889608	97	2	0.0	0.2	-0.38281186715154003	-0.2339753276243746	0.9230277988633927	1.0006961876811544	0.9223856453398335	7.5072347143975	7.540883553599103	0.9955378121194375	0.2916666666666667	0.2916666666666667	0.10368963172124639	0.2457099905696509	0
kanishka_GlossBERT	head_embed_cache_kanishka_GlossBERT.jsonl	delta	speak__pst	speak	pst	196	144	52	0	12	3	2	spake,spoke	spake	spoke	0.0	fisher_exact	True	12	1	0	2	1	0	2		form	form_label	196	2	0.9999248896252453	99	97	0.0	0.0	0.6952921892753803	0.44063081507098467	0.44943369125017535	1.4784327946245415	0.3039933183870642	5.337960132746757	9.542595199567586	0.5593824343495826	1.0	1.0	1.0	1.0	0
kanishka_GlossBERT	head_embed_cache_kanishka_GlossBERT.jsonl	delta	speak__pst	speak	pst	196	144	52	0	12	3	2	spake,spoke	spake	spoke	0.0	fisher_exact	True	12	1	0	2	1	0	2		raw	raw_label	196	12	2.484929949462546	97	1	0.08333333333333333	0.16666666666666666	-0.3907979091064706	-0.23526033871583657	0.9223603661783413	0.9838654413843753	0.937486293735969	7.469413781458357	7.443541428674229	1.003475812290701	0.25	0.23979591836734693	0.05704499631575964	0.1780625916761421	0
kanishka_GlossBERT	head_embed_cache_kanishka_GlossBERT.jsonl	delta	speed__ppt	speed	ppt	200	195	5	0	6	3	2	sped,speeded	sped	speeded	0.0001	fisher_exact	True	6	2	0	1	2	0	1		conditioned-exclude	conditioned_exclude_label	195	4	1.124605607249479	145	2	0.0	0.25	-0.23857453294263317	-0.10885341066454572	0.9876834757123097	1.0155811374545611	0.9725303467016199	3.8076834369199015	3.95465718991655	0.9628352734665858	0.3487179487179487	0.2205128205128205	-0.0025302565654238846	0.15711568582317545	0
kanishka_GlossBERT	head_embed_cache_kanishka_GlossBERT.jsonl	delta	speed__ppt	speed	ppt	200	195	5	0	6	3	2	sped,speeded	sped	speeded	0.0001	fisher_exact	True	6	2	0	1	2	0	1		form	form_label	200	2	1.0	100	100	0.0	0.0	0.6185925588802207	0.3754088754901784	0.5481526753413719	1.4463809503931795	0.37898222815528915	2.992153883490717	4.7986940575568715	0.6235350384087819	1.0	1.0	1.0	1.0	0
kanishka_GlossBERT	head_embed_cache_kanishka_GlossBERT.jsonl	delta	speed__ppt	speed	ppt	200	195	5	0	6	3	2	sped,speeded	sped	speeded	0.0001	fisher_exact	True	6	2	0	1	2	0	1		raw	raw_label	200	6	1.251080494864913	145	1	0.3333333333333333	0.3333333333333333	-0.1783498824137493	-0.051403416514950964	0.9892834301005813	1.012314706186681	0.9772488970620046	3.810961804476287	4.011134059567686	0.9500958451852459	0.37	0.23	0.03858003739930547	0.12899291293090123	0
kanishka_GlossBERT	head_embed_cache_kanishka_GlossBERT.jsonl	delta	speed__pst	speed	pst	199	191	8	0	6	3	2	sped,speeded	sped	speeded	0.0	fisher_exact	True	6	0	2	1	0	2	1		conditioned-exclude	conditioned_exclude_label	73	2	0.24729443986205676	70	3	0.0	0.0	0.6532574440993115	0.409457075282078	0.5087362506100886	1.478100488266387	0.3441824521733078	3.124421552853707	5.308911029799337	0.588523999614249	1.0	1.0	1.0	1.0	0
kanishka_GlossBERT	head_embed_cache_kanishka_GlossBERT.jsonl	delta	speed__pst	speed	pst	199	191	8	0	6	3	2	sped,speeded	sped	speeded	0.0	fisher_exact	True	6	0	2	1	0	2	1		form	form_label	199	2	0.9999817845368457	100	99	0.0	0.0	0.5933052878836877	0.3550674128351261	0.5625661493925137	1.3872541549160973	0.4055249338406475	3.0839524411895938	4.788789115761253	0.6439942053492057	1.0	1.0	1.0	1.0	0
kanishka_GlossBERT	head_embed_cache_kanishka_GlossBERT.jsonl	delta	speed__pst	speed	pst	199	191	8	0	6	3	2	sped,speeded	sped	speeded	0.0	fisher_exact	True	6	0	2	1	0	2	1		raw	raw_label	199	6	1.7818363464743725	75	1	0.16666666666666666	0.16666666666666666	-0.057319548171483804	-0.03783262096519566	0.7488718840366366	1.0845959223198887	0.6904616444019469	3.42996165846777	4.1815794299201885	0.8202550533718395	0.678391959798995	0.5979899497487438	0.3642752259298647	0.34864600746478597	0
kanishka_GlossBERT	head_embed_cache_kanishka_GlossBERT.jsonl	delta	spell__ppt	spell	ppt	148	135	13	0	7	3	2	spelled,spelt	spelled	spelt	0.0	fisher_exact	True	7	0	2	1	0	2	1		conditioned-exclude	conditioned_exclude_label	20	2	0.4689955935892812	18	2	0.0	0.5	0.7204147773508629	0.4485676396353031	0.43973178217592296	1.5473111014600667	0.28419093080957364	4.139269840182358	7.370627071309412	0.5615899163172564	1.0	1.0	1.0	1.0	0
kanishka_GlossBERT	head_embed_cache_kanishka_GlossBERT.jsonl	delta	spell__ppt	spell	ppt	148	135	13	0	7	3	2	spelled,spelt	spelled	spelt	0.0	fisher_exact	True	7	0	2	1	0	2	1		form	form_label	148	2	1.0	74	74	0.0	0.0	0.6612576170929433	0.41335295259288507	0.4963571277940452	1.4704143898427153	0.3375627518492516	4.090336964894307	6.975904037632412	0.5863522409179454	1.0	1.0	1.0	1.0	0
kanishka_GlossBERT	head_embed_cache_kanishka_GlossBERT.jsonl	delta	spell__ppt	spell	ppt	148	135	13	0	7	3	2	spelled,spelt	spelled	spelt	0.0	fisher_exact	True	7	0	2	1	0	2	1		raw	raw_label	148	7	1.9000235960255685	58	1	0.2857142857142857	0.2857142857142857	-0.37677086552201666	-0.15313972418469954	0.8896121038320537	1.0320601666371605	0.8619769782712804	5.176951567120045	5.713931827074495	0.9060226344651051	0.581081081081081	0.4527027027027027	0.37091391602169593	0.3909870659089656	0
kanishka_GlossBERT	head_embed_cache_kanishka_GlossBERT.jsonl	delta	spill__ppt	spill	ppt	151	141	10	0	5	2	2	spilled,spilt	spilled	spilt	0.0	fisher_exact	True	5	1	0	1	1	0	1		conditioned-exclude	conditioned_exclude_label	141	2	0.5103099652870143	125	16	0.0	0.0	0.0728552090002451	0.062183288738400934	0.9774810867747624	1.054723526416396	0.9267652254765966	6.513219775471656	6.81289403434873	0.9560136621285757	0.6170212765957447	0.6170212765957447	0.05202284013337722	0.16004827443892752	0
kanishka_GlossBERT	head_embed_cache_kanishka_GlossBERT.jsonl	delta	spill__ppt	spill	ppt	151	141	10	0	5	2	2	spilled,spilt	spilled	spilt	0.0	fisher_exact	True	5	1	0	1	1	0	1		form	form_label	151	2	0.9999683631071745	76	75	0.0	0.0	0.7330443061039807	0.47509216216091804	0.41550649035292503	1.564412092934997	0.2655991296854478	4.5315502231237845	8.629259304181865	0.5251377972762655	1.0	1.0	1.0	1.0	0
kanishka_GlossBERT	head_embed_cache_kanishka_GlossBERT.jsonl	delta	spill__ppt	spill	ppt	151	141	10	0	5	2	2	spilled,spilt	spilled	spilt	0.0	fisher_exact	True	5	1	0	1	1	0	1		raw	raw_label	151	5	0.9265665700577865	125	2	0.0	0.2	-0.3782183370637924	-0.16213436464124242	0.977367059723389	1.0313313104055466	0.94767515527	6.513167238627079	6.779115817951768	0.9607694297506424	0.4966887417218543	0.40397350993377484	0.17893389457640624	0.323578565808438	0
kanishka_GlossBERT	head_embed_cache_kanishka_GlossBERT.jsonl	delta	spill__pst	spill	pst	126	117	9	0	6	4	2	spilled,spilt	spilled	spilt	0.0	fisher_exact	True	6	1	1	2	1	1	2		conditioned-exclude	conditioned_exclude_label	55	4	1.7521930161941324	18	2	0.0	0.25	0.009452598051320154	0.003402618635034467	0.609751793340481	0.8432421795107974	0.7231040004358242	5.211250373301686	6.117313626133581	0.8518854339981637	0.6363636363636364	0.6363636363636364	0.4605451508699424	0.509762367769638	0
kanishka_GlossBERT	head_embed_cache_kanishka_GlossBERT.jsonl	delta	spill__pst	spill	pst	126	117	9	0	6	4	2	spilled,spilt	spilled	spilt	0.0	fisher_exact	True	6	1	1	2	1	1	2		form	form_label	126	2	0.9992728962127291	65	61	0.0	0.0	0.7071473325709636	0.4534363909636911	0.4475999081052802	1.5338834427986927	0.29180829234886224	4.965263277479413	9.110503502853211	0.545004266331098	1.0	1.0	1.0	1.0	0
kanishka_GlossBERT	head_embed_cache_kanishka_GlossBERT.jsonl	delta	spill__pst	spill	pst	126	117	9	0	6	4	2	spilled,spilt	spilled	spilt	0.0	fisher_exact	True	6	1	1	2	1	1	2		raw	raw_label	126	6	2.0237541181907823	62	1	0.16666666666666666	0.16666666666666666	-0.23078635163844713	-0.1087619884869573	0.8367386372062765	1.0636231950644168	0.7866870909632623	6.59332100727838	7.25333978972137	0.9090048444472028	0.626984126984127	0.42063492063492064	0.252940922407309	0.4181022930770678	0
kanishka_GlossBERT	head_embed_cache_kanishka_GlossBERT.jsonl	delta	spit__ppt	spit	ppt	199	189	10	0	5	3	2	spat,spit	spat	spit	0.5544	fisher_exact	False	5	3	0	0	3	0	0		conditioned-exclude	conditioned_exclude_label	189	3	1.2025754555942125	129	22	0.0	0.0	-0.038230983292291625	-0.07625910328398013	1.0032783528202538	1.0000595763368063	1.0032185847319595	4.887617898082735	4.471274814188193	1.0931150737086004	0.2222222222222222	0.15873015873015872	0.03579620051351421	0.11852985680100353	0
kanishka_GlossBERT	head_embed_cache_kanishka_GlossBERT.jsonl	delta	spit__ppt	spit	ppt	199	189	10	0	5	3	2	spat,spit	spat	spit	0.5544	fisher_exact	False	5	3	0	0	3	0	0		form	form_label	199	2	0.9999817845368457	100	99	0.0	0.0	0.6602050535250444	0.4043208975233266	0.5029248540172595	1.4949386966276716	0.3364183796645125	3.4470548729300217	5.8346063846251575	0.590794759011233	1.0	1.0	1.0	1.0	0
kanishka_GlossBERT	head_embed_cache_kanishka_GlossBERT.jsonl	delta	spit__ppt	spit	ppt	199	189	10	0	5	3	2	spat,spit	spat	spit	0.5544	fisher_exact	False	5	3	0	0	3	0	0		raw	raw_label	199	5	1.4738938214127781	129	3	0.0	0.0	-0.276057942285308	-0.18242087418670627	1.0032526969802313	0.9998177973549399	1.0034355255871406	4.884208639961428	4.438265434230153	1.1004769120593678	0.11557788944723618	0.07537688442211055	0.18853769990189576	0.2822652388160678	0
kanishka_GlossBERT	head_embed_cache_kanishka_GlossBERT.jsonl	delta	spit__pst	spit	pst	200	109	91	0	6	3	2	spat,spit	spat	spit	0.0	fisher_exact	True	6	2	2	1	2	1	0		conditioned-exclude	conditioned_exclude_label	84	2	0.9666186325481028	51	33	0.0	0.0	-0.013457591786040387	-0.011339108071638297	0.9645242676169455	0.950290974097449	1.0149778266946234	4.158569108856932	4.076039803703799	1.020247423756299	0.42857142857142855	0.4166666666666667	-0.013937516766100158	-0.008065676488777703	0
kanishka_GlossBERT	head_embed_cache_kanishka_GlossBERT.jsonl	delta	spit__pst	spit	pst	200	109	91	0	6	3	2	spat,spit	spat	spit	0.0	fisher_exact	True	6	2	2	1	2	1	0		form	form_label	200	2	1.0	100	100	0.0	0.0	0.6320189477175587	0.37846514922938046	0.5324399135607245	1.4583519687530406	0.3650969895943471	2.9423651371035264	4.709998067536805	0.6247062302176909	1.0	1.0	1.0	1.0	0
kanishka_GlossBERT	head_embed_cache_kanishka_GlossBERT.jsonl	delta	spit__pst	spit	pst	200	109	91	0	6	3	2	spat,spit	spat	spit	0.0	fisher_exact	True	6	2	2	1	2	1	0		raw	raw_label	200	6	2.3130864681626897	51	1	0.16666666666666666	0.16666666666666666	-0.1828250039489591	-0.09695872466053125	0.9180155100426756	1.0183042165381446	0.9015140025282294	3.7017641063965203	3.863896745205461	0.958039086057327	0.42	0.34	0.10788626851268293	0.1458564566068695	0
kanishka_GlossBERT	head_embed_cache_kanishka_GlossBERT.jsonl	delta	spring__pst	spring	pst	200	132	68	0	16	3	2	sprang,sprung	sprang	sprung	0.0218	fisher_exact	True	16	3	0	0	3	0	0		conditioned-exclude	conditioned_exclude_label	132	3	1.375432844317455	76	19	0.0	0.0	-0.02980280551104885	-0.017565003860317667	1.0051776924598248	0.9981169040122118	1.0070741096751594	3.2575173861052993	3.210647029741612	1.0145984145655087	0.20454545454545456	0.12121212121212122	-0.008579689195235999	-0.011023047022106741	0
kanishka_GlossBERT	head_embed_cache_kanishka_GlossBERT.jsonl	delta	spring__pst	spring	pst	200	132	68	0	16	3	2	sprang,sprung	sprang	sprung	0.0218	fisher_exact	True	16	3	0	0	3	0	0		form	form_label	200	2	1.0	100	100	0.0	0.0	0.5539277099116338	0.32040194076740286	0.6123094649814228	1.3832524222132576	0.4426592393033398	2.7749601972257247	4.08217109050017	0.6797755742485848	1.0	1.0	1.0	1.0	0
kanishka_GlossBERT	head_embed_cache_kanishka_GlossBERT.jsonl	delta	spring__pst	spring	pst	200	132	68	0	16	3	2	sprang,sprung	sprang	sprung	0.0218	fisher_exact	True	16	3	0	0	3	0	0		raw	raw_label	200	16	3.0161790011615732	76	1	0.0625	0.0625	-0.27667669236731884	-0.13102116696593918	1.0012971832948534	0.9993345289032144	1.0019639613511535	3.2713191061543254	3.470829888384234	0.942517844825064	0.115	0.095	0.12533039183630626	0.21099881103542095	0
kanishka_GlossBERT	head_embed_cache_kanishka_GlossBERT.jsonl	delta	strive__ppt	strive	ppt	200	200	0	0	2	2	2	strived,striven	strived	striven	0.0537	chi_sq	False	2	1	1	0	1	1	0		conditioned-exclude	conditioned_exclude_label	181	1	-0.0	181	181	0.0	0.0													0
kanishka_GlossBERT	head_embed_cache_kanishka_GlossBERT.jsonl	delta	strive__ppt	strive	ppt	200	200	0	0	2	2	2	strived,striven	strived	striven	0.0537	chi_sq	False	2	1	1	0	1	1	0		form	form_label	200	2	1.0	100	100	0.0	0.0	0.7060326005638164	0.45335425942528085	0.45068967274343463	1.543499908745696	0.29199203070227675	1.9885170561990957	3.6404669760503885	0.546225819182262	1.0	1.0	1.0	1.0	0
kanishka_GlossBERT	head_embed_cache_kanishka_GlossBERT.jsonl	delta	strive__ppt	strive	ppt	200	200	0	0	2	2	2	strived,striven	strived	striven	0.0537	chi_sq	False	2	1	1	0	1	1	0		raw	raw_label	200	2	0.4529425481872832	181	19	0.0	0.0	0.004880997768122662	0.005361824145517513	0.9963231788687843	1.0166766502640021	0.9799803886614957	2.8144270144767383	2.8388210327343253	0.9914069897410578	0.545	0.545	0.006382889828200594	0.01925261928085012	0
kanishka_GlossBERT	head_embed_cache_kanishka_GlossBERT.jsonl	delta	strive__pst	strive	pst	199	199	0	0	2	2	2	strived,strove	strived	strove	0.0008	fisher_exact	True	2	1	0	1	1	0	1		conditioned-exclude	conditioned_exclude_label	199	3	0.548714629387147	178	3	0.0	0.0	-0.39642753992061	-0.15240178992984557	0.9923836536306262	1.0356445601978668	0.9582280366934237	4.334482141199981	4.749569980467032	0.9126051745791447	0.1457286432160804	0.22110552763819097	-0.02017982042218497	0.11758393721076675	0
kanishka_GlossBERT	head_embed_cache_kanishka_GlossBERT.jsonl	delta	strive__pst	strive	pst	199	199	0	0	2	2	2	strived,strove	strived	strove	0.0008	fisher_exact	True	2	1	0	1	1	0	1		form	form_label	199	2	0.9999817845368457	100	99	0.0	0.0	0.7320748630485909	0.47811227375846066	0.42055129073120145	1.5750679310528726	0.26700517637361776	3.023185757986086	5.7916567814403885	0.5219897987867675	1.0	1.0	1.0	1.0	0
kanishka_GlossBERT	head_embed_cache_kanishka_GlossBERT.jsonl	delta	strive__pst	strive	pst	199	199	0	0	2	2	2	strived,strove	strived	strove	0.0008	fisher_exact	True	2	1	0	1	1	0	1		raw	raw_label	199	2	0.48627679848147415	178	21	0.0	0.0	0.015164478365813647	0.06322526080123363	0.9942447735656484	1.028321668660111	0.9668616385971285	4.341493906296713	4.72562293313725	0.9187135680786277	0.5778894472361809	0.5778894472361809	0.02238753596743631	0.06028318580255005	0
kanishka_GlossBERT	head_embed_cache_kanishka_GlossBERT.jsonl	delta	take__ppt	take	ppt	199	140	59	0	25	6	2	taken,took	taken	took	0.0053	fisher_exact	True	25	3	3	0	3	3	0		conditioned-exclude	conditioned_exclude_label	63	3	1.555383834371384	27	17	0.0	0.0	-0.015029325872378693	-0.015073003628082978	0.985927756863747	0.9857298687865281	1.0002007528466825	2.1996540301375394	2.2765881173469062	0.9662064092212584	0.38095238095238093	0.47619047619047616	-0.011537682759569208	0.0038102693850605783	0
kanishka_GlossBERT	head_embed_cache_kanishka_GlossBERT.jsonl	delta	take__ppt	take	ppt	199	140	59	0	25	6	2	taken,took	taken	took	0.0053	fisher_exact	True	25	3	3	0	3	3	0		form	form_label	199	2	0.9999817845368457	100	99	0.0	0.0	0.2784932755868255	0.12638168395499452	0.8317568320237426	1.1558114984598917	0.7196301759690494	2.118541478030966	2.4128166807422873	0.8780366510808482	1.0	1.0	0.00040615198410321135	0.009638037424460549	0
kanishka_GlossBERT	head_embed_cache_kanishka_GlossBERT.jsonl	delta	take__ppt	take	ppt	199	140	59	0	25	6	2	taken,took	taken	took	0.0053	fisher_exact	True	25	3	3	0	3	3	0		raw	raw_label	199	25	3.703492483956415	35	1	0.44	0.52	-0.24779531711770672	-0.2903328924957714	0.9712524296489392	0.997038067867467	0.9741377595805546	2.231134645137668	2.2701056896896077	0.9828329382508758	0.11055276381909548	0.19095477386934673	0.029944206024968317	0.047872930349530995	0
kanishka_GlossBERT	head_embed_cache_kanishka_GlossBERT.jsonl	delta	tear__ppt	tear	ppt	96	91	5	0	6	3	2	tore,torn	tore	torn	0.0026	fisher_exact	True	6	2	0	1	2	0	1		conditioned-exclude	conditioned_exclude_label	91	4	1.6698922224763166	38	4	0.0	0.0	-0.17450945319122813	-0.10127753212706204	0.9516345596692846	1.018352137874206	0.9344847663950573	3.0550476067182846	3.1291344631831715	0.9763235305684114	0.5054945054945055	0.3626373626373626	0.08647579824263768	0.1877719349785768	0
kanishka_GlossBERT	head_embed_cache_kanishka_GlossBERT.jsonl	delta	tear__ppt	tear	ppt	96	91	5	0	6	3	2	tore,torn	tore	torn	0.0026	fisher_exact	True	6	2	0	1	2	0	1		form	form_label	96	2	1.0	48	48	0.0	0.0	0.4890345847653162	0.2745434741579107	0.6688853193605493	1.314089349605486	0.5090105323213837	2.5951111654011942	3.5781249369020665	0.7252712555219037	1.0	1.0	1.0	1.0	0
kanishka_GlossBERT	head_embed_cache_kanishka_GlossBERT.jsonl	delta	tear__ppt	tear	ppt	96	91	5	0	6	3	2	tore,torn	tore	torn	0.0026	fisher_exact	True	6	2	0	1	2	0	1		raw	raw_label	96	6	1.814079155618118	38	1	0.16666666666666666	0.5	-0.2007830419796052	-0.11924042121715661	0.9652867545096124	1.0087240063295693	0.9569384176966191	3.065603197107952	3.104039008165304	0.9876174845237946	0.46875	0.4791666666666667	0.007723522907102355	0.04261367321734407	0
kanishka_GlossBERT	head_embed_cache_kanishka_GlossBERT.jsonl	delta	throw__pst	throw	pst	109	84	25	0	13	4	2	threw,throwed	threw	throwed	0.0	fisher_exact	True	13	1	1	2	1	1	2		conditioned-exclude	conditioned_exclude_label	51	5	2.079002316888643	15	3	0.0	0.0	-0.10772462191645668	-0.05640986760042129	0.6821955350209148	1.0099863741693451	0.6754502362291579	3.0374714628484347	3.6772945868859153	0.8260071068770943	0.37254901960784315	0.45098039215686275	0.19082472254114044	0.29422664885460914	0
kanishka_GlossBERT	head_embed_cache_kanishka_GlossBERT.jsonl	delta	throw__pst	throw	pst	109	84	25	0	13	4	2	threw,throwed	threw	throwed	0.0	fisher_exact	True	13	1	1	2	1	1	2		form	form_label	109	2	0.9994535015927484	56	53	0.0	0.0	0.5469727756644525	0.3158801366709463	0.6107574513546674	1.3538805393145286	0.45111620532184815	3.2111366419607252	4.679810360420908	0.6861681125198226	1.0	1.0	1.0	1.0	0
kanishka_GlossBERT	head_embed_cache_kanishka_GlossBERT.jsonl	delta	throw__pst	throw	pst	109	84	25	0	13	4	2	threw,throwed	threw	throwed	0.0	fisher_exact	True	13	1	1	2	1	1	2		raw	raw_label	109	13	2.9048649496780863	33	1	0.23076923076923078	0.46153846153846156	-0.22737791873353075	-0.15463416569864302	0.8777318296568203	1.0070240079194903	0.871609636666173	3.790457864019508	3.98396222352039	0.9514291680883726	0.44954128440366975	0.47706422018348627	0.0434159328281794	0.1600216436353726	0
kanishka_GlossBERT	head_embed_cache_kanishka_GlossBERT.jsonl	delta	tread__ppt	tread	ppt	197	175	22	0	8	4	2	trod,trodden	trod	trodden	0.0	fisher_exact	True	8	2	1	1	2	1	1		conditioned-exclude	conditioned_exclude_label	100	4	1.6139113581028388	44	3	0.0	0.0	-0.2830062221412377	-0.10515043022888619	0.9537784776377615	0.956276583643282	0.9973876741852205	4.413279677291991	4.487480449676556	0.9834649369024184	0.25	0.23	-0.02104221053238891	0.06704025321033873	0
kanishka_GlossBERT	head_embed_cache_kanishka_GlossBERT.jsonl	delta	tread__ppt	tread	ppt	197	175	22	0	8	4	2	trod,trodden	trod	trodden	0.0	fisher_exact	True	8	2	1	1	2	1	1		form	form_label	197	2	0.9999814128006821	99	98	0.0	0.0	0.6528891815559802	0.4065843241989434	0.508385041607309	1.472438786367009	0.34526735258153735	3.3991782997928213	5.7424345405669115	0.591940278253001	1.0	1.0	1.0	1.0	0
kanishka_GlossBERT	head_embed_cache_kanishka_GlossBERT.jsonl	delta	tread__ppt	tread	ppt	197	175	22	0	8	4	2	trod,trodden	trod	trodden	0.0	fisher_exact	True	8	2	1	1	2	1	1		raw	raw_label	197	8	2.2940645639523796	75	1	0.25	0.25	-0.36680641435488853	-0.2309295873015461	0.9354667771111382	1.0112022142964892	0.9251035686882456	4.465096257169657	4.612441435766584	0.9680548402296542	0.3756345177664975	0.24873096446700507	0.057828921312812254	0.13943590727407892	0
kanishka_GlossBERT	head_embed_cache_kanishka_GlossBERT.jsonl	delta	tread__pst	tread	pst	170	153	17	0	8	4	2	treaded,trod	treaded	trod	0.0	fisher_exact	True	8	1	1	2	1	1	2		conditioned-exclude	conditioned_exclude_label	97	5	1.7124814707746505	55	3	0.0	0.0	-0.2947082128790681	-0.16440298558952993	0.9222196131274438	0.9809735743808629	0.9401064791266153	5.336693414685979	5.33861695582899	0.999639692984358	0.2268041237113402	0.30927835051546393	0.019436080616907606	0.18138474523432688	0
kanishka_GlossBERT	head_embed_cache_kanishka_GlossBERT.jsonl	delta	tread__pst	tread	pst	170	153	17	0	8	4	2	treaded,trod	treaded	trod	0.0	fisher_exact	True	8	1	1	2	1	1	2		form	form_label	170	2	1.0	85	85	0.0	0.0	0.6653649328096365	0.41721147359989025	0.491436255229679	1.4749591384854235	0.3331863523584221	4.2504413162984624	7.321392740390697	0.5805509234396902	1.0	1.0	1.0	1.0	0
kanishka_GlossBERT	head_embed_cache_kanishka_GlossBERT.jsonl	delta	tread__pst	tread	pst	170	153	17	0	8	4	2	treaded,trod	treaded	trod	0.0	fisher_exact	True	8	1	1	2	1	1	2		raw	raw_label	170	8	2.298749565890562	56	2	0.0	0.125	-0.12337554609801031	-0.04371780295025652	0.8033525163098677	1.045068356573733	0.7687081053182654	5.20114521731482	5.9865943012818965	0.8687986784407805	0.4176470588235294	0.4117647058823529	0.11191651697207673	0.26428523875777493	0
kanishka_GlossBERT	head_embed_cache_kanishka_GlossBERT.jsonl	delta	wake__ppt	wake	ppt	198	180	18	0	5	3	2	woke,woken	woke	woken	0.0062	fisher_exact	True	5	2	1	0	2	1	0		conditioned-exclude	conditioned_exclude_label	151	2	0.9992089388648364	78	73	0.0	0.0	0.004540980406091072	0.00935550142648315	0.9899927683758504	0.9939922422231142	0.99597635305652	2.622027466538852	2.6471274337519226	0.9905180359309356	0.543046357615894	0.5364238410596026	-0.005511052980206801	-0.004258124804213695	0
kanishka_GlossBERT	head_embed_cache_kanishka_GlossBERT.jsonl	delta	wake__ppt	wake	ppt	198	180	18	0	5	3	2	woke,woken	woke	woken	0.0062	fisher_exact	True	5	2	1	0	2	1	0		form	form_label	198	2	0.999926399368686	100	98	0.0	0.0	0.66624941140084	0.4123136553409048	0.49601523082951154	1.4958006913802944	0.33160516216354924	1.95100754220096	3.3107281005716827	0.5892986324863309	1.0	1.0	1.0	1.0	0
kanishka_GlossBERT	head_embed_cache_kanishka_GlossBERT.jsonl	delta	wake__ppt	wake	ppt	198	180	18	0	5	3	2	woke,woken	woke	woken	0.0062	fisher_exact	True	5	2	1	0	2	1	0		raw	raw_label	198	5	1.8500486219129297	78	4	0.0	0.0	-0.19607183240141451	-0.08763378799335447	0.9830740659621732	1.005423460217942	0.9777711629576217	2.6041313486349074	2.64806790897239	0.9834080688835005	0.36363636363636365	0.3484848484848485	0.11614700524731343	0.14877834590629105	0
kanishka_GlossBERT	head_embed_cache_kanishka_GlossBERT.jsonl	delta	wear__ppt	wear	ppt	88	66	22	0	5	1	2	wore,worn	wore	worn	0.0268	fisher_exact	True	5	1	0	0	1	0	0		conditioned-exclude	conditioned_exclude_label	66	1	-0.0	66	66	0.0	0.0													0
kanishka_GlossBERT	head_embed_cache_kanishka_GlossBERT.jsonl	delta	wear__ppt	wear	ppt	88	66	22	0	5	1	2	wore,worn	wore	worn	0.0268	fisher_exact	True	5	1	0	0	1	0	0		form	form_label	88	2	1.0	44	44	0.0	0.0	0.4326446067143684	0.22269420606382484	0.7134545274245793	1.2632523380301879	0.5647759405987578	3.050537743300119	3.908267756073547	0.7805344806684512	1.0	1.0	1.0	1.0	0
kanishka_GlossBERT	head_embed_cache_kanishka_GlossBERT.jsonl	delta	wear__ppt	wear	ppt	88	66	22	0	5	1	2	wore,worn	wore	worn	0.0268	fisher_exact	True	5	1	0	0	1	0	0		raw	raw_label	88	5	1.234422785899402	66	1	0.2	0.2	-0.06611335245807473	-0.08511188020753196	0.9786440320150659	1.0092232609164165	0.9697002337484935	3.290259352118214	3.7514083193272083	0.8770731074958807	0.48863636363636365	0.5681818181818182	0.21778489252763486	0.25252828650480375	0
kanishka_GlossBERT	head_embed_cache_kanishka_GlossBERT.jsonl	delta	weave__ppt	weave	ppt	122	91	31	0	11	4	2	weaved,woven	weaved	woven	0.0372	fisher_exact	True	11	3	1	0	3	1	0		conditioned-exclude	conditioned_exclude_label	68	3	1.431169262145754	38	15	0.0	0.0	-0.05960588933378485	-0.02040539485612498	1.0143709738698152	1.0016977204801916	1.0126517742134307	4.8546850681983615	4.890717625503085	0.9926324600878962	0.1323529411764706	0.11764705882352941	0.06860876866352718	0.08074306550649848	0
kanishka_GlossBERT	head_embed_cache_kanishka_GlossBERT.jsonl	delta	weave__ppt	weave	ppt	122	91	31	0	11	4	2	weaved,woven	weaved	woven	0.0372	fisher_exact	True	11	3	1	0	3	1	0		form	form_label	122	2	0.999806132804711	62	60	0.0	0.0	0.6973562309916905	0.4436018903014267	0.45970602870970223	1.5318916248432495	0.3000904380273908	3.5085124921105324	6.306941119290043	0.5562938397156746	1.0	1.0	1.0	1.0	0
kanishka_GlossBERT	head_embed_cache_kanishka_GlossBERT.jsonl	delta	weave__ppt	weave	ppt	122	91	31	0	11	4	2	weaved,woven	weaved	woven	0.0372	fisher_exact	True	11	3	1	0	3	1	0		raw	raw_label	122	11	2.836519828492392	38	1	0.18181818181818182	0.18181818181818182	-0.33622874934872915	-0.18182285458858655	0.9920323493280409	1.0017383504929662	0.9903108419876818	4.812088581530624	4.940858690480171	0.9739377065776732	0.1721311475409836	0.16393442622950818	0.08726234303263629	0.10383439726941482	0
kanishka_GlossBERT	head_embed_cache_kanishka_GlossBERT.jsonl	delta	weave__pst	weave	pst	198	153	45	0	13	4	2	weaved,wove	weaved	wove	0.0	fisher_exact	True	13	1	2	1	1	2	1		conditioned-exclude	conditioned_exclude_label	51	3	1.3647098428918996	23	5	0.0	0.0	0.06603425044356044	0.0429778686343494	0.6805538687956806	1.0786101817258649	0.630954426655549	4.090575539177155	5.2086151869407535	0.7853480037137718	0.5490196078431373	0.5490196078431373	0.3090486530131262	0.39816503546570886	0
kanishka_GlossBERT	head_embed_cache_kanishka_GlossBERT.jsonl	delta	weave__pst	weave	pst	198	153	45	0	13	4	2	weaved,wove	weaved	wove	0.0	fisher_exact	True	13	1	2	1	1	2	1		form	form_label	198	2	0.999926399368686	100	98	0.0	0.0	0.7407592364444283	0.485549290870216	0.40529928098328494	1.5679201143121118	0.25849485396843735	3.627268550441522	7.0497973082744005	0.5145209701538751	1.0	1.0	1.0	1.0	0
kanishka_GlossBERT	head_embed_cache_kanishka_GlossBERT.jsonl	delta	weave__pst	weave	pst	198	153	45	0	13	4	2	weaved,wove	weaved	wove	0.0	fisher_exact	True	13	1	2	1	1	2	1		raw	raw_label	198	13	2.7570427744092507	81	1	0.07692307692307693	0.23076923076923078	-0.46018177456003223	-0.253857173248582	0.7912605704250609	1.044372265262347	0.7576422667891278	4.82396052315559	5.491829477847554	0.8783886212443499	0.4494949494949495	0.2878787878787879	0.09726791082396616	0.2206435303642064	0
kanishka_GlossBERT	head_embed_cache_kanishka_GlossBERT.jsonl	delta	wet__pst	wet	pst	76	74	2	0	3	2	2	wet,wetted	wet	wetted	0.0	fisher_exact	True	3	0	2	0	0	2	0		conditioned-exclude	conditioned_exclude_label	0	0		0	0															0
kanishka_GlossBERT	head_embed_cache_kanishka_GlossBERT.jsonl	delta	wet__pst	wet	pst	76	74	2	0	3	2	2	wet,wetted	wet	wetted	0.0	fisher_exact	True	3	0	2	0	0	2	0		form	form_label	76	2	1.0	38	38	0.0	0.0	0.5698933004962621	0.3344771404010486	0.5921241799771364	1.3898136310190214	0.42604574222155717	3.4919350724719695	5.223521527763743	0.6685020926805507	1.0	1.0	1.0	1.0	0
kanishka_GlossBERT	head_embed_cache_kanishka_GlossBERT.jsonl	delta	wet__pst	wet	pst	76	74	2	0	3	2	2	wet,wetted	wet	wetted	0.0	fisher_exact	True	3	0	2	0	0	2	0		raw	raw_label	76	3	1.1239576570186298	44	2	0.0	0.3333333333333333	-0.07742576392686633	0.01694637425964517	0.9218834666695621	1.0663314232302357	0.8645374661068341	4.158939412111752	4.567283058888279	0.910593750921161	0.7105263157894737	0.7236842105263158	0.14303151794220387	0.14167589920497517	0
kanishka_GlossBERT	head_embed_cache_kanishka_GlossBERT.jsonl	delta	write__ppt	write	ppt	199	172	27	0	14	2	2	written,wrote	written	wrote	0.0019	fisher_exact	True	14	1	1	0	1	1	0		conditioned-exclude	conditioned_exclude_label	144	1	-0.0	144	144	0.0	0.0													0
kanishka_GlossBERT	head_embed_cache_kanishka_GlossBERT.jsonl	delta	write__ppt	write	ppt	199	172	27	0	14	2	2	written,wrote	written	wrote	0.0019	fisher_exact	True	14	1	1	0	1	1	0		form	form_label	199	2	0.9999817845368457	100	99	0.0	0.0	0.43876556450938375	0.2311268322747239	0.711923913390847	1.2772536548981306	0.5573864757878714	2.206898655172227	2.856357987999159	0.7726267731301182	0.9949748743718593	0.9949748743718593	0.00040615198410321135	0.009638037424460549	0
kanishka_GlossBERT	head_embed_cache_kanishka_GlossBERT.jsonl	delta	write__ppt	write	ppt	199	172	27	0	14	2	2	written,wrote	written	wrote	0.0019	fisher_exact	True	14	1	1	0	1	1	0		raw	raw_label	199	14	1.53084921111479	144	1	0.5714285714285714	0.6428571428571429	-0.31029883668942615	-0.22336092710294772	0.9928339053970472	0.9998063405740374	0.9930262142836712	2.474894799564713	2.603055226928763	0.9507653829091974	0.17587939698492464	0.3015075376884422	0.00536220608493415	0.046027421094294516	0
transfo-xl-wt103	head_embed_cache_transfo-xl-wt103.jsonl	delta	begin__ppt	begin	ppt	199	197	2	0	4	3	2	began,begun	began	begun	0.1741	fisher_exact	False	4	3	0	0	3	0	0		conditioned-exclude	conditioned_exclude_label	197	3	1.1462547454696266	140	22	0.0	0.0	-0.022801906715313715	-0.0027813157429401277	0.9952981623857251	1.0021226925750117	0.9931899255052786	1.188145525486249	1.272541595183777	0.9336791268615939	0.4263959390862944	0.4467005076142132	0.010120144908282969	0.007037578077608782	0
transfo-xl-wt103	head_embed_cache_transfo-xl-wt103.jsonl	delta	begin__ppt	begin	ppt	199	197	2	0	4	3	2	began,begun	began	begun	0.1741	fisher_exact	False	4	3	0	0	3	0	0		form	form_label	199	2	0.9999817845368457	100	99	0.0	0.0	0.41432064528438	0.20072386388292385	0.7350400092375317	1.2589597520140487	0.583847107154645	1.0955096054426205	1.3649705138801693	0.802588476675911	1.0	1.0	0.006502175180790949	0.06120117038603225	0
transfo-xl-wt103	head_embed_cache_transfo-xl-wt103.jsonl	delta	begin__ppt	begin	ppt	199	197	2	0	4	3	2	began,begun	began	begun	0.1741	fisher_exact	False	4	3	0	0	3	0	0		raw	raw_label	199	4	1.2158606829788767	140	2	0.0	0.25	-0.07799751179975836	-0.00669181112780605	0.9952854911347245	1.0018153702500923	0.9934819535522422	1.1881802086345152	1.2802580126642849	0.9280787129477512	0.3869346733668342	0.4321608040201005	0.005988432818110686	0.002611997280746792	0
transfo-xl-wt103	head_embed_cache_transfo-xl-wt103.jsonl	delta	bid__ppt	bid	ppt	171	160	11	0	7	4	2	bid,bidden	bid	bidden	0.0	fisher_exact	True	7	1	1	2	1	1	2		conditioned-exclude	conditioned_exclude_label	78	4	1.5571643471379213	40	1	0.25	0.25	0.16356209525551954	0.10022871520438047	0.509360528217231	1.21683147455139	0.41859578657350005	5.139801987419865	7.831757714539975	0.656276939961717	0.7307692307692307	0.7307692307692307	0.3075339372061022	0.3891673618267575	0
transfo-xl-wt103	head_embed_cache_transfo-xl-wt103.jsonl	delta	bid__ppt	bid	ppt	171	160	11	0	7	4	2	bid,bidden	bid	bidden	0.0	fisher_exact	True	7	1	1	2	1	1	2		form	form_label	171	2	0.9999753308152249	86	85	0.0	0.0	0.7680137850005023	0.5150545515142749	0.3715659140864936	1.6240367755682399	0.22879156412975013	4.578797970304999	9.568795124996818	0.4785135338872167	1.0	1.0	1.0	1.0	0
transfo-xl-wt103	head_embed_cache_transfo-xl-wt103.jsonl	delta	bid__ppt	bid	ppt	171	160	11	0	7	4	2	bid,bidden	bid	bidden	0.0	fisher_exact	True	7	1	1	2	1	1	2		raw	raw_label	171	7	2.005959814418014	82	1	0.2857142857142857	0.2857142857142857	-0.3841214108774458	-0.23172440852857495	0.8165592124258514	1.084460369330656	0.7529636264438534	6.424286250753634	7.386477941789948	0.8697360638427428	0.40350877192982454	0.32748538011695905	0.11210235318062742	0.20218997173123443	0
transfo-xl-wt103	head_embed_cache_transfo-xl-wt103.jsonl	delta	bid__pst	bid	pst	200	168	32	0	10	3	2	bade,bid	bade	bid	0.0	fisher_exact	True	10	1	1	1	1	1	1		conditioned-exclude	conditioned_exclude_label	76	2	0.7424875695421236	60	16	0.0	0.0	-0.033102241747575756	0.0775450762685939	0.957251445267037	0.9122078338185616	1.0493786720290703	4.609980198639439	5.215346869382553	0.8839259044691723	0.618421052631579	0.5657894736842105	-0.01960472873318055	0.17458560403798593	0
transfo-xl-wt103	head_embed_cache_transfo-xl-wt103.jsonl	delta	bid__pst	bid	pst	200	168	32	0	10	3	2	bade,bid	bade	bid	0.0	fisher_exact	True	10	1	1	1	1	1	1		form	form_label	200	2	1.0	100	100	0.0	0.0	0.7104488483916582	0.4533432257083792	0.44039989241382976	1.5546372921481142	0.2832814410397353	3.579066186381011	6.534120670474091	0.5477502432046955	1.0	1.0	1.0	1.0	0
transfo-xl-wt103	head_embed_cache_transfo-xl-wt103.jsonl	delta	bid__pst	bid	pst	200	168	32	0	10	3	2	bade,bid	bade	bid	0.0	fisher_exact	True	10	1	1	1	1	1	1		raw	raw_label	200	10	2.1208109300257063	92	1	0.2	0.3	-0.45610424857089626	-0.19629992163944135	0.9032554265998889	1.0441004657598911	0.8651039399187549	4.583437045816777	5.280794836261509	0.8679445401559247	0.435	0.37	0.06353463115794165	0.13740860206616035	0
transfo-xl-wt103	head_embed_cache_transfo-xl-wt103.jsonl	delta	break__ppt	break	ppt	198	126	72	0	28	6	2	broke,broken	broke	broken	0.2008	fisher_exact	False	28	4	1	1	4	1	1		conditioned-exclude	conditioned_exclude_label	100	6	2.477667024828463	23	5	0.0	0.0	-0.1230162725609378	-0.15879534242328172	0.9344570154685827	1.000539159411653	0.9339534656675221	2.424549531534947	2.3970252402493015	1.0114826873006906	0.33	0.32	0.06441659917227847	0.11222288028175476	0
transfo-xl-wt103	head_embed_cache_transfo-xl-wt103.jsonl	delta	break__ppt	break	ppt	198	126	72	0	28	6	2	broke,broken	broke	broken	0.2008	fisher_exact	False	28	4	1	1	4	1	1		form	form_label	198	2	0.999926399368686	100	98	0.0	0.0	0.3914020418577435	0.17888659055255568	0.7526868530784843	1.2428536159662118	0.6056118302341945	2.0814191162056064	2.528211234943385	0.823277377869977	1.0	1.0	1.0	1.0	0
transfo-xl-wt103	head_embed_cache_transfo-xl-wt103.jsonl	delta	break__ppt	break	ppt	198	126	72	0	28	6	2	broke,broken	broke	broken	0.2008	fisher_exact	False	28	4	1	1	4	1	1		raw	raw_label	198	28	3.9537957327683686	26	1	0.42857142857142855	0.4642857142857143	-0.3220635488080431	-0.3009024544567263	0.9634383026916219	1.002015543802995	0.9615003566062866	2.305637297900176	2.3059508552384633	0.9998640225408209	0.16666666666666666	0.22727272727272727	0.05079329454297893	0.0926174494666754	0
transfo-xl-wt103	head_embed_cache_transfo-xl-wt103.jsonl	delta	burn__ppt	burn	ppt	198	151	47	0	15	4	2	burned,burnt	burned	burnt	0.0028	fisher_exact	True	15	3	1	0	3	1	0		conditioned-exclude	conditioned_exclude_label	130	3	1.255601055871499	85	16	0.0	0.0	-0.037453197363804036	-0.01799735511355559	0.9977369902133485	1.0074684588021436	0.9903406717066203	1.8050759204929379	1.8192525172072131	0.9922074607124699	0.46153846153846156	0.4076923076923077	0.0034404535936640055	0.007943864705283833	0
transfo-xl-wt103	head_embed_cache_transfo-xl-wt103.jsonl	delta	burn__ppt	burn	ppt	198	151	47	0	15	4	2	burned,burnt	burned	burnt	0.0028	fisher_exact	True	15	3	1	0	3	1	0		form	form_label	198	2	1.0	99	99	0.0	0.0	0.6330622166966471	0.3732225278755981	0.5323088596962376	1.466338144569237	0.3630191723973824	1.363911074598128	2.156993191216743	0.6323205284800906	1.0	1.0	1.0	1.0	0
transfo-xl-wt103	head_embed_cache_transfo-xl-wt103.jsonl	delta	burn__ppt	burn	ppt	198	151	47	0	15	4	2	burned,burnt	burned	burnt	0.0028	fisher_exact	True	15	3	1	0	3	1	0		raw	raw_label	198	15	2.8391360051667687	85	1	0.13333333333333333	0.13333333333333333	-0.43701300955444844	-0.2584540604228501	0.9917657644817358	1.0045891424293316	0.9872352015306617	1.7883612486850011	1.754913969199091	1.0190592131995935	0.07575757575757576	0.06565656565656566	0.02762857393901241	0.0691348980919852	0
transfo-xl-wt103	head_embed_cache_transfo-xl-wt103.jsonl	delta	burn__pst	burn	pst	198	130	68	0	20	3	2	burned,burnt	burned	burnt	0.0	fisher_exact	True	21	2	0	1	2	0	1		conditioned-exclude	conditioned_exclude_label	130	4	1.3101187762447488	89	3	0.0	0.0	-0.31152484701110045	-0.16716588673381058	0.9731630289707189	1.0324315926811338	0.9425932292942532	1.6107226827104604	1.710192640669944	0.9418369863172154	0.2230769230769231	0.24615384615384617	0.00890555209008595	0.11938659519531594	0
transfo-xl-wt103	head_embed_cache_transfo-xl-wt103.jsonl	delta	burn__pst	burn	pst	198	130	68	0	20	3	2	burned,burnt	burned	burnt	0.0	fisher_exact	True	21	2	0	1	2	0	1		form	form_label	198	2	0.999926399368686	100	98	0.0	0.0	0.6329604738154615	0.3829287043402504	0.5333365385326624	1.463255848335152	0.36448618274068506	1.288548050970547	2.0883292839440646	0.6170234076002453	1.0	1.0	1.0	1.0	0
transfo-xl-wt103	head_embed_cache_transfo-xl-wt103.jsonl	delta	burn__pst	burn	pst	198	130	68	0	20	3	2	burned,burnt	burned	burnt	0.0	fisher_exact	True	21	2	0	1	2	0	1		raw	raw_label	198	20	3.042396475146948	89	1	0.05	0.4	-0.42829024654348724	-0.25082995488543297	0.976391207453296	1.0078159598222436	0.9688189574071736	1.6163247217692462	1.7124809208745984	0.9438497691079424	0.18181818181818182	0.15656565656565657	0.03391272321912156	0.08746395336526408	0
transfo-xl-wt103	head_embed_cache_transfo-xl-wt103.jsonl	delta	creep__ppt	creep	ppt	200	173	27	0	7	3	2	creeped,crept	creeped	crept	0.0	fisher_exact	True	7	0	1	2	0	1	2		conditioned-exclude	conditioned_exclude_label	100	3	0.992997266270944	72	3	0.0	0.0	0.34871111371276486	0.27287344182210477	0.30238093570439134	1.512875216427762	0.19987169623835904	3.221979517709774	7.24317198462649	0.44482990664150607	0.99	0.99	0.49051203610761895	0.6365502733933145	0
transfo-xl-wt103	head_embed_cache_transfo-xl-wt103.jsonl	delta	creep__ppt	creep	ppt	200	173	27	0	7	3	2	creeped,crept	creeped	crept	0.0	fisher_exact	True	7	0	1	2	0	1	2		form	form_label	200	2	1.0	100	100	0.0	0.0	0.8249333583684475	0.5801622467660114	0.2893282772322541	1.6745408529296915	0.1727806620698803	3.207953696002437	7.724764832890766	0.4152817290105069	1.0	1.0	1.0	1.0	0
transfo-xl-wt103	head_embed_cache_transfo-xl-wt103.jsonl	delta	creep__ppt	creep	ppt	200	173	27	0	7	3	2	creeped,crept	creeped	crept	0.0	fisher_exact	True	7	0	1	2	0	1	2		raw	raw_label	200	7	2.047756286887821	73	1	0.14285714285714285	0.2857142857142857	-0.2744067473549755	-0.14098990791899188	0.46516252707671196	1.1941973968091015	0.3895189591935365	3.7682373225675536	6.163735329766868	0.6113561210795987	0.6	0.515	0.26995857601469825	0.3515167877904478	0
transfo-xl-wt103	head_embed_cache_transfo-xl-wt103.jsonl	delta	creep__pst	creep	pst	199	192	7	0	6	4	2	creeped,crept	creeped	crept	0.0	fisher_exact	True	6	0	1	3	0	1	3		conditioned-exclude	conditioned_exclude_label	150	5	1.6571237065559545	80	2	0.0	0.2	0.017628661091417353	-0.005575283336984429	0.27945296905692973	1.4017892100373754	0.19935448714823448	3.1526433517996306	6.873602770333208	0.4586595206529227	0.84	0.7333333333333333	0.4801521717743602	0.5440415168219697	0
transfo-xl-wt103	head_embed_cache_transfo-xl-wt103.jsonl	delta	creep__pst	creep	pst	199	192	7	0	6	4	2	creeped,crept	creeped	crept	0.0	fisher_exact	True	6	0	1	3	0	1	3		form	form_label	199	2	0.9999817845368457	100	99	0.0	0.0	0.837961816385251	0.5947978182154329	0.27452317770576823	1.712542110152798	0.16030156343500043	3.1661280551964595	7.911792596668482	0.40017834346790904	1.0	1.0	1.0	1.0	0
transfo-xl-wt103	head_embed_cache_transfo-xl-wt103.jsonl	delta	creep__pst	creep	pst	199	192	7	0	6	4	2	creeped,crept	creeped	crept	0.0	fisher_exact	True	6	0	1	3	0	1	3		raw	raw_label	199	6	2.074652806440842	80	1	0.16666666666666666	0.16666666666666666	-0.1256841733479999	-0.04831390922501848	0.3886804482116167	1.216881017853034	0.3194071092483412	3.516989256751437	6.2853851686443765	0.5595503159132532	0.6733668341708543	0.5326633165829145	0.24388515933439872	0.33116218701195815	0
transfo-xl-wt103	head_embed_cache_transfo-xl-wt103.jsonl	delta	disprove__ppt	disprove	ppt	197	197	0	0	1	1	2	disproved,disproven	disproved	disproven		fisher_exact	False	1	1	0	0	1	0	0		conditioned-exclude	conditioned_exclude_label	197	1	-0.0	197	197	0.0	0.0													0
transfo-xl-wt103	head_embed_cache_transfo-xl-wt103.jsonl	delta	disprove__ppt	disprove	ppt	197	197	0	0	1	1	2	disproved,disproven	disproved	disproven		fisher_exact	False	1	1	0	0	1	0	0		form	form_label	197	2	0.9999814128006821	99	98	0.0	0.0	0.5502199611805982	0.30594727098566105	0.6138586644719194	1.3838501786099187	0.4435875168860708	2.0855274823618433	2.9775311302473892	0.7004217222704793	1.0	1.0	0.9796949082663369	0.9589098519422216	0
transfo-xl-wt103	head_embed_cache_transfo-xl-wt103.jsonl	delta	disprove__ppt	disprove	ppt	197	197	0	0	1	1	2	disproved,disproven	disproved	disproven		fisher_exact	False	1	1	0	0	1	0	0		raw	raw_label	197	1	-0.0	197	197	0.0	0.0													0
transfo-xl-wt103	head_embed_cache_transfo-xl-wt103.jsonl	delta	dive__pst	dive	pst	198	182	16	0	7	3	2	dived,dove	dived	dove	0.0014	fisher_exact	True	7	1	2	0	1	2	0		conditioned-exclude	conditioned_exclude_label	67	1	-0.0	67	67	0.0	0.0													0
transfo-xl-wt103	head_embed_cache_transfo-xl-wt103.jsonl	delta	dive__pst	dive	pst	198	182	16	0	7	3	2	dived,dove	dived	dove	0.0014	fisher_exact	True	7	1	2	0	1	2	0		form	form_label	198	2	1.0	99	99	0.0	0.0	0.7646522578059294	0.503246740427875	0.3762121052034825	1.6212040001072237	0.23205722733141573	2.94053399225011	5.94033154565512	0.4950117631735348	1.0	1.0	1.0	1.0	0
transfo-xl-wt103	head_embed_cache_transfo-xl-wt103.jsonl	delta	dive__pst	dive	pst	198	182	16	0	7	3	2	dived,dove	dived	dove	0.0014	fisher_exact	True	7	1	2	0	1	2	0		raw	raw_label	198	7	1.907799970324791	73	1	0.42857142857142855	0.42857142857142855	-0.3295632809532564	-0.21336372457116032	0.9712110489163036	1.0147739751618714	0.9570713012830085	4.3425685458020915	4.492450944563345	0.966636831295256	0.30303030303030304	0.2777777777777778	0.052422275588815626	0.04225882806219555	0
transfo-xl-wt103	head_embed_cache_transfo-xl-wt103.jsonl	delta	dream__ppt	dream	ppt	199	181	18	0	5	3	2	dreamed,dreamt	dreamed	dreamt	0.0015	fisher_exact	True	5	3	0	0	3	0	0		conditioned-exclude	conditioned_exclude_label	181	3	1.3099792748760353	111	22	0.0	0.0	-0.05926714923672194	-0.010419324327789347	0.9989925484991673	1.0028643702911602	0.9961392368632372	1.9798752979796184	2.0507038358368868	0.965461352039475	0.47513812154696133	0.4198895027624309	0.004633845263604681	0.015755589059719625	0
transfo-xl-wt103	head_embed_cache_transfo-xl-wt103.jsonl	delta	dream__ppt	dream	ppt	199	181	18	0	5	3	2	dreamed,dreamt	dreamed	dreamt	0.0015	fisher_exact	True	5	3	0	0	3	0	0		form	form_label	199	2	0.9999817845368457	100	99	0.0	0.0	0.6523191525734717	0.3894523411380262	0.5111126039250811	1.4871425825237627	0.3436876933869346	1.5262487115014736	2.48565178184094	0.6140235420953023	1.0	1.0	1.0	1.0	0
transfo-xl-wt103	head_embed_cache_transfo-xl-wt103.jsonl	delta	dream__ppt	dream	ppt	199	181	18	0	5	3	2	dreamed,dreamt	dreamed	dreamt	0.0015	fisher_exact	True	5	3	0	0	3	0	0		raw	raw_label	199	5	1.6985903204516677	111	4	0.0	0.0	-0.256589690956296	-0.12525097762116524	0.9945000262863704	1.0059894150991535	0.9885790162000355	1.9740517583664714	2.029729070563621	0.9725690916070445	0.20100502512562815	0.1457286432160804	0.047100431150193085	0.055630791609801666	0
transfo-xl-wt103	head_embed_cache_transfo-xl-wt103.jsonl	delta	dream__pst	dream	pst	197	190	7	0	5	4	2	dreamed,dreamt	dreamed	dreamt	0.0	chi_sq	True	5	0	4	0	0	4	0		conditioned-exclude	conditioned_exclude_label	0	0		0	0															0
transfo-xl-wt103	head_embed_cache_transfo-xl-wt103.jsonl	delta	dream__pst	dream	pst	197	190	7	0	5	4	2	dreamed,dreamt	dreamed	dreamt	0.0	chi_sq	True	5	0	4	0	0	4	0		form	form_label	197	2	0.9999814128006821	99	98	0.0	0.0	0.6553155172125571	0.3922003643891131	0.5062520545273503	1.490770015167814	0.33959098276494526	1.4852352710435808	2.4188729114099683	0.6140195559831346	1.0	1.0	1.0	1.0	0
transfo-xl-wt103	head_embed_cache_transfo-xl-wt103.jsonl	delta	dream__pst	dream	pst	197	190	7	0	5	4	2	dreamed,dreamt	dreamed	dreamt	0.0	chi_sq	True	5	0	4	0	0	4	0		raw	raw_label	197	5	2.0094602437853	69	7	0.0	0.0	-0.15909469101478682	-0.11997599521662514	0.9138400897842469	1.0341760672933018	0.8836407249067324	1.8785119967962047	1.9833065566427925	0.9471616934378632	0.3553299492385787	0.28426395939086296	0.12156665294341025	0.09646396677113177	0
transfo-xl-wt103	head_embed_cache_transfo-xl-wt103.jsonl	delta	drink__ppt	drink	ppt	200	183	17	0	7	3	2	drank,drunk	drank	drunk	0.0185	fisher_exact	True	7	2	1	0	2	1	0		conditioned-exclude	conditioned_exclude_label	132	2	0.7455178428108284	104	28	0.0	0.0	-0.01052010148484477	-0.005404565409921149	0.997948355832241	0.9886582439216106	1.009396686840723	4.24410716335237	4.224622535115849	1.0046121583820948	0.4318181818181818	0.45454545454545453	-0.009036779587509638	-0.005575178156578395	0
transfo-xl-wt103	head_embed_cache_transfo-xl-wt103.jsonl	delta	drink__ppt	drink	ppt	200	183	17	0	7	3	2	drank,drunk	drank	drunk	0.0185	fisher_exact	True	7	2	1	0	2	1	0		form	form_label	200	2	1.0	100	100	0.0	0.0	0.6824115163979415	0.42797406821211004	0.47634631879337624	1.520759068777912	0.31322931329034914	3.215199602891239	5.654504831145904	0.5686085163782003	1.0	1.0	1.0	1.0	0
transfo-xl-wt103	head_embed_cache_transfo-xl-wt103.jsonl	delta	drink__ppt	drink	ppt	200	183	17	0	7	3	2	drank,drunk	drank	drunk	0.0185	fisher_exact	True	7	2	1	0	2	1	0		raw	raw_label	200	7	1.8199338849640223	104	1	0.2857142857142857	0.2857142857142857	-0.5989258820726711	-0.34312539171390116	0.9876654694522253	1.008605999182308	0.9792381467619076	4.352148830234212	4.489825049737443	0.969335950069751	0.175	0.07	-0.0019459686037401102	0.016121810233181252	0
transfo-xl-wt103	head_embed_cache_transfo-xl-wt103.jsonl	delta	drive__ppt	drive	ppt	142	93	49	0	15	4	2	driven,drove	driven	drove	0.0	fisher_exact	True	15	0	0	4	0	0	4		conditioned-exclude	conditioned_exclude_label	93	6	2.257035960830074	27	3	0.0	0.0	0.03826536786892044	-0.055983586871273	0.5680173724875143	1.0030714683668374	0.5662780673169165	2.9327683385113525	3.716464614312539	0.7891285516931654	0.6129032258064516	0.5591397849462365	0.4014439596079875	0.5415890901390082	0
transfo-xl-wt103	head_embed_cache_transfo-xl-wt103.jsonl	delta	drive__ppt	drive	ppt	142	93	49	0	15	4	2	driven,drove	driven	drove	0.0	fisher_exact	True	15	0	0	4	0	0	4		form	form_label	142	2	0.9998568991526107	72	70	0.0	0.0	0.4875058544909082	0.2612402179347499	0.643838975549496	1.2624779702154654	0.5099803645996396	2.8607315037639216	3.9121821739568783	0.7312367820720646	1.0	1.0	1.0	1.0	0
transfo-xl-wt103	head_embed_cache_transfo-xl-wt103.jsonl	delta	drive__ppt	drive	ppt	142	93	49	0	15	4	2	driven,drove	driven	drove	0.0	fisher_exact	True	15	0	0	4	0	0	4		raw	raw_label	142	15	3.2081115221477225	31	1	0.3333333333333333	0.4	-0.20091215814753033	-0.1842223300980553	0.7111789279243378	0.9907899427861163	0.7177898131711873	2.9378794509792914	3.4558409244574873	0.8501199896637291	0.39436619718309857	0.36619718309859156	0.14092801224784413	0.23674476162783556	0
transfo-xl-wt103	head_embed_cache_transfo-xl-wt103.jsonl	delta	eat__ppt	eat	ppt	199	171	28	0	8	2	2	ate,eaten	ate	eaten	0.0053	fisher_exact	True	8	1	1	0	1	1	0		conditioned-exclude	conditioned_exclude_label	142	1	-0.0	142	142	0.0	0.0													0
transfo-xl-wt103	head_embed_cache_transfo-xl-wt103.jsonl	delta	eat__ppt	eat	ppt	199	171	28	0	8	2	2	ate,eaten	ate	eaten	0.0053	fisher_exact	True	8	1	1	0	1	1	0		form	form_label	199	2	0.9999817845368457	100	99	0.0	0.0	0.596988903026708	0.33774395357046205	0.5652518771799147	1.4144882629832776	0.39961581299214866	2.784538907450372	4.202759711851491	0.662550109538303	1.0	1.0	1.0	1.0	0
transfo-xl-wt103	head_embed_cache_transfo-xl-wt103.jsonl	delta	eat__ppt	eat	ppt	199	171	28	0	8	2	2	ate,eaten	ate	eaten	0.0053	fisher_exact	True	8	1	1	0	1	1	0		raw	raw_label	199	8	1.4428159561419673	142	1	0.125	0.25	-0.45789793053729616	-0.19336525544949135	0.9791546719482984	1.0067419931908188	0.9725974267199446	3.3918711471271115	3.618040884452703	0.9374883411910907	0.271356783919598	0.271356783919598	0.016387386741946893	0.04426186103846113	0
transfo-xl-wt103	head_embed_cache_transfo-xl-wt103.jsonl	delta	fall__ppt	fall	ppt	200	151	49	0	14	4	2	fallen,fell	fallen	fell	0.0	fisher_exact	True	14	0	2	2	0	2	2		conditioned-exclude	conditioned_exclude_label	69	4	1.5574653812571848	30	4	0.0	0.0	0.09614557278330708	0.03526043363127386	0.673323927354944	1.1726515813145661	0.5741892460505057	0.5443141845734542	0.7026639327239015	0.7746436941247306	0.9130434782608695	0.9130434782608695	0.6982134679123627	0.6739215073561861	0
transfo-xl-wt103	head_embed_cache_transfo-xl-wt103.jsonl	delta	fall__ppt	fall	ppt	200	151	49	0	14	4	2	fallen,fell	fallen	fell	0.0	fisher_exact	True	14	0	2	2	0	2	2		form	form_label	200	2	1.0	100	100	0.0	0.0	0.4507724845915163	0.2251046722844475	0.7042483495327891	1.2884971908169096	0.5465656848551562	0.6508922259063479	0.8315332031632126	0.7827615583241976	0.995	0.995	1.0	1.0	0
transfo-xl-wt103	head_embed_cache_transfo-xl-wt103.jsonl	delta	fall__ppt	fall	ppt	200	151	49	0	14	4	2	fallen,fell	fallen	fell	0.0	fisher_exact	True	14	0	2	2	0	2	2		raw	raw_label	200	14	2.949755162174359	51	1	0.21428571428571427	0.35714285714285715	-0.24953248641430398	-0.21450389051330127	0.8881318529938413	1.0181542872721017	0.8722959418786872	0.7178538673592523	0.7460757188068046	0.9621729393731143	0.305	0.345	0.11250580306950873	0.1284492211645163	0
transfo-xl-wt103	head_embed_cache_transfo-xl-wt103.jsonl	delta	fall__pst	fall	pst	199	0	199	0	22	0	2	fell,felled					False	0	0	0	0	0	0	0	missing_conditioning_forms;missing_conditioning_rows;missing_pair_test;missing_cond_counts	conditioned-exclude	conditioned_exclude_label	0	0		0	0															0
transfo-xl-wt103	head_embed_cache_transfo-xl-wt103.jsonl	delta	fall__pst	fall	pst	199	0	199	0	22	0	2	fell,felled					False	0	0	0	0	0	0	0	missing_conditioning_forms;missing_conditioning_rows;missing_pair_test;missing_cond_counts	form	form_label	199	2	0.9999817845368457	100	99	0.0	0.0	0.6868155992422252	0.43645049626930166	0.46991025682684506	1.5206184147893704	0.30902575705814733	5.939193786938481	10.657564327499305	0.5572749649386405	1.0	1.0	1.0	1.0	0
transfo-xl-wt103	head_embed_cache_transfo-xl-wt103.jsonl	delta	fall__pst	fall	pst	199	0	199	0	22	0	2	fell,felled					False	0	0	0	0	0	0	0	missing_conditioning_forms;missing_conditioning_rows;missing_pair_test;missing_cond_counts	raw	raw_label	199	22	3.6565111720591474	48	1	0.22727272727272727	0.36363636363636365	-0.09508992964128346	-0.07104510575050342	0.4406864987797703	1.063891041562309	0.41422145836722934	5.813047332071442	8.605955629482041	0.6754679645520444	0.4120603015075377	0.3768844221105528	0.1262714349030956	0.29212407853613387	0
transfo-xl-wt103	head_embed_cache_transfo-xl-wt103.jsonl	delta	fly__pst	fly	pst	198	171	27	0	14	3	2	flew,flied	flew	flied	0.0	fisher_exact	True	14	0	1	2	0	1	2		conditioned-exclude	conditioned_exclude_label	68	3	0.941917968093368	51	2	0.0	0.3333333333333333	0.2408736422458476	0.12354553344649669	0.2587755295560858	0.5459172874398023	0.4740196647182027	3.581864051590809	4.7375288169011	0.756061691659275	0.9264705882352942	0.9117647058823529	0.08402321347402796	0.17013841467584032	0
transfo-xl-wt103	head_embed_cache_transfo-xl-wt103.jsonl	delta	fly__pst	fly	pst	198	171	27	0	14	3	2	flew,flied	flew	flied	0.0	fisher_exact	True	14	0	1	2	0	1	2		form	form_label	198	2	0.999926399368686	100	98	0.0	0.0	0.8587902422276993	0.6339684680932	0.23892132869456206	1.7261975262271227	0.13840903202819574	3.50495199093498	9.700139952604353	0.3613300434901405	1.0	1.0	1.0	1.0	0
transfo-xl-wt103	head_embed_cache_transfo-xl-wt103.jsonl	delta	fly__pst	fly	pst	198	171	27	0	14	3	2	flew,flied	flew	flied	0.0	fisher_exact	True	14	0	1	2	0	1	2		raw	raw_label	198	14	2.1414296982592194	103	1	0.14285714285714285	0.5	0.019334644146251814	0.08231006253431009	0.3608234195133422	1.3128879105046336	0.27483185474276534	3.9877222665447247	7.991575945840932	0.49899072392849636	0.7323232323232324	0.7272727272727273	0.17018866066893573	0.3471158509694085	0
transfo-xl-wt103	head_embed_cache_transfo-xl-wt103.jsonl	delta	forget__ppt	forget	ppt	200	184	16	0	5	3	2	forgot,forgotten	forgot	forgotten	0.0021	fisher_exact	True	5	3	0	0	3	0	0		conditioned-exclude	conditioned_exclude_label	184	3	1.4416232767703003	90	27	0.0	0.0	-0.05773570158184209	-0.015560390600366611	0.9981606942661994	0.9995860926744887	0.9985740113645684	3.085961838138706	3.1699126051324207	0.9735163780673987	0.30434782608695654	0.29347826086956524	0.005103620394781876	-0.0023295047675374048	0
transfo-xl-wt103	head_embed_cache_transfo-xl-wt103.jsonl	delta	forget__ppt	forget	ppt	200	184	16	0	5	3	2	forgot,forgotten	forgot	forgotten	0.0021	fisher_exact	True	5	3	0	0	3	0	0		form	form_label	200	2	1.0	100	100	0.0	0.0	0.633379404785988	0.3737097325335003	0.5317010344007966	1.465232709892778	0.36287821778132784	2.3758146858712257	3.7882332456151153	0.6271563897553653	1.0	1.0	1.0	1.0	0
transfo-xl-wt103	head_embed_cache_transfo-xl-wt103.jsonl	delta	forget__ppt	forget	ppt	200	184	16	0	5	3	2	forgot,forgotten	forgot	forgotten	0.0021	fisher_exact	True	5	3	0	0	3	0	0		raw	raw_label	200	5	1.7933748547876793	90	4	0.0	0.0	-0.23795660739120708	-0.14578681913519204	0.9941463758927577	1.0041497285230112	0.9900379870191597	3.0728968075561776	3.091918855358632	0.9938478179110402	0.24	0.24	0.012545438134646479	0.03421965465483169	0
transfo-xl-wt103	head_embed_cache_transfo-xl-wt103.jsonl	delta	hang__ppt	hang	ppt	198	189	9	0	7	4	2	hanged,hung	hanged	hung	0.0	fisher_exact	True	7	0	1	3	0	1	3		conditioned-exclude	conditioned_exclude_label	67	5	1.7041692098588086	30	1	0.4	0.4	0.008392408086382629	0.010432942009003918	0.43946439125166087	0.5567053237167224	0.7894021711839796	4.114400101770036	4.584548942681824	0.8974492699740347	0.6417910447761194	0.582089552238806	0.07782895270820266	0.13315718429073578	0
transfo-xl-wt103	head_embed_cache_transfo-xl-wt103.jsonl	delta	hang__ppt	hang	ppt	198	189	9	0	7	4	2	hanged,hung	hanged	hung	0.0	fisher_exact	True	7	0	1	3	0	1	3		form	form_label	198	2	0.999926399368686	100	98	0.0	0.0	0.7047648090733819	0.4462542016657665	0.44838651664440443	1.5323080550016888	0.292621653446774	4.237153982934793	7.697832102321576	0.5504347102682218	1.0	1.0	1.0	1.0	0
transfo-xl-wt103	head_embed_cache_transfo-xl-wt103.jsonl	delta	hang__ppt	hang	ppt	198	189	9	0	7	4	2	hanged,hung	hanged	hung	0.0	fisher_exact	True	7	0	1	3	0	1	3		raw	raw_label	198	7	1.7446180181763304	122	2	0.0	0.2857142857142857	0.1196599704568814	0.096190647783866	0.7715130811549059	1.1526770589452082	0.6693228386629835	5.212142958061668	6.526605736014119	0.7985993284841487	0.6868686868686869	0.6565656565656566	0.11993982899136185	0.26416006642290046	0
transfo-xl-wt103	head_embed_cache_transfo-xl-wt103.jsonl	delta	hang__pst	hang	pst	198	169	29	0	12	4	2	hanged,hung	hanged	hung	0.0	fisher_exact	True	12	0	0	4	0	0	4		conditioned-exclude	conditioned_exclude_label	169	7	1.910016434686177	93	1	0.14285714285714285	0.14285714285714285	-0.12043168897380085	-0.03350368349500294	0.3748105118734836	1.3191105645630998	0.284138814396975	4.388382135572358	7.818221959744385	0.5613018098191517	0.6627218934911243	0.6627218934911243	0.33839756204698956	0.44494831673251906	0
transfo-xl-wt103	head_embed_cache_transfo-xl-wt103.jsonl	delta	hang__pst	hang	pst	198	169	29	0	12	4	2	hanged,hung	hanged	hung	0.0	fisher_exact	True	12	0	0	4	0	0	4		form	form_label	198	2	1.0	99	99	0.0	0.0	0.7576887278920197	0.5058141826139353	0.3844110290636452	1.6103248115536666	0.23871645416228757	4.410900021020927	8.997901826310184	0.49021428619317664	1.0	1.0	1.0	1.0	0
transfo-xl-wt103	head_embed_cache_transfo-xl-wt103.jsonl	delta	hang__pst	hang	pst	198	169	29	0	12	4	2	hanged,hung	hanged	hung	0.0	fisher_exact	True	12	0	0	4	0	0	4		raw	raw_label	198	12	2.410290575096467	96	1	0.16666666666666666	0.25	-0.1073458635824989	-0.08239278890851723	0.46410826980132225	1.2115250814673542	0.383077723194316	4.722909599121109	7.500280411635553	0.6296977366065177	0.6313131313131313	0.6161616161616161	0.10766904550856544	0.2731174570704871	0
transfo-xl-wt103	head_embed_cache_transfo-xl-wt103.jsonl	delta	heave__pst	heave	pst	126	92	34	0	15	4	2	heaved,hove	heaved	hove	0.0	fisher_exact	True	15	2	0	2	2	0	2		conditioned-exclude	conditioned_exclude_label	92	4	1.9235779097042376	36	17	0.0	0.0	0.15515247778062444	0.0772758045399778	0.4345725422056049	1.2084544009944098	0.359610211066305	5.438253070785528	9.319730349973302	0.5835204310177394	0.6304347826086957	0.5434782608695652	0.32418377178472996	0.3334346659775241	0
transfo-xl-wt103	head_embed_cache_transfo-xl-wt103.jsonl	delta	heave__pst	heave	pst	126	92	34	0	15	4	2	heaved,hove	heaved	hove	0.0	fisher_exact	True	15	2	0	2	2	0	2		form	form_label	126	2	1.0	63	63	0.0	0.0	0.8504457917752597	0.6147181185610902	0.25433849640838785	1.7419201514131712	0.1460104220058825	4.490387019051954	11.980122985657122	0.374819776426999	1.0	1.0	1.0	1.0	0
transfo-xl-wt103	head_embed_cache_transfo-xl-wt103.jsonl	delta	heave__pst	heave	pst	126	92	34	0	15	4	2	heaved,hove	heaved	hove	0.0	fisher_exact	True	15	2	0	2	2	0	2		raw	raw_label	126	15	3.0756536995235515	36	1	0.26666666666666666	0.4	-0.4687978419447625	-0.24632565128509473	0.44557006990821146	1.1043871680812005	0.4034545880158676	5.467997921780669	8.767589921850663	0.6236603183450994	0.40476190476190477	0.3253968253968254	0.1828905076629764	0.203423092799857	0
transfo-xl-wt103	head_embed_cache_transfo-xl-wt103.jsonl	delta	kneel__pst	kneel	pst	200	200	0	0	2	2	2	kneeled,knelt	kneeled	knelt	0.2008	chi_sq	False	2	2	0	0	2	0	0		conditioned-exclude	conditioned_exclude_label	200	2	0.9927744539878083	110	90	0.0	0.0	0.008345932206270657	0.007830478307615438	0.9992844348673218	1.007748418086974	0.9916010950077009	3.048231850120927	3.0693376832424786	0.993123652299067	0.55	0.55	0.005050249987374375	0.0036915009604562227	0
transfo-xl-wt103	head_embed_cache_transfo-xl-wt103.jsonl	delta	kneel__pst	kneel	pst	200	200	0	0	2	2	2	kneeled,knelt	kneeled	knelt	0.2008	chi_sq	False	2	2	0	0	2	0	0		form	form_label	200	2	1.0	100	100	0.0	0.0	0.8252075933108793	0.5842845907609616	0.29110847622196917	1.7087579773136763	0.17036261430048644	1.7733949316935262	4.33121517415439	0.40944512345539547	1.0	1.0	1.0	1.0	0
transfo-xl-wt103	head_embed_cache_transfo-xl-wt103.jsonl	delta	kneel__pst	kneel	pst	200	200	0	0	2	2	2	kneeled,knelt	kneeled	knelt	0.2008	chi_sq	False	2	2	0	0	2	0	0		raw	raw_label	200	2	0.9927744539878083	110	90	0.0	0.0	0.008345932206270657	0.007830478307615438	0.9992844348673218	1.007748418086974	0.9916010950077009	3.048231850120927	3.0693376832424786	0.993123652299067	0.55	0.55	0.005050249987374375	0.0036915009604562227	0
transfo-xl-wt103	head_embed_cache_transfo-xl-wt103.jsonl	delta	knit__ppt	knit	ppt	200	178	22	0	7	2	2	knit,knitted	knit	knitted	0.0041	fisher_exact	True	7	0	2	0	0	2	0		conditioned-exclude	conditioned_exclude_label	0	0		0	0															0
transfo-xl-wt103	head_embed_cache_transfo-xl-wt103.jsonl	delta	knit__ppt	knit	ppt	200	178	22	0	7	2	2	knit,knitted	knit	knitted	0.0041	fisher_exact	True	7	0	2	0	0	2	0		form	form_label	200	2	1.0	100	100	0.0	0.0	0.6427298710497535	0.383397580435132	0.5210105701219162	1.4680367270726666	0.3549029533892081	2.5920057493630257	4.208007992458483	0.6159697781012708	1.0	1.0	1.0	1.0	0
transfo-xl-wt103	head_embed_cache_transfo-xl-wt103.jsonl	delta	knit__ppt	knit	ppt	200	178	22	0	7	2	2	knit,knitted	knit	knitted	0.0041	fisher_exact	True	7	0	2	0	0	2	0		raw	raw_label	200	7	1.5863227789388623	110	1	0.14285714285714285	0.14285714285714285	-0.3101432669233276	-0.1844291703145098	0.9698553641018939	1.0163484252840609	0.9542548007892346	3.1946676861049013	3.55460980321566	0.8987393449528163	0.505	0.4	0.09740786777371932	0.08043372364727754	0
transfo-xl-wt103	head_embed_cache_transfo-xl-wt103.jsonl	delta	knit__pst	knit	pst	187	158	29	0	7	4	2	knit,knitted	knit	knitted	0.0	fisher_exact	True	7	1	3	0	1	3	0		conditioned-exclude	conditioned_exclude_label	17	1	-0.0	17	17	0.0	0.0													0
transfo-xl-wt103	head_embed_cache_transfo-xl-wt103.jsonl	delta	knit__pst	knit	pst	187	158	29	0	7	4	2	knit,knitted	knit	knitted	0.0	fisher_exact	True	7	1	3	0	1	3	0		form	form_label	187	2	0.9999793717018354	94	93	0.0	0.0	0.6769323762975817	0.41438426633063535	0.48203476134934814	1.5138872704026158	0.3184086231342389	2.479727062831433	4.226565911988943	0.5867001992794003	1.0	1.0	1.0	1.0	0
transfo-xl-wt103	head_embed_cache_transfo-xl-wt103.jsonl	delta	knit__pst	knit	pst	187	158	29	0	7	4	2	knit,knitted	knit	knitted	0.0	fisher_exact	True	7	1	3	0	1	3	0		raw	raw_label	187	7	2.2838312942430568	86	6	0.0	0.0	-0.17477474796778608	-0.104834858016964	0.9477279437326119	1.020345113326523	0.9288307763270753	3.2138536287933683	3.41113281173332	0.9421660797664143	0.43315508021390375	0.3422459893048128	0.05283678335132912	0.0720184300380991	0
transfo-xl-wt103	head_embed_cache_transfo-xl-wt103.jsonl	delta	know__pst	know	pst	197	189	8	0	6	3	2	knew,knowed	knew	knowed	0.002	fisher_exact	True	6	1	2	0	1	2	0		conditioned-exclude	conditioned_exclude_label	49	1	-0.0	49	49	0.0	0.0													0
transfo-xl-wt103	head_embed_cache_transfo-xl-wt103.jsonl	delta	know__pst	know	pst	197	189	8	0	6	3	2	knew,knowed	knew	knowed	0.002	fisher_exact	True	6	1	2	0	1	2	0		form	form_label	197	2	0.9999814128006821	99	98	0.0	0.0	0.8050120929045496	0.5589719610281283	0.32230013212884134	1.6731756932919368	0.19262778763820243	4.024345331528253	9.169116995745076	0.4389021683762731	1.0	1.0	1.0	1.0	0
transfo-xl-wt103	head_embed_cache_transfo-xl-wt103.jsonl	delta	know__pst	know	pst	197	189	8	0	6	3	2	knew,knowed	knew	knowed	0.002	fisher_exact	True	6	1	2	0	1	2	0		raw	raw_label	197	6	1.6746332036712905	105	2	0.0	0.3333333333333333	-0.3434202617382511	-0.2235900076115045	0.9781028101732946	1.0150024697471853	0.9636457440511631	6.541881146504479	6.650526894602648	0.983663587890105	0.38071065989847713	0.3604060913705584	0.04657987702735188	0.04436170987052509	0
transfo-xl-wt103	head_embed_cache_transfo-xl-wt103.jsonl	delta	lay__ppt	lay	ppt	199	156	43	0	15	4	2	laid,lain	laid	lain	0.0	fisher_exact	True	15	1	1	2	1	1	2		conditioned-exclude	conditioned_exclude_label	110	4	1.421596336527379	70	3	0.0	0.0	0.3223780778977805	0.1546796167487194	0.47471855866756724	1.2227358247158615	0.38824294591833197	4.838101879895865	7.543936737857153	0.6413232305643807	0.8	0.7545454545454545	0.40098370393180777	0.5031349106759573	0
transfo-xl-wt103	head_embed_cache_transfo-xl-wt103.jsonl	delta	lay__ppt	lay	ppt	199	156	43	0	15	4	2	laid,lain	laid	lain	0.0	fisher_exact	True	15	1	1	2	1	1	2		form	form_label	199	2	0.9999817845368457	100	99	0.0	0.0	0.6636312244244363	0.41647183007528665	0.486109820248624	1.4586903342194113	0.33325086815547855	4.838553711308712	8.3588836348689	0.5788516652061995	1.0	1.0	1.0	1.0	0
transfo-xl-wt103	head_embed_cache_transfo-xl-wt103.jsonl	delta	lay__ppt	lay	ppt	199	156	43	0	15	4	2	laid,lain	laid	lain	0.0	fisher_exact	True	15	1	1	2	1	1	2		raw	raw_label	199	15	2.789097402690157	73	1	0.26666666666666666	0.3333333333333333	-0.3104499586613922	-0.18397072249616125	0.6348126004725312	1.0642327040058388	0.5964979257666643	5.34908776520253	6.938397691323282	0.7709399205946004	0.5226130653266332	0.47738693467336685	0.07425406204101408	0.21860763320366727	0
transfo-xl-wt103	head_embed_cache_transfo-xl-wt103.jsonl	delta	lay__pst	lay	pst	196	162	34	0	17	5	2	laid,lay	laid	lay	0.0	fisher_exact	True	17	0	1	4	0	1	4		conditioned-exclude	conditioned_exclude_label	91	5	1.998985190670653	32	1	0.2	0.2	-0.009437473022499551	0.02736306007433961	0.529324270664818	1.0274601963083487	0.5151773981772465	4.671304037942082	6.319081275768883	0.739237847098856	0.5934065934065934	0.5824175824175825	0.28135733710308336	0.4616885876005175	0
transfo-xl-wt103	head_embed_cache_transfo-xl-wt103.jsonl	delta	lay__pst	lay	pst	196	162	34	0	17	5	2	laid,lay	laid	lay	0.0	fisher_exact	True	17	0	1	4	0	1	4		form	form_label	196	2	0.9996995428565171	100	96	0.0	0.0	0.6293627082736001	0.37934160589691523	0.5320557002938113	1.4543543285593417	0.3658363645266945	4.627773781398904	7.495961461695612	0.6173689399347694	1.0	1.0	1.0	1.0	0
transfo-xl-wt103	head_embed_cache_transfo-xl-wt103.jsonl	delta	lay__pst	lay	pst	196	162	34	0	17	5	2	laid,lay	laid	lay	0.0	fisher_exact	True	17	0	1	4	0	1	4		raw	raw_label	196	17	2.8975064022045585	71	1	0.35294117647058826	0.5294117647058824	-0.22129853746072878	-0.19452044509024258	0.6951185651652508	1.066554057374979	0.6517424600831658	5.231553409079706	6.267051405316647	0.8347711021871501	0.4642857142857143	0.3979591836734694	0.09636134806367076	0.25553365622971336	0
transfo-xl-wt103	head_embed_cache_transfo-xl-wt103.jsonl	delta	lead__ppt	lead	ppt	198	182	16	0	6	3	2	lead,led	lead	led	0.0	fisher_exact	True	6	1	2	0	1	2	0		conditioned-exclude	conditioned_exclude_label	50	1	-0.0	50	50	0.0	0.0													0
transfo-xl-wt103	head_embed_cache_transfo-xl-wt103.jsonl	delta	lead__ppt	lead	ppt	198	182	16	0	6	3	2	lead,led	lead	led	0.0	fisher_exact	True	6	1	2	0	1	2	0		form	form_label	198	2	0.999926399368686	100	98	0.0	0.0	0.46258848595097996	0.2361432358700152	0.6882004033342365	1.2883068677890226	0.5341898118693709	4.898933995981715	6.464296367258315	0.7578448941163703	1.0	1.0	1.0	1.0	0
transfo-xl-wt103	head_embed_cache_transfo-xl-wt103.jsonl	delta	lead__ppt	lead	ppt	198	182	16	0	6	3	2	lead,led	lead	led	0.0	fisher_exact	True	6	1	2	0	1	2	0		raw	raw_label	198	6	1.9406797937509739	83	3	0.0	0.0	-0.08385163963520235	-0.0403014074125375	0.9434302790951435	1.0095572984722982	0.934498993294169	5.138542338968589	5.919469844476471	0.8680747556748558	0.4494949494949495	0.46464646464646464	0.1276847104742275	0.1781318821325506	0
transfo-xl-wt103	head_embed_cache_transfo-xl-wt103.jsonl	delta	lead__pst	lead	pst	200	191	9	0	8	5	2	lead,led	lead	led	0.0935	fisher_exact	False	8	4	1	0	4	1	0		conditioned-exclude	conditioned_exclude_label	171	4	1.8995310797057041	71	28	0.0	0.0	-0.03521765178898638	-0.051146173982675215	0.9940575417683031	0.9950061717412276	0.999046608955938	3.078623714008998	3.2738478703551013	0.9403685925317818	0.3157894736842105	0.25146198830409355	-0.005899285126351642	-0.0002670596661308617	0
transfo-xl-wt103	head_embed_cache_transfo-xl-wt103.jsonl	delta	lead__pst	lead	pst	200	191	9	0	8	5	2	lead,led	lead	led	0.0935	fisher_exact	False	8	4	1	0	4	1	0		form	form_label	200	2	1.0	100	100	0.0	0.0	0.42539203233766437	0.20552990278133343	0.722665139152271	1.2657241552248455	0.5709499468499086	2.9090787476535866	3.6570642822508015	0.7954683109543662	1.0	1.0	1.0	1.0	0
transfo-xl-wt103	head_embed_cache_transfo-xl-wt103.jsonl	delta	lead__pst	lead	pst	200	191	9	0	8	5	2	lead,led	lead	led	0.0935	fisher_exact	False	8	4	1	0	4	1	0		raw	raw_label	200	8	2.405949678185288	71	1	0.125	0.25	-0.17849155902888975	-0.07473634032294946	0.9913808469377177	0.9967221185889901	0.9946411627156084	3.0950849135912417	3.33779915807077	0.927283148869923	0.22	0.18	0.11756793458743978	0.16606680485520706	0
transfo-xl-wt103	head_embed_cache_transfo-xl-wt103.jsonl	delta	leap__ppt	leap	ppt	199	193	6	0	4	3	2	leaped,leapt	leaped	leapt	0.7849	fisher_exact	False	4	3	0	0	3	0	0		conditioned-exclude	conditioned_exclude_label	193	3	1.4136787816545873	110	38	0.0	0.0	-0.020765233608657844	0.023429018155977786	1.0067823896872368	1.000156930275706	1.006624419839499	1.1926711848180869	1.3094070176186017	0.9108483220039401	0.22279792746113988	0.26424870466321243	0.024708489141919875	0.007052442071810977	0
transfo-xl-wt103	head_embed_cache_transfo-xl-wt103.jsonl	delta	leap__ppt	leap	ppt	199	193	6	0	4	3	2	leaped,leapt	leaped	leapt	0.7849	fisher_exact	False	4	3	0	0	3	0	0		form	form_label	199	2	0.9999817845368457	100	99	0.0	0.0	0.6325445912504196	0.3711546172753939	0.5316023675874477	1.4690785431672095	0.3618610931729748	0.9827118227003406	1.5437168580150047	0.6365881266361015	1.0	1.0	1.0	1.0	0
transfo-xl-wt103	head_embed_cache_transfo-xl-wt103.jsonl	delta	leap__ppt	leap	ppt	199	193	6	0	4	3	2	leaped,leapt	leaped	leapt	0.7849	fisher_exact	False	4	3	0	0	3	0	0		raw	raw_label	199	4	1.566202618846508	110	6	0.0	0.0	-0.07687976124797409	-0.001041666435288593	1.0067283006347918	1.0001070413644064	1.0066205505976162	1.1929733910695792	1.310625223972797	0.9102322839884092	0.12060301507537688	0.20603015075376885	-0.0006713418291227332	0.0032566359648305773	0
transfo-xl-wt103	head_embed_cache_transfo-xl-wt103.jsonl	delta	leap__pst	leap	pst	199	196	3	0	4	3	2	leaped,leapt	leaped	leapt	0.2713	fisher_exact	False	4	3	0	0	3	0	0		conditioned-exclude	conditioned_exclude_label	196	3	0.8545657618096906	161	16	0.0	0.0	-0.08153942740414055	-0.009127303590680697	1.000771572371	1.0028379023256133	0.9979395174934839	1.1096990725438645	1.171126722573273	0.9475482466197714	0.4489795918367347	0.3826530612244898	0.010880450921965714	-0.006016690141582125	0
transfo-xl-wt103	head_embed_cache_transfo-xl-wt103.jsonl	delta	leap__pst	leap	pst	199	196	3	0	4	3	2	leaped,leapt	leaped	leapt	0.2713	fisher_exact	False	4	3	0	0	3	0	0		form	form_label	199	2	0.9999817845368457	100	99	0.0	0.0	0.6615217318161238	0.3983616641083347	0.5017514425950063	1.4970827949624639	0.33515276795869303	0.8493889712484689	1.400387484105241	0.6065385337195974	1.0	1.0	1.0	1.0	0
transfo-xl-wt103	head_embed_cache_transfo-xl-wt103.jsonl	delta	leap__pst	leap	pst	199	196	3	0	4	3	2	leaped,leapt	leaped	leapt	0.2713	fisher_exact	False	4	3	0	0	3	0	0		raw	raw_label	199	4	0.9544983510258352	161	3	0.0	0.0	-0.2324702959014054	-0.11752657020017741	1.00068458231669	1.0044073650317102	0.9962935529500995	1.1096186626240934	1.1598867992091815	0.9566611701940558	0.40703517587939697	0.32663316582914576	-0.008288367876730261	0.0009686421371537439	0
transfo-xl-wt103	head_embed_cache_transfo-xl-wt103.jsonl	delta	learn__ppt	learn	ppt	198	181	17	0	6	3	2	learned,learnt	learned	learnt	0.0303	fisher_exact	True	6	3	0	0	3	0	0		conditioned-exclude	conditioned_exclude_label	181	3	1.4210386787869993	92	25	0.0	0.0	-0.018707199221150803	-0.0854831611501085	0.987827096480249	1.0069810918104911	0.9809787934589672	1.0791810423331936	1.061917979756586	1.016256493350423	0.4861878453038674	0.4861878453038674	0.014996154415575082	0.006179240275430618	0
transfo-xl-wt103	head_embed_cache_transfo-xl-wt103.jsonl	delta	learn__ppt	learn	ppt	198	181	17	0	6	3	2	learned,learnt	learned	learnt	0.0303	fisher_exact	True	6	3	0	0	3	0	0		form	form_label	198	2	0.999926399368686	100	98	0.0	0.0	0.5473566743638355	0.29383420134498006	0.616621001011893	1.3828974905953892	0.4458906066467837	0.8840736207951975	1.2274620581917317	0.7202451716492109	1.0	1.0	1.0	1.0	0
transfo-xl-wt103	head_embed_cache_transfo-xl-wt103.jsonl	delta	learn__ppt	learn	ppt	198	181	17	0	6	3	2	learned,learnt	learned	learnt	0.0303	fisher_exact	True	6	3	0	0	3	0	0		raw	raw_label	198	6	1.8291297808422493	92	1	0.16666666666666666	0.16666666666666666	-0.21283501501930044	-0.22364460431115935	0.9870006990303977	1.0090954415723759	0.9781044075399349	1.0773106189921038	1.046138300593755	1.0297975118401232	0.3181818181818182	0.29292929292929293	0.03040281621431567	0.009162292492658057	0
transfo-xl-wt103	head_embed_cache_transfo-xl-wt103.jsonl	delta	learn__pst	learn	pst	198	196	2	0	5	4	2	learned,learnt	learned	learnt	0.0124	fisher_exact	True	5	3	1	0	3	1	0		conditioned-exclude	conditioned_exclude_label	174	3	1.3841346159601868	89	20	0.0	0.0	-0.07250950258038297	-0.03998520387747275	0.9969174881866785	1.001613685857334	0.9953113683079962	1.1352638481706614	1.1537126077192064	0.9840092242859193	0.367816091954023	0.367816091954023	0.005968714837546823	0.0046952905262399635	0
transfo-xl-wt103	head_embed_cache_transfo-xl-wt103.jsonl	delta	learn__pst	learn	pst	198	196	2	0	5	4	2	learned,learnt	learned	learnt	0.0124	fisher_exact	True	5	3	1	0	3	1	0		form	form_label	198	2	0.999926399368686	100	98	0.0	0.0	0.571914408841602	0.31263226577706155	0.5925403722043792	1.4065378769684884	0.421275802029222	0.9293476946133477	1.337548863631169	0.6948140138150621	1.0	1.0	1.0	1.0	0
transfo-xl-wt103	head_embed_cache_transfo-xl-wt103.jsonl	delta	learn__pst	learn	pst	198	196	2	0	5	4	2	learned,learnt	learned	learnt	0.0124	fisher_exact	True	5	3	1	0	3	1	0		raw	raw_label	198	5	1.7993554043693738	89	2	0.0	0.2	-0.19792463338883187	-0.11983566251831486	0.9934898421413766	1.0055233182213927	0.9880326235484013	1.1300857907066593	1.136610541816082	0.9942594663084883	0.3383838383838384	0.32323232323232326	-0.016616194967424395	0.01684797948901638	0
transfo-xl-wt103	head_embed_cache_transfo-xl-wt103.jsonl	delta	light__ppt	light	ppt	200	181	19	0	8	2	2	lighted,lit	lighted	lit	0.0007	fisher_exact	True	8	2	0	0	2	0	0		conditioned-exclude	conditioned_exclude_label	181	2	0.9920366649222823	100	81	0.0	0.0	0.0019110263076823888	0.0015700035061052445	1.0013411617665435	1.002974541167361	0.998371464744343	3.8597497221486523	3.8522682021590064	1.0019421077653556	0.5359116022099447	0.5359116022099447	-0.00034186086262891	6.214669701619724e-05	0
transfo-xl-wt103	head_embed_cache_transfo-xl-wt103.jsonl	delta	light__ppt	light	ppt	200	181	19	0	8	2	2	lighted,lit	lighted	lit	0.0007	fisher_exact	True	8	2	0	0	2	0	0		form	form_label	200	2	1.0	100	100	0.0	0.0	0.6599544290067888	0.40303792043560543	0.5019257352546428	1.4966952544064416	0.3353560010141785	2.898694973798992	4.876056202087123	0.5944753000505304	1.0	1.0	1.0	1.0	0
transfo-xl-wt103	head_embed_cache_transfo-xl-wt103.jsonl	delta	light__ppt	light	ppt	200	181	19	0	8	2	2	lighted,lit	lighted	lit	0.0007	fisher_exact	True	8	2	0	0	2	0	0		raw	raw_label	200	8	1.564208781564072	100	1	0.25	0.375	-0.5150483019892231	-0.26030507530592706	0.9989049337585499	1.0038564662031098	0.9950674896150363	3.855836421336887	3.9180631859516373	0.984117978281242	0.05	0.19	0.022097085083003565	0.049298336525208264	0
transfo-xl-wt103	head_embed_cache_transfo-xl-wt103.jsonl	delta	light__pst	light	pst	200	174	26	0	11	3	2	lighted,lit	lighted	lit	0.0	fisher_exact	True	11	2	1	0	2	1	0		conditioned-exclude	conditioned_exclude_label	126	2	0.8049277932345738	95	31	0.0	0.0	-0.009152801258208151	-0.006782499728047923	1.0037676259290047	0.9964026782542287	1.0073915374130467	4.418936988466308	4.375746244596566	1.0098704864165917	0.5	0.5079365079365079	-0.0059750695374472034	-0.005389374280532218	0
transfo-xl-wt103	head_embed_cache_transfo-xl-wt103.jsonl	delta	light__pst	light	pst	200	174	26	0	11	3	2	lighted,lit	lighted	lit	0.0	fisher_exact	True	11	2	1	0	2	1	0		form	form_label	200	2	1.0	100	100	0.0	0.0	0.6993963314818055	0.44504202033018886	0.4581168524197128	1.5411247141333817	0.2972613755515075	3.1687142110538815	5.743872387573756	0.551668630018496	1.0	1.0	1.0	1.0	0
transfo-xl-wt103	head_embed_cache_transfo-xl-wt103.jsonl	delta	light__pst	light	pst	200	174	26	0	11	3	2	lighted,lit	lighted	lit	0.0	fisher_exact	True	11	2	1	0	2	1	0		raw	raw_label	200	11	2.154803285379464	95	1	0.2727272727272727	0.2727272727272727	-0.5096254397253197	-0.26354779934142547	0.9845194889871306	1.0102273861634916	0.9745523656075182	4.410671084135873	4.485811703943579	0.9832492701952585	0.19	0.155	0.0912753732274985	0.1525257910382894	0
transfo-xl-wt103	head_embed_cache_transfo-xl-wt103.jsonl	delta	plead__ppt	plead	ppt	199	177	22	0	9	2	2	pleaded,pled	pleaded	pled	0.001	fisher_exact	True	9	1	0	1	1	0	1		conditioned-exclude	conditioned_exclude_label	177	3	0.6770764657791616	152	4	0.0	0.0	-0.49013584061101556	-0.2981852425099978	0.9838321960036956	1.052286572913374	0.9349470204488549	7.598908880798979	7.714788226554113	0.9849795817652804	0.14124293785310735	0.14124293785310735	-0.006205934291497773	0.15959654484902017	0
transfo-xl-wt103	head_embed_cache_transfo-xl-wt103.jsonl	delta	plead__ppt	plead	ppt	199	177	22	0	9	2	2	pleaded,pled	pleaded	pled	0.001	fisher_exact	True	9	1	0	1	1	0	1		form	form_label	199	2	0.9999817845368457	100	99	0.0	0.0	0.8325388692573977	0.5907271066902503	0.2834826044424878	1.7124786108205032	0.16553935485749643	4.361910044294198	10.778257419007035	0.40469529300739654	1.0	1.0	1.0	1.0	0
transfo-xl-wt103	head_embed_cache_transfo-xl-wt103.jsonl	delta	plead__ppt	plead	ppt	199	177	22	0	9	2	2	pleaded,pled	pleaded	pled	0.001	fisher_exact	True	9	1	0	1	1	0	1		raw	raw_label	199	9	1.316244945976663	152	1	0.1111111111111111	0.3333333333333333	-0.5775714132546956	-0.34342217705787154	0.989008507629415	1.0203607554703957	0.9692733695676808	7.614057438619239	7.544546822209239	1.0092133587408296	0.10552763819095477	0.11055276381909548	0.03251700120434555	0.08703717633949323	0
transfo-xl-wt103	head_embed_cache_transfo-xl-wt103.jsonl	delta	plead__pst	plead	pst	199	192	7	0	7	2	2	pleaded,pled	pleaded	pled	0.0001	fisher_exact	True	7	1	0	1	1	0	1		conditioned-exclude	conditioned_exclude_label	192	3	0.712611304724228	163	5	0.0	0.0	-0.46122283913334877	-0.2741119646062859	0.9808881169031655	1.061241820411721	0.9242833235902996	8.275442131752506	8.308566469880496	0.996013230651994	0.328125	0.16145833333333334	-0.017811169339374395	0.13370735548332674	0
transfo-xl-wt103	head_embed_cache_transfo-xl-wt103.jsonl	delta	plead__pst	plead	pst	199	192	7	0	7	2	2	pleaded,pled	pleaded	pled	0.0001	fisher_exact	True	7	1	0	1	1	0	1		form	form_label	199	2	0.9999817845368457	100	99	0.0	0.0	0.8206586356932938	0.569205504785125	0.3007901896927052	1.6965825663754712	0.17729180745697776	4.923486495988331	11.555999892335207	0.4260545640238324	1.0	1.0	1.0	1.0	0
transfo-xl-wt103	head_embed_cache_transfo-xl-wt103.jsonl	delta	plead__pst	plead	pst	199	192	7	0	7	2	2	pleaded,pled	pleaded	pled	0.0001	fisher_exact	True	7	1	0	1	1	0	1		raw	raw_label	199	7	0.8892671431649289	163	1	0.42857142857142855	0.7142857142857143	-0.6193019387549785	-0.39274678718729	0.9870888759462998	1.0359516199984047	0.9528329864939251	8.296059261593578	8.167787762192111	1.0157045583377207	0.36683417085427134	0.1407035175879397	0.036479730091048004	0.0779965412138103	0
transfo-xl-wt103	head_embed_cache_transfo-xl-wt103.jsonl	delta	prove__ppt	prove	ppt	199	193	6	0	5	3	2	proved,proven	proved	proven	0.0092	fisher_exact	True	5	1	2	0	1	2	0		conditioned-exclude	conditioned_exclude_label	38	1	-0.0	38	38	0.0	0.0													0
transfo-xl-wt103	head_embed_cache_transfo-xl-wt103.jsonl	delta	prove__ppt	prove	ppt	199	193	6	0	5	3	2	proved,proven	proved	proven	0.0092	fisher_exact	True	5	1	2	0	1	2	0		form	form_label	199	2	0.9999817845368457	100	99	0.0	0.0	0.5380071558119159	0.26229490831617774	0.6299279362876599	1.3692753243883367	0.460044758762488	1.4704265184319532	1.99510010731537	0.7370189160134808	1.0	1.0	1.0	1.0	0
transfo-xl-wt103	head_embed_cache_transfo-xl-wt103.jsonl	delta	prove__ppt	prove	ppt	199	193	6	0	5	3	2	proved,proven	proved	proven	0.0092	fisher_exact	True	5	1	2	0	1	2	0		raw	raw_label	199	5	1.6396834687515796	100	1	0.2	0.2	-0.20171942298681278	-0.20740418579330194	0.9811234906438904	1.013039010903956	0.9684952702546107	1.7767961762868332	1.7097588067773006	1.039208670394797	0.35175879396984927	0.3316582914572864	-0.0031986721604494194	0.027749779772620317	0
transfo-xl-wt103	head_embed_cache_transfo-xl-wt103.jsonl	delta	ring__ppt	ring	ppt	200	151	49	0	18	3	2	ringed,rung	ringed	rung	0.0	fisher_exact	True	18	0	0	3	0	0	3		conditioned-exclude	conditioned_exclude_label	151	3	1.3195617324326887	91	18	0.0	0.0	0.5647589077554863	0.3919864926797571	0.3365150546021735	1.406399247094639	0.2392741999096995	3.643003659139301	7.324476393129351	0.49737393686688414	0.9735099337748344	0.9801324503311258	0.4923469476476269	0.6680057260822762	0
transfo-xl-wt103	head_embed_cache_transfo-xl-wt103.jsonl	delta	ring__ppt	ring	ppt	200	151	49	0	18	3	2	ringed,rung	ringed	rung	0.0	fisher_exact	True	18	0	0	3	0	0	3		form	form_label	200	2	1.0	100	100	0.0	0.0	0.7313470188230565	0.4756938496795933	0.4080509413311635	1.534468226510914	0.26592335656176663	4.105846948327226	7.825288806484742	0.5246895098523073	1.0	1.0	1.0	1.0	0
transfo-xl-wt103	head_embed_cache_transfo-xl-wt103.jsonl	delta	ring__ppt	ring	ppt	200	151	49	0	18	3	2	ringed,rung	ringed	rung	0.0	fisher_exact	True	18	0	0	3	0	0	3		raw	raw_label	200	18	2.6489532526715847	91	1	0.2222222222222222	0.5555555555555556	0.026626076873635506	0.02558343051970078	0.33942689623640565	1.1998841349053786	0.2828830604241404	3.655694380994169	6.800022945614894	0.53760030079775	0.68	0.665	0.30132145284875145	0.4210830197006842	0
transfo-xl-wt103	head_embed_cache_transfo-xl-wt103.jsonl	delta	see__ppt	see	ppt	199	195	4	0	8	5	2	saw,seen	saw	seen	0.0008	fisher_exact	True	8	3	1	1	3	1	1		conditioned-exclude	conditioned_exclude_label	108	5	1.9809080920530442	37	2	0.0	0.2	-0.1272300121137614	-0.26667205517210996	0.9736841457974518	0.9933937542110013	0.9801593191722815	2.2657042220793544	2.3528631060014	0.9629562452232214	0.2037037037037037	0.3148148148148148	0.030425951683961193	0.09148332389065537	0
transfo-xl-wt103	head_embed_cache_transfo-xl-wt103.jsonl	delta	see__ppt	see	ppt	199	195	4	0	8	5	2	saw,seen	saw	seen	0.0008	fisher_exact	True	8	3	1	1	3	1	1		form	form_label	199	2	0.9999817845368457	100	99	0.0	0.0	0.353830707052047	0.1377607407039882	0.7777310472130372	1.2121884740593414	0.6415925112772226	2.37050718237447	2.716455408062409	0.8726471913872879	0.9949748743718593	0.9949748743718593	0.008049665859091722	0.04470673327701862	0
transfo-xl-wt103	head_embed_cache_transfo-xl-wt103.jsonl	delta	see__ppt	see	ppt	199	195	4	0	8	5	2	saw,seen	saw	seen	0.0008	fisher_exact	True	8	3	1	1	3	1	1		raw	raw_label	199	8	2.1725562040364252	87	1	0.25	0.375	-0.2416085042978032	-0.38838074691219965	0.9845761186482748	1.0003292907918742	0.9842520135233379	2.676707192818595	2.495008428171594	1.0728249101667982	0.10552763819095477	0.23618090452261306	0.0197753185944647	0.03409532065352463	0
transfo-xl-wt103	head_embed_cache_transfo-xl-wt103.jsonl	delta	see__pst	see	pst	198	181	17	0	7	4	2	saw,seen	saw	seen	0.0	fisher_exact	True	7	2	2	0	2	2	0		conditioned-exclude	conditioned_exclude_label	48	2	0.8960382325345574	33	15	0.0	0.0	0.01659727901819232	-0.009220991590772642	0.988602875698276	0.997640384623905	0.9909411155914303	4.892507918051412	4.7813942870691895	1.0232387509398082	0.6041666666666666	0.5833333333333334	0.024742035098290278	0.03709482836203504	0
transfo-xl-wt103	head_embed_cache_transfo-xl-wt103.jsonl	delta	see__pst	see	pst	198	181	17	0	7	4	2	saw,seen	saw	seen	0.0	fisher_exact	True	7	2	2	0	2	2	0		form	form_label	198	2	1.0	99	99	0.0	0.0	0.536638098610715	0.2897082273655332	0.623084950128285	1.3593552789813255	0.45836799235826914	3.964086560079636	5.610455840190116	0.7065533840732109	1.0	1.0	1.0	1.0	0
transfo-xl-wt103	head_embed_cache_transfo-xl-wt103.jsonl	delta	see__pst	see	pst	198	181	17	0	7	4	2	saw,seen	saw	seen	0.0	fisher_exact	True	7	2	2	0	2	2	0		raw	raw_label	198	7	2.0003727600551207	102	1	0.14285714285714285	0.2857142857142857	-0.24814751653898304	-0.11901198996013371	0.95954137139797	1.0092508311355464	0.9507461790428784	4.428701142685797	4.966209660372687	0.8917668494796184	0.3939393939393939	0.2777777777777778	0.05774603172571447	0.09191277306423949	0
transfo-xl-wt103	head_embed_cache_transfo-xl-wt103.jsonl	delta	sew__ppt	sew	ppt	198	190	8	0	6	4	2	sewed,sewn	sewed	sewn	0.0	fisher_exact	True	6	2	1	1	2	1	1		conditioned-exclude	conditioned_exclude_label	138	4	1.3194303380904073	88	1	0.25	0.25	-0.3362875165447673	-0.20182971916570608	0.9764771517532158	1.0029630661822417	0.9735923332353165	2.5786889264426187	2.5297177799427746	1.0193583437995015	0.2246376811594203	0.2536231884057971	0.0015210897864036896	0.11125738945814506	0
transfo-xl-wt103	head_embed_cache_transfo-xl-wt103.jsonl	delta	sew__ppt	sew	ppt	198	190	8	0	6	4	2	sewed,sewn	sewed	sewn	0.0	fisher_exact	True	6	2	1	1	2	1	1		form	form_label	198	2	1.0	99	99	0.0	0.0	0.6172434355025928	0.3535825344515562	0.545888342829165	1.4453035324703578	0.37769806173248305	2.1454358573089904	3.2949585702518713	0.6511268082939781	0.98989898989899	0.98989898989899	0.9598001041124414	0.928292328674223	0
transfo-xl-wt103	head_embed_cache_transfo-xl-wt103.jsonl	delta	sew__ppt	sew	ppt	198	190	8	0	6	4	2	sewed,sewn	sewed	sewn	0.0	fisher_exact	True	6	2	1	1	2	1	1		raw	raw_label	198	6	1.9889287310720154	88	4	0.0	0.0	-0.21586229962994757	-0.11795481964623963	0.9569229927618478	1.0153417374437916	0.942463958165437	2.6549526710561118	2.752178275608373	0.9646732170608501	0.2676767676767677	0.2828282828282828	0.05205321002544779	0.08941142172079553	0
transfo-xl-wt103	head_embed_cache_transfo-xl-wt103.jsonl	delta	shake__ppt	shake	ppt	199	151	48	0	14	3	2	shaken,shook	shaken	shook	0.0	fisher_exact	True	14	2	0	1	2	0	1		conditioned-exclude	conditioned_exclude_label	151	4	1.3004169799446244	100	1	0.25	0.25	-0.2772225156666608	-0.18336436084062005	0.9524878491137608	1.0321700737943549	0.9228012643423437	5.214790452900269	5.120706618435206	1.0183732132058394	0.543046357615894	0.543046357615894	0.06130227657675293	0.16130622063648223	0
transfo-xl-wt103	head_embed_cache_transfo-xl-wt103.jsonl	delta	shake__ppt	shake	ppt	199	151	48	0	14	3	2	shaken,shook	shaken	shook	0.0	fisher_exact	True	14	2	0	1	2	0	1		form	form_label	199	2	0.9999817845368457	100	99	0.0	0.0	0.7240032502199246	0.4610391818893158	0.4264770234384649	1.5629643897520968	0.2728641971850099	3.5491286690688137	6.636855760300603	0.5347605548848124	1.0	1.0	1.0	1.0	0
transfo-xl-wt103	head_embed_cache_transfo-xl-wt103.jsonl	delta	shake__ppt	shake	ppt	199	151	48	0	14	3	2	shaken,shook	shaken	shook	0.0	fisher_exact	True	14	2	0	1	2	0	1		raw	raw_label	199	14	2.49894562246034	100	1	0.07142857142857142	0.2857142857142857	-0.4463489088307368	-0.2806617176019683	0.9491224040878534	1.017395060526943	0.9328946452681528	5.187838974454047	5.065128809727987	1.024226464782176	0.24623115577889448	0.19597989949748743	0.036754344486391394	0.14297052069406246	0
transfo-xl-wt103	head_embed_cache_transfo-xl-wt103.jsonl	delta	shine__ppt	shine	ppt	200	152	48	0	14	5	2	shined,shone	shined	shone	0.0	fisher_exact	True	14	2	1	2	2	1	2		conditioned-exclude	conditioned_exclude_label	125	5	2.082330182273108	38	3	0.0	0.0	-0.15040573543938382	-0.11618441130846503	0.7099551222052476	1.081655506766116	0.6563597353910201	2.7109365305179494	3.2604836272575644	0.8314522753172522	0.528	0.464	0.2509606813665816	0.2871730263402385	0
transfo-xl-wt103	head_embed_cache_transfo-xl-wt103.jsonl	delta	shine__ppt	shine	ppt	200	152	48	0	14	5	2	shined,shone	shined	shone	0.0	fisher_exact	True	14	2	1	2	2	1	2		form	form_label	200	2	1.0	100	100	0.0	0.0	0.6921532097699654	0.42321105219796784	0.46499185638422297	1.5309459539517247	0.30372845963893874	2.200943258370685	3.824626320506859	0.5754662217769303	1.0	1.0	1.0	1.0	0
transfo-xl-wt103	head_embed_cache_transfo-xl-wt103.jsonl	delta	shine__ppt	shine	ppt	200	152	48	0	14	5	2	shined,shone	shined	shone	0.0	fisher_exact	True	14	2	1	2	2	1	2		raw	raw_label	200	14	3.2207250530792884	38	1	0.07142857142857142	0.14285714285714285	-0.40797288241622826	-0.2520797588355815	0.782776701881268	1.031721496913642	0.7587093069427328	2.721006585734131	3.059061845657717	0.8894905441668499	0.34	0.255	0.10038231414252284	0.15898393686935897	0
transfo-xl-wt103	head_embed_cache_transfo-xl-wt103.jsonl	delta	shine__pst	shine	pst	200	150	50	0	12	5	2	shined,shone	shined	shone	0.0	fisher_exact	True	12	2	2	1	2	2	1		conditioned-exclude	conditioned_exclude_label	58	4	1.7881154191537951	21	3	0.0	0.0	-0.1508341017607596	-0.0800052362560527	0.8193808925149001	1.0790656601124826	0.7593429415866011	2.5564031744560234	2.942974706143614	0.8686459890801637	0.41379310344827586	0.39655172413793105	0.10443704466546655	0.19457776870982732	0
transfo-xl-wt103	head_embed_cache_transfo-xl-wt103.jsonl	delta	shine__pst	shine	pst	200	150	50	0	12	5	2	shined,shone	shined	shone	0.0	fisher_exact	True	12	2	2	1	2	2	1		form	form_label	200	2	1.0	100	100	0.0	0.0	0.7319691816222101	0.4639997737026381	0.41837943980557296	1.5762030214851122	0.2654349941617116	2.01963760132942	3.7884793971949025	0.5330997979888229	1.0	1.0	1.0	1.0	0
transfo-xl-wt103	head_embed_cache_transfo-xl-wt103.jsonl	delta	shine__pst	shine	pst	200	150	50	0	12	5	2	shined,shone	shined	shone	0.0	fisher_exact	True	12	2	2	1	2	2	1		raw	raw_label	200	12	3.0701172563259624	52	2	0.0	0.08333333333333333	-0.382383469921119	-0.1830466976643473	0.8835503662209503	1.0199069440598474	0.866304883368952	2.631265254904246	2.955338777725897	0.8903430208190812	0.315	0.195	0.0576027046794639	0.07712180261332252	0
transfo-xl-wt103	head_embed_cache_transfo-xl-wt103.jsonl	delta	show__ppt	show	ppt	200	149	51	0	12	2	2	showed,shown	showed	shown	0.0	fisher_exact	True	12	2	0	0	2	0	0		conditioned-exclude	conditioned_exclude_label	149	2	0.9137564309378818	100	49	0.0	0.0	0.0018045124445471826	0.1385516950380171	0.9923161699929456	0.9913752502961544	1.0009491054941206	2.0398747991511077	2.5346092187549236	0.8048084036217448	0.4899328859060403	0.6912751677852349	0.06525997456219412	0.027525719328005908	0
transfo-xl-wt103	head_embed_cache_transfo-xl-wt103.jsonl	delta	show__ppt	show	ppt	200	149	51	0	12	2	2	showed,shown	showed	shown	0.0	fisher_exact	True	12	2	0	0	2	0	0		form	form_label	200	2	1.0	100	100	0.0	0.0	0.3901545563378354	0.1544611364969255	0.7463647961945112	1.2346386323055207	0.6045208506077409	2.1689502983948574	2.554392046090967	0.8491062684422471	0.99	0.99	0.9602000804038779	0.92886668476379	0
transfo-xl-wt103	head_embed_cache_transfo-xl-wt103.jsonl	delta	show__ppt	show	ppt	200	149	51	0	12	2	2	showed,shown	showed	shown	0.0	fisher_exact	True	12	2	0	0	2	0	0		raw	raw_label	200	12	2.248905291198184	100	1	0.16666666666666666	0.25	-0.2587329467183437	-0.17378394387037244	0.9856548935749246	0.9945440178846893	0.991062110726209	2.0496000391244125	2.507751663485885	0.8173058237654115	0.155	0.46	0.06300683687277103	0.07611455523371304	0
transfo-xl-wt103	head_embed_cache_transfo-xl-wt103.jsonl	delta	sink__pst	sink	pst	196	129	67	0	20	6	2	sank,sunk	sank	sunk	0.0041	fisher_exact	True	20	2	2	2	2	2	2		conditioned-exclude	conditioned_exclude_label	70	6	2.224815054088116	20	1	0.16666666666666666	0.16666666666666666	-0.18941768710454393	-0.09981530695282147	0.8022985297893135	1.0399530829407966	0.7714756972694964	1.5019282805536656	1.649339433214304	0.91062412642778	0.4	0.4142857142857143	0.17978290366350066	0.25962582284102453	0
transfo-xl-wt103	head_embed_cache_transfo-xl-wt103.jsonl	delta	sink__pst	sink	pst	196	129	67	0	20	6	2	sank,sunk	sank	sunk	0.0041	fisher_exact	True	20	2	2	2	2	2	2		form	form_label	196	2	0.9996995428565171	100	96	0.0	0.0	0.5684734810645926	0.3210506632077192	0.5907121931889637	1.3807957526064796	0.4278056273521244	1.3800489972469685	2.003201190596042	0.6889218136079194	0.9948979591836735	0.9948979591836735	0.979591434366536	0.9587199630349423	0
transfo-xl-wt103	head_embed_cache_transfo-xl-wt103.jsonl	delta	sink__pst	sink	pst	196	129	67	0	20	6	2	sank,sunk	sank	sunk	0.0041	fisher_exact	True	20	2	2	2	2	2	2		raw	raw_label	196	20	3.7778429228251267	37	1	0.05	0.15	-0.3449160695107676	-0.24098155087771006	0.9020744491011732	0.9959023368250756	0.9057860552641893	1.655981457701258	1.6966881352853254	0.97600815569019	0.16326530612244897	0.17346938775510204	0.06176485498606436	0.10802864143340439	0
transfo-xl-wt103	head_embed_cache_transfo-xl-wt103.jsonl	delta	smelt__pst	smelt	pst	199	0	199	0	6	0	2	smelled,smelt					False	0	0	0	0	0	0	0	missing_conditioning_forms;missing_conditioning_rows;missing_pair_test;missing_cond_counts	conditioned-exclude	conditioned_exclude_label	0	0		0	0															0
transfo-xl-wt103	head_embed_cache_transfo-xl-wt103.jsonl	delta	smelt__pst	smelt	pst	199	0	199	0	6	0	2	smelled,smelt					False	0	0	0	0	0	0	0	missing_conditioning_forms;missing_conditioning_rows;missing_pair_test;missing_cond_counts	form	form_label	199	2	0.9999817845368457	100	99	0.0	0.0	0.8005094312249622	0.554738160060289	0.32754327533301103	1.670898791038643	0.19602819577684158	3.484343183098291	7.914692912269104	0.44023731832942925	1.0	1.0	1.0	1.0	0
transfo-xl-wt103	head_embed_cache_transfo-xl-wt103.jsonl	delta	smelt__pst	smelt	pst	199	0	199	0	6	0	2	smelled,smelt					False	0	0	0	0	0	0	0	missing_conditioning_forms;missing_conditioning_rows;missing_pair_test;missing_cond_counts	raw	raw_label	199	6	1.7693046996354274	99	3	0.0	0.0	-0.2527982329538591	-0.14652327279871827	0.9500227238574198	1.0328961428129628	0.9197659711170499	5.484535218420691	5.840966569909285	0.9389773341068566	0.4472361809045226	0.2814070351758794	0.06265327142036647	0.09101639240085087	0
transfo-xl-wt103	head_embed_cache_transfo-xl-wt103.jsonl	delta	sneak__ppt	sneak	ppt	200	200	0	0	3	3	2	sneaked,snuck	sneaked	snuck	0.8644	chi_sq	False	3	3	0	0	3	0	0		conditioned-exclude	conditioned_exclude_label	200	3	1.2903714221731157	121	20	0.0	0.0	-0.0358607864844305	0.002619363569668829	1.005387069297058	0.9987152459010502	1.0066804060750953	1.3525812994097877	1.427064003994808	0.9478070329175711	0.255	0.295	0.001886160732696626	0.003336772614526504	0
transfo-xl-wt103	head_embed_cache_transfo-xl-wt103.jsonl	delta	sneak__ppt	sneak	ppt	200	200	0	0	3	3	2	sneaked,snuck	sneaked	snuck	0.8644	chi_sq	False	3	3	0	0	3	0	0		form	form_label	200	2	1.0	100	100	0.0	0.0	0.7272240277876574	0.4568494148621975	0.4236835974722962	1.5741086352585996	0.2691577874500969	0.9845668894350934	1.7969025417385878	0.5479244792444217	1.0	1.0	1.0	1.0	0
transfo-xl-wt103	head_embed_cache_transfo-xl-wt103.jsonl	delta	sneak__ppt	sneak	ppt	200	200	0	0	3	3	2	sneaked,snuck	sneaked	snuck	0.8644	chi_sq	False	3	3	0	0	3	0	0		raw	raw_label	200	3	1.2903714221731157	121	20	0.0	0.0	-0.0358607864844305	0.002619363569668829	1.005387069297058	0.9987152459010502	1.0066804060750953	1.3525812994097877	1.427064003994808	0.9478070329175711	0.255	0.295	0.001886160732696626	0.003336772614526504	0
transfo-xl-wt103	head_embed_cache_transfo-xl-wt103.jsonl	delta	sneak__pst	sneak	pst	200	188	12	0	3	2	2	sneaked,snuck	sneaked	snuck	0.2469	chi_sq	False	3	2	0	0	2	0	0		conditioned-exclude	conditioned_exclude_label	188	2	0.8196004346196011	140	48	0.0	0.0	0.006505714333405606	-0.010084306719410454	0.9991175796727354	1.0061023784507621	0.9930575665780831	1.3541017813886558	1.32759301273427	1.0199675415583793	0.5585106382978723	0.5585106382978723	0.009639819763453595	0.008876440239770451	0
transfo-xl-wt103	head_embed_cache_transfo-xl-wt103.jsonl	delta	sneak__pst	sneak	pst	200	188	12	0	3	2	2	sneaked,snuck	sneaked	snuck	0.2469	chi_sq	False	3	2	0	0	2	0	0		form	form_label	200	2	1.0	100	100	0.0	0.0	0.726367748028662	0.4621916142534633	0.42438481419156243	1.573016135389671	0.2697905028713726	0.9469431549649874	1.748839729461936	0.5414693748159144	0.995	0.995	0.9799995050507551	0.959418425497274	0
transfo-xl-wt103	head_embed_cache_transfo-xl-wt103.jsonl	delta	sneak__pst	sneak	pst	200	188	12	0	3	2	2	sneaked,snuck	sneaked	snuck	0.2469	chi_sq	False	3	2	0	0	2	0	0		raw	raw_label	200	3	1.0978693276969014	140	12	0.0	0.0	-0.04256173447108614	-0.018048612863350074	0.9994666959899579	1.0041663132128877	0.9953198816161307	1.354857422149976	1.343880575891978	1.0081680221106792	0.525	0.525	0.022846471914828432	-0.0006130812508405512	0
transfo-xl-wt103	head_embed_cache_transfo-xl-wt103.jsonl	delta	speak__ppt	speak	ppt	199	183	16	0	9	5	2	spoke,spoken	spoke	spoken	0.0092	fisher_exact	True	9	2	3	0	2	3	0		conditioned-exclude	conditioned_exclude_label	102	2	0.9182958340544896	68	34	0.0	0.0	0.002374768188035902	0.0024939000321781003	0.9886053603025948	0.9906807449950747	0.9979050923287196	2.791233880983932	2.8023050778190304	0.9960492535510392	0.5980392156862745	0.5686274509803921	-0.010322401996792517	-0.0062622711573841515	0
transfo-xl-wt103	head_embed_cache_transfo-xl-wt103.jsonl	delta	speak__ppt	speak	ppt	199	183	16	0	9	5	2	spoke,spoken	spoke	spoken	0.0092	fisher_exact	True	9	2	3	0	2	3	0		form	form_label	199	2	0.9999817845368457	100	99	0.0	0.0	0.5372564027751981	0.2863861059735313	0.6271712502459541	1.3636797953889979	0.45991093537251515	2.4496170109169872	3.423733365597131	0.7154812449858375	1.0	1.0	1.0	1.0	0
transfo-xl-wt103	head_embed_cache_transfo-xl-wt103.jsonl	delta	speak__ppt	speak	ppt	199	183	16	0	9	5	2	spoke,spoken	spoke	spoken	0.0092	fisher_exact	True	9	2	3	0	2	3	0		raw	raw_label	199	9	2.5511990759137424	68	2	0.0	0.2222222222222222	-0.2361681277893954	-0.17759325220267538	0.9736004565042898	1.0032736421026525	0.9704236368293562	2.786869818859641	2.977692030326987	0.9359160687123202	0.25125628140703515	0.27638190954773867	0.04189708888385856	0.09152079307009464	0
transfo-xl-wt103	head_embed_cache_transfo-xl-wt103.jsonl	delta	speak__pst	speak	pst	196	144	52	0	12	3	2	spake,spoke	spake	spoke	0.0	fisher_exact	True	12	1	0	2	1	0	2		conditioned-exclude	conditioned_exclude_label	144	5	1.3956715937889608	97	2	0.0	0.2	-0.41072174155297325	-0.24567518721620774	0.9462197737662921	1.0432712470989085	0.9069738827725832	5.858335873356344	6.38101375992149	0.9180885818099886	0.2847222222222222	0.2916666666666667	0.05272706998880077	0.19458117228357968	0
transfo-xl-wt103	head_embed_cache_transfo-xl-wt103.jsonl	delta	speak__pst	speak	pst	196	144	52	0	12	3	2	spake,spoke	spake	spoke	0.0	fisher_exact	True	12	1	0	2	1	0	2		form	form_label	196	2	0.9999248896252453	99	97	0.0	0.0	0.7531803512387645	0.501435563461053	0.38851960179324796	1.59613171794934	0.2434132455511916	4.059336777745135	8.19331294571188	0.4954451031764463	1.0	1.0	1.0	1.0	0
transfo-xl-wt103	head_embed_cache_transfo-xl-wt103.jsonl	delta	speak__pst	speak	pst	196	144	52	0	12	3	2	spake,spoke	spake	spoke	0.0	fisher_exact	True	12	1	0	2	1	0	2		raw	raw_label	196	12	2.484929949462546	97	1	0.08333333333333333	0.16666666666666666	-0.49894270889036424	-0.2731073815153979	0.9478977695560659	1.014004355962735	0.9348064078640915	5.870686650226994	6.241217049487658	0.9406317075143091	0.19387755102040816	0.1836734693877551	0.038150166243229776	0.12153322448173147	0
transfo-xl-wt103	head_embed_cache_transfo-xl-wt103.jsonl	delta	speed__ppt	speed	ppt	200	195	5	0	6	3	2	sped,speeded	sped	speeded	0.0001	fisher_exact	True	6	2	0	1	2	0	1		conditioned-exclude	conditioned_exclude_label	195	4	1.124605607249479	145	2	0.0	0.25	-0.440601854908994	-0.18612183245867642	0.9868280936481583	1.0233650752396286	0.9642972166282742	4.1388026986935085	4.746404237940424	0.8719869802934088	0.15384615384615385	0.18461538461538463	0.07817372943716724	0.1331981509139103	0
transfo-xl-wt103	head_embed_cache_transfo-xl-wt103.jsonl	delta	speed__ppt	speed	ppt	200	195	5	0	6	3	2	sped,speeded	sped	speeded	0.0001	fisher_exact	True	6	2	0	1	2	0	1		form	form_label	200	2	1.0	100	100	0.0	0.0	0.75081385363185	0.49098288822298225	0.395617805117595	1.6023553380668212	0.246897673517843	2.953765222195775	5.8340272073492665	0.5062995281329584	1.0	1.0	1.0	1.0	0
transfo-xl-wt103	head_embed_cache_transfo-xl-wt103.jsonl	delta	speed__ppt	speed	ppt	200	195	5	0	6	3	2	sped,speeded	sped	speeded	0.0001	fisher_exact	True	6	2	0	1	2	0	1		raw	raw_label	200	6	1.251080494864913	145	1	0.3333333333333333	0.3333333333333333	-0.3175173287477577	-0.1117924898937746	0.9892188546126263	1.018006653498379	0.9717214039939489	4.14810215085078	4.71719290258002	0.8793581768899079	0.43	0.23	0.04704676687890949	0.08919228004263129	0
transfo-xl-wt103	head_embed_cache_transfo-xl-wt103.jsonl	delta	speed__pst	speed	pst	199	191	8	0	6	3	2	sped,speeded	sped	speeded	0.0	fisher_exact	True	6	0	2	1	0	2	1		conditioned-exclude	conditioned_exclude_label	73	2	0.24729443986205676	70	3	0.0	0.0	0.8321880683063823	0.5854025203547014	0.2851277029321625	1.7262171406272517	0.16517487645184445	3.4025443151788397	8.342545134464348	0.40785446891050087	1.0	1.0	0.18205988478825094	0.15633621537091427	0
transfo-xl-wt103	head_embed_cache_transfo-xl-wt103.jsonl	delta	speed__pst	speed	pst	199	191	8	0	6	3	2	sped,speeded	sped	speeded	0.0	fisher_exact	True	6	0	2	1	0	2	1		form	form_label	199	2	0.9999817845368457	100	99	0.0	0.0	0.7909591950848859	0.5371790765977956	0.33939212039321087	1.645385511513244	0.20626905853879524	3.4587303010092962	7.579767997272084	0.45631083989036	1.0	1.0	1.0	1.0	0
transfo-xl-wt103	head_embed_cache_transfo-xl-wt103.jsonl	delta	speed__pst	speed	pst	199	191	8	0	6	3	2	sped,speeded	sped	speeded	0.0	fisher_exact	True	6	0	2	1	0	2	1		raw	raw_label	199	6	1.7818363464743725	75	1	0.16666666666666666	0.16666666666666666	-0.12023949581347561	-0.057067586320447825	0.6245239983111265	1.1707627137770964	0.5334334540739659	4.246530895762191	6.13490783254501	0.6921914740486911	0.6080402010050251	0.507537688442211	0.19596562590646985	0.23930502835310274	0
transfo-xl-wt103	head_embed_cache_transfo-xl-wt103.jsonl	delta	spell__ppt	spell	ppt	148	135	13	0	7	3	2	spelled,spelt	spelled	spelt	0.0	fisher_exact	True	7	0	2	1	0	2	1		conditioned-exclude	conditioned_exclude_label	20	2	0.4689955935892812	18	2	0.0	0.5	0.5788861714908344	0.3010425510191157	0.5712657938066813	1.3935207851317806	0.40994422178830914	2.486696396405491	3.5473064153821747	0.7010097536605342	1.0	1.0	1.0	1.0	0
transfo-xl-wt103	head_embed_cache_transfo-xl-wt103.jsonl	delta	spell__ppt	spell	ppt	148	135	13	0	7	3	2	spelled,spelt	spelled	spelt	0.0	fisher_exact	True	7	0	2	1	0	2	1		form	form_label	148	2	1.0	74	74	0.0	0.0	0.6122593069188387	0.36113204414605576	0.5537654969980442	1.441766798027907	0.38408811865795617	2.364384961813335	3.691337368872489	0.6405225872203416	1.0	1.0	1.0	1.0	0
transfo-xl-wt103	head_embed_cache_transfo-xl-wt103.jsonl	delta	spell__ppt	spell	ppt	148	135	13	0	7	3	2	spelled,spelt	spelled	spelt	0.0	fisher_exact	True	7	0	2	1	0	2	1		raw	raw_label	148	7	1.9000235960255685	58	1	0.2857142857142857	0.2857142857142857	-0.40820749816487495	-0.21401343254017022	0.9057278528685209	1.045200285736134	0.8665591324734639	2.846967336985291	3.119001367729207	0.9127816891782992	0.4797297297297297	0.3581081081081081	0.09489380654225776	0.11718648043897013	0
transfo-xl-wt103	head_embed_cache_transfo-xl-wt103.jsonl	delta	spill__ppt	spill	ppt	151	141	10	0	5	2	2	spilled,spilt	spilled	spilt	0.0	fisher_exact	True	5	1	0	1	1	0	1		conditioned-exclude	conditioned_exclude_label	141	2	0.5103099652870143	125	16	0.0	0.0	0.05469485848814047	0.14900623993036177	0.9863361609249646	1.0418141201442068	0.9467486971557239	2.3867882419046755	2.8469666184469604	0.8383618643223448	0.6170212765957447	0.8156028368794326	0.05202284013337722	0.16004827443892752	0
transfo-xl-wt103	head_embed_cache_transfo-xl-wt103.jsonl	delta	spill__ppt	spill	ppt	151	141	10	0	5	2	2	spilled,spilt	spilled	spilt	0.0	fisher_exact	True	5	1	0	1	1	0	1		form	form_label	151	2	0.9999683631071745	76	75	0.0	0.0	0.6522125050372319	0.38835140877858204	0.5083875659602913	1.4791736883999609	0.34369700458248414	1.8992678931390155	3.0879066345838613	0.6150664893386482	1.0	1.0	1.0	1.0	0
transfo-xl-wt103	head_embed_cache_transfo-xl-wt103.jsonl	delta	spill__ppt	spill	ppt	151	141	10	0	5	2	2	spilled,spilt	spilled	spilt	0.0	fisher_exact	True	5	1	0	1	1	0	1		raw	raw_label	151	5	0.9265665700577865	125	2	0.0	0.2	-0.38614786046380556	-0.09459443539658202	0.9862293400889295	1.0216617161131345	0.9653188766248325	2.3869347227791784	2.750902749678561	0.8676914235001904	0.1456953642384106	0.423841059602649	0.1592301308567055	0.1775684752687919	0
transfo-xl-wt103	head_embed_cache_transfo-xl-wt103.jsonl	delta	spill__pst	spill	pst	126	117	9	0	6	4	2	spilled,spilt	spilled	spilt	0.0	fisher_exact	True	6	1	1	2	1	1	2		conditioned-exclude	conditioned_exclude_label	55	4	1.7521930161941324	18	2	0.0	0.25	-0.09672449265051772	-0.010385833262993992	0.5996206130504069	0.8207176766908039	0.7306052130717141	2.1718097740346343	2.600976855009604	0.834997731660559	0.4909090909090909	0.5818181818181818	0.20734220934766864	0.2738910112702899	0
transfo-xl-wt103	head_embed_cache_transfo-xl-wt103.jsonl	delta	spill__pst	spill	pst	126	117	9	0	6	4	2	spilled,spilt	spilled	spilt	0.0	fisher_exact	True	6	1	1	2	1	1	2		form	form_label	126	2	0.9992728962127291	65	61	0.0	0.0	0.7179409466364276	0.45806377546598626	0.4326631487984295	1.5592926171087007	0.2774739930473665	1.9233829083277618	3.55432495590175	0.5411387344125912	1.0	1.0	1.0	1.0	0
transfo-xl-wt103	head_embed_cache_transfo-xl-wt103.jsonl	delta	spill__pst	spill	pst	126	117	9	0	6	4	2	spilled,spilt	spilled	spilt	0.0	fisher_exact	True	6	1	1	2	1	1	2		raw	raw_label	126	6	2.0237541181907823	62	1	0.16666666666666666	0.16666666666666666	-0.23392254187482991	-0.1245434267190418	0.8311016247476276	1.0738226113735705	0.7739654724578127	2.421615499233728	2.8859396849643066	0.8391081462479278	0.48412698412698413	0.2698412698412698	0.11148748523993679	0.2569668619459268	0
transfo-xl-wt103	head_embed_cache_transfo-xl-wt103.jsonl	delta	spit__ppt	spit	ppt	199	189	10	0	5	3	2	spat,spit	spat	spit	0.5544	fisher_exact	False	5	3	0	0	3	0	0		conditioned-exclude	conditioned_exclude_label	189	3	1.2025754555942125	129	22	0.0	0.0	-0.042222686229818056	-0.043854889914174945	1.0031175805599546	0.9999293916587049	1.0031884140298757	4.382247378050072	4.242699290340049	1.032891345381878	0.14285714285714285	0.18518518518518517	-0.01193898182922146	-0.005558355263445776	0
transfo-xl-wt103	head_embed_cache_transfo-xl-wt103.jsonl	delta	spit__ppt	spit	ppt	199	189	10	0	5	3	2	spat,spit	spat	spit	0.5544	fisher_exact	False	5	3	0	0	3	0	0		form	form_label	199	2	0.9999817845368457	100	99	0.0	0.0	0.6556941771475518	0.3902641273388553	0.5076084984254071	1.4902207029328665	0.34062639005510753	3.2170535197918917	5.3175211261866435	0.6049912061372361	1.0	1.0	1.0	1.0	0
transfo-xl-wt103	head_embed_cache_transfo-xl-wt103.jsonl	delta	spit__ppt	spit	ppt	199	189	10	0	5	3	2	spat,spit	spat	spit	0.5544	fisher_exact	False	5	3	0	0	3	0	0		raw	raw_label	199	5	1.4738938214127781	129	3	0.0	0.0	-0.25104521525321455	-0.2144047240628993	1.0031045769372204	0.9998712959095304	1.0032336972177494	4.380210688809107	4.177986021745112	1.048402427871103	0.10050251256281408	0.09045226130653267	-0.011858278405177393	0.02062511998558181	0
transfo-xl-wt103	head_embed_cache_transfo-xl-wt103.jsonl	delta	spit__pst	spit	pst	199	109	90	0	6	3	2	spat,spit	spat	spit	0.0	fisher_exact	True	6	2	2	1	2	1	0		conditioned-exclude	conditioned_exclude_label	84	2	0.9666186325481028	51	33	0.0	0.0	-0.01861184820318888	-0.013215032872863165	0.9552065616006742	0.9354044507547545	1.0211695709058706	3.5182693241969685	3.4579421446998824	1.0174459771079605	0.38095238095238093	0.4523809523809524	-0.013937516766100158	-0.008065676488777703	0
transfo-xl-wt103	head_embed_cache_transfo-xl-wt103.jsonl	delta	spit__pst	spit	pst	199	109	90	0	6	3	2	spat,spit	spat	spit	0.0	fisher_exact	True	6	2	2	1	2	1	0		form	form_label	199	2	0.9999817845368457	100	99	0.0	0.0	0.7152151708434245	0.4506426742060669	0.43283961168744467	1.5601887007853599	0.27742773131837456	2.485722172518565	4.484013352629343	0.5543520897548139	1.0	1.0	1.0	1.0	0
transfo-xl-wt103	head_embed_cache_transfo-xl-wt103.jsonl	delta	spit__pst	spit	pst	199	109	90	0	6	3	2	spat,spit	spat	spit	0.0	fisher_exact	True	6	2	2	1	2	1	0		raw	raw_label	199	6	2.3139940492943034	51	1	0.16666666666666666	0.16666666666666666	-0.1915754540367574	-0.11075480083107829	0.8992593655963497	1.0251577444949591	0.8771912131818963	3.2960019611687916	3.5398891126755334	0.9311031663016116	0.32160804020100503	0.18592964824120603	0.07187074147552734	0.0873605609185099	0
transfo-xl-wt103	head_embed_cache_transfo-xl-wt103.jsonl	delta	spring__pst	spring	pst	200	132	68	0	16	3	2	sprang,sprung	sprang	sprung	0.0218	fisher_exact	True	16	3	0	0	3	0	0		conditioned-exclude	conditioned_exclude_label	132	3	1.375432844317455	76	19	0.0	0.0	-0.03874087650192463	-0.016076641742766386	1.0014902927040803	0.9975114149408436	1.003988804241877	2.0979602684561165	2.150783644768971	0.9754399395581563	0.3712121212121212	0.32575757575757575	-0.008579689195235999	-0.011023047022106741	0
transfo-xl-wt103	head_embed_cache_transfo-xl-wt103.jsonl	delta	spring__pst	spring	pst	200	132	68	0	16	3	2	sprang,sprung	sprang	sprung	0.0218	fisher_exact	True	16	3	0	0	3	0	0		form	form_label	200	2	1.0	100	100	0.0	0.0	0.6008669104290434	0.34295992204573655	0.5671023621024913	1.4327966802299115	0.39580100228281667	1.7483761104939417	2.6709950864193717	0.654578557401146	1.0	1.0	1.0	1.0	0
transfo-xl-wt103	head_embed_cache_transfo-xl-wt103.jsonl	delta	spring__pst	spring	pst	200	132	68	0	16	3	2	sprang,sprung	sprang	sprung	0.0218	fisher_exact	True	16	3	0	0	3	0	0		raw	raw_label	200	16	3.0161790011615732	76	1	0.0625	0.0625	-0.3504389528190377	-0.19741139862069612	0.9985987512210889	1.0029807795632142	0.9956309946995857	2.110390855538777	2.236677161613101	0.9435384291297337	0.05	0.065	0.01235556634116699	0.02865344247254236	0
transfo-xl-wt103	head_embed_cache_transfo-xl-wt103.jsonl	delta	strive__ppt	strive	ppt	200	200	0	0	2	2	2	strived,striven	strived	striven	0.0537	chi_sq	False	2	1	1	0	1	1	0		conditioned-exclude	conditioned_exclude_label	181	1	-0.0	181	181	0.0	0.0													0
transfo-xl-wt103	head_embed_cache_transfo-xl-wt103.jsonl	delta	strive__ppt	strive	ppt	200	200	0	0	2	2	2	strived,striven	strived	striven	0.0537	chi_sq	False	2	1	1	0	1	1	0		form	form_label	200	2	1.0	100	100	0.0	0.0	0.7430082655863905	0.4899272393754535	0.40362189746175164	1.594922516464591	0.2530667749029252	1.241187120366822	2.444094345083741	0.5078311002451487	1.0	1.0	1.0	1.0	0
transfo-xl-wt103	head_embed_cache_transfo-xl-wt103.jsonl	delta	strive__ppt	strive	ppt	200	200	0	0	2	2	2	strived,striven	strived	striven	0.0537	chi_sq	False	2	1	1	0	1	1	0		raw	raw_label	200	2	0.4529425481872832	181	19	0.0	0.0	0.002668127312710702	0.0044410466665881195	0.9985075280106237	1.0202528441216556	0.9786863460010713	1.8432406218261201	1.8572585247424214	0.9924523685154465	0.545	0.545	0.006382889828200594	0.01925261928085012	0
transfo-xl-wt103	head_embed_cache_transfo-xl-wt103.jsonl	delta	strive__pst	strive	pst	199	199	0	0	2	2	2	strived,strove	strived	strove	0.0008	fisher_exact	True	2	1	0	1	1	0	1		conditioned-exclude	conditioned_exclude_label	199	3	0.548714629387147	178	3	0.0	0.0	-0.5155153821389015	-0.3050914348127786	0.9927070592682455	1.0455835156653774	0.949428758578426	1.8020048757606535	1.845482707349437	0.9764409433826512	0.10552763819095477	0.16080402010050251	-0.02033898428609478	0.10597584020546344	0
transfo-xl-wt103	head_embed_cache_transfo-xl-wt103.jsonl	delta	strive__pst	strive	pst	199	199	0	0	2	2	2	strived,strove	strived	strove	0.0008	fisher_exact	True	2	1	0	1	1	0	1		form	form_label	199	2	0.9999817845368457	100	99	0.0	0.0	0.7716441023131906	0.5237259744110008	0.36580841701934674	1.6335900002116173	0.22392914805548483	1.1572179536416647	2.456997255667005	0.470988704188647	1.0	1.0	1.0	1.0	0
transfo-xl-wt103	head_embed_cache_transfo-xl-wt103.jsonl	delta	strive__pst	strive	pst	199	199	0	0	2	2	2	strived,strove	strived	strove	0.0008	fisher_exact	True	2	1	0	1	1	0	1		raw	raw_label	199	2	0.48627679848147415	178	21	0.0	0.0	0.009436049492587587	0.013413228255358007	0.9949778234481855	1.0366501609412104	0.95980096365857	1.8040537971463866	1.8373609499458345	0.9818722865529335	0.5778894472361809	0.5778894472361809	0.02238753596743631	0.06028318580255005	0
transfo-xl-wt103	head_embed_cache_transfo-xl-wt103.jsonl	delta	take__ppt	take	ppt	199	140	59	0	25	6	2	taken,took	taken	took	0.0053	fisher_exact	True	25	3	3	0	3	3	0		conditioned-exclude	conditioned_exclude_label	63	3	1.555383834371384	27	17	0.0	0.0	-0.030696074322752922	-0.07451498433623971	0.9987630474029302	0.9902455610526723	1.0086013880650002	3.0303067607995824	3.1325259475906115	0.9673684469015648	0.2698412698412698	0.2857142857142857	0.004390041204216216	-0.038530399230432145	0
transfo-xl-wt103	head_embed_cache_transfo-xl-wt103.jsonl	delta	take__ppt	take	ppt	199	140	59	0	25	6	2	taken,took	taken	took	0.0053	fisher_exact	True	25	3	3	0	3	3	0		form	form_label	199	2	0.9999817845368457	100	99	0.0	0.0	0.3374071914711463	0.11946449590794304	0.7901684524727254	1.1976694471201725	0.6597550387318522	2.5477168064162297	2.9234911017865595	0.8714638484308393	0.9899497487437185	0.8542713567839196	0.03294621530351701	0.13134324926111046	0
transfo-xl-wt103	head_embed_cache_transfo-xl-wt103.jsonl	delta	take__ppt	take	ppt	199	140	59	0	25	6	2	taken,took	taken	took	0.0053	fisher_exact	True	25	3	3	0	3	3	0		raw	raw_label	199	25	3.703492483956415	35	1	0.44	0.52	-0.3297930096481305	-0.4341005416929124	0.9768531281299928	0.9968332285889209	0.9799564261243466	2.5593752309153976	2.7550630093034765	0.928971577881425	0.09045226130653267	0.06030150753768844	0.01841033507585406	0.035705063360268005	0
transfo-xl-wt103	head_embed_cache_transfo-xl-wt103.jsonl	delta	tear__ppt	tear	ppt	96	91	5	0	6	3	2	tore,torn	tore	torn	0.0026	fisher_exact	True	6	2	0	1	2	0	1		conditioned-exclude	conditioned_exclude_label	91	4	1.6698922224763166	38	4	0.0	0.0	-0.27095183304637693	-0.05428573384656669	0.9491991129116508	1.0288243788529428	0.9226055801379165	3.586828018619879	3.940914447506258	0.9101512013003888	0.37362637362637363	0.46153846153846156	0.0766832569930395	0.16341705023335812	0
transfo-xl-wt103	head_embed_cache_transfo-xl-wt103.jsonl	delta	tear__ppt	tear	ppt	96	91	5	0	6	3	2	tore,torn	tore	torn	0.0026	fisher_exact	True	6	2	0	1	2	0	1		form	form_label	96	2	1.0	48	48	0.0	0.0	0.6125359510697613	0.3335307476007198	0.552521780690143	1.4398055695967775	0.3837474950488479	3.0933329490859798	4.666499515899896	0.6628808035972669	1.0	1.0	1.0	1.0	0
transfo-xl-wt103	head_embed_cache_transfo-xl-wt103.jsonl	delta	tear__ppt	tear	ppt	96	91	5	0	6	3	2	tore,torn	tore	torn	0.0026	fisher_exact	True	6	2	0	1	2	0	1		raw	raw_label	96	6	1.814079155618118	38	1	0.16666666666666666	0.5	-0.30581491698046076	-0.09236361592723497	0.9691243556986462	1.0156625300153865	0.9541794907841729	3.6856728226114415	3.982906793214324	0.925372601962647	0.3020833333333333	0.3229166666666667	0.05925193033127397	0.11565092475218515	0
transfo-xl-wt103	head_embed_cache_transfo-xl-wt103.jsonl	delta	tread__ppt	tread	ppt	197	175	22	0	8	4	2	trod,trodden	trod	trodden	0.0	fisher_exact	True	8	2	1	1	2	1	1		conditioned-exclude	conditioned_exclude_label	100	4	1.6139113581028388	44	3	0.0	0.0	-0.3081982200280172	-0.1238103253552073	0.9429325203678675	0.9511261392168615	0.9913853499434465	2.8599321326613367	2.9004681317643306	0.9860243252945737	0.23	0.29	0.02345748741992521	0.0537422204409889	0
transfo-xl-wt103	head_embed_cache_transfo-xl-wt103.jsonl	delta	tread__ppt	tread	ppt	197	175	22	0	8	4	2	trod,trodden	trod	trodden	0.0	fisher_exact	True	8	2	1	1	2	1	1		form	form_label	197	2	0.9999814128006821	99	98	0.0	0.0	0.6858917959452291	0.431019773408211	0.4728821668205814	1.5197160509953036	0.3111648169477962	2.1391316026267013	3.776448288749285	0.5664400619490957	1.0	1.0	1.0	1.0	0
transfo-xl-wt103	head_embed_cache_transfo-xl-wt103.jsonl	delta	tread__ppt	tread	ppt	197	175	22	0	8	4	2	trod,trodden	trod	trodden	0.0	fisher_exact	True	8	2	1	1	2	1	1		raw	raw_label	197	8	2.2940645639523796	75	1	0.25	0.25	-0.42032878650422223	-0.26177574763614686	0.9324079611965392	1.0202259624296846	0.9139229891542797	2.8830202314112308	2.9871714700610723	0.9651338265333285	0.3401015228426396	0.2182741116751269	0.010839728412320825	0.047323224024248135	0
transfo-xl-wt103	head_embed_cache_transfo-xl-wt103.jsonl	delta	tread__pst	tread	pst	170	153	17	0	8	4	2	treaded,trod	treaded	trod	0.0	fisher_exact	True	8	1	1	2	1	1	2		conditioned-exclude	conditioned_exclude_label	97	5	1.7124814707746505	55	3	0.0	0.0	-0.40783233853605744	-0.25105226492028593	0.9030440626207252	0.9843456544797718	0.9174054444299704	6.956582788913565	7.056840777193444	0.9857927943331389	0.23711340206185566	0.20618556701030927	0.021445388882237917	0.15569680042616288	0
transfo-xl-wt103	head_embed_cache_transfo-xl-wt103.jsonl	delta	tread__pst	tread	pst	170	153	17	0	8	4	2	treaded,trod	treaded	trod	0.0	fisher_exact	True	8	1	1	2	1	1	2		form	form_label	170	2	1.0	85	85	0.0	0.0	0.8141576772563657	0.5643267793976414	0.30887656985213746	1.6850823041907248	0.18330058364744273	4.298969298941295	9.968660451421622	0.43124844304715215	1.0	1.0	1.0	1.0	0
transfo-xl-wt103	head_embed_cache_transfo-xl-wt103.jsonl	delta	tread__pst	tread	pst	170	153	17	0	8	4	2	treaded,trod	treaded	trod	0.0	fisher_exact	True	8	1	1	2	1	1	2		raw	raw_label	170	8	2.298749565890562	56	2	0.0	0.125	-0.21601678377536798	-0.13307746549429073	0.7715407632408405	1.075096171819017	0.7176481355481216	6.262796923130078	7.43701060098649	0.8421121414428726	0.3352941176470588	0.34705882352941175	0.06223458701934815	0.10809542641771205	0
transfo-xl-wt103	head_embed_cache_transfo-xl-wt103.jsonl	delta	wake__ppt	wake	ppt	198	180	18	0	5	3	2	woke,woken	woke	woken	0.0062	fisher_exact	True	5	2	1	0	2	1	0		conditioned-exclude	conditioned_exclude_label	151	2	0.9992089388648364	78	73	0.0	0.0	-0.0026013291605831873	0.0050351120875089354	0.9911023959140969	0.9885300639940217	1.002602178743742	1.658813420772255	1.6558706406745003	1.0017771799471944	0.4966887417218543	0.3973509933774834	-0.005511052980206801	-0.004258124804213695	0
transfo-xl-wt103	head_embed_cache_transfo-xl-wt103.jsonl	delta	wake__ppt	wake	ppt	198	180	18	0	5	3	2	woke,woken	woke	woken	0.0062	fisher_exact	True	5	2	1	0	2	1	0		form	form_label	198	2	0.999926399368686	100	98	0.0	0.0	0.6980188423944337	0.43544830413156405	0.4569774772550824	1.5392734793813232	0.29687867904977766	1.2191303671777391	2.1455778175405054	0.5682060828608113	1.0	1.0	1.0	1.0	0
transfo-xl-wt103	head_embed_cache_transfo-xl-wt103.jsonl	delta	wake__ppt	wake	ppt	198	180	18	0	5	3	2	woke,woken	woke	woken	0.0062	fisher_exact	True	5	2	1	0	2	1	0		raw	raw_label	198	5	1.8500486219129297	78	4	0.0	0.0	-0.26312247146880446	-0.14256258984488135	0.9840811420868429	1.008495686602015	0.9757911264871807	1.6568639901945512	1.6974104905953455	0.9761127313484594	0.26262626262626265	0.16161616161616163	0.01289199737869738	0.06663518036446377	0
transfo-xl-wt103	head_embed_cache_transfo-xl-wt103.jsonl	delta	wear__ppt	wear	ppt	88	66	22	0	5	1	2	wore,worn	wore	worn	0.0268	fisher_exact	True	5	1	0	0	1	0	0		conditioned-exclude	conditioned_exclude_label	66	1	-0.0	66	66	0.0	0.0													0
transfo-xl-wt103	head_embed_cache_transfo-xl-wt103.jsonl	delta	wear__ppt	wear	ppt	88	66	22	0	5	1	2	wore,worn	wore	worn	0.0268	fisher_exact	True	5	1	0	0	1	0	0		form	form_label	88	2	1.0	44	44	0.0	0.0	0.5501723260246836	0.28672661348848777	0.603881725824938	1.3565720457375121	0.4451527124728805	2.9093009389030926	4.11117912881982	0.7076560878869451	1.0	1.0	1.0	1.0	0
transfo-xl-wt103	head_embed_cache_transfo-xl-wt103.jsonl	delta	wear__ppt	wear	ppt	88	66	22	0	5	1	2	wore,worn	wore	worn	0.0268	fisher_exact	True	5	1	0	0	1	0	0		raw	raw_label	88	5	1.234422785899402	66	1	0.2	0.2	-0.14312167046565907	-0.19215179688164452	0.9727074359409659	1.0008537059760925	0.9718777381079119	3.503434300031742	3.536018824723433	0.9907849685460203	0.4659090909090909	0.5113636363636364	-0.059813723240236025	0.010192998264595299	0
transfo-xl-wt103	head_embed_cache_transfo-xl-wt103.jsonl	delta	weave__ppt	weave	ppt	122	91	31	0	11	4	2	weaved,woven	weaved	woven	0.0372	fisher_exact	True	11	3	1	0	3	1	0		conditioned-exclude	conditioned_exclude_label	68	3	1.431169262145754	38	15	0.0	0.0	-0.06836349885804535	-0.031839834910114266	1.0197624293327614	0.9999740668217483	1.019788875699454	3.6445370160348047	3.676013695441717	0.9914372790705477	0.1323529411764706	0.16176470588235295	0.026892998370048993	0.005447677716125596	0
transfo-xl-wt103	head_embed_cache_transfo-xl-wt103.jsonl	delta	weave__ppt	weave	ppt	122	91	31	0	11	4	2	weaved,woven	weaved	woven	0.0372	fisher_exact	True	11	3	1	0	3	1	0		form	form_label	122	2	0.999806132804711	62	60	0.0	0.0	0.7342076857459683	0.4739152734688928	0.41644847963724224	1.577120009963592	0.2640563032656316	2.5720070322766824	4.906103008209836	0.5242464391743722	1.0	1.0	1.0	1.0	0
transfo-xl-wt103	head_embed_cache_transfo-xl-wt103.jsonl	delta	weave__ppt	weave	ppt	122	91	31	0	11	4	2	weaved,woven	weaved	woven	0.0372	fisher_exact	True	11	3	1	0	3	1	0		raw	raw_label	122	11	2.836519828492392	38	1	0.18181818181818182	0.18181818181818182	-0.3840025336263827	-0.21172064038162447	0.987834706507671	1.0042149698235925	0.9836884892098363	3.616275340759795	3.775526140295558	0.957820236539722	0.18032786885245902	0.1721311475409836	0.02119915523777288	0.02281886441473388	0
transfo-xl-wt103	head_embed_cache_transfo-xl-wt103.jsonl	delta	weave__pst	weave	pst	198	153	45	0	13	4	2	weaved,wove	weaved	wove	0.0	fisher_exact	True	13	1	2	1	1	2	1		conditioned-exclude	conditioned_exclude_label	51	3	1.3647098428918996	23	5	0.0	0.0	0.06431925738396414	0.03948281818509797	0.722221230124537	1.0639175814607098	0.67883193464381	2.042724515851685	2.4995602230567378	0.8172335665326025	0.5490196078431373	0.5490196078431373	0.2793478260869565	0.3546593809134012	0
transfo-xl-wt103	head_embed_cache_transfo-xl-wt103.jsonl	delta	weave__pst	weave	pst	198	153	45	0	13	4	2	weaved,wove	weaved	wove	0.0	fisher_exact	True	13	1	2	1	1	2	1		form	form_label	198	2	0.999926399368686	100	98	0.0	0.0	0.7046337400042105	0.4497738298850875	0.4508918074925732	1.5452801463206411	0.291786449574312	1.8330544261513206	3.3402440152103567	0.5487785975528142	1.0	1.0	1.0	1.0	0
transfo-xl-wt103	head_embed_cache_transfo-xl-wt103.jsonl	delta	weave__pst	weave	pst	198	153	45	0	13	4	2	weaved,wove	weaved	wove	0.0	fisher_exact	True	13	1	2	1	1	2	1		raw	raw_label	198	13	2.7570427744092507	81	1	0.07692307692307693	0.23076923076923078	-0.43176166444973313	-0.22777392980478203	0.8032562954152481	1.0554881194780394	0.7610282679567013	2.36489570541634	2.6528143635684103	0.8914667147064227	0.3888888888888889	0.2474747474747475	0.06215799761272447	0.10529873283836033	0
transfo-xl-wt103	head_embed_cache_transfo-xl-wt103.jsonl	delta	wet__pst	wet	pst	76	74	2	0	3	2	2	wet,wetted	wet	wetted	0.0	fisher_exact	True	3	0	2	0	0	2	0		conditioned-exclude	conditioned_exclude_label	0	0		0	0															0
transfo-xl-wt103	head_embed_cache_transfo-xl-wt103.jsonl	delta	wet__pst	wet	pst	76	74	2	0	3	2	2	wet,wetted	wet	wetted	0.0	fisher_exact	True	3	0	2	0	0	2	0		form	form_label	76	2	1.0	38	38	0.0	0.0	0.7097486775607118	0.45017899749195883	0.444918130160287	1.5476268254800363	0.2874841162192211	4.262233020665894	7.817678853755837	0.5452044143023598	1.0	1.0	1.0	1.0	0
transfo-xl-wt103	head_embed_cache_transfo-xl-wt103.jsonl	delta	wet__pst	wet	pst	76	74	2	0	3	2	2	wet,wetted	wet	wetted	0.0	fisher_exact	True	3	0	2	0	0	2	0		raw	raw_label	76	3	1.1239576570186298	44	2	0.0	0.3333333333333333	-0.16524698216485947	-0.10147174175952951	0.9006159963214107	1.1005972207645411	0.8182975382181944	5.729642340879051	6.378107749853424	0.8983294992171816	0.618421052631579	0.5394736842105263	0.12220325151721624	0.13426508612960691	0
transfo-xl-wt103	head_embed_cache_transfo-xl-wt103.jsonl	delta	write__ppt	write	ppt	199	172	27	0	14	2	2	written,wrote	written	wrote	0.0019	fisher_exact	True	14	1	1	0	1	1	0		conditioned-exclude	conditioned_exclude_label	144	1	-0.0	144	144	0.0	0.0													0
transfo-xl-wt103	head_embed_cache_transfo-xl-wt103.jsonl	delta	write__ppt	write	ppt	199	172	27	0	14	2	2	written,wrote	written	wrote	0.0019	fisher_exact	True	14	1	1	0	1	1	0		form	form_label	199	2	0.9999817845368457	100	99	0.0	0.0	0.40883730866555296	0.18448907368828102	0.7355138362095636	1.2503369488426725	0.5882525001683461	2.154430778617753	2.633385824181651	0.8181219625450298	1.0	1.0	1.0	1.0	0
transfo-xl-wt103	head_embed_cache_transfo-xl-wt103.jsonl	delta	write__ppt	write	ppt	199	172	27	0	14	2	2	written,wrote	written	wrote	0.0019	fisher_exact	True	14	1	1	0	1	1	0		raw	raw_label	199	14	1.53084921111479	144	1	0.5714285714285714	0.6428571428571429	-0.3388892920250326	-0.3653711979416651	0.9944574954795469	0.993933619397273	1.000527073510796	2.3863609737477987	2.4055761071434256	0.9920122529740102	0.09547738693467336	0.23115577889447236	0.020947757037584728	0.011562246375733805	0
