n_samples	n_labels	label_entropy	label_max_count	label_min_count	label_singleton_fraction	label_sparse_fraction	token_mismatch_rate	missing_meaning_count	silhouette	silhouette_ci_low	silhouette_ci_high	davies_bouldin	calinski_harabasz	dunn	intra_inter_ratio	centroid_separation	nearest_centroid_loo_acc	model	lexeme	distance	embedding_source	head_indices	condition	global_label_scope
14183	535	7.756889308389412	359	1	0.17570093457943925	0.2766355140186916	0.33920891207783965	0	-0.4523402387830931	-0.4338495564243593	-0.4017994678749053	6.766179916093139	5.4491592651189	0.0	0.9180660181923034	0.9978319663035661	0.3284918564478601	answerdotai_ModernBERT-base	__ALL__	cosine	head	4	global_pooled	lexeme_prefixed
14183	535	7.756889308389412	359	1	0.17570093457943925	0.2766355140186916	0.33920891207783965	0	-0.2590011512199608	-0.2362675338107557	-0.21540275275419496	6.766179916093139	5.4491592651189	7.546704185307636e-09	0.8864241740936407	3.8210259301458294	0.21561023760840442	answerdotai_ModernBERT-base	__ALL__	euclidean	head	4	global_pooled	lexeme_prefixed
14183	535	7.756889308389412	359	1	0.17570093457943925	0.2766355140186916	0.33920891207783965	0	-0.5051945993910741	-0.489589658287958	-0.4602451155386729	7.261897873063497	4.9042734672194435	0.0	0.9218170612288485	0.9948503870601884	0.28787985616583234	answerdotai_ModernBERT-base	__ALL__	cosine	head	1	global_pooled	lexeme_prefixed
14183	535	7.756889308389412	359	1	0.17570093457943925	0.2766355140186916	0.33920891207783965	0	-0.2955725645021133	-0.2718194410056369	-0.25390078062187654	7.261897873063497	4.9042734672194435	0.0	0.9011983091273735	4.08178333297236	0.17908764013255304	answerdotai_ModernBERT-base	__ALL__	euclidean	head	1	global_pooled	lexeme_prefixed
14183	535	7.756889308389412	359	1	0.17570093457943925	0.2766355140186916	0.33920891207783965	0	-0.441026102447346	-0.4185409744335749	-0.39190446449913385	6.7470985756325925	5.070570383534625	5.679890442215178e-17	0.9207749422725972	0.997230824353101	0.3278572939434534	answerdotai_ModernBERT-base	__ALL__	cosine	head	6	global_pooled	lexeme_prefixed
14183	535	7.756889308389412	359	1	0.17570093457943925	0.2766355140186916	0.33920891207783965	0	-0.253214278253838	-0.227392629711717	-0.20889057080917908	6.7470985756325925	5.070570383534625	8.063063333651978e-09	0.8953809045655837	3.50213291856114	0.22435309878022985	answerdotai_ModernBERT-base	__ALL__	euclidean	head	6	global_pooled	lexeme_prefixed
14183	535	7.756889308389412	359	1	0.17570093457943925	0.2766355140186916	0.33920891207783965	0	-0.458994800362545	-0.4371679195192003	-0.406961448476345	6.6208412185864525	5.304210408135003	0.0	0.9183460933260558	0.9968240772107151	0.3275752661637171	answerdotai_ModernBERT-base	__ALL__	cosine	head	7	global_pooled	lexeme_prefixed
14183	535	7.756889308389412	359	1	0.17570093457943925	0.2766355140186916	0.33920891207783965	0	-0.2599735458981538	-0.23482335630915518	-0.21563225947220382	6.6208412185864525	5.304210408135003	0.0	0.895307561930523	3.7800700140866708	0.21561023760840442	answerdotai_ModernBERT-base	__ALL__	euclidean	head	7	global_pooled	lexeme_prefixed
14183	535	7.756889308389412	359	1	0.17570093457943925	0.2766355140186916	0.33920891207783965	0	-0.45872892725635883	-0.43679411849857946	-0.40993160343787166	6.624832509979837	5.365517918414581	0.0	0.9182711601302391	0.9959141131203805	0.33194669674962984	answerdotai_ModernBERT-base	__ALL__	cosine	head	2	global_pooled	lexeme_prefixed
14183	535	7.756889308389412	359	1	0.17570093457943925	0.2766355140186916	0.33920891207783965	0	-0.26635912819635904	-0.24063510870587526	-0.22229933505204896	6.624832509979837	5.365517918414581	6.08707696267469e-09	0.8946565937436156	3.8123655071952416	0.21504618204893183	answerdotai_ModernBERT-base	__ALL__	euclidean	head	2	global_pooled	lexeme_prefixed
14183	535	7.756889308389412	359	1	0.17570093457943925	0.2766355140186916	0.33920891207783965	0	-0.43148784701643406	-0.4126172096180625	-0.38463006959594964	6.71906910396267	5.2231772256915425	1.7007066050825379e-16	0.9211375957600204	0.9977598761151584	0.3327927800888387	answerdotai_ModernBERT-base	__ALL__	cosine	head	3	global_pooled	lexeme_prefixed
14183	535	7.756889308389412	359	1	0.17570093457943925	0.2766355140186916	0.33920891207783965	0	-0.24904679830352	-0.22425109765617013	-0.20879251458569423	6.71906910396267	5.2231772256915425	0.0	0.8998505251648182	3.6509905123961155	0.2259747585137136	answerdotai_ModernBERT-base	__ALL__	euclidean	head	3	global_pooled	lexeme_prefixed
14183	535	7.756889308389412	359	1	0.17570093457943925	0.2766355140186916	0.33920891207783965	0	-0.4484268814442976	-0.42672119325156405	-0.3997551933670733	6.685523349084132	5.019665596238119	0.0	0.9214264156548017	0.9971090696345761	0.32828033561305786	answerdotai_ModernBERT-base	__ALL__	cosine	head	0	global_pooled	lexeme_prefixed
14183	535	7.756889308389412	359	1	0.17570093457943925	0.2766355140186916	0.33920891207783965	0	-0.2594306866410949	-0.2325006809298812	-0.2178037166554544	6.685523349084132	5.019665596238119	7.048382219543594e-09	0.8932195295543531	3.5781346163371146	0.2224494112670098	answerdotai_ModernBERT-base	__ALL__	euclidean	head	0	global_pooled	lexeme_prefixed
14183	535	7.756889308389412	359	1	0.17570093457943925	0.2766355140186916	0.33920891207783965	0	-0.4544309675379583	-0.43409948892208733	-0.40689553760231906	6.7386098969182004	5.396168129361138	0.0	0.9161046209224177	0.9982719815395368	0.3323697384192343	answerdotai_ModernBERT-base	__ALL__	cosine	head	5	global_pooled	lexeme_prefixed
14183	535	7.756889308389412	359	1	0.17570093457943925	0.2766355140186916	0.33920891207783965	0	-0.2638475681803571	-0.23780248414843397	-0.21934793742039127	6.7386098969182004	5.396168129361138	5.5142431285473e-09	0.8850754122962066	3.7676294313787873	0.21814848762603117	answerdotai_ModernBERT-base	__ALL__	euclidean	head	5	global_pooled	lexeme_prefixed
14183	535	7.756889308389412	359	1	0.17570093457943925	0.2766355140186916	0.33920891207783965	0	-0.4425024320213906	-0.42534004225169997	-0.392081569501437	6.636901872564626	5.361211508195141	0.0	0.9195667726250768	0.9965038665635008	0.33758725234435594	answerdotai_ModernBERT-base	__ALL__	cosine	head	9	global_pooled	lexeme_prefixed
14183	535	7.756889308389412	359	1	0.17570093457943925	0.2766355140186916	0.33920891207783965	0	-0.2519309666597748	-0.22838085215536857	-0.21143274184933988	6.636901872564626	5.361211508195141	0.0	0.8840507782156556	3.623297811676102	0.21843051540576747	answerdotai_ModernBERT-base	__ALL__	euclidean	head	9	global_pooled	lexeme_prefixed
14183	535	7.756889308389412	359	1	0.17570093457943925	0.2766355140186916	0.33920891207783965	0	-0.4340592835003901	-0.41649319592596185	-0.3879461504560284	6.628894347199317	4.92499455556729	0.0	0.9219333714558652	0.998466244580728	0.32961996756680534	answerdotai_ModernBERT-base	__ALL__	cosine	head	8	global_pooled	lexeme_prefixed
14183	535	7.756889308389412	359	1	0.17570093457943925	0.2766355140186916	0.33920891207783965	0	-0.2463880133957079	-0.2235891026358526	-0.2063545308015373	6.628894347199317	4.92499455556729	0.0	0.8943097365455257	3.4946975138855616	0.21991116124938306	answerdotai_ModernBERT-base	__ALL__	euclidean	head	8	global_pooled	lexeme_prefixed
14183	535	7.756889308389412	359	1	0.17570093457943925	0.2766355140186916	0.33920891207783965	0	-0.44618331329950345	-0.42764628134775445	-0.39695284480737103	6.672315782137408	5.336816916492136	0.0	0.9182207768946319	0.9978181192510388	0.3377282662342241	answerdotai_ModernBERT-base	__ALL__	cosine	head	10	global_pooled	lexeme_prefixed
14183	535	7.756889308389412	359	1	0.17570093457943925	0.2766355140186916	0.33920891207783965	0	-0.256133802403045	-0.23187620900769873	-0.21218879009141217	6.672315782137408	5.336816916492136	0.0	0.89812459297712	3.6482451933862996	0.22075724458859197	answerdotai_ModernBERT-base	__ALL__	euclidean	head	10	global_pooled	lexeme_prefixed
14183	535	7.756889308389412	359	1	0.17570093457943925	0.2766355140186916	0.33920891207783965	0	-0.44389893832543614	-0.423759870918052	-0.3963943573983017	6.5975249989395275	5.569716340996854	0.0	0.9166660147080608	0.9980449883291743	0.32926743284213494	answerdotai_ModernBERT-base	__ALL__	cosine	head	11	global_pooled	lexeme_prefixed
14183	535	7.756889308389412	359	1	0.17570093457943925	0.2766355140186916	0.33920891207783965	0	-0.2514261169786503	-0.22820554735372972	-0.20983898818196228	6.5975249989395275	5.569716340996854	0.0	0.8887252459644545	3.7295437371864457	0.2218853557075372	answerdotai_ModernBERT-base	__ALL__	euclidean	head	11	global_pooled	lexeme_prefixed
14183	535	7.756889308389412	359	1	0.17570093457943925	0.2766355140186916	0.33920891207783965	0	-0.4678500917584806	-0.44859979678108697	-0.41816239953505585	6.804746010884692	5.128602276431045	5.662613632803593e-17	0.9200249232957661	0.9959679337379681	0.3053655785094832	answerdotai_ModernBERT-base	__ALL__	cosine	head	0,1	global_pooled	lexeme_prefixed
14183	535	7.756889308389412	359	1	0.17570093457943925	0.2766355140186916	0.33920891207783965	0	-0.2705966238766435	-0.24699824440785254	-0.22799905604110007	6.804746010884692	5.128602276431045	6.446116653629755e-09	0.8923133689254565	2.6796362197580237	0.1995346541634351	answerdotai_ModernBERT-base	__ALL__	euclidean	head	0,1	global_pooled	lexeme_prefixed
14183	535	7.756889308389412	359	1	0.17570093457943925	0.2766355140186916	0.33920891207783965	0	-0.4480086469011566	-0.42630854258819795	-0.3983688532948323	6.640635667995283	5.25619433101613	0.0	0.9197762631941238	0.9970238285664068	0.33483748149192694	answerdotai_ModernBERT-base	__ALL__	cosine	head	0,2	global_pooled	lexeme_prefixed
14183	535	7.756889308389412	359	1	0.17570093457943925	0.2766355140186916	0.33920891207783965	0	-0.2616985732194418	-0.236187230544151	-0.21821554552291184	6.640635667995283	5.25619433101613	8.245097632963578e-09	0.8914580746636517	2.642201388674069	0.22033420291898753	answerdotai_ModernBERT-base	__ALL__	euclidean	head	0,2	global_pooled	lexeme_prefixed
14183	535	7.756889308389412	359	1	0.17570093457943925	0.2766355140186916	0.33920891207783965	0	-0.4447851719738071	-0.4252713687981027	-0.39641365699967307	6.554523022509718	5.266494191190666	0.0	0.919018846210853	0.9966790985872549	0.3297609814566735	answerdotai_ModernBERT-base	__ALL__	cosine	head	0,4	global_pooled	lexeme_prefixed
14183	535	7.756889308389412	359	1	0.17570093457943925	0.2766355140186916	0.33920891207783965	0	-0.25852718458635837	-0.2323123235620195	-0.21501688810995828	6.554523022509718	5.266494191190666	0.0	0.8876113753026061	2.5557060537146588	0.21786645984629485	answerdotai_ModernBERT-base	__ALL__	euclidean	head	0,4	global_pooled	lexeme_prefixed
14183	535	7.756889308389412	359	1	0.17570093457943925	0.2766355140186916	0.33920891207783965	0	-0.43786139854044137	-0.4160845372031905	-0.38998768501685827	6.737517066622835	5.1606524526052535	0.0	0.9210947164333002	0.9980455348092675	0.3347669745469929	answerdotai_ModernBERT-base	__ALL__	cosine	head	0,3	global_pooled	lexeme_prefixed
14183	535	7.756889308389412	359	1	0.17570093457943925	0.2766355140186916	0.33920891207783965	0	-0.2515145097575662	-0.22881497703241463	-0.21191116198956128	6.737517066622835	5.1606524526052535	0.0	0.891062685019756	2.5965066673006927	0.2238595501656913	answerdotai_ModernBERT-base	__ALL__	euclidean	head	0,3	global_pooled	lexeme_prefixed
14183	535	7.756889308389412	359	1	0.17570093457943925	0.2766355140186916	0.33920891207783965	0	-0.4454017201465699	-0.4241319041748128	-0.3948560540670927	6.766872614268515	5.167102756126078	0.0	0.9185485233590208	0.9973714102229424	0.33963195374744415	answerdotai_ModernBERT-base	__ALL__	cosine	head	0,5	global_pooled	lexeme_prefixed
14183	535	7.756889308389412	359	1	0.17570093457943925	0.2766355140186916	0.33920891207783965	0	-0.25761516981503235	-0.2303917360095126	-0.21404260509156983	6.766872614268515	5.167102756126078	0.0	0.8955210708441972	2.562463396691401	0.22259042515687796	answerdotai_ModernBERT-base	__ALL__	euclidean	head	0,5	global_pooled	lexeme_prefixed
14183	535	7.756889308389412	359	1	0.17570093457943925	0.2766355140186916	0.33920891207783965	0	-0.45404632783112137	-0.43699273474485106	-0.40540694212534567	6.635038771192803	5.121802218914681	0.0	0.9201598204550615	0.996258617938639	0.3273637453289149	answerdotai_ModernBERT-base	__ALL__	cosine	head	0,7	global_pooled	lexeme_prefixed
14183	535	7.756889308389412	359	1	0.17570093457943925	0.2766355140186916	0.33920891207783965	0	-0.2591727781550055	-0.23341410346647187	-0.2167349828455111	6.635038771192803	5.121802218914681	8.841693757222857e-09	0.8965221028542766	2.5936804173464254	0.21723189734188816	answerdotai_ModernBERT-base	__ALL__	euclidean	head	0,7	global_pooled	lexeme_prefixed
14183	535	7.756889308389412	359	1	0.17570093457943925	0.2766355140186916	0.33920891207783965	0	-0.4356119465154281	-0.4142741410051315	-0.38528887681333457	6.6168692835463165	4.949516242154574	0.0	0.9234997685802822	0.9975830764128518	0.3294789536769372	answerdotai_ModernBERT-base	__ALL__	cosine	head	0,6	global_pooled	lexeme_prefixed
14183	535	7.756889308389412	359	1	0.17570093457943925	0.2766355140186916	0.33920891207783965	0	-0.2519856668442758	-0.22575522970650097	-0.20729252586077926	6.6168692835463165	4.949516242154574	4.015765368328634e-09	0.894139127953584	2.45729103771868	0.22428259183529578	answerdotai_ModernBERT-base	__ALL__	euclidean	head	0,6	global_pooled	lexeme_prefixed
14183	535	7.756889308389412	359	1	0.17570093457943925	0.2766355140186916	0.33920891207783965	0	-0.4369658749068273	-0.4149656751377691	-0.38767041856137013	6.672665194992504	4.977768718557412	1.1453386227345902e-16	0.9219542493093145	0.9972895733160659	0.32961996756680534	answerdotai_ModernBERT-base	__ALL__	cosine	head	0,8	global_pooled	lexeme_prefixed
14183	535	7.756889308389412	359	1	0.17570093457943925	0.2766355140186916	0.33920891207783965	0	-0.2510047731802383	-0.2260540625222843	-0.20923015655589605	6.672665194992504	4.977768718557412	0.0	0.8973025000574953	2.4622024642132723	0.22724388352252697	answerdotai_ModernBERT-base	__ALL__	euclidean	head	0,8	global_pooled	lexeme_prefixed
14183	535	7.756889308389412	359	1	0.17570093457943925	0.2766355140186916	0.33920891207783965	0	-0.44190076796807537	-0.42106111692919207	-0.39256032586457995	6.7184281969443	5.009574780769501	1.7174944749357293e-16	0.9219140008552922	0.9974327269892782	0.3346964676020588	answerdotai_ModernBERT-base	__ALL__	cosine	head	0,9	global_pooled	lexeme_prefixed
14183	535	7.756889308389412	359	1	0.17570093457943925	0.2766355140186916	0.33920891207783965	0	-0.25204682283268565	-0.22727938501166736	-0.20808742089853005	6.7184281969443	5.009574780769501	0.0	0.8921580442437147	2.5083805952168614	0.2227314390467461	answerdotai_ModernBERT-base	__ALL__	euclidean	head	0,9	global_pooled	lexeme_prefixed
14183	535	7.756889308389412	359	1	0.17570093457943925	0.2766355140186916	0.33920891207783965	0	-0.4472629757739149	-0.427650077069765	-0.4024806095884341	6.657038312508372	5.358026140954201	5.638561244657763e-17	0.9181762206532382	0.9980029219585305	0.3354015370513996	answerdotai_ModernBERT-base	__ALL__	cosine	head	0,10	global_pooled	lexeme_prefixed
14183	535	7.756889308389412	359	1	0.17570093457943925	0.2766355140186916	0.33920891207783965	0	-0.2606100419271852	-0.235177071854346	-0.21841535463942874	6.657038312508372	5.358026140954201	0.0	0.894547647128845	2.5745059271400486	0.22089825847846012	answerdotai_ModernBERT-base	__ALL__	euclidean	head	0,10	global_pooled	lexeme_prefixed
14183	535	7.756889308389412	359	1	0.17570093457943925	0.2766355140186916	0.33920891207783965	0	-0.47014887519814097	-0.4501658761294358	-0.4264597943139899	6.797160167455491	4.97162281682184	5.644994722122159e-17	0.921946863651001	0.9940442822461553	0.3074102799125714	answerdotai_ModernBERT-base	__ALL__	cosine	head	1,2	global_pooled	lexeme_prefixed
14183	535	7.756889308389412	359	1	0.17570093457943925	0.2766355140186916	0.33920891207783965	0	-0.27203266624455436	-0.25023364397135783	-0.23215068746815745	6.797160167455491	4.97162281682184	0.0	0.8985128963349276	2.710134198626413	0.1889586124233237	answerdotai_ModernBERT-base	__ALL__	euclidean	head	1,2	global_pooled	lexeme_prefixed
14183	535	7.756889308389412	359	1	0.17570093457943925	0.2766355140186916	0.33920891207783965	0	-0.4395226922510747	-0.419169366136877	-0.39303327690358114	6.56394158370743	5.157942275501437	0.0	0.9218744956542924	0.997294045663832	0.3303955439610802	answerdotai_ModernBERT-base	__ALL__	cosine	head	0,11	global_pooled	lexeme_prefixed
14183	535	7.756889308389412	359	1	0.17570093457943925	0.2766355140186916	0.33920891207783965	0	-0.252114033837977	-0.22990438524834828	-0.21072006342771726	6.56394158370743	5.157942275501437	8.373331952317521e-09	0.8918423315687527	2.5699838245578452	0.22118028625819644	answerdotai_ModernBERT-base	__ALL__	euclidean	head	0,11	global_pooled	lexeme_prefixed
14183	535	7.756889308389412	359	1	0.17570093457943925	0.2766355140186916	0.33920891207783965	0	-0.4627750959584544	-0.44612314162717	-0.41547378788173195	6.991571587640199	5.1224450794053595	0.0	0.9216665451185778	0.9953018819230358	0.31608263413946275	answerdotai_ModernBERT-base	__ALL__	cosine	head	1,3	global_pooled	lexeme_prefixed
14183	535	7.756889308389412	359	1	0.17570093457943925	0.2766355140186916	0.33920891207783965	0	-0.26892704091647296	-0.2445580652436343	-0.2270672182827905	6.991571587640199	5.1224450794053595	0.0	0.8964289937110591	2.740732170988581	0.1977719805400832	answerdotai_ModernBERT-base	__ALL__	euclidean	head	1,3	global_pooled	lexeme_prefixed
14183	535	7.756889308389412	359	1	0.17570093457943925	0.2766355140186916	0.33920891207783965	0	-0.477132376209739	-0.4596983041868035	-0.42908263288687454	6.912458644593989	5.1423593929762825	0.0	0.9196770306472603	0.9966155970117343	0.3138264119015723	answerdotai_ModernBERT-base	__ALL__	cosine	head	1,4	global_pooled	lexeme_prefixed
14183	535	7.756889308389412	359	1	0.17570093457943925	0.2766355140186916	0.33920891207783965	0	-0.2764088872088277	-0.2516272036232479	-0.2329431378639768	6.912458644593989	5.1423593929762825	0.0	0.8941654578791473	2.816229575561089	0.19234294578015934	answerdotai_ModernBERT-base	__ALL__	euclidean	head	1,4	global_pooled	lexeme_prefixed
14183	535	7.756889308389412	359	1	0.17570093457943925	0.2766355140186916	0.33920891207783965	0	-0.46915480734237663	-0.4504106790504929	-0.42532601891256255	7.03202369646318	5.134930189298046	0.0	0.9197709212136694	0.9966095819927073	0.31777480081788056	answerdotai_ModernBERT-base	__ALL__	cosine	head	1,5	global_pooled	lexeme_prefixed
14183	535	7.756889308389412	359	1	0.17570093457943925	0.2766355140186916	0.33920891207783965	0	-0.27185612932024406	-0.24563686833560353	-0.23089320004134087	7.03202369646318	5.134930189298046	0.0	0.8918242255148031	2.779047660973898	0.19607981386166537	answerdotai_ModernBERT-base	__ALL__	euclidean	head	1,5	global_pooled	lexeme_prefixed
14183	535	7.756889308389412	359	1	0.17570093457943925	0.2766355140186916	0.33920891207783965	0	-0.480644751295077	-0.45931830286366543	-0.4302137587548793	6.999781719046832	4.937326120541688	0.0	0.9207236357838018	0.994461629736426	0.31333286328703375	answerdotai_ModernBERT-base	__ALL__	cosine	head	1,7	global_pooled	lexeme_prefixed
14183	535	7.756889308389412	359	1	0.17570093457943925	0.2766355140186916	0.33920891207783965	0	-0.27647866396721027	-0.25078492417814363	-0.23253352337007213	6.999781719046832	4.937326120541688	0.0	0.9009190745141183	2.776238889029562	0.1968553902559402	answerdotai_ModernBERT-base	__ALL__	euclidean	head	1,7	global_pooled	lexeme_prefixed
14183	535	7.756889308389412	359	1	0.17570093457943925	0.2766355140186916	0.33920891207783965	0	-0.4745419955753683	-0.45528448006300043	-0.424837628069632	7.164855621562991	5.064362915273215	0.0	0.9202964655721984	0.9954706082027642	0.3123457660579567	answerdotai_ModernBERT-base	__ALL__	cosine	head	1,6	global_pooled	lexeme_prefixed
14183	535	7.756889308389412	359	1	0.17570093457943925	0.2766355140186916	0.33920891207783965	0	-0.2741682859839352	-0.24801378587518533	-0.22974131937304781	7.164855621562991	5.064362915273215	2.6874528404409593e-09	0.900856264419944	2.738694649682927	0.20200239723612776	answerdotai_ModernBERT-base	__ALL__	euclidean	head	1,6	global_pooled	lexeme_prefixed
14183	535	7.756889308389412	359	1	0.17570093457943925	0.2766355140186916	0.33920891207783965	0	-0.4790183381992624	-0.45980416881553887	-0.43520008263257004	6.867747073175503	5.112363741451205	0.0	0.9213451032543769	0.9963304035691829	0.3091729535359233	answerdotai_ModernBERT-base	__ALL__	cosine	head	1,9	global_pooled	lexeme_prefixed
14183	535	7.756889308389412	359	1	0.17570093457943925	0.2766355140186916	0.33920891207783965	0	-0.27689892616585643	-0.2533666764698422	-0.23555346357341156	6.867747073175503	5.112363741451205	0.0	0.8901361814218853	2.7661672651285394	0.19410561940351126	answerdotai_ModernBERT-base	__ALL__	euclidean	head	1,9	global_pooled	lexeme_prefixed
14183	535	7.756889308389412	359	1	0.17570093457943925	0.2766355140186916	0.33920891207783965	0	-0.4648383707455194	-0.44653962648831147	-0.42129640695398646	6.916227156242499	5.01563544476746	0.0	0.921580830857316	0.9959245982503703	0.3099485299301981	answerdotai_ModernBERT-base	__ALL__	cosine	head	1,8	global_pooled	lexeme_prefixed
14183	535	7.756889308389412	359	1	0.17570093457943925	0.2766355140186916	0.33920891207783965	0	-0.2678128095787637	-0.24366855941012303	-0.2275625428543213	6.916227156242499	5.01563544476746	0.0	0.8940417247024194	2.7020444643628165	0.19727843192554467	answerdotai_ModernBERT-base	__ALL__	euclidean	head	1,8	global_pooled	lexeme_prefixed
14183	535	7.756889308389412	359	1	0.17570093457943925	0.2766355140186916	0.33920891207783965	0	-0.4732946378036704	-0.45655514089388033	-0.424995312877359	6.8916108736778705	5.020858413442034	0.0	0.9202884561082937	0.9962083410973045	0.3175632799830783	answerdotai_ModernBERT-base	__ALL__	cosine	head	1,10	global_pooled	lexeme_prefixed
14183	535	7.756889308389412	359	1	0.17570093457943925	0.2766355140186916	0.33920891207783965	0	-0.276124478312446	-0.2499981772844224	-0.2330057584112052	6.8916108736778705	5.020858413442034	0.0	0.9055752270256204	2.7132453778513836	0.19382359162377494	answerdotai_ModernBERT-base	__ALL__	euclidean	head	1,10	global_pooled	lexeme_prefixed
14183	535	7.756889308389412	359	1	0.17570093457943925	0.2766355140186916	0.33920891207783965	0	-0.4815181404980481	-0.46134842390942565	-0.432248695500373	6.886114353248343	5.2683209068896835	0.0	0.9186913303394132	0.9970520154338701	0.30508355072974686	answerdotai_ModernBERT-base	__ALL__	cosine	head	1,11	global_pooled	lexeme_prefixed
14183	535	7.756889308389412	359	1	0.17570093457943925	0.2766355140186916	0.33920891207783965	0	-0.2771167015456892	-0.2532985083985484	-0.23523329412050256	6.886114353248343	5.2683209068896835	5.1519542437370085e-09	0.8914172843524006	2.825570307550377	0.1945286610731157	answerdotai_ModernBERT-base	__ALL__	euclidean	head	1,11	global_pooled	lexeme_prefixed
14183	535	7.756889308389412	359	1	0.17570093457943925	0.2766355140186916	0.33920891207783965	0	-0.44246450730282405	-0.42045871033321275	-0.3955128868199764	6.745193181698039	4.9993849733856255	0.0	0.9219892440940729	0.995485416973966	0.32933793978706905	answerdotai_ModernBERT-base	__ALL__	cosine	head	2,3	global_pooled	lexeme_prefixed
14183	535	7.756889308389412	359	1	0.17570093457943925	0.2766355140186916	0.33920891207783965	0	-0.25542092356133733	-0.2318883833548243	-0.21407766464579278	6.745193181698039	4.9993849733856255	0.0	0.9018633392336625	2.6244370807138315	0.21828950151589932	answerdotai_ModernBERT-base	__ALL__	euclidean	head	2,3	global_pooled	lexeme_prefixed
14183	535	7.756889308389412	359	1	0.17570093457943925	0.2766355140186916	0.33920891207783965	0	-0.45270648173732553	-0.43194999463727746	-0.40263826135285347	6.674967191331047	5.429403181027125	5.70095223793942e-17	0.9184009655472994	0.9969024451738993	0.3294084467320031	answerdotai_ModernBERT-base	__ALL__	cosine	head	2,4	global_pooled	lexeme_prefixed
14183	535	7.756889308389412	359	1	0.17570093457943925	0.2766355140186916	0.33920891207783965	0	-0.2622776531443833	-0.23752541230970695	-0.2194716258733857	6.674967191331047	5.429403181027125	0.0	0.8913507438749844	2.6735865633207174	0.2139180709299866	answerdotai_ModernBERT-base	__ALL__	euclidean	head	2,4	global_pooled	lexeme_prefixed
14183	535	7.756889308389412	359	1	0.17570093457943925	0.2766355140186916	0.33920891207783965	0	-0.4559602708679043	-0.43284626052563996	-0.40565777605291736	6.665959686054625	5.448714243205354	0.0	0.9163494898389628	0.9979530587484118	0.3340619050976521	answerdotai_ModernBERT-base	__ALL__	cosine	head	2,5	global_pooled	lexeme_prefixed
14183	535	7.756889308389412	359	1	0.17570093457943925	0.2766355140186916	0.33920891207783965	0	-0.263743568207191	-0.23780515252853804	-0.22102432109316075	6.665959686054625	5.448714243205354	0.0	0.89041734707145	2.7090415834774673	0.21483466121412959	answerdotai_ModernBERT-base	__ALL__	euclidean	head	2,5	global_pooled	lexeme_prefixed
14183	535	7.756889308389412	359	1	0.17570093457943925	0.2766355140186916	0.33920891207783965	0	-0.45717969860875074	-0.43666317571401925	-0.4103746545515018	6.537839099056579	5.28843369598133	0.0	0.9184886658839274	0.9971103605839278	0.33490798843686104	answerdotai_ModernBERT-base	__ALL__	cosine	head	2,7	global_pooled	lexeme_prefixed
14183	535	7.756889308389412	359	1	0.17570093457943925	0.2766355140186916	0.33920891207783965	0	-0.26091605289387865	-0.2370825963594422	-0.21940781397902037	6.537839099056579	5.28843369598133	0.0	0.8912903523976085	2.6749015099176074	0.2171613903969541	answerdotai_ModernBERT-base	__ALL__	euclidean	head	2,7	global_pooled	lexeme_prefixed
14183	535	7.756889308389412	359	1	0.17570093457943925	0.2766355140186916	0.33920891207783965	0	-0.45803256378453594	-0.4337536491304151	-0.40255108862247285	6.691637877239595	5.368406200906917	0.0	0.9172115871274855	0.9966757269952332	0.33166466896989355	answerdotai_ModernBERT-base	__ALL__	cosine	head	2,6	global_pooled	lexeme_prefixed
14183	535	7.756889308389412	359	1	0.17570093457943925	0.2766355140186916	0.33920891207783965	0	-0.26473091934167936	-0.23804682208520025	-0.21898264184950872	6.691637877239595	5.368406200906917	0.0	0.8896036482664471	2.627958444292359	0.21751392512162449	answerdotai_ModernBERT-base	__ALL__	euclidean	head	2,6	global_pooled	lexeme_prefixed
14183	535	7.756889308389412	359	1	0.17570093457943925	0.2766355140186916	0.33920891207783965	0	-0.437557630977287	-0.419048396255837	-0.39148647535437153	6.617622912569126	5.168740917856544	1.133405072266832e-16	0.9201839953093457	0.996154366270512	0.33166466896989355	answerdotai_ModernBERT-base	__ALL__	cosine	head	2,8	global_pooled	lexeme_prefixed
14183	535	7.756889308389412	359	1	0.17570093457943925	0.2766355140186916	0.33920891207783965	0	-0.25530158945168646	-0.23071393472459542	-0.21490395651940955	6.617622912569126	5.168740917856544	0.0	0.8926880491983084	2.543350934524641	0.22082775153352605	answerdotai_ModernBERT-base	__ALL__	euclidean	head	2,8	global_pooled	lexeme_prefixed
14183	535	7.756889308389412	359	1	0.17570093457943925	0.2766355140186916	0.33920891207783965	0	-0.4405550488994276	-0.4202302832185448	-0.38941975703149345	6.569898361391841	5.333506894663784	0.0	0.9195594720870931	0.996468727731759	0.33229923147430024	answerdotai_ModernBERT-base	__ALL__	cosine	head	2,9	global_pooled	lexeme_prefixed
14183	535	7.756889308389412	359	1	0.17570093457943925	0.2766355140186916	0.33920891207783965	0	-0.25265981989159153	-0.22814743752063968	-0.20929158761949856	6.569898361391841	5.333506894663784	0.0	0.8908027794635385	2.5968366438883783	0.22139180709299866	answerdotai_ModernBERT-base	__ALL__	euclidean	head	2,9	global_pooled	lexeme_prefixed
14183	535	7.756889308389412	359	1	0.17570093457943925	0.2766355140186916	0.33920891207783965	0	-0.4513651239231349	-0.4306673880643834	-0.40410867970375597	6.692143256378682	5.3552277613666845	0.0	0.9184273940407799	0.9963746576979399	0.3326517661989706	answerdotai_ModernBERT-base	__ALL__	cosine	head	2,10	global_pooled	lexeme_prefixed
14183	535	7.756889308389412	359	1	0.17570093457943925	0.2766355140186916	0.33920891207783965	0	-0.26210850002510794	-0.23585158095256284	-0.21822310132810738	6.692143256378682	5.3552277613666845	8.65738128152168e-09	0.8928264785561819	2.6547825951461106	0.21645632094761333	answerdotai_ModernBERT-base	__ALL__	euclidean	head	2,10	global_pooled	lexeme_prefixed
14183	535	7.756889308389412	359	1	0.17570093457943925	0.2766355140186916	0.33920891207783965	0	-0.45129282937120124	-0.43156406825339677	-0.40226519633120644	6.647432489400678	5.290218794035916	0.0	0.918605486142386	0.9973904795362675	0.3308890925756187	answerdotai_ModernBERT-base	__ALL__	cosine	head	2,11	global_pooled	lexeme_prefixed
14183	535	7.756889308389412	359	1	0.17570093457943925	0.2766355140186916	0.33920891207783965	0	-0.2602952982185868	-0.23462701680342182	-0.2169833124055637	6.647432489400678	5.290218794035916	0.0	0.8931683360902378	2.685132891684479	0.2204047098639216	answerdotai_ModernBERT-base	__ALL__	euclidean	head	2,11	global_pooled	lexeme_prefixed
14183	535	7.756889308389412	359	1	0.17570093457943925	0.2766355140186916	0.33920891207783965	0	-0.4378769742459846	-0.41834901037795225	-0.3876684401410232	6.638990959152578	5.410931205981807	0.0	0.9197790562024977	0.9978918700214547	0.33335683564831137	answerdotai_ModernBERT-base	__ALL__	cosine	head	3,4	global_pooled	lexeme_prefixed
14183	535	7.756889308389412	359	1	0.17570093457943925	0.2766355140186916	0.33920891207783965	0	-0.2503389174976536	-0.22553095157710462	-0.20937317981427955	6.638990959152578	5.410931205981807	8.064663023782605e-09	0.8952406883696696	2.631809638591577	0.22879503631107664	answerdotai_ModernBERT-base	__ALL__	euclidean	head	3,4	global_pooled	lexeme_prefixed
14183	535	7.756889308389412	359	1	0.17570093457943925	0.2766355140186916	0.33920891207783965	0	-0.4497393532752236	-0.43135632698567233	-0.40413273778487574	6.880138841315386	5.284116410547317	1.143827220387732e-16	0.9186832506437004	0.9990912618450343	0.3303955439610802	answerdotai_ModernBERT-base	__ALL__	cosine	head	3,5	global_pooled	lexeme_prefixed
14183	535	7.756889308389412	359	1	0.17570093457943925	0.2766355140186916	0.33920891207783965	0	-0.25885665887190124	-0.23338284049881436	-0.2167491685504176	6.880138841315386	5.284116410547317	0.0	0.887400577716019	2.662098887126016	0.22075724458859197	answerdotai_ModernBERT-base	__ALL__	euclidean	head	3,5	global_pooled	lexeme_prefixed
14183	535	7.756889308389412	359	1	0.17570093457943925	0.2766355140186916	0.33920891207783965	0	-0.44023019188424917	-0.41826901621797746	-0.3886959844735419	6.778367870089498	5.1545390934740825	0.0	0.9208089355515215	0.997676417246993	0.33229923147430024	answerdotai_ModernBERT-base	__ALL__	cosine	head	3,6	global_pooled	lexeme_prefixed
14183	535	7.756889308389412	359	1	0.17570093457943925	0.2766355140186916	0.33920891207783965	0	-0.2509141212836512	-0.22627713859957926	-0.20841461365481334	6.778367870089498	5.1545390934740825	0.0	0.8941834766494577	2.5585010751892825	0.224494112670098	answerdotai_ModernBERT-base	__ALL__	euclidean	head	3,6	global_pooled	lexeme_prefixed
14183	535	7.756889308389412	359	1	0.17570093457943925	0.2766355140186916	0.33920891207783965	0	-0.44688439494096427	-0.42659695969273237	-0.39746819071795786	6.665138477343129	5.359445362686645	0.0	0.9197853236181703	0.9975538465801973	0.33138264119015726	answerdotai_ModernBERT-base	__ALL__	cosine	head	3,7	global_pooled	lexeme_prefixed
14183	535	7.756889308389412	359	1	0.17570093457943925	0.2766355140186916	0.33920891207783965	0	-0.2550006507220094	-0.2293675946239418	-0.21095811258789346	6.665138477343129	5.359445362686645	8.360612212632524e-09	0.8917339702054098	2.6536805370882646	0.22075724458859197	answerdotai_ModernBERT-base	__ALL__	euclidean	head	3,7	global_pooled	lexeme_prefixed
14183	535	7.756889308389412	359	1	0.17570093457943925	0.2766355140186916	0.33920891207783965	0	-0.42598174119488313	-0.4062412314623186	-0.37691813630062126	6.685523095969508	5.120815158981418	0.0	0.9214581835980113	0.9982689424385593	0.3385038426284989	answerdotai_ModernBERT-base	__ALL__	cosine	head	3,8	global_pooled	lexeme_prefixed
14183	535	7.756889308389412	359	1	0.17570093457943925	0.2766355140186916	0.33920891207783965	0	-0.24354443979864404	-0.21990761905794035	-0.20374335741662983	6.685523095969508	5.120815158981418	0.0	0.8965097352240372	2.5231611331975072	0.2233660015511528	answerdotai_ModernBERT-base	__ALL__	euclidean	head	3,8	global_pooled	lexeme_prefixed
14183	535	7.756889308389412	359	1	0.17570093457943925	0.2766355140186916	0.33920891207783965	0	-0.44351577466629083	-0.42453970583698103	-0.39231464734370114	6.657551814520546	5.209059003935631	5.703612550526839e-17	0.9200795652749724	0.9972596687043022	0.33963195374744415	answerdotai_ModernBERT-base	__ALL__	cosine	head	3,9	global_pooled	lexeme_prefixed
14183	535	7.756889308389412	359	1	0.17570093457943925	0.2766355140186916	0.33920891207783965	0	-0.25387399331930255	-0.2305260917338743	-0.21262551234026913	6.657551814520546	5.209059003935631	0.0	0.8975165303229692	2.571035751060318	0.22505816822957062	answerdotai_ModernBERT-base	__ALL__	euclidean	head	3,9	global_pooled	lexeme_prefixed
14183	535	7.756889308389412	359	1	0.17570093457943925	0.2766355140186916	0.33920891207783965	0	-0.43466742561834715	-0.41337056407759915	-0.38675270686002194	6.662948608121319	5.160786994352702	0.0	0.9196437311187279	0.9973322497200525	0.3414651343157301	answerdotai_ModernBERT-base	__ALL__	cosine	head	3,10	global_pooled	lexeme_prefixed
14183	535	7.756889308389412	359	1	0.17570093457943925	0.2766355140186916	0.33920891207783965	0	-0.2509724279849263	-0.22662489449090623	-0.20949833774284055	6.662948608121319	5.160786994352702	0.0	0.8970878643284704	2.5682570776380547	0.2236480293308891	answerdotai_ModernBERT-base	__ALL__	euclidean	head	3,10	global_pooled	lexeme_prefixed
14183	535	7.756889308389412	359	1	0.17570093457943925	0.2766355140186916	0.33920891207783965	0	-0.4430228989472032	-0.4208784752043654	-0.3945820098021891	6.552554559161437	5.2378637094906795	0.0	0.9209422817438804	0.9974531544443277	0.3361066065007403	answerdotai_ModernBERT-base	__ALL__	cosine	head	3,11	global_pooled	lexeme_prefixed
14183	535	7.756889308389412	359	1	0.17570093457943925	0.2766355140186916	0.33920891207783965	0	-0.25081888004857283	-0.22494225430628165	-0.2079815060129573	6.552554559161437	5.2378637094906795	0.0	0.8946916937164471	2.6364745633540894	0.22230839737714164	answerdotai_ModernBERT-base	__ALL__	euclidean	head	3,11	global_pooled	lexeme_prefixed
14183	535	7.756889308389412	359	1	0.17570093457943925	0.2766355140186916	0.33920891207783965	0	-0.4591839329286951	-0.4388046861973934	-0.40633298773999726	6.651113859461623	5.65995973975927	0.0	0.914440435496586	0.9981101968270393	0.33138264119015726	answerdotai_ModernBERT-base	__ALL__	cosine	head	4,5	global_pooled	lexeme_prefixed
14183	535	7.756889308389412	359	1	0.17570093457943925	0.2766355140186916	0.33920891207783965	0	-0.264247675707151	-0.2376104850557107	-0.21923733331671927	6.651113859461623	5.65995973975927	5.803342994904464e-09	0.875476697907882	2.7246372639794867	0.2171613903969541	answerdotai_ModernBERT-base	__ALL__	euclidean	head	4,5	global_pooled	lexeme_prefixed
14183	535	7.756889308389412	359	1	0.17570093457943925	0.2766355140186916	0.33920891207783965	0	-0.45629613790569407	-0.4349949753608556	-0.40567741812375047	6.796798073354657	5.505814006811833	1.1393225064083646e-16	0.9174078476837172	0.998303321704279	0.33194669674962984	answerdotai_ModernBERT-base	__ALL__	cosine	head	4,6	global_pooled	lexeme_prefixed
14183	535	7.756889308389412	359	1	0.17570093457943925	0.2766355140186916	0.33920891207783965	0	-0.25874745091253815	-0.23231266132635986	-0.21432186573151416	6.796798073354657	5.505814006811833	8.198384271880405e-09	0.8916883392923157	2.664012215660173	0.21532820982866813	answerdotai_ModernBERT-base	__ALL__	euclidean	head	4,6	global_pooled	lexeme_prefixed
14183	535	7.756889308389412	359	1	0.17570093457943925	0.2766355140186916	0.33920891207783965	0	-0.4547891133875089	-0.4314510339639774	-0.40193863099221105	6.74215343839204	5.406261939275194	0.0	0.91794060809821	0.9987911392110812	0.33131213424522316	answerdotai_ModernBERT-base	__ALL__	cosine	head	4,7	global_pooled	lexeme_prefixed
14183	535	7.756889308389412	359	1	0.17570093457943925	0.2766355140186916	0.33920891207783965	0	-0.259024501477938	-0.23093477013637898	-0.21528495484419097	6.74215343839204	5.406261939275194	0.0	0.8890887048870031	2.7064797940676995	0.22322498766128462	answerdotai_ModernBERT-base	__ALL__	euclidean	head	4,7	global_pooled	lexeme_prefixed
14183	535	7.756889308389412	359	1	0.17570093457943925	0.2766355140186916	0.33920891207783965	0	-0.44442631674642585	-0.4239946103354584	-0.39180790719349073	6.843957852067913	5.076381309730358	0.0	0.9209492903124392	0.9985468532887612	0.326517661989706	answerdotai_ModernBERT-base	__ALL__	cosine	head	4,8	global_pooled	lexeme_prefixed
14183	535	7.756889308389412	359	1	0.17570093457943925	0.2766355140186916	0.33920891207783965	0	-0.24982370052452144	-0.22480701831796027	-0.20722534527904174	6.843957852067913	5.076381309730358	7.4180270667361445e-09	0.8923259712237243	2.5629138826461846	0.2218853557075372	answerdotai_ModernBERT-base	__ALL__	euclidean	head	4,8	global_pooled	lexeme_prefixed
14183	535	7.756889308389412	359	1	0.17570093457943925	0.2766355140186916	0.33920891207783965	0	-0.44610676697122675	-0.42802593757602114	-0.3990202278508279	6.741630043343687	5.436284894432777	1.1465066138311003e-16	0.9181926013253567	0.9974680482443243	0.33568356483113587	answerdotai_ModernBERT-base	__ALL__	cosine	head	4,9	global_pooled	lexeme_prefixed
14183	535	7.756889308389412	359	1	0.17570093457943925	0.2766355140186916	0.33920891207783965	0	-0.25501113998858205	-0.2280178536466959	-0.21179702628370778	6.741630043343687	5.436284894432777	7.720368751166508e-09	0.882960021866104	2.6248856222306167	0.2171613903969541	answerdotai_ModernBERT-base	__ALL__	euclidean	head	4,9	global_pooled	lexeme_prefixed
14183	535	7.756889308389412	359	1	0.17570093457943925	0.2766355140186916	0.33920891207783965	0	-0.4519640284819434	-0.43214406435559144	-0.4021655046648161	6.761401890185183	5.472585291979547	5.731264079473192e-17	0.9172168910876487	0.9985188504964639	0.3304660509060142	answerdotai_ModernBERT-base	__ALL__	cosine	head	4,10	global_pooled	lexeme_prefixed
14183	535	7.756889308389412	359	1	0.17570093457943925	0.2766355140186916	0.33920891207783965	0	-0.25856199588684353	-0.23359520893783015	-0.2176194708194266	6.761401890185183	5.472585291979547	5.912947614241432e-09	0.8914890365784941	2.65742499030294	0.2183600084608334	answerdotai_ModernBERT-base	__ALL__	euclidean	head	4,10	global_pooled	lexeme_prefixed
14183	535	7.756889308389412	359	1	0.17570093457943925	0.2766355140186916	0.33920891207783965	0	-0.4374199474690062	-0.4180929680782253	-0.39138453407415297	6.6424659700729425	5.417054240938123	0.0	0.9184755159560762	0.9979958126976028	0.3344144398223225	answerdotai_ModernBERT-base	__ALL__	cosine	head	4,11	global_pooled	lexeme_prefixed
14183	535	7.756889308389412	359	1	0.17570093457943925	0.2766355140186916	0.33920891207783965	0	-0.24949046310463394	-0.22517143857915625	-0.2071448287793806	6.6424659700729425	5.417054240938123	0.0	0.8875009259374207	2.637881147117644	0.2210392723683283	answerdotai_ModernBERT-base	__ALL__	euclidean	head	4,11	global_pooled	lexeme_prefixed
14183	535	7.756889308389412	359	1	0.17570093457943925	0.2766355140186916	0.33920891207783965	0	-0.45434944617581047	-0.43471177913722964	-0.4046571363044914	6.775769094039402	5.146764937776737	0.0	0.9180290717630234	0.9981858145043786	0.3262356342099697	answerdotai_ModernBERT-base	__ALL__	cosine	head	5,6	global_pooled	lexeme_prefixed
14183	535	7.756889308389412	359	1	0.17570093457943925	0.2766355140186916	0.33920891207783965	0	-0.2605995461867588	-0.2363068653255319	-0.21790463432120874	6.775769094039402	5.146764937776737	0.0	0.8910635176115944	2.5911925117701697	0.2183600084608334	answerdotai_ModernBERT-base	__ALL__	euclidean	head	5,6	global_pooled	lexeme_prefixed
14183	535	7.756889308389412	359	1	0.17570093457943925	0.2766355140186916	0.33920891207783965	0	-0.4591043694789395	-0.4400885958375801	-0.40630486895182844	6.737702968638832	5.32036933208277	1.1389791150073093e-16	0.9174841591483576	0.9977065228066917	0.3285623633927942	answerdotai_ModernBERT-base	__ALL__	cosine	head	5,7	global_pooled	lexeme_prefixed
14183	535	7.756889308389412	359	1	0.17570093457943925	0.2766355140186916	0.33920891207783965	0	-0.2655144249651245	-0.23948528879247832	-0.22180445458777412	6.737702968638832	5.32036933208277	6.02616650087768e-09	0.8907468977835868	2.685748699124491	0.21377705704011846	answerdotai_ModernBERT-base	__ALL__	euclidean	head	5,7	global_pooled	lexeme_prefixed
14183	535	7.756889308389412	359	1	0.17570093457943925	0.2766355140186916	0.33920891207783965	0	-0.4447732543998614	-0.4245302810955925	-0.3966569023320062	6.747944475384089	5.024127015945596	0.0	0.9191723411488614	0.9974008959307176	0.33765775928929	answerdotai_ModernBERT-base	__ALL__	cosine	head	5,8	global_pooled	lexeme_prefixed
14183	535	7.756889308389412	359	1	0.17570093457943925	0.2766355140186916	0.33920891207783965	0	-0.25256028051403756	-0.2274642073316556	-0.20999831097739696	6.747944475384089	5.024127015945596	5.639004697830009e-09	0.8972038231035954	2.524119949186701	0.21638581400267926	answerdotai_ModernBERT-base	__ALL__	euclidean	head	5,8	global_pooled	lexeme_prefixed
14183	535	7.756889308389412	359	1	0.17570093457943925	0.2766355140186916	0.33920891207783965	0	-0.4538148600926757	-0.434422624295712	-0.4056795563188925	6.642536373565031	5.552231441883651	0.0	0.9148153672697485	0.997774833804858	0.3417471620954664	answerdotai_ModernBERT-base	__ALL__	cosine	head	5,10	global_pooled	lexeme_prefixed
14183	535	7.756889308389412	359	1	0.17570093457943925	0.2766355140186916	0.33920891207783965	0	-0.26090691260798055	-0.23811067773537123	-0.22048086955517257	6.642536373565031	5.552231441883651	0.0	0.8917628321895724	2.6650287090459983	0.21702037650708594	answerdotai_ModernBERT-base	__ALL__	euclidean	head	5,10	global_pooled	lexeme_prefixed
14183	535	7.756889308389412	359	1	0.17570093457943925	0.2766355140186916	0.33920891207783965	0	-0.44896149771662053	-0.42910770450539965	-0.403803453190727	6.765403129815703	5.12848749549701	0.0	0.9196729654535588	0.9971346134113733	0.3303955439610802	answerdotai_ModernBERT-base	__ALL__	cosine	head	5,9	global_pooled	lexeme_prefixed
14183	535	7.756889308389412	359	1	0.17570093457943925	0.2766355140186916	0.33920891207783965	0	-0.2602726694606686	-0.23647918472184343	-0.21781780087351296	6.765403129815703	5.12848749549701	0.0	0.8884715469422426	2.606760701159685	0.2183600084608334	answerdotai_ModernBERT-base	__ALL__	euclidean	head	5,9	global_pooled	lexeme_prefixed
14183	535	7.756889308389412	359	1	0.17570093457943925	0.2766355140186916	0.33920891207783965	0	-0.45973471491212553	-0.4384020163556939	-0.40762639323654476	6.701343327078326	5.6451445839864025	1.1418533599030198e-16	0.9146318761572134	0.9975244363542478	0.3273637453289149	answerdotai_ModernBERT-base	__ALL__	cosine	head	5,11	global_pooled	lexeme_prefixed
14183	535	7.756889308389412	359	1	0.17570093457943925	0.2766355140186916	0.33920891207783965	0	-0.26167720797216	-0.23580836819945378	-0.2176154644925978	6.701343327078326	5.6451445839864025	5.545789645336754e-09	0.8824144695935914	2.7221355072315303	0.21405908481985475	answerdotai_ModernBERT-base	__ALL__	euclidean	head	5,11	global_pooled	lexeme_prefixed
14183	535	7.756889308389412	359	1	0.17570093457943925	0.2766355140186916	0.33920891207783965	0	-0.4512516757782922	-0.4318203880599332	-0.40164728238779457	6.803429657055889	5.033515833281468	0.0	0.9207244435716749	0.9969436426350291	0.3267996897694423	answerdotai_ModernBERT-base	__ALL__	cosine	head	6,7	global_pooled	lexeme_prefixed
14183	535	7.756889308389412	359	1	0.17570093457943925	0.2766355140186916	0.33920891207783965	0	-0.25874358256545466	-0.23466565248559315	-0.21377113676796033	6.803429657055889	5.033515833281468	5.4866383789220825e-09	0.8994093922824247	2.602229802811292	0.22322498766128462	answerdotai_ModernBERT-base	__ALL__	euclidean	head	6,7	global_pooled	lexeme_prefixed
14183	535	7.756889308389412	359	1	0.17570093457943925	0.2766355140186916	0.33920891207783965	0	-0.4291624267977477	-0.40977813182260486	-0.3846228642988011	6.600082165664331	4.997917605992347	0.0	0.9215372752037483	0.9973864942127837	0.3323697384192343	answerdotai_ModernBERT-base	__ALL__	cosine	head	6,8	global_pooled	lexeme_prefixed
14183	535	7.756889308389412	359	1	0.17570093457943925	0.2766355140186916	0.33920891207783965	0	-0.24648848555021322	-0.22326763540687752	-0.20585918790646718	6.600082165664331	4.997917605992347	4.122893865303973e-09	0.8972302260753651	2.433364478435341	0.22266093210181204	answerdotai_ModernBERT-base	__ALL__	euclidean	head	6,8	global_pooled	lexeme_prefixed
14183	535	7.756889308389412	359	1	0.17570093457943925	0.2766355140186916	0.33920891207783965	0	-0.4438070472067756	-0.4260190726962832	-0.39364312637185744	6.549136049868174	5.1627083368207165	5.688631762704443e-17	0.9197788772723261	0.9952831779330437	0.3384333356835648	answerdotai_ModernBERT-base	__ALL__	cosine	head	6,9	global_pooled	lexeme_prefixed
14183	535	7.756889308389412	359	1	0.17570093457943925	0.2766355140186916	0.33920891207783965	0	-0.2544694160916064	-0.22725922900579337	-0.2108210100780905	6.549136049868174	5.1627083368207165	0.0	0.8926360063362484	2.51003613443472	0.22230839737714164	answerdotai_ModernBERT-base	__ALL__	euclidean	head	6,9	global_pooled	lexeme_prefixed
14183	535	7.756889308389412	359	1	0.17570093457943925	0.2766355140186916	0.33920891207783965	0	-0.4353143389194266	-0.4138502318015195	-0.38581571298771844	6.675163694977225	5.095553094278878	0.0	0.9192791632957885	0.9971328199682427	0.33363886342804766	answerdotai_ModernBERT-base	__ALL__	cosine	head	6,10	global_pooled	lexeme_prefixed
14183	535	7.756889308389412	359	1	0.17570093457943925	0.2766355140186916	0.33920891207783965	0	-0.24933130154838645	-0.22616254281219922	-0.2060585253516188	6.675163694977225	5.095553094278878	0.0	0.9034249639558882	2.5031643246057116	0.2200521751392512	answerdotai_ModernBERT-base	__ALL__	euclidean	head	6,10	global_pooled	lexeme_prefixed
14183	535	7.756889308389412	359	1	0.17570093457943925	0.2766355140186916	0.33920891207783965	0	-0.44563504096579787	-0.42597904936910636	-0.39501311307983966	6.646711928088466	5.469327279825286	0.0	0.9168474888528086	0.9979628498285272	0.3224282591835296	answerdotai_ModernBERT-base	__ALL__	cosine	head	6,11	global_pooled	lexeme_prefixed
14183	535	7.756889308389412	359	1	0.17570093457943925	0.2766355140186916	0.33920891207783965	0	-0.25381148305016804	-0.22783359018732438	-0.2095369738109322	6.646711928088466	5.469327279825286	5.625482008370783e-09	0.8883855004975824	2.5687437508798743	0.21638581400267926	answerdotai_ModernBERT-base	__ALL__	euclidean	head	6,11	global_pooled	lexeme_prefixed
14183	535	7.756889308389412	359	1	0.17570093457943925	0.2766355140186916	0.33920891207783965	0	-0.4477547498077323	-0.4275435494918723	-0.39845646177951227	6.686412543369608	5.104395809281248	0.0	0.9199616660588766	0.9964794347807409	0.32891489811746455	answerdotai_ModernBERT-base	__ALL__	cosine	head	7,8	global_pooled	lexeme_prefixed
14183	535	7.756889308389412	359	1	0.17570093457943925	0.2766355140186916	0.33920891207783965	0	-0.2545326823655184	-0.23085262001735463	-0.2130639038083089	6.686412543369608	5.104395809281248	8.252363038778608e-09	0.8946351750565744	2.5664074028773736	0.2186420362405697	answerdotai_ModernBERT-base	__ALL__	euclidean	head	7,8	global_pooled	lexeme_prefixed
14183	535	7.756889308389412	359	1	0.17570093457943925	0.2766355140186916	0.33920891207783965	0	-0.44783075387138516	-0.42738965846284044	-0.3982371983950332	6.510464764556555	5.648113956842179	5.699445518583603e-17	0.9175666267558029	0.9973042673059359	0.32694070365931044	answerdotai_ModernBERT-base	__ALL__	cosine	head	7,9	global_pooled	lexeme_prefixed
14183	535	7.756889308389412	359	1	0.17570093457943925	0.2766355140186916	0.33920891207783965	0	-0.25164772991986567	-0.22940963575717588	-0.2080723970889592	6.510464764556555	5.648113956842179	0.0	0.8845336618388905	2.64869910821495	0.2183600084608334	answerdotai_ModernBERT-base	__ALL__	euclidean	head	7,9	global_pooled	lexeme_prefixed
14183	535	7.756889308389412	359	1	0.17570093457943925	0.2766355140186916	0.33920891207783965	0	-0.4596146606272386	-0.44050568100351123	-0.4074878781117372	6.805753868198122	5.184107318026819	5.668706187930592e-17	0.9176292934511283	0.9969383405812259	0.332087710639498	answerdotai_ModernBERT-base	__ALL__	cosine	head	7,10	global_pooled	lexeme_prefixed
14183	535	7.756889308389412	359	1	0.17570093457943925	0.2766355140186916	0.33920891207783965	0	-0.2598903891428526	-0.23557537766550862	-0.21614901102202083	6.805753868198122	5.184107318026819	0.0	0.8993781372909443	2.6236987069987716	0.2186420362405697	answerdotai_ModernBERT-base	__ALL__	euclidean	head	7,10	global_pooled	lexeme_prefixed
14183	535	7.756889308389412	359	1	0.17570093457943925	0.2766355140186916	0.33920891207783965	0	-0.45309028524758005	-0.4310055884376418	-0.4037946244068945	6.555369093533507	5.481466319437858	0.0	0.9172418652115185	0.9973906354601532	0.33138264119015726	answerdotai_ModernBERT-base	__ALL__	cosine	head	7,11	global_pooled	lexeme_prefixed
14183	535	7.756889308389412	359	1	0.17570093457943925	0.2766355140186916	0.33920891207783965	0	-0.2564566222973579	-0.23268230117463806	-0.21499436055204596	6.555369093533507	5.481466319437858	0.0	0.8931337676686594	2.674136621086062	0.21793696679122893	answerdotai_ModernBERT-base	__ALL__	euclidean	head	7,11	global_pooled	lexeme_prefixed
14183	535	7.756889308389412	359	1	0.17570093457943925	0.2766355140186916	0.33920891207783965	0	-0.4355303249879989	-0.41714834739984313	-0.38704055335818116	6.723069232272335	5.1666813212098495	0.0	0.920463304614373	0.9968356017924408	0.33392089120778395	answerdotai_ModernBERT-base	__ALL__	cosine	head	8,9	global_pooled	lexeme_prefixed
14183	535	7.756889308389412	359	1	0.17570093457943925	0.2766355140186916	0.33920891207783965	0	-0.2467521178339467	-0.2250551466613709	-0.207174067584435	6.723069232272335	5.1666813212098495	5.1885834850411e-09	0.8893781349857318	2.5462650818416073	0.22357752238595502	answerdotai_ModernBERT-base	__ALL__	euclidean	head	8,9	global_pooled	lexeme_prefixed
14183	535	7.756889308389412	359	1	0.17570093457943925	0.2766355140186916	0.33920891207783965	0	-0.44668526801020925	-0.42978206716280476	-0.40005589114872586	6.751673797429476	5.069770286820542	0.0	0.919226053635491	0.9980053310358863	0.3314531481350913	answerdotai_ModernBERT-base	__ALL__	cosine	head	8,10	global_pooled	lexeme_prefixed
14183	535	7.756889308389412	359	1	0.17570093457943925	0.2766355140186916	0.33920891207783965	0	-0.2545305484952223	-0.23063009538619147	-0.2135717885824026	6.751673797429476	5.069770286820542	1.259510540771375e-08	0.894483809051949	2.5597294268192794	0.2168793626172178	answerdotai_ModernBERT-base	__ALL__	euclidean	head	8,10	global_pooled	lexeme_prefixed
14183	535	7.756889308389412	359	1	0.17570093457943925	0.2766355140186916	0.33920891207783965	0	-0.4378508255122459	-0.42134029042714394	-0.3893638933861835	6.526614276140038	5.472919244557633	0.0	0.9170514908732963	0.9979491146709558	0.3361066065007403	answerdotai_ModernBERT-base	__ALL__	cosine	head	8,11	global_pooled	lexeme_prefixed
14183	535	7.756889308389412	359	1	0.17570093457943925	0.2766355140186916	0.33920891207783965	0	-0.24894900834159345	-0.22465563065376282	-0.20875981248482453	6.526614276140038	5.472919244557633	8.362571485001787e-09	0.8883983994108482	2.591682112655074	0.21899457096524008	answerdotai_ModernBERT-base	__ALL__	euclidean	head	8,11	global_pooled	lexeme_prefixed
14183	535	7.756889308389412	359	1	0.17570093457943925	0.2766355140186916	0.33920891207783965	0	-0.4434074561461296	-0.4232693654021382	-0.3964227231168058	6.707711257283333	5.104700298966665	0.0	0.9202423004910814	0.9969247682570579	0.33892688429810336	answerdotai_ModernBERT-base	__ALL__	cosine	head	9,10	global_pooled	lexeme_prefixed
14183	535	7.756889308389412	359	1	0.17570093457943925	0.2766355140186916	0.33920891207783965	0	-0.25205290271068265	-0.2286034139495784	-0.21015533936903338	6.707711257283333	5.104700298966665	9.707628174503126e-09	0.8934170520251532	2.534431727241865	0.22223789043220757	answerdotai_ModernBERT-base	__ALL__	euclidean	head	9,10	global_pooled	lexeme_prefixed
14183	535	7.756889308389412	359	1	0.17570093457943925	0.2766355140186916	0.33920891207783965	0	-0.4354614821439657	-0.4149577456614935	-0.38887664282599954	6.601387724550379	5.24069227986836	0.0	0.9184123008361144	0.9969003154221598	0.3363886342804766	answerdotai_ModernBERT-base	__ALL__	cosine	head	9,11	global_pooled	lexeme_prefixed
14183	535	7.756889308389412	359	1	0.17570093457943925	0.2766355140186916	0.33920891207783965	0	-0.24876248704501353	-0.22448341746214728	-0.20524001229789549	6.601387724550379	5.24069227986836	0.0	0.8930168047167466	2.539427001980747	0.22442360572516393	answerdotai_ModernBERT-base	__ALL__	euclidean	head	9,11	global_pooled	lexeme_prefixed
14183	535	7.756889308389412	359	1	0.17570093457943925	0.2766355140186916	0.33920891207783965	0	-0.4360996229999071	-0.41718067132029624	-0.3870913471203137	6.5378780882522305	5.338346860767868	5.691195969937156e-17	0.9186765847391022	0.997698285485893	0.3334273425932454	answerdotai_ModernBERT-base	__ALL__	cosine	head	10,11	global_pooled	lexeme_prefixed
14183	535	7.756889308389412	359	1	0.17570093457943925	0.2766355140186916	0.33920891207783965	0	-0.25044448317091944	-0.22815718784530886	-0.208665642167835	6.5378780882522305	5.338346860767868	0.0	0.8970057040168704	2.5516164673021255	0.22075724458859197	answerdotai_ModernBERT-base	__ALL__	euclidean	head	10,11	global_pooled	lexeme_prefixed
14183	535	7.756889308389412	359	1	0.17570093457943925	0.2766355140186916	0.33920891207783965	0	-0.45464880270796615	-0.43435270953219074	-0.4067339471981116	6.6450415229679525	5.145503545538879	0.0	0.9203479726984649	0.9956330606756899	0.3162236480293309	answerdotai_ModernBERT-base	__ALL__	cosine	head	0,1,2	global_pooled	lexeme_prefixed
14183	535	7.756889308389412	359	1	0.17570093457943925	0.2766355140186916	0.33920891207783965	0	-0.2629183409091268	-0.23957322673558207	-0.2219751977941809	6.6450415229679525	5.145503545538879	3.7099719739221737e-09	0.8915496048691223	2.1602318402189584	0.20418811252908411	answerdotai_ModernBERT-base	__ALL__	euclidean	head	0,1,2	global_pooled	lexeme_prefixed
14183	535	7.756889308389412	359	1	0.17570093457943925	0.2766355140186916	0.33920891207783965	0	-0.4516570055159636	-0.4310013067674258	-0.40182361219426976	6.834811371155993	5.2414426708277855	0.0	0.9202100632992785	0.9963700498254312	0.3203130508355073	answerdotai_ModernBERT-base	__ALL__	cosine	head	0,1,3	global_pooled	lexeme_prefixed
14183	535	7.756889308389412	359	1	0.17570093457943925	0.2766355140186916	0.33920891207783965	0	-0.2592264681415179	-0.23676708472115407	-0.21902643201464686	6.834811371155993	5.2414426708277855	7.983938527811127e-09	0.8881219272852492	2.1808435325599818	0.20665585560177677	answerdotai_ModernBERT-base	__ALL__	euclidean	head	0,1,3	global_pooled	lexeme_prefixed
14183	535	7.756889308389412	359	1	0.17570093457943925	0.2766355140186916	0.33920891207783965	0	-0.45696566145234396	-0.4369254304024003	-0.4087392006950669	6.663112542647294	5.245216907007597	1.1377859759921524e-16	0.9188036206929439	0.996530318523617	0.31840936332228725	answerdotai_ModernBERT-base	__ALL__	cosine	head	0,1,4	global_pooled	lexeme_prefixed
14183	535	7.756889308389412	359	1	0.17570093457943925	0.2766355140186916	0.33920891207783965	0	-0.26633031798192147	-0.240982241036351	-0.22275290599310435	6.663112542647294	5.245216907007597	0.0	0.8891391857084961	2.1705568925011502	0.20235493196079815	answerdotai_ModernBERT-base	__ALL__	euclidean	head	0,1,4	global_pooled	lexeme_prefixed
14183	535	7.756889308389412	359	1	0.17570093457943925	0.2766355140186916	0.33920891207783965	0	-0.45485774904236626	-0.4347000457904295	-0.4065555591869734	6.869281401508834	5.197028487057677	0.0	0.9190590213824688	0.9968365710785272	0.3268701967143764	answerdotai_ModernBERT-base	__ALL__	cosine	head	0,1,5	global_pooled	lexeme_prefixed
14183	535	7.756889308389412	359	1	0.17570093457943925	0.2766355140186916	0.33920891207783965	0	-0.2610528051712818	-0.23580285279514956	-0.21824582315341212	6.869281401508834	5.197028487057677	0.0	0.8927714931509293	2.162889144607435	0.20700839032644716	answerdotai_ModernBERT-base	__ALL__	euclidean	head	0,1,5	global_pooled	lexeme_prefixed
14183	535	7.756889308389412	359	1	0.17570093457943925	0.2766355140186916	0.33920891207783965	0	-0.45485892803218464	-0.43395327655906973	-0.4043399112739906	6.862132606623184	5.124545368185778	0.0	0.9204782053737232	0.996431509664978	0.3150250299654516	answerdotai_ModernBERT-base	__ALL__	cosine	head	0,1,6	global_pooled	lexeme_prefixed
14183	535	7.756889308389412	359	1	0.17570093457943925	0.2766355140186916	0.33920891207783965	0	-0.2611974060519791	-0.23575212490741598	-0.2179812406615948	6.862132606623184	5.124545368185778	0.0	0.8949163541283028	2.136928846341805	0.2094761333991398	answerdotai_ModernBERT-base	__ALL__	euclidean	head	0,1,6	global_pooled	lexeme_prefixed
14183	535	7.756889308389412	359	1	0.17570093457943925	0.2766355140186916	0.33920891207783965	0	-0.44897690357255343	-0.4305302281932156	-0.4019121285229424	6.749715370486952	5.150338941297273	0.0	0.9205253809651794	0.996102552098348	0.3156595924698583	answerdotai_ModernBERT-base	__ALL__	cosine	head	0,1,8	global_pooled	lexeme_prefixed
14183	535	7.756889308389412	359	1	0.17570093457943925	0.2766355140186916	0.33920891207783965	0	-0.25880849249415233	-0.2353444481863659	-0.21750162658394373	6.749715370486952	5.150338941297273	0.0	0.8918079310263732	2.1189372199529077	0.2098286681238102	answerdotai_ModernBERT-base	__ALL__	euclidean	head	0,1,8	global_pooled	lexeme_prefixed
14183	535	7.756889308389412	359	1	0.17570093457943925	0.2766355140186916	0.33920891207783965	0	-0.46331247021958577	-0.4436639302426258	-0.41597812636606296	6.818542557969903	5.051830703546165	0.0	0.9199757343348968	0.99516192202744	0.31629415497426494	answerdotai_ModernBERT-base	__ALL__	cosine	head	0,1,7	global_pooled	lexeme_prefixed
14183	535	7.756889308389412	359	1	0.17570093457943925	0.2766355140186916	0.33920891207783965	0	-0.2659454528412339	-0.2405182810180743	-0.22217514638230307	6.818542557969903	5.051830703546165	0.0	0.8962017654609029	2.173986785325024	0.20552774448283156	answerdotai_ModernBERT-base	__ALL__	euclidean	head	0,1,7	global_pooled	lexeme_prefixed
14183	535	7.756889308389412	359	1	0.17570093457943925	0.2766355140186916	0.33920891207783965	0	-0.4591575298811528	-0.43821722676911706	-0.4146864064874009	6.744359851288645	5.105062510706582	0.0	0.9211275777929071	0.9971865160884787	0.31742226609321017	answerdotai_ModernBERT-base	__ALL__	cosine	head	0,1,9	global_pooled	lexeme_prefixed
14183	535	7.756889308389412	359	1	0.17570093457943925	0.2766355140186916	0.33920891207783965	0	-0.2648581415351306	-0.241497990819276	-0.22244448701283837	6.744359851288645	5.105062510706582	3.858961557024431e-09	0.889141247344394	2.1557726716977803	0.20383557780441375	answerdotai_ModernBERT-base	__ALL__	euclidean	head	0,1,9	global_pooled	lexeme_prefixed
14183	535	7.756889308389412	359	1	0.17570093457943925	0.2766355140186916	0.33920891207783965	0	-0.4583048378710537	-0.44210678671650394	-0.4098062041133782	6.719334198720363	5.253312689719466	0.0	0.9185442164121352	0.9970745824713864	0.32271028696326587	answerdotai_ModernBERT-base	__ALL__	cosine	head	0,1,10	global_pooled	lexeme_prefixed
14183	535	7.756889308389412	359	1	0.17570093457943925	0.2766355140186916	0.33920891207783965	0	-0.26717659305792724	-0.2418484550245042	-0.22564132501940348	6.719334198720363	5.253312689719466	6.7385988173307394e-09	0.8976669444852766	2.1556323554207073	0.20531622364802934	answerdotai_ModernBERT-base	__ALL__	euclidean	head	0,1,10	global_pooled	lexeme_prefixed
14183	535	7.756889308389412	359	1	0.17570093457943925	0.2766355140186916	0.33920891207783965	0	-0.4594604534234238	-0.44119357111663937	-0.409169625199653	6.659082678041193	5.240394578059204	5.683309391704718e-17	0.9198441176334559	0.9971129164837096	0.3136148910667701	answerdotai_ModernBERT-base	__ALL__	cosine	head	0,1,11	global_pooled	lexeme_prefixed
14183	535	7.756889308389412	359	1	0.17570093457943925	0.2766355140186916	0.33920891207783965	0	-0.2641181167578155	-0.2416620518325119	-0.22118330952666704	6.659082678041193	5.240394578059204	5.049926467060596e-09	0.8885876440501005	2.2007602149473113	0.20623281393217233	answerdotai_ModernBERT-base	__ALL__	euclidean	head	0,1,11	global_pooled	lexeme_prefixed
14183	535	7.756889308389412	359	1	0.17570093457943925	0.2766355140186916	0.33920891207783965	0	-0.4398557871255044	-0.4207734196808073	-0.3941857572391511	6.748947814184326	5.067915103190595	0.0	0.9220017930336242	0.9968024757508894	0.33652964817034475	answerdotai_ModernBERT-base	__ALL__	cosine	head	0,2,3	global_pooled	lexeme_prefixed
14183	535	7.756889308389412	359	1	0.17570093457943925	0.2766355140186916	0.33920891207783965	0	-0.2539761550089244	-0.22973626416410836	-0.2123185639881075	6.748947814184326	5.067915103190595	0.0	0.8941620742015717	2.152790658286534	0.22167383487273495	answerdotai_ModernBERT-base	__ALL__	euclidean	head	0,2,3	global_pooled	lexeme_prefixed
14183	535	7.756889308389412	359	1	0.17570093457943925	0.2766355140186916	0.33920891207783965	0	-0.44458368922670544	-0.42385173136345583	-0.39683259122870246	6.5753290068219705	5.354779116909265	5.701398226281434e-17	0.9187628824749821	0.9968429613471698	0.33356835648311356	answerdotai_ModernBERT-base	__ALL__	cosine	head	0,2,4	global_pooled	lexeme_prefixed
14183	535	7.756889308389412	359	1	0.17570093457943925	0.2766355140186916	0.33920891207783965	0	-0.26069228989869014	-0.23368116811746245	-0.2170685604041411	6.5753290068219705	5.354779116909265	5.303873577886207e-09	0.8889143957645216	2.126717591918852	0.21850102235070154	answerdotai_ModernBERT-base	__ALL__	euclidean	head	0,2,4	global_pooled	lexeme_prefixed
14183	535	7.756889308389412	359	1	0.17570093457943925	0.2766355140186916	0.33920891207783965	0	-0.44894973813226896	-0.4276029690006322	-0.3953549790316485	6.720039814916109	5.320221245245179	0.0	0.9177886617573684	0.9978751195729935	0.34449693294789535	answerdotai_ModernBERT-base	__ALL__	cosine	head	0,2,5	global_pooled	lexeme_prefixed
14183	535	7.756889308389412	359	1	0.17570093457943925	0.2766355140186916	0.33920891207783965	0	-0.2584006239896683	-0.23204662165368112	-0.21536288984401256	6.720039814916109	5.320221245245179	4.91099658375651e-09	0.8940721441587014	2.1592948696265792	0.2200521751392512	answerdotai_ModernBERT-base	__ALL__	euclidean	head	0,2,5	global_pooled	lexeme_prefixed
14183	535	7.756889308389412	359	1	0.17570093457943925	0.2766355140186916	0.33920891207783965	0	-0.44871955826929605	-0.4277398894587899	-0.3973692082395992	6.62335715102941	5.242689816976684	5.684822184568234e-17	0.9194696135758276	0.9973569128350004	0.3353310301064655	answerdotai_ModernBERT-base	__ALL__	cosine	head	0,2,6	global_pooled	lexeme_prefixed
14183	535	7.756889308389412	359	1	0.17570093457943925	0.2766355140186916	0.33920891207783965	0	-0.2602394817454832	-0.2321198098067758	-0.2154537369672108	6.62335715102941	5.242689816976684	0.0	0.8890207974993701	2.111756939740579	0.2227314390467461	answerdotai_ModernBERT-base	__ALL__	euclidean	head	0,2,6	global_pooled	lexeme_prefixed
14183	535	7.756889308389412	359	1	0.17570093457943925	0.2766355140186916	0.33920891207783965	0	-0.4542597695926882	-0.4351083578637951	-0.4070221321190459	6.563193297676209	5.209837538819905	0.0	0.9195713676299028	0.9970246734400885	0.33603609955580627	answerdotai_ModernBERT-base	__ALL__	cosine	head	0,2,7	global_pooled	lexeme_prefixed
14183	535	7.756889308389412	359	1	0.17570093457943925	0.2766355140186916	0.33920891207783965	0	-0.26041843135351017	-0.23504479491536362	-0.2186598792729785	6.563193297676209	5.209837538819905	0.0	0.8920481624405334	2.155446959939379	0.2192060918000423	answerdotai_ModernBERT-base	__ALL__	euclidean	head	0,2,7	global_pooled	lexeme_prefixed
14183	535	7.756889308389412	359	1	0.17570093457943925	0.2766355140186916	0.33920891207783965	0	-0.4372596172203709	-0.42009608488307876	-0.38679093153092936	6.606267659780918	5.1499867066733405	1.143666868187158e-16	0.9212927121169084	0.9974354560805184	0.33631812733554256	answerdotai_ModernBERT-base	__ALL__	cosine	head	0,2,9	global_pooled	lexeme_prefixed
14183	535	7.756889308389412	359	1	0.17570093457943925	0.2766355140186916	0.33920891207783965	0	-0.2510374485864711	-0.226964553951307	-0.20889972886848435	6.606267659780918	5.1499867066733405	0.0	0.8919809544411266	2.097706703612729	0.2242120848903617	answerdotai_ModernBERT-base	__ALL__	euclidean	head	0,2,9	global_pooled	lexeme_prefixed
14183	535	7.756889308389412	359	1	0.17570093457943925	0.2766355140186916	0.33920891207783965	0	-0.4355152997197661	-0.41604372524984257	-0.3878531731763985	6.61448080406413	5.164085364811708	0.0	0.9207865736283474	0.9964686389837961	0.3368116759500811	answerdotai_ModernBERT-base	__ALL__	cosine	head	0,2,8	global_pooled	lexeme_prefixed
14183	535	7.756889308389412	359	1	0.17570093457943925	0.2766355140186916	0.33920891207783965	0	-0.25455724594435414	-0.22831531826920037	-0.21253678157879166	6.61448080406413	5.164085364811708	7.452125962982462e-09	0.8933796635318474	2.068455041744486	0.22611577240358174	answerdotai_ModernBERT-base	__ALL__	euclidean	head	0,2,8	global_pooled	lexeme_prefixed
14183	535	7.756889308389412	359	1	0.17570093457943925	0.2766355140186916	0.33920891207783965	0	-0.44958974661649403	-0.42851874634022624	-0.40309393612371003	6.68207225748807	5.401627519317301	0.0	0.9182680756898693	0.997299900937497	0.3368116759500811	answerdotai_ModernBERT-base	__ALL__	cosine	head	0,2,10	global_pooled	lexeme_prefixed
14183	535	7.756889308389412	359	1	0.17570093457943925	0.2766355140186916	0.33920891207783965	0	-0.2629276201597867	-0.236432403318262	-0.2198500172346188	6.68207225748807	5.401627519317301	0.0	0.8908277175870575	2.15978362035781	0.21730240428682226	answerdotai_ModernBERT-base	__ALL__	euclidean	head	0,2,10	global_pooled	lexeme_prefixed
14183	535	7.756889308389412	359	1	0.17570093457943925	0.2766355140186916	0.33920891207783965	0	-0.4457723893693697	-0.4259019411217454	-0.39833807181642306	6.590518911622099	5.152476876573177	0.0	0.9212858767271209	0.9976129239851669	0.3370937037298174	answerdotai_ModernBERT-base	__ALL__	cosine	head	0,2,11	global_pooled	lexeme_prefixed
14183	535	7.756889308389412	359	1	0.17570093457943925	0.2766355140186916	0.33920891207783965	0	-0.25794194443376983	-0.23340654621028964	-0.21645366306255906	6.590518911622099	5.152476876573177	5.175894614396846e-09	0.8921218428023113	2.1587353784944048	0.22174434181766903	answerdotai_ModernBERT-base	__ALL__	euclidean	head	0,2,11	global_pooled	lexeme_prefixed
14183	535	7.756889308389412	359	1	0.17570093457943925	0.2766355140186916	0.33920891207783965	0	-0.438400879820965	-0.4173553244728019	-0.38896916168040163	6.579905624335758	5.324366725011169	1.1398492165234463e-16	0.9197332864269817	0.9974371702456009	0.3351195092716633	answerdotai_ModernBERT-base	__ALL__	cosine	head	0,3,4	global_pooled	lexeme_prefixed
14183	535	7.756889308389412	359	1	0.17570093457943925	0.2766355140186916	0.33920891207783965	0	-0.2517586589747681	-0.22752330213822994	-0.20915769300127435	6.579905624335758	5.324366725011169	7.403615184868127e-09	0.8902044753972878	2.1100330596588943	0.22456461961503207	answerdotai_ModernBERT-base	__ALL__	euclidean	head	0,3,4	global_pooled	lexeme_prefixed
14183	535	7.756889308389412	359	1	0.17570093457943925	0.2766355140186916	0.33920891207783965	0	-0.4455501516600399	-0.42592952388059163	-0.3987257231746018	6.847826372226682	5.192338977959915	5.725493337050729e-17	0.9194227573448105	0.9986422021473343	0.33561305788620177	answerdotai_ModernBERT-base	__ALL__	cosine	head	0,3,5	global_pooled	lexeme_prefixed
14183	535	7.756889308389412	359	1	0.17570093457943925	0.2766355140186916	0.33920891207783965	0	-0.2559590125209313	-0.23211550568253533	-0.2121806080353893	6.847826372226682	5.192338977959915	6.571986909306607e-09	0.8902778883768119	2.140374465712115	0.22435309878022985	answerdotai_ModernBERT-base	__ALL__	euclidean	head	0,3,5	global_pooled	lexeme_prefixed
14183	535	7.756889308389412	359	1	0.17570093457943925	0.2766355140186916	0.33920891207783965	0	-0.4360244467696898	-0.41717195857628336	-0.3871838937838365	6.747538721769791	5.077631334937582	0.0	0.9225261226824362	0.9982160624134373	0.3334273425932454	answerdotai_ModernBERT-base	__ALL__	cosine	head	0,3,6	global_pooled	lexeme_prefixed
14183	535	7.756889308389412	359	1	0.17570093457943925	0.2766355140186916	0.33920891207783965	0	-0.24908468542566553	-0.2258028927472468	-0.20822018680569457	6.747538721769791	5.077631334937582	0.0	0.8900047546134119	2.0775730269905117	0.224494112670098	answerdotai_ModernBERT-base	__ALL__	euclidean	head	0,3,6	global_pooled	lexeme_prefixed
14183	535	7.756889308389412	359	1	0.17570093457943925	0.2766355140186916	0.33920891207783965	0	-0.44823924442854984	-0.4282910227478316	-0.39859189009024115	6.697993603693176	5.2428797153341655	0.0	0.9204312479432799	0.9973325443221949	0.332087710639498	answerdotai_ModernBERT-base	__ALL__	cosine	head	0,3,7	global_pooled	lexeme_prefixed
14183	535	7.756889308389412	359	1	0.17570093457943925	0.2766355140186916	0.33920891207783965	0	-0.25570721785204265	-0.23127697054085392	-0.2153489661596177	6.697993603693176	5.2428797153341655	8.666825787417749e-09	0.8898723036364516	2.149080353378534	0.22082775153352605	answerdotai_ModernBERT-base	__ALL__	euclidean	head	0,3,7	global_pooled	lexeme_prefixed
14183	535	7.756889308389412	359	1	0.17570093457943925	0.2766355140186916	0.33920891207783965	0	-0.4301483488805634	-0.40939362479235014	-0.38267663773184213	6.708888999047205	5.1189718356341265	0.0	0.9213248778623988	0.9979516637483924	0.3351195092716633	answerdotai_ModernBERT-base	__ALL__	cosine	head	0,3,8	global_pooled	lexeme_prefixed
14183	535	7.756889308389412	359	1	0.17570093457943925	0.2766355140186916	0.33920891207783965	0	-0.24579342721868683	-0.22314927590597103	-0.2056401874889072	6.708888999047205	5.1189718356341265	0.0	0.893485103437306	2.0633645713791564	0.22033420291898753	answerdotai_ModernBERT-base	__ALL__	euclidean	head	0,3,8	global_pooled	lexeme_prefixed
14183	535	7.756889308389412	359	1	0.17570093457943925	0.2766355140186916	0.33920891207783965	0	-0.445002255552309	-0.42469344191650793	-0.3937870752798809	6.743549446119853	5.0571220469604965	0.0	0.9211557932352846	0.9979712033188103	0.33603609955580627	answerdotai_ModernBERT-base	__ALL__	cosine	head	0,3,9	global_pooled	lexeme_prefixed
14183	535	7.756889308389412	359	1	0.17570093457943925	0.2766355140186916	0.33920891207783965	0	-0.25304086967015466	-0.22923705082306942	-0.21320700761544875	6.743549446119853	5.0571220469604965	6.9511017767443455e-09	0.8948401346999827	2.0903407511953045	0.22470563350490022	answerdotai_ModernBERT-base	__ALL__	euclidean	head	0,3,9	global_pooled	lexeme_prefixed
14183	535	7.756889308389412	359	1	0.17570093457943925	0.2766355140186916	0.33920891207783965	0	-0.4423585816935386	-0.4252629244745334	-0.39715156100481125	6.703040058711576	5.257224310263625	0.0	0.919008362734721	0.9979773044046822	0.3406895579214553	answerdotai_ModernBERT-base	__ALL__	cosine	head	0,3,10	global_pooled	lexeme_prefixed
14183	535	7.756889308389412	359	1	0.17570093457943925	0.2766355140186916	0.33920891207783965	0	-0.25551397813443566	-0.2310329763139307	-0.21341734375814278	6.703040058711576	5.257224310263625	5.262759666681708e-09	0.8917128960459428	2.1184100811252624	0.22350701544102095	answerdotai_ModernBERT-base	__ALL__	euclidean	head	0,3,10	global_pooled	lexeme_prefixed
14183	535	7.756889308389412	359	1	0.17570093457943925	0.2766355140186916	0.33920891207783965	0	-0.44153098453492323	-0.4225226243652952	-0.394225870127223	6.5916684633219065	5.099364274551163	0.0	0.9229975696099745	0.9975707167063409	0.33667066206021296	answerdotai_ModernBERT-base	__ALL__	cosine	head	0,3,11	global_pooled	lexeme_prefixed
14183	535	7.756889308389412	359	1	0.17570093457943925	0.2766355140186916	0.33920891207783965	0	-0.25155663561183805	-0.2307702117223565	-0.2114853823068162	6.5916684633219065	5.099364274551163	0.0	0.8914516441321693	2.1372290089788497	0.22590425156877952	answerdotai_ModernBERT-base	__ALL__	euclidean	head	0,3,11	global_pooled	lexeme_prefixed
14183	535	7.756889308389412	359	1	0.17570093457943925	0.2766355140186916	0.33920891207783965	0	-0.4505569404047517	-0.42806337087619295	-0.3983317055287091	6.615721763308543	5.449024362642156	1.1406865715747627e-16	0.9163060735657894	0.9970716017761939	0.33124162730028905	answerdotai_ModernBERT-base	__ALL__	cosine	head	0,4,5	global_pooled	lexeme_prefixed
14183	535	7.756889308389412	359	1	0.17570093457943925	0.2766355140186916	0.33920891207783965	0	-0.2604527776638482	-0.23567391277949423	-0.21551407861196603	6.615721763308543	5.449024362642156	4.773913023890151e-09	0.883816069799875	2.1202686695650366	0.22167383487273495	answerdotai_ModernBERT-base	__ALL__	euclidean	head	0,4,5	global_pooled	lexeme_prefixed
14183	535	7.756889308389412	359	1	0.17570093457943925	0.2766355140186916	0.33920891207783965	0	-0.44479835918630917	-0.4229390587665013	-0.39737648773249107	6.595957039657941	5.31674906155248	0.0	0.9195801891746715	0.9976517648241191	0.3300430092364098	answerdotai_ModernBERT-base	__ALL__	cosine	head	0,4,6	global_pooled	lexeme_prefixed
14183	535	7.756889308389412	359	1	0.17570093457943925	0.2766355140186916	0.33920891207783965	0	-0.25540677250027993	-0.22866747234849977	-0.21153903265914517	6.595957039657941	5.31674906155248	0.0	0.8909798993853695	2.0819911015381605	0.21737291123175634	answerdotai_ModernBERT-base	__ALL__	euclidean	head	0,4,6	global_pooled	lexeme_prefixed
14183	535	7.756889308389412	359	1	0.17570093457943925	0.2766355140186916	0.33920891207783965	0	-0.4513954202775681	-0.4276323788444594	-0.39925721487111776	6.5806874280507115	5.270345937952289	0.0	0.9189256100225831	0.9971671837744557	0.33166466896989355	answerdotai_ModernBERT-base	__ALL__	cosine	head	0,4,7	global_pooled	lexeme_prefixed
14183	535	7.756889308389412	359	1	0.17570093457943925	0.2766355140186916	0.33920891207783965	0	-0.25873459527398635	-0.23300226940247445	-0.2148572549762897	6.5806874280507115	5.270345937952289	5.324082207038302e-09	0.8906630735184522	2.1241888932099062	0.21878305013043786	answerdotai_ModernBERT-base	__ALL__	euclidean	head	0,4,7	global_pooled	lexeme_prefixed
14183	535	7.756889308389412	359	1	0.17570093457943925	0.2766355140186916	0.33920891207783965	0	-0.4392458867790512	-0.41851710819099025	-0.3898586925492545	6.676340977968451	5.07411701734697	1.7154115055440648e-16	0.9209845522555985	0.9971261526445423	0.3291264189522668	answerdotai_ModernBERT-base	__ALL__	cosine	head	0,4,8	global_pooled	lexeme_prefixed
14183	535	7.756889308389412	359	1	0.17570093457943925	0.2766355140186916	0.33920891207783965	0	-0.2506751279103129	-0.22417616555606815	-0.20731938203230635	6.676340977968451	5.07411701734697	5.049842252108702e-09	0.8932451682628155	2.0272848709963447	0.22470563350490022	answerdotai_ModernBERT-base	__ALL__	euclidean	head	0,4,8	global_pooled	lexeme_prefixed
14183	535	7.756889308389412	359	1	0.17570093457943925	0.2766355140186916	0.33920891207783965	0	-0.45068358973829875	-0.4301666226157811	-0.40253447397748304	6.61997492493481	5.46317551204256	0.0	0.9173646129431201	0.9978825028385325	0.33095959952055276	answerdotai_ModernBERT-base	__ALL__	cosine	head	0,4,10	global_pooled	lexeme_prefixed
14183	535	7.756889308389412	359	1	0.17570093457943925	0.2766355140186916	0.33920891207783965	0	-0.2611919092189973	-0.2358657146809454	-0.21898879655950637	6.61997492493481	5.46317551204256	8.772331159166435e-09	0.8904449963671012	2.1113249567496184	0.21934710568991045	answerdotai_ModernBERT-base	__ALL__	euclidean	head	0,4,10	global_pooled	lexeme_prefixed
14183	535	7.756889308389412	359	1	0.17570093457943925	0.2766355140186916	0.33920891207783965	0	-0.441457865938753	-0.421979670381111	-0.3914770595454271	6.659854289922135	5.199234615769325	2.859766229575791e-16	0.9198099474776672	0.9972783240844662	0.3357540717760699	answerdotai_ModernBERT-base	__ALL__	cosine	head	0,4,9	global_pooled	lexeme_prefixed
14183	535	7.756889308389412	359	1	0.17570093457943925	0.2766355140186916	0.33920891207783965	0	-0.25324879789217714	-0.2273099106746354	-0.20957982737044104	6.659854289922135	5.199234615769325	0.0	0.8869768934221892	2.0622463120445054	0.22110977931326237	answerdotai_ModernBERT-base	__ALL__	euclidean	head	0,4,9	global_pooled	lexeme_prefixed
14183	535	7.756889308389412	359	1	0.17570093457943925	0.2766355140186916	0.33920891207783965	0	-0.43653688497812654	-0.41760855815249587	-0.38711001942946655	6.460815134828691	5.209078057807128	0.0	0.9209972010206294	0.9970203598143819	0.331171120355355	answerdotai_ModernBERT-base	__ALL__	cosine	head	0,4,11	global_pooled	lexeme_prefixed
14183	535	7.756889308389412	359	1	0.17570093457943925	0.2766355140186916	0.33920891207783965	0	-0.25037056002859226	-0.22686637335814508	-0.2081988499147286	6.460815134828691	5.209078057807128	0.0	0.8886965468705704	2.0833745121083167	0.2218853557075372	answerdotai_ModernBERT-base	__ALL__	euclidean	head	0,4,11	global_pooled	lexeme_prefixed
14183	535	7.756889308389412	359	1	0.17570093457943925	0.2766355140186916	0.33920891207783965	0	-0.4436204821929091	-0.42473011735702443	-0.3951106801149943	6.7484061671213125	5.014199823778925	0.0	0.9206047376289704	0.9979010995648395	0.3324402453641684	answerdotai_ModernBERT-base	__ALL__	cosine	head	0,5,6	global_pooled	lexeme_prefixed
14183	535	7.756889308389412	359	1	0.17570093457943925	0.2766355140186916	0.33920891207783965	0	-0.25425959049559965	-0.22781549741740909	-0.21096295842188445	6.7484061671213125	5.014199823778925	0.0	0.8960620118743988	2.054564601266812	0.22393005711062539	answerdotai_ModernBERT-base	__ALL__	euclidean	head	0,5,6	global_pooled	lexeme_prefixed
14183	535	7.756889308389412	359	1	0.17570093457943925	0.2766355140186916	0.33920891207783965	0	-0.4549324593129722	-0.4341850623453756	-0.40549012099310944	6.7554812270843	5.165216968275311	0.0	0.9187164609705545	0.9967630543075895	0.33399139815271806	answerdotai_ModernBERT-base	__ALL__	cosine	head	0,5,7	global_pooled	lexeme_prefixed
14183	535	7.756889308389412	359	1	0.17570093457943925	0.2766355140186916	0.33920891207783965	0	-0.2617353576112086	-0.23509424833704373	-0.21850402073479167	6.7554812270843	5.165216968275311	0.0	0.8973434295749368	2.127943368894677	0.2177254459564267	answerdotai_ModernBERT-base	__ALL__	euclidean	head	0,5,7	global_pooled	lexeme_prefixed
14183	535	7.756889308389412	359	1	0.17570093457943925	0.2766355140186916	0.33920891207783965	0	-0.43836506396988056	-0.41500503521047766	-0.38648110165403243	6.754932801457004	4.991172237672649	0.0	0.9201069651192536	0.9966312586103636	0.3353310301064655	answerdotai_ModernBERT-base	__ALL__	cosine	head	0,5,8	global_pooled	lexeme_prefixed
14183	535	7.756889308389412	359	1	0.17570093457943925	0.2766355140186916	0.33920891207783965	0	-0.2509825100739122	-0.2257807633475041	-0.209060581339971	6.754932801457004	4.991172237672649	0.0	0.9028012145858014	2.0216086282761054	0.22259042515687796	answerdotai_ModernBERT-base	__ALL__	euclidean	head	0,5,8	global_pooled	lexeme_prefixed
14183	535	7.756889308389412	359	1	0.17570093457943925	0.2766355140186916	0.33920891207783965	0	-0.44371143299625077	-0.42745522236507105	-0.39378560126960466	6.805258330872937	4.94439231554468	0.0	0.9210407354686571	0.9973306347189075	0.33455545371219064	answerdotai_ModernBERT-base	__ALL__	cosine	head	0,5,9	global_pooled	lexeme_prefixed
14183	535	7.756889308389412	359	1	0.17570093457943925	0.2766355140186916	0.33920891207783965	0	-0.25496343590388054	-0.2300343360940649	-0.21240713561961735	6.805258330872937	4.94439231554468	7.038210719050411e-09	0.8967590163687092	2.0672246349093584	0.22047521680885568	answerdotai_ModernBERT-base	__ALL__	euclidean	head	0,5,9	global_pooled	lexeme_prefixed
14183	535	7.756889308389412	359	1	0.17570093457943925	0.2766355140186916	0.33920891207783965	0	-0.44905474177304966	-0.4306100475976204	-0.40137000355282987	6.66719422448263	5.4662482731576025	0.0	0.9160365591651509	0.9976393787779819	0.3429457801593457	answerdotai_ModernBERT-base	__ALL__	cosine	head	0,5,10	global_pooled	lexeme_prefixed
14183	535	7.756889308389412	359	1	0.17570093457943925	0.2766355140186916	0.33920891207783965	0	-0.2589205981231914	-0.23419472649297995	-0.21671767326532201	6.66719422448263	5.4662482731576025	0.0	0.8958750200818221	2.13088674395327	0.22054572375378975	answerdotai_ModernBERT-base	__ALL__	euclidean	head	0,5,10	global_pooled	lexeme_prefixed
14183	535	7.756889308389412	359	1	0.17570093457943925	0.2766355140186916	0.33920891207783965	0	-0.44599766290400505	-0.42726734436950775	-0.39633114974842865	6.691471300678246	4.938428548254423	1.1332621869423168e-16	0.9228783139877214	0.9967018531499168	0.3296904745117394	answerdotai_ModernBERT-base	__ALL__	cosine	head	0,6,7	global_pooled	lexeme_prefixed
14183	535	7.756889308389412	359	1	0.17570093457943925	0.2766355140186916	0.33920891207783965	0	-0.2571548944398974	-0.23025750528319597	-0.21278553556091356	6.691471300678246	4.938428548254423	7.2059950779799444e-09	0.8991335787355286	2.075746624251453	0.2236480293308891	answerdotai_ModernBERT-base	__ALL__	euclidean	head	0,6,7	global_pooled	lexeme_prefixed
14183	535	7.756889308389412	359	1	0.17570093457943925	0.2766355140186916	0.33920891207783965	0	-0.450336923403209	-0.4282356654920532	-0.3979307852701705	6.649400868018033	5.330294968775741	2.8518658682316684e-16	0.9181850390219183	0.9969222160167659	0.33251075230910243	answerdotai_ModernBERT-base	__ALL__	cosine	head	0,5,11	global_pooled	lexeme_prefixed
14183	535	7.756889308389412	359	1	0.17570093457943925	0.2766355140186916	0.33920891207783965	0	-0.2571272335419134	-0.2315693255744463	-0.21492167136120868	6.649400868018033	5.330294968775741	4.875747008463931e-09	0.8907485720680641	2.1453351416454707	0.22019318902911936	answerdotai_ModernBERT-base	__ALL__	euclidean	head	0,5,11	global_pooled	lexeme_prefixed
14183	535	7.756889308389412	359	1	0.17570093457943925	0.2766355140186916	0.33920891207783965	0	-0.42730311916487324	-0.408992720039529	-0.3795093927833051	6.592574399976483	4.942553425437502	0.0	0.9234491126793414	0.9972810312231508	0.3315236550800254	answerdotai_ModernBERT-base	__ALL__	cosine	head	0,6,8	global_pooled	lexeme_prefixed
14183	535	7.756889308389412	359	1	0.17570093457943925	0.2766355140186916	0.33920891207783965	0	-0.24615724642136189	-0.22167275311959175	-0.20385525938931132	6.592574399976483	4.942553425437502	0.0	0.8980543652293737	1.9668529254752094	0.2277374321370655	answerdotai_ModernBERT-base	__ALL__	euclidean	head	0,6,8	global_pooled	lexeme_prefixed
14183	535	7.756889308389412	359	1	0.17570093457943925	0.2766355140186916	0.33920891207783965	0	-0.4375339844162538	-0.416146811237164	-0.38865390575899633	6.595337515666218	4.927906680250336	0.0	0.9230814212665878	0.9964627875626011	0.3329337939787069	answerdotai_ModernBERT-base	__ALL__	cosine	head	0,6,9	global_pooled	lexeme_prefixed
14183	535	7.756889308389412	359	1	0.17570093457943925	0.2766355140186916	0.33920891207783965	0	-0.2509859456144063	-0.22502799853360267	-0.2071218154555378	6.595337515666218	4.927906680250336	0.0	0.8949921083850128	2.0083576600014563	0.22174434181766903	answerdotai_ModernBERT-base	__ALL__	euclidean	head	0,6,9	global_pooled	lexeme_prefixed
14183	535	7.756889308389412	359	1	0.17570093457943925	0.2766355140186916	0.33920891207783965	0	-0.434559088108416	-0.41432241521847135	-0.38746127206528685	6.593960092631096	5.133563690080301	0.0	0.9202934312843499	0.9977707611441855	0.3357540717760699	answerdotai_ModernBERT-base	__ALL__	cosine	head	0,6,10	global_pooled	lexeme_prefixed
14183	535	7.756889308389412	359	1	0.17570093457943925	0.2766355140186916	0.33920891207783965	0	-0.2533553019825027	-0.22749054485334375	-0.21008217249910482	6.593960092631096	5.133563690080301	5.013244753187117e-09	0.8992987095644484	2.0372797847242374	0.22752591130226327	answerdotai_ModernBERT-base	__ALL__	euclidean	head	0,6,10	global_pooled	lexeme_prefixed
14183	535	7.756889308389412	359	1	0.17570093457943925	0.2766355140186916	0.33920891207783965	0	-0.4367090620925054	-0.41548306281681185	-0.3850298866256813	6.562035014809795	5.171478879018235	5.670564179529269e-17	0.9213412940017455	0.9976014419997111	0.325601071705563	answerdotai_ModernBERT-base	__ALL__	cosine	head	0,6,11	global_pooled	lexeme_prefixed
14183	535	7.756889308389412	359	1	0.17570093457943925	0.2766355140186916	0.33920891207783965	0	-0.2512682909847168	-0.22836048601221304	-0.20837943734947925	6.562035014809795	5.171478879018235	0.0	0.8904083267787044	2.0537404493429166	0.22308397377141648	answerdotai_ModernBERT-base	__ALL__	euclidean	head	0,6,11	global_pooled	lexeme_prefixed
14183	535	7.756889308389412	359	1	0.17570093457943925	0.2766355140186916	0.33920891207783965	0	-0.4456707001466916	-0.42728419886877267	-0.3947481389922403	6.7022536291788555	5.050254007252797	0.0	0.9207712974222436	0.9958712987672786	0.3260946203201015	answerdotai_ModernBERT-base	__ALL__	cosine	head	0,7,8	global_pooled	lexeme_prefixed
14183	535	7.756889308389412	359	1	0.17570093457943925	0.2766355140186916	0.33920891207783965	0	-0.2541118604574973	-0.2290620383990215	-0.21276411390934052	6.7022536291788555	5.050254007252797	7.356826889718382e-09	0.8975456850715956	2.0602405457254247	0.219840654304449	answerdotai_ModernBERT-base	__ALL__	euclidean	head	0,7,8	global_pooled	lexeme_prefixed
14183	535	7.756889308389412	359	1	0.17570093457943925	0.2766355140186916	0.33920891207783965	0	-0.4468525232618202	-0.4284402485583591	-0.3963221294252315	6.598432860926735	5.294493230235743	0.0	0.9198115510576117	0.9972436043409978	0.327434252273849	answerdotai_ModernBERT-base	__ALL__	cosine	head	0,7,9	global_pooled	lexeme_prefixed
14183	535	7.756889308389412	359	1	0.17570093457943925	0.2766355140186916	0.33920891207783965	0	-0.2527705528256321	-0.22920402847767027	-0.21022888549699476	6.598432860926735	5.294493230235743	7.54056498096321e-09	0.8910810724669868	2.1056355891270364	0.21934710568991045	answerdotai_ModernBERT-base	__ALL__	euclidean	head	0,7,9	global_pooled	lexeme_prefixed
14183	535	7.756889308389412	359	1	0.17570093457943925	0.2766355140186916	0.33920891207783965	0	-0.456890367292881	-0.4382933918809952	-0.4058682233484941	6.745119523726332	5.21564891478681	0.0	0.9181379762690445	0.9968303921071879	0.3304660509060142	answerdotai_ModernBERT-base	__ALL__	cosine	head	0,7,10	global_pooled	lexeme_prefixed
14183	535	7.756889308389412	359	1	0.17570093457943925	0.2766355140186916	0.33920891207783965	0	-0.2603500311018096	-0.2366517107508072	-0.21780939155490098	6.745119523726332	5.21564891478681	7.658814916050751e-09	0.8979644949071989	2.1216688049968213	0.22012268208418528	answerdotai_ModernBERT-base	__ALL__	euclidean	head	0,7,10	global_pooled	lexeme_prefixed
14183	535	7.756889308389412	359	1	0.17570093457943925	0.2766355140186916	0.33920891207783965	0	-0.44856447484737166	-0.432016449829138	-0.4015164180671446	6.530267002270221	5.211970996167952	0.0	0.920647603078675	0.9966742534070201	0.3311006134104209	answerdotai_ModernBERT-base	__ALL__	cosine	head	0,7,11	global_pooled	lexeme_prefixed
14183	535	7.756889308389412	359	1	0.17570093457943925	0.2766355140186916	0.33920891207783965	0	-0.25546713437341906	-0.23323067628443905	-0.21341359305533975	6.530267002270221	5.211970996167952	0.0	0.895555997090645	2.131663067454357	0.21913558485510823	answerdotai_ModernBERT-base	__ALL__	euclidean	head	0,7,11	global_pooled	lexeme_prefixed
14183	535	7.756889308389412	359	1	0.17570093457943925	0.2766355140186916	0.33920891207783965	0	-0.4345808186128785	-0.41350684432796475	-0.3874697625997662	6.725615379437253	5.001029780265646	0.0	0.9218923087167006	0.9970635711429741	0.33462596065712474	answerdotai_ModernBERT-base	__ALL__	cosine	head	0,8,9	global_pooled	lexeme_prefixed
14183	535	7.756889308389412	359	1	0.17570093457943925	0.2766355140186916	0.33920891207783965	0	-0.24764773551331723	-0.22362959605059035	-0.20744740658446156	6.725615379437253	5.001029780265646	8.133082221276969e-09	0.8952125476841819	2.03302945155887	0.22583374462384545	answerdotai_ModernBERT-base	__ALL__	euclidean	head	0,8,9	global_pooled	lexeme_prefixed
14183	535	7.756889308389412	359	1	0.17570093457943925	0.2766355140186916	0.33920891207783965	0	-0.4448279154390182	-0.428238972136478	-0.40084672416493144	6.713866401429259	5.177634645641878	2.27080470053546e-16	0.9190634569049516	0.9976491327507097	0.33420291898752025	answerdotai_ModernBERT-base	__ALL__	cosine	head	0,8,10	global_pooled	lexeme_prefixed
14183	535	7.756889308389412	359	1	0.17570093457943925	0.2766355140186916	0.33920891207783965	0	-0.2556795354741933	-0.23239320412184356	-0.21423091886950366	6.713866401429259	5.177634645641878	5.1500985530274055e-09	0.8953339522009696	2.0715823970475773	0.22639780018331807	answerdotai_ModernBERT-base	__ALL__	euclidean	head	0,8,10	global_pooled	lexeme_prefixed
14183	535	7.756889308389412	359	1	0.17570093457943925	0.2766355140186916	0.33920891207783965	0	-0.43475513437416463	-0.41611423246971035	-0.3873825981114559	6.521841808764015	5.237157873052062	5.697097202381134e-17	0.920415542726149	0.9971352239586295	0.3358950856659381	answerdotai_ModernBERT-base	__ALL__	cosine	head	0,8,11	global_pooled	lexeme_prefixed
14183	535	7.756889308389412	359	1	0.17570093457943925	0.2766355140186916	0.33920891207783965	0	-0.2509567573356748	-0.2266570593257977	-0.20907630610284103	6.521841808764015	5.237157873052062	0.0	0.8928343856496942	2.0712787278302907	0.22266093210181204	answerdotai_ModernBERT-base	__ALL__	euclidean	head	0,8,11	global_pooled	lexeme_prefixed
14183	535	7.756889308389412	359	1	0.17570093457943925	0.2766355140186916	0.33920891207783965	0	-0.4440350659165361	-0.42710747270042343	-0.39689313290783795	6.717850795238764	5.077890153743506	2.845409725254167e-16	0.9202009652997394	0.9976813350384744	0.33779877317915813	answerdotai_ModernBERT-base	__ALL__	cosine	head	0,9,10	global_pooled	lexeme_prefixed
14183	535	7.756889308389412	359	1	0.17570093457943925	0.2766355140186916	0.33920891207783965	0	-0.25278859001936366	-0.22848910580091195	-0.21112748514529878	6.717850795238764	5.077890153743506	7.250181225326096e-09	0.8951511817563451	2.058609135431839	0.22167383487273495	answerdotai_ModernBERT-base	__ALL__	euclidean	head	0,9,10	global_pooled	lexeme_prefixed
14183	535	7.756889308389412	359	1	0.17570093457943925	0.2766355140186916	0.33920891207783965	0	-0.4330414980302937	-0.41584146587365334	-0.3877948788549955	6.635983168740782	4.9516705510778	1.7077671217802375e-16	0.9221796173398563	0.9971078364038587	0.3379397870690263	answerdotai_ModernBERT-base	__ALL__	cosine	head	0,9,11	global_pooled	lexeme_prefixed
14183	535	7.756889308389412	359	1	0.17570093457943925	0.2766355140186916	0.33920891207783965	0	-0.2473765408133835	-0.2238467430968689	-0.2053674361417293	6.635983168740782	4.9516705510778	5.241242417473508e-09	0.8963564904983925	2.041108912010615	0.22590425156877952	answerdotai_ModernBERT-base	__ALL__	euclidean	head	0,9,11	global_pooled	lexeme_prefixed
14183	535	7.756889308389412	359	1	0.17570093457943925	0.2766355140186916	0.33920891207783965	0	-0.45092557033369207	-0.43125989664264996	-0.4049330939560167	6.871525429948761	4.922459921720436	0.0	0.9232231517359579	0.9939052712816882	0.3188324049918917	answerdotai_ModernBERT-base	__ALL__	cosine	head	1,2,3	global_pooled	lexeme_prefixed
14183	535	7.756889308389412	359	1	0.17570093457943925	0.2766355140186916	0.33920891207783965	0	-0.2603304848258832	-0.2386585674607163	-0.21901529991906293	6.871525429948761	4.922459921720436	0.0	0.8992342655860883	2.1687047325910074	0.1998166819431714	answerdotai_ModernBERT-base	__ALL__	euclidean	head	1,2,3	global_pooled	lexeme_prefixed
14183	535	7.756889308389412	359	1	0.17570093457943925	0.2766355140186916	0.33920891207783965	0	-0.4368618535829666	-0.4186570923687614	-0.3942173794442684	6.515750405689884	5.257551694773952	0.0	0.9203823331739801	0.9976524394486757	0.335824578721004	answerdotai_ModernBERT-base	__ALL__	cosine	head	0,10,11	global_pooled	lexeme_prefixed
14183	535	7.756889308389412	359	1	0.17570093457943925	0.2766355140186916	0.33920891207783965	0	-0.25377179185027676	-0.23091287521960965	-0.21214644178192898	6.515750405689884	5.257551694773952	5.48350643405646e-09	0.8957972955347521	2.079994105871797	0.22202636959740535	answerdotai_ModernBERT-base	__ALL__	euclidean	head	0,10,11	global_pooled	lexeme_prefixed
14183	535	7.756889308389412	359	1	0.17570093457943925	0.2766355140186916	0.33920891207783965	0	-0.4627408775258812	-0.4426267159135645	-0.4160893311772443	6.752251806696117	5.133130386235562	0.0	0.9203790322320032	0.9957307116725713	0.3141084396813086	answerdotai_ModernBERT-base	__ALL__	cosine	head	1,2,4	global_pooled	lexeme_prefixed
14183	535	7.756889308389412	359	1	0.17570093457943925	0.2766355140186916	0.33920891207783965	0	-0.2687077429075812	-0.2434263516057315	-0.22627621116665692	6.752251806696117	5.133130386235562	6.450863539915677e-09	0.8946501811296163	2.2055902427194476	0.1936825777339068	answerdotai_ModernBERT-base	__ALL__	euclidean	head	1,2,4	global_pooled	lexeme_prefixed
14183	535	7.756889308389412	359	1	0.17570093457943925	0.2766355140186916	0.33920891207783965	0	-0.4592748561055165	-0.4398799128667356	-0.4124869509393386	6.786581179950312	5.159856370569741	0.0	0.9197830096746382	0.9963610235967262	0.3225692730733977	answerdotai_ModernBERT-base	__ALL__	cosine	head	1,2,5	global_pooled	lexeme_prefixed
14183	535	7.756889308389412	359	1	0.17570093457943925	0.2766355140186916	0.33920891207783965	0	-0.2643496738243052	-0.2398255803629739	-0.22004796959140607	6.786581179950312	5.159856370569741	0.0	0.8932775419405564	2.215603097429511	0.2018613833462596	answerdotai_ModernBERT-base	__ALL__	euclidean	head	1,2,5	global_pooled	lexeme_prefixed
14183	535	7.756889308389412	359	1	0.17570093457943925	0.2766355140186916	0.33920891207783965	0	-0.46811617373281206	-0.4453004729758691	-0.419072640426935	6.862335205529043	5.154132068055967	1.1310316896018122e-16	0.9189023215703671	0.9950129591408977	0.31897341888175984	answerdotai_ModernBERT-base	__ALL__	cosine	head	1,2,6	global_pooled	lexeme_prefixed
14183	535	7.756889308389412	359	1	0.17570093457943925	0.2766355140186916	0.33920891207783965	0	-0.2690780325829504	-0.24691997233798088	-0.22544032982106124	6.862335205529043	5.154132068055967	0.0	0.8961052920966533	2.1975613601952775	0.201297327786787	answerdotai_ModernBERT-base	__ALL__	euclidean	head	1,2,6	global_pooled	lexeme_prefixed
14183	535	7.756889308389412	359	1	0.17570093457943925	0.2766355140186916	0.33920891207783965	0	-0.46507049338264145	-0.44417510707200863	-0.4186907913840503	6.738046877638709	4.9435894708678765	1.698353216941299e-16	0.9212206039826406	0.9947529742495811	0.322851300853134	answerdotai_ModernBERT-base	__ALL__	cosine	head	1,2,7	global_pooled	lexeme_prefixed
14183	535	7.756889308389412	359	1	0.17570093457943925	0.2766355140186916	0.33920891207783965	0	-0.2686780364752891	-0.24492255271316465	-0.22546313184912098	6.738046877638709	4.9435894708678765	5.553418846499858e-09	0.8977235866704564	2.192701426039658	0.19988718888810547	answerdotai_ModernBERT-base	__ALL__	euclidean	head	1,2,7	global_pooled	lexeme_prefixed
14183	535	7.756889308389412	359	1	0.17570093457943925	0.2766355140186916	0.33920891207783965	0	-0.4517256574138583	-0.43322384533780434	-0.4067399524467196	6.725453665587814	5.035743600433782	0.0	0.9218134453622308	0.9946756232433308	0.3191849397165621	answerdotai_ModernBERT-base	__ALL__	cosine	head	1,2,8	global_pooled	lexeme_prefixed
14183	535	7.756889308389412	359	1	0.17570093457943925	0.2766355140186916	0.33920891207783965	0	-0.26236919556892563	-0.24083729968209205	-0.2212879775937939	6.725453665587814	5.035743600433782	6.870268866802963e-09	0.8928942075556593	2.1329812254734213	0.20270746668546852	answerdotai_ModernBERT-base	__ALL__	euclidean	head	1,2,8	global_pooled	lexeme_prefixed
14183	535	7.756889308389412	359	1	0.17570093457943925	0.2766355140186916	0.33920891207783965	0	-0.4559203135969678	-0.43860654871039795	-0.4127609805090247	6.670530776106517	5.075663293025543	0.0	0.9220047019543061	0.9954599731510968	0.3171402383134739	answerdotai_ModernBERT-base	__ALL__	cosine	head	1,2,9	global_pooled	lexeme_prefixed
14183	535	7.756889308389412	359	1	0.17570093457943925	0.2766355140186916	0.33920891207783965	0	-0.26308446160622223	-0.24072882046586666	-0.22114855809872264	6.670530776106517	5.075663293025543	5.498390774065084e-09	0.8920966806132254	2.1741874598482926	0.20115631389691885	answerdotai_ModernBERT-base	__ALL__	euclidean	head	1,2,9	global_pooled	lexeme_prefixed
14183	535	7.756889308389412	359	1	0.17570093457943925	0.2766355140186916	0.33920891207783965	0	-0.46239709634115794	-0.4418435838461097	-0.4153730811823097	6.723103767117374	5.036583006626389	0.0	0.9209247883262682	0.9950691149418118	0.31862088415708945	answerdotai_ModernBERT-base	__ALL__	cosine	head	1,2,10	global_pooled	lexeme_prefixed
14183	535	7.756889308389412	359	1	0.17570093457943925	0.2766355140186916	0.33920891207783965	0	-0.26941333731957245	-0.2451940683033911	-0.2278022671312191	6.723103767117374	5.036583006626389	3.888060630059297e-09	0.9007351929947662	2.1722519295482896	0.20031023055770994	answerdotai_ModernBERT-base	__ALL__	euclidean	head	1,2,10	global_pooled	lexeme_prefixed
14183	535	7.756889308389412	359	1	0.17570093457943925	0.2766355140186916	0.33920891207783965	0	-0.46753233274484257	-0.44741370779208955	-0.42028487220869554	6.7454917320452585	5.110417787227387	0.0	0.9202004111473465	0.9964471725312882	0.3119932313332863	answerdotai_ModernBERT-base	__ALL__	cosine	head	1,2,11	global_pooled	lexeme_prefixed
14183	535	7.756889308389412	359	1	0.17570093457943925	0.2766355140186916	0.33920891207783965	0	-0.26929965315556265	-0.24543745122539104	-0.22790371621894198	6.7454917320452585	5.110417787227387	0.0	0.8932568022092137	2.235050966765665	0.1983360360995558	answerdotai_ModernBERT-base	__ALL__	euclidean	head	1,2,11	global_pooled	lexeme_prefixed
14183	535	7.756889308389412	359	1	0.17570093457943925	0.2766355140186916	0.33920891207783965	0	-0.4555852175916445	-0.43542781644852674	-0.40787012897742114	6.810734158234441	5.265031084560977	0.0	0.9202496623332067	0.9965839748293095	0.32278079390819997	answerdotai_ModernBERT-base	__ALL__	cosine	head	1,3,4	global_pooled	lexeme_prefixed
14183	535	7.756889308389412	359	1	0.17570093457943925	0.2766355140186916	0.33920891207783965	0	-0.265925353348815	-0.2397583277747458	-0.2225445324786497	6.810734158234441	5.265031084560977	7.0005141571495064e-09	0.8941495489220725	2.2315724728696535	0.2086300500599309	answerdotai_ModernBERT-base	__ALL__	euclidean	head	1,3,4	global_pooled	lexeme_prefixed
14183	535	7.756889308389412	359	1	0.17570093457943925	0.2766355140186916	0.33920891207783965	0	-0.4569678296871464	-0.4408535777403068	-0.4112441889483339	7.033654572357128	5.203885158383725	0.0	0.9203803882421068	0.9970936056391394	0.32665867587957415	answerdotai_ModernBERT-base	__ALL__	cosine	head	1,3,5	global_pooled	lexeme_prefixed
14183	535	7.756889308389412	359	1	0.17570093457943925	0.2766355140186916	0.33920891207783965	0	-0.2633049969043383	-0.23739906252388582	-0.21995136521122288	7.033654572357128	5.203885158383725	5.099829070413791e-09	0.8884561029002013	2.2357305313154634	0.20503419586829302	answerdotai_ModernBERT-base	__ALL__	euclidean	head	1,3,5	global_pooled	lexeme_prefixed
14183	535	7.756889308389412	359	1	0.17570093457943925	0.2766355140186916	0.33920891207783965	0	-0.4563095275756617	-0.43939202646217657	-0.4079744884897917	7.07076297086827	5.1731748303797405	5.635687045514102e-17	0.9205284532136357	0.9959054716080232	0.3202425438905732	answerdotai_ModernBERT-base	__ALL__	cosine	head	1,3,6	global_pooled	lexeme_prefixed
14183	535	7.756889308389412	359	1	0.17570093457943925	0.2766355140186916	0.33920891207783965	0	-0.2629523340031934	-0.23927839108416693	-0.22035899363734504	7.07076297086827	5.1731748303797405	0.0	0.8957015261358181	2.207467275525351	0.20496368892335895	answerdotai_ModernBERT-base	__ALL__	euclidean	head	1,3,6	global_pooled	lexeme_prefixed
14183	535	7.756889308389412	359	1	0.17570093457943925	0.2766355140186916	0.33920891207783965	0	-0.4632770622552984	-0.4407129459098828	-0.41276475763601655	6.923451928561621	5.132207240181099	0.0	0.9209383413875221	0.9951913525430998	0.32454346753155183	answerdotai_ModernBERT-base	__ALL__	cosine	head	1,3,7	global_pooled	lexeme_prefixed
14183	535	7.756889308389412	359	1	0.17570093457943925	0.2766355140186916	0.33920891207783965	0	-0.26628121573077784	-0.24041081408249912	-0.22197309074710514	6.923451928561621	5.132207240181099	3.716596258338302e-09	0.8944133061549511	2.2266078858892477	0.2065853486568427	answerdotai_ModernBERT-base	__ALL__	euclidean	head	1,3,7	global_pooled	lexeme_prefixed
14183	535	7.756889308389412	359	1	0.17570093457943925	0.2766355140186916	0.33920891207783965	0	-0.44756447538720723	-0.43066127474793686	-0.3968965318680885	6.865407120486043	5.165219826777062	5.668502528131183e-17	0.9214689291090907	0.9960525225635805	0.32454346753155183	answerdotai_ModernBERT-base	__ALL__	cosine	head	1,3,8	global_pooled	lexeme_prefixed
14183	535	7.756889308389412	359	1	0.17570093457943925	0.2766355140186916	0.33920891207783965	0	-0.25717763885281963	-0.23422096454106384	-0.2172532633828306	6.865407120486043	5.165219826777062	0.0	0.8924550784994189	2.170117399714417	0.20848903617006276	answerdotai_ModernBERT-base	__ALL__	euclidean	head	1,3,8	global_pooled	lexeme_prefixed
14183	535	7.756889308389412	359	1	0.17570093457943925	0.2766355140186916	0.33920891207783965	0	-0.4615289219062805	-0.44341914738453936	-0.4139333457527499	6.819098348312306	5.157471687683211	1.696364767366373e-16	0.9209522520433133	0.9963630412606329	0.3232743425227385	answerdotai_ModernBERT-base	__ALL__	cosine	head	1,3,9	global_pooled	lexeme_prefixed
14183	535	7.756889308389412	359	1	0.17570093457943925	0.2766355140186916	0.33920891207783965	0	-0.2662188852591681	-0.24128182498467304	-0.22399289319889126	6.819098348312306	5.157471687683211	3.706873140193151e-09	0.8936375809170525	2.2094120372354777	0.20355355002467743	answerdotai_ModernBERT-base	__ALL__	euclidean	head	1,3,9	global_pooled	lexeme_prefixed
14183	535	7.756889308389412	359	1	0.17570093457943925	0.2766355140186916	0.33920891207783965	0	-0.45537728570322467	-0.4333090407507544	-0.40834674647890706	6.822166146231495	5.07035397418354	1.1333411700152484e-16	0.9204177630235779	0.9959410062831004	0.3291264189522668	answerdotai_ModernBERT-base	__ALL__	cosine	head	1,3,10	global_pooled	lexeme_prefixed
14183	535	7.756889308389412	359	1	0.17570093457943925	0.2766355140186916	0.33920891207783965	0	-0.2642250826029781	-0.23845666329413717	-0.22037875720824182	6.822166146231495	5.07035397418354	0.0	0.9004475055667748	2.1723482620107544	0.20341253613480928	answerdotai_ModernBERT-base	__ALL__	euclidean	head	1,3,10	global_pooled	lexeme_prefixed
14183	535	7.756889308389412	359	1	0.17570093457943925	0.2766355140186916	0.33920891207783965	0	-0.46596705914514025	-0.44599602248255343	-0.4153127211174024	6.75230561751659	5.220926795886786	0.0	0.9204927875142359	0.9966435488335939	0.31967848833110063	answerdotai_ModernBERT-base	__ALL__	cosine	head	1,3,11	global_pooled	lexeme_prefixed
14183	535	7.756889308389412	359	1	0.17570093457943925	0.2766355140186916	0.33920891207783965	0	-0.2670175162888728	-0.24230617823664594	-0.22579303495978695	6.75230561751659	5.220926795886786	7.148771216587123e-09	0.8913196442059503	2.255968502129911	0.20341253613480928	answerdotai_ModernBERT-base	__ALL__	euclidean	head	1,3,11	global_pooled	lexeme_prefixed
14183	535	7.756889308389412	359	1	0.17570093457943925	0.2766355140186916	0.33920891207783965	0	-0.46535245141091264	-0.4475861096397799	-0.4193928368024222	6.85938427862079	5.379998223995748	0.0	0.9171326577197905	0.9973635856526462	0.32567157865049706	answerdotai_ModernBERT-base	__ALL__	cosine	head	1,4,5	global_pooled	lexeme_prefixed
14183	535	7.756889308389412	359	1	0.17570093457943925	0.2766355140186916	0.33920891207783965	0	-0.27056191941000163	-0.2442982270811064	-0.22522230715010913	6.85938427862079	5.379998223995748	6.4107105964820404e-09	0.8832682284743294	2.2791197293762067	0.20306000141013889	answerdotai_ModernBERT-base	__ALL__	euclidean	head	1,4,5	global_pooled	lexeme_prefixed
14183	535	7.756889308389412	359	1	0.17570093457943925	0.2766355140186916	0.33920891207783965	0	-0.4703273110186831	-0.44925781428552003	-0.4220417703799705	6.986567872631716	5.321897913759129	1.1381922250752426e-16	0.9182203139537618	0.9970691773437427	0.31932595360643024	answerdotai_ModernBERT-base	__ALL__	cosine	head	1,4,6	global_pooled	lexeme_prefixed
14183	535	7.756889308389412	359	1	0.17570093457943925	0.2766355140186916	0.33920891207783965	0	-0.2698973976487334	-0.24367809883320102	-0.22562374065373383	6.986567872631716	5.321897913759129	7.679336388790733e-09	0.896124910720708	2.2733751169351586	0.2016498625114574	answerdotai_ModernBERT-base	__ALL__	euclidean	head	1,4,6	global_pooled	lexeme_prefixed
14183	535	7.756889308389412	359	1	0.17570093457943925	0.2766355140186916	0.33920891207783965	0	-0.46641679995327456	-0.4475494507495154	-0.4170779808349838	6.895209280622822	5.110869088497027	0.0	0.9192224611999839	0.9968252154274583	0.32454346753155183	answerdotai_ModernBERT-base	__ALL__	cosine	head	1,4,7	global_pooled	lexeme_prefixed
14183	535	7.756889308389412	359	1	0.17570093457943925	0.2766355140186916	0.33920891207783965	0	-0.2702442760355365	-0.24515627206238377	-0.2248721231365183	6.895209280622822	5.110869088497027	0.0	0.8945677589239464	2.2673026254328756	0.20094479306211663	answerdotai_ModernBERT-base	__ALL__	euclidean	head	1,4,7	global_pooled	lexeme_prefixed
14183	535	7.756889308389412	359	1	0.17570093457943925	0.2766355140186916	0.33920891207783965	0	-0.46108704879595847	-0.44176940112144225	-0.412015728207258	6.906916391790557	5.078873712671163	0.0	0.9208235366460971	0.997233064760814	0.3178453077628146	answerdotai_ModernBERT-base	__ALL__	cosine	head	1,4,8	global_pooled	lexeme_prefixed
14183	535	7.756889308389412	359	1	0.17570093457943925	0.2766355140186916	0.33920891207783965	0	-0.26354948735969175	-0.23874735766323554	-0.22137803999398128	6.906916391790557	5.078873712671163	0.0	0.8923353702499797	2.2018711166313234	0.20489318197842488	answerdotai_ModernBERT-base	__ALL__	euclidean	head	1,4,8	global_pooled	lexeme_prefixed
14183	535	7.756889308389412	359	1	0.17570093457943925	0.2766355140186916	0.33920891207783965	0	-0.4656835797293207	-0.44729410129225505	-0.41849343018956453	6.831188621133579	5.2329604846086015	0.0	0.9194176152206661	0.9974279497601686	0.32567157865049706	answerdotai_ModernBERT-base	__ALL__	cosine	head	1,4,9	global_pooled	lexeme_prefixed
14183	535	7.756889308389412	359	1	0.17570093457943925	0.2766355140186916	0.33920891207783965	0	-0.2711562069675482	-0.24473183326437334	-0.22885244612645203	6.831188621133579	5.2329604846086015	3.836066939010357e-09	0.8870285292457155	2.2464856436692653	0.20002820277797362	answerdotai_ModernBERT-base	__ALL__	euclidean	head	1,4,9	global_pooled	lexeme_prefixed
14183	535	7.756889308389412	359	1	0.17570093457943925	0.2766355140186916	0.33920891207783965	0	-0.4660009391599682	-0.44706650676284854	-0.4216889102064103	6.831939989541698	5.20243919907737	0.0	0.9184999867816291	0.9975371103770786	0.3225692730733977	answerdotai_ModernBERT-base	__ALL__	cosine	head	1,4,10	global_pooled	lexeme_prefixed
14183	535	7.756889308389412	359	1	0.17570093457943925	0.2766355140186916	0.33920891207783965	0	-0.2711020899287322	-0.2463024718129769	-0.22952944085371946	6.831939989541698	5.20243919907737	5.444098064253074e-09	0.8985759380022773	2.2311746538911517	0.1983360360995558	answerdotai_ModernBERT-base	__ALL__	euclidean	head	1,4,10	global_pooled	lexeme_prefixed
14183	535	7.756889308389412	359	1	0.17570093457943925	0.2766355140186916	0.33920891207783965	0	-0.46541698692248834	-0.4447317606649463	-0.41485231247869325	6.783420228845836	5.26773163016454	5.688706093260949e-17	0.9189193291874601	0.9975945342334431	0.32271028696326587	answerdotai_ModernBERT-base	__ALL__	cosine	head	1,4,11	global_pooled	lexeme_prefixed
14183	535	7.756889308389412	359	1	0.17570093457943925	0.2766355140186916	0.33920891207783965	0	-0.2687118190677687	-0.24377470879123528	-0.22531446036999242	6.783420228845836	5.26773163016454	3.6203657213082216e-09	0.889282245030286	2.266128323601296	0.20080377917224845	answerdotai_ModernBERT-base	__ALL__	euclidean	head	1,4,11	global_pooled	lexeme_prefixed
14183	535	7.756889308389412	359	1	0.17570093457943925	0.2766355140186916	0.33920891207783965	0	-0.46573277514818445	-0.44750554044284097	-0.4175436786805249	7.0825793292903905	5.12203607243229	5.673467869738907e-17	0.919186021969561	0.9968790555392241	0.3232038355778044	answerdotai_ModernBERT-base	__ALL__	cosine	head	1,5,6	global_pooled	lexeme_prefixed
14183	535	7.756889308389412	359	1	0.17570093457943925	0.2766355140186916	0.33920891207783965	0	-0.2677243181421366	-0.24344980964062726	-0.22480332635291228	7.0825793292903905	5.12203607243229	3.6977180230461276e-09	0.8952340374576778	2.2238696581146464	0.2039765916942819	answerdotai_ModernBERT-base	__ALL__	euclidean	head	1,5,6	global_pooled	lexeme_prefixed
14183	535	7.756889308389412	359	1	0.17570093457943925	0.2766355140186916	0.33920891207783965	0	-0.4680661742369739	-0.44914233565652184	-0.41902362188283254	6.994655914411941	5.0700152197096475	0.0	0.9197401850230112	0.9962222314757139	0.3239089050271452	answerdotai_ModernBERT-base	__ALL__	cosine	head	1,5,7	global_pooled	lexeme_prefixed
14183	535	7.756889308389412	359	1	0.17570093457943925	0.2766355140186916	0.33920891207783965	0	-0.2706830242395728	-0.24399195005915877	-0.22637541195472285	6.994655914411941	5.0700152197096475	5.4776475179474614e-09	0.8951011611274605	2.243251359669203	0.20320101530000706	answerdotai_ModernBERT-base	__ALL__	euclidean	head	1,5,7	global_pooled	lexeme_prefixed
14183	535	7.756889308389412	359	1	0.17570093457943925	0.2766355140186916	0.33920891207783965	0	-0.45466632268466595	-0.43921538430870977	-0.40895163908451165	6.990104660063048	5.056908150709083	0.0	0.9202675065475199	0.9966331976758193	0.32665867587957415	answerdotai_ModernBERT-base	__ALL__	cosine	head	1,5,8	global_pooled	lexeme_prefixed
14183	535	7.756889308389412	359	1	0.17570093457943925	0.2766355140186916	0.33920891207783965	0	-0.26018627596213745	-0.23685161941812674	-0.21985188909559059	6.990104660063048	5.056908150709083	3.8370705953502665e-09	0.8943345094991063	2.169483322040571	0.20665585560177677	answerdotai_ModernBERT-base	__ALL__	euclidean	head	1,5,8	global_pooled	lexeme_prefixed
14183	535	7.756889308389412	359	1	0.17570093457943925	0.2766355140186916	0.33920891207783965	0	-0.4667390662370213	-0.4485138187646552	-0.4208319906261561	6.884661495177129	5.062924355899801	0.0	0.9213503003414185	0.9972666509344355	0.32172318973418884	answerdotai_ModernBERT-base	__ALL__	cosine	head	1,5,9	global_pooled	lexeme_prefixed
14183	535	7.756889308389412	359	1	0.17570093457943925	0.2766355140186916	0.33920891207783965	0	-0.2693468734378178	-0.24406565667129348	-0.22769189900396217	6.884661495177129	5.062924355899801	0.0	0.8897563437476566	2.2254065253883386	0.1983360360995558	answerdotai_ModernBERT-base	__ALL__	euclidean	head	1,5,9	global_pooled	lexeme_prefixed
14183	535	7.756889308389412	359	1	0.17570093457943925	0.2766355140186916	0.33920891207783965	0	-0.46392606735568437	-0.4469130300404273	-0.41760923095610736	6.830653988241549	5.264337082266599	0.0	0.9176741919518793	0.9970154730843114	0.331171120355355	answerdotai_ModernBERT-base	__ALL__	cosine	head	1,5,10	global_pooled	lexeme_prefixed
14183	535	7.756889308389412	359	1	0.17570093457943925	0.2766355140186916	0.33920891207783965	0	-0.26786291053896344	-0.24441144082443125	-0.22526380329271695	6.830653988241549	5.264337082266599	3.7791276579063946e-09	0.8980988551292964	2.2238379817003127	0.20193189029119368	answerdotai_ModernBERT-base	__ALL__	euclidean	head	1,5,10	global_pooled	lexeme_prefixed
14183	535	7.756889308389412	359	1	0.17570093457943925	0.2766355140186916	0.33920891207783965	0	-0.4714406945445851	-0.44926529902559736	-0.42060641595248494	6.837108507429563	5.423875758541282	1.6982136567887202e-16	0.9170701222760874	0.9972705554147444	0.31876189804695765	answerdotai_ModernBERT-base	__ALL__	cosine	head	1,5,11	global_pooled	lexeme_prefixed
14183	535	7.756889308389412	359	1	0.17570093457943925	0.2766355140186916	0.33920891207783965	0	-0.2714042641989194	-0.2475461136686899	-0.22777246647604768	6.837108507429563	5.423875758541282	0.0	0.8854711921934403	2.3002091010357493	0.2018613833462596	answerdotai_ModernBERT-base	__ALL__	euclidean	head	1,5,11	global_pooled	lexeme_prefixed
14183	535	7.756889308389412	359	1	0.17570093457943925	0.2766355140186916	0.33920891207783965	0	-0.4544564776582748	-0.43619447649506693	-0.4093577221050421	6.920960149714104	5.0988757271860505	0.0	0.920579506573127	0.9959727107466672	0.3214411619544525	answerdotai_ModernBERT-base	__ALL__	cosine	head	1,6,8	global_pooled	lexeme_prefixed
14183	535	7.756889308389412	359	1	0.17570093457943925	0.2766355140186916	0.33920891207783965	0	-0.26162734827336065	-0.23753860972915855	-0.21874891980382863	6.920960149714104	5.0988757271860505	5.494466785733435e-09	0.8974963948469311	2.151756543426699	0.2083480222801946	answerdotai_ModernBERT-base	__ALL__	euclidean	head	1,6,8	global_pooled	lexeme_prefixed
14183	535	7.756889308389412	359	1	0.17570093457943925	0.2766355140186916	0.33920891207783965	0	-0.4713006131618454	-0.44958252036792046	-0.42184163822378934	7.101719187372661	4.947086603960693	0.0	0.9208208434502962	0.9950824635115952	0.3165056758090672	answerdotai_ModernBERT-base	__ALL__	cosine	head	1,6,7	global_pooled	lexeme_prefixed
14183	535	7.756889308389412	359	1	0.17570093457943925	0.2766355140186916	0.33920891207783965	0	-0.27107034743085895	-0.24507670492041997	-0.22420112222009678	7.101719187372661	4.947086603960693	0.0	0.9030394285484662	2.225993654749428	0.20390608474934782	answerdotai_ModernBERT-base	__ALL__	euclidean	head	1,6,7	global_pooled	lexeme_prefixed
14183	535	7.756889308389412	359	1	0.17570093457943925	0.2766355140186916	0.33920891207783965	0	-0.4705747840212571	-0.449999995232774	-0.4212377107256916	6.822377882065396	5.131858559505931	0.0	0.9198306232070678	0.9955791802865148	0.323767891137277	answerdotai_ModernBERT-base	__ALL__	cosine	head	1,6,9	global_pooled	lexeme_prefixed
14183	535	7.756889308389412	359	1	0.17570093457943925	0.2766355140186916	0.33920891207783965	0	-0.27147261572416864	-0.24437950922956406	-0.22593542270005032	6.822377882065396	5.131858559505931	3.919465903344309e-09	0.8953173175480369	2.2027792868623033	0.2004512444475781	answerdotai_ModernBERT-base	__ALL__	euclidean	head	1,6,9	global_pooled	lexeme_prefixed
14183	535	7.756889308389412	359	1	0.17570093457943925	0.2766355140186916	0.33920891207783965	0	-0.4573443571515287	-0.438927646017387	-0.40888435776918663	6.9486987963417475	5.035764727918705	0.0	0.9193488629433145	0.9960594303681707	0.32531904392582667	answerdotai_ModernBERT-base	__ALL__	cosine	head	1,6,10	global_pooled	lexeme_prefixed
14183	535	7.756889308389412	359	1	0.17570093457943925	0.2766355140186916	0.33920891207783965	0	-0.2648187888437182	-0.24020445629315174	-0.22260940558755882	6.9486987963417475	5.035764727918705	0.0	0.907963714848269	2.164434576634846	0.20341253613480928	answerdotai_ModernBERT-base	__ALL__	euclidean	head	1,6,10	global_pooled	lexeme_prefixed
14183	535	7.756889308389412	359	1	0.17570093457943925	0.2766355140186916	0.33920891207783965	0	-0.4734067817928189	-0.4516307223959831	-0.42333963670304764	6.932914860487072	5.352137646589895	1.1337277214102248e-16	0.9175103876811853	0.9972496626930667	0.31135866882887964	answerdotai_ModernBERT-base	__ALL__	cosine	head	1,6,11	global_pooled	lexeme_prefixed
14183	535	7.756889308389412	359	1	0.17570093457943925	0.2766355140186916	0.33920891207783965	0	-0.27184539158215626	-0.24590563882232466	-0.2271936080178293	6.932914860487072	5.352137646589895	0.0	0.892147874833942	2.2447687149522495	0.1991821194387647	answerdotai_ModernBERT-base	__ALL__	euclidean	head	1,6,11	global_pooled	lexeme_prefixed
14183	535	7.756889308389412	359	1	0.17570093457943925	0.2766355140186916	0.33920891207783965	0	-0.4635827970906534	-0.44631679641450095	-0.41552262333163753	6.902624420605928	4.99198586275408	0.0	0.9207791432698755	0.9948398101124241	0.32010153000070507	answerdotai_ModernBERT-base	__ALL__	cosine	head	1,7,8	global_pooled	lexeme_prefixed
14183	535	7.756889308389412	359	1	0.17570093457943925	0.2766355140186916	0.33920891207783965	0	-0.26576802768402685	-0.2419923016697384	-0.22455860894080792	6.902624420605928	4.99198586275408	0.0	0.8961551428941497	2.188538245195486	0.2010153000070507	answerdotai_ModernBERT-base	__ALL__	euclidean	head	1,7,8	global_pooled	lexeme_prefixed
14183	535	7.756889308389412	359	1	0.17570093457943925	0.2766355140186916	0.33920891207783965	0	-0.4686388492667858	-0.44799646380383956	-0.4203337885385222	6.776545641470736	5.250124334294735	0.0	0.9196427699386451	0.9962560712576165	0.3189029119368258	answerdotai_ModernBERT-base	__ALL__	cosine	head	1,7,9	global_pooled	lexeme_prefixed
14183	535	7.756889308389412	359	1	0.17570093457943925	0.2766355140186916	0.33920891207783965	0	-0.26902249157403807	-0.24299909990652516	-0.22480562506354348	6.776545641470736	5.250124334294735	0.0	0.8904176595418862	2.2454018663394137	0.2016498625114574	answerdotai_ModernBERT-base	__ALL__	euclidean	head	1,7,9	global_pooled	lexeme_prefixed
14183	535	7.756889308389412	359	1	0.17570093457943925	0.2766355140186916	0.33920891207783965	0	-0.4712240798293797	-0.4543457327029119	-0.423770199534446	6.946475778146523	4.9317303770042775	0.0	0.9194775398770204	0.9955441194699151	0.3252485369808926	answerdotai_ModernBERT-base	__ALL__	cosine	head	1,7,10	global_pooled	lexeme_prefixed
14183	535	7.756889308389412	359	1	0.17570093457943925	0.2766355140186916	0.33920891207783965	0	-0.27105679881399175	-0.24576836855140766	-0.2265013916733598	6.946475778146523	4.9317303770042775	4.030892995333654e-09	0.9054154187112686	2.1967890662273515	0.20122682084185292	answerdotai_ModernBERT-base	__ALL__	euclidean	head	1,7,10	global_pooled	lexeme_prefixed
14183	535	7.756889308389412	359	1	0.17570093457943925	0.2766355140186916	0.33920891207783965	0	-0.47433094799684455	-0.45251957273718996	-0.42684216061763636	6.8099105997915474	5.20706132315744	0.0	0.9184703287466328	0.9963099111854035	0.32165268278925474	answerdotai_ModernBERT-base	__ALL__	cosine	head	1,7,11	global_pooled	lexeme_prefixed
14183	535	7.756889308389412	359	1	0.17570093457943925	0.2766355140186916	0.33920891207783965	0	-0.2714936617491288	-0.2466510488902019	-0.22899606526079966	6.8099105997915474	5.20706132315744	0.0	0.8951489799363931	2.2713539971382106	0.19988718888810547	answerdotai_ModernBERT-base	__ALL__	euclidean	head	1,7,11	global_pooled	lexeme_prefixed
14183	535	7.756889308389412	359	1	0.17570093457943925	0.2766355140186916	0.33920891207783965	0	-0.46041923276462293	-0.4437280858567142	-0.41946382331315446	6.8092264697618745	5.1447003458306275	1.1445888705775772e-16	0.9211484048257277	0.9964120913721828	0.3198900091659028	answerdotai_ModernBERT-base	__ALL__	cosine	head	1,8,9	global_pooled	lexeme_prefixed
14183	535	7.756889308389412	359	1	0.17570093457943925	0.2766355140186916	0.33920891207783965	0	-0.26303623491647304	-0.2409322224976884	-0.22384968458269464	6.8092264697618745	5.1447003458306275	5.729727092503213e-09	0.8883726051767044	2.20203917020824	0.20291898752027074	answerdotai_ModernBERT-base	__ALL__	euclidean	head	1,8,9	global_pooled	lexeme_prefixed
14183	535	7.756889308389412	359	1	0.17570093457943925	0.2766355140186916	0.33920891207783965	0	-0.4597854010837015	-0.4423523158739211	-0.41635546129520545	6.872957845142509	5.02835132099419	0.0	0.9200846689606812	0.9967311256281021	0.3215116688993866	answerdotai_ModernBERT-base	__ALL__	cosine	head	1,8,10	global_pooled	lexeme_prefixed
14183	535	7.756889308389412	359	1	0.17570093457943925	0.2766355140186916	0.33920891207783965	0	-0.2659791592975877	-0.24177184470493737	-0.2228337543621766	6.872957845142509	5.02835132099419	5.713225105490931e-09	0.8984090937830612	2.1757376359995324	0.20207290418106183	answerdotai_ModernBERT-base	__ALL__	euclidean	head	1,8,10	global_pooled	lexeme_prefixed
14183	535	7.756889308389412	359	1	0.17570093457943925	0.2766355140186916	0.33920891207783965	0	-0.4623957744034771	-0.4443739381185257	-0.4155389152735966	6.709793649898328	5.3712935711314715	0.0	0.9181185347368493	0.9971452309994571	0.3167877035888035	answerdotai_ModernBERT-base	__ALL__	cosine	head	1,8,11	global_pooled	lexeme_prefixed
14183	535	7.756889308389412	359	1	0.17570093457943925	0.2766355140186916	0.33920891207783965	0	-0.2650199600937375	-0.2411478362945786	-0.22352294421292532	6.709793649898328	5.3712935711314715	3.760275065223435e-09	0.8874201045870698	2.2396994272664004	0.2018613833462596	answerdotai_ModernBERT-base	__ALL__	euclidean	head	1,8,11	global_pooled	lexeme_prefixed
14183	535	7.756889308389412	359	1	0.17570093457943925	0.2766355140186916	0.33920891207783965	0	-0.4657416619666323	-0.4474066089407166	-0.4224388786182749	6.804340127334815	4.990738865264565	1.7102182533030706e-16	0.9213605678563083	0.9967200442620993	0.3258125925403652	answerdotai_ModernBERT-base	__ALL__	cosine	head	1,9,10	global_pooled	lexeme_prefixed
14183	535	7.756889308389412	359	1	0.17570093457943925	0.2766355140186916	0.33920891207783965	0	-0.268321648742566	-0.24366679902029673	-0.2263585144730196	6.804340127334815	4.990738865264565	0.0	0.8982934785433415	2.174985918297089	0.2004512444475781	answerdotai_ModernBERT-base	__ALL__	euclidean	head	1,9,10	global_pooled	lexeme_prefixed
14183	535	7.756889308389412	359	1	0.17570093457943925	0.2766355140186916	0.33920891207783965	0	-0.4678814182834623	-0.4492584421328861	-0.42222692990805133	6.762158489335992	5.176442087840294	0.0	0.9192144832520271	0.997327700892784	0.31904392582669394	answerdotai_ModernBERT-base	__ALL__	cosine	head	1,9,11	global_pooled	lexeme_prefixed
14183	535	7.756889308389412	359	1	0.17570093457943925	0.2766355140186916	0.33920891207783965	0	-0.2696639847734321	-0.2437267296189592	-0.22684514691981508	6.762158489335992	5.176442087840294	6.647329014396246e-09	0.8905133554464804	2.225017506242567	0.2018613833462596	answerdotai_ModernBERT-base	__ALL__	euclidean	head	1,9,11	global_pooled	lexeme_prefixed
14183	535	7.756889308389412	359	1	0.17570093457943925	0.2766355140186916	0.33920891207783965	0	-0.4649314878510539	-0.44535809422624767	-0.41537816936069716	6.696871455388422	5.174422952187234	5.674987471912282e-17	0.9190532373507908	0.9973170255562356	0.321864203624057	answerdotai_ModernBERT-base	__ALL__	cosine	head	1,10,11	global_pooled	lexeme_prefixed
14183	535	7.756889308389412	359	1	0.17570093457943925	0.2766355140186916	0.33920891207783965	0	-0.2704898494814072	-0.2438963033390626	-0.2271318334951005	6.696871455388422	5.174422952187234	0.0	0.8997248873146083	2.197929473225445	0.2054572375378975	answerdotai_ModernBERT-base	__ALL__	euclidean	head	1,10,11	global_pooled	lexeme_prefixed
14183	535	7.756889308389412	359	1	0.17570093457943925	0.2766355140186916	0.33920891207783965	0	-0.4434860942070538	-0.42028071781667153	-0.3948120660752429	6.679008189884303	5.208590919214532	5.722129314078273e-17	0.9210058022793594	0.9963863354283681	0.333004300923641	answerdotai_ModernBERT-base	__ALL__	cosine	head	2,3,4	global_pooled	lexeme_prefixed
14183	535	7.756889308389412	359	1	0.17570093457943925	0.2766355140186916	0.33920891207783965	0	-0.2550685957509382	-0.22972368039918212	-0.2105139785671807	6.679008189884303	5.208590919214532	9.165329594370446e-09	0.8989619620227064	2.1438523785606707	0.22089825847846012	answerdotai_ModernBERT-base	__ALL__	euclidean	head	2,3,4	global_pooled	lexeme_prefixed
14183	535	7.756889308389412	359	1	0.17570093457943925	0.2766355140186916	0.33920891207783965	0	-0.45095056187183535	-0.4298790241919505	-0.40360523288614325	6.824002220529218	5.163950004778317	1.1456258183264158e-16	0.919426184344573	0.9976389445417607	0.3334273425932454	answerdotai_ModernBERT-base	__ALL__	cosine	head	2,3,5	global_pooled	lexeme_prefixed
14183	535	7.756889308389412	359	1	0.17570093457943925	0.2766355140186916	0.33920891207783965	0	-0.25978640081583726	-0.23390590928558438	-0.21568688217927745	6.824002220529218	5.163950004778317	1.0143519503900122e-08	0.8935546052215654	2.190032004713392	0.21969964041458084	answerdotai_ModernBERT-base	__ALL__	euclidean	head	2,3,5	global_pooled	lexeme_prefixed
14183	535	7.756889308389412	359	1	0.17570093457943925	0.2766355140186916	0.33920891207783965	0	-0.4469393089207465	-0.4303615639469577	-0.4011230943521622	6.631174039084158	5.131612978194487	1.7048755083775358e-16	0.9209189038792104	0.9965880230973483	0.33519001621659733	answerdotai_ModernBERT-base	__ALL__	cosine	head	2,3,7	global_pooled	lexeme_prefixed
14183	535	7.756889308389412	359	1	0.17570093457943925	0.2766355140186916	0.33920891207783965	0	-0.2565144813792754	-0.23180386662939345	-0.21412631676061913	6.631174039084158	5.131612978194487	8.931868877041051e-09	0.8938466721024133	2.163457053487928	0.21885355707537194	answerdotai_ModernBERT-base	__ALL__	euclidean	head	2,3,7	global_pooled	lexeme_prefixed
14183	535	7.756889308389412	359	1	0.17570093457943925	0.2766355140186916	0.33920891207783965	0	-0.45204395257344526	-0.43294473847804626	-0.4012371312415094	6.773059153051544	5.124687491373866	0.0	0.9196528497005745	0.9963474748235545	0.3308185856306846	answerdotai_ModernBERT-base	__ALL__	cosine	head	2,3,6	global_pooled	lexeme_prefixed
14183	535	7.756889308389412	359	1	0.17570093457943925	0.2766355140186916	0.33920891207783965	0	-0.25896623636510147	-0.23441873032864377	-0.21464232237183278	6.773059153051544	5.124687491373866	5.003644525668643e-09	0.8940728474021509	2.140012604250914	0.21737291123175634	answerdotai_ModernBERT-base	__ALL__	euclidean	head	2,3,6	global_pooled	lexeme_prefixed
14183	535	7.756889308389412	359	1	0.17570093457943925	0.2766355140186916	0.33920891207783965	0	-0.4400465903460674	-0.4223053840211613	-0.3919489785051331	6.65384827039903	5.037393826076767	1.7100792426397315e-16	0.921447613221699	0.995980909068898	0.33568356483113587	answerdotai_ModernBERT-base	__ALL__	cosine	head	2,3,9	global_pooled	lexeme_prefixed
14183	535	7.756889308389412	359	1	0.17570093457943925	0.2766355140186916	0.33920891207783965	0	-0.25322486354899465	-0.22894335058375284	-0.21083838828439616	6.65384827039903	5.037393826076767	7.667658210011104e-09	0.9004498818659112	2.1069374422262106	0.2238595501656913	answerdotai_ModernBERT-base	__ALL__	euclidean	head	2,3,9	global_pooled	lexeme_prefixed
14183	535	7.756889308389412	359	1	0.17570093457943925	0.2766355140186916	0.33920891207783965	0	-0.4317581389274068	-0.4146577935336325	-0.38469322629503505	6.706614041603036	5.007748149756189	0.0	0.922023079229535	0.9958834438593527	0.3361066065007403	answerdotai_ModernBERT-base	__ALL__	cosine	head	2,3,8	global_pooled	lexeme_prefixed
14183	535	7.756889308389412	359	1	0.17570093457943925	0.2766355140186916	0.33920891207783965	0	-0.2488879873335868	-0.22498792879765567	-0.20805005690508174	6.706614041603036	5.007748149756189	7.777298606126535e-09	0.898093316133627	2.0763213989193225	0.2224494112670098	answerdotai_ModernBERT-base	__ALL__	euclidean	head	2,3,8	global_pooled	lexeme_prefixed
14183	535	7.756889308389412	359	1	0.17570093457943925	0.2766355140186916	0.33920891207783965	0	-0.44039900229357254	-0.4185534012907945	-0.3936170752569173	6.762603985035773	5.034181285128875	1.7200192775869348e-16	0.9207550007527082	0.995678408546074	0.333004300923641	answerdotai_ModernBERT-base	__ALL__	cosine	head	2,3,10	global_pooled	lexeme_prefixed
14183	535	7.756889308389412	359	1	0.17570093457943925	0.2766355140186916	0.33920891207783965	0	-0.255284965785075	-0.23188000683820612	-0.21274279028361093	6.762603985035773	5.034181285128875	9.270620117024858e-09	0.8971790742645461	2.131621425221316	0.22167383487273495	answerdotai_ModernBERT-base	__ALL__	euclidean	head	2,3,10	global_pooled	lexeme_prefixed
14183	535	7.756889308389412	359	1	0.17570093457943925	0.2766355140186916	0.33920891207783965	0	-0.45060235206115584	-0.4293251507042824	-0.4036634300370388	6.619669191719971	4.975573235237291	0.0	0.9224358236127581	0.9964324809448806	0.33222872452936614	answerdotai_ModernBERT-base	__ALL__	cosine	head	2,3,11	global_pooled	lexeme_prefixed
14183	535	7.756889308389412	359	1	0.17570093457943925	0.2766355140186916	0.33920891207783965	0	-0.25736705149439365	-0.23379548671645434	-0.21445239333888763	6.619669191719971	4.975573235237291	0.0	0.898724889955081	2.170039967000751	0.22174434181766903	answerdotai_ModernBERT-base	__ALL__	euclidean	head	2,3,11	global_pooled	lexeme_prefixed
14183	535	7.756889308389412	359	1	0.17570093457943925	0.2766355140186916	0.33920891207783965	0	-0.45754618636023414	-0.4373471181990323	-0.40550701437412845	6.635487236089134	5.622967462900985	0.0	0.91543132392327	0.9980704201971246	0.3306070647958824	answerdotai_ModernBERT-base	__ALL__	cosine	head	2,4,5	global_pooled	lexeme_prefixed
14183	535	7.756889308389412	359	1	0.17570093457943925	0.2766355140186916	0.33920891207783965	0	-0.2631868786908055	-0.2369799248739664	-0.21896199908271394	6.635487236089134	5.622967462900985	7.25788830743502e-09	0.882753022353622	2.2189388941623105	0.2156807445533385	answerdotai_ModernBERT-base	__ALL__	euclidean	head	2,4,5	global_pooled	lexeme_prefixed
14183	535	7.756889308389412	359	1	0.17570093457943925	0.2766355140186916	0.33920891207783965	0	-0.4601123033363421	-0.4392645678362369	-0.40931041040888155	6.7327376818480715	5.562172229962267	0.0	0.9165153800377874	0.9975873855225323	0.3284918564478601	answerdotai_ModernBERT-base	__ALL__	cosine	head	2,4,6	global_pooled	lexeme_prefixed
14183	535	7.756889308389412	359	1	0.17570093457943925	0.2766355140186916	0.33920891207783965	0	-0.26378739176713545	-0.2387074847042757	-0.21887372285196732	6.7327376818480715	5.562172229962267	1.1536268598493311e-08	0.8895238213433587	2.190883702948324	0.21377705704011846	answerdotai_ModernBERT-base	__ALL__	euclidean	head	2,4,6	global_pooled	lexeme_prefixed
14183	535	7.756889308389412	359	1	0.17570093457943925	0.2766355140186916	0.33920891207783965	0	-0.45438637120085373	-0.43334190351557106	-0.40580927815447715	6.647086977119411	5.376537023846888	0.0	0.9182805328222476	0.9982838412121292	0.335824578721004	answerdotai_ModernBERT-base	__ALL__	cosine	head	2,4,7	global_pooled	lexeme_prefixed
14183	535	7.756889308389412	359	1	0.17570093457943925	0.2766355140186916	0.33920891207783965	0	-0.26109758039427017	-0.23470250647049035	-0.21712691281770027	6.647086977119411	5.376537023846888	7.08983462724993e-09	0.8892096609989605	2.1875898568059005	0.2212507932031305	answerdotai_ModernBERT-base	__ALL__	euclidean	head	2,4,7	global_pooled	lexeme_prefixed
14183	535	7.756889308389412	359	1	0.17570093457943925	0.2766355140186916	0.33920891207783965	0	-0.4435135887637979	-0.42287372911064636	-0.3952922896693839	6.744574577551811	5.198350166951225	0.0	0.9202630192374922	0.997148056631505	0.3277162800535853	answerdotai_ModernBERT-base	__ALL__	cosine	head	2,4,8	global_pooled	lexeme_prefixed
14183	535	7.756889308389412	359	1	0.17570093457943925	0.2766355140186916	0.33920891207783965	0	-0.2565208641619263	-0.23068572791019323	-0.2134993118510777	6.744574577551811	5.198350166951225	0.0	0.8922314366935421	2.0918479454589485	0.21765493901149263	answerdotai_ModernBERT-base	__ALL__	euclidean	head	2,4,8	global_pooled	lexeme_prefixed
14183	535	7.756889308389412	359	1	0.17570093457943925	0.2766355140186916	0.33920891207783965	0	-0.4421481907849002	-0.4220174375814875	-0.39249039455759016	6.638100136327029	5.408896132060735	0.0	0.9189792135104118	0.9972115984450136	0.3353310301064655	answerdotai_ModernBERT-base	__ALL__	cosine	head	2,4,9	global_pooled	lexeme_prefixed
14183	535	7.756889308389412	359	1	0.17570093457943925	0.2766355140186916	0.33920891207783965	0	-0.25364674880102545	-0.22785655991997902	-0.20989737808040762	6.638100136327029	5.408896132060735	5.451988386028465e-09	0.8881538520855476	2.129723836757062	0.21850102235070154	answerdotai_ModernBERT-base	__ALL__	euclidean	head	2,4,9	global_pooled	lexeme_prefixed
14183	535	7.756889308389412	359	1	0.17570093457943925	0.2766355140186916	0.33920891207783965	0	-0.4506176049212235	-0.43074625168323016	-0.4035579110182073	6.751469246226086	5.453769300852139	5.715668939731382e-17	0.9180433066623094	0.9974280408671607	0.32990199534654163	answerdotai_ModernBERT-base	__ALL__	cosine	head	2,4,10	global_pooled	lexeme_prefixed
14183	535	7.756889308389412	359	1	0.17570093457943925	0.2766355140186916	0.33920891207783965	0	-0.2604866184464631	-0.23474506458943914	-0.21733442754255528	6.751469246226086	5.453769300852139	9.108342117039958e-09	0.8909067888780057	2.1739072677747875	0.21384756398505253	answerdotai_ModernBERT-base	__ALL__	euclidean	head	2,4,10	global_pooled	lexeme_prefixed
14183	535	7.756889308389412	359	1	0.17570093457943925	0.2766355140186916	0.33920891207783965	0	-0.4459721361885625	-0.42398756582290115	-0.3970138280061158	6.671999070397086	5.29591271350642	0.0	0.9191643533082603	0.9976731288993675	0.3326517661989706	answerdotai_ModernBERT-base	__ALL__	cosine	head	2,4,11	global_pooled	lexeme_prefixed
14183	535	7.756889308389412	359	1	0.17570093457943925	0.2766355140186916	0.33920891207783965	0	-0.25710298882993554	-0.23336593228569447	-0.21419158340496153	6.671999070397086	5.29591271350642	5.268558656973878e-09	0.8917045121497912	2.165846802323905	0.218924064020306	answerdotai_ModernBERT-base	__ALL__	euclidean	head	2,4,11	global_pooled	lexeme_prefixed
14183	535	7.756889308389412	359	1	0.17570093457943925	0.2766355140186916	0.33920891207783965	0	-0.4610773947613229	-0.4389608983779316	-0.4080639085630302	6.729024241048643	5.35872844318002	0.0	0.9161995721851515	0.9981012852136284	0.3301840231262779	answerdotai_ModernBERT-base	__ALL__	cosine	head	2,5,6	global_pooled	lexeme_prefixed
14183	535	7.756889308389412	359	1	0.17570093457943925	0.2766355140186916	0.33920891207783965	0	-0.2648138310461588	-0.23979772490978024	-0.21894543665574126	6.729024241048643	5.35872844318002	0.0	0.8893557271030559	2.182182300211796	0.21575125149827257	answerdotai_ModernBERT-base	__ALL__	euclidean	head	2,5,6	global_pooled	lexeme_prefixed
14183	535	7.756889308389412	359	1	0.17570093457943925	0.2766355140186916	0.33920891207783965	0	-0.45896719962367305	-0.4382785316746064	-0.4081953264302042	6.644274614845172	5.350000400087452	5.691221864582814e-17	0.9172246885414705	0.9982056785876429	0.3332158217584432	answerdotai_ModernBERT-base	__ALL__	cosine	head	2,5,7	global_pooled	lexeme_prefixed
14183	535	7.756889308389412	359	1	0.17570093457943925	0.2766355140186916	0.33920891207783965	0	-0.26515572810409394	-0.2400116744909733	-0.2208397411263642	6.644274614845172	5.350000400087452	7.446267713073838e-09	0.8902316803639048	2.205151934323932	0.22118028625819644	answerdotai_ModernBERT-base	__ALL__	euclidean	head	2,5,7	global_pooled	lexeme_prefixed
14183	535	7.756889308389412	359	1	0.17570093457943925	0.2766355140186916	0.33920891207783965	0	-0.4475734893665616	-0.4277201102259011	-0.39828826084084906	6.647986502089427	5.19865167466998	0.0	0.9181725911095793	0.9968411450731124	0.33328632870337727	answerdotai_ModernBERT-base	__ALL__	cosine	head	2,5,8	global_pooled	lexeme_prefixed
14183	535	7.756889308389412	359	1	0.17570093457943925	0.2766355140186916	0.33920891207783965	0	-0.25679736480457405	-0.23044679684088692	-0.21419531093160904	6.647986502089427	5.19865167466998	7.201478175084594e-09	0.8958969803320825	2.1031237868391632	0.21850102235070154	answerdotai_ModernBERT-base	__ALL__	euclidean	head	2,5,8	global_pooled	lexeme_prefixed
14183	535	7.756889308389412	359	1	0.17570093457943925	0.2766355140186916	0.33920891207783965	0	-0.4474444033314978	-0.42724414488828577	-0.3999030609413671	6.659586571820283	5.233974089485952	1.1404882908827698e-16	0.9189047458809366	0.9974940712899635	0.33229923147430024	answerdotai_ModernBERT-base	__ALL__	cosine	head	2,5,9	global_pooled	lexeme_prefixed
14183	535	7.756889308389412	359	1	0.17570093457943925	0.2766355140186916	0.33920891207783965	0	-0.25821924764931736	-0.23268750102452998	-0.21459141776982202	6.659586571820283	5.233974089485952	1.0527165893086862e-08	0.8921852149070427	2.150712026548333	0.21553973066347035	answerdotai_ModernBERT-base	__ALL__	euclidean	head	2,5,9	global_pooled	lexeme_prefixed
14183	535	7.756889308389412	359	1	0.17570093457943925	0.2766355140186916	0.33920891207783965	0	-0.45416471342845155	-0.43246265206716233	-0.40647902110579837	6.641521332079924	5.537014776899446	1.1351628702109768e-16	0.9157568996563906	0.9974904420313355	0.34047803708665303	answerdotai_ModernBERT-base	__ALL__	cosine	head	2,5,10	global_pooled	lexeme_prefixed
14183	535	7.756889308389412	359	1	0.17570093457943925	0.2766355140186916	0.33920891207783965	0	-0.2617700173175586	-0.23741007275209075	-0.21891730035974297	6.641521332079924	5.537014776899446	5.070551057937843e-09	0.8912091530340545	2.207594114987066	0.2186420362405697	answerdotai_ModernBERT-base	__ALL__	euclidean	head	2,5,10	global_pooled	lexeme_prefixed
14183	535	7.756889308389412	359	1	0.17570093457943925	0.2766355140186916	0.33920891207783965	0	-0.46106885565435474	-0.4379786166922534	-0.4117831283735333	6.675728708183965	5.479810903294309	0.0	0.9157550940398008	0.9978429112657814	0.33095959952055276	answerdotai_ModernBERT-base	__ALL__	cosine	head	2,5,11	global_pooled	lexeme_prefixed
14183	535	7.756889308389412	359	1	0.17570093457943925	0.2766355140186916	0.33920891207783965	0	-0.26533897011218055	-0.23960283522643228	-0.22066251026967046	6.675728708183965	5.479810903294309	4.9473279278346225e-09	0.8877931959306382	2.241576695018962	0.2165268278925474	answerdotai_ModernBERT-base	__ALL__	euclidean	head	2,5,11	global_pooled	lexeme_prefixed
14183	535	7.756889308389412	359	1	0.17570093457943925	0.2766355140186916	0.33920891207783965	0	-0.45996652355663403	-0.43903582027501925	-0.4107168222065344	6.665208459497499	5.20811698612732	5.655495418599567e-17	0.9180760426611878	0.9971423309642458	0.333004300923641	answerdotai_ModernBERT-base	__ALL__	cosine	head	2,6,7	global_pooled	lexeme_prefixed
14183	535	7.756889308389412	359	1	0.17570093457943925	0.2766355140186916	0.33920891207783965	0	-0.26322260019267607	-0.23871367595180462	-0.21919456237564405	6.665208459497499	5.20811698612732	4.983100698934591e-09	0.8918960719850649	2.1664164586387415	0.22259042515687796	answerdotai_ModernBERT-base	__ALL__	euclidean	head	2,6,7	global_pooled	lexeme_prefixed
14183	535	7.756889308389412	359	1	0.17570093457943925	0.2766355140186916	0.33920891207783965	0	-0.441742940755138	-0.42171219787493663	-0.3907659753825866	6.600814210516407	5.241475928488711	0.0	0.9187926883433963	0.9964163964398743	0.33434393287738845	answerdotai_ModernBERT-base	__ALL__	cosine	head	2,6,8	global_pooled	lexeme_prefixed
14183	535	7.756889308389412	359	1	0.17570093457943925	0.2766355140186916	0.33920891207783965	0	-0.2566937862719223	-0.23219609790919596	-0.21432019273921135	6.600814210516407	5.241475928488711	0.0	0.8914936428411582	2.059361623109647	0.22625678629344992	answerdotai_ModernBERT-base	__ALL__	euclidean	head	2,6,8	global_pooled	lexeme_prefixed
14183	535	7.756889308389412	359	1	0.17570093457943925	0.2766355140186916	0.33920891207783965	0	-0.4472944972442373	-0.4274025127804836	-0.39852813142318533	6.555337779840043	5.311508004903332	1.1335980603694838e-16	0.9181764583260438	0.9958597741864768	0.3334978495381795	answerdotai_ModernBERT-base	__ALL__	cosine	head	2,6,9	global_pooled	lexeme_prefixed
14183	535	7.756889308389412	359	1	0.17570093457943925	0.2766355140186916	0.33920891207783965	0	-0.25784690136645355	-0.23131467053242905	-0.21411271199907858	6.555337779840043	5.311508004903332	0.0	0.8903148945914631	2.1053277314926406	0.22146231403793273	answerdotai_ModernBERT-base	__ALL__	euclidean	head	2,6,9	global_pooled	lexeme_prefixed
14183	535	7.756889308389412	359	1	0.17570093457943925	0.2766355140186916	0.33920891207783965	0	-0.45000901080183314	-0.42651104943312884	-0.3961804230136804	6.71001583545764	5.289692793955515	0.0	0.9176019547033755	0.9965055361075512	0.3327927800888387	answerdotai_ModernBERT-base	__ALL__	cosine	head	2,6,10	global_pooled	lexeme_prefixed
14183	535	7.756889308389412	359	1	0.17570093457943925	0.2766355140186916	0.33920891207783965	0	-0.25982672938211687	-0.23674582502629068	-0.21634068812157242	6.71001583545764	5.289692793955515	8.663085901534662e-09	0.8944331333432101	2.1273682581694415	0.2174434181766904	answerdotai_ModernBERT-base	__ALL__	euclidean	head	2,6,10	global_pooled	lexeme_prefixed
14183	535	7.756889308389412	359	1	0.17570093457943925	0.2766355140186916	0.33920891207783965	0	-0.45459696202785727	-0.43434552866722936	-0.40290754087477204	6.673113441541522	5.404444274137618	1.6998425846202687e-16	0.9164453239217213	0.9977459720370908	0.3262356342099697	answerdotai_ModernBERT-base	__ALL__	cosine	head	2,6,11	global_pooled	lexeme_prefixed
14183	535	7.756889308389412	359	1	0.17570093457943925	0.2766355140186916	0.33920891207783965	0	-0.2611996429202845	-0.23829051000571863	-0.216586001740759	6.673113441541522	5.404444274137618	4.77363439386505e-09	0.8880487130036088	2.1644306711117443	0.2165268278925474	answerdotai_ModernBERT-base	__ALL__	euclidean	head	2,6,11	global_pooled	lexeme_prefixed
14183	535	7.756889308389412	359	1	0.17570093457943925	0.2766355140186916	0.33920891207783965	0	-0.44340281065669207	-0.4261658434076506	-0.39778714252205577	6.60222104663925	5.168262149853686	0.0	0.9196934282340307	0.9961814605990456	0.32835084255799196	answerdotai_ModernBERT-base	__ALL__	cosine	head	2,7,8	global_pooled	lexeme_prefixed
14183	535	7.756889308389412	359	1	0.17570093457943925	0.2766355140186916	0.33920891207783965	0	-0.2562338270325565	-0.23361675784247482	-0.21448903817481196	6.60222104663925	5.168262149853686	0.0	0.891248883580895	2.102804957279293	0.2206867376436579	answerdotai_ModernBERT-base	__ALL__	euclidean	head	2,7,8	global_pooled	lexeme_prefixed
14183	535	7.756889308389412	359	1	0.17570093457943925	0.2766355140186916	0.33920891207783965	0	-0.44307957554512073	-0.4248598692217705	-0.396253337042113	6.463019042106541	5.50207104452453	1.1346062686814136e-16	0.9183400407387265	0.9975119807946898	0.3351195092716633	answerdotai_ModernBERT-base	__ALL__	cosine	head	2,7,9	global_pooled	lexeme_prefixed
14183	535	7.756889308389412	359	1	0.17570093457943925	0.2766355140186916	0.33920891207783965	0	-0.2518583300249637	-0.2264936680423207	-0.21007033779176223	6.463019042106541	5.50207104452453	1.0992015685134651e-08	0.8862619783041616	2.152525493364392	0.2233660015511528	answerdotai_ModernBERT-base	__ALL__	euclidean	head	2,7,9	global_pooled	lexeme_prefixed
14183	535	7.756889308389412	359	1	0.17570093457943925	0.2766355140186916	0.33920891207783965	0	-0.4582361174653115	-0.43775392793476353	-0.4100009510786295	6.543323380440689	5.295457305067972	0.0	0.9185313913221417	0.9976568969623548	0.33251075230910243	answerdotai_ModernBERT-base	__ALL__	cosine	head	2,7,11	global_pooled	lexeme_prefixed
14183	535	7.756889308389412	359	1	0.17570093457943925	0.2766355140186916	0.33920891207783965	0	-0.260985079264073	-0.23701471984033265	-0.21810086251250024	6.543323380440689	5.295457305067972	1.197293910658574e-08	0.892080698539949	2.194899419525709	0.21398857787492068	answerdotai_ModernBERT-base	__ALL__	euclidean	head	2,7,11	global_pooled	lexeme_prefixed
14183	535	7.756889308389412	359	1	0.17570093457943925	0.2766355140186916	0.33920891207783965	0	-0.4571556982195129	-0.43591659698599483	-0.40855280170565633	6.684971039186234	5.2157885531030646	0.0	0.918110316147853	0.9967538360310932	0.33596559261087217	answerdotai_ModernBERT-base	__ALL__	cosine	head	2,7,10	global_pooled	lexeme_prefixed
14183	535	7.756889308389412	359	1	0.17570093457943925	0.2766355140186916	0.33920891207783965	0	-0.2605176719712247	-0.2361012253087255	-0.21695595987290597	6.684971039186234	5.2157885531030646	7.489589359913153e-09	0.8936245245264902	2.1653232188417073	0.21991116124938306	answerdotai_ModernBERT-base	__ALL__	euclidean	head	2,7,10	global_pooled	lexeme_prefixed
14183	535	7.756889308389412	359	1	0.17570093457943925	0.2766355140186916	0.33920891207783965	0	-0.430845039633743	-0.41230384791247304	-0.3842415037005007	6.631206395419188	5.221528186737258	0.0	0.920173044937715	0.9960723639086391	0.33420291898752025	answerdotai_ModernBERT-base	__ALL__	cosine	head	2,8,9	global_pooled	lexeme_prefixed
14183	535	7.756889308389412	359	1	0.17570093457943925	0.2766355140186916	0.33920891207783965	0	-0.24844060666445356	-0.22475674909089904	-0.20684277200905352	6.631206395419188	5.221528186737258	5.3123021610166216e-09	0.890964550890711	2.0781148261228797	0.229147571035747	answerdotai_ModernBERT-base	__ALL__	euclidean	head	2,8,9	global_pooled	lexeme_prefixed
14183	535	7.756889308389412	359	1	0.17570093457943925	0.2766355140186916	0.33920891207783965	0	-0.44415134710456655	-0.426524671508769	-0.39850459120112597	6.7393892034986695	5.181025373796572	1.1354071861274208e-16	0.9192597867969309	0.9962681447141026	0.3327927800888387	answerdotai_ModernBERT-base	__ALL__	cosine	head	2,8,10	global_pooled	lexeme_prefixed
14183	535	7.756889308389412	359	1	0.17570093457943925	0.2766355140186916	0.33920891207783965	0	-0.2590636125502565	-0.23496556794062884	-0.21789786771853864	6.7393892034986695	5.181025373796572	7.528377317226004e-09	0.8915294386597056	2.1138477465697236	0.21962913346964677	answerdotai_ModernBERT-base	__ALL__	euclidean	head	2,8,10	global_pooled	lexeme_prefixed
14183	535	7.756889308389412	359	1	0.17570093457943925	0.2766355140186916	0.33920891207783965	0	-0.44278243759609487	-0.4224725525831359	-0.3966106158509707	6.566846837788455	5.324150244600965	0.0	0.9183856752811786	0.9970099128903068	0.33434393287738845	answerdotai_ModernBERT-base	__ALL__	cosine	head	2,8,11	global_pooled	lexeme_prefixed
14183	535	7.756889308389412	359	1	0.17570093457943925	0.2766355140186916	0.33920891207783965	0	-0.2557599382557879	-0.2314760262055404	-0.2135526831894637	6.566846837788455	5.324150244600965	7.733209232001291e-09	0.8904252426047828	2.1326434286000895	0.22223789043220757	answerdotai_ModernBERT-base	__ALL__	euclidean	head	2,8,11	global_pooled	lexeme_prefixed
14183	535	7.756889308389412	359	1	0.17570093457943925	0.2766355140186916	0.33920891207783965	0	-0.44358522465221084	-0.42338293542003086	-0.39459420248780086	6.66504111231625	5.175360939802583	1.7105070949477449e-16	0.9199880484690591	0.9964087543247502	0.3340619050976521	answerdotai_ModernBERT-base	__ALL__	cosine	head	2,9,10	global_pooled	lexeme_prefixed
14183	535	7.756889308389412	359	1	0.17570093457943925	0.2766355140186916	0.33920891207783965	0	-0.2542598036019052	-0.22948383772365064	-0.21113040873503264	6.66504111231625	5.175360939802583	7.832990026646756e-09	0.8919718722029651	2.104999341125347	0.2204047098639216	answerdotai_ModernBERT-base	__ALL__	euclidean	head	2,9,10	global_pooled	lexeme_prefixed
14183	535	7.756889308389412	359	1	0.17570093457943925	0.2766355140186916	0.33920891207783965	0	-0.4419358459347019	-0.42121677294659327	-0.39089260612360505	6.574066480473055	5.14478227448112	0.0	0.9196279524264118	0.997041269037161	0.33688218289501515	answerdotai_ModernBERT-base	__ALL__	cosine	head	2,9,11	global_pooled	lexeme_prefixed
14183	535	7.756889308389412	359	1	0.17570093457943925	0.2766355140186916	0.33920891207783965	0	-0.2538871117740912	-0.22896552400171255	-0.2110669986625476	6.574066480473055	5.14478227448112	5.31718686708048e-09	0.8958052115991265	2.1079285346916943	0.22230839737714164	answerdotai_ModernBERT-base	__ALL__	euclidean	head	2,9,11	global_pooled	lexeme_prefixed
14183	535	7.756889308389412	359	1	0.17570093457943925	0.2766355140186916	0.33920891207783965	0	-0.44755086209297834	-0.429506923986831	-0.3989583562269729	6.613512396135763	5.231859268507591	0.0	0.9193904321085716	0.9970816083940527	0.3314531481350913	answerdotai_ModernBERT-base	__ALL__	cosine	head	2,10,11	global_pooled	lexeme_prefixed
14183	535	7.756889308389412	359	1	0.17570093457943925	0.2766355140186916	0.33920891207783965	0	-0.25937175765893866	-0.2355430018427997	-0.21635878497190042	6.613512396135763	5.231859268507591	0.0	0.8947518439334229	2.142306807894211	0.2212507932031305	answerdotai_ModernBERT-base	__ALL__	euclidean	head	2,10,11	global_pooled	lexeme_prefixed
14183	535	7.756889308389412	359	1	0.17570093457943925	0.2766355140186916	0.33920891207783965	0	-0.4472310814935167	-0.42714473808293013	-0.3955388981993499	6.7302465609474895	5.4646569816472335	0.0	0.9187714571182158	0.9982741063823409	0.3334978495381795	answerdotai_ModernBERT-base	__ALL__	cosine	head	3,4,6	global_pooled	lexeme_prefixed
14183	535	7.756889308389412	359	1	0.17570093457943925	0.2766355140186916	0.33920891207783965	0	-0.2535813901315845	-0.2293115617842764	-0.21019800708852437	6.7302465609474895	5.4646569816472335	5.1906951689786214e-09	0.8938416779643479	2.1615187668969598	0.22209687654233942	answerdotai_ModernBERT-base	__ALL__	euclidean	head	3,4,6	global_pooled	lexeme_prefixed
14183	535	7.756889308389412	359	1	0.17570093457943925	0.2766355140186916	0.33920891207783965	0	-0.45057966057739446	-0.42800996340165376	-0.40162080934872235	6.696399779210601	5.547317354486399	1.1414016439052775e-16	0.9167378026876091	0.9986656082333278	0.33624762039060846	answerdotai_ModernBERT-base	__ALL__	cosine	head	3,4,5	global_pooled	lexeme_prefixed
14183	535	7.756889308389412	359	1	0.17570093457943925	0.2766355140186916	0.33920891207783965	0	-0.25896512406696903	-0.23259820890838004	-0.21401834170210524	6.696399779210601	5.547317354486399	9.005709305079196e-09	0.8816985757428025	2.2014875865382417	0.22414157794542763	answerdotai_ModernBERT-base	__ALL__	euclidean	head	3,4,5	global_pooled	lexeme_prefixed
14183	535	7.756889308389412	359	1	0.17570093457943925	0.2766355140186916	0.33920891207783965	0	-0.4472250776040302	-0.4242217503931095	-0.3959969544013759	6.672543872495778	5.45748326489555	1.1370438307754307e-16	0.9192677870126309	0.9985055680017758	0.3384333356835648	answerdotai_ModernBERT-base	__ALL__	cosine	head	3,4,7	global_pooled	lexeme_prefixed
14183	535	7.756889308389412	359	1	0.17570093457943925	0.2766355140186916	0.33920891207783965	0	-0.25406708414761625	-0.22670063275323368	-0.2100341352249756	6.672543872495778	5.45748326489555	8.803004584301087e-09	0.8904466399818284	2.1838385174747788	0.2268208418529225	answerdotai_ModernBERT-base	__ALL__	euclidean	head	3,4,7	global_pooled	lexeme_prefixed
14183	535	7.756889308389412	359	1	0.17570093457943925	0.2766355140186916	0.33920891207783965	0	-0.4324715079873687	-0.4117448150791511	-0.3822650875920149	6.714628532183671	5.200317813274694	1.7138600107173513e-16	0.9209108459636942	0.9984283489709651	0.3370231967848833	answerdotai_ModernBERT-base	__ALL__	cosine	head	3,4,8	global_pooled	lexeme_prefixed
14183	535	7.756889308389412	359	1	0.17570093457943925	0.2766355140186916	0.33920891207783965	0	-0.24500976514714895	-0.22054835593635552	-0.2031979122739228	6.714628532183671	5.200317813274694	5.269839145072327e-09	0.8960846895897014	2.089627746414511	0.22576323767891138	answerdotai_ModernBERT-base	__ALL__	euclidean	head	3,4,8	global_pooled	lexeme_prefixed
14183	535	7.756889308389412	359	1	0.17570093457943925	0.2766355140186916	0.33920891207783965	0	-0.44226346836524105	-0.4246521060661847	-0.3927952376860813	6.688447939366897	5.35726179964308	1.1465285444904133e-16	0.9190998200432687	0.9975622713015395	0.33596559261087217	answerdotai_ModernBERT-base	__ALL__	cosine	head	3,4,9	global_pooled	lexeme_prefixed
14183	535	7.756889308389412	359	1	0.17570093457943925	0.2766355140186916	0.33920891207783965	0	-0.2533120366143946	-0.22860921244939225	-0.21205295054562923	6.688447939366897	5.35726179964308	9.984258082932769e-09	0.8934675099385948	2.1251646099536687	0.22393005711062539	answerdotai_ModernBERT-base	__ALL__	euclidean	head	3,4,9	global_pooled	lexeme_prefixed
14183	535	7.756889308389412	359	1	0.17570093457943925	0.2766355140186916	0.33920891207783965	0	-0.43947312790341186	-0.41959797798168247	-0.3917296323354743	6.6708576439954035	5.360624018560475	5.72358257070465e-17	0.9188538596528898	0.9979925549900681	0.3334978495381795	answerdotai_ModernBERT-base	__ALL__	cosine	head	3,4,10	global_pooled	lexeme_prefixed
14183	535	7.756889308389412	359	1	0.17570093457943925	0.2766355140186916	0.33920891207783965	0	-0.2524227503351497	-0.22730992686695767	-0.21097055418621416	6.6708576439954035	5.360624018560475	0.0	0.8946989152100302	2.1356556722686233	0.2236480293308891	answerdotai_ModernBERT-base	__ALL__	euclidean	head	3,4,10	global_pooled	lexeme_prefixed
14183	535	7.756889308389412	359	1	0.17570093457943925	0.2766355140186916	0.33920891207783965	0	-0.43533496762301943	-0.4145370400892463	-0.3872990583329758	6.540256309878315	5.29326469253902	5.702334665684096e-17	0.9207495261785034	0.9977817841368539	0.33956144680251005	answerdotai_ModernBERT-base	__ALL__	cosine	head	3,4,11	global_pooled	lexeme_prefixed
14183	535	7.756889308389412	359	1	0.17570093457943925	0.2766355140186916	0.33920891207783965	0	-0.24685949130217144	-0.2210395434213296	-0.20648229025329953	6.540256309878315	5.29326469253902	0.0	0.8933174049490252	2.147676131978124	0.22738489741239512	answerdotai_ModernBERT-base	__ALL__	euclidean	head	3,4,11	global_pooled	lexeme_prefixed
14183	535	7.756889308389412	359	1	0.17570093457943925	0.2766355140186916	0.33920891207783965	0	-0.45243263967314784	-0.43135034703158703	-0.4038733804510917	6.860502563257009	5.158058313107411	0.0	0.9192124170978646	0.9989205516230225	0.32496650920115633	answerdotai_ModernBERT-base	__ALL__	cosine	head	3,5,6	global_pooled	lexeme_prefixed
14183	535	7.756889308389412	359	1	0.17570093457943925	0.2766355140186916	0.33920891207783965	0	-0.25908678263760326	-0.23402065588126839	-0.21776430448237333	6.860502563257009	5.158058313107411	4.994363107944638e-09	0.8889249131375383	2.1496624952743217	0.22110977931326237	answerdotai_ModernBERT-base	__ALL__	euclidean	head	3,5,6	global_pooled	lexeme_prefixed
14183	535	7.756889308389412	359	1	0.17570093457943925	0.2766355140186916	0.33920891207783965	0	-0.4396690117642908	-0.42160320715625255	-0.38919488636149063	6.8318727740643785	5.10154513543221	0.0	0.919707050787236	0.9982420785411233	0.3387153634633011	answerdotai_ModernBERT-base	__ALL__	cosine	head	3,5,8	global_pooled	lexeme_prefixed
14183	535	7.756889308389412	359	1	0.17570093457943925	0.2766355140186916	0.33920891207783965	0	-0.2512154566825159	-0.22800526668030768	-0.20952226459401377	6.8318727740643785	5.10154513543221	7.1902011108705386e-09	0.8941902692206662	2.096386849203834	0.21758443206655856	answerdotai_ModernBERT-base	__ALL__	euclidean	head	3,5,8	global_pooled	lexeme_prefixed
14183	535	7.756889308389412	359	1	0.17570093457943925	0.2766355140186916	0.33920891207783965	0	-0.4543011547101249	-0.43529367151901777	-0.40587339150892976	6.836302660392438	5.331834374418201	0.0	0.9190373483893421	0.9985562087206129	0.33427342593245435	answerdotai_ModernBERT-base	__ALL__	cosine	head	3,5,7	global_pooled	lexeme_prefixed
14183	535	7.756889308389412	359	1	0.17570093457943925	0.2766355140186916	0.33920891207783965	0	-0.26194256533800825	-0.23416547932559453	-0.21851031071338461	6.836302660392438	5.331834374418201	7.472598064531317e-09	0.8869255744206944	2.1991240792120843	0.22089825847846012	answerdotai_ModernBERT-base	__ALL__	euclidean	head	3,5,7	global_pooled	lexeme_prefixed
14183	535	7.756889308389412	359	1	0.17570093457943925	0.2766355140186916	0.33920891207783965	0	-0.45377035045029757	-0.43276580717782487	-0.40684054874312575	6.829187871786695	5.092564252325862	0.0	0.9202251436470288	0.9979877152094864	0.33399139815271806	answerdotai_ModernBERT-base	__ALL__	cosine	head	3,5,9	global_pooled	lexeme_prefixed
14183	535	7.756889308389412	359	1	0.17570093457943925	0.2766355140186916	0.33920891207783965	0	-0.2606501161764236	-0.23612088060375402	-0.21978553259478223	6.829187871786695	5.092564252325862	8.555059344621999e-09	0.892098833765692	2.142142967685551	0.2210392723683283	answerdotai_ModernBERT-base	__ALL__	euclidean	head	3,5,9	global_pooled	lexeme_prefixed
14183	535	7.756889308389412	359	1	0.17570093457943925	0.2766355140186916	0.33920891207783965	0	-0.4471446641472237	-0.4288186906524236	-0.4005496695995966	6.734567920171916	5.348389145098199	0.0	0.9170652983067998	0.9981598785141831	0.34012550236198263	answerdotai_ModernBERT-base	__ALL__	cosine	head	3,5,10	global_pooled	lexeme_prefixed
14183	535	7.756889308389412	359	1	0.17570093457943925	0.2766355140186916	0.33920891207783965	0	-0.2573157932782793	-0.2319996232753581	-0.2147839247376569	6.734567920171916	5.348389145098199	5.029206463145543e-09	0.8901770790467675	2.1673083667175743	0.22139180709299866	answerdotai_ModernBERT-base	__ALL__	euclidean	head	3,5,10	global_pooled	lexeme_prefixed
14183	535	7.756889308389412	359	1	0.17570093457943925	0.2766355140186916	0.33920891207783965	0	-0.45753344557468567	-0.43613826493583174	-0.4070747216023301	6.740932482931461	5.387876847231511	0.0	0.9177834230499811	0.9980668328166962	0.3331453148135091	answerdotai_ModernBERT-base	__ALL__	cosine	head	3,5,11	global_pooled	lexeme_prefixed
14183	535	7.756889308389412	359	1	0.17570093457943925	0.2766355140186916	0.33920891207783965	0	-0.2599887810681408	-0.235673222816411	-0.21722672675065968	6.740932482931461	5.387876847231511	0.0	0.88529806691451	2.2202278235993496	0.22054572375378975	answerdotai_ModernBERT-base	__ALL__	euclidean	head	3,5,11	global_pooled	lexeme_prefixed
14183	535	7.756889308389412	359	1	0.17570093457943925	0.2766355140186916	0.33920891207783965	0	-0.44777439331222696	-0.4256385533052592	-0.3969170106458	6.795057962667054	5.161440591082969	0.0	0.9206852100863832	0.9974863297132921	0.32926743284213494	answerdotai_ModernBERT-base	__ALL__	cosine	head	3,6,7	global_pooled	lexeme_prefixed
14183	535	7.756889308389412	359	1	0.17570093457943925	0.2766355140186916	0.33920891207783965	0	-0.25647527361733935	-0.2309488055202108	-0.21281764252246219	6.795057962667054	5.161440591082969	5.080666417526031e-09	0.8937332596598648	2.148894333892574	0.2218853557075372	answerdotai_ModernBERT-base	__ALL__	euclidean	head	3,6,7	global_pooled	lexeme_prefixed
14183	535	7.756889308389412	359	1	0.17570093457943925	0.2766355140186916	0.33920891207783965	0	-0.4260477729842846	-0.4085098633894345	-0.38043433184779524	6.681111953690925	5.110489381311775	0.0	0.9213216430555712	0.9977163479208924	0.3340619050976521	answerdotai_ModernBERT-base	__ALL__	cosine	head	3,6,8	global_pooled	lexeme_prefixed
14183	535	7.756889308389412	359	1	0.17570093457943925	0.2766355140186916	0.33920891207783965	0	-0.24567401678162853	-0.2222136835945612	-0.20582240994778087	6.681111953690925	5.110489381311775	7.523972316775662e-09	0.8950844922459941	2.0413633451579987	0.22724388352252697	answerdotai_ModernBERT-base	__ALL__	euclidean	head	3,6,8	global_pooled	lexeme_prefixed
14183	535	7.756889308389412	359	1	0.17570093457943925	0.2766355140186916	0.33920891207783965	0	-0.4461839863968112	-0.4263289395197049	-0.3941064990134333	6.6108722029707705	5.133425109883128	5.658780249923238e-17	0.9201070250558138	0.9963629181342458	0.3416766551505323	answerdotai_ModernBERT-base	__ALL__	cosine	head	3,6,9	global_pooled	lexeme_prefixed
14183	535	7.756889308389412	359	1	0.17570093457943925	0.2766355140186916	0.33920891207783965	0	-0.25461488556172884	-0.22991649717621496	-0.21400288354192593	6.6108722029707705	5.133425109883128	7.626512052352313e-09	0.8968185123903464	2.0834172087524863	0.22428259183529578	answerdotai_ModernBERT-base	__ALL__	euclidean	head	3,6,9	global_pooled	lexeme_prefixed
14183	535	7.756889308389412	359	1	0.17570093457943925	0.2766355140186916	0.33920891207783965	0	-0.4332426791364488	-0.4118718147629793	-0.38316244845460173	6.707925555630338	5.063366192433419	0.0	0.9199469222104295	0.9971148222895239	0.3358950856659381	answerdotai_ModernBERT-base	__ALL__	cosine	head	3,6,10	global_pooled	lexeme_prefixed
14183	535	7.756889308389412	359	1	0.17570093457943925	0.2766355140186916	0.33920891207783965	0	-0.24971601419231046	-0.22651312615199862	-0.20641427114009303	6.707925555630338	5.063366192433419	0.0	0.8994860632806818	2.0731108464461085	0.22146231403793273	answerdotai_ModernBERT-base	__ALL__	euclidean	head	3,6,10	global_pooled	lexeme_prefixed
14183	535	7.756889308389412	359	1	0.17570093457943925	0.2766355140186916	0.33920891207783965	0	-0.4492410794005498	-0.42814109936993655	-0.399993693767575	6.639786947983495	5.282616295383903	0.0	0.9194106766573698	0.9977108009486424	0.32933793978706905	answerdotai_ModernBERT-base	__ALL__	cosine	head	3,6,11	global_pooled	lexeme_prefixed
14183	535	7.756889308389412	359	1	0.17570093457943925	0.2766355140186916	0.33920891207783965	0	-0.254881593077283	-0.22945525701931688	-0.21042143263854754	6.639786947983495	5.282616295383903	8.81208625047089e-09	0.890762560787044	2.130080685299152	0.2206867376436579	answerdotai_ModernBERT-base	__ALL__	euclidean	head	3,6,11	global_pooled	lexeme_prefixed
14183	535	7.756889308389412	359	1	0.17570093457943925	0.2766355140186916	0.33920891207783965	0	-0.44129122720652453	-0.42230559589252653	-0.3903200579652189	6.687677543933377	5.235223158535593	0.0	0.9205175586350286	0.9972265156766257	0.33356835648311356	answerdotai_ModernBERT-base	__ALL__	cosine	head	3,7,8	global_pooled	lexeme_prefixed
14183	535	7.756889308389412	359	1	0.17570093457943925	0.2766355140186916	0.33920891207783965	0	-0.2507677680946231	-0.22593750352095948	-0.20810666681912332	6.687677543933377	5.235223158535593	0.0	0.8919348540313801	2.1110055951920526	0.21913558485510823	answerdotai_ModernBERT-base	__ALL__	euclidean	head	3,7,8	global_pooled	lexeme_prefixed
14183	535	7.756889308389412	359	1	0.17570093457943925	0.2766355140186916	0.33920891207783965	0	-0.4474278681059085	-0.42262036720777435	-0.3948311451183963	6.592327046267108	5.512102924338561	5.704599987716131e-17	0.9187268140541703	0.9977012438771329	0.3373052245646196	answerdotai_ModernBERT-base	__ALL__	cosine	head	3,7,9	global_pooled	lexeme_prefixed
14183	535	7.756889308389412	359	1	0.17570093457943925	0.2766355140186916	0.33920891207783965	0	-0.25406381560790825	-0.2300839373232011	-0.2131718352223014	6.592327046267108	5.512102924338561	7.214469129600173e-09	0.8895933711012693	2.156613580030177	0.22414157794542763	answerdotai_ModernBERT-base	__ALL__	euclidean	head	3,7,9	global_pooled	lexeme_prefixed
14183	535	7.756889308389412	359	1	0.17570093457943925	0.2766355140186916	0.33920891207783965	0	-0.4517412425097892	-0.4298392375903546	-0.40200385953788	6.770936273396704	5.182665071267443	0.0	0.9188843716764223	0.9971362267065793	0.33462596065712474	answerdotai_ModernBERT-base	__ALL__	cosine	head	3,7,10	global_pooled	lexeme_prefixed
14183	535	7.756889308389412	359	1	0.17570093457943925	0.2766355140186916	0.33920891207783965	0	-0.25715196712262023	-0.23192365930396563	-0.21366765902823023	6.770936273396704	5.182665071267443	0.0	0.8950593150565501	2.137502240742028	0.22195586265247128	answerdotai_ModernBERT-base	__ALL__	euclidean	head	3,7,10	global_pooled	lexeme_prefixed
14183	535	7.756889308389412	359	1	0.17570093457943925	0.2766355140186916	0.33920891207783965	0	-0.4525344026887975	-0.4323535524732026	-0.4025482503148833	6.556520166875174	5.355712997634486	1.141505390001607e-16	0.9202485981167337	0.9973905584209312	0.33695268983994925	answerdotai_ModernBERT-base	__ALL__	cosine	head	3,7,11	global_pooled	lexeme_prefixed
14183	535	7.756889308389412	359	1	0.17570093457943925	0.2766355140186916	0.33920891207783965	0	-0.25665315353556495	-0.2317063961895203	-0.2142290888334192	6.556520166875174	5.355712997634486	8.716533902792618e-09	0.8919176541452504	2.1849004462789208	0.2195586265247127	answerdotai_ModernBERT-base	__ALL__	euclidean	head	3,7,11	global_pooled	lexeme_prefixed
14183	535	7.756889308389412	359	1	0.17570093457943925	0.2766355140186916	0.33920891207783965	0	-0.4349629753628645	-0.41820299064005234	-0.3854078854679958	6.722295977319588	5.16032205064374	0.0	0.920508491229707	0.9972558501902486	0.342311217654939	answerdotai_ModernBERT-base	__ALL__	cosine	head	3,8,9	global_pooled	lexeme_prefixed
14183	535	7.756889308389412	359	1	0.17570093457943925	0.2766355140186916	0.33920891207783965	0	-0.24804268016228573	-0.2263738646809065	-0.20817008817209667	6.722295977319588	5.16032205064374	8.298120703475778e-09	0.8962441622503078	2.085330372561895	0.22209687654233942	answerdotai_ModernBERT-base	__ALL__	euclidean	head	3,8,9	global_pooled	lexeme_prefixed
14183	535	7.756889308389412	359	1	0.17570093457943925	0.2766355140186916	0.33920891207783965	0	-0.4345937952540145	-0.41675656388986787	-0.38765454234817626	6.721553098833595	5.069920906095474	0.0	0.9197770107534787	0.9977432331897133	0.3373757315095537	answerdotai_ModernBERT-base	__ALL__	cosine	head	3,8,10	global_pooled	lexeme_prefixed
14183	535	7.756889308389412	359	1	0.17570093457943925	0.2766355140186916	0.33920891207783965	0	-0.2497183245340136	-0.2260945195089461	-0.20949923280625227	6.721553098833595	5.069920906095474	7.363532675457376e-09	0.8947968035915129	2.0863353055012546	0.2213213001480646	answerdotai_ModernBERT-base	__ALL__	euclidean	head	3,8,10	global_pooled	lexeme_prefixed
14183	535	7.756889308389412	359	1	0.17570093457943925	0.2766355140186916	0.33920891207783965	0	-0.43821575906431914	-0.41893611793616986	-0.39227929024991615	6.513474505813889	5.309942144887018	5.690281062140152e-17	0.9198190098754742	0.997680342085002	0.34365084960868647	answerdotai_ModernBERT-base	__ALL__	cosine	head	3,8,11	global_pooled	lexeme_prefixed
14183	535	7.756889308389412	359	1	0.17570093457943925	0.2766355140186916	0.33920891207783965	0	-0.24855293695521444	-0.22437235062079144	-0.20704707217253493	6.513474505813889	5.309942144887018	1.0518297439777416e-08	0.8923912611955113	2.125234438100567	0.22315448071635055	answerdotai_ModernBERT-base	__ALL__	euclidean	head	3,8,11	global_pooled	lexeme_prefixed
14183	535	7.756889308389412	359	1	0.17570093457943925	0.2766355140186916	0.33920891207783965	0	-0.4422524538879599	-0.4205445308213991	-0.3910008796407855	6.686869412077257	5.014196423590913	1.1422707555965919e-16	0.9203388305769288	0.9970254198670223	0.34252273848974124	answerdotai_ModernBERT-base	__ALL__	cosine	head	3,9,10	global_pooled	lexeme_prefixed
14183	535	7.756889308389412	359	1	0.17570093457943925	0.2766355140186916	0.33920891207783965	0	-0.25302270652666786	-0.22897566884195694	-0.21162843177359109	6.686869412077257	5.014196423590913	7.306231551830764e-09	0.8980574227813879	2.0743467091770755	0.22400056405555946	answerdotai_ModernBERT-base	__ALL__	euclidean	head	3,9,10	global_pooled	lexeme_prefixed
14183	535	7.756889308389412	359	1	0.17570093457943925	0.2766355140186916	0.33920891207783965	0	-0.4446152968980491	-0.4212591052858581	-0.39439323127705167	6.574073586000117	5.07705523679694	5.697015653009548e-17	0.9205087632690125	0.9970151358726201	0.3387153634633011	answerdotai_ModernBERT-base	__ALL__	cosine	head	3,9,11	global_pooled	lexeme_prefixed
14183	535	7.756889308389412	359	1	0.17570093457943925	0.2766355140186916	0.33920891207783965	0	-0.2530293803528263	-0.2306827777346345	-0.20944697153056704	6.574073586000117	5.07705523679694	9.277556220933797e-09	0.8992101386408998	2.099212027399658	0.22752591130226327	answerdotai_ModernBERT-base	__ALL__	euclidean	head	3,9,11	global_pooled	lexeme_prefixed
14183	535	7.756889308389412	359	1	0.17570093457943925	0.2766355140186916	0.33920891207783965	0	-0.4377680868591429	-0.41820790594153384	-0.39220041277672835	6.496361181894976	5.112200718615491	0.0	0.9207087360505675	0.9971619625124494	0.3397729676373123	answerdotai_ModernBERT-base	__ALL__	cosine	head	3,10,11	global_pooled	lexeme_prefixed
14183	535	7.756889308389412	359	1	0.17570093457943925	0.2766355140186916	0.33920891207783965	0	-0.25040350467465655	-0.22599105709418038	-0.20874555858317012	6.496361181894976	5.112200718615491	0.0	0.8972165061760937	2.0996605443353773	0.2248466473947684	answerdotai_ModernBERT-base	__ALL__	euclidean	head	3,10,11	global_pooled	lexeme_prefixed
14183	535	7.756889308389412	359	1	0.17570093457943925	0.2766355140186916	0.33920891207783965	0	-0.46596071701832104	-0.4436917504443502	-0.4138434164563403	6.7317686549628135	5.56095886735349	1.6982615474407192e-16	0.9151789281172091	0.9986380570748662	0.32954946062187124	answerdotai_ModernBERT-base	__ALL__	cosine	head	4,5,6	global_pooled	lexeme_prefixed
14183	535	7.756889308389412	359	1	0.17570093457943925	0.2766355140186916	0.33920891207783965	0	-0.26433645989860294	-0.23695605007392292	-0.2204218636763541	6.7317686549628135	5.56095886735349	8.441073612055836e-09	0.8832332073904071	2.2083292678073767	0.2185715292956356	answerdotai_ModernBERT-base	__ALL__	euclidean	head	4,5,6	global_pooled	lexeme_prefixed
14183	535	7.756889308389412	359	1	0.17570093457943925	0.2766355140186916	0.33920891207783965	0	-0.46125886634746954	-0.4405916488996212	-0.4097819965393077	6.71415259614413	5.538600163768458	0.0	0.9154902360790089	0.9987457666908359	0.33095959952055276	answerdotai_ModernBERT-base	__ALL__	cosine	head	4,5,7	global_pooled	lexeme_prefixed
14183	535	7.756889308389412	359	1	0.17570093457943925	0.2766355140186916	0.33920891207783965	0	-0.2667705113145088	-0.23891390972044008	-0.2184480298872402	6.71415259614413	5.538600163768458	7.142040954227881e-09	0.8815554126463216	2.229591193328605	0.21666784178241558	answerdotai_ModernBERT-base	__ALL__	euclidean	head	4,5,7	global_pooled	lexeme_prefixed
14183	535	7.756889308389412	359	1	0.17570093457943925	0.2766355140186916	0.33920891207783965	0	-0.4506362466325759	-0.4270848906412523	-0.399227749790694	6.773341485806515	5.259779186184234	0.0	0.9175272690822448	0.9977838939361551	0.33258125925403653	answerdotai_ModernBERT-base	__ALL__	cosine	head	4,5,8	global_pooled	lexeme_prefixed
14183	535	7.756889308389412	359	1	0.17570093457943925	0.2766355140186916	0.33920891207783965	0	-0.2553369560638436	-0.2291155585330158	-0.2114213123530539	6.773341485806515	5.259779186184234	4.995102386413287e-09	0.8872172705180018	2.119408239522383	0.21680885567228372	answerdotai_ModernBERT-base	__ALL__	euclidean	head	4,5,8	global_pooled	lexeme_prefixed
14183	535	7.756889308389412	359	1	0.17570093457943925	0.2766355140186916	0.33920891207783965	0	-0.4522191895541551	-0.4336200971930904	-0.40327070769541645	6.743303808366314	5.418166635495725	0.0	0.9167352498325052	0.9976522421323142	0.3324402453641684	answerdotai_ModernBERT-base	__ALL__	cosine	head	4,5,9	global_pooled	lexeme_prefixed
14183	535	7.756889308389412	359	1	0.17570093457943925	0.2766355140186916	0.33920891207783965	0	-0.2628342106934144	-0.2365269162865918	-0.21926269765062872	6.743303808366314	5.418166635495725	0.0	0.8790117139125372	2.1724818237506405	0.21709088345202002	answerdotai_ModernBERT-base	__ALL__	euclidean	head	4,5,9	global_pooled	lexeme_prefixed
14183	535	7.756889308389412	359	1	0.17570093457943925	0.2766355140186916	0.33920891207783965	0	-0.45756995840145653	-0.43913283402793407	-0.40927666020923237	6.652925200069119	5.725777298598774	0.0	0.9138406860326438	0.9982526337361505	0.33765775928929	answerdotai_ModernBERT-base	__ALL__	cosine	head	4,5,10	global_pooled	lexeme_prefixed
14183	535	7.756889308389412	359	1	0.17570093457943925	0.2766355140186916	0.33920891207783965	0	-0.26260618428284593	-0.23773107800590568	-0.22042076436154384	6.652925200069119	5.725777298598774	7.215405331471485e-09	0.8828627032432478	2.2163496428646705	0.21786645984629485	answerdotai_ModernBERT-base	__ALL__	euclidean	head	4,5,10	global_pooled	lexeme_prefixed
14183	535	7.756889308389412	359	1	0.17570093457943925	0.2766355140186916	0.33920891207783965	0	-0.45432045852660746	-0.4321888859347404	-0.40223304464067694	6.643957221095449	5.682992167517931	0.0	0.9147143968214151	0.997707316475525	0.33095959952055276	answerdotai_ModernBERT-base	__ALL__	cosine	head	4,5,11	global_pooled	lexeme_prefixed
14183	535	7.756889308389412	359	1	0.17570093457943925	0.2766355140186916	0.33920891207783965	0	-0.26012106200485485	-0.2332540977228751	-0.2153560182924885	6.643957221095449	5.682992167517931	0.0	0.8768187191406341	2.2211227075827895	0.21906507791017416	answerdotai_ModernBERT-base	__ALL__	euclidean	head	4,5,11	global_pooled	lexeme_prefixed
14183	535	7.756889308389412	359	1	0.17570093457943925	0.2766355140186916	0.33920891207783965	0	-0.45793418558241145	-0.43747201670791086	-0.4089603360868167	6.864994672481075	5.347524155187335	1.1358809811928718e-16	0.9183735624375957	0.9985295754600925	0.32729323838398083	answerdotai_ModernBERT-base	__ALL__	cosine	head	4,6,7	global_pooled	lexeme_prefixed
14183	535	7.756889308389412	359	1	0.17570093457943925	0.2766355140186916	0.33920891207783965	0	-0.2610487220823099	-0.2342313103960429	-0.21710592650862756	6.864994672481075	5.347524155187335	9.497337824219771e-09	0.8941427265768636	2.2007294166175453	0.22047521680885568	answerdotai_ModernBERT-base	__ALL__	euclidean	head	4,6,7	global_pooled	lexeme_prefixed
14183	535	7.756889308389412	359	1	0.17570093457943925	0.2766355140186916	0.33920891207783965	0	-0.4446086618703713	-0.42736131609344413	-0.3945400899991608	6.782788803130144	5.245059587236273	1.1403695929520224e-16	0.9195969816559915	0.9983954603671943	0.32933793978706905	answerdotai_ModernBERT-base	__ALL__	cosine	head	4,6,8	global_pooled	lexeme_prefixed
14183	535	7.756889308389412	359	1	0.17570093457943925	0.2766355140186916	0.33920891207783965	0	-0.25089570230022185	-0.2261001532887765	-0.20768303377115716	6.782788803130144	5.245059587236273	7.1241619520682925e-09	0.8952153584786066	2.088592303575315	0.2221673834872735	answerdotai_ModernBERT-base	__ALL__	euclidean	head	4,6,8	global_pooled	lexeme_prefixed
14183	535	7.756889308389412	359	1	0.17570093457943925	0.2766355140186916	0.33920891207783965	0	-0.4522038928675886	-0.4321368699504828	-0.39979741600460794	6.660525313347684	5.445191237707545	0.0	0.9177647898582476	0.9968995102531581	0.3347669745469929	answerdotai_ModernBERT-base	__ALL__	cosine	head	4,6,9	global_pooled	lexeme_prefixed
14183	535	7.756889308389412	359	1	0.17570093457943925	0.2766355140186916	0.33920891207783965	0	-0.2577899554976298	-0.2305404051196952	-0.21336003033921158	6.660525313347684	5.445191237707545	7.211464388702378e-09	0.8894125451226259	2.13753360931063	0.2162448001128111	answerdotai_ModernBERT-base	__ALL__	euclidean	head	4,6,9	global_pooled	lexeme_prefixed
14183	535	7.756889308389412	359	1	0.17570093457943925	0.2766355140186916	0.33920891207783965	0	-0.4500094703689751	-0.429663913750338	-0.4026632789459267	6.768966152609714	5.4317071443836875	1.7129757982089898e-16	0.916947059769798	0.9982954258201848	0.3275752661637171	answerdotai_ModernBERT-base	__ALL__	cosine	head	4,6,10	global_pooled	lexeme_prefixed
14183	535	7.756889308389412	359	1	0.17570093457943925	0.2766355140186916	0.33920891207783965	0	-0.25487630842828196	-0.23189984319779552	-0.2136553915599118	6.768966152609714	5.4317071443836875	5.01884376887633e-09	0.897383423297104	2.14706883917222	0.2174434181766904	answerdotai_ModernBERT-base	__ALL__	euclidean	head	4,6,10	global_pooled	lexeme_prefixed
14183	535	7.756889308389412	359	1	0.17570093457943925	0.2766355140186916	0.33920891207783965	0	-0.448646014448201	-0.42791852493197935	-0.39853090780008615	6.704281555883225	5.557631112286268	2.8410255461332016e-16	0.9167145257329089	0.9984074482748256	0.32961996756680534	answerdotai_ModernBERT-base	__ALL__	cosine	head	4,6,11	global_pooled	lexeme_prefixed
14183	535	7.756889308389412	359	1	0.17570093457943925	0.2766355140186916	0.33920891207783965	0	-0.2560416518931502	-0.23112387739235885	-0.21229234057971264	6.704281555883225	5.557631112286268	7.237494239402627e-09	0.8883768567515569	2.1556062503128897	0.21758443206655856	answerdotai_ModernBERT-base	__ALL__	euclidean	head	4,6,11	global_pooled	lexeme_prefixed
14183	535	7.756889308389412	359	1	0.17570093457943925	0.2766355140186916	0.33920891207783965	0	-0.4476776082636806	-0.42677369650892044	-0.39895747967701894	6.827742763015425	5.163817797784089	0.0	0.9196375346424616	0.9981975724993155	0.32806881477825567	answerdotai_ModernBERT-base	__ALL__	cosine	head	4,7,8	global_pooled	lexeme_prefixed
14183	535	7.756889308389412	359	1	0.17570093457943925	0.2766355140186916	0.33920891207783965	0	-0.25507744290695417	-0.2283880197349445	-0.2118284196177058	6.827742763015425	5.163817797784089	4.816402383821778e-09	0.8914087393960297	2.128651145124218	0.21913558485510823	answerdotai_ModernBERT-base	__ALL__	euclidean	head	4,7,8	global_pooled	lexeme_prefixed
14183	535	7.756889308389412	359	1	0.17570093457943925	0.2766355140186916	0.33920891207783965	0	-0.44834565976550955	-0.42823836568458884	-0.39677912623959527	6.641943825355652	5.618586099717432	1.1396032925307656e-16	0.917201246833842	0.9985552841238845	0.3340619050976521	answerdotai_ModernBERT-base	__ALL__	cosine	head	4,7,9	global_pooled	lexeme_prefixed
14183	535	7.756889308389412	359	1	0.17570093457943925	0.2766355140186916	0.33920891207783965	0	-0.2546740074366904	-0.22866739381215398	-0.2123253567804689	6.641943825355652	5.618586099717432	0.0	0.8822113118953048	2.1824646864499755	0.21878305013043786	answerdotai_ModernBERT-base	__ALL__	euclidean	head	4,7,9	global_pooled	lexeme_prefixed
14183	535	7.756889308389412	359	1	0.17570093457943925	0.2766355140186916	0.33920891207783965	0	-0.4583383355151496	-0.43984263610982816	-0.40820107082923884	6.83061738886414	5.343938200730077	5.691781355678882e-17	0.9170229517065043	0.99866947500161	0.3294789536769372	answerdotai_ModernBERT-base	__ALL__	cosine	head	4,7,10	global_pooled	lexeme_prefixed
14183	535	7.756889308389412	359	1	0.17570093457943925	0.2766355140186916	0.33920891207783965	0	-0.2598414733219115	-0.23506250970832973	-0.21684445252209741	6.83061738886414	5.343938200730077	0.0	0.8934582925973177	2.182869018910831	0.22110977931326237	answerdotai_ModernBERT-base	__ALL__	euclidean	head	4,7,10	global_pooled	lexeme_prefixed
14183	535	7.756889308389412	359	1	0.17570093457943925	0.2766355140186916	0.33920891207783965	0	-0.44932183767685285	-0.42967837512824414	-0.401992590844309	6.639425533561335	5.430776907611833	0.0	0.9180104764981301	0.9986159793277677	0.33660015511527885	answerdotai_ModernBERT-base	__ALL__	cosine	head	4,7,11	global_pooled	lexeme_prefixed
14183	535	7.756889308389412	359	1	0.17570093457943925	0.2766355140186916	0.33920891207783965	0	-0.2548893255227162	-0.23129964176943424	-0.21050998650881123	6.639425533561335	5.430776907611833	5.156906217428406e-09	0.8895114174066198	2.1846004034210127	0.2206867376436579	answerdotai_ModernBERT-base	__ALL__	euclidean	head	4,7,11	global_pooled	lexeme_prefixed
14183	535	7.756889308389412	359	1	0.17570093457943925	0.2766355140186916	0.33920891207783965	0	-0.4390423592257102	-0.4208170951169796	-0.39261927002442626	6.864280692139189	5.20186472973535	5.718488105944578e-17	0.919771174992613	0.9976057507157037	0.3327222731439047	answerdotai_ModernBERT-base	__ALL__	cosine	head	4,8,9	global_pooled	lexeme_prefixed
14183	535	7.756889308389412	359	1	0.17570093457943925	0.2766355140186916	0.33920891207783965	0	-0.2483881035253386	-0.22438940632151586	-0.20545492360139345	6.864280692139189	5.20186472973535	6.0094595221875345e-09	0.8876237131307687	2.1025455961356214	0.22075724458859197	answerdotai_ModernBERT-base	__ALL__	euclidean	head	4,8,9	global_pooled	lexeme_prefixed
14183	535	7.756889308389412	359	1	0.17570093457943925	0.2766355140186916	0.33920891207783965	0	-0.44988498522184833	-0.43318473252948475	-0.4047869924167472	6.880003666172435	5.173448812730076	1.7160328151776566e-16	0.9188928838916728	0.9985969939224121	0.3284918564478601	answerdotai_ModernBERT-base	__ALL__	cosine	head	4,8,10	global_pooled	lexeme_prefixed
14183	535	7.756889308389412	359	1	0.17570093457943925	0.2766355140186916	0.33920891207783965	0	-0.2533272771017604	-0.23048345344391077	-0.21203465145826997	6.880003666172435	5.173448812730076	8.369994438602936e-09	0.8926311644053818	2.1225828035336822	0.21850102235070154	answerdotai_ModernBERT-base	__ALL__	euclidean	head	4,8,10	global_pooled	lexeme_prefixed
14183	535	7.756889308389412	359	1	0.17570093457943925	0.2766355140186916	0.33920891207783965	0	-0.43434134339129166	-0.4164613557464046	-0.3823899081075687	6.670928866007877	5.320593999326082	5.687017242165236e-17	0.918754372251505	0.9981976628076866	0.3364591412254107	answerdotai_ModernBERT-base	__ALL__	cosine	head	4,8,11	global_pooled	lexeme_prefixed
14183	535	7.756889308389412	359	1	0.17570093457943925	0.2766355140186916	0.33920891207783965	0	-0.2471034375665737	-0.22329716567087216	-0.20671709492592172	6.670928866007877	5.320593999326082	8.405793934664423e-09	0.8890812330989257	2.1145884720498094	0.22456461961503207	answerdotai_ModernBERT-base	__ALL__	euclidean	head	4,8,11	global_pooled	lexeme_prefixed
14183	535	7.756889308389412	359	1	0.17570093457943925	0.2766355140186916	0.33920891207783965	0	-0.4475297237897687	-0.4277520612536337	-0.3992516088647041	6.80655861867549	5.299118255698409	0.0	0.9181304673325914	0.9978924247626684	0.3334978495381795	answerdotai_ModernBERT-base	__ALL__	cosine	head	4,9,10	global_pooled	lexeme_prefixed
14183	535	7.756889308389412	359	1	0.17570093457943925	0.2766355140186916	0.33920891207783965	0	-0.2539049877535101	-0.22933873668938676	-0.21422744560601512	6.80655861867549	5.299118255698409	6.912347017252146e-09	0.8889592199962365	2.12086849057793	0.2168793626172178	answerdotai_ModernBERT-base	__ALL__	euclidean	head	4,9,10	global_pooled	lexeme_prefixed
14183	535	7.756889308389412	359	1	0.17570093457943925	0.2766355140186916	0.33920891207783965	0	-0.43499839323958084	-0.4160091522391907	-0.3866720215986284	6.663427139524215	5.2675532815040444	0.0	0.9187365533576674	0.997463438634767	0.3397729676373123	answerdotai_ModernBERT-base	__ALL__	cosine	head	4,9,11	global_pooled	lexeme_prefixed
14183	535	7.756889308389412	359	1	0.17570093457943925	0.2766355140186916	0.33920891207783965	0	-0.2496004408310072	-0.22560602510596983	-0.208339019638004	6.663427139524215	5.2675532815040444	7.2168387346695326e-09	0.8892153152229121	2.0947637114875377	0.2224494112670098	answerdotai_ModernBERT-base	__ALL__	euclidean	head	4,9,11	global_pooled	lexeme_prefixed
14183	535	7.756889308389412	359	1	0.17570093457943925	0.2766355140186916	0.33920891207783965	0	-0.4358916083760417	-0.4193069685904572	-0.3899557261243077	6.639192933228921	5.367842269349356	0.0	0.9184091800565067	0.9982674063213692	0.33490798843686104	answerdotai_ModernBERT-base	__ALL__	cosine	head	4,10,11	global_pooled	lexeme_prefixed
14183	535	7.756889308389412	359	1	0.17570093457943925	0.2766355140186916	0.33920891207783965	0	-0.25150667712370417	-0.2269673626152917	-0.20804176564941623	6.639192933228921	5.367842269349356	1.016067565240536e-08	0.8928417104132415	2.1164579041526483	0.22195586265247128	answerdotai_ModernBERT-base	__ALL__	euclidean	head	4,10,11	global_pooled	lexeme_prefixed
14183	535	7.756889308389412	359	1	0.17570093457943925	0.2766355140186916	0.33920891207783965	0	-0.46031187672389556	-0.44137174111244676	-0.4152909232970478	6.875876292294351	5.0789621002878205	0.0	0.9189420871539048	0.9977330239924852	0.32665867587957415	answerdotai_ModernBERT-base	__ALL__	cosine	head	5,6,7	global_pooled	lexeme_prefixed
14183	535	7.756889308389412	359	1	0.17570093457943925	0.2766355140186916	0.33920891207783965	0	-0.26544608066377073	-0.2390743897850332	-0.22138759113712325	6.875876292294351	5.0789621002878205	0.0	0.8955306970754158	2.160951059601375	0.2168793626172178	answerdotai_ModernBERT-base	__ALL__	euclidean	head	5,6,7	global_pooled	lexeme_prefixed
14183	535	7.756889308389412	359	1	0.17570093457943925	0.2766355140186916	0.33920891207783965	0	-0.44437463560574547	-0.42307944434539296	-0.39343088272041454	6.708239482787931	4.976261386137974	1.136999499250897e-16	0.9196188067168971	0.9973548488576487	0.3337798773179158	answerdotai_ModernBERT-base	__ALL__	cosine	head	5,6,8	global_pooled	lexeme_prefixed
14183	535	7.756889308389412	359	1	0.17570093457943925	0.2766355140186916	0.33920891207783965	0	-0.2531887889942333	-0.2287333302048181	-0.2115716206997962	6.708239482787931	4.976261386137974	0.0	0.8986852209468057	2.0372896568528533	0.22033420291898753	answerdotai_ModernBERT-base	__ALL__	euclidean	head	5,6,8	global_pooled	lexeme_prefixed
14183	535	7.756889308389412	359	1	0.17570093457943925	0.2766355140186916	0.33920891207783965	0	-0.45192384645109845	-0.43569319741282436	-0.4038591540437441	6.6780694936456095	5.014152943775	1.1366661043428326e-16	0.9197886389048439	0.9963760898937766	0.3320172036945639	answerdotai_ModernBERT-base	__ALL__	cosine	head	5,6,9	global_pooled	lexeme_prefixed
14183	535	7.756889308389412	359	1	0.17570093457943925	0.2766355140186916	0.33920891207783965	0	-0.2600403297632205	-0.23495769607352376	-0.21761775688712492	6.6780694936456095	5.014152943775	5.004299740557384e-09	0.8933445295832004	2.09801540052823	0.22061623069872383	answerdotai_ModernBERT-base	__ALL__	euclidean	head	5,6,9	global_pooled	lexeme_prefixed
14183	535	7.756889308389412	359	1	0.17570093457943925	0.2766355140186916	0.33920891207783965	0	-0.44585897684242254	-0.4279555764162837	-0.3989175780110849	6.692041301607913	5.2643876647274706	1.703086166387395e-16	0.9167104731239534	0.9976358315818611	0.3330748078685751	answerdotai_ModernBERT-base	__ALL__	cosine	head	5,6,10	global_pooled	lexeme_prefixed
14183	535	7.756889308389412	359	1	0.17570093457943925	0.2766355140186916	0.33920891207783965	0	-0.2558234556562271	-0.23194770891937602	-0.21275063751693848	6.692041301607913	5.2643876647274706	4.98809671528467e-09	0.8977994507378759	2.1222145380490214	0.21941761263484452	answerdotai_ModernBERT-base	__ALL__	euclidean	head	5,6,10	global_pooled	lexeme_prefixed
14183	535	7.756889308389412	359	1	0.17570093457943925	0.2766355140186916	0.33920891207783965	0	-0.4610705964955388	-0.43809379810764715	-0.4126233575713994	6.727931608563777	5.48945659954818	0.0	0.9152308565263113	0.9978206839730599	0.32073609250511176	answerdotai_ModernBERT-base	__ALL__	cosine	head	5,6,11	global_pooled	lexeme_prefixed
14183	535	7.756889308389412	359	1	0.17570093457943925	0.2766355140186916	0.33920891207783965	0	-0.26231226327655655	-0.2380368404232323	-0.21941314815455376	6.727931608563777	5.48945659954818	6.488516359389766e-09	0.8848554175164309	2.1744211362256007	0.21356553620531624	answerdotai_ModernBERT-base	__ALL__	euclidean	head	5,6,11	global_pooled	lexeme_prefixed
14183	535	7.756889308389412	359	1	0.17570093457943925	0.2766355140186916	0.33920891207783965	0	-0.45199788697238086	-0.4324227468111642	-0.4002843345266794	6.7828411692727935	5.089928715727112	1.1424677096308665e-16	0.9190072099737907	0.9966063154371149	0.32954946062187124	answerdotai_ModernBERT-base	__ALL__	cosine	head	5,7,8	global_pooled	lexeme_prefixed
14183	535	7.756889308389412	359	1	0.17570093457943925	0.2766355140186916	0.33920891207783965	0	-0.258751351374676	-0.23465608494587728	-0.2142321962291238	6.7828411692727935	5.089928715727112	1.0225021122102612e-08	0.8964814409000392	2.1077559626440134	0.21497567510399773	answerdotai_ModernBERT-base	__ALL__	euclidean	head	5,7,8	global_pooled	lexeme_prefixed
14183	535	7.756889308389412	359	1	0.17570093457943925	0.2766355140186916	0.33920891207783965	0	-0.45516390410437063	-0.4362597902116683	-0.4021486936421574	6.711756094156491	5.368335042549583	0.0	0.9185917709728585	0.9975479276423906	0.32637664809983785	answerdotai_ModernBERT-base	__ALL__	cosine	head	5,7,9	global_pooled	lexeme_prefixed
14183	535	7.756889308389412	359	1	0.17570093457943925	0.2766355140186916	0.33920891207783965	0	-0.2621499975956112	-0.23656871898372914	-0.21921767377655657	6.711756094156491	5.368335042549583	8.769009816344381e-09	0.8880038181415127	2.1733266936858975	0.21483466121412959	answerdotai_ModernBERT-base	__ALL__	euclidean	head	5,7,9	global_pooled	lexeme_prefixed
14183	535	7.756889308389412	359	1	0.17570093457943925	0.2766355140186916	0.33920891207783965	0	-0.4605739443594129	-0.44006198715611544	-0.4102430099460937	6.814931360367952	5.356163760032486	5.670311345118905e-17	0.9156248292716369	0.9973655206285675	0.3314531481350913	answerdotai_ModernBERT-base	__ALL__	cosine	head	5,7,10	global_pooled	lexeme_prefixed
14183	535	7.756889308389412	359	1	0.17570093457943925	0.2766355140186916	0.33920891207783965	0	-0.2646361631008323	-0.23824373922367972	-0.2201116571623185	6.814931360367952	5.356163760032486	1.0503060325196303e-08	0.8952394626075264	2.1859646603278358	0.21793696679122893	answerdotai_ModernBERT-base	__ALL__	euclidean	head	5,7,10	global_pooled	lexeme_prefixed
14183	535	7.756889308389412	359	1	0.17570093457943925	0.2766355140186916	0.33920891207783965	0	-0.4609846532939743	-0.4393710527815063	-0.41205784093590175	6.682978415902282	5.54054011749356	0.0	0.9156662355227659	0.997470657353937	0.32602411337516746	answerdotai_ModernBERT-base	__ALL__	cosine	head	5,7,11	global_pooled	lexeme_prefixed
14183	535	7.756889308389412	359	1	0.17570093457943925	0.2766355140186916	0.33920891207783965	0	-0.263662631705096	-0.2393621925635724	-0.22067632507424473	6.682978415902282	5.54054011749356	1.0164063142320631e-08	0.888043315962111	2.2294029589854563	0.2139180709299866	answerdotai_ModernBERT-base	__ALL__	euclidean	head	5,7,11	global_pooled	lexeme_prefixed
14183	535	7.756889308389412	359	1	0.17570093457943925	0.2766355140186916	0.33920891207783965	0	-0.441774414299841	-0.42561781774831986	-0.3941305564688953	6.803508692344792	4.9795717886691	0.0	0.9204665081329313	0.9965087166052417	0.3318056828597617	answerdotai_ModernBERT-base	__ALL__	cosine	head	5,8,9	global_pooled	lexeme_prefixed
14183	535	7.756889308389412	359	1	0.17570093457943925	0.2766355140186916	0.33920891207783965	0	-0.2531035657258952	-0.22959985201281657	-0.2123662750163438	6.803508692344792	4.9795717886691	7.891738588880064e-09	0.8955866550373954	2.082667904091212	0.21673834872734965	answerdotai_ModernBERT-base	__ALL__	euclidean	head	5,8,9	global_pooled	lexeme_prefixed
14183	535	7.756889308389412	359	1	0.17570093457943925	0.2766355140186916	0.33920891207783965	0	-0.4522257257191496	-0.4351958695125892	-0.40650893896621426	6.761954264970792	5.212552408150605	2.27537887075514e-16	0.9167389359585179	0.9973021710745288	0.33758725234435594	answerdotai_ModernBERT-base	__ALL__	cosine	head	5,8,10	global_pooled	lexeme_prefixed
14183	535	7.756889308389412	359	1	0.17570093457943925	0.2766355140186916	0.33920891207783965	0	-0.2586744206203777	-0.23446713541008898	-0.21742992645046144	6.761954264970792	5.212552408150605	0.0	0.8968042580060175	2.1176444782781805	0.21145032785729395	answerdotai_ModernBERT-base	__ALL__	euclidean	head	5,8,10	global_pooled	lexeme_prefixed
14183	535	7.756889308389412	359	1	0.17570093457943925	0.2766355140186916	0.33920891207783965	0	-0.45130895154512257	-0.4310987276637162	-0.4012972129280066	6.636414319594101	5.466509668220587	1.1391114409778957e-16	0.9154804554337309	0.9970320164224822	0.3341324120425862	answerdotai_ModernBERT-base	__ALL__	cosine	head	5,8,11	global_pooled	lexeme_prefixed
14183	535	7.756889308389412	359	1	0.17570093457943925	0.2766355140186916	0.33920891207783965	0	-0.2557104231546646	-0.2327488647256122	-0.212347553969972	6.636414319594101	5.466509668220587	4.800448901414542e-09	0.8894203763712588	2.1527044387986445	0.21793696679122893	answerdotai_ModernBERT-base	__ALL__	euclidean	head	5,8,11	global_pooled	lexeme_prefixed
14183	535	7.756889308389412	359	1	0.17570093457943925	0.2766355140186916	0.33920891207783965	0	-0.45077851562202853	-0.4316583296420063	-0.40487898199213435	6.733085231369083	5.1679991254827025	0.0	0.9182060760646563	0.9970221159294506	0.3385038426284989	answerdotai_ModernBERT-base	__ALL__	cosine	head	5,9,10	global_pooled	lexeme_prefixed
14183	535	7.756889308389412	359	1	0.17570093457943925	0.2766355140186916	0.33920891207783965	0	-0.25903356394339405	-0.2343277302946702	-0.2164420889320887	6.733085231369083	5.1679991254827025	6.603604266143381e-09	0.893252273448254	2.125517207412335	0.21899457096524008	answerdotai_ModernBERT-base	__ALL__	euclidean	head	5,9,10	global_pooled	lexeme_prefixed
14183	535	7.756889308389412	359	1	0.17570093457943925	0.2766355140186916	0.33920891207783965	0	-0.45088710541226845	-0.4324398882691815	-0.40114136600749506	6.715895656876559	5.247394285480699	0.0	0.9172737398151588	0.9967236360983929	0.33462596065712474	answerdotai_ModernBERT-base	__ALL__	cosine	head	5,9,11	global_pooled	lexeme_prefixed
14183	535	7.756889308389412	359	1	0.17570093457943925	0.2766355140186916	0.33920891207783965	0	-0.25956713999480036	-0.23483692219964952	-0.21802248603357524	6.715895656876559	5.247394285480699	0.0	0.8898733760547599	2.1447645040522363	0.22075724458859197	answerdotai_ModernBERT-base	__ALL__	euclidean	head	5,9,11	global_pooled	lexeme_prefixed
14183	535	7.756889308389412	359	1	0.17570093457943925	0.2766355140186916	0.33920891207783965	0	-0.45164260351040547	-0.4298594060435378	-0.4029112125388081	6.595802343443065	5.598475398154832	0.0	0.915159204399787	0.9973020152979951	0.33723471761968554	answerdotai_ModernBERT-base	__ALL__	cosine	head	5,10,11	global_pooled	lexeme_prefixed
14183	535	7.756889308389412	359	1	0.17570093457943925	0.2766355140186916	0.33920891207783965	0	-0.25936494042688035	-0.2355429962487829	-0.21777555459714107	6.595802343443065	5.598475398154832	0.0	0.8897866763711851	2.176808822652123	0.21589226538814074	answerdotai_ModernBERT-base	__ALL__	euclidean	head	5,10,11	global_pooled	lexeme_prefixed
14183	535	7.756889308389412	359	1	0.17570093457943925	0.2766355140186916	0.33920891207783965	0	-0.4435988341860513	-0.42666516839862695	-0.39575454598500415	6.732403705167133	4.9864973218974695	0.0	0.9208393742003756	0.9963831429166472	0.3294084467320031	answerdotai_ModernBERT-base	__ALL__	cosine	head	6,7,8	global_pooled	lexeme_prefixed
14183	535	7.756889308389412	359	1	0.17570093457943925	0.2766355140186916	0.33920891207783965	0	-0.25277493887527464	-0.22918346758859104	-0.21173297804007227	6.732403705167133	4.9864973218974695	4.8801639974330235e-09	0.8989662702176769	2.0650666323884628	0.22470563350490022	answerdotai_ModernBERT-base	__ALL__	euclidean	head	6,7,8	global_pooled	lexeme_prefixed
14183	535	7.756889308389412	359	1	0.17570093457943925	0.2766355140186916	0.33920891207783965	0	-0.44871873984820165	-0.4303535817288734	-0.3975867429656056	6.549632934424816	5.310247543740231	0.0	0.9190459958121922	0.9962467620637784	0.3247549883663541	answerdotai_ModernBERT-base	__ALL__	cosine	head	6,7,9	global_pooled	lexeme_prefixed
14183	535	7.756889308389412	359	1	0.17570093457943925	0.2766355140186916	0.33920891207783965	0	-0.2571873552699646	-0.23130858774278346	-0.21413576335665455	6.549632934424816	5.310247543740231	8.783920271927924e-09	0.8928227795579137	2.1259184766388786	0.22026369597405343	answerdotai_ModernBERT-base	__ALL__	euclidean	head	6,7,9	global_pooled	lexeme_prefixed
14183	535	7.756889308389412	359	1	0.17570093457943925	0.2766355140186916	0.33920891207783965	0	-0.4503517071210546	-0.4300183204213677	-0.4016153669625644	6.904463463462313	4.975287575074397	2.835662301847412e-16	0.919210258180688	0.9966941810776785	0.327434252273849	answerdotai_ModernBERT-base	__ALL__	cosine	head	6,7,10	global_pooled	lexeme_prefixed
14183	535	7.756889308389412	359	1	0.17570093457943925	0.2766355140186916	0.33920891207783965	0	-0.25606833525680184	-0.23057721252153054	-0.2112844591559637	6.904463463462313	4.975287575074397	6.928677447946831e-09	0.9049735420786816	2.102259397324443	0.2212507932031305	answerdotai_ModernBERT-base	__ALL__	euclidean	head	6,7,10	global_pooled	lexeme_prefixed
14183	535	7.756889308389412	359	1	0.17570093457943925	0.2766355140186916	0.33920891207783965	0	-0.4523270634316401	-0.43246518943415796	-0.4027331669392387	6.677881965142363	5.332349630168577	0.0	0.9175515356758069	0.9974019464058441	0.3268701967143764	answerdotai_ModernBERT-base	__ALL__	cosine	head	6,7,11	global_pooled	lexeme_prefixed
14183	535	7.756889308389412	359	1	0.17570093457943925	0.2766355140186916	0.33920891207783965	0	-0.2598273395657426	-0.23630638048787167	-0.21640725599250288	6.677881965142363	5.332349630168577	6.979857951892564e-09	0.8943066623886662	2.150544290426615	0.21730240428682226	answerdotai_ModernBERT-base	__ALL__	euclidean	head	6,7,11	global_pooled	lexeme_prefixed
14183	535	7.756889308389412	359	1	0.17570093457943925	0.2766355140186916	0.33920891207783965	0	-0.4347496481129406	-0.41635824904532126	-0.38762868183683974	6.57938212974337	5.1007097839604425	0.0	0.9205199287799978	0.9956197352354529	0.3370937037298174	answerdotai_ModernBERT-base	__ALL__	cosine	head	6,8,9	global_pooled	lexeme_prefixed
14183	535	7.756889308389412	359	1	0.17570093457943925	0.2766355140186916	0.33920891207783965	0	-0.2496268000230791	-0.225899765053523	-0.20888529625847868	6.57938212974337	5.1007097839604425	4.78084270734422e-09	0.894621097197915	2.032798060067912	0.22223789043220757	answerdotai_ModernBERT-base	__ALL__	euclidean	head	6,8,9	global_pooled	lexeme_prefixed
14183	535	7.756889308389412	359	1	0.17570093457943925	0.2766355140186916	0.33920891207783965	0	-0.4335092001090862	-0.41660114416338934	-0.3881066453840146	6.691105395310522	4.997936787390593	0.0	0.9199136824295557	0.9971614943609413	0.33335683564831137	answerdotai_ModernBERT-base	__ALL__	cosine	head	6,8,10	global_pooled	lexeme_prefixed
14183	535	7.756889308389412	359	1	0.17570093457943925	0.2766355140186916	0.33920891207783965	0	-0.2485875677938267	-0.22603641121707319	-0.20856998515062192	6.691105395310522	4.997936787390593	4.762971963405671e-09	0.9005665529823562	2.0309454705534637	0.22371853627582317	answerdotai_ModernBERT-base	__ALL__	euclidean	head	6,8,10	global_pooled	lexeme_prefixed
14183	535	7.756889308389412	359	1	0.17570093457943925	0.2766355140186916	0.33920891207783965	0	-0.4369215195257957	-0.41962149780859326	-0.388583078673919	6.542907770642425	5.445570255747805	0.0	0.9171459613854611	0.9976430413678136	0.33095959952055276	answerdotai_ModernBERT-base	__ALL__	cosine	head	6,8,11	global_pooled	lexeme_prefixed
14183	535	7.756889308389412	359	1	0.17570093457943925	0.2766355140186916	0.33920891207783965	0	-0.249718468626062	-0.22589918307383475	-0.20812414407542362	6.542907770642425	5.445570255747805	1.0178368111642172e-08	0.889673082786741	2.0710040464968302	0.21941761263484452	answerdotai_ModernBERT-base	__ALL__	euclidean	head	6,8,11	global_pooled	lexeme_prefixed
14183	535	7.756889308389412	359	1	0.17570093457943925	0.2766355140186916	0.33920891207783965	0	-0.44170571419581584	-0.42080459850063945	-0.3906688168344207	6.608386014674358	4.983276181705341	0.0	0.9200293616346831	0.9955563743613727	0.33568356483113587	answerdotai_ModernBERT-base	__ALL__	cosine	head	6,9,10	global_pooled	lexeme_prefixed
14183	535	7.756889308389412	359	1	0.17570093457943925	0.2766355140186916	0.33920891207783965	0	-0.24948511986719912	-0.22309248355077332	-0.20741130474988434	6.608386014674358	4.983276181705341	0.0	0.9007923293245732	2.0337248960953938	0.22075724458859197	answerdotai_ModernBERT-base	__ALL__	euclidean	head	6,9,10	global_pooled	lexeme_prefixed
14183	535	7.756889308389412	359	1	0.17570093457943925	0.2766355140186916	0.33920891207783965	0	-0.44263686857089857	-0.42358553589409487	-0.39276064012407413	6.54631461900645	5.246909491430942	0.0	0.9178325349175664	0.9960720538327683	0.3344849467672566	answerdotai_ModernBERT-base	__ALL__	cosine	head	6,9,11	global_pooled	lexeme_prefixed
14183	535	7.756889308389412	359	1	0.17570093457943925	0.2766355140186916	0.33920891207783965	0	-0.25313932517172466	-0.22837365490934347	-0.20843168646736274	6.54631461900645	5.246909491430942	0.0	0.8933830030791337	2.055623599211312	0.22428259183529578	answerdotai_ModernBERT-base	__ALL__	euclidean	head	6,9,11	global_pooled	lexeme_prefixed
14183	535	7.756889308389412	359	1	0.17570093457943925	0.2766355140186916	0.33920891207783965	0	-0.43586172594076217	-0.4165637046147508	-0.3862287260559775	6.590955207403218	5.2734062941082245	0.0	0.917929528762362	0.9974859420729948	0.32665867587957415	answerdotai_ModernBERT-base	__ALL__	cosine	head	6,10,11	global_pooled	lexeme_prefixed
14183	535	7.756889308389412	359	1	0.17570093457943925	0.2766355140186916	0.33920891207783965	0	-0.2501366899576247	-0.2273167807195435	-0.20611687945870533	6.590955207403218	5.2734062941082245	0.0	0.8983955436993167	2.0542844995383813	0.21843051540576747	answerdotai_ModernBERT-base	__ALL__	euclidean	head	6,10,11	global_pooled	lexeme_prefixed
14183	535	7.756889308389412	359	1	0.17570093457943925	0.2766355140186916	0.33920891207783965	0	-0.441782162089629	-0.424189435162619	-0.39437003628058	6.66434248050975	5.408912693320183	0.0	0.9189048965833798	0.9966196271424018	0.3328632870337728	answerdotai_ModernBERT-base	__ALL__	cosine	head	7,8,9	global_pooled	lexeme_prefixed
14183	535	7.756889308389412	359	1	0.17570093457943925	0.2766355140186916	0.33920891207783965	0	-0.25004533992177946	-0.22688397376455513	-0.20857758430656734	6.66434248050975	5.408912693320183	4.682285200620869e-09	0.887416125749138	2.1266894167818187	0.21941761263484452	answerdotai_ModernBERT-base	__ALL__	euclidean	head	7,8,9	global_pooled	lexeme_prefixed
14183	535	7.756889308389412	359	1	0.17570093457943925	0.2766355140186916	0.33920891207783965	0	-0.45633511731292686	-0.4383302773154992	-0.4062606254722085	6.8522251427135075	5.049614312642836	0.0	0.9184898303737118	0.996586446317303	0.32799830783332157	answerdotai_ModernBERT-base	__ALL__	cosine	head	7,8,10	global_pooled	lexeme_prefixed
14183	535	7.756889308389412	359	1	0.17570093457943925	0.2766355140186916	0.33920891207783965	0	-0.2586190731902316	-0.23537030135973358	-0.21669973386687305	6.8522251427135075	5.049614312642836	0.0	0.8963431315439911	2.1148974695981733	0.21702037650708594	answerdotai_ModernBERT-base	__ALL__	euclidean	head	7,8,10	global_pooled	lexeme_prefixed
14183	535	7.756889308389412	359	1	0.17570093457943925	0.2766355140186916	0.33920891207783965	0	-0.448788745922848	-0.4317430658418133	-0.4030943118711781	6.581132858497397	5.429762966606883	0.0	0.917619051980264	0.9969172468735674	0.3354015370513996	answerdotai_ModernBERT-base	__ALL__	cosine	head	7,8,11	global_pooled	lexeme_prefixed
14183	535	7.756889308389412	359	1	0.17570093457943925	0.2766355140186916	0.33920891207783965	0	-0.25327554482283343	-0.23202759704117315	-0.21359406367685688	6.581132858497397	5.429762966606883	0.0	0.8914647259271101	2.1433663438495625	0.21709088345202002	answerdotai_ModernBERT-base	__ALL__	euclidean	head	7,8,11	global_pooled	lexeme_prefixed
14183	535	7.756889308389412	359	1	0.17570093457943925	0.2766355140186916	0.33920891207783965	0	-0.45124532004948537	-0.43031934921116655	-0.4002710802124123	6.725962040611941	5.289258659423548	2.2767005048470094e-16	0.918132036200926	0.9970381068660624	0.33335683564831137	answerdotai_ModernBERT-base	__ALL__	cosine	head	7,9,10	global_pooled	lexeme_prefixed
14183	535	7.756889308389412	359	1	0.17570093457943925	0.2766355140186916	0.33920891207783965	0	-0.25421971117479797	-0.23056908752412095	-0.21162833933576475	6.725962040611941	5.289258659423548	5.2092685012703295e-09	0.8929488434859627	2.123051034714868	0.22054572375378975	answerdotai_ModernBERT-base	__ALL__	euclidean	head	7,9,10	global_pooled	lexeme_prefixed
14183	535	7.756889308389412	359	1	0.17570093457943925	0.2766355140186916	0.33920891207783965	0	-0.44378654609742757	-0.42488709727802154	-0.39282135139100244	6.53532570508467	5.50521455661398	5.683275920205371e-17	0.9174700179967906	0.9972942645592687	0.3332158217584432	answerdotai_ModernBERT-base	__ALL__	cosine	head	7,9,11	global_pooled	lexeme_prefixed
14183	535	7.756889308389412	359	1	0.17570093457943925	0.2766355140186916	0.33920891207783965	0	-0.25069629607129107	-0.2270645962841162	-0.2102694572694668	6.53532570508467	5.50521455661398	8.881788055896197e-09	0.8906753795799768	2.13745142687856	0.22146231403793273	answerdotai_ModernBERT-base	__ALL__	euclidean	head	7,9,11	global_pooled	lexeme_prefixed
14183	535	7.756889308389412	359	1	0.17570093457943925	0.2766355140186916	0.33920891207783965	0	-0.4500475309170336	-0.43393659980293103	-0.39976009559751957	6.649307162748009	5.265752473689237	0.0	0.9178509490690263	0.9971307522787385	0.3331453148135091	answerdotai_ModernBERT-base	__ALL__	cosine	head	7,10,11	global_pooled	lexeme_prefixed
14183	535	7.756889308389412	359	1	0.17570093457943925	0.2766355140186916	0.33920891207783965	0	-0.2559169255558301	-0.2339165133632951	-0.21516584976577405	6.649307162748009	5.265752473689237	0.0	0.89936030568516	2.1257347385327963	0.2180779806810971	answerdotai_ModernBERT-base	__ALL__	euclidean	head	7,10,11	global_pooled	lexeme_prefixed
14183	535	7.756889308389412	359	1	0.17570093457943925	0.2766355140186916	0.33920891207783965	0	-0.44278676144465184	-0.4259701146246375	-0.40183693778701646	6.795920289635473	5.0189232846825735	5.714828180240059e-17	0.920033915191367	0.9968623212541983	0.33864485651836707	answerdotai_ModernBERT-base	__ALL__	cosine	head	8,9,10	global_pooled	lexeme_prefixed
14183	535	7.756889308389412	359	1	0.17570093457943925	0.2766355140186916	0.33920891207783965	0	-0.2518010026234962	-0.22915217657334425	-0.2111065284916364	6.795920289635473	5.0189232846825735	6.251369410902337e-09	0.8928537626183274	2.086901205949321	0.21843051540576747	answerdotai_ModernBERT-base	__ALL__	euclidean	head	8,9,10	global_pooled	lexeme_prefixed
14183	535	7.756889308389412	359	1	0.17570093457943925	0.2766355140186916	0.33920891207783965	0	-0.43632314197866845	-0.41689134482573975	-0.3873842788825823	6.628362340460496	5.296455573850631	0.0	0.9180793084191057	0.9967508372341422	0.3406895579214553	answerdotai_ModernBERT-base	__ALL__	cosine	head	8,9,11	global_pooled	lexeme_prefixed
14183	535	7.756889308389412	359	1	0.17570093457943925	0.2766355140186916	0.33920891207783965	0	-0.24888095033887458	-0.22551677476848905	-0.2084788322097786	6.628362340460496	5.296455573850631	9.647642638478679e-09	0.8914506056133471	2.0903014438857617	0.21899457096524008	answerdotai_ModernBERT-base	__ALL__	euclidean	head	8,9,11	global_pooled	lexeme_prefixed
14183	535	7.756889308389412	359	1	0.17570093457943925	0.2766355140186916	0.33920891207783965	0	-0.4394120289259687	-0.42356306607746924	-0.3935675601263897	6.597462398897658	5.299500610224047	0.0	0.9177631270577423	0.9976164108929025	0.33652964817034475	answerdotai_ModernBERT-base	__ALL__	cosine	head	8,10,11	global_pooled	lexeme_prefixed
14183	535	7.756889308389412	359	1	0.17570093457943925	0.2766355140186916	0.33920891207783965	0	-0.25289303470551944	-0.22881014152965523	-0.21100218269512622	6.597462398897658	5.299500610224047	0.0	0.8928660535646837	2.100409832621689	0.2209687654233942	answerdotai_ModernBERT-base	__ALL__	euclidean	head	8,10,11	global_pooled	lexeme_prefixed
14183	535	7.756889308389412	359	1	0.17570093457943925	0.2766355140186916	0.33920891207783965	0	-0.43248467622315423	-0.41400450147843276	-0.3832980597795012	6.615745187572375	5.028165606009686	0.0	0.9200468310227512	0.9967880054590906	0.3384333356835648	answerdotai_ModernBERT-base	__ALL__	cosine	head	9,10,11	global_pooled	lexeme_prefixed
14183	535	7.756889308389412	359	1	0.17570093457943925	0.2766355140186916	0.33920891207783965	0	-0.24808634114498643	-0.22477399548056737	-0.20692146466909012	6.615745187572375	5.028165606009686	8.547429194012569e-09	0.8988563250537493	2.032241234565625	0.22646830712825214	answerdotai_ModernBERT-base	__ALL__	euclidean	head	9,10,11	global_pooled	lexeme_prefixed
14183	535	7.756889308389412	359	1	0.17570093457943925	0.2766355140186916	0.43721356553620533	0	-0.33514572835875406	-0.31586998293356644	-0.2956242358675216	6.305329034371886	6.09756673586248	0.0	0.9328716502767926	0.9897350330339051	0.33723471761968554	bert_base_uncased	__ALL__	cosine	head	0	global_pooled	lexeme_prefixed
14183	535	7.756889308389412	359	1	0.17570093457943925	0.2766355140186916	0.43721356553620533	0	-0.25650588250566847	-0.22872428456724203	-0.21360806960985793	6.305329034371886	6.09756673586248	0.0	0.8843349615420916	1.6271393140415689	0.24797292533314533	bert_base_uncased	__ALL__	euclidean	head	0	global_pooled	lexeme_prefixed
14183	535	7.756889308389412	359	1	0.17570093457943925	0.2766355140186916	0.43721356553620533	0	-0.32896138709913697	-0.3124946150103113	-0.2923309998467837	6.475699559100892	5.527055974230302	1.7240155559836398e-16	0.9372946870537263	0.9882100502901121	0.33187618980469574	bert_base_uncased	__ALL__	cosine	head	1	global_pooled	lexeme_prefixed
14183	535	7.756889308389412	359	1	0.17570093457943925	0.2766355140186916	0.43721356553620533	0	-0.2583713639499776	-0.2308812462834769	-0.21613968401520087	6.475699559100892	5.527055974230302	6.803240934477885e-09	0.8984473723167442	1.5739015188177392	0.24515264753578228	bert_base_uncased	__ALL__	euclidean	head	1	global_pooled	lexeme_prefixed
14183	535	7.756889308389412	359	1	0.17570093457943925	0.2766355140186916	0.43721356553620533	0	-0.3404820988681048	-0.31940413140868035	-0.2999121639259394	6.247752483471294	5.492325094720262	0.0	0.9397046321565097	0.989790455770269	0.3300430092364098	bert_base_uncased	__ALL__	cosine	head	2	global_pooled	lexeme_prefixed
14183	535	7.756889308389412	359	1	0.17570093457943925	0.2766355140186916	0.43721356553620533	0	-0.26508780114872627	-0.23722594982701847	-0.2181033587530258	6.247752483471294	5.492325094720262	0.0	0.89037556697209	1.621711889407237	0.25403652259747583	bert_base_uncased	__ALL__	euclidean	head	2	global_pooled	lexeme_prefixed
14183	535	7.756889308389412	359	1	0.17570093457943925	0.2766355140186916	0.43721356553620533	0	-0.3411025931957939	-0.32028994247339476	-0.30095916980177756	6.5411445947250275	5.540941175006222	0.0	0.9358111212793245	0.9923779078229307	0.332087710639498	bert_base_uncased	__ALL__	cosine	head	3	global_pooled	lexeme_prefixed
14183	535	7.756889308389412	359	1	0.17570093457943925	0.2766355140186916	0.43721356553620533	0	-0.26206372166731046	-0.23443359958949123	-0.2165440550183261	6.5411445947250275	5.540941175006222	0.0	0.8985106097849987	1.5835532707064683	0.2433194669674963	bert_base_uncased	__ALL__	euclidean	head	3	global_pooled	lexeme_prefixed
14183	535	7.756889308389412	359	1	0.17570093457943925	0.2766355140186916	0.43721356553620533	0	-0.3664876376821534	-0.3472911278409629	-0.32491975613355706	6.477377142984161	6.594382939446649	0.0	0.9313959114113395	0.9830100379108656	0.3220757244588592	bert_base_uncased	__ALL__	cosine	head	4	global_pooled	lexeme_prefixed
14183	535	7.756889308389412	359	1	0.17570093457943925	0.2766355140186916	0.43721356553620533	0	-0.27141102326444205	-0.24354375901289677	-0.22764588673110533	6.477377142984161	6.594382939446649	0.0	0.8815628751371477	1.689947768156178	0.22935909187054926	bert_base_uncased	__ALL__	euclidean	head	4	global_pooled	lexeme_prefixed
14183	535	7.756889308389412	359	1	0.17570093457943925	0.2766355140186916	0.43721356553620533	0	-0.3364399969557236	-0.3148235775908552	-0.29207387731879597	6.4664086908613765	6.073374998698963	0.0	0.932117728825402	0.9913818229314375	0.3373757315095537	bert_base_uncased	__ALL__	cosine	head	5	global_pooled	lexeme_prefixed
14183	535	7.756889308389412	359	1	0.17570093457943925	0.2766355140186916	0.43721356553620533	0	-0.2563957731211362	-0.22873041097228652	-0.21284755697116345	6.4664086908613765	6.073374998698963	0.0	0.8939034573644586	1.5997072035771371	0.25311993231333285	bert_base_uncased	__ALL__	euclidean	head	5	global_pooled	lexeme_prefixed
14183	535	7.756889308389412	359	1	0.17570093457943925	0.2766355140186916	0.43721356553620533	0	-0.3255454573953658	-0.3071465523790862	-0.28658959242887455	6.286832500536414	5.540881816106091	0.0	0.9370757612494484	0.9894058676424304	0.32863287033772826	bert_base_uncased	__ALL__	cosine	head	6	global_pooled	lexeme_prefixed
14183	535	7.756889308389412	359	1	0.17570093457943925	0.2766355140186916	0.43721356553620533	0	-0.2622274348961368	-0.23363268386141298	-0.21842497300185865	6.286832500536414	5.540881816106091	0.0	0.8962260505291956	1.5860628144876454	0.25749136289924557	bert_base_uncased	__ALL__	euclidean	head	6	global_pooled	lexeme_prefixed
14183	535	7.756889308389412	359	1	0.17570093457943925	0.2766355140186916	0.43721356553620533	0	-0.3365896239411945	-0.31628135545855435	-0.294512326161767	6.364195951792326	5.609919974599757	0.0	0.9364235798395386	0.9923383395960664	0.3340619050976521	bert_base_uncased	__ALL__	cosine	head	7	global_pooled	lexeme_prefixed
14183	535	7.756889308389412	359	1	0.17570093457943925	0.2766355140186916	0.43721356553620533	0	-0.2596937562060826	-0.2308154041767731	-0.2171747823490052	6.364195951792326	5.609919974599757	6.7212158337491505e-09	0.8931639222848782	1.626264198852145	0.24931255728689275	bert_base_uncased	__ALL__	euclidean	head	7	global_pooled	lexeme_prefixed
14183	535	7.756889308389412	359	1	0.17570093457943925	0.2766355140186916	0.43721356553620533	0	-0.32606829561832723	-0.3067294635963675	-0.2855020863033368	6.316447594920498	5.399482715116729	5.717870167576687e-17	0.9390337592176418	0.9893906304562095	0.340407530141719	bert_base_uncased	__ALL__	cosine	head	8	global_pooled	lexeme_prefixed
14183	535	7.756889308389412	359	1	0.17570093457943925	0.2766355140186916	0.43721356553620533	0	-0.25548636469971847	-0.22765314682028534	-0.21253830817537273	6.316447594920498	5.399482715116729	7.397699279298902e-09	0.8988865307467911	1.5834658024142734	0.2603116406966086	bert_base_uncased	__ALL__	euclidean	head	8	global_pooled	lexeme_prefixed
14183	535	7.756889308389412	359	1	0.17570093457943925	0.2766355140186916	0.43721356553620533	0	-0.3316397612686385	-0.3128142639199895	-0.29330228342828135	6.2821887499470845	5.480668042621117	0.0	0.9367726218439246	0.989595982896346	0.34449693294789535	bert_base_uncased	__ALL__	cosine	head	9	global_pooled	lexeme_prefixed
14183	535	7.756889308389412	359	1	0.17570093457943925	0.2766355140186916	0.43721356553620533	0	-0.2591652060324718	-0.23142759204335325	-0.21558847772478448	6.2821887499470845	5.480668042621117	9.086740958129983e-09	0.8970837725025208	1.5888298589406078	0.25784389762391596	bert_base_uncased	__ALL__	euclidean	head	9	global_pooled	lexeme_prefixed
14183	535	7.756889308389412	359	1	0.17570093457943925	0.2766355140186916	0.43721356553620533	0	-0.3419360190886306	-0.3206652318989684	-0.3002416889252034	6.424043518116792	5.434461544608805	5.724480836554997e-17	0.9380073979542615	0.9909171130275297	0.3277162800535853	bert_base_uncased	__ALL__	cosine	head	10	global_pooled	lexeme_prefixed
14183	535	7.756889308389412	359	1	0.17570093457943925	0.2766355140186916	0.43721356553620533	0	-0.2590745237534176	-0.23166510926504374	-0.21568728536605275	6.424043518116792	5.434461544608805	0.0	0.8950147640427539	1.6020278126321479	0.25523514066135516	bert_base_uncased	__ALL__	euclidean	head	10	global_pooled	lexeme_prefixed
14183	535	7.756889308389412	359	1	0.17570093457943925	0.2766355140186916	0.43721356553620533	0	-0.3272071046305638	-0.3081649281788686	-0.2853274628946458	6.306348529640834	5.657446639508266	0.0	0.9337596187063532	0.9915576195578901	0.32602411337516746	bert_base_uncased	__ALL__	cosine	head	11	global_pooled	lexeme_prefixed
14183	535	7.756889308389412	359	1	0.17570093457943925	0.2766355140186916	0.43721356553620533	0	-0.2595409097008696	-0.23108407483104926	-0.216525511748602	6.306348529640834	5.657446639508266	0.0	0.8933561815591609	1.5737535281090844	0.24881900867235424	bert_base_uncased	__ALL__	euclidean	head	11	global_pooled	lexeme_prefixed
14183	535	7.756889308389412	359	1	0.17570093457943925	0.2766355140186916	0.43721356553620533	0	-0.33629814286226944	-0.31889049400611125	-0.2946594953251803	6.331416189990588	6.10459370444896	0.0	0.9334714014059994	0.990017976547527	0.33779877317915813	bert_base_uncased	__ALL__	cosine	head	0,1	global_pooled	lexeme_prefixed
14183	535	7.756889308389412	359	1	0.17570093457943925	0.2766355140186916	0.43721356553620533	0	-0.2563468164211429	-0.22920517428347817	-0.21512196891299454	6.331416189990588	6.10459370444896	0.0	0.8894059786786487	1.1420755865464192	0.2536839878728055	bert_base_uncased	__ALL__	euclidean	head	0,1	global_pooled	lexeme_prefixed
14183	535	7.756889308389412	359	1	0.17570093457943925	0.2766355140186916	0.43721356553620533	0	-0.34194590959119786	-0.32054140372404377	-0.30076058342453427	6.216342809652971	5.932647305996998	0.0	0.935367457601217	0.9884126641322946	0.3315236550800254	bert_base_uncased	__ALL__	cosine	head	0,2	global_pooled	lexeme_prefixed
14183	535	7.756889308389412	359	1	0.17570093457943925	0.2766355140186916	0.43721356553620533	0	-0.2594538704164167	-0.2312514159267656	-0.21478216818849813	6.216342809652971	5.932647305996998	0.0	0.8851050410610333	1.152019192901317	0.24797292533314533	bert_base_uncased	__ALL__	euclidean	head	0,2	global_pooled	lexeme_prefixed
14183	535	7.756889308389412	359	1	0.17570093457943925	0.2766355140186916	0.43721356553620533	0	-0.3309591048036968	-0.3079208079841381	-0.28931891912320046	6.4692103951791475	5.813954567172708	0.0	0.9351615317631622	0.9919332877428004	0.33836282873863077	bert_base_uncased	__ALL__	cosine	head	0,3	global_pooled	lexeme_prefixed
14183	535	7.756889308389412	359	1	0.17570093457943925	0.2766355140186916	0.43721356553620533	0	-0.26105898460528476	-0.2327331228955194	-0.21576206733204306	6.4692103951791475	5.813954567172708	5.405364298244255e-09	0.8920513794732767	1.1221030601785644	0.24881900867235424	bert_base_uncased	__ALL__	euclidean	head	0,3	global_pooled	lexeme_prefixed
14183	535	7.756889308389412	359	1	0.17570093457943925	0.2766355140186916	0.43721356553620533	0	-0.3404617103015235	-0.323449622972079	-0.3016364469331235	6.441339000144921	6.26835879937816	5.688058403571759e-17	0.9333814412079489	0.9867661318853246	0.3267996897694423	bert_base_uncased	__ALL__	cosine	head	0,4	global_pooled	lexeme_prefixed
14183	535	7.756889308389412	359	1	0.17570093457943925	0.2766355140186916	0.43721356553620533	0	-0.2633888682083122	-0.23489450028055184	-0.21910246802530733	6.441339000144921	6.26835879937816	1.2742515580913085e-08	0.8821359973629882	1.1517657130143226	0.24233236973841923	bert_base_uncased	__ALL__	euclidean	head	0,4	global_pooled	lexeme_prefixed
14183	535	7.756889308389412	359	1	0.17570093457943925	0.2766355140186916	0.43721356553620533	0	-0.3262306683658663	-0.30565872721436566	-0.28642420549441067	6.333879374709134	5.86557978451331	0.0	0.9346392614795637	0.9912240040571865	0.33603609955580627	bert_base_uncased	__ALL__	cosine	head	0,5	global_pooled	lexeme_prefixed
14183	535	7.756889308389412	359	1	0.17570093457943925	0.2766355140186916	0.43721356553620533	0	-0.25721825129424675	-0.22994179401907103	-0.21346603477992943	6.333879374709134	5.86557978451331	9.109318371747331e-09	0.8917318928077068	1.1268233954847422	0.25142776563491503	bert_base_uncased	__ALL__	euclidean	head	0,5	global_pooled	lexeme_prefixed
14183	535	7.756889308389412	359	1	0.17570093457943925	0.2766355140186916	0.43721356553620533	0	-0.32516109389626974	-0.3060662855546122	-0.2858701349721981	6.2920975435200495	5.898374365591922	0.0	0.9347132776609777	0.9909655415002631	0.32898540506239865	bert_base_uncased	__ALL__	cosine	head	0,6	global_pooled	lexeme_prefixed
14183	535	7.756889308389412	359	1	0.17570093457943925	0.2766355140186916	0.43721356553620533	0	-0.25680712932920163	-0.22882332915976955	-0.2142713927697393	6.2920975435200495	5.898374365591922	0.0	0.8918414517491413	1.1268995432595938	0.2579849115137841	bert_base_uncased	__ALL__	euclidean	head	0,6	global_pooled	lexeme_prefixed
14183	535	7.756889308389412	359	1	0.17570093457943925	0.2766355140186916	0.43721356553620533	0	-0.33220139732982146	-0.3111270834840911	-0.28946441355512825	6.284131881451946	5.567816308973362	1.144995746680327e-16	0.935845721763028	0.9916551596378178	0.32531904392582667	bert_base_uncased	__ALL__	cosine	head	0,7	global_pooled	lexeme_prefixed
14183	535	7.756889308389412	359	1	0.17570093457943925	0.2766355140186916	0.43721356553620533	0	-0.2596426831063433	-0.23209321284494086	-0.21467952546136757	6.284131881451946	5.567816308973362	0.0	0.8906711419360918	1.138062864859727	0.24867799478248606	bert_base_uncased	__ALL__	euclidean	head	0,7	global_pooled	lexeme_prefixed
14183	535	7.756889308389412	359	1	0.17570093457943925	0.2766355140186916	0.43721356553620533	0	-0.333373995394384	-0.3115451864863035	-0.2921792566508852	6.29703166014434	5.883457369207675	0.0	0.9354970089648389	0.9893186627849395	0.33561305788620177	bert_base_uncased	__ALL__	cosine	head	0,8	global_pooled	lexeme_prefixed
14183	535	7.756889308389412	359	1	0.17570093457943925	0.2766355140186916	0.43721356553620533	0	-0.2553479698501841	-0.2284547750568589	-0.21172981515120778	6.29703166014434	5.883457369207675	0.0	0.8895124450055677	1.1441756164089303	0.25403652259747583	bert_base_uncased	__ALL__	euclidean	head	0,8	global_pooled	lexeme_prefixed
14183	535	7.756889308389412	359	1	0.17570093457943925	0.2766355140186916	0.43721356553620533	0	-0.34062601559068895	-0.3191871734127854	-0.29809680207731726	6.318448081657998	5.870455112667939	0.0	0.9328635564794253	0.9892488235389849	0.3351195092716633	bert_base_uncased	__ALL__	cosine	head	0,9	global_pooled	lexeme_prefixed
14183	535	7.756889308389412	359	1	0.17570093457943925	0.2766355140186916	0.43721356553620533	0	-0.2564975553837323	-0.22800252203642335	-0.21298957828867632	6.318448081657998	5.870455112667939	0.0	0.8922640039114924	1.1494289008242804	0.24747937671860679	bert_base_uncased	__ALL__	euclidean	head	0,9	global_pooled	lexeme_prefixed
14183	535	7.756889308389412	359	1	0.17570093457943925	0.2766355140186916	0.43721356553620533	0	-0.3357564203813044	-0.31668164833303414	-0.29696535743542646	6.321823180920491	5.714942709125891	0.0	0.9359589518739153	0.9894017691216607	0.32595360643023336	bert_base_uncased	__ALL__	cosine	head	0,10	global_pooled	lexeme_prefixed
14183	535	7.756889308389412	359	1	0.17570093457943925	0.2766355140186916	0.43721356553620533	0	-0.2591801171011989	-0.23222471896756897	-0.21442424233707857	6.321823180920491	5.714942709125891	0.0	0.8889247087741728	1.1383706413971393	0.24691532115913417	bert_base_uncased	__ALL__	euclidean	head	0,10	global_pooled	lexeme_prefixed
14183	535	7.756889308389412	359	1	0.17570093457943925	0.2766355140186916	0.43721356553620533	0	-0.3330660659070427	-0.31266614391878317	-0.2913121863022034	6.284626067321971	5.883800056871526	0.0	0.9336290572908577	0.9915726619145769	0.3296904745117394	bert_base_uncased	__ALL__	cosine	head	0,11	global_pooled	lexeme_prefixed
14183	535	7.756889308389412	359	1	0.17570093457943925	0.2766355140186916	0.43721356553620533	0	-0.260539702909008	-0.2334719049510741	-0.2166430665741265	6.284626067321971	5.883800056871526	0.0	0.8891077517936096	1.1430052309485927	0.24762039060847493	bert_base_uncased	__ALL__	euclidean	head	0,11	global_pooled	lexeme_prefixed
14183	535	7.756889308389412	359	1	0.17570093457943925	0.2766355140186916	0.43721356553620533	0	-0.3332927141916374	-0.31512496043384586	-0.2936303194112867	6.289684161633639	5.453341667741279	0.0	0.9394216862868313	0.9903886563562185	0.331171120355355	bert_base_uncased	__ALL__	cosine	head	1,2	global_pooled	lexeme_prefixed
14183	535	7.756889308389412	359	1	0.17570093457943925	0.2766355140186916	0.43721356553620533	0	-0.2622821896356115	-0.23391546938617594	-0.2186465294198684	6.289684161633639	5.453341667741279	0.0	0.8957280353320977	1.1134724383728833	0.24903052950715646	bert_base_uncased	__ALL__	euclidean	head	1,2	global_pooled	lexeme_prefixed
14183	535	7.756889308389412	359	1	0.17570093457943925	0.2766355140186916	0.43721356553620533	0	-0.33267528063195606	-0.31375334149582373	-0.2938045570111337	6.545901197413869	5.725181355307711	0.0	0.9361543985679281	0.9894928027620996	0.32694070365931044	bert_base_uncased	__ALL__	cosine	head	1,3	global_pooled	lexeme_prefixed
14183	535	7.756889308389412	359	1	0.17570093457943925	0.2766355140186916	0.43721356553620533	0	-0.2601598011555181	-0.23129491177738296	-0.21665445907920436	6.545901197413869	5.725181355307711	7.179128434665365e-09	0.8937893870634477	1.1181510742328769	0.24867799478248606	bert_base_uncased	__ALL__	euclidean	head	1,3	global_pooled	lexeme_prefixed
14183	535	7.756889308389412	359	1	0.17570093457943925	0.2766355140186916	0.43721356553620533	0	-0.3432008050637798	-0.32266028687362475	-0.3039513252111645	6.413046525227737	6.229755881879022	0.0	0.9341585214906516	0.9874704631617204	0.3226397800183318	bert_base_uncased	__ALL__	cosine	head	1,4	global_pooled	lexeme_prefixed
14183	535	7.756889308389412	359	1	0.17570093457943925	0.2766355140186916	0.43721356553620533	0	-0.26281379391219634	-0.2343989720739148	-0.21711842677966361	6.413046525227737	6.229755881879022	0.0	0.8873466353783955	1.163257239045584	0.24134527250934218	bert_base_uncased	__ALL__	euclidean	head	1,4	global_pooled	lexeme_prefixed
14183	535	7.756889308389412	359	1	0.17570093457943925	0.2766355140186916	0.43721356553620533	0	-0.3246822121482547	-0.3064592065924224	-0.28362090851479294	6.589376205796808	5.7958657376920915	0.0	0.9354859048028087	0.9885893686226486	0.3304660509060142	bert_base_uncased	__ALL__	cosine	head	1,5	global_pooled	lexeme_prefixed
14183	535	7.756889308389412	359	1	0.17570093457943925	0.2766355140186916	0.43721356553620533	0	-0.25482500673939684	-0.2264120607931001	-0.21242474573038245	6.589376205796808	5.7958657376920915	6.951671543273521e-09	0.8984033505125373	1.1190816558706385	0.2572798420644433	bert_base_uncased	__ALL__	euclidean	head	1,5	global_pooled	lexeme_prefixed
14183	535	7.756889308389412	359	1	0.17570093457943925	0.2766355140186916	0.43721356553620533	0	-0.3326725542447406	-0.3120591479697168	-0.29027658767725306	6.398415052740333	5.3708016937823455	5.770282847907244e-17	0.9369958283432778	0.9889128728288292	0.33187618980469574	bert_base_uncased	__ALL__	cosine	head	1,6	global_pooled	lexeme_prefixed
14183	535	7.756889308389412	359	1	0.17570093457943925	0.2766355140186916	0.43721356553620533	0	-0.26005233349427564	-0.23305412902043862	-0.21630833914561384	6.398415052740333	5.3708016937823455	0.0	0.8998905653764907	1.1093986129644229	0.25347246703800325	bert_base_uncased	__ALL__	euclidean	head	1,6	global_pooled	lexeme_prefixed
14183	535	7.756889308389412	359	1	0.17570093457943925	0.2766355140186916	0.43721356553620533	0	-0.33059593529636205	-0.3113056181029255	-0.29258417065399694	6.394974191139573	5.677376877820482	0.0	0.9359882428407826	0.9898225512553903	0.3314531481350913	bert_base_uncased	__ALL__	cosine	head	1,7	global_pooled	lexeme_prefixed
14183	535	7.756889308389412	359	1	0.17570093457943925	0.2766355140186916	0.43721356553620533	0	-0.2589305574680196	-0.22990966454335426	-0.21796002526520072	6.394974191139573	5.677376877820482	6.764653507093836e-09	0.8909254407442954	1.13196691420028	0.24395402947190298	bert_base_uncased	__ALL__	euclidean	head	1,7	global_pooled	lexeme_prefixed
14183	535	7.756889308389412	359	1	0.17570093457943925	0.2766355140186916	0.43721356553620533	0	-0.331198589934156	-0.3105443379046855	-0.2872834314971191	6.451385123033165	5.565587388839617	1.1517040665815578e-16	0.9376896693192087	0.9891206057727746	0.3340619050976521	bert_base_uncased	__ALL__	cosine	head	1,8	global_pooled	lexeme_prefixed
14183	535	7.756889308389412	359	1	0.17570093457943925	0.2766355140186916	0.43721356553620533	0	-0.2603711747820806	-0.23220331205458425	-0.21765842286310624	6.451385123033165	5.565587388839617	1.0426697753785036e-08	0.8967456388272511	1.1194363829801919	0.24973559895649722	bert_base_uncased	__ALL__	euclidean	head	1,8	global_pooled	lexeme_prefixed
14183	535	7.756889308389412	359	1	0.17570093457943925	0.2766355140186916	0.43721356553620533	0	-0.3300744743541897	-0.314387021282521	-0.289025453762313	6.483018274241906	5.504379214514816	0.0	0.9365104513727648	0.9910474884953714	0.33899739124303746	bert_base_uncased	__ALL__	cosine	head	1,9	global_pooled	lexeme_prefixed
14183	535	7.756889308389412	359	1	0.17570093457943925	0.2766355140186916	0.43721356553620533	0	-0.259219821200089	-0.23094706009112084	-0.2144955367236685	6.483018274241906	5.504379214514816	0.0	0.9002580453485869	1.1193174741129883	0.2533314531481351	bert_base_uncased	__ALL__	euclidean	head	1,9	global_pooled	lexeme_prefixed
14183	535	7.756889308389412	359	1	0.17570093457943925	0.2766355140186916	0.43721356553620533	0	-0.32977154587578505	-0.3119074079834868	-0.28793979765910027	6.496179055925769	5.264771072654089	0.0	0.939001535549547	0.9896545297413086	0.3291969258972009	bert_base_uncased	__ALL__	cosine	head	1,10	global_pooled	lexeme_prefixed
14183	535	7.756889308389412	359	1	0.17570093457943925	0.2766355140186916	0.43721356553620533	0	-0.2566903611176413	-0.22865542481984852	-0.21328705207917303	6.496179055925769	5.264771072654089	7.245131884909022e-09	0.9018380621420903	1.1130745679198089	0.2509342170203765	bert_base_uncased	__ALL__	euclidean	head	1,10	global_pooled	lexeme_prefixed
14183	535	7.756889308389412	359	1	0.17570093457943925	0.2766355140186916	0.43721356553620533	0	-0.32732524895031984	-0.31036377728530523	-0.2872602818136439	6.364663547760465	5.5963146815972635	5.733639852551831e-17	0.934908602994017	0.991473220692012	0.33420291898752025	bert_base_uncased	__ALL__	cosine	head	1,11	global_pooled	lexeme_prefixed
14183	535	7.756889308389412	359	1	0.17570093457943925	0.2766355140186916	0.43721356553620533	0	-0.25854172767631634	-0.23136612657490943	-0.2151450431066161	6.364663547760465	5.5963146815972635	5.971030310087489e-09	0.8950630917784836	1.1275605061840235	0.25058168229570615	bert_base_uncased	__ALL__	euclidean	head	1,11	global_pooled	lexeme_prefixed
14183	535	7.756889308389412	359	1	0.17570093457943925	0.2766355140186916	0.43721356553620533	0	-0.3447585828939027	-0.32083585511354307	-0.3006968050317139	6.34699610984234	5.438868737611373	0.0	0.9387613174302485	0.9919349168457434	0.3308890925756187	bert_base_uncased	__ALL__	cosine	head	2,3	global_pooled	lexeme_prefixed
14183	535	7.756889308389412	359	1	0.17570093457943925	0.2766355140186916	0.43721356553620533	0	-0.2629286887402901	-0.23348582178563002	-0.2175693914081456	6.34699610984234	5.438868737611373	0.0	0.8938675437483946	1.1260248558813335	0.2468448142142001	bert_base_uncased	__ALL__	euclidean	head	2,3	global_pooled	lexeme_prefixed
14183	535	7.756889308389412	359	1	0.17570093457943925	0.2766355140186916	0.43721356553620533	0	-0.3533419159381684	-0.3338941220228149	-0.3127578442690944	6.387546549757903	5.835289047725482	0.0	0.9349725093908581	0.9854594456951834	0.3291264189522668	bert_base_uncased	__ALL__	cosine	head	2,4	global_pooled	lexeme_prefixed
14183	535	7.756889308389412	359	1	0.17570093457943925	0.2766355140186916	0.43721356553620533	0	-0.2668965808479818	-0.23812256283830877	-0.22271134093987713	6.387546549757903	5.835289047725482	0.0	0.884322786687781	1.161046787455274	0.24353098780229854	bert_base_uncased	__ALL__	euclidean	head	2,4	global_pooled	lexeme_prefixed
14183	535	7.756889308389412	359	1	0.17570093457943925	0.2766355140186916	0.43721356553620533	0	-0.33408132927972856	-0.3151006834050233	-0.29217832600783933	6.3956010225302675	5.84918756958024	0.0	0.9353822504920262	0.9903711322625324	0.3354015370513996	bert_base_uncased	__ALL__	cosine	head	2,5	global_pooled	lexeme_prefixed
14183	535	7.756889308389412	359	1	0.17570093457943925	0.2766355140186916	0.43721356553620533	0	-0.2599240780376606	-0.2318996046758262	-0.21647595657876043	6.3956010225302675	5.84918756958024	0.0	0.8945482083110315	1.1375582113435336	0.2553761545512233	bert_base_uncased	__ALL__	euclidean	head	2,5	global_pooled	lexeme_prefixed
14183	535	7.756889308389412	359	1	0.17570093457943925	0.2766355140186916	0.43721356553620533	0	-0.33235818577554893	-0.31333314690558484	-0.29228310294109966	6.2956464894989965	5.773705428109834	0.0	0.9364168759334883	0.9901684388345318	0.32665867587957415	bert_base_uncased	__ALL__	cosine	head	2,6	global_pooled	lexeme_prefixed
14183	535	7.756889308389412	359	1	0.17570093457943925	0.2766355140186916	0.43721356553620533	0	-0.2587400860853243	-0.2301752545289834	-0.21439466593829493	6.2956464894989965	5.773705428109834	0.0	0.889583062037362	1.154543598424636	0.2538955087076077	bert_base_uncased	__ALL__	euclidean	head	2,6	global_pooled	lexeme_prefixed
14183	535	7.756889308389412	359	1	0.17570093457943925	0.2766355140186916	0.43721356553620533	0	-0.3369789892932054	-0.31566531038442963	-0.2934245286346183	6.3468821971132705	5.49936121599914	0.0	0.9365633142149229	0.9913728911266027	0.3314531481350913	bert_base_uncased	__ALL__	cosine	head	2,7	global_pooled	lexeme_prefixed
14183	535	7.756889308389412	359	1	0.17570093457943925	0.2766355140186916	0.43721356553620533	0	-0.25827145947945834	-0.23065828411258754	-0.21490348386936894	6.3468821971132705	5.49936121599914	0.0	0.893689060503125	1.1343766276002754	0.24910103645209053	bert_base_uncased	__ALL__	euclidean	head	2,7	global_pooled	lexeme_prefixed
14183	535	7.756889308389412	359	1	0.17570093457943925	0.2766355140186916	0.43721356553620533	0	-0.3272587267712766	-0.3086656936094453	-0.2851472138368017	6.3400943187215395	5.406412085745814	0.0	0.9395889801972119	0.9902318473125694	0.3426637523796094	bert_base_uncased	__ALL__	cosine	head	2,8	global_pooled	lexeme_prefixed
14183	535	7.756889308389412	359	1	0.17570093457943925	0.2766355140186916	0.43721356553620533	0	-0.2569036829675368	-0.2298442431462665	-0.21512716860581305	6.3400943187215395	5.406412085745814	0.0	0.8953368387819316	1.1249457524976174	0.26581118240146656	bert_base_uncased	__ALL__	euclidean	head	2,8	global_pooled	lexeme_prefixed
14183	535	7.756889308389412	359	1	0.17570093457943925	0.2766355140186916	0.43721356553620533	0	-0.3350633865675345	-0.31401802317032773	-0.29801854159705343	6.172665341719168	5.668322443754156	0.0	0.9388880871942171	0.9894381406071109	0.3368116759500811	bert_base_uncased	__ALL__	cosine	head	2,9	global_pooled	lexeme_prefixed
14183	535	7.756889308389412	359	1	0.17570093457943925	0.2766355140186916	0.43721356553620533	0	-0.2582136922902783	-0.23044402875723854	-0.2147076586287932	6.172665341719168	5.668322443754156	0.0	0.8876178796080749	1.1460437448498675	0.25544666149615736	bert_base_uncased	__ALL__	euclidean	head	2,9	global_pooled	lexeme_prefixed
14183	535	7.756889308389412	359	1	0.17570093457943925	0.2766355140186916	0.43721356553620533	0	-0.33764187666764106	-0.31946381193604406	-0.2982638805670946	6.335087304547404	5.554178110103113	0.0	0.9387745114341655	0.9904694868949823	0.33229923147430024	bert_base_uncased	__ALL__	cosine	head	2,10	global_pooled	lexeme_prefixed
14183	535	7.756889308389412	359	1	0.17570093457943925	0.2766355140186916	0.43721356553620533	0	-0.2589647003104598	-0.2320928474465119	-0.21508950140863717	6.335087304547404	5.554178110103113	0.0	0.892013660458978	1.1385537615447923	0.2572093351195093	bert_base_uncased	__ALL__	euclidean	head	2,10	global_pooled	lexeme_prefixed
14183	535	7.756889308389412	359	1	0.17570093457943925	0.2766355140186916	0.43721356553620533	0	-0.3245545728849092	-0.3051708342022464	-0.2824483695486766	6.247607456127341	5.408620288062113	5.725177734879093e-17	0.938433115739038	0.9883947041291822	0.32983148840160753	bert_base_uncased	__ALL__	cosine	head	2,11	global_pooled	lexeme_prefixed
14183	535	7.756889308389412	359	1	0.17570093457943925	0.2766355140186916	0.43721356553620533	0	-0.2593084706480889	-0.23119667516892062	-0.21739907142434547	6.247607456127341	5.408620288062113	0.0	0.8941129808730439	1.108209225196056	0.25749136289924557	bert_base_uncased	__ALL__	euclidean	head	2,11	global_pooled	lexeme_prefixed
14183	535	7.756889308389412	359	1	0.17570093457943925	0.2766355140186916	0.43721356553620533	0	-0.36762241447697874	-0.34615658125674703	-0.32495124374179	6.4672855680876795	6.266751432273446	0.0	0.9322380461033245	0.9855606036733516	0.32637664809983785	bert_base_uncased	__ALL__	cosine	head	3,4	global_pooled	lexeme_prefixed
14183	535	7.756889308389412	359	1	0.17570093457943925	0.2766355140186916	0.43721356553620533	0	-0.2699999598093227	-0.24081746495235293	-0.2208016846358631	6.4672855680876795	6.266751432273446	0.0	0.8851425694360453	1.184265855171294	0.23337798773179158	bert_base_uncased	__ALL__	euclidean	head	3,4	global_pooled	lexeme_prefixed
14183	535	7.756889308389412	359	1	0.17570093457943925	0.2766355140186916	0.43721356553620533	0	-0.3385359622875272	-0.3198577344398284	-0.29763563030691387	6.4072603322777235	5.500015696126552	0.0	0.9367311853733897	0.9906424346602962	0.33991398152718044	bert_base_uncased	__ALL__	cosine	head	3,6	global_pooled	lexeme_prefixed
14183	535	7.756889308389412	359	1	0.17570093457943925	0.2766355140186916	0.43721356553620533	0	-0.2622868371272815	-0.2342846983674469	-0.21621298205374684	6.4072603322777235	5.500015696126552	0.0	0.8952219191050588	1.1401915304813648	0.24797292533314533	bert_base_uncased	__ALL__	euclidean	head	3,6	global_pooled	lexeme_prefixed
14183	535	7.756889308389412	359	1	0.17570093457943925	0.2766355140186916	0.43721356553620533	0	-0.33005822983725636	-0.30805049016585245	-0.2876338806271779	6.486321212858075	5.623972616638649	1.1425588164195773e-16	0.934232182921156	0.9941742642336384	0.3379397870690263	bert_base_uncased	__ALL__	cosine	head	3,5	global_pooled	lexeme_prefixed
14183	535	7.756889308389412	359	1	0.17570093457943925	0.2766355140186916	0.43721356553620533	0	-0.2573983940869121	-0.22993007042473604	-0.21457688223625124	6.486321212858075	5.623972616638649	0.0	0.89888036033259	1.1187848745462043	0.25375449481773954	bert_base_uncased	__ALL__	euclidean	head	3,5	global_pooled	lexeme_prefixed
14183	535	7.756889308389412	359	1	0.17570093457943925	0.2766355140186916	0.43721356553620533	0	-0.33756976280035905	-0.31673467392932864	-0.29690985329190006	6.416331235804745	5.334046519881707	0.0	0.9388835301538355	0.9938817442821979	0.3300430092364098	bert_base_uncased	__ALL__	cosine	head	3,7	global_pooled	lexeme_prefixed
14183	535	7.756889308389412	359	1	0.17570093457943925	0.2766355140186916	0.43721356553620533	0	-0.25998156776504017	-0.23050344696315947	-0.21868696612050542	6.416331235804745	5.334046519881707	1.001776303332396e-08	0.8960581739922703	1.1328552310609468	0.2459987308749912	bert_base_uncased	__ALL__	euclidean	head	3,7	global_pooled	lexeme_prefixed
14183	535	7.756889308389412	359	1	0.17570093457943925	0.2766355140186916	0.43721356553620533	0	-0.33252296584500785	-0.31344355464739393	-0.29157658257434005	6.407695451259132	5.530848379057861	0.0	0.9363736573435401	0.9904168916806254	0.33920891207783965	bert_base_uncased	__ALL__	cosine	head	3,8	global_pooled	lexeme_prefixed
14183	535	7.756889308389412	359	1	0.17570093457943925	0.2766355140186916	0.43721356553620533	0	-0.25927368571642334	-0.23020099096198957	-0.2151277484319006	6.407695451259132	5.530848379057861	0.0	0.8972774669015318	1.1322534383126457	0.25107523091024464	bert_base_uncased	__ALL__	euclidean	head	3,8	global_pooled	lexeme_prefixed
14183	535	7.756889308389412	359	1	0.17570093457943925	0.2766355140186916	0.43721356553620533	0	-0.3388900089613	-0.32023107905684944	-0.2967457974808228	6.370014979762517	5.358240900759978	1.1361905687407926e-16	0.9373363137457786	0.9908094653628188	0.3349784953817951	bert_base_uncased	__ALL__	cosine	head	3,9	global_pooled	lexeme_prefixed
14183	535	7.756889308389412	359	1	0.17570093457943925	0.2766355140186916	0.43721356553620533	0	-0.26209647512827056	-0.2342710654550927	-0.22017913111578288	6.370014979762517	5.358240900759978	1.0155647083887815e-08	0.9018257534487983	1.106818248669983	0.24931255728689275	bert_base_uncased	__ALL__	euclidean	head	3,9	global_pooled	lexeme_prefixed
14183	535	7.756889308389412	359	1	0.17570093457943925	0.2766355140186916	0.43721356553620533	0	-0.3455820832381346	-0.32479162503572107	-0.30322167330627475	6.44410796355104	5.560910054999021	5.760350090516425e-17	0.9358138080572778	0.9919437912726674	0.3301840231262779	bert_base_uncased	__ALL__	cosine	head	3,10	global_pooled	lexeme_prefixed
14183	535	7.756889308389412	359	1	0.17570093457943925	0.2766355140186916	0.43721356553620533	0	-0.2555786643982612	-0.2300549695501294	-0.2134680845042593	6.44410796355104	5.560910054999021	6.614445634745852e-09	0.8936543162804635	1.1400973035193516	0.251357258689981	bert_base_uncased	__ALL__	euclidean	head	3,10	global_pooled	lexeme_prefixed
14183	535	7.756889308389412	359	1	0.17570093457943925	0.2766355140186916	0.43721356553620533	0	-0.32632805545386206	-0.3074875075331189	-0.28681432751086217	6.440988404903896	5.586810278481621	1.1375691710889537e-16	0.935613492637249	0.9918479255313379	0.32369738419234295	bert_base_uncased	__ALL__	cosine	head	3,11	global_pooled	lexeme_prefixed
14183	535	7.756889308389412	359	1	0.17570093457943925	0.2766355140186916	0.43721356553620533	0	-0.25880140856930145	-0.2314389148004931	-0.21468202580624926	6.440988404903896	5.586810278481621	0.0	0.8973689384072918	1.113547470572999	0.24501163364591413	bert_base_uncased	__ALL__	euclidean	head	3,11	global_pooled	lexeme_prefixed
14183	535	7.756889308389412	359	1	0.17570093457943925	0.2766355140186916	0.43721356553620533	0	-0.3413959859905047	-0.32148817469089164	-0.30235499445439623	6.373209389330182	5.980574115870421	0.0	0.9339450090609986	0.987712355806318	0.33490798843686104	bert_base_uncased	__ALL__	cosine	head	4,5	global_pooled	lexeme_prefixed
14183	535	7.756889308389412	359	1	0.17570093457943925	0.2766355140186916	0.43721356553620533	0	-0.2617068659773788	-0.23518286759256063	-0.21696031383385814	6.373209389330182	5.980574115870421	0.0	0.8934437839613137	1.1416053472118568	0.24543467531551857	bert_base_uncased	__ALL__	euclidean	head	4,5	global_pooled	lexeme_prefixed
14183	535	7.756889308389412	359	1	0.17570093457943925	0.2766355140186916	0.43721356553620533	0	-0.3419667613413216	-0.32909587675396107	-0.30467106056571597	6.35152411969083	5.753236272192758	5.75085225252431e-17	0.9356621333626779	0.9878513617333021	0.32658816893464004	bert_base_uncased	__ALL__	cosine	head	4,6	global_pooled	lexeme_prefixed
14183	535	7.756889308389412	359	1	0.17570093457943925	0.2766355140186916	0.43721356553620533	0	-0.2671203694118979	-0.23853351743399956	-0.22251371945576243	6.35152411969083	5.753236272192758	1.0388326627445676e-08	0.895938231242786	1.133052245130295	0.2392300641613199	bert_base_uncased	__ALL__	euclidean	head	4,6	global_pooled	lexeme_prefixed
14183	535	7.756889308389412	359	1	0.17570093457943925	0.2766355140186916	0.43721356553620533	0	-0.33928737795163605	-0.3205287282630176	-0.2973218902006768	6.338289653423617	6.301526766798396	0.0	0.9331097509721249	0.9868072497231203	0.33103010646548686	bert_base_uncased	__ALL__	cosine	head	4,7	global_pooled	lexeme_prefixed
14183	535	7.756889308389412	359	1	0.17570093457943925	0.2766355140186916	0.43721356553620533	0	-0.261711351132173	-0.23450179052476797	-0.21707715741666947	6.338289653423617	6.301526766798396	0.0	0.8819185362778664	1.1663837904828973	0.2441655503067052	bert_base_uncased	__ALL__	euclidean	head	4,7	global_pooled	lexeme_prefixed
14183	535	7.756889308389412	359	1	0.17570093457943925	0.2766355140186916	0.43721356553620533	0	-0.3406838988702376	-0.323826281072556	-0.2992022926004371	6.519648044612566	5.699349078990555	1.145323372747054e-16	0.93622686842024	0.9872347735724639	0.33667066206021296	bert_base_uncased	__ALL__	cosine	head	4,8	global_pooled	lexeme_prefixed
14183	535	7.756889308389412	359	1	0.17570093457943925	0.2766355140186916	0.43721356553620533	0	-0.2628021590073298	-0.2352186921814211	-0.2192552293265058	6.519648044612566	5.699349078990555	9.747543102231372e-09	0.8914516528476323	1.1435909486357652	0.2488895156172883	bert_base_uncased	__ALL__	euclidean	head	4,8	global_pooled	lexeme_prefixed
14183	535	7.756889308389412	359	1	0.17570093457943925	0.2766355140186916	0.43721356553620533	0	-0.3565223545053437	-0.3363526593637121	-0.31674187193947306	6.476408887698312	6.166894501255684	0.0	0.9321990657969184	0.9873882687372604	0.33222872452936614	bert_base_uncased	__ALL__	cosine	head	4,9	global_pooled	lexeme_prefixed
14183	535	7.756889308389412	359	1	0.17570093457943925	0.2766355140186916	0.43721356553620533	0	-0.26479766468128546	-0.23757335623587542	-0.22076846554706148	6.476408887698312	6.166894501255684	0.0	0.884602532040862	1.1655349309674863	0.23944158499612211	bert_base_uncased	__ALL__	euclidean	head	4,9	global_pooled	lexeme_prefixed
14183	535	7.756889308389412	359	1	0.17570093457943925	0.2766355140186916	0.43721356553620533	0	-0.35780711547733934	-0.33648859020807986	-0.314598853925464	6.431974386032034	5.957963250223007	0.0	0.9331519266210425	0.9848040140614948	0.3251780300359585	bert_base_uncased	__ALL__	cosine	head	4,10	global_pooled	lexeme_prefixed
14183	535	7.756889308389412	359	1	0.17570093457943925	0.2766355140186916	0.43721356553620533	0	-0.2668865720760217	-0.23713396413872836	-0.22194098545724766	6.431974386032034	5.957963250223007	6.640476161394219e-09	0.8897904903082484	1.1704468236306884	0.2427554114080237	bert_base_uncased	__ALL__	euclidean	head	4,10	global_pooled	lexeme_prefixed
14183	535	7.756889308389412	359	1	0.17570093457943925	0.2766355140186916	0.43721356553620533	0	-0.3394026428421811	-0.322335262162968	-0.2994785911550019	6.365136632839014	6.118743126359609	0.0	0.9320480593739344	0.9863392763954312	0.327434252273849	bert_base_uncased	__ALL__	cosine	head	4,11	global_pooled	lexeme_prefixed
14183	535	7.756889308389412	359	1	0.17570093457943925	0.2766355140186916	0.43721356553620533	0	-0.2628241678528681	-0.23571364387705426	-0.21807339459804365	6.365136632839014	6.118743126359609	0.0	0.8894443931170892	1.1478173919227428	0.23901854332651767	bert_base_uncased	__ALL__	euclidean	head	4,11	global_pooled	lexeme_prefixed
14183	535	7.756889308389412	359	1	0.17570093457943925	0.2766355140186916	0.43721356553620533	0	-0.3314230420951634	-0.31036889265120104	-0.2909883325984055	6.382380366969356	5.812422220199902	0.0	0.9338161538201791	0.9920547864670418	0.3397729676373123	bert_base_uncased	__ALL__	cosine	head	5,6	global_pooled	lexeme_prefixed
14183	535	7.756889308389412	359	1	0.17570093457943925	0.2766355140186916	0.43721356553620533	0	-0.25882364885667836	-0.22907925208307967	-0.21547022779710365	6.382380366969356	5.812422220199902	0.0	0.8981206403042092	1.1383307147292294	0.2565042656701685	bert_base_uncased	__ALL__	euclidean	head	5,6	global_pooled	lexeme_prefixed
14183	535	7.756889308389412	359	1	0.17570093457943925	0.2766355140186916	0.43721356553620533	0	-0.3280489179992571	-0.307006341466555	-0.28847596613172555	6.360263709002452	5.819514979466795	5.724073653656558e-17	0.9336250282082629	0.9901485168595192	0.3357540717760699	bert_base_uncased	__ALL__	cosine	head	5,7	global_pooled	lexeme_prefixed
14183	535	7.756889308389412	359	1	0.17570093457943925	0.2766355140186916	0.43721356553620533	0	-0.2574601797736798	-0.22814826180299747	-0.21366004284215767	6.360263709002452	5.819514979466795	0.0	0.8968674794475209	1.131728382478087	0.24825495311288162	bert_base_uncased	__ALL__	euclidean	head	5,7	global_pooled	lexeme_prefixed
14183	535	7.756889308389412	359	1	0.17570093457943925	0.2766355140186916	0.43721356553620533	0	-0.3368301024582493	-0.3170313678264121	-0.29642388351510857	6.388920916790313	5.926149905056725	2.298896143898699e-16	0.9341535047416194	0.9903541352254354	0.34491997461749985	bert_base_uncased	__ALL__	cosine	head	5,8	global_pooled	lexeme_prefixed
14183	535	7.756889308389412	359	1	0.17570093457943925	0.2766355140186916	0.43721356553620533	0	-0.25550720720546766	-0.22828457703292132	-0.2138034276707353	6.388920916790313	5.926149905056725	0.0	0.8942896827307767	1.1423729520599297	0.25227384897412397	bert_base_uncased	__ALL__	euclidean	head	5,8	global_pooled	lexeme_prefixed
14183	535	7.756889308389412	359	1	0.17570093457943925	0.2766355140186916	0.43721356553620533	0	-0.3324909634926468	-0.3122183773674999	-0.29130955560045985	6.307774407342801	5.666380621518898	0.0	0.9357522341884061	0.9909450276329916	0.34428541211309316	bert_base_uncased	__ALL__	cosine	head	5,9	global_pooled	lexeme_prefixed
14183	535	7.756889308389412	359	1	0.17570093457943925	0.2766355140186916	0.43721356553620533	0	-0.25562627750536476	-0.22774612294107913	-0.20836762582415147	6.307774407342801	5.666380621518898	0.0	0.8943652213882239	1.1319805518714974	0.2585489670732567	bert_base_uncased	__ALL__	euclidean	head	5,9	global_pooled	lexeme_prefixed
14183	535	7.756889308389412	359	1	0.17570093457943925	0.2766355140186916	0.43721356553620533	0	-0.33445325601615544	-0.3117334121688552	-0.29094142994512373	6.5131760343884055	5.731881308674086	0.0	0.9363705886081467	0.9928361503587819	0.32228724529366143	bert_base_uncased	__ALL__	cosine	head	5,10	global_pooled	lexeme_prefixed
14183	535	7.756889308389412	359	1	0.17570093457943925	0.2766355140186916	0.43721356553620533	0	-0.253424270959539	-0.22624453914567516	-0.2113711250588744	6.5131760343884055	5.731881308674086	0.0	0.8946837474517613	1.1248280202405199	0.2547415920468166	bert_base_uncased	__ALL__	euclidean	head	5,10	global_pooled	lexeme_prefixed
14183	535	7.756889308389412	359	1	0.17570093457943925	0.2766355140186916	0.43721356553620533	0	-0.33264495820593576	-0.31483714208163316	-0.2933975065603451	6.352395480338944	5.732784452933469	1.7157093343806815e-16	0.9331886696039211	0.9894220620716772	0.3357540717760699	bert_base_uncased	__ALL__	cosine	head	5,11	global_pooled	lexeme_prefixed
14183	535	7.756889308389412	359	1	0.17570093457943925	0.2766355140186916	0.43721356553620533	0	-0.2596729421807355	-0.2306175955770963	-0.21604290096733883	6.352395480338944	5.732784452933469	8.453681282118198e-09	0.895329924296912	1.1231735892306602	0.24353098780229854	bert_base_uncased	__ALL__	euclidean	head	5,11	global_pooled	lexeme_prefixed
14183	535	7.756889308389412	359	1	0.17570093457943925	0.2766355140186916	0.43721356553620533	0	-0.33415297552795864	-0.31726753159610394	-0.29443387405759175	6.298393966543315	5.446865610154906	0.0	0.9365153827582747	0.9899237929594542	0.3311006134104209	bert_base_uncased	__ALL__	cosine	head	6,7	global_pooled	lexeme_prefixed
14183	535	7.756889308389412	359	1	0.17570093457943925	0.2766355140186916	0.43721356553620533	0	-0.26197111513832605	-0.23471016346844326	-0.21810702720226366	6.298393966543315	5.446865610154906	0.0	0.8954665867353063	1.132056671600118	0.24691532115913417	bert_base_uncased	__ALL__	euclidean	head	6,7	global_pooled	lexeme_prefixed
14183	535	7.756889308389412	359	1	0.17570093457943925	0.2766355140186916	0.43721356553620533	0	-0.33513549760723615	-0.3154804371887063	-0.29244385659937605	6.352345900008172	5.474664907168017	0.0	0.9380947709111365	0.991063390810856	0.3368116759500811	bert_base_uncased	__ALL__	cosine	head	6,8	global_pooled	lexeme_prefixed
14183	535	7.756889308389412	359	1	0.17570093457943925	0.2766355140186916	0.43721356553620533	0	-0.26138318263431126	-0.23352557207905342	-0.21834713031734646	6.352345900008172	5.474664907168017	0.0	0.8955242841915426	1.1274701656005934	0.2524148628639921	bert_base_uncased	__ALL__	euclidean	head	6,8	global_pooled	lexeme_prefixed
14183	535	7.756889308389412	359	1	0.17570093457943925	0.2766355140186916	0.43721356553620533	0	-0.33086422745640093	-0.3119805752781744	-0.29216845641823486	6.311483608156199	5.522757194880597	0.0	0.9366761037438839	0.9876648267645403	0.3427342593245435	bert_base_uncased	__ALL__	cosine	head	6,9	global_pooled	lexeme_prefixed
14183	535	7.756889308389412	359	1	0.17570093457943925	0.2766355140186916	0.43721356553620533	0	-0.2628520672034931	-0.2343516621818319	-0.21686651230351292	6.311483608156199	5.522757194880597	0.0	0.8976183683137926	1.1334035566417036	0.25445956426708033	bert_base_uncased	__ALL__	euclidean	head	6,9	global_pooled	lexeme_prefixed
14183	535	7.756889308389412	359	1	0.17570093457943925	0.2766355140186916	0.43721356553620533	0	-0.3307588329231163	-0.314249306305038	-0.29118283721658006	6.3125850991829875	5.649370194921824	1.1522027445452864e-16	0.9368525914476876	0.9904704865460967	0.3326517661989706	bert_base_uncased	__ALL__	cosine	head	6,10	global_pooled	lexeme_prefixed
14183	535	7.756889308389412	359	1	0.17570093457943925	0.2766355140186916	0.43721356553620533	0	-0.25894842076002134	-0.23295644331639967	-0.21486275602704563	6.3125850991829875	5.649370194921824	0.0	0.8953091206111314	1.1272926344863243	0.25847846012832265	bert_base_uncased	__ALL__	euclidean	head	6,10	global_pooled	lexeme_prefixed
14183	535	7.756889308389412	359	1	0.17570093457943925	0.2766355140186916	0.43721356553620533	0	-0.31175690412234663	-0.2944982792774004	-0.27392952352257377	6.173848553490818	5.47389739285261	5.733247525561262e-17	0.9367724584635715	0.9897931848425169	0.33688218289501515	bert_base_uncased	__ALL__	cosine	head	6,11	global_pooled	lexeme_prefixed
14183	535	7.756889308389412	359	1	0.17570093457943925	0.2766355140186916	0.43721356553620533	0	-0.25788456127123577	-0.2299151895476043	-0.215721187308823	6.173848553490818	5.47389739285261	6.3417527989706155e-09	0.9008213548089592	1.098020641751998	0.2545300712120144	bert_base_uncased	__ALL__	euclidean	head	6,11	global_pooled	lexeme_prefixed
14183	535	7.756889308389412	359	1	0.17570093457943925	0.2766355140186916	0.43721356553620533	0	-0.3307782665917122	-0.30964907864984104	-0.289388020025824	6.274711112774092	5.448711881672231	1.1432816315893602e-16	0.9386444643507066	0.9911881018544079	0.3363886342804766	bert_base_uncased	__ALL__	cosine	head	7,8	global_pooled	lexeme_prefixed
14183	535	7.756889308389412	359	1	0.17570093457943925	0.2766355140186916	0.43721356553620533	0	-0.25746386832284457	-0.22964388832176624	-0.21468688497441896	6.274711112774092	5.448711881672231	0.0	0.8944895631272415	1.1371298795407059	0.2535429739829373	bert_base_uncased	__ALL__	euclidean	head	7,8	global_pooled	lexeme_prefixed
14183	535	7.756889308389412	359	1	0.17570093457943925	0.2766355140186916	0.43721356553620533	0	-0.3375996620611684	-0.3177891404217563	-0.2954959988780968	6.446443728460284	5.652369114465436	0.0	0.9356102214873089	0.9932045894129959	0.3433688218289502	bert_base_uncased	__ALL__	cosine	head	7,9	global_pooled	lexeme_prefixed
14183	535	7.756889308389412	359	1	0.17570093457943925	0.2766355140186916	0.43721356553620533	0	-0.260212424992862	-0.23022755257278224	-0.21465579821967415	6.446443728460284	5.652369114465436	0.0	0.8943153196699155	1.1446290568667692	0.25481209899175067	bert_base_uncased	__ALL__	euclidean	head	7,9	global_pooled	lexeme_prefixed
14183	535	7.756889308389412	359	1	0.17570093457943925	0.2766355140186916	0.43721356553620533	0	-0.33744730817505575	-0.3145753399886247	-0.2938549158261149	6.439460638590993	5.448577946862503	0.0	0.9372903804417475	0.9914458854204289	0.33427342593245435	bert_base_uncased	__ALL__	cosine	head	7,10	global_pooled	lexeme_prefixed
14183	535	7.756889308389412	359	1	0.17570093457943925	0.2766355140186916	0.43721356553620533	0	-0.2571411107720407	-0.23005361826399556	-0.21410641050529863	6.439460638590993	5.448577946862503	0.0	0.8899040560330316	1.136906356530473	0.24649227948952973	bert_base_uncased	__ALL__	euclidean	head	7,10	global_pooled	lexeme_prefixed
14183	535	7.756889308389412	359	1	0.17570093457943925	0.2766355140186916	0.43721356553620533	0	-0.3306944710879646	-0.3142033340589482	-0.29182105555145393	6.25803120538614	5.683665463588537	0.0	0.9346494258398066	0.9921412776808664	0.3314531481350913	bert_base_uncased	__ALL__	cosine	head	7,11	global_pooled	lexeme_prefixed
14183	535	7.756889308389412	359	1	0.17570093457943925	0.2766355140186916	0.43721356553620533	0	-0.25772470053642627	-0.23000197804531008	-0.2173421459955521	6.25803120538614	5.683665463588537	6.5089988015286564e-09	0.8865062616537517	1.1389368589655662	0.2447296058661778	bert_base_uncased	__ALL__	euclidean	head	7,11	global_pooled	lexeme_prefixed
14183	535	7.756889308389412	359	1	0.17570093457943925	0.2766355140186916	0.43721356553620533	0	-0.3320788330743972	-0.3136148644506317	-0.29174567322605616	6.299442249474077	5.238531068512277	0.0	0.9387893716999377	0.9888780777082217	0.34259324543467534	bert_base_uncased	__ALL__	cosine	head	8,9	global_pooled	lexeme_prefixed
14183	535	7.756889308389412	359	1	0.17570093457943925	0.2766355140186916	0.43721356553620533	0	-0.2581037188354526	-0.230839986503037	-0.21622986900377164	6.299442249474077	5.238531068512277	6.651730758555849e-09	0.9009960069573687	1.113232875630182	0.2598885990270042	bert_base_uncased	__ALL__	euclidean	head	8,9	global_pooled	lexeme_prefixed
14183	535	7.756889308389412	359	1	0.17570093457943925	0.2766355140186916	0.43721356553620533	0	-0.33305268286176193	-0.3147137959728421	-0.29403125511591854	6.39445724026647	5.455203816863925	0.0	0.9395936115853919	0.9905791023883089	0.3373052245646196	bert_base_uncased	__ALL__	cosine	head	8,10	global_pooled	lexeme_prefixed
14183	535	7.756889308389412	359	1	0.17570093457943925	0.2766355140186916	0.43721356553620533	0	-0.25717223209854123	-0.23073946974600346	-0.21529617158576345	6.39445724026647	5.455203816863925	6.9100214032533656e-09	0.8903927759084876	1.1478556177015136	0.2580554184587182	bert_base_uncased	__ALL__	euclidean	head	8,10	global_pooled	lexeme_prefixed
14183	535	7.756889308389412	359	1	0.17570093457943925	0.2766355140186916	0.43721356553620533	0	-0.3219458513553567	-0.3039947301796062	-0.2802400359142065	6.257894982657013	5.583002320843993	5.752525271430733e-17	0.9358373827664087	0.9896206572277966	0.3440033843333568	bert_base_uncased	__ALL__	cosine	head	8,11	global_pooled	lexeme_prefixed
14183	535	7.756889308389412	359	1	0.17570093457943925	0.2766355140186916	0.43721356553620533	0	-0.25429968474790465	-0.22731828501135137	-0.2126590949255335	6.257894982657013	5.583002320843993	9.153993433746856e-09	0.8988020720518154	1.1027607284474437	0.2594655573573997	bert_base_uncased	__ALL__	euclidean	head	8,11	global_pooled	lexeme_prefixed
14183	535	7.756889308389412	359	1	0.17570093457943925	0.2766355140186916	0.43721356553620533	0	-0.3335899005397012	-0.31542185827292496	-0.29355947144716565	6.289874832701562	5.364140204347978	0.0	0.9370038927398114	0.9912914415434613	0.3407600648663893	bert_base_uncased	__ALL__	cosine	head	9,10	global_pooled	lexeme_prefixed
14183	535	7.756889308389412	359	1	0.17570093457943925	0.2766355140186916	0.43721356553620533	0	-0.26006989117325596	-0.23242493739184125	-0.2146772798676604	6.289874832701562	5.364140204347978	0.0	0.9004912686029766	1.1055828455798995	0.25608122400056404	bert_base_uncased	__ALL__	euclidean	head	9,10	global_pooled	lexeme_prefixed
14183	535	7.756889308389412	359	1	0.17570093457943925	0.2766355140186916	0.43721356553620533	0	-0.32522168205462837	-0.30493806516196	-0.28452879674736453	6.244994334925591	5.865463374109312	5.741264156149865e-17	0.933351261565911	0.9884160436047766	0.3399844884721145	bert_base_uncased	__ALL__	cosine	head	9,11	global_pooled	lexeme_prefixed
14183	535	7.756889308389412	359	1	0.17570093457943925	0.2766355140186916	0.43721356553620533	0	-0.2543301209457164	-0.2272563425428016	-0.21138200144625682	6.244994334925591	5.865463374109312	0.0	0.8915765027462917	1.1339117239809324	0.2553761545512233	bert_base_uncased	__ALL__	euclidean	head	9,11	global_pooled	lexeme_prefixed
14183	535	7.756889308389412	359	1	0.17570093457943925	0.2766355140186916	0.43721356553620533	0	-0.3272645904094201	-0.30738878588898927	-0.28865009843703227	6.344434424892339	5.479929489825914	0.0	0.9366545853512168	0.9919446945595534	0.3275752661637171	bert_base_uncased	__ALL__	cosine	head	10,11	global_pooled	lexeme_prefixed
14183	535	7.756889308389412	359	1	0.17570093457943925	0.2766355140186916	0.43721356553620533	0	-0.25983272827896375	-0.2315570507924876	-0.2158098648930544	6.344434424892339	5.479929489825914	0.0	0.896957011151964	1.1186513078216538	0.25255587675386026	bert_base_uncased	__ALL__	euclidean	head	10,11	global_pooled	lexeme_prefixed
14183	535	7.756889308389412	359	1	0.17570093457943925	0.2766355140186916	0.43721356553620533	0	-0.3403767717383098	-0.32129906238056816	-0.2990319855240063	6.1817803369963	5.9556612248732	0.0	0.9358182517964772	0.9898719610542266	0.33356835648311356	bert_base_uncased	__ALL__	cosine	head	0,1,2	global_pooled	lexeme_prefixed
14183	535	7.756889308389412	359	1	0.17570093457943925	0.2766355140186916	0.43721356553620533	0	-0.2601992637855195	-0.2316010033520109	-0.2167465483022569	6.1817803369963	5.9556612248732	8.733997424611637e-09	0.8890209227531696	0.9266495926214999	0.2465627864344638	bert_base_uncased	__ALL__	euclidean	head	0,1,2	global_pooled	lexeme_prefixed
14183	535	7.756889308389412	359	1	0.17570093457943925	0.2766355140186916	0.43721356553620533	0	-0.3341793009705631	-0.31239003964071377	-0.2932739188321378	6.473871599057643	6.044173005850576	0.0	0.9345494344608302	0.990902127321522	0.33328632870337727	bert_base_uncased	__ALL__	cosine	head	0,1,3	global_pooled	lexeme_prefixed
14183	535	7.756889308389412	359	1	0.17570093457943925	0.2766355140186916	0.43721356553620533	0	-0.25936496417144994	-0.23109921754924248	-0.21463016995321	6.473871599057643	6.044173005850576	0.0	0.8897547983119819	0.9201160063237774	0.25227384897412397	bert_base_uncased	__ALL__	euclidean	head	0,1,3	global_pooled	lexeme_prefixed
14183	535	7.756889308389412	359	1	0.17570093457943925	0.2766355140186916	0.43721356553620533	0	-0.3379336886975468	-0.3193696188499736	-0.29722658286292736	6.3728016230625295	6.31245085110145	1.1377507155450248e-16	0.9337703272016431	0.9892137633453656	0.32891489811746455	bert_base_uncased	__ALL__	cosine	head	0,1,4	global_pooled	lexeme_prefixed
14183	535	7.756889308389412	359	1	0.17570093457943925	0.2766355140186916	0.43721356553620533	0	-0.2601221138435724	-0.23170026043145367	-0.2160855616442829	6.3728016230625295	6.31245085110145	9.13596303139072e-09	0.8847458781652073	0.9396462821869941	0.24973559895649722	bert_base_uncased	__ALL__	euclidean	head	0,1,4	global_pooled	lexeme_prefixed
14183	535	7.756889308389412	359	1	0.17570093457943925	0.2766355140186916	0.43721356553620533	0	-0.3255046659455809	-0.3075192665562843	-0.28484942501589694	6.381341077628907	5.941974872193382	0.0	0.9348914330383211	0.9901280849131627	0.33526052316153143	bert_base_uncased	__ALL__	cosine	head	0,1,5	global_pooled	lexeme_prefixed
14183	535	7.756889308389412	359	1	0.17570093457943925	0.2766355140186916	0.43721356553620533	0	-0.25436899774731925	-0.2267855584581553	-0.2123201187583038	6.381341077628907	5.941974872193382	0.0	0.8941758951203915	0.9202483397986582	0.256927307339773	bert_base_uncased	__ALL__	euclidean	head	0,1,5	global_pooled	lexeme_prefixed
14183	535	7.756889308389412	359	1	0.17570093457943925	0.2766355140186916	0.43721356553620533	0	-0.3324391068445832	-0.31310775795417983	-0.29254967087375044	6.310215881611207	5.85405702305264	0.0	0.9344582789058479	0.9907870852468951	0.3334273425932454	bert_base_uncased	__ALL__	cosine	head	0,1,6	global_pooled	lexeme_prefixed
14183	535	7.756889308389412	359	1	0.17570093457943925	0.2766355140186916	0.43721356553620533	0	-0.2565922537621002	-0.22782381966962967	-0.21182072566298782	6.310215881611207	5.85405702305264	0.0	0.8944238110700855	0.9182771815000288	0.2553056476062892	bert_base_uncased	__ALL__	euclidean	head	0,1,6	global_pooled	lexeme_prefixed
14183	535	7.756889308389412	359	1	0.17570093457943925	0.2766355140186916	0.43721356553620533	0	-0.3319404532444096	-0.3129556825085041	-0.2919449020180217	6.302379030911882	5.822120752921003	0.0	0.9344746984071212	0.9908594624761852	0.3291264189522668	bert_base_uncased	__ALL__	cosine	head	0,1,7	global_pooled	lexeme_prefixed
14183	535	7.756889308389412	359	1	0.17570093457943925	0.2766355140186916	0.43721356553620533	0	-0.2567377498680834	-0.22899942173624477	-0.21662207129249908	6.302379030911882	5.822120752921003	0.0	0.8883720658232273	0.928147378407491	0.2468448142142001	bert_base_uncased	__ALL__	euclidean	head	0,1,7	global_pooled	lexeme_prefixed
14183	535	7.756889308389412	359	1	0.17570093457943925	0.2766355140186916	0.43721356553620533	0	-0.33813042593105025	-0.31693394901322247	-0.29378390595986775	6.317240053478929	6.025670540587475	0.0	0.9345792368435033	0.9899017301416878	0.3397729676373123	bert_base_uncased	__ALL__	cosine	head	0,1,8	global_pooled	lexeme_prefixed
14183	535	7.756889308389412	359	1	0.17570093457943925	0.2766355140186916	0.43721356553620533	0	-0.25740442593559937	-0.2295368177721548	-0.21473621841054213	6.317240053478929	6.025670540587475	0.0	0.8901093755162414	0.9333960762384015	0.25551716844109146	bert_base_uncased	__ALL__	euclidean	head	0,1,8	global_pooled	lexeme_prefixed
14183	535	7.756889308389412	359	1	0.17570093457943925	0.2766355140186916	0.43721356553620533	0	-0.33886414772026496	-0.31838158137018646	-0.29682552409173424	6.401714461685613	5.9440092517770635	0.0	0.9329226974862018	0.991096332610253	0.3344849467672566	bert_base_uncased	__ALL__	cosine	head	0,1,9	global_pooled	lexeme_prefixed
14183	535	7.756889308389412	359	1	0.17570093457943925	0.2766355140186916	0.43721356553620533	0	-0.2571313925802117	-0.2287222250263833	-0.21525698335397966	6.401714461685613	5.9440092517770635	8.263944485851811e-09	0.8945080704055707	0.9344677056012083	0.24839596700274977	bert_base_uncased	__ALL__	euclidean	head	0,1,9	global_pooled	lexeme_prefixed
14183	535	7.756889308389412	359	1	0.17570093457943925	0.2766355140186916	0.43721356553620533	0	-0.33418203632749455	-0.3178383474524247	-0.2950545568003822	6.363343401278678	5.704014256607781	0.0	0.9362131290834277	0.9895093783769338	0.3301135161813439	bert_base_uncased	__ALL__	cosine	head	0,1,10	global_pooled	lexeme_prefixed
14183	535	7.756889308389412	359	1	0.17570093457943925	0.2766355140186916	0.43721356553620533	0	-0.2561059044381021	-0.22949626673525078	-0.21282387772669045	6.363343401278678	5.704014256607781	9.155411558384395e-09	0.8943329307066994	0.9228296420092887	0.25178030035958543	bert_base_uncased	__ALL__	euclidean	head	0,1,10	global_pooled	lexeme_prefixed
14183	535	7.756889308389412	359	1	0.17570093457943925	0.2766355140186916	0.43721356553620533	0	-0.33435992688100474	-0.31760401244867836	-0.29444178522181536	6.287521714380985	5.9575802671901865	0.0	0.9331657463285109	0.9921019449964983	0.33596559261087217	bert_base_uncased	__ALL__	cosine	head	0,1,11	global_pooled	lexeme_prefixed
14183	535	7.756889308389412	359	1	0.17570093457943925	0.2766355140186916	0.43721356553620533	0	-0.2582426272930252	-0.23061233689532656	-0.216191810526543	6.287521714380985	5.9575802671901865	0.0	0.890280652472152	0.9385285092037126	0.24959458506662907	bert_base_uncased	__ALL__	euclidean	head	0,1,11	global_pooled	lexeme_prefixed
14183	535	7.756889308389412	359	1	0.17570093457943925	0.2766355140186916	0.43721356553620533	0	-0.3377856648498808	-0.3159652572401979	-0.2941026770612048	6.300250000363806	5.746224759637152	1.1396287446791895e-16	0.9369141767086049	0.9906138212200993	0.33194669674962984	bert_base_uncased	__ALL__	cosine	head	0,2,3	global_pooled	lexeme_prefixed
14183	535	7.756889308389412	359	1	0.17570093457943925	0.2766355140186916	0.43721356553620533	0	-0.26007134346681515	-0.2312723456813985	-0.21602133331108564	6.300250000363806	5.746224759637152	6.483403528220714e-09	0.8893921904057511	0.9210498908194862	0.24691532115913417	bert_base_uncased	__ALL__	euclidean	head	0,2,3	global_pooled	lexeme_prefixed
14183	535	7.756889308389412	359	1	0.17570093457943925	0.2766355140186916	0.43721356553620533	0	-0.3461328303289814	-0.3272064745949145	-0.30863330705842384	6.3547753157620415	5.942015064889647	5.69524713865043e-17	0.9348809403157208	0.9864876974201743	0.32722273143904673	bert_base_uncased	__ALL__	cosine	head	0,2,4	global_pooled	lexeme_prefixed
14183	535	7.756889308389412	359	1	0.17570093457943925	0.2766355140186916	0.43721356553620533	0	-0.26370827209155934	-0.23575557070374203	-0.2204310008889932	6.3547753157620415	5.942015064889647	6.295594109328098e-09	0.8824102373883514	0.9348882845105898	0.24444757808644152	bert_base_uncased	__ALL__	euclidean	head	0,2,4	global_pooled	lexeme_prefixed
14183	535	7.756889308389412	359	1	0.17570093457943925	0.2766355140186916	0.43721356553620533	0	-0.33424066203790864	-0.313434432416426	-0.29105508588681184	6.2766412174776125	5.875758905418965	0.0	0.935726334036809	0.9897997143224967	0.3327927800888387	bert_base_uncased	__ALL__	cosine	head	0,2,5	global_pooled	lexeme_prefixed
14183	535	7.756889308389412	359	1	0.17570093457943925	0.2766355140186916	0.43721356553620533	0	-0.2594952547568813	-0.2322522989241348	-0.21430923601313612	6.2766412174776125	5.875758905418965	0.0	0.8914674718877731	0.926463243890444	0.24839596700274977	bert_base_uncased	__ALL__	euclidean	head	0,2,5	global_pooled	lexeme_prefixed
14183	535	7.756889308389412	359	1	0.17570093457943925	0.2766355140186916	0.43721356553620533	0	-0.337154245691808	-0.3169631841115299	-0.29550739633655415	6.2458133723284295	6.024191995338595	0.0	0.9346969159970507	0.9900836237783742	0.32461397447648593	bert_base_uncased	__ALL__	cosine	head	0,2,6	global_pooled	lexeme_prefixed
14183	535	7.756889308389412	359	1	0.17570093457943925	0.2766355140186916	0.43721356553620533	0	-0.25870632447614506	-0.22963520299241222	-0.21388775284983017	6.2458133723284295	6.024191995338595	0.0	0.8873363450009499	0.9385987075309843	0.2509342170203765	bert_base_uncased	__ALL__	euclidean	head	0,2,6	global_pooled	lexeme_prefixed
14183	535	7.756889308389412	359	1	0.17570093457943925	0.2766355140186916	0.43721356553620533	0	-0.3379642704050653	-0.31587670751814517	-0.29536667091396385	6.245125861136243	5.59886369163327	1.7207570508304512e-16	0.9357131851067723	0.9904269397310338	0.32722273143904673	bert_base_uncased	__ALL__	cosine	head	0,2,7	global_pooled	lexeme_prefixed
14183	535	7.756889308389412	359	1	0.17570093457943925	0.2766355140186916	0.43721356553620533	0	-0.258118124759303	-0.22920414522383717	-0.2134409448998758	6.245125861136243	5.59886369163327	5.710360536230533e-09	0.8902908197687555	0.9255513973230255	0.24670380032433195	bert_base_uncased	__ALL__	euclidean	head	0,2,7	global_pooled	lexeme_prefixed
14183	535	7.756889308389412	359	1	0.17570093457943925	0.2766355140186916	0.43721356553620533	0	-0.3362343455070839	-0.3165740384718258	-0.2969524075509533	6.293887874024621	5.819737513085978	0.0	0.9364497356956822	0.9887826218154966	0.33927941902277375	bert_base_uncased	__ALL__	cosine	head	0,2,8	global_pooled	lexeme_prefixed
14183	535	7.756889308389412	359	1	0.17570093457943925	0.2766355140186916	0.43721356553620533	0	-0.2549854100043697	-0.2283797285053777	-0.21293874731514464	6.293887874024621	5.819737513085978	1.0081456127033643e-08	0.8886318741378327	0.9320686089029215	0.2542480434322781	bert_base_uncased	__ALL__	euclidean	head	0,2,8	global_pooled	lexeme_prefixed
14183	535	7.756889308389412	359	1	0.17570093457943925	0.2766355140186916	0.43721356553620533	0	-0.3435719481059518	-0.321026253102729	-0.30151775481772564	6.223089608963861	5.955957117887331	0.0	0.9348243838219602	0.988507169990323	0.3350490023267292	bert_base_uncased	__ALL__	cosine	head	0,2,9	global_pooled	lexeme_prefixed
14183	535	7.756889308389412	359	1	0.17570093457943925	0.2766355140186916	0.43721356553620533	0	-0.25743243175121805	-0.22892658817229897	-0.21462421855793487	6.223089608963861	5.955957117887331	5.826869399280371e-09	0.8864298049738679	0.9455080727854779	0.24691532115913417	bert_base_uncased	__ALL__	euclidean	head	0,2,9	global_pooled	lexeme_prefixed
14183	535	7.756889308389412	359	1	0.17570093457943925	0.2766355140186916	0.43721356553620533	0	-0.33940328460270175	-0.32083446690061335	-0.29913722110216523	6.257762169207499	5.795248846575683	0.0	0.9366459252283307	0.9887876872196952	0.32842134950292606	bert_base_uncased	__ALL__	cosine	head	0,2,10	global_pooled	lexeme_prefixed
14183	535	7.756889308389412	359	1	0.17570093457943925	0.2766355140186916	0.43721356553620533	0	-0.2600184510329084	-0.2328736201735961	-0.21615102555812088	6.257762169207499	5.795248846575683	0.0	0.8874727296927266	0.9325549757672029	0.25170979341465133	bert_base_uncased	__ALL__	euclidean	head	0,2,10	global_pooled	lexeme_prefixed
14183	535	7.756889308389412	359	1	0.17570093457943925	0.2766355140186916	0.43721356553620533	0	-0.3335884589540172	-0.31361509074123145	-0.2927114060141358	6.192643591727462	5.737175473464088	1.145766882214011e-16	0.9362563801024334	0.9886470357622288	0.3317351759148276	bert_base_uncased	__ALL__	cosine	head	0,2,11	global_pooled	lexeme_prefixed
14183	535	7.756889308389412	359	1	0.17570093457943925	0.2766355140186916	0.43721356553620533	0	-0.26073756411788523	-0.23309546419823068	-0.21792147631617903	6.192643591727462	5.737175473464088	0.0	0.8895040733145946	0.9249630928828256	0.2515687795247832	bert_base_uncased	__ALL__	euclidean	head	0,2,11	global_pooled	lexeme_prefixed
14183	535	7.756889308389412	359	1	0.17570093457943925	0.2766355140186916	0.43721356553620533	0	-0.344429587284247	-0.3256033990602496	-0.30136083711545636	6.45249815889491	6.152684873996947	5.702494966693348e-17	0.9337411903770985	0.9880472430049687	0.33166466896989355	bert_base_uncased	__ALL__	cosine	head	0,3,4	global_pooled	lexeme_prefixed
14183	535	7.756889308389412	359	1	0.17570093457943925	0.2766355140186916	0.43721356553620533	0	-0.2641018164535999	-0.2346441124574471	-0.21639957090321696	6.45249815889491	6.152684873996947	0.0	0.8847733063483231	0.9396286655497329	0.24049918917013327	bert_base_uncased	__ALL__	euclidean	head	0,3,4	global_pooled	lexeme_prefixed
14183	535	7.756889308389412	359	1	0.17570093457943925	0.2766355140186916	0.43721356553620533	0	-0.32128475486845953	-0.2976723314649499	-0.27847640281658687	6.447282598484906	5.626789923668996	0.0	0.9359524118327626	0.9936376290222549	0.3370231967848833	bert_base_uncased	__ALL__	cosine	head	0,3,5	global_pooled	lexeme_prefixed
14183	535	7.756889308389412	359	1	0.17570093457943925	0.2766355140186916	0.43721356553620533	0	-0.25852251728672	-0.2296988151073082	-0.21252526591385942	6.447282598484906	5.626789923668996	0.0	0.8962119203169214	0.9069591907085269	0.25283790453359656	bert_base_uncased	__ALL__	euclidean	head	0,3,5	global_pooled	lexeme_prefixed
14183	535	7.756889308389412	359	1	0.17570093457943925	0.2766355140186916	0.43721356553620533	0	-0.3287507374343633	-0.3086986691767339	-0.2874031886011826	6.423877966104868	5.74167604925123	0.0	0.9357293078257546	0.9918248265457652	0.3379397870690263	bert_base_uncased	__ALL__	cosine	head	0,3,6	global_pooled	lexeme_prefixed
14183	535	7.756889308389412	359	1	0.17570093457943925	0.2766355140186916	0.43721356553620533	0	-0.2608877641780489	-0.2314158025002383	-0.21559543763449268	6.423877966104868	5.74167604925123	0.0	0.8928340301973845	0.9223077351701833	0.25340196009306915	bert_base_uncased	__ALL__	euclidean	head	0,3,6	global_pooled	lexeme_prefixed
14183	535	7.756889308389412	359	1	0.17570093457943925	0.2766355140186916	0.43721356553620533	0	-0.3286045033054506	-0.306825026120038	-0.28733472907511154	6.3454599283587045	5.3858141245161475	0.0	0.9382943484415244	0.9934132381351333	0.3279278008883875	bert_base_uncased	__ALL__	cosine	head	0,3,7	global_pooled	lexeme_prefixed
14183	535	7.756889308389412	359	1	0.17570093457943925	0.2766355140186916	0.43721356553620533	0	-0.2603234535211126	-0.23165774757071092	-0.21601505468290855	6.3454599283587045	5.3858141245161475	0.0	0.89394112445982	0.915546264063827	0.24726785588380457	bert_base_uncased	__ALL__	euclidean	head	0,3,7	global_pooled	lexeme_prefixed
14183	535	7.756889308389412	359	1	0.17570093457943925	0.2766355140186916	0.43721356553620533	0	-0.3308458413615886	-0.3078310404572553	-0.2880643691226405	6.404291794683641	5.802550511518848	0.0	0.9354865675494761	0.9905882430349724	0.3394204329126419	bert_base_uncased	__ALL__	cosine	head	0,3,8	global_pooled	lexeme_prefixed
14183	535	7.756889308389412	359	1	0.17570093457943925	0.2766355140186916	0.43721356553620533	0	-0.25865635393004793	-0.23124301543391004	-0.21408541705848338	6.404291794683641	5.802550511518848	0.0	0.891946755341913	0.927605807963195	0.24973559895649722	bert_base_uncased	__ALL__	euclidean	head	0,3,8	global_pooled	lexeme_prefixed
14183	535	7.756889308389412	359	1	0.17570093457943925	0.2766355140186916	0.43721356553620533	0	-0.33836046423512656	-0.31611688085455253	-0.29511474489573386	6.418115193948851	5.660181471913382	5.68283261694717e-17	0.9349071113002092	0.9907434532068752	0.33603609955580627	bert_base_uncased	__ALL__	cosine	head	0,3,9	global_pooled	lexeme_prefixed
14183	535	7.756889308389412	359	1	0.17570093457943925	0.2766355140186916	0.43721356553620533	0	-0.26036736057757137	-0.23196004362081826	-0.21678307648211753	6.418115193948851	5.660181471913382	8.632532999989378e-09	0.8973336788409372	0.9147728673343928	0.24346048085736446	bert_base_uncased	__ALL__	euclidean	head	0,3,9	global_pooled	lexeme_prefixed
14183	535	7.756889308389412	359	1	0.17570093457943925	0.2766355140186916	0.43721356553620533	0	-0.3347816298238234	-0.31499140782840784	-0.2924542797720868	6.410051912882545	5.699743063023506	0.0	0.93573344747436	0.9910626219919552	0.32997250229147573	bert_base_uncased	__ALL__	cosine	head	0,3,10	global_pooled	lexeme_prefixed
14183	535	7.756889308389412	359	1	0.17570093457943925	0.2766355140186916	0.43721356553620533	0	-0.25783144885250986	-0.22955339412594913	-0.21502577668505804	6.410051912882545	5.699743063023506	0.0	0.8903410461162958	0.9250883488779004	0.24945357117676092	bert_base_uncased	__ALL__	euclidean	head	0,3,10	global_pooled	lexeme_prefixed
14183	535	7.756889308389412	359	1	0.17570093457943925	0.2766355140186916	0.43721356553620533	0	-0.3261535408865872	-0.30631768409506394	-0.2826192451828883	6.413616279177831	5.758695307762847	0.0	0.935581441876608	0.9922527229140666	0.3317351759148276	bert_base_uncased	__ALL__	cosine	head	0,3,11	global_pooled	lexeme_prefixed
14183	535	7.756889308389412	359	1	0.17570093457943925	0.2766355140186916	0.43721356553620533	0	-0.2582975600336816	-0.230441965944702	-0.21538081337423615	6.413616279177831	5.758695307762847	0.0	0.8937428083005738	0.918701013978523	0.24677430726926602	bert_base_uncased	__ALL__	euclidean	head	0,3,11	global_pooled	lexeme_prefixed
14183	535	7.756889308389412	359	1	0.17570093457943925	0.2766355140186916	0.43721356553620533	0	-0.32857673581390445	-0.3116004553926	-0.2900654266846999	6.328780292152427	5.804379838450327	1.1395159456907257e-16	0.9361556506282247	0.9891895349708445	0.33251075230910243	bert_base_uncased	__ALL__	cosine	head	0,4,5	global_pooled	lexeme_prefixed
14183	535	7.756889308389412	359	1	0.17570093457943925	0.2766355140186916	0.43721356553620533	0	-0.25992901198885704	-0.23146618401722505	-0.2155982985631763	6.328780292152427	5.804379838450327	1.0424626650208812e-08	0.8919875880347653	0.9150419982865489	0.2515687795247832	bert_base_uncased	__ALL__	euclidean	head	0,4,5	global_pooled	lexeme_prefixed
14183	535	7.756889308389412	359	1	0.17570093457943925	0.2766355140186916	0.43721356553620533	0	-0.32901846341775604	-0.312237920571342	-0.2921798272826626	6.368719669243582	5.847927860345374	0.0	0.9357472307129192	0.9899182385210787	0.325601071705563	bert_base_uncased	__ALL__	cosine	head	0,4,6	global_pooled	lexeme_prefixed
14183	535	7.756889308389412	359	1	0.17570093457943925	0.2766355140186916	0.43721356553620533	0	-0.2617898468458272	-0.23391495874525672	-0.2162109862967838	6.368719669243582	5.847927860345374	6.765428750943927e-09	0.8928985254229046	0.912898061199946	0.24747937671860679	bert_base_uncased	__ALL__	euclidean	head	0,4,6	global_pooled	lexeme_prefixed
14183	535	7.756889308389412	359	1	0.17570093457943925	0.2766355140186916	0.43721356553620533	0	-0.32949499080086037	-0.31105480624244836	-0.2899528999554812	6.308972495443203	5.986297057954413	0.0	0.9347679939428785	0.9886524785582709	0.322851300853134	bert_base_uncased	__ALL__	cosine	head	0,4,7	global_pooled	lexeme_prefixed
14183	535	7.756889308389412	359	1	0.17570093457943925	0.2766355140186916	0.43721356553620533	0	-0.26085280351767504	-0.23298995798666322	-0.21564148035983466	6.308972495443203	5.986297057954413	0.0	0.8833592945848381	0.9292631452395955	0.247690897553409	bert_base_uncased	__ALL__	euclidean	head	0,4,7	global_pooled	lexeme_prefixed
14183	535	7.756889308389412	359	1	0.17570093457943925	0.2766355140186916	0.43721356553620533	0	-0.3337602094043101	-0.3159583320651002	-0.293954357602339	6.430210993274679	5.8477573378684555	0.0	0.9359041107022941	0.988254512231262	0.3337798773179158	bert_base_uncased	__ALL__	cosine	head	0,4,8	global_pooled	lexeme_prefixed
14183	535	7.756889308389412	359	1	0.17570093457943925	0.2766355140186916	0.43721356553620533	0	-0.26198931597703523	-0.23440674096072578	-0.2165637485456816	6.430210993274679	5.8477573378684555	0.0	0.8871102856392108	0.9284900981466202	0.25481209899175067	bert_base_uncased	__ALL__	euclidean	head	0,4,8	global_pooled	lexeme_prefixed
14183	535	7.756889308389412	359	1	0.17570093457943925	0.2766355140186916	0.43721356553620533	0	-0.34626625551928475	-0.3291696425252501	-0.307296433415469	6.459748502875344	6.129599293303412	0.0	0.9321738517959951	0.9884536080368085	0.3284918564478601	bert_base_uncased	__ALL__	cosine	head	0,4,9	global_pooled	lexeme_prefixed
14183	535	7.756889308389412	359	1	0.17570093457943925	0.2766355140186916	0.43721356553620533	0	-0.25995435608784356	-0.23243309196746634	-0.21544051392720007	6.459748502875344	6.129599293303412	0.0	0.8854252414522231	0.9419675956232342	0.2436014947472326	bert_base_uncased	__ALL__	euclidean	head	0,4,9	global_pooled	lexeme_prefixed
14183	535	7.756889308389412	359	1	0.17570093457943925	0.2766355140186916	0.43721356553620533	0	-0.34207258644550614	-0.3256505739415803	-0.3025270325326983	6.391426868431695	5.907466860241782	0.0	0.9342274924331919	0.9862465874066253	0.3250370161460904	bert_base_uncased	__ALL__	cosine	head	0,4,10	global_pooled	lexeme_prefixed
14183	535	7.756889308389412	359	1	0.17570093457943925	0.2766355140186916	0.43721356553620533	0	-0.2633338321766748	-0.2361812739897297	-0.21765667154677026	6.391426868431695	5.907466860241782	0.0	0.8872604625325342	0.9367035838158836	0.24698582810406824	bert_base_uncased	__ALL__	euclidean	head	0,4,10	global_pooled	lexeme_prefixed
14183	535	7.756889308389412	359	1	0.17570093457943925	0.2766355140186916	0.43721356553620533	0	-0.3349416387483411	-0.3186725629715729	-0.2940051662550777	6.3568396478276	6.050538448497079	0.0	0.933362654211414	0.9885493611348839	0.32602411337516746	bert_base_uncased	__ALL__	cosine	head	0,4,11	global_pooled	lexeme_prefixed
14183	535	7.756889308389412	359	1	0.17570093457943925	0.2766355140186916	0.43721356553620533	0	-0.26143406021372956	-0.23409651233216183	-0.2166454136037044	6.3568396478276	6.050538448497079	6.108029541031545e-09	0.8878294763028934	0.9319319645674647	0.24374250863710076	bert_base_uncased	__ALL__	euclidean	head	0,4,11	global_pooled	lexeme_prefixed
14183	535	7.756889308389412	359	1	0.17570093457943925	0.2766355140186916	0.43721356553620533	0	-0.32492577420763014	-0.30478112793738804	-0.2851722834486355	6.355741994804899	5.811901947437868	0.0	0.9348030287992574	0.9927146649241614	0.33194669674962984	bert_base_uncased	__ALL__	cosine	head	0,5,6	global_pooled	lexeme_prefixed
14183	535	7.756889308389412	359	1	0.17570093457943925	0.2766355140186916	0.43721356553620533	0	-0.2588540368798171	-0.23021466795210319	-0.2151091635764554	6.355741994804899	5.811901947437868	0.0	0.8963189301744198	0.9202596916646063	0.2582669392935204	bert_base_uncased	__ALL__	euclidean	head	0,5,6	global_pooled	lexeme_prefixed
14183	535	7.756889308389412	359	1	0.17570093457943925	0.2766355140186916	0.43721356553620533	0	-0.32356179759409787	-0.3019480377374412	-0.2822710149386692	6.282143868156962	5.57104791456684	0.0	0.9360358278810044	0.9908571637783254	0.3284918564478601	bert_base_uncased	__ALL__	cosine	head	0,5,7	global_pooled	lexeme_prefixed
14183	535	7.756889308389412	359	1	0.17570093457943925	0.2766355140186916	0.43721356553620533	0	-0.25987225719656315	-0.23092082107679712	-0.214835942976511	6.282143868156962	5.57104791456684	0.0	0.8959826770340872	0.9144478105022285	0.2507226961855743	bert_base_uncased	__ALL__	euclidean	head	0,5,7	global_pooled	lexeme_prefixed
14183	535	7.756889308389412	359	1	0.17570093457943925	0.2766355140186916	0.43721356553620533	0	-0.3317365195662469	-0.3106871122042749	-0.29079410427311875	6.30934514504275	5.9254542749357935	0.0	0.935078937446438	0.9903024085424893	0.3394204329126419	bert_base_uncased	__ALL__	cosine	head	0,5,8	global_pooled	lexeme_prefixed
14183	535	7.756889308389412	359	1	0.17570093457943925	0.2766355140186916	0.43721356553620533	0	-0.2557125522608718	-0.22826203415456342	-0.2117465125173289	6.30934514504275	5.9254542749357935	0.0	0.8914676585043105	0.932226932350105	0.2521328350842558	bert_base_uncased	__ALL__	euclidean	head	0,5,8	global_pooled	lexeme_prefixed
14183	535	7.756889308389412	359	1	0.17570093457943925	0.2766355140186916	0.43721356553620533	0	-0.33316487534719263	-0.3098086393727436	-0.289263689863536	6.2998693730408295	5.718279616787016	1.7163023364260161e-16	0.9349323022544028	0.9905252653460918	0.3411125995910597	bert_base_uncased	__ALL__	cosine	head	0,5,9	global_pooled	lexeme_prefixed
14183	535	7.756889308389412	359	1	0.17570093457943925	0.2766355140186916	0.43721356553620533	0	-0.25571661705637044	-0.22784488836276348	-0.21205165754523236	6.2998693730408295	5.718279616787016	7.744690252952678e-09	0.8936373014754527	0.9285202639176969	0.2519213142494536	bert_base_uncased	__ALL__	euclidean	head	0,5,9	global_pooled	lexeme_prefixed
14183	535	7.756889308389412	359	1	0.17570093457943925	0.2766355140186916	0.43721356553620533	0	-0.3284467595346692	-0.3064927753374213	-0.288622880109052	6.414809091775067	5.672401094215981	1.144496348987191e-16	0.9372377543611696	0.9915346597289159	0.322851300853134	bert_base_uncased	__ALL__	cosine	head	0,5,10	global_pooled	lexeme_prefixed
14183	535	7.756889308389412	359	1	0.17570093457943925	0.2766355140186916	0.43721356553620533	0	-0.25698705611946343	-0.22865617305923716	-0.21316716926818252	6.414809091775067	5.672401094215981	0.0	0.8923888036906626	0.9154981621633799	0.24973559895649722	bert_base_uncased	__ALL__	euclidean	head	0,5,10	global_pooled	lexeme_prefixed
14183	535	7.756889308389412	359	1	0.17570093457943925	0.2766355140186916	0.43721356553620533	0	-0.3305538767214	-0.310156547012728	-0.29035797244562084	6.2856922747942185	5.711316422604645	5.725583366253764e-17	0.9347973639069811	0.9905173078630514	0.3354015370513996	bert_base_uncased	__ALL__	cosine	head	0,5,11	global_pooled	lexeme_prefixed
14183	535	7.756889308389412	359	1	0.17570093457943925	0.2766355140186916	0.43721356553620533	0	-0.2605881230299042	-0.23144119169552538	-0.21648337329631653	6.2856922747942185	5.711316422604645	0.0	0.8935896298120823	0.923372376857655	0.24501163364591413	bert_base_uncased	__ALL__	euclidean	head	0,5,11	global_pooled	lexeme_prefixed
14183	535	7.756889308389412	359	1	0.17570093457943925	0.2766355140186916	0.43721356553620533	0	-0.33062523532920307	-0.3086094710142443	-0.2889184307859184	6.281873371910803	5.52017282322796	0.0	0.9360326474573718	0.9911700331331148	0.32729323838398083	bert_base_uncased	__ALL__	cosine	head	0,6,7	global_pooled	lexeme_prefixed
14183	535	7.756889308389412	359	1	0.17570093457943925	0.2766355140186916	0.43721356553620533	0	-0.2591427498336337	-0.23153149427855094	-0.21647690761940913	6.281873371910803	5.52017282322796	0.0	0.8939989309573456	0.9184240840563964	0.253260946203201	bert_base_uncased	__ALL__	euclidean	head	0,6,7	global_pooled	lexeme_prefixed
14183	535	7.756889308389412	359	1	0.17570093457943925	0.2766355140186916	0.43721356553620533	0	-0.3329722466976068	-0.31406828206966025	-0.2937807538714378	6.315583360941694	5.819639881292903	0.0	0.9355984678380791	0.9913206777781698	0.3363886342804766	bert_base_uncased	__ALL__	cosine	head	0,6,8	global_pooled	lexeme_prefixed
14183	535	7.756889308389412	359	1	0.17570093457943925	0.2766355140186916	0.43721356553620533	0	-0.25800182000914607	-0.23021999728991827	-0.21481896389330202	6.315583360941694	5.819639881292903	0.0	0.8914120546140982	0.9271740690376096	0.2572798420644433	bert_base_uncased	__ALL__	euclidean	head	0,6,8	global_pooled	lexeme_prefixed
14183	535	7.756889308389412	359	1	0.17570093457943925	0.2766355140186916	0.43721356553620533	0	-0.3343642836575595	-0.3141509184507518	-0.29364869671468713	6.34060923110778	5.8203599994617425	0.0	0.9337223880083886	0.9889417636551692	0.33194669674962984	bert_base_uncased	__ALL__	cosine	head	0,6,9	global_pooled	lexeme_prefixed
14183	535	7.756889308389412	359	1	0.17570093457943925	0.2766355140186916	0.43721356553620533	0	-0.25935992442962225	-0.2305036412432862	-0.21590429494832425	6.34060923110778	5.8203599994617425	0.0	0.8950648322196576	0.931936145656738	0.24994711979129944	bert_base_uncased	__ALL__	euclidean	head	0,6,9	global_pooled	lexeme_prefixed
14183	535	7.756889308389412	359	1	0.17570093457943925	0.2766355140186916	0.43721356553620533	0	-0.32719745872601613	-0.3097860925652318	-0.2871801383741479	6.289031446486231	5.818641287274139	5.779020822401545e-17	0.9358436324554185	0.9904181782672822	0.3260946203201015	bert_base_uncased	__ALL__	cosine	head	0,6,10	global_pooled	lexeme_prefixed
14183	535	7.756889308389412	359	1	0.17570093457943925	0.2766355140186916	0.43721356553620533	0	-0.2574732390324461	-0.2308089687997789	-0.21239310370830972	6.289031446486231	5.818641287274139	1.1043944032721243e-08	0.8922001466730447	0.920003115181944	0.2516392864697173	bert_base_uncased	__ALL__	euclidean	head	0,6,10	global_pooled	lexeme_prefixed
14183	535	7.756889308389412	359	1	0.17570093457943925	0.2766355140186916	0.43721356553620533	0	-0.33095289105654296	-0.31149918014657674	-0.288289974463161	6.2121471435126345	5.563890369184425	0.0	0.9374682010609662	0.9908169437065352	0.32898540506239865	bert_base_uncased	__ALL__	cosine	head	0,7,8	global_pooled	lexeme_prefixed
14183	535	7.756889308389412	359	1	0.17570093457943925	0.2766355140186916	0.43721356553620533	0	-0.2576431044908088	-0.23106858174782552	-0.2129663773108289	6.2121471435126345	5.563890369184425	1.0062880474943428e-08	0.8909606644139756	0.9303342022946733	0.2549531128816188	bert_base_uncased	__ALL__	euclidean	head	0,7,8	global_pooled	lexeme_prefixed
14183	535	7.756889308389412	359	1	0.17570093457943925	0.2766355140186916	0.43721356553620533	0	-0.3202384613747238	-0.3024061393402643	-0.28213923484465403	6.206967620552078	5.7437000774443225	1.1463927073786963e-16	0.9353131060514678	0.9913782701096052	0.3328632870337728	bert_base_uncased	__ALL__	cosine	head	0,6,11	global_pooled	lexeme_prefixed
14183	535	7.756889308389412	359	1	0.17570093457943925	0.2766355140186916	0.43721356553620533	0	-0.2580928431151027	-0.22974730054653897	-0.21459007692021043	6.206967620552078	5.7437000774443225	0.0	0.8962796726958665	0.9128339660298269	0.25615173094549815	bert_base_uncased	__ALL__	euclidean	head	0,6,11	global_pooled	lexeme_prefixed
14183	535	7.756889308389412	359	1	0.17570093457943925	0.2766355140186916	0.43721356553620533	0	-0.33959653663358325	-0.3168098295596151	-0.2975216827405857	6.408887592616614	5.668304486779908	0.0	0.9343309006736642	0.9921003499530175	0.3344144398223225	bert_base_uncased	__ALL__	cosine	head	0,7,9	global_pooled	lexeme_prefixed
14183	535	7.756889308389412	359	1	0.17570093457943925	0.2766355140186916	0.43721356553620533	0	-0.25866232572635534	-0.2293775541649046	-0.2151683181680943	6.408887592616614	5.668304486779908	5.30990657137077e-09	0.8931886638810539	0.9363654798846814	0.24726785588380457	bert_base_uncased	__ALL__	euclidean	head	0,7,9	global_pooled	lexeme_prefixed
14183	535	7.756889308389412	359	1	0.17570093457943925	0.2766355140186916	0.43721356553620533	0	-0.3326862982156277	-0.3106467678382706	-0.29162395467820545	6.333351216786656	5.438624219452595	0.0	0.9373051780651064	0.9905466906945821	0.3275752661637171	bert_base_uncased	__ALL__	cosine	head	0,7,10	global_pooled	lexeme_prefixed
14183	535	7.756889308389412	359	1	0.17570093457943925	0.2766355140186916	0.43721356553620533	0	-0.2579341437500607	-0.23143349271061553	-0.21520390024571098	6.333351216786656	5.438624219452595	0.0	0.8888705444943923	0.9229265321063747	0.24762039060847493	bert_base_uncased	__ALL__	euclidean	head	0,7,10	global_pooled	lexeme_prefixed
14183	535	7.756889308389412	359	1	0.17570093457943925	0.2766355140186916	0.43721356553620533	0	-0.33265242821105545	-0.313079388831385	-0.29401344647348715	6.234012351795598	5.637294562628797	0.0	0.9353043820669651	0.9922430371802795	0.3296904745117394	bert_base_uncased	__ALL__	cosine	head	0,7,11	global_pooled	lexeme_prefixed
14183	535	7.756889308389412	359	1	0.17570093457943925	0.2766355140186916	0.43721356553620533	0	-0.25944488651399167	-0.2333523757693478	-0.21471763935470597	6.234012351795598	5.637294562628797	0.0	0.88698980044594	0.9325676133201539	0.2427554114080237	bert_base_uncased	__ALL__	euclidean	head	0,7,11	global_pooled	lexeme_prefixed
14183	535	7.756889308389412	359	1	0.17570093457943925	0.2766355140186916	0.43721356553620533	0	-0.33622893000224247	-0.3156242365170902	-0.2939345368762493	6.307733449517173	5.67323253615661	0.0	0.9351521979658259	0.9886549821207667	0.33829232179369667	bert_base_uncased	__ALL__	cosine	head	0,8,9	global_pooled	lexeme_prefixed
14183	535	7.756889308389412	359	1	0.17570093457943925	0.2766355140186916	0.43721356553620533	0	-0.25514623549154725	-0.2283280212723401	-0.21208479729133978	6.307733449517173	5.67323253615661	0.0	0.8950284736504117	0.9311339143927111	0.253260946203201	bert_base_uncased	__ALL__	euclidean	head	0,8,9	global_pooled	lexeme_prefixed
14183	535	7.756889308389412	359	1	0.17570093457943925	0.2766355140186916	0.43721356553620533	0	-0.3334902452845042	-0.31563396291691226	-0.2933414115388638	6.317008028110991	5.7249467672012795	1.1453311664998538e-16	0.9372143379359531	0.9894726145220253	0.3327927800888387	bert_base_uncased	__ALL__	cosine	head	0,8,10	global_pooled	lexeme_prefixed
14183	535	7.756889308389412	359	1	0.17570093457943925	0.2766355140186916	0.43721356553620533	0	-0.25687363603832214	-0.22913615535975793	-0.2122286027499998	6.317008028110991	5.7249467672012795	8.863887589529855e-09	0.8863270645607052	0.9411697969288252	0.2529789184234647	bert_base_uncased	__ALL__	euclidean	head	0,8,10	global_pooled	lexeme_prefixed
14183	535	7.756889308389412	359	1	0.17570093457943925	0.2766355140186916	0.43721356553620533	0	-0.3311962577049736	-0.30926299025255033	-0.2893443803246882	6.259048546395404	5.851811602315429	5.71709352162008e-17	0.934930743874424	0.9901980784177048	0.33652964817034475	bert_base_uncased	__ALL__	cosine	head	0,8,11	global_pooled	lexeme_prefixed
14183	535	7.756889308389412	359	1	0.17570093457943925	0.2766355140186916	0.43721356553620533	0	-0.25698651806574047	-0.23086344451732718	-0.2123079466333615	6.259048546395404	5.851811602315429	0.0	0.8927334536700483	0.924965100463041	0.2512867517450469	bert_base_uncased	__ALL__	euclidean	head	0,8,11	global_pooled	lexeme_prefixed
14183	535	7.756889308389412	359	1	0.17570093457943925	0.2766355140186916	0.43721356553620533	0	-0.3375630236654232	-0.31941761885926806	-0.29676439662714954	6.301502916961164	5.634014796295711	5.733589939223125e-17	0.934572376546765	0.9896782208401945	0.3294084467320031	bert_base_uncased	__ALL__	cosine	head	0,9,10	global_pooled	lexeme_prefixed
14183	535	7.756889308389412	359	1	0.17570093457943925	0.2766355140186916	0.43721356553620533	0	-0.2595848027943779	-0.231944390462949	-0.21563833890550713	6.301502916961164	5.634014796295711	0.0	0.8956956969420364	0.9200840011148361	0.24811393922301347	bert_base_uncased	__ALL__	euclidean	head	0,9,10	global_pooled	lexeme_prefixed
14183	535	7.756889308389412	359	1	0.17570093457943925	0.2766355140186916	0.43721356553620533	0	-0.33533162797824595	-0.31490029410173437	-0.2931849660134132	6.28593867779437	5.997019272663091	5.720310011019086e-17	0.9323469177892563	0.9891791747574469	0.33765775928929	bert_base_uncased	__ALL__	cosine	head	0,9,11	global_pooled	lexeme_prefixed
14183	535	7.756889308389412	359	1	0.17570093457943925	0.2766355140186916	0.43721356553620533	0	-0.25679236778942355	-0.22870831469168648	-0.21279841726805002	6.28593867779437	5.997019272663091	0.0	0.8906651438951055	0.9428351881143203	0.24987661284636536	bert_base_uncased	__ALL__	euclidean	head	0,9,11	global_pooled	lexeme_prefixed
14183	535	7.756889308389412	359	1	0.17570093457943925	0.2766355140186916	0.43721356553620533	0	-0.32870620454887256	-0.3100313160713865	-0.28885312715117323	6.266701026017368	5.659154482511791	0.0	0.9358979030811867	0.9912253306035147	0.321864203624057	bert_base_uncased	__ALL__	cosine	head	0,10,11	global_pooled	lexeme_prefixed
14183	535	7.756889308389412	359	1	0.17570093457943925	0.2766355140186916	0.43721356553620533	0	-0.2602844720440107	-0.2337229280641396	-0.21387600262315598	6.266701026017368	5.659154482511791	6.046746687940867e-09	0.8922316595024024	0.9268467891871379	0.247690897553409	bert_base_uncased	__ALL__	euclidean	head	0,10,11	global_pooled	lexeme_prefixed
14183	535	7.756889308389412	359	1	0.17570093457943925	0.2766355140186916	0.43721356553620533	0	-0.3362310753035621	-0.3164064633293599	-0.29596071156213527	6.348871672862421	5.5570624899713215	0.0	0.9385485094906754	0.9913419725695378	0.3320172036945639	bert_base_uncased	__ALL__	cosine	head	1,2,3	global_pooled	lexeme_prefixed
14183	535	7.756889308389412	359	1	0.17570093457943925	0.2766355140186916	0.43721356553620533	0	-0.26201074685475567	-0.23274126314001312	-0.21726459120981792	6.348871672862421	5.5570624899713215	0.0	0.8929855007026462	0.9079547963114809	0.24790241838821123	bert_base_uncased	__ALL__	euclidean	head	1,2,3	global_pooled	lexeme_prefixed
14183	535	7.756889308389412	359	1	0.17570093457943925	0.2766355140186916	0.43721356553620533	0	-0.33832493310384193	-0.32107566693395373	-0.30061429475714635	6.328899627304225	5.7913864647399365	0.0	0.9364961386462128	0.988537455044228	0.3308890925756187	bert_base_uncased	__ALL__	cosine	head	1,2,4	global_pooled	lexeme_prefixed
14183	535	7.756889308389412	359	1	0.17570093457943925	0.2766355140186916	0.43721356553620533	0	-0.26316739771613173	-0.2332398375557161	-0.21889668924500189	6.328899627304225	5.7913864647399365	0.0	0.888586914643326	0.9307488815196376	0.24924205034195868	bert_base_uncased	__ALL__	euclidean	head	1,2,4	global_pooled	lexeme_prefixed
14183	535	7.756889308389412	359	1	0.17570093457943925	0.2766355140186916	0.43721356553620533	0	-0.32737862066882534	-0.3092955368867544	-0.28934131471746033	6.446894136940628	5.700928631902246	0.0	0.9372743865938413	0.9898512918885669	0.3340619050976521	bert_base_uncased	__ALL__	cosine	head	1,2,5	global_pooled	lexeme_prefixed
14183	535	7.756889308389412	359	1	0.17570093457943925	0.2766355140186916	0.43721356553620533	0	-0.25944450835954547	-0.23162140011508386	-0.2187543087637154	6.446894136940628	5.700928631902246	0.0	0.8981504915560642	0.911533849829114	0.2518508073045195	bert_base_uncased	__ALL__	euclidean	head	1,2,5	global_pooled	lexeme_prefixed
14183	535	7.756889308389412	359	1	0.17570093457943925	0.2766355140186916	0.43721356553620533	0	-0.33440580483197757	-0.3157593579474942	-0.2943777383696872	6.3362154267354205	5.547561909754929	0.0	0.9371106019593978	0.9906044120503243	0.3290559120073327	bert_base_uncased	__ALL__	cosine	head	1,2,6	global_pooled	lexeme_prefixed
14183	535	7.756889308389412	359	1	0.17570093457943925	0.2766355140186916	0.43721356553620533	0	-0.2604339471233504	-0.23241376728674043	-0.2177579710592154	6.3362154267354205	5.547561909754929	8.379440274513326e-09	0.8949885217556509	0.9186745398879529	0.25044066840583795	bert_base_uncased	__ALL__	euclidean	head	1,2,6	global_pooled	lexeme_prefixed
14183	535	7.756889308389412	359	1	0.17570093457943925	0.2766355140186916	0.43721356553620533	0	-0.3314240641691117	-0.3100728374451563	-0.291549984265633	6.315686780703672	5.543075594562502	0.0	0.9367352321489353	0.9910139345857368	0.32764577310865123	bert_base_uncased	__ALL__	cosine	head	1,2,7	global_pooled	lexeme_prefixed
14183	535	7.756889308389412	359	1	0.17570093457943925	0.2766355140186916	0.43721356553620533	0	-0.2588488579221199	-0.2297990066985505	-0.21708446679893914	6.315686780703672	5.543075594562502	0.0	0.8926851348429904	0.9115788650535889	0.24317845307762814	bert_base_uncased	__ALL__	euclidean	head	1,2,7	global_pooled	lexeme_prefixed
14183	535	7.756889308389412	359	1	0.17570093457943925	0.2766355140186916	0.43721356553620533	0	-0.3288898355486079	-0.3113060167009477	-0.2873218098910268	6.36912834177972	5.477683133573767	0.0	0.9389515039827143	0.9906420704242116	0.33984347458224634	bert_base_uncased	__ALL__	cosine	head	1,2,8	global_pooled	lexeme_prefixed
14183	535	7.756889308389412	359	1	0.17570093457943925	0.2766355140186916	0.43721356553620533	0	-0.2606446373939057	-0.23285363535217257	-0.2190942615703715	6.36912834177972	5.477683133573767	6.172783522894033e-09	0.8956843283220293	0.9083863789808097	0.2559402101106959	bert_base_uncased	__ALL__	euclidean	head	1,2,8	global_pooled	lexeme_prefixed
14183	535	7.756889308389412	359	1	0.17570093457943925	0.2766355140186916	0.43721356553620533	0	-0.3329023178712594	-0.31328705870597384	-0.2951142023773559	6.296167270182498	5.584250730313283	0.0	0.9387642350591265	0.9915178182589289	0.33462596065712474	bert_base_uncased	__ALL__	cosine	head	1,2,9	global_pooled	lexeme_prefixed
14183	535	7.756889308389412	359	1	0.17570093457943925	0.2766355140186916	0.43721356553620533	0	-0.26051630403766407	-0.23256398701375536	-0.21733179663939414	6.296167270182498	5.584250730313283	0.0	0.8940461129657604	0.9187506392349405	0.2512162448001128	bert_base_uncased	__ALL__	euclidean	head	1,2,9	global_pooled	lexeme_prefixed
14183	535	7.756889308389412	359	1	0.17570093457943925	0.2766355140186916	0.43721356553620533	0	-0.32762395460357085	-0.31095085294042585	-0.28945798266724687	6.352715651891496	5.363338655084883	0.0	0.9399644556401558	0.9905624947737048	0.33187618980469574	bert_base_uncased	__ALL__	cosine	head	1,2,10	global_pooled	lexeme_prefixed
14183	535	7.756889308389412	359	1	0.17570093457943925	0.2766355140186916	0.43721356553620533	0	-0.25769306562505306	-0.2304126962591187	-0.21470233774576708	6.352715651891496	5.363338655084883	6.1047248131678425e-09	0.898557091943478	0.9080868161752844	0.25579919622082775	bert_base_uncased	__ALL__	euclidean	head	1,2,10	global_pooled	lexeme_prefixed
14183	535	7.756889308389412	359	1	0.17570093457943925	0.2766355140186916	0.43721356553620533	0	-0.32605517456917193	-0.3071950414521091	-0.28724898419221767	6.287694522574231	5.413858408631191	0.0	0.9381635175179559	0.9902134286865264	0.33194669674962984	bert_base_uncased	__ALL__	cosine	head	1,2,11	global_pooled	lexeme_prefixed
14183	535	7.756889308389412	359	1	0.17570093457943925	0.2766355140186916	0.43721356553620533	0	-0.25920607786308636	-0.23063652625333658	-0.2172573439931393	6.287694522574231	5.413858408631191	7.853497003826781e-09	0.8960653389643821	0.9051082990117291	0.2545300712120144	bert_base_uncased	__ALL__	euclidean	head	1,2,11	global_pooled	lexeme_prefixed
14183	535	7.756889308389412	359	1	0.17570093457943925	0.2766355140186916	0.43721356553620533	0	-0.350633511099668	-0.3294501686551431	-0.3103308091510948	6.484915223142774	6.252169138771825	0.0	0.9335745134874449	0.9872680126651305	0.32003102305577097	bert_base_uncased	__ALL__	cosine	head	1,3,4	global_pooled	lexeme_prefixed
14183	535	7.756889308389412	359	1	0.17570093457943925	0.2766355140186916	0.43721356553620533	0	-0.2650185148230548	-0.23512673825089006	-0.21999783919173424	6.484915223142774	6.252169138771825	5.475999569837829e-09	0.8849923283478132	0.9530671245817245	0.23866600860184728	bert_base_uncased	__ALL__	euclidean	head	1,3,4	global_pooled	lexeme_prefixed
14183	535	7.756889308389412	359	1	0.17570093457943925	0.2766355140186916	0.43721356553620533	0	-0.3234497336058423	-0.30490673175988026	-0.2837520166746039	6.57119256782249	5.7137087261047155	0.0	0.9354248696907933	0.990902233931031	0.3317351759148276	bert_base_uncased	__ALL__	cosine	head	1,3,5	global_pooled	lexeme_prefixed
14183	535	7.756889308389412	359	1	0.17570093457943925	0.2766355140186916	0.43721356553620533	0	-0.2570438985085007	-0.22882432265158323	-0.21424653757623738	6.57119256782249	5.7137087261047155	0.0	0.8970999748095264	0.9112305623899997	0.26017062680674047	bert_base_uncased	__ALL__	euclidean	head	1,3,5	global_pooled	lexeme_prefixed
14183	535	7.756889308389412	359	1	0.17570093457943925	0.2766355140186916	0.43721356553620533	0	-0.3411552247324913	-0.32040269357518913	-0.2982783001328536	6.475069135317414	5.523449031861937	0.0	0.9364651276408112	0.9894856605540548	0.3321582175844321	bert_base_uncased	__ALL__	cosine	head	1,3,6	global_pooled	lexeme_prefixed
14183	535	7.756889308389412	359	1	0.17570093457943925	0.2766355140186916	0.43721356553620533	0	-0.26122535769696614	-0.23210668971712436	-0.2152350422031046	6.475069135317414	5.523449031861937	0.0	0.894902044395432	0.9203864110309274	0.24994711979129944	bert_base_uncased	__ALL__	euclidean	head	1,3,6	global_pooled	lexeme_prefixed
14183	535	7.756889308389412	359	1	0.17570093457943925	0.2766355140186916	0.43721356553620533	0	-0.3334941274853269	-0.3137136758182084	-0.29246255778145813	6.4289582866804915	5.594840525250734	0.0	0.9373115304433132	0.9911086602444799	0.32722273143904673	bert_base_uncased	__ALL__	cosine	head	1,3,7	global_pooled	lexeme_prefixed
14183	535	7.756889308389412	359	1	0.17570093457943925	0.2766355140186916	0.43721356553620533	0	-0.26002579419060373	-0.23131999890326357	-0.21729133674483736	6.4289582866804915	5.594840525250734	0.0	0.890405398898921	0.9207064515994376	0.2421913558485511	bert_base_uncased	__ALL__	euclidean	head	1,3,7	global_pooled	lexeme_prefixed
14183	535	7.756889308389412	359	1	0.17570093457943925	0.2766355140186916	0.43721356553620533	0	-0.33226968630192594	-0.3132195966665248	-0.2927544307008532	6.48622818564039	5.722690138986843	0.0	0.9360310687356098	0.9894003406699561	0.33074807868575057	bert_base_uncased	__ALL__	cosine	head	1,3,8	global_pooled	lexeme_prefixed
14183	535	7.756889308389412	359	1	0.17570093457943925	0.2766355140186916	0.43721356553620533	0	-0.2605047576679897	-0.23113099303316362	-0.21651855642456908	6.48622818564039	5.722690138986843	0.0	0.893298008743471	0.9220788310190741	0.2498061059014313	bert_base_uncased	__ALL__	euclidean	head	1,3,8	global_pooled	lexeme_prefixed
14183	535	7.756889308389412	359	1	0.17570093457943925	0.2766355140186916	0.43721356553620533	0	-0.33311661434681483	-0.31496360197313517	-0.2927951779587333	6.497633534641056	5.541258482492143	5.727404635510469e-17	0.9366973607354065	0.99087475227769	0.33251075230910243	bert_base_uncased	__ALL__	cosine	head	1,3,9	global_pooled	lexeme_prefixed
14183	535	7.756889308389412	359	1	0.17570093457943925	0.2766355140186916	0.43721356553620533	0	-0.2613367624292264	-0.23267626722797718	-0.21751697851095525	6.497633534641056	5.541258482492143	8.822465983367448e-09	0.8992514658523036	0.9073313677649242	0.24790241838821123	bert_base_uncased	__ALL__	euclidean	head	1,3,9	global_pooled	lexeme_prefixed
14183	535	7.756889308389412	359	1	0.17570093457943925	0.2766355140186916	0.43721356553620533	0	-0.3357416778767147	-0.3174608911098539	-0.2949214501057565	6.498858468467506	5.533124306335536	0.0	0.9367356034900545	0.9903011590936187	0.32863287033772826	bert_base_uncased	__ALL__	cosine	head	1,3,10	global_pooled	lexeme_prefixed
14183	535	7.756889308389412	359	1	0.17570093457943925	0.2766355140186916	0.43721356553620533	0	-0.25513866510745165	-0.22933934363970332	-0.2126639379424663	6.498858468467506	5.533124306335536	0.0	0.8955236867182941	0.9193687401756707	0.24881900867235424	bert_base_uncased	__ALL__	euclidean	head	1,3,10	global_pooled	lexeme_prefixed
14183	535	7.756889308389412	359	1	0.17570093457943925	0.2766355140186916	0.43721356553620533	0	-0.3283245974325228	-0.3095057585794935	-0.28853117941709144	6.471187786007227	5.696102790659577	0.0	0.9354464052687765	0.9911817525321213	0.3264471550447719	bert_base_uncased	__ALL__	cosine	head	1,3,11	global_pooled	lexeme_prefixed
14183	535	7.756889308389412	359	1	0.17570093457943925	0.2766355140186916	0.43721356553620533	0	-0.2592070681654902	-0.2308787338815869	-0.2156546863874173	6.471187786007227	5.696102790659577	0.0	0.8941276608072906	0.9179933715506783	0.24663329337939788	bert_base_uncased	__ALL__	euclidean	head	1,3,11	global_pooled	lexeme_prefixed
14183	535	7.756889308389412	359	1	0.17570093457943925	0.2766355140186916	0.43721356553620533	0	-0.3311318453041434	-0.3122757580631923	-0.291752971763946	6.47702034732329	5.920848056629569	0.0	0.9358488020300535	0.988552039962585	0.33067757174081647	bert_base_uncased	__ALL__	cosine	head	1,4,5	global_pooled	lexeme_prefixed
14183	535	7.756889308389412	359	1	0.17570093457943925	0.2766355140186916	0.43721356553620533	0	-0.2583278978740841	-0.23022376121292332	-0.2152924131298697	6.47702034732329	5.920848056629569	8.162283440532798e-09	0.8950141181898564	0.9271678831040473	0.2515687795247832	bert_base_uncased	__ALL__	euclidean	head	1,4,5	global_pooled	lexeme_prefixed
14183	535	7.756889308389412	359	1	0.17570093457943925	0.2766355140186916	0.43721356553620533	0	-0.3380615973916814	-0.3212189122698323	-0.3002062822678704	6.378473087956017	5.661054283085877	0.0	0.9362588138493002	0.989523903308227	0.3277162800535853	bert_base_uncased	__ALL__	cosine	head	1,4,6	global_pooled	lexeme_prefixed
14183	535	7.756889308389412	359	1	0.17570093457943925	0.2766355140186916	0.43721356553620533	0	-0.2646468838632578	-0.23631024033267883	-0.2181113564998336	6.378473087956017	5.661054283085877	0.0	0.8970133583565555	0.9199853526559614	0.2456461961503208	bert_base_uncased	__ALL__	euclidean	head	1,4,6	global_pooled	lexeme_prefixed
14183	535	7.756889308389412	359	1	0.17570093457943925	0.2766355140186916	0.43721356553620533	0	-0.331539747554862	-0.31301680538496185	-0.2925923783299456	6.3365524621880915	6.219562667771066	5.705973724108109e-17	0.9340236548241572	0.9884095290306509	0.3287738842275964	bert_base_uncased	__ALL__	cosine	head	1,4,7	global_pooled	lexeme_prefixed
14183	535	7.756889308389412	359	1	0.17570093457943925	0.2766355140186916	0.43721356553620533	0	-0.25925909754184445	-0.22997267369814944	-0.21602101813453775	6.3365524621880915	6.219562667771066	0.0	0.8826115070998818	0.9423046289542288	0.24529366142565043	bert_base_uncased	__ALL__	euclidean	head	1,4,7	global_pooled	lexeme_prefixed
14183	535	7.756889308389412	359	1	0.17570093457943925	0.2766355140186916	0.43721356553620533	0	-0.3377087697218651	-0.31910683610857515	-0.2954321575920018	6.490887132729791	5.800309835506546	0.0	0.936573826735287	0.9893314990428886	0.3332158217584432	bert_base_uncased	__ALL__	cosine	head	1,4,8	global_pooled	lexeme_prefixed
14183	535	7.756889308389412	359	1	0.17570093457943925	0.2766355140186916	0.43721356553620533	0	-0.26440349249884126	-0.23596675788949828	-0.2187888025467167	6.490887132729791	5.800309835506546	0.0	0.8911883617131046	0.9313046370303779	0.2468448142142001	bert_base_uncased	__ALL__	euclidean	head	1,4,8	global_pooled	lexeme_prefixed
14183	535	7.756889308389412	359	1	0.17570093457943925	0.2766355140186916	0.43721356553620533	0	-0.34736340604370197	-0.32780172538834335	-0.3033765772693371	6.533050517741233	6.051040395998905	2.3112791945647676e-16	0.9335804166028524	0.9905169342986758	0.32842134950292606	bert_base_uncased	__ALL__	cosine	head	1,4,9	global_pooled	lexeme_prefixed
14183	535	7.756889308389412	359	1	0.17570093457943925	0.2766355140186916	0.43721356553620533	0	-0.2618350498348246	-0.23333286675519416	-0.21877386001869842	6.533050517741233	6.051040395998905	8.369327018204146e-09	0.8892782412609559	0.9426316587269497	0.24261439751815553	bert_base_uncased	__ALL__	euclidean	head	1,4,9	global_pooled	lexeme_prefixed
14183	535	7.756889308389412	359	1	0.17570093457943925	0.2766355140186916	0.43721356553620533	0	-0.34158987572259963	-0.3221651807595805	-0.3014461308934315	6.446712537196993	5.777058142706275	1.1401903263612636e-16	0.9351308007234124	0.9875157536132241	0.3251075230910245	bert_base_uncased	__ALL__	cosine	head	1,4,10	global_pooled	lexeme_prefixed
14183	535	7.756889308389412	359	1	0.17570093457943925	0.2766355140186916	0.43721356553620533	0	-0.26218822806373326	-0.23306528561206857	-0.21720817639472517	6.446712537196993	5.777058142706275	1.105139566275455e-08	0.8943919607277215	0.9394993234428143	0.2445180850313756	bert_base_uncased	__ALL__	euclidean	head	1,4,10	global_pooled	lexeme_prefixed
14183	535	7.756889308389412	359	1	0.17570093457943925	0.2766355140186916	0.43721356553620533	0	-0.3322251297433924	-0.3145339902187164	-0.2944414841514693	6.346993810779947	6.020566023967072	5.683123885711971e-17	0.9331526736083134	0.9894256414426248	0.3267996897694423	bert_base_uncased	__ALL__	cosine	head	1,4,11	global_pooled	lexeme_prefixed
14183	535	7.756889308389412	359	1	0.17570093457943925	0.2766355140186916	0.43721356553620533	0	-0.26007702331935856	-0.23177943163662657	-0.21652447199878289	6.346993810779947	6.020566023967072	0.0	0.8904208195390642	0.940138390019723	0.24226186279348516	bert_base_uncased	__ALL__	euclidean	head	1,4,11	global_pooled	lexeme_prefixed
14183	535	7.756889308389412	359	1	0.17570093457943925	0.2766355140186916	0.43721356553620533	0	-0.32820290730145985	-0.31150582464509763	-0.2866533595376779	6.473025218742555	5.603358093602548	1.1474208737576637e-16	0.935280734017506	0.9901002055770988	0.33568356483113587	bert_base_uncased	__ALL__	cosine	head	1,5,6	global_pooled	lexeme_prefixed
14183	535	7.756889308389412	359	1	0.17570093457943925	0.2766355140186916	0.43721356553620533	0	-0.2564936694067022	-0.22888186598425878	-0.21437325626268605	6.473025218742555	5.603358093602548	0.0	0.9012288094561358	0.916915267956278	0.260664175421279	bert_base_uncased	__ALL__	euclidean	head	1,5,6	global_pooled	lexeme_prefixed
14183	535	7.756889308389412	359	1	0.17570093457943925	0.2766355140186916	0.43721356553620533	0	-0.3252737247834316	-0.30527144120775956	-0.28470217721351726	6.451528941368135	5.790890540204872	0.0	0.9350276608294169	0.9884540974879951	0.3297609814566735	bert_base_uncased	__ALL__	cosine	head	1,5,7	global_pooled	lexeme_prefixed
14183	535	7.756889308389412	359	1	0.17570093457943925	0.2766355140186916	0.43721356553620533	0	-0.25693501244852385	-0.22806981393532125	-0.21368907988468433	6.451528941368135	5.790890540204872	0.0	0.8959171767411873	0.9171587702408315	0.247690897553409	bert_base_uncased	__ALL__	euclidean	head	1,5,7	global_pooled	lexeme_prefixed
14183	535	7.756889308389412	359	1	0.17570093457943925	0.2766355140186916	0.43721356553620533	0	-0.33288575248710855	-0.31456683229418647	-0.29211483627269585	6.526429129536754	5.8588953157264205	0.0	0.9355582238009915	0.9890992258895707	0.3370937037298174	bert_base_uncased	__ALL__	cosine	head	1,5,8	global_pooled	lexeme_prefixed
14183	535	7.756889308389412	359	1	0.17570093457943925	0.2766355140186916	0.43721356553620533	0	-0.2583928511502716	-0.23007182399762294	-0.2147909105734818	6.526429129536754	5.8588953157264205	0.0	0.8958772644556399	0.9244933631965521	0.2559402101106959	bert_base_uncased	__ALL__	euclidean	head	1,5,8	global_pooled	lexeme_prefixed
14183	535	7.756889308389412	359	1	0.17570093457943925	0.2766355140186916	0.43721356553620533	0	-0.3265221226652264	-0.3093195201346812	-0.286182353955115	6.494574558845152	5.61408857904579	0.0	0.9365048788596603	0.9906455839432458	0.33963195374744415	bert_base_uncased	__ALL__	cosine	head	1,5,9	global_pooled	lexeme_prefixed
14183	535	7.756889308389412	359	1	0.17570093457943925	0.2766355140186916	0.43721356553620533	0	-0.2554571334722572	-0.22811728763740285	-0.21098794727738282	6.494574558845152	5.61408857904579	0.0	0.8987231785790041	0.917981184321191	0.2582669392935204	bert_base_uncased	__ALL__	euclidean	head	1,5,9	global_pooled	lexeme_prefixed
14183	535	7.756889308389412	359	1	0.17570093457943925	0.2766355140186916	0.43721356553620533	0	-0.32547788819999407	-0.30521350623078364	-0.285787135325203	6.593136624804239	5.513878650502691	0.0	0.9382705436455536	0.9903592183728477	0.31932595360643024	bert_base_uncased	__ALL__	cosine	head	1,5,10	global_pooled	lexeme_prefixed
14183	535	7.756889308389412	359	1	0.17570093457943925	0.2766355140186916	0.43721356553620533	0	-0.2530045338458619	-0.22630793757524628	-0.2098970711342537	6.593136624804239	5.513878650502691	8.55219325036099e-09	0.9008557657501032	0.9080340730604485	0.2573503490093774	bert_base_uncased	__ALL__	euclidean	head	1,5,10	global_pooled	lexeme_prefixed
14183	535	7.756889308389412	359	1	0.17570093457943925	0.2766355140186916	0.43721356553620533	0	-0.3283492814425302	-0.3117384573529659	-0.2892327509528967	6.456276401841985	5.661805295960404	0.0	0.9347155851414162	0.9892918184206786	0.3344144398223225	bert_base_uncased	__ALL__	cosine	head	1,5,11	global_pooled	lexeme_prefixed
14183	535	7.756889308389412	359	1	0.17570093457943925	0.2766355140186916	0.43721356553620533	0	-0.25856758453230966	-0.23035503184602868	-0.21455835064077194	6.456276401841985	5.661805295960404	0.0	0.897290409924966	0.9203195312345521	0.2509342170203765	bert_base_uncased	__ALL__	euclidean	head	1,5,11	global_pooled	lexeme_prefixed
14183	535	7.756889308389412	359	1	0.17570093457943925	0.2766355140186916	0.43721356553620533	0	-0.33862475527947195	-0.31706053589038535	-0.2978240562489193	6.341925953404302	5.434859882933355	0.0	0.9361890112295393	0.9892397828200709	0.3327927800888387	bert_base_uncased	__ALL__	cosine	head	1,6,7	global_pooled	lexeme_prefixed
14183	535	7.756889308389412	359	1	0.17570093457943925	0.2766355140186916	0.43721356553620533	0	-0.26152257662822587	-0.2320739798325869	-0.21843545662943878	6.341925953404302	5.434859882933355	1.2321524289018176e-08	0.8949691121104232	0.914993218142876	0.2447296058661778	bert_base_uncased	__ALL__	euclidean	head	1,6,7	global_pooled	lexeme_prefixed
14183	535	7.756889308389412	359	1	0.17570093457943925	0.2766355140186916	0.43721356553620533	0	-0.3380032143586259	-0.31888619380929323	-0.2949566495573735	6.4548215471978105	5.450946724736489	0.0	0.9373025241945294	0.9902547094324646	0.3353310301064655	bert_base_uncased	__ALL__	cosine	head	1,6,8	global_pooled	lexeme_prefixed
14183	535	7.756889308389412	359	1	0.17570093457943925	0.2766355140186916	0.43721356553620533	0	-0.26152826563973264	-0.2331293421866492	-0.21579625686143403	6.4548215471978105	5.450946724736489	0.0	0.8967553912516959	0.9142775999774418	0.24825495311288162	bert_base_uncased	__ALL__	euclidean	head	1,6,8	global_pooled	lexeme_prefixed
14183	535	7.756889308389412	359	1	0.17570093457943925	0.2766355140186916	0.43721356553620533	0	-0.3348356369465322	-0.31609534272725803	-0.2955298380561188	6.453481641388483	5.4168410017758895	0.0	0.9364634637248884	0.9894067589731398	0.3391384051329056	bert_base_uncased	__ALL__	cosine	head	1,6,9	global_pooled	lexeme_prefixed
14183	535	7.756889308389412	359	1	0.17570093457943925	0.2766355140186916	0.43721356553620533	0	-0.2616396081146952	-0.23196045081663008	-0.2141348118764883	6.453481641388483	5.4168410017758895	0.0	0.9010908528379116	0.9162533526633321	0.2574208559543115	bert_base_uncased	__ALL__	euclidean	head	1,6,9	global_pooled	lexeme_prefixed
14183	535	7.756889308389412	359	1	0.17570093457943925	0.2766355140186916	0.43721356553620533	0	-0.3304337523856704	-0.3117231394839572	-0.2901311992161032	6.409430230185682	5.358221119642893	1.1461186641189182e-16	0.9377879679192116	0.9896908012403512	0.33159416202495945	bert_base_uncased	__ALL__	cosine	head	1,6,10	global_pooled	lexeme_prefixed
14183	535	7.756889308389412	359	1	0.17570093457943925	0.2766355140186916	0.43721356553620533	0	-0.2573404926314358	-0.230564948364718	-0.2134073956132542	6.409430230185682	5.358221119642893	9.358289990265485e-09	0.9014020201976614	0.9070053365804608	0.25551716844109146	bert_base_uncased	__ALL__	euclidean	head	1,6,10	global_pooled	lexeme_prefixed
14183	535	7.756889308389412	359	1	0.17570093457943925	0.2766355140186916	0.43721356553620533	0	-0.322908104526766	-0.3057275983595487	-0.28392878888829426	6.260471561539245	5.38456034386402	0.0	0.936404933173815	0.9903544732843957	0.3370937037298174	bert_base_uncased	__ALL__	cosine	head	1,6,11	global_pooled	lexeme_prefixed
14183	535	7.756889308389412	359	1	0.17570093457943925	0.2766355140186916	0.43721356553620533	0	-0.2579872165127524	-0.22986931945355912	-0.21284008145807637	6.260471561539245	5.38456034386402	0.0	0.9013150164969381	0.9045477946241719	0.25347246703800325	bert_base_uncased	__ALL__	euclidean	head	1,6,11	global_pooled	lexeme_prefixed
14183	535	7.756889308389412	359	1	0.17570093457943925	0.2766355140186916	0.43721356553620533	0	-0.3311922445638532	-0.3121861985747304	-0.28796398508260335	6.351567268723043	5.615067500211785	0.0	0.9371803139846752	0.9900944278699902	0.33229923147430024	bert_base_uncased	__ALL__	cosine	head	1,7,8	global_pooled	lexeme_prefixed
14183	535	7.756889308389412	359	1	0.17570093457943925	0.2766355140186916	0.43721356553620533	0	-0.2597681686151595	-0.2309278712859152	-0.21566160978356283	6.351567268723043	5.615067500211785	0.0	0.8913303516037036	0.9236197210062775	0.2459987308749912	bert_base_uncased	__ALL__	euclidean	head	1,7,8	global_pooled	lexeme_prefixed
14183	535	7.756889308389412	359	1	0.17570093457943925	0.2766355140186916	0.43721356553620533	0	-0.332893137876061	-0.3127421219627854	-0.2910784074937635	6.543418032934271	5.681612492494256	0.0	0.9352881055076322	0.9926970484777468	0.33786928012409223	bert_base_uncased	__ALL__	cosine	head	1,7,9	global_pooled	lexeme_prefixed
14183	535	7.756889308389412	359	1	0.17570093457943925	0.2766355140186916	0.43721356553620533	0	-0.2571538012514851	-0.22849337553283391	-0.21369085247958464	6.543418032934271	5.681612492494256	5.548663829730163e-09	0.8941484618247229	0.9269085860253649	0.247690897553409	bert_base_uncased	__ALL__	euclidean	head	1,7,9	global_pooled	lexeme_prefixed
14183	535	7.756889308389412	359	1	0.17570093457943925	0.2766355140186916	0.43721356553620533	0	-0.32951083355743205	-0.30935273906056737	-0.29092932769797447	6.451712834528601	5.401921215031982	5.691387829683762e-17	0.9377648138687272	0.9900637386620439	0.33258125925403653	bert_base_uncased	__ALL__	cosine	head	1,7,10	global_pooled	lexeme_prefixed
14183	535	7.756889308389412	359	1	0.17570093457943925	0.2766355140186916	0.43721356553620533	0	-0.25549761194732695	-0.2273268651936017	-0.21211999832518671	6.451712834528601	5.401921215031982	1.0242412718938504e-08	0.8930812562482416	0.9161526392411146	0.24705633504900232	bert_base_uncased	__ALL__	euclidean	head	1,7,10	global_pooled	lexeme_prefixed
14183	535	7.756889308389412	359	1	0.17570093457943925	0.2766355140186916	0.43721356553620533	0	-0.33037762648512514	-0.3126177508271591	-0.2911444904850033	6.314950531930426	5.7058529239337625	1.148269523037363e-16	0.9349316493701992	0.9914792955672564	0.3311006134104209	bert_base_uncased	__ALL__	cosine	head	1,7,11	global_pooled	lexeme_prefixed
14183	535	7.756889308389412	359	1	0.17570093457943925	0.2766355140186916	0.43721356553620533	0	-0.2590809673813414	-0.23061662086821855	-0.2152674320769505	6.314950531930426	5.7058529239337625	0.0	0.8865208540692917	0.9307882218459157	0.24282591835295778	bert_base_uncased	__ALL__	euclidean	head	1,7,11	global_pooled	lexeme_prefixed
14183	535	7.756889308389412	359	1	0.17570093457943925	0.2766355140186916	0.43721356553620533	0	-0.33370757902761833	-0.3120589810878478	-0.2919686998640259	6.450582676904601	5.403860830736587	5.75714044299622e-17	0.9375574595568058	0.9902210384362453	0.34224071071000495	bert_base_uncased	__ALL__	cosine	head	1,8,9	global_pooled	lexeme_prefixed
14183	535	7.756889308389412	359	1	0.17570093457943925	0.2766355140186916	0.43721356553620533	0	-0.25983705802283535	-0.23159303373958484	-0.21594972558287867	6.450582676904601	5.403860830736587	1.1987782304064059e-08	0.9003901636330277	0.9112289923433661	0.25220334202918987	bert_base_uncased	__ALL__	euclidean	head	1,8,9	global_pooled	lexeme_prefixed
14183	535	7.756889308389412	359	1	0.17570093457943925	0.2766355140186916	0.43721356553620533	0	-0.32991423122759655	-0.31151158528665807	-0.28836600702161824	6.455591971874048	5.403943267856527	1.7180209552737074e-16	0.9394800271170476	0.9899007659828123	0.3361066065007403	bert_base_uncased	__ALL__	cosine	head	1,8,10	global_pooled	lexeme_prefixed
14183	535	7.756889308389412	359	1	0.17570093457943925	0.2766355140186916	0.43721356553620533	0	-0.25680782209812325	-0.22911882243463058	-0.21500347708034243	6.455591971874048	5.403943267856527	0.0	0.8953368747143028	0.924258497065461	0.2516392864697173	bert_base_uncased	__ALL__	euclidean	head	1,8,10	global_pooled	lexeme_prefixed
14183	535	7.756889308389412	359	1	0.17570093457943925	0.2766355140186916	0.43721356553620533	0	-0.328513343848973	-0.30786110689342533	-0.2869335404168432	6.347063585652467	5.635344074310156	0.0	0.9356308410259984	0.9903751296444836	0.33779877317915813	bert_base_uncased	__ALL__	cosine	head	1,8,11	global_pooled	lexeme_prefixed
14183	535	7.756889308389412	359	1	0.17570093457943925	0.2766355140186916	0.43721356553620533	0	-0.258219988266359	-0.22980996866186945	-0.21612531419302622	6.347063585652467	5.635344074310156	0.0	0.8967123363550358	0.9125255454851803	0.2520623281393217	bert_base_uncased	__ALL__	euclidean	head	1,8,11	global_pooled	lexeme_prefixed
14183	535	7.756889308389412	359	1	0.17570093457943925	0.2766355140186916	0.43721356553620533	0	-0.3306719335081292	-0.31344736830843234	-0.29382714884632927	6.441986130996292	5.276301590339086	0.0	0.9378086880956107	0.9918189640598872	0.33779877317915813	bert_base_uncased	__ALL__	cosine	head	1,9,10	global_pooled	lexeme_prefixed
14183	535	7.756889308389412	359	1	0.17570093457943925	0.2766355140186916	0.43721356553620533	0	-0.2595684801967224	-0.23143322926903898	-0.21545923910912496	6.441986130996292	5.276301590339086	0.0	0.9048928392727735	0.8998232814673836	0.2510047239653106	bert_base_uncased	__ALL__	euclidean	head	1,9,10	global_pooled	lexeme_prefixed
14183	535	7.756889308389412	359	1	0.17570093457943925	0.2766355140186916	0.43721356553620533	0	-0.32896620282112765	-0.31266905026487346	-0.28888729258788265	6.382542505415991	5.753645914316511	0.0	0.9337233952694963	0.9907233568957411	0.33420291898752025	bert_base_uncased	__ALL__	cosine	head	1,9,11	global_pooled	lexeme_prefixed
14183	535	7.756889308389412	359	1	0.17570093457943925	0.2766355140186916	0.43721356553620533	0	-0.2558327327270172	-0.22782471891140385	-0.21345128819846707	6.382542505415991	5.753645914316511	0.0	0.8948922198957145	0.9287055186984391	0.2526263836987943	bert_base_uncased	__ALL__	euclidean	head	1,9,11	global_pooled	lexeme_prefixed
14183	535	7.756889308389412	359	1	0.17570093457943925	0.2766355140186916	0.43721356553620533	0	-0.3270013462444265	-0.3079911446627488	-0.2892791843314936	6.401050464167892	5.35546573471504	1.141997757995204e-16	0.9374477108179945	0.9917436237219267	0.32997250229147573	bert_base_uncased	__ALL__	cosine	head	1,10,11	global_pooled	lexeme_prefixed
14183	535	7.756889308389412	359	1	0.17570093457943925	0.2766355140186916	0.43721356553620533	0	-0.26038696195729333	-0.23277825856021025	-0.21769174818495834	6.401050464167892	5.35546573471504	5.705316846555984e-09	0.9004637313036351	0.9144856978259851	0.25227384897412397	bert_base_uncased	__ALL__	euclidean	head	1,10,11	global_pooled	lexeme_prefixed
14183	535	7.756889308389412	359	1	0.17570093457943925	0.2766355140186916	0.43721356553620533	0	-0.3620885337828967	-0.3430297359087457	-0.3191370609110768	6.402395498762238	5.818509373150647	2.275466420995789e-16	0.9350621654816479	0.9866044113527841	0.32828033561305786	bert_base_uncased	__ALL__	cosine	head	2,3,4	global_pooled	lexeme_prefixed
14183	535	7.756889308389412	359	1	0.17570093457943925	0.2766355140186916	0.43721356553620533	0	-0.26682488354293754	-0.2385385420202654	-0.22057215278221642	6.402395498762238	5.818509373150647	8.108657627043601e-09	0.885744633636332	0.9467871274954354	0.2383134738771769	bert_base_uncased	__ALL__	euclidean	head	2,3,4	global_pooled	lexeme_prefixed
14183	535	7.756889308389412	359	1	0.17570093457943925	0.2766355140186916	0.43721356553620533	0	-0.3353850111152312	-0.31472815318339187	-0.29440800077010343	6.4230712434317185	5.5715942374603005	0.0	0.936429535540565	0.9932754689635483	0.3334273425932454	bert_base_uncased	__ALL__	cosine	head	2,3,5	global_pooled	lexeme_prefixed
14183	535	7.756889308389412	359	1	0.17570093457943925	0.2766355140186916	0.43721356553620533	0	-0.2601786240805538	-0.23203504581328893	-0.21809406199630443	6.4230712434317185	5.5715942374603005	0.0	0.8973386953079813	0.9163287918487041	0.2506521892406402	bert_base_uncased	__ALL__	euclidean	head	2,3,5	global_pooled	lexeme_prefixed
14183	535	7.756889308389412	359	1	0.17570093457943925	0.2766355140186916	0.43721356553620533	0	-0.3416743863576467	-0.31987900431790606	-0.30002525119344253	6.348268339390361	5.617393135318465	0.0	0.9370026180561487	0.9912853088776642	0.33434393287738845	bert_base_uncased	__ALL__	cosine	head	2,3,6	global_pooled	lexeme_prefixed
14183	535	7.756889308389412	359	1	0.17570093457943925	0.2766355140186916	0.43721356553620533	0	-0.2595843427826432	-0.2309065182127683	-0.21732462741462227	6.348268339390361	5.617393135318465	0.0	0.8906133795826052	0.9397552814449742	0.24896002256222238	bert_base_uncased	__ALL__	euclidean	head	2,3,6	global_pooled	lexeme_prefixed
14183	535	7.756889308389412	359	1	0.17570093457943925	0.2766355140186916	0.43721356553620533	0	-0.3416873792501918	-0.31968451978654316	-0.29814079150443745	6.393669024732313	5.29841637263543	0.0	0.9389264355453278	0.9933558676117767	0.32828033561305786	bert_base_uncased	__ALL__	cosine	head	2,3,7	global_pooled	lexeme_prefixed
14183	535	7.756889308389412	359	1	0.17570093457943925	0.2766355140186916	0.43721356553620533	0	-0.2592775549303401	-0.23108084539232415	-0.21340429971845842	6.393669024732313	5.29841637263543	0.0	0.8948602127923787	0.9170814660524386	0.2465627864344638	bert_base_uncased	__ALL__	euclidean	head	2,3,7	global_pooled	lexeme_prefixed
14183	535	7.756889308389412	359	1	0.17570093457943925	0.2766355140186916	0.43721356553620533	0	-0.3368202347424873	-0.3151812756717763	-0.2935606557666932	6.39559712285014	5.44091436388477	1.132733269721543e-16	0.9382601008924932	0.9911475847703477	0.33779877317915813	bert_base_uncased	__ALL__	cosine	head	2,3,8	global_pooled	lexeme_prefixed
14183	535	7.756889308389412	359	1	0.17570093457943925	0.2766355140186916	0.43721356553620533	0	-0.26054201850521347	-0.232443469018634	-0.2128847097550636	6.39559712285014	5.44091436388477	0.0	0.8949727305661672	0.9195050634468633	0.25706832122964113	bert_base_uncased	__ALL__	euclidean	head	2,3,8	global_pooled	lexeme_prefixed
14183	535	7.756889308389412	359	1	0.17570093457943925	0.2766355140186916	0.43721356553620533	0	-0.34197667321357383	-0.3199429333117746	-0.30269098341857004	6.217764114736837	5.472791389462375	0.0	0.9394299042217567	0.9908919131427975	0.3346964676020588	bert_base_uncased	__ALL__	cosine	head	2,3,9	global_pooled	lexeme_prefixed
14183	535	7.756889308389412	359	1	0.17570093457943925	0.2766355140186916	0.43721356553620533	0	-0.2603828751700474	-0.23234982122753764	-0.21812755902201666	6.217764114736837	5.472791389462375	6.047162313780363e-09	0.8935019847823469	0.9160727534513374	0.24846647394768384	bert_base_uncased	__ALL__	euclidean	head	2,3,9	global_pooled	lexeme_prefixed
14183	535	7.756889308389412	359	1	0.17570093457943925	0.2766355140186916	0.43721356553620533	0	-0.3469175052304178	-0.3253420778309513	-0.30428570715516995	6.364594504437716	5.548411020809267	0.0	0.9378709340861077	0.9918809412532944	0.32961996756680534	bert_base_uncased	__ALL__	cosine	head	2,3,10	global_pooled	lexeme_prefixed
14183	535	7.756889308389412	359	1	0.17570093457943925	0.2766355140186916	0.43721356553620533	0	-0.2570802566222283	-0.2317206248473497	-0.21540215590721618	6.364594504437716	5.548411020809267	5.922778161505553e-09	0.8917268442176138	0.9275622867720554	0.253260946203201	bert_base_uncased	__ALL__	euclidean	head	2,3,10	global_pooled	lexeme_prefixed
14183	535	7.756889308389412	359	1	0.17570093457943925	0.2766355140186916	0.43721356553620533	0	-0.32823203249314303	-0.3090162464502445	-0.2882175973839845	6.313283809165314	5.39102686616746	0.0	0.9388015357259131	0.9902469079084543	0.3244729605866178	bert_base_uncased	__ALL__	cosine	head	2,3,11	global_pooled	lexeme_prefixed
14183	535	7.756889308389412	359	1	0.17570093457943925	0.2766355140186916	0.43721356553620533	0	-0.25775554358766933	-0.23108210748216743	-0.21719507105955418	6.313283809165314	5.39102686616746	0.0	0.8964684209738285	0.902026060008959	0.25051117535077205	bert_base_uncased	__ALL__	euclidean	head	2,3,11	global_pooled	lexeme_prefixed
14183	535	7.756889308389412	359	1	0.17570093457943925	0.2766355140186916	0.43721356553620533	0	-0.3402302702538714	-0.32429034115150257	-0.3026907199894903	6.388002972594486	5.700227053441928	0.0	0.935823632371472	0.9878254757020017	0.33786928012409223	bert_base_uncased	__ALL__	cosine	head	2,4,5	global_pooled	lexeme_prefixed
14183	535	7.756889308389412	359	1	0.17570093457943925	0.2766355140186916	0.43721356553620533	0	-0.26349892174057926	-0.2372211998071837	-0.22054997615019098	6.388002972594486	5.700227053441928	0.0	0.8937212714664347	0.9257764504370887	0.25058168229570615	bert_base_uncased	__ALL__	euclidean	head	2,4,5	global_pooled	lexeme_prefixed
14183	535	7.756889308389412	359	1	0.17570093457943925	0.2766355140186916	0.43721356553620533	0	-0.3435729101056796	-0.3246575215560911	-0.30579458829208717	6.330164741834044	5.675735485264327	5.739231122076623e-17	0.935643482666896	0.98847322685977	0.3277867869985194	bert_base_uncased	__ALL__	cosine	head	2,4,6	global_pooled	lexeme_prefixed
14183	535	7.756889308389412	359	1	0.17570093457943925	0.2766355140186916	0.43721356553620533	0	-0.263463256999422	-0.23531834161270376	-0.22012087988402418	6.330164741834044	5.675735485264327	0.0	0.8911931651601381	0.9334743089473796	0.2462102517097934	bert_base_uncased	__ALL__	euclidean	head	2,4,6	global_pooled	lexeme_prefixed
14183	535	7.756889308389412	359	1	0.17570093457943925	0.2766355140186916	0.43721356553620533	0	-0.3393902540650909	-0.32028398190319823	-0.2992887262042105	6.329954571720459	5.841680111131706	0.0	0.9344795173439556	0.9874973214960139	0.3311006134104209	bert_base_uncased	__ALL__	cosine	head	2,4,7	global_pooled	lexeme_prefixed
14183	535	7.756889308389412	359	1	0.17570093457943925	0.2766355140186916	0.43721356553620533	0	-0.26041194024155134	-0.23296400939369014	-0.21803809670434787	6.329954571720459	5.841680111131706	0.0	0.8850492182544497	0.9337650187509656	0.24973559895649722	bert_base_uncased	__ALL__	euclidean	head	2,4,7	global_pooled	lexeme_prefixed
14183	535	7.756889308389412	359	1	0.17570093457943925	0.2766355140186916	0.43721356553620533	0	-0.3386596044927523	-0.3208196338002711	-0.2973540614352406	6.497018035869609	5.445049629720222	1.1392141345856224e-16	0.9376324588868808	0.9877488725512972	0.33857434957343296	bert_base_uncased	__ALL__	cosine	head	2,4,8	global_pooled	lexeme_prefixed
14183	535	7.756889308389412	359	1	0.17570093457943925	0.2766355140186916	0.43721356553620533	0	-0.2615073105312551	-0.2329021323016162	-0.21882822893776227	6.497018035869609	5.445049629720222	0.0	0.8908273250339834	0.9240028743746882	0.25445956426708033	bert_base_uncased	__ALL__	euclidean	head	2,4,8	global_pooled	lexeme_prefixed
14183	535	7.756889308389412	359	1	0.17570093457943925	0.2766355140186916	0.43721356553620533	0	-0.3507838999979795	-0.33111585925837467	-0.30891665075971786	6.374274275739334	5.713313279015769	5.723826531848822e-17	0.93500987579883	0.9860541610508341	0.3308185856306846	bert_base_uncased	__ALL__	cosine	head	2,4,10	global_pooled	lexeme_prefixed
14183	535	7.756889308389412	359	1	0.17570093457943925	0.2766355140186916	0.43721356553620533	0	-0.26377304047355327	-0.23517575544676997	-0.2194469570312815	6.374274275739334	5.713313279015769	0.0	0.8889228335914959	0.9426242921857638	0.248607487837552	bert_base_uncased	__ALL__	euclidean	head	2,4,10	global_pooled	lexeme_prefixed
14183	535	7.756889308389412	359	1	0.17570093457943925	0.2766355140186916	0.43721356553620533	0	-0.3521033578035141	-0.33475717784114956	-0.3096428458874863	6.381065753977896	5.910960994153536	0.0	0.9349220083765545	0.9876609853062778	0.3361771134456744	bert_base_uncased	__ALL__	cosine	head	2,4,9	global_pooled	lexeme_prefixed
14183	535	7.756889308389412	359	1	0.17570093457943925	0.2766355140186916	0.43721356553620533	0	-0.2634335832544075	-0.23517729046428357	-0.22039915515518135	6.381065753977896	5.910960994153536	0.0	0.8817594196891545	0.9457636376530835	0.24529366142565043	bert_base_uncased	__ALL__	euclidean	head	2,4,9	global_pooled	lexeme_prefixed
14183	535	7.756889308389412	359	1	0.17570093457943925	0.2766355140186916	0.43721356553620533	0	-0.3372215904197653	-0.32038311294130073	-0.2986106069078404	6.3033257890840835	5.651000804038125	1.1333454553232125e-16	0.93548220480471	0.9856465082343232	0.33124162730028905	bert_base_uncased	__ALL__	cosine	head	2,4,11	global_pooled	lexeme_prefixed
14183	535	7.756889308389412	359	1	0.17570093457943925	0.2766355140186916	0.43721356553620533	0	-0.2607206365950907	-0.2343807639092879	-0.2188330415551206	6.3033257890840835	5.651000804038125	0.0	0.8906315073340568	0.9191190557904327	0.24846647394768384	bert_base_uncased	__ALL__	euclidean	head	2,4,11	global_pooled	lexeme_prefixed
14183	535	7.756889308389412	359	1	0.17570093457943925	0.2766355140186916	0.43721356553620533	0	-0.33353568395856387	-0.31480457479817553	-0.29473399036828846	6.391522583878888	5.9182749162453	0.0	0.9343950962656682	0.9916959551935662	0.33462596065712474	bert_base_uncased	__ALL__	cosine	head	2,5,6	global_pooled	lexeme_prefixed
14183	535	7.756889308389412	359	1	0.17570093457943925	0.2766355140186916	0.43721356553620533	0	-0.2585830305685377	-0.23118938125530672	-0.21624724112867882	6.391522583878888	5.9182749162453	0.0	0.8947048293053864	0.9415356670557381	0.2526263836987943	bert_base_uncased	__ALL__	euclidean	head	2,5,6	global_pooled	lexeme_prefixed
14183	535	7.756889308389412	359	1	0.17570093457943925	0.2766355140186916	0.43721356553620533	0	-0.32985218804662236	-0.3103138464928232	-0.28963126914837684	6.3849876554809	5.719768844678217	0.0	0.9346661770363275	0.9901299531342512	0.33194669674962984	bert_base_uncased	__ALL__	cosine	head	2,5,7	global_pooled	lexeme_prefixed
14183	535	7.756889308389412	359	1	0.17570093457943925	0.2766355140186916	0.43721356553620533	0	-0.25747571585754564	-0.22979885095924496	-0.21375441670298323	6.3849876554809	5.719768844678217	0.0	0.897554912864858	0.919644096406695	0.24754988366354086	bert_base_uncased	__ALL__	euclidean	head	2,5,7	global_pooled	lexeme_prefixed
14183	535	7.756889308389412	359	1	0.17570093457943925	0.2766355140186916	0.43721356553620533	0	-0.3313423289976335	-0.31382095939026977	-0.2925822742557611	6.396517645574539	5.803050209053096	0.0	0.9357398915021392	0.9904080547304981	0.34386237044348866	bert_base_uncased	__ALL__	cosine	head	2,5,8	global_pooled	lexeme_prefixed
14183	535	7.756889308389412	359	1	0.17570093457943925	0.2766355140186916	0.43721356553620533	0	-0.25679162086518253	-0.22954913097196059	-0.2142136852800656	6.396517645574539	5.803050209053096	0.0	0.8949564408329945	0.9286964274099228	0.2539660156525418	bert_base_uncased	__ALL__	euclidean	head	2,5,8	global_pooled	lexeme_prefixed
14183	535	7.756889308389412	359	1	0.17570093457943925	0.2766355140186916	0.43721356553620533	0	-0.3352014122733394	-0.3152641873388038	-0.29455367733323684	6.273694091275829	5.772799537689781	0.0	0.9373218080897306	0.9903462837287024	0.3411125995910597	bert_base_uncased	__ALL__	cosine	head	2,5,9	global_pooled	lexeme_prefixed
14183	535	7.756889308389412	359	1	0.17570093457943925	0.2766355140186916	0.43721356553620533	0	-0.2571677607031419	-0.2303908384990048	-0.21555665396090032	6.273694091275829	5.772799537689781	0.0	0.8905561794037754	0.9332876165439876	0.2536839878728055	bert_base_uncased	__ALL__	euclidean	head	2,5,9	global_pooled	lexeme_prefixed
14183	535	7.756889308389412	359	1	0.17570093457943925	0.2766355140186916	0.43721356553620533	0	-0.3341913001349966	-0.3130158546767274	-0.29325097483344087	6.475489900741078	5.759246492720239	0.0	0.9372940585756814	0.9917756624347278	0.32835084255799196	bert_base_uncased	__ALL__	cosine	head	2,5,10	global_pooled	lexeme_prefixed
14183	535	7.756889308389412	359	1	0.17570093457943925	0.2766355140186916	0.43721356553620533	0	-0.2568176404675303	-0.22900344611572032	-0.21358787433457624	6.475489900741078	5.759246492720239	0.0	0.894513310467541	0.9226382051405998	0.2568568003948389	bert_base_uncased	__ALL__	euclidean	head	2,5,10	global_pooled	lexeme_prefixed
14183	535	7.756889308389412	359	1	0.17570093457943925	0.2766355140186916	0.43721356553620533	0	-0.3301041587502148	-0.3153264755059652	-0.29316640788638526	6.331115269119303	5.587739905889116	0.0	0.9362376982639796	0.9880368509535065	0.3354015370513996	bert_base_uncased	__ALL__	cosine	head	2,5,11	global_pooled	lexeme_prefixed
14183	535	7.756889308389412	359	1	0.17570093457943925	0.2766355140186916	0.43721356553620533	0	-0.2610995977246172	-0.23351032450698397	-0.21871320742242775	6.331115269119303	5.587739905889116	9.481028243869565e-09	0.8971628298642392	0.9104183695570095	0.24959458506662907	bert_base_uncased	__ALL__	euclidean	head	2,5,11	global_pooled	lexeme_prefixed
14183	535	7.756889308389412	359	1	0.17570093457943925	0.2766355140186916	0.43721356553620533	0	-0.3374826590311819	-0.31483344526537266	-0.2969077243215484	6.335535582691232	5.599580337187228	0.0	0.9356162343187865	0.9904044501604244	0.327504759218783	bert_base_uncased	__ALL__	cosine	head	2,6,7	global_pooled	lexeme_prefixed
14183	535	7.756889308389412	359	1	0.17570093457943925	0.2766355140186916	0.43721356553620533	0	-0.2587609476263528	-0.2306864863357674	-0.2171557544968367	6.335535582691232	5.599580337187228	0.0	0.8923830730746901	0.9317803219385166	0.24487061975604596	bert_base_uncased	__ALL__	euclidean	head	2,6,7	global_pooled	lexeme_prefixed
14183	535	7.756889308389412	359	1	0.17570093457943925	0.2766355140186916	0.43721356553620533	0	-0.3337894501894793	-0.3135562155038431	-0.2930131749708891	6.39550938832845	5.62660808483285	0.0	0.937365157617403	0.991378674714534	0.33462596065712474	bert_base_uncased	__ALL__	cosine	head	2,6,8	global_pooled	lexeme_prefixed
14183	535	7.756889308389412	359	1	0.17570093457943925	0.2766355140186916	0.43721356553620533	0	-0.25762414161850655	-0.23101683587683644	-0.21675232013595672	6.39550938832845	5.62660808483285	0.0	0.891526769469488	0.9325846447644427	0.25643375872523444	bert_base_uncased	__ALL__	euclidean	head	2,6,8	global_pooled	lexeme_prefixed
14183	535	7.756889308389412	359	1	0.17570093457943925	0.2766355140186916	0.43721356553620533	0	-0.33554146831334014	-0.3172738717913556	-0.2958113579726547	6.219449612910293	5.804260412644686	0.0	0.9367420407850284	0.9887724306540212	0.33688218289501515	bert_base_uncased	__ALL__	cosine	head	2,6,9	global_pooled	lexeme_prefixed
14183	535	7.756889308389412	359	1	0.17570093457943925	0.2766355140186916	0.43721356553620533	0	-0.25936328686788557	-0.23119402648399537	-0.2134988141267241	6.219449612910293	5.804260412644686	0.0	0.8887495134687491	0.9457109259029296	0.25756186984417967	bert_base_uncased	__ALL__	euclidean	head	2,6,9	global_pooled	lexeme_prefixed
14183	535	7.756889308389412	359	1	0.17570093457943925	0.2766355140186916	0.43721356553620533	0	-0.3356867862003631	-0.3150639867301073	-0.2941242990108212	6.360834536516061	5.831386276175857	0.0	0.9365278583635315	0.9907311576670471	0.3288443911725305	bert_base_uncased	__ALL__	cosine	head	2,6,10	global_pooled	lexeme_prefixed
14183	535	7.756889308389412	359	1	0.17570093457943925	0.2766355140186916	0.43721356553620533	0	-0.2574484583469517	-0.2305227189504653	-0.21440677256623814	6.360834536516061	5.831386276175857	0.0	0.8907946829496978	0.9359112755666468	0.25290841147853066	bert_base_uncased	__ALL__	euclidean	head	2,6,10	global_pooled	lexeme_prefixed
14183	535	7.756889308389412	359	1	0.17570093457943925	0.2766355140186916	0.43721356553620533	0	-0.31684598116786034	-0.2974125933718489	-0.2784341443134988	6.183268347443941	5.545783529686599	0.0	0.9375007239470087	0.9887407415237006	0.3349784953817951	bert_base_uncased	__ALL__	cosine	head	2,6,11	global_pooled	lexeme_prefixed
14183	535	7.756889308389412	359	1	0.17570093457943925	0.2766355140186916	0.43721356553620533	0	-0.25615833272090494	-0.22814185377089258	-0.2146789276587762	6.183268347443941	5.545783529686599	0.0	0.8962210341312344	0.9097061137916729	0.25939505041246563	bert_base_uncased	__ALL__	euclidean	head	2,6,11	global_pooled	lexeme_prefixed
14183	535	7.756889308389412	359	1	0.17570093457943925	0.2766355140186916	0.43721356553620533	0	-0.32949094071409685	-0.30848166242066555	-0.28773558854978576	6.339282334398525	5.4013927614420325	0.0	0.9382126431199048	0.9913473526519481	0.33695268983994925	bert_base_uncased	__ALL__	cosine	head	2,7,8	global_pooled	lexeme_prefixed
14183	535	7.756889308389412	359	1	0.17570093457943925	0.2766355140186916	0.43721356553620533	0	-0.25531797118928046	-0.22655801696624162	-0.21265216564902414	6.339282334398525	5.4013927614420325	8.280728980352236e-09	0.8949521270786623	0.9186271723566717	0.2594655573573997	bert_base_uncased	__ALL__	euclidean	head	2,7,8	global_pooled	lexeme_prefixed
14183	535	7.756889308389412	359	1	0.17570093457943925	0.2766355140186916	0.43721356553620533	0	-0.3381910326356449	-0.31758537336829434	-0.29531659840169083	6.356088636882942	5.685691131373669	1.1378936503333922e-16	0.9362670284690814	0.9922456820534394	0.3390678981879715	bert_base_uncased	__ALL__	cosine	head	2,7,9	global_pooled	lexeme_prefixed
14183	535	7.756889308389412	359	1	0.17570093457943925	0.2766355140186916	0.43721356553620533	0	-0.2582518066126883	-0.22990340546221927	-0.21579835432735295	6.356088636882942	5.685691131373669	0.0	0.8902685581999826	0.933351201325814	0.2500176267362335	bert_base_uncased	__ALL__	euclidean	head	2,7,9	global_pooled	lexeme_prefixed
14183	535	7.756889308389412	359	1	0.17570093457943925	0.2766355140186916	0.43721356553620533	0	-0.33688612656622485	-0.3166719081032077	-0.2929422359761539	6.430847571736528	5.488618017471736	0.0	0.9373435763217779	0.9909877138423643	0.33095959952055276	bert_base_uncased	__ALL__	cosine	head	2,7,10	global_pooled	lexeme_prefixed
14183	535	7.756889308389412	359	1	0.17570093457943925	0.2766355140186916	0.43721356553620533	0	-0.25608844452351126	-0.22929638182791953	-0.21349051787978715	6.430847571736528	5.488618017471736	8.07958227853165e-09	0.8908428978865168	0.9226692304254135	0.2498061059014313	bert_base_uncased	__ALL__	euclidean	head	2,7,10	global_pooled	lexeme_prefixed
14183	535	7.756889308389412	359	1	0.17570093457943925	0.2766355140186916	0.43721356553620533	0	-0.3303027260057288	-0.31084700016503275	-0.29094364718017046	6.272188633862975	5.475934265456848	0.0	0.9364108682631325	0.9901596892016942	0.32933793978706905	bert_base_uncased	__ALL__	cosine	head	2,7,11	global_pooled	lexeme_prefixed
14183	535	7.756889308389412	359	1	0.17570093457943925	0.2766355140186916	0.43721356553620533	0	-0.25706253202828294	-0.22880069076185705	-0.21545090494504954	6.272188633862975	5.475934265456848	7.780697000168693e-09	0.8907895356259183	0.9122596168530249	0.2500881336811676	bert_base_uncased	__ALL__	euclidean	head	2,7,11	global_pooled	lexeme_prefixed
14183	535	7.756889308389412	359	1	0.17570093457943925	0.2766355140186916	0.43721356553620533	0	-0.3305110409993697	-0.31045323601769886	-0.2898747090191335	6.257627107265744	5.41763053737209	0.0	0.9392639146552352	0.9894529708504103	0.346048085736445	bert_base_uncased	__ALL__	cosine	head	2,8,9	global_pooled	lexeme_prefixed
14183	535	7.756889308389412	359	1	0.17570093457943925	0.2766355140186916	0.43721356553620533	0	-0.2563531659258961	-0.22967152841745447	-0.21586199176912116	6.257627107265744	5.41763053737209	8.416439042803376e-09	0.8937501561740938	0.920059761524657	0.2598885990270042	bert_base_uncased	__ALL__	euclidean	head	2,8,9	global_pooled	lexeme_prefixed
14183	535	7.756889308389412	359	1	0.17570093457943925	0.2766355140186916	0.43721356553620533	0	-0.3319785708436294	-0.31228031960266806	-0.29240109773237366	6.369673271519698	5.50241124086027	0.0	0.9399482110837215	0.9909837625713118	0.3403370231967849	bert_base_uncased	__ALL__	cosine	head	2,8,10	global_pooled	lexeme_prefixed
14183	535	7.756889308389412	359	1	0.17570093457943925	0.2766355140186916	0.43721356553620533	0	-0.25557979461347097	-0.22840271935967799	-0.2153770413923687	6.369673271519698	5.50241124086027	8.090644524120494e-09	0.8904535818634074	0.9319017971551113	0.26341394627370796	bert_base_uncased	__ALL__	euclidean	head	2,8,10	global_pooled	lexeme_prefixed
14183	535	7.756889308389412	359	1	0.17570093457943925	0.2766355140186916	0.43721356553620533	0	-0.32085900203995765	-0.30128132000697017	-0.28282402232854004	6.262218667494987	5.413221630140702	0.0	0.9381403031001364	0.9885509321228755	0.33956144680251005	bert_base_uncased	__ALL__	cosine	head	2,8,11	global_pooled	lexeme_prefixed
14183	535	7.756889308389412	359	1	0.17570093457943925	0.2766355140186916	0.43721356553620533	0	-0.2553678787352052	-0.2283856565573113	-0.2123950935541082	6.262218667494987	5.413221630140702	0.0	0.8980314652293055	0.8960689234229343	0.2632024254389057	bert_base_uncased	__ALL__	euclidean	head	2,8,11	global_pooled	lexeme_prefixed
14183	535	7.756889308389412	359	1	0.17570093457943925	0.2766355140186916	0.43721356553620533	0	-0.3353799174306376	-0.31622892610934367	-0.29648578469462483	6.186522010392644	5.589093248718202	0.0	0.938123865646411	0.9906307805536028	0.33963195374744415	bert_base_uncased	__ALL__	cosine	head	2,9,10	global_pooled	lexeme_prefixed
14183	535	7.756889308389412	359	1	0.17570093457943925	0.2766355140186916	0.43721356553620533	0	-0.25922900624864864	-0.23090867239365875	-0.21293589428946597	6.186522010392644	5.589093248718202	0.0	0.8929219123746955	0.9197841882911598	0.2572798420644433	bert_base_uncased	__ALL__	euclidean	head	2,9,10	global_pooled	lexeme_prefixed
14183	535	7.756889308389412	359	1	0.17570093457943925	0.2766355140186916	0.43721356553620533	0	-0.3256227831754907	-0.30655527771372376	-0.28723669132921753	6.1838272245117105	5.75527595560541	0.0	0.936610917189827	0.9873331081204944	0.33920891207783965	bert_base_uncased	__ALL__	cosine	head	2,9,11	global_pooled	lexeme_prefixed
14183	535	7.756889308389412	359	1	0.17570093457943925	0.2766355140186916	0.43721356553620533	0	-0.25541612366632	-0.22803021530728834	-0.21410715668915842	6.1838272245117105	5.75527595560541	0.0	0.8888159372517038	0.9236861531369959	0.25615173094549815	bert_base_uncased	__ALL__	euclidean	head	2,9,11	global_pooled	lexeme_prefixed
14183	535	7.756889308389412	359	1	0.17570093457943925	0.2766355140186916	0.43721356553620533	0	-0.32409311247450534	-0.3052008164550943	-0.28565371277579715	6.308126496125168	5.433640769497379	0.0	0.9389643619563426	0.9896178975087186	0.33067757174081647	bert_base_uncased	__ALL__	cosine	head	2,10,11	global_pooled	lexeme_prefixed
14183	535	7.756889308389412	359	1	0.17570093457943925	0.2766355140186916	0.43721356553620533	0	-0.25899616647130624	-0.23145375414868766	-0.21543823188878305	6.308126496125168	5.433640769497379	8.448791339263277e-09	0.8957530325129893	0.9087953280909429	0.2608756962560812	bert_base_uncased	__ALL__	euclidean	head	2,10,11	global_pooled	lexeme_prefixed
14183	535	7.756889308389412	359	1	0.17570093457943925	0.2766355140186916	0.43721356553620533	0	-0.3459101802302385	-0.32570082434277753	-0.3043654086948056	6.397690892735108	5.845062030030113	0.0	0.933730154265133	0.9893016904316873	0.33258125925403653	bert_base_uncased	__ALL__	cosine	head	3,4,5	global_pooled	lexeme_prefixed
14183	535	7.756889308389412	359	1	0.17570093457943925	0.2766355140186916	0.43721356553620533	0	-0.2626569977090922	-0.23315927142650153	-0.21877040818877608	6.397690892735108	5.845062030030113	8.231921854991745e-09	0.8934673687314538	0.936956268956912	0.24585771698512304	bert_base_uncased	__ALL__	euclidean	head	3,4,5	global_pooled	lexeme_prefixed
14183	535	7.756889308389412	359	1	0.17570093457943925	0.2766355140186916	0.43721356553620533	0	-0.3546538369867066	-0.3367450390063053	-0.31572526171469867	6.400172038655189	5.781697996422419	2.314088565045239e-16	0.9349286188449171	0.9879357772350413	0.3315236550800254	bert_base_uncased	__ALL__	cosine	head	3,4,6	global_pooled	lexeme_prefixed
14183	535	7.756889308389412	359	1	0.17570093457943925	0.2766355140186916	0.43721356553620533	0	-0.268367850716671	-0.23961869048066997	-0.2221018536366967	6.400172038655189	5.781697996422419	1.0282947755788452e-08	0.8920831130700692	0.9466101074985239	0.23810195304237466	bert_base_uncased	__ALL__	euclidean	head	3,4,6	global_pooled	lexeme_prefixed
14183	535	7.756889308389412	359	1	0.17570093457943925	0.2766355140186916	0.43721356553620533	0	-0.3475960770188818	-0.3270269655924827	-0.3051438426849992	6.341585326933437	6.019694216990035	0.0	0.9341090118458212	0.9880373185096645	0.3277162800535853	bert_base_uncased	__ALL__	cosine	head	3,4,7	global_pooled	lexeme_prefixed
14183	535	7.756889308389412	359	1	0.17570093457943925	0.2766355140186916	0.43721356553620533	0	-0.2633544746961401	-0.23421027221440038	-0.21823033517562024	6.341585326933437	6.019694216990035	0.0	0.8843800147294847	0.9537283466559685	0.24141577945427625	bert_base_uncased	__ALL__	euclidean	head	3,4,7	global_pooled	lexeme_prefixed
14183	535	7.756889308389412	359	1	0.17570093457943925	0.2766355140186916	0.43721356553620533	0	-0.35213058235762923	-0.3360289077709233	-0.30969540831454156	6.507310830268524	5.8122439211429935	0.0	0.9345821479663843	0.9874446772485653	0.33399139815271806	bert_base_uncased	__ALL__	cosine	head	3,4,8	global_pooled	lexeme_prefixed
14183	535	7.756889308389412	359	1	0.17570093457943925	0.2766355140186916	0.43721356553620533	0	-0.2670994406408537	-0.2386767057673965	-0.21961976504467573	6.507310830268524	5.8122439211429935	0.0	0.8898904323848145	0.9479493663173794	0.24261439751815553	bert_base_uncased	__ALL__	euclidean	head	3,4,8	global_pooled	lexeme_prefixed
14183	535	7.756889308389412	359	1	0.17570093457943925	0.2766355140186916	0.43721356553620533	0	-0.36259366697283785	-0.34201898291126326	-0.3227900348562152	6.480124699754435	5.9988444932089	0.0	0.9331107607347883	0.9877437292123487	0.3284918564478601	bert_base_uncased	__ALL__	cosine	head	3,4,9	global_pooled	lexeme_prefixed
14183	535	7.756889308389412	359	1	0.17570093457943925	0.2766355140186916	0.43721356553620533	0	-0.2695126565798901	-0.24021440118743445	-0.2210675823221748	6.480124699754435	5.9988444932089	0.0	0.8884146278633358	0.9454112055799824	0.23521116830007754	bert_base_uncased	__ALL__	euclidean	head	3,4,9	global_pooled	lexeme_prefixed
14183	535	7.756889308389412	359	1	0.17570093457943925	0.2766355140186916	0.43721356553620533	0	-0.3650038560988154	-0.3442818965891799	-0.3216476078236558	6.454768609000879	5.9894432890293	0.0	0.9323097483801963	0.9862469185326573	0.32454346753155183	bert_base_uncased	__ALL__	cosine	head	3,4,10	global_pooled	lexeme_prefixed
14183	535	7.756889308389412	359	1	0.17570093457943925	0.2766355140186916	0.43721356553620533	0	-0.26489223726659994	-0.2358140903026683	-0.21929108759868648	6.454768609000879	5.9894432890293	0.0	0.8874773612539246	0.9635677363697449	0.2380314460974406	bert_base_uncased	__ALL__	euclidean	head	3,4,10	global_pooled	lexeme_prefixed
14183	535	7.756889308389412	359	1	0.17570093457943925	0.2766355140186916	0.43721356553620533	0	-0.34651873508505454	-0.3280110709023629	-0.30722713397870116	6.412447131661727	6.049561570630018	0.0	0.9327488362209356	0.9869208095240009	0.32193471056899103	bert_base_uncased	__ALL__	cosine	head	3,4,11	global_pooled	lexeme_prefixed
14183	535	7.756889308389412	359	1	0.17570093457943925	0.2766355140186916	0.43721356553620533	0	-0.26484420382932344	-0.23576112830182402	-0.22013178968610653	6.412447131661727	6.049561570630018	0.0	0.8900028608777625	0.9425445118416075	0.23633927941902277	bert_base_uncased	__ALL__	euclidean	head	3,4,11	global_pooled	lexeme_prefixed
14183	535	7.756889308389412	359	1	0.17570093457943925	0.2766355140186916	0.43721356553620533	0	-0.33585088005527947	-0.31343466779418355	-0.2936663600845222	6.420202476322971	5.572407318267416	0.0	0.9349890601481747	0.9934480012990731	0.34090107875625747	bert_base_uncased	__ALL__	cosine	head	3,5,6	global_pooled	lexeme_prefixed
14183	535	7.756889308389412	359	1	0.17570093457943925	0.2766355140186916	0.43721356553620533	0	-0.2605052347515597	-0.23114674394531445	-0.21549894639111764	6.420202476322971	5.572407318267416	0.0	0.898550356353715	0.9309172778815138	0.2545300712120144	bert_base_uncased	__ALL__	euclidean	head	3,5,6	global_pooled	lexeme_prefixed
14183	535	7.756889308389412	359	1	0.17570093457943925	0.2766355140186916	0.43721356553620533	0	-0.327591104028965	-0.3065325504322602	-0.2857224250206914	6.381052187784997	5.440617942739983	5.723053426101352e-17	0.9364549064715366	0.9935062277829669	0.32954946062187124	bert_base_uncased	__ALL__	cosine	head	3,5,7	global_pooled	lexeme_prefixed
14183	535	7.756889308389412	359	1	0.17570093457943925	0.2766355140186916	0.43721356553620533	0	-0.2592332906707446	-0.2310777223854058	-0.21655102965372533	6.381052187784997	5.440617942739983	0.0	0.8994211763436712	0.9153384814370352	0.24839596700274977	bert_base_uncased	__ALL__	euclidean	head	3,5,7	global_pooled	lexeme_prefixed
14183	535	7.756889308389412	359	1	0.17570093457943925	0.2766355140186916	0.43721356553620533	0	-0.3314647167839995	-0.31080923709617314	-0.2931125099502411	6.410791249097373	5.717617480452709	1.1475716127396126e-16	0.9342332812357408	0.9921100415176108	0.3400549954170486	bert_base_uncased	__ALL__	cosine	head	3,5,8	global_pooled	lexeme_prefixed
14183	535	7.756889308389412	359	1	0.17570093457943925	0.2766355140186916	0.43721356553620533	0	-0.2567751403469054	-0.22893754050551005	-0.2123840290719159	6.410791249097373	5.717617480452709	5.8693373821436376e-09	0.8964448886484657	0.9296027415182408	0.25347246703800325	bert_base_uncased	__ALL__	euclidean	head	3,5,8	global_pooled	lexeme_prefixed
14183	535	7.756889308389412	359	1	0.17570093457943925	0.2766355140186916	0.43721356553620533	0	-0.3342442446571308	-0.3138017296632618	-0.2937779955077907	6.357565416443388	5.399914564499912	0.0	0.9365435969620293	0.9928797644940961	0.3373052245646196	bert_base_uncased	__ALL__	cosine	head	3,5,9	global_pooled	lexeme_prefixed
14183	535	7.756889308389412	359	1	0.17570093457943925	0.2766355140186916	0.43721356553620533	0	-0.25869141627092246	-0.23139560235795303	-0.21603519625849496	6.357565416443388	5.399914564499912	5.844666956024871e-09	0.9002914750381761	0.9092969809124296	0.2533314531481351	bert_base_uncased	__ALL__	euclidean	head	3,5,9	global_pooled	lexeme_prefixed
14183	535	7.756889308389412	359	1	0.17570093457943925	0.2766355140186916	0.43721356553620533	0	-0.3347661900517484	-0.31394788121892553	-0.29243200229513877	6.515842374651341	5.593618278566492	5.73147067015336e-17	0.9358660715499495	0.9944041697313922	0.32694070365931044	bert_base_uncased	__ALL__	cosine	head	3,5,10	global_pooled	lexeme_prefixed
14183	535	7.756889308389412	359	1	0.17570093457943925	0.2766355140186916	0.43721356553620533	0	-0.2516125465070945	-0.22596107351019598	-0.21035134632349453	6.515842374651341	5.593618278566492	7.77351397498894e-09	0.8957951460618664	0.9204301518335857	0.256997814284707	bert_base_uncased	__ALL__	euclidean	head	3,5,10	global_pooled	lexeme_prefixed
14183	535	7.756889308389412	359	1	0.17570093457943925	0.2766355140186916	0.43721356553620533	0	-0.3283804789665871	-0.3085120553295312	-0.28875017578706896	6.459699194613147	5.538803421656713	0.0	0.9349140905753172	0.9917521560294306	0.3300430092364098	bert_base_uncased	__ALL__	cosine	head	3,5,11	global_pooled	lexeme_prefixed
14183	535	7.756889308389412	359	1	0.17570093457943925	0.2766355140186916	0.43721356553620533	0	-0.25985345779825664	-0.23206836439712752	-0.2171322372835556	6.459699194613147	5.538803421656713	0.0	0.8989224864748399	0.9106030307195269	0.24395402947190298	bert_base_uncased	__ALL__	euclidean	head	3,5,11	global_pooled	lexeme_prefixed
14183	535	7.756889308389412	359	1	0.17570093457943925	0.2766355140186916	0.43721356553620533	0	-0.34057530104045247	-0.3202331138649899	-0.29908021380250965	6.403123793877062	5.2936534124505314	2.89053738234512e-16	0.9387420307482048	0.9915862292686798	0.33455545371219064	bert_base_uncased	__ALL__	cosine	head	3,6,7	global_pooled	lexeme_prefixed
14183	535	7.756889308389412	359	1	0.17570093457943925	0.2766355140186916	0.43721356553620533	0	-0.26228415301831	-0.23376568004700735	-0.2194410671240723	6.403123793877062	5.2936534124505314	1.234059441344449e-08	0.8951204970626864	0.9303204701469084	0.24670380032433195	bert_base_uncased	__ALL__	euclidean	head	3,6,7	global_pooled	lexeme_prefixed
14183	535	7.756889308389412	359	1	0.17570093457943925	0.2766355140186916	0.43721356553620533	0	-0.3415835658382289	-0.3229721765238281	-0.3014010215135373	6.420670606601055	5.509325658122165	0.0	0.936916301877541	0.9908369799421467	0.3368116759500811	bert_base_uncased	__ALL__	cosine	head	3,6,8	global_pooled	lexeme_prefixed
14183	535	7.756889308389412	359	1	0.17570093457943925	0.2766355140186916	0.43721356553620533	0	-0.2618380789114743	-0.23313428695642396	-0.21753835784582026	6.420670606601055	5.509325658122165	6.457757794787624e-09	0.8941055894217258	0.935511780869641	0.2447296058661778	bert_base_uncased	__ALL__	euclidean	head	3,6,8	global_pooled	lexeme_prefixed
14183	535	7.756889308389412	359	1	0.17570093457943925	0.2766355140186916	0.43721356553620533	0	-0.34016926370218264	-0.32022920294565727	-0.3007926938265511	6.396724508207624	5.402237605098514	5.765434790521423e-17	0.9372595966737877	0.9889355543396975	0.34047803708665303	bert_base_uncased	__ALL__	cosine	head	3,6,9	global_pooled	lexeme_prefixed
14183	535	7.756889308389412	359	1	0.17570093457943925	0.2766355140186916	0.43721356553620533	0	-0.2642989397278438	-0.23526879086279484	-0.2216921764437248	6.396724508207624	5.402237605098514	0.0	0.899083139728565	0.9243083969590421	0.24867799478248606	bert_base_uncased	__ALL__	euclidean	head	3,6,9	global_pooled	lexeme_prefixed
14183	535	7.756889308389412	359	1	0.17570093457943925	0.2766355140186916	0.43721356553620533	0	-0.34137669087409794	-0.32037571327713243	-0.30140728195682503	6.388423228937653	5.632799932867014	0.0	0.9359328348350613	0.9911409154816619	0.33723471761968554	bert_base_uncased	__ALL__	cosine	head	3,6,10	global_pooled	lexeme_prefixed
14183	535	7.756889308389412	359	1	0.17570093457943925	0.2766355140186916	0.43721356553620533	0	-0.2573314710991299	-0.2305183164041479	-0.2149437621028776	6.388423228937653	5.632799932867014	8.478440689451511e-09	0.8930189809961839	0.9359990556855685	0.2520623281393217	bert_base_uncased	__ALL__	euclidean	head	3,6,10	global_pooled	lexeme_prefixed
14183	535	7.756889308389412	359	1	0.17570093457943925	0.2766355140186916	0.43721356553620533	0	-0.32315537312460596	-0.3044179593233559	-0.2843118187942672	6.283734982812402	5.460180344764045	1.7250419217397545e-16	0.9371731319788218	0.9903617665873896	0.3354720439963336	bert_base_uncased	__ALL__	cosine	head	3,6,11	global_pooled	lexeme_prefixed
14183	535	7.756889308389412	359	1	0.17570093457943925	0.2766355140186916	0.43721356553620533	0	-0.25896748670951303	-0.23047264303132164	-0.21702293271051987	6.283734982812402	5.460180344764045	0.0	0.8995494897598069	0.9121155612158269	0.24924205034195868	bert_base_uncased	__ALL__	euclidean	head	3,6,11	global_pooled	lexeme_prefixed
14183	535	7.756889308389412	359	1	0.17570093457943925	0.2766355140186916	0.43721356553620533	0	-0.33411592613997043	-0.3156099486790642	-0.29447419710456585	6.3606928496936845	5.35933702440171	0.0	0.9388193515016966	0.9922396093543647	0.3308890925756187	bert_base_uncased	__ALL__	cosine	head	3,7,8	global_pooled	lexeme_prefixed
14183	535	7.756889308389412	359	1	0.17570093457943925	0.2766355140186916	0.43721356553620533	0	-0.2584338937868098	-0.23060787371578287	-0.21547689641534773	6.3606928496936845	5.35933702440171	0.0	0.8950722366921111	0.9289891157275169	0.2474088697736727	bert_base_uncased	__ALL__	euclidean	head	3,7,8	global_pooled	lexeme_prefixed
14183	535	7.756889308389412	359	1	0.17570093457943925	0.2766355140186916	0.43721356553620533	0	-0.33907756404961414	-0.3181099011592214	-0.29878589420109786	6.4226160845208025	5.355729813557986	0.0	0.9381776243296478	0.9938174798485379	0.3338503842628499	bert_base_uncased	__ALL__	cosine	head	3,7,9	global_pooled	lexeme_prefixed
14183	535	7.756889308389412	359	1	0.17570093457943925	0.2766355140186916	0.43721356553620533	0	-0.2625154496038902	-0.23377822028571127	-0.2194044419079479	6.4226160845208025	5.355729813557986	0.0	0.8985854942694816	0.9189772824754964	0.24465909892124374	bert_base_uncased	__ALL__	euclidean	head	3,7,9	global_pooled	lexeme_prefixed
14183	535	7.756889308389412	359	1	0.17570093457943925	0.2766355140186916	0.43721356553620533	0	-0.34164473122309014	-0.3196631808952004	-0.2978340136426595	6.4308012075836185	5.370672220936204	0.0	0.9381604392010368	0.9928538758638156	0.3267291828245082	bert_base_uncased	__ALL__	cosine	head	3,7,10	global_pooled	lexeme_prefixed
14183	535	7.756889308389412	359	1	0.17570093457943925	0.2766355140186916	0.43721356553620533	0	-0.2559460640142254	-0.23142841190551816	-0.21420893639581975	6.4308012075836185	5.370672220936204	0.0	0.8909994143306562	0.9298150021978037	0.24458859197630967	bert_base_uncased	__ALL__	euclidean	head	3,7,10	global_pooled	lexeme_prefixed
14183	535	7.756889308389412	359	1	0.17570093457943925	0.2766355140186916	0.43721356553620533	0	-0.3322345056337149	-0.3147611511628831	-0.2925576961163594	6.361007814527689	5.466770926365275	1.7092414224582023e-16	0.9375361366281901	0.9930753371179422	0.3244024536416837	bert_base_uncased	__ALL__	cosine	head	3,7,11	global_pooled	lexeme_prefixed
14183	535	7.756889308389412	359	1	0.17570093457943925	0.2766355140186916	0.43721356553620533	0	-0.2573276141633672	-0.22922149013229723	-0.21648168658704497	6.361007814527689	5.466770926365275	0.0	0.8917836918346957	0.9223261859189912	0.24141577945427625	bert_base_uncased	__ALL__	euclidean	head	3,7,11	global_pooled	lexeme_prefixed
14183	535	7.756889308389412	359	1	0.17570093457943925	0.2766355140186916	0.43721356553620533	0	-0.3374457995512076	-0.3172840829234661	-0.29818490516613644	6.312908854053534	5.279842936117666	0.0	0.9376874751341043	0.989616352354475	0.3384333356835648	bert_base_uncased	__ALL__	cosine	head	3,8,9	global_pooled	lexeme_prefixed
14183	535	7.756889308389412	359	1	0.17570093457943925	0.2766355140186916	0.43721356553620533	0	-0.2602611278250345	-0.23238999891291845	-0.2168513711720826	6.312908854053534	5.279842936117666	0.0	0.9018885965568866	0.9093233067937209	0.2520623281393217	bert_base_uncased	__ALL__	euclidean	head	3,8,9	global_pooled	lexeme_prefixed
14183	535	7.756889308389412	359	1	0.17570093457943925	0.2766355140186916	0.43721356553620533	0	-0.34060000209895597	-0.32039401920242905	-0.2976782734756985	6.406551931491894	5.572501438776668	1.1477186068247362e-16	0.9369472514541068	0.9910245916374615	0.3330748078685751	bert_base_uncased	__ALL__	cosine	head	3,8,10	global_pooled	lexeme_prefixed
14183	535	7.756889308389412	359	1	0.17570093457943925	0.2766355140186916	0.43721356553620533	0	-0.25540397033315027	-0.22901580172919475	-0.21256952654556818	6.406551931491894	5.572501438776668	1.030903428275075e-08	0.8902522390140479	0.9436354467321824	0.2519213142494536	bert_base_uncased	__ALL__	euclidean	head	3,8,10	global_pooled	lexeme_prefixed
14183	535	7.756889308389412	359	1	0.17570093457943925	0.2766355140186916	0.43721356553620533	0	-0.3244803529223637	-0.30766449584751593	-0.283425437080995	6.3333185095943945	5.600507497820891	0.0	0.9356865495776768	0.9900745318378174	0.3374462384544878	bert_base_uncased	__ALL__	cosine	head	3,8,11	global_pooled	lexeme_prefixed
14183	535	7.756889308389412	359	1	0.17570093457943925	0.2766355140186916	0.43721356553620533	0	-0.25591084946251685	-0.22912760579034602	-0.2135172892078603	6.3333185095943945	5.600507497820891	0.0	0.8986053644542089	0.9105136134835462	0.2536839878728055	bert_base_uncased	__ALL__	euclidean	head	3,8,11	global_pooled	lexeme_prefixed
14183	535	7.756889308389412	359	1	0.17570093457943925	0.2766355140186916	0.43721356553620533	0	-0.34020238889106297	-0.32191252426914546	-0.30260414363836524	6.365066371871674	5.373776533945292	0.0	0.9365321550216441	0.9918062896504289	0.3358950856659381	bert_base_uncased	__ALL__	cosine	head	3,9,10	global_pooled	lexeme_prefixed
14183	535	7.756889308389412	359	1	0.17570093457943925	0.2766355140186916	0.43721356553620533	0	-0.25897306516258045	-0.23065029667144005	-0.21751162956910752	6.365066371871674	5.373776533945292	8.739122629394691e-09	0.9003516344247733	0.9062627331107576	0.25079320313050835	bert_base_uncased	__ALL__	euclidean	head	3,9,10	global_pooled	lexeme_prefixed
14183	535	7.756889308389412	359	1	0.17570093457943925	0.2766355140186916	0.43721356553620533	0	-0.32985749301086376	-0.31085614332370765	-0.28870275906379234	6.3447591868655095	5.652083176143837	5.68493856048626e-17	0.9351629075941581	0.9894624246383874	0.3344849467672566	bert_base_uncased	__ALL__	cosine	head	3,9,11	global_pooled	lexeme_prefixed
14183	535	7.756889308389412	359	1	0.17570093457943925	0.2766355140186916	0.43721356553620533	0	-0.25774728012693626	-0.23010147640978768	-0.21663849715905806	6.3447591868655095	5.652083176143837	0.0	0.8975721034115942	0.9123848854783907	0.24790241838821123	bert_base_uncased	__ALL__	euclidean	head	3,9,11	global_pooled	lexeme_prefixed
14183	535	7.756889308389412	359	1	0.17570093457943925	0.2766355140186916	0.43721356553620533	0	-0.33133879413607714	-0.31287116945931104	-0.2906043390901115	6.38646213221386	5.541883006735659	1.7169266137712387e-16	0.936225737935189	0.9922550646387864	0.32574208559543116	bert_base_uncased	__ALL__	cosine	head	3,10,11	global_pooled	lexeme_prefixed
14183	535	7.756889308389412	359	1	0.17570093457943925	0.2766355140186916	0.43721356553620533	0	-0.25702599639761503	-0.2313961033747403	-0.21509862201618823	6.38646213221386	5.541883006735659	0.0	0.8963919118967931	0.9197863124770258	0.24705633504900232	bert_base_uncased	__ALL__	euclidean	head	3,10,11	global_pooled	lexeme_prefixed
14183	535	7.756889308389412	359	1	0.17570093457943925	0.2766355140186916	0.43721356553620533	0	-0.3366838393590674	-0.3194050227296238	-0.29851181486278416	6.352035034515901	5.605477104390152	0.0	0.9356767336339985	0.9907182414164657	0.3358950856659381	bert_base_uncased	__ALL__	cosine	head	4,5,6	global_pooled	lexeme_prefixed
14183	535	7.756889308389412	359	1	0.17570093457943925	0.2766355140186916	0.43721356553620533	0	-0.26448698799306053	-0.23662424372469537	-0.22100738293478728	6.352035034515901	5.605477104390152	0.0	0.9014676184285249	0.9182995888356499	0.24790241838821123	bert_base_uncased	__ALL__	euclidean	head	4,5,6	global_pooled	lexeme_prefixed
14183	535	7.756889308389412	359	1	0.17570093457943925	0.2766355140186916	0.43721356553620533	0	-0.3299764092302288	-0.3112501145354036	-0.2899413817196216	6.2903842705988104	5.960896129123902	5.721678868491775e-17	0.9345937343961626	0.9875421218468204	0.33490798843686104	bert_base_uncased	__ALL__	cosine	head	4,5,7	global_pooled	lexeme_prefixed
14183	535	7.756889308389412	359	1	0.17570093457943925	0.2766355140186916	0.43721356553620533	0	-0.2596838069105107	-0.23254062156940003	-0.2158099318434194	6.2903842705988104	5.960896129123902	1.209251294795051e-08	0.8923771387650756	0.9254351913001656	0.2488895156172883	bert_base_uncased	__ALL__	euclidean	head	4,5,7	global_pooled	lexeme_prefixed
14183	535	7.756889308389412	359	1	0.17570093457943925	0.2766355140186916	0.43721356553620533	0	-0.33676814034886926	-0.3187518756083387	-0.2975742646907025	6.428364422582719	5.692231574185159	0.0	0.9359895283114541	0.9891188675002869	0.34541352323203833	bert_base_uncased	__ALL__	cosine	head	4,5,8	global_pooled	lexeme_prefixed
14183	535	7.756889308389412	359	1	0.17570093457943925	0.2766355140186916	0.43721356553620533	0	-0.2595308417034755	-0.2330837594449389	-0.2160345426103283	6.428364422582719	5.692231574185159	0.0	0.8955104817007238	0.9268583889845863	0.2533314531481351	bert_base_uncased	__ALL__	euclidean	head	4,5,8	global_pooled	lexeme_prefixed
14183	535	7.756889308389412	359	1	0.17570093457943925	0.2766355140186916	0.43721356553620533	0	-0.3440625357722752	-0.32453943058639545	-0.3048075854212781	6.3911067552424194	5.817964038202298	0.0	0.934648651994452	0.9896077800596832	0.33949093985757595	bert_base_uncased	__ALL__	cosine	head	4,5,9	global_pooled	lexeme_prefixed
14183	535	7.756889308389412	359	1	0.17570093457943925	0.2766355140186916	0.43721356553620533	0	-0.25992895573814	-0.23324358262687125	-0.21649172494655286	6.3911067552424194	5.817964038202298	7.816649320209867e-09	0.8908433950166532	0.9319504018935509	0.24437707114150745	bert_base_uncased	__ALL__	euclidean	head	4,5,9	global_pooled	lexeme_prefixed
14183	535	7.756889308389412	359	1	0.17570093457943925	0.2766355140186916	0.43721356553620533	0	-0.34345574708257676	-0.3223226531923631	-0.30111728437212465	6.443534578264009	5.7341148261480335	0.0	0.9354238889597216	0.9883781357731849	0.3285623633927942	bert_base_uncased	__ALL__	cosine	head	4,5,10	global_pooled	lexeme_prefixed
14183	535	7.756889308389412	359	1	0.17570093457943925	0.2766355140186916	0.43721356553620533	0	-0.2592936928832598	-0.2317580743555077	-0.2161485379487649	6.443534578264009	5.7341148261480335	0.0	0.8955186155598568	0.9288700610038847	0.24994711979129944	bert_base_uncased	__ALL__	euclidean	head	4,5,10	global_pooled	lexeme_prefixed
14183	535	7.756889308389412	359	1	0.17570093457943925	0.2766355140186916	0.43721356553620533	0	-0.3336370763608044	-0.31651055068305023	-0.2968418237462757	6.334545472677946	5.765123625569632	2.276011961298151e-16	0.9337600483632658	0.9872314197300511	0.3354015370513996	bert_base_uncased	__ALL__	cosine	head	4,5,11	global_pooled	lexeme_prefixed
14183	535	7.756889308389412	359	1	0.17570093457943925	0.2766355140186916	0.43721356553620533	0	-0.2609535941712834	-0.23353586440294785	-0.2180477333184398	6.334545472677946	5.765123625569632	0.0	0.8961207154506844	0.9207963808828383	0.24515264753578228	bert_base_uncased	__ALL__	euclidean	head	4,5,11	global_pooled	lexeme_prefixed
14183	535	7.756889308389412	359	1	0.17570093457943925	0.2766355140186916	0.43721356553620533	0	-0.3355468524234457	-0.3182620042748987	-0.2973479712699381	6.30590086639162	5.731826288932557	0.0	0.9352195735463175	0.9883790156374728	0.32983148840160753	bert_base_uncased	__ALL__	cosine	head	4,6,7	global_pooled	lexeme_prefixed
14183	535	7.756889308389412	359	1	0.17570093457943925	0.2766355140186916	0.43721356553620533	0	-0.2657016344750969	-0.23848102473072608	-0.2201487312369697	6.30590086639162	5.731826288932557	8.478851745944434e-09	0.8922135585529636	0.9243412297803283	0.24254389057322145	bert_base_uncased	__ALL__	euclidean	head	4,6,7	global_pooled	lexeme_prefixed
14183	535	7.756889308389412	359	1	0.17570093457943925	0.2766355140186916	0.43721356553620533	0	-0.3386203990131072	-0.32183638382180485	-0.2995033599444889	6.4486668495028	5.417073078193054	0.0	0.9380249023965517	0.9902977228944319	0.3320172036945639	bert_base_uncased	__ALL__	cosine	head	4,6,8	global_pooled	lexeme_prefixed
14183	535	7.756889308389412	359	1	0.17570093457943925	0.2766355140186916	0.43721356553620533	0	-0.2661390912827619	-0.23826465152035523	-0.22292238165766534	6.4486668495028	5.417073078193054	0.0	0.8969632828489179	0.9168244451125951	0.24367200169216668	bert_base_uncased	__ALL__	euclidean	head	4,6,8	global_pooled	lexeme_prefixed
14183	535	7.756889308389412	359	1	0.17570093457943925	0.2766355140186916	0.43721356553620533	0	-0.3450293341981923	-0.32857681956102935	-0.30541980924511114	6.4540006976247435	5.747007632339279	1.1512045057547502e-16	0.9346778141184885	0.9881211227105813	0.3318056828597617	bert_base_uncased	__ALL__	cosine	head	4,6,9	global_pooled	lexeme_prefixed
14183	535	7.756889308389412	359	1	0.17570093457943925	0.2766355140186916	0.43721356553620533	0	-0.2642701851539512	-0.23697924064659467	-0.21983542622424346	6.4540006976247435	5.747007632339279	8.959863528240125e-09	0.8939536807615306	0.9308603735253658	0.24346048085736446	bert_base_uncased	__ALL__	euclidean	head	4,6,9	global_pooled	lexeme_prefixed
14183	535	7.756889308389412	359	1	0.17570093457943925	0.2766355140186916	0.43721356553620533	0	-0.3442106850429197	-0.32585182924518147	-0.3045252902511386	6.3660415417103815	5.703346230102601	0.0	0.9350133087625215	0.9878658782076336	0.32990199534654163	bert_base_uncased	__ALL__	cosine	head	4,6,10	global_pooled	lexeme_prefixed
14183	535	7.756889308389412	359	1	0.17570093457943925	0.2766355140186916	0.43721356553620533	0	-0.2668091289479564	-0.2380581941726333	-0.21713743558329904	6.3660415417103815	5.703346230102601	6.1008340280208114e-09	0.89665567778574	0.9281581931959433	0.24494112670098003	bert_base_uncased	__ALL__	euclidean	head	4,6,10	global_pooled	lexeme_prefixed
14183	535	7.756889308389412	359	1	0.17570093457943925	0.2766355140186916	0.43721356553620533	0	-0.32286192787330864	-0.30834496622505825	-0.2887612150829517	6.240716193799408	5.6226455281858945	0.0	0.9355402042662797	0.9882087896196842	0.33103010646548686	bert_base_uncased	__ALL__	cosine	head	4,6,11	global_pooled	lexeme_prefixed
14183	535	7.756889308389412	359	1	0.17570093457943925	0.2766355140186916	0.43721356553620533	0	-0.2605889572596943	-0.23300173983755298	-0.21666808243271674	6.240716193799408	5.6226455281858945	0.0	0.900662873674235	0.9055875228290615	0.24698582810406824	bert_base_uncased	__ALL__	euclidean	head	4,6,11	global_pooled	lexeme_prefixed
14183	535	7.756889308389412	359	1	0.17570093457943925	0.2766355140186916	0.43721356553620533	0	-0.33043794965755985	-0.31127215434200195	-0.288397413336986	6.404622612831331	5.745614563106144	1.709676421795598e-16	0.9368176888391806	0.9887635002833506	0.33596559261087217	bert_base_uncased	__ALL__	cosine	head	4,7,8	global_pooled	lexeme_prefixed
14183	535	7.756889308389412	359	1	0.17570093457943925	0.2766355140186916	0.43721356553620533	0	-0.2600854583769834	-0.23323767353869881	-0.21646034821197144	6.404622612831331	5.745614563106144	0.0	0.887496019596678	0.9323015656933383	0.25340196009306915	bert_base_uncased	__ALL__	euclidean	head	4,7,8	global_pooled	lexeme_prefixed
14183	535	7.756889308389412	359	1	0.17570093457943925	0.2766355140186916	0.43721356553620533	0	-0.3437665995770876	-0.3257485696457038	-0.3020750702234949	6.422360643242103	6.16761938802579	5.716649454544583e-17	0.9326746806956965	0.9899276108441162	0.33652964817034475	bert_base_uncased	__ALL__	cosine	head	4,7,9	global_pooled	lexeme_prefixed
14183	535	7.756889308389412	359	1	0.17570093457943925	0.2766355140186916	0.43721356553620533	0	-0.26181779192262655	-0.2334313398420149	-0.2171830054946581	6.422360643242103	6.16761938802579	7.581395125715706e-09	0.8837254575837046	0.9477238236603683	0.24642177254459563	bert_base_uncased	__ALL__	euclidean	head	4,7,9	global_pooled	lexeme_prefixed
14183	535	7.756889308389412	359	1	0.17570093457943925	0.2766355140186916	0.43721356553620533	0	-0.34158301831902965	-0.32108723174047604	-0.29749414328794543	6.373918816140489	5.9119063444106885	0.0	0.933872424200271	0.9868497386434513	0.3334978495381795	bert_base_uncased	__ALL__	cosine	head	4,7,10	global_pooled	lexeme_prefixed
14183	535	7.756889308389412	359	1	0.17570093457943925	0.2766355140186916	0.43721356553620533	0	-0.2608086572837608	-0.23225665424058145	-0.21656257209804447	6.373918816140489	5.9119063444106885	7.860158919776545e-09	0.885063439285396	0.944260566020984	0.24487061975604596	bert_base_uncased	__ALL__	euclidean	head	4,7,10	global_pooled	lexeme_prefixed
14183	535	7.756889308389412	359	1	0.17570093457943925	0.2766355140186916	0.43721356553620533	0	-0.3327128268523642	-0.31473466857536875	-0.2933350828396273	6.280567533944637	6.101672164692235	0.0	0.9328461471877135	0.9881332761957556	0.33519001621659733	bert_base_uncased	__ALL__	cosine	head	4,7,11	global_pooled	lexeme_prefixed
14183	535	7.756889308389412	359	1	0.17570093457943925	0.2766355140186916	0.43721356553620533	0	-0.25941689479451613	-0.23201721239078715	-0.21591167747685672	6.280567533944637	6.101672164692235	0.0	0.8829725998182478	0.9377902501002816	0.2471973489388705	bert_base_uncased	__ALL__	euclidean	head	4,7,11	global_pooled	lexeme_prefixed
14183	535	7.756889308389412	359	1	0.17570093457943925	0.2766355140186916	0.43721356553620533	0	-0.34489852535781435	-0.3284606569461331	-0.3052981438494993	6.448354796727518	5.575238955269838	0.0	0.9357165393013336	0.98849997436942	0.34224071071000495	bert_base_uncased	__ALL__	cosine	head	4,8,9	global_pooled	lexeme_prefixed
14183	535	7.756889308389412	359	1	0.17570093457943925	0.2766355140186916	0.43721356553620533	0	-0.2610590514937101	-0.23369336678608055	-0.2187029734204177	6.448354796727518	5.575238955269838	0.0	0.8922401236513628	0.9266019522785129	0.25086371007544245	bert_base_uncased	__ALL__	euclidean	head	4,8,9	global_pooled	lexeme_prefixed
14183	535	7.756889308389412	359	1	0.17570093457943925	0.2766355140186916	0.43721356553620533	0	-0.34406148278684795	-0.32492774912838834	-0.3016539996631664	6.465872554791135	5.586318132873694	0.0	0.9365329073931653	0.9873601566907723	0.3327222731439047	bert_base_uncased	__ALL__	cosine	head	4,8,10	global_pooled	lexeme_prefixed
14183	535	7.756889308389412	359	1	0.17570093457943925	0.2766355140186916	0.43721356553620533	0	-0.2627256854463879	-0.23472878084611834	-0.21726423593900857	6.465872554791135	5.586318132873694	8.241711157849272e-09	0.8900707014879884	0.9453783592007976	0.2510047239653106	bert_base_uncased	__ALL__	euclidean	head	4,8,10	global_pooled	lexeme_prefixed
14183	535	7.756889308389412	359	1	0.17570093457943925	0.2766355140186916	0.43721356553620533	0	-0.3292169904902344	-0.3131486248581194	-0.2891466440760036	6.353780528785939	5.700850291096964	0.0	0.9347637225968101	0.9877156382453601	0.33991398152718044	bert_base_uncased	__ALL__	cosine	head	4,8,11	global_pooled	lexeme_prefixed
14183	535	7.756889308389412	359	1	0.17570093457943925	0.2766355140186916	0.43721356553620533	0	-0.2586112571535189	-0.23123670410011907	-0.21632034469566203	6.353780528785939	5.700850291096964	0.0	0.8956791660699167	0.914239626200972	0.2543185503772122	bert_base_uncased	__ALL__	euclidean	head	4,8,11	global_pooled	lexeme_prefixed
14183	535	7.756889308389412	359	1	0.17570093457943925	0.2766355140186916	0.43721356553620533	0	-0.35466933116058974	-0.33489965127588256	-0.30867411991787336	6.473422741881846	5.822114089084266	0.0	0.9329695378811721	0.9880319080154848	0.3353310301064655	bert_base_uncased	__ALL__	cosine	head	4,9,10	global_pooled	lexeme_prefixed
14183	535	7.756889308389412	359	1	0.17570093457943925	0.2766355140186916	0.43721356553620533	0	-0.26548466288955835	-0.23689148329288842	-0.21927189662696397	6.473422741881846	5.822114089084266	0.0	0.8920013901067513	0.93396251307638	0.24197983501374887	bert_base_uncased	__ALL__	euclidean	head	4,9,10	global_pooled	lexeme_prefixed
14183	535	7.756889308389412	359	1	0.17570093457943925	0.2766355140186916	0.43721356553620533	0	-0.34143524579913737	-0.32579233995834794	-0.30283322575227367	6.3562055092486585	6.171627451977565	0.0	0.9312551451510953	0.9869105021854534	0.3320172036945639	bert_base_uncased	__ALL__	cosine	head	4,9,11	global_pooled	lexeme_prefixed
14183	535	7.756889308389412	359	1	0.17570093457943925	0.2766355140186916	0.43721356553620533	0	-0.2593320337603077	-0.23179998285005365	-0.2170247729337001	6.3562055092486585	6.171627451977565	9.801996579589136e-09	0.8867674862840781	0.9418365276316816	0.24494112670098003	bert_base_uncased	__ALL__	euclidean	head	4,9,11	global_pooled	lexeme_prefixed
14183	535	7.756889308389412	359	1	0.17570093457943925	0.2766355140186916	0.43721356553620533	0	-0.3404674280728037	-0.32044030330746864	-0.2991886613326809	6.360402909172452	5.803287167511644	5.698202058093128e-17	0.9336104663840459	0.9869661134241969	0.32828033561305786	bert_base_uncased	__ALL__	cosine	head	4,10,11	global_pooled	lexeme_prefixed
14183	535	7.756889308389412	359	1	0.17570093457943925	0.2766355140186916	0.43721356553620533	0	-0.2638810961552766	-0.23705353509183696	-0.22038543246808562	6.360402909172452	5.803287167511644	0.0	0.8943429899030304	0.9342545759722942	0.24395402947190298	bert_base_uncased	__ALL__	euclidean	head	4,10,11	global_pooled	lexeme_prefixed
14183	535	7.756889308389412	359	1	0.17570093457943925	0.2766355140186916	0.43721356553620533	0	-0.3333253960592098	-0.3138906780123479	-0.293267880801394	6.305520440770712	5.643424885459001	0.0	0.9343835594071271	0.9903565497571402	0.33519001621659733	bert_base_uncased	__ALL__	cosine	head	5,6,7	global_pooled	lexeme_prefixed
14183	535	7.756889308389412	359	1	0.17570093457943925	0.2766355140186916	0.43721356553620533	0	-0.2618922226998807	-0.23363512574919384	-0.2183943666602481	6.305520440770712	5.643424885459001	8.220745515189706e-09	0.8993023778883505	0.9256427870171711	0.24797292533314533	bert_base_uncased	__ALL__	euclidean	head	5,6,7	global_pooled	lexeme_prefixed
14183	535	7.756889308389412	359	1	0.17570093457943925	0.2766355140186916	0.43721356553620533	0	-0.3388081857344073	-0.3194677393008615	-0.3005600096588242	6.387500935061988	5.802229129884344	2.308355667011309e-16	0.9346710082994375	0.9922338688451656	0.34195868293026865	bert_base_uncased	__ALL__	cosine	head	5,6,8	global_pooled	lexeme_prefixed
14183	535	7.756889308389412	359	1	0.17570093457943925	0.2766355140186916	0.43721356553620533	0	-0.25901946206736903	-0.23122513155650676	-0.21418749188789388	6.387500935061988	5.802229129884344	0.0	0.895530109753053	0.9368493125955515	0.25051117535077205	bert_base_uncased	__ALL__	euclidean	head	5,6,8	global_pooled	lexeme_prefixed
14183	535	7.756889308389412	359	1	0.17570093457943925	0.2766355140186916	0.43721356553620533	0	-0.3341801075279838	-0.31542974458579237	-0.2953550300404429	6.320375278297068	5.636600424863429	0.0	0.9356227368580354	0.9904171138517889	0.34308679404921383	bert_base_uncased	__ALL__	cosine	head	5,6,9	global_pooled	lexeme_prefixed
14183	535	7.756889308389412	359	1	0.17570093457943925	0.2766355140186916	0.43721356553620533	0	-0.2598449263545542	-0.23073122290911757	-0.21455013460553862	6.320375278297068	5.636600424863429	0.0	0.8976355672632548	0.9335354937504173	0.25290841147853066	bert_base_uncased	__ALL__	euclidean	head	5,6,9	global_pooled	lexeme_prefixed
14183	535	7.756889308389412	359	1	0.17570093457943925	0.2766355140186916	0.43721356553620533	0	-0.3301615332972394	-0.31098363489689784	-0.289080701324139	6.417693209104277	5.782288162068666	0.0	0.9357482149431602	0.9929679467343246	0.32764577310865123	bert_base_uncased	__ALL__	cosine	head	5,6,10	global_pooled	lexeme_prefixed
14183	535	7.756889308389412	359	1	0.17570093457943925	0.2766355140186916	0.43721356553620533	0	-0.255368577226292	-0.228350884352759	-0.2097145780883905	6.417693209104277	5.782288162068666	5.511879945597343e-09	0.8969318046316039	0.9238569205333704	0.2546710851018825	bert_base_uncased	__ALL__	euclidean	head	5,6,10	global_pooled	lexeme_prefixed
14183	535	7.756889308389412	359	1	0.17570093457943925	0.2766355140186916	0.43721356553620533	0	-0.32354654819398393	-0.30775575252815585	-0.28696073756453816	6.268121078451303	5.593808058434849	5.743524579547896e-17	0.9349713136325989	0.9900996783219651	0.34054854403158713	bert_base_uncased	__ALL__	cosine	head	5,6,11	global_pooled	lexeme_prefixed
14183	535	7.756889308389412	359	1	0.17570093457943925	0.2766355140186916	0.43721356553620533	0	-0.25904076811825444	-0.2304350224047554	-0.21579646974420605	6.268121078451303	5.593808058434849	8.226578209154839e-09	0.9016640898533473	0.9120581678080786	0.25283790453359656	bert_base_uncased	__ALL__	euclidean	head	5,6,11	global_pooled	lexeme_prefixed
14183	535	7.756889308389412	359	1	0.17570093457943925	0.2766355140186916	0.43721356553620533	0	-0.3318517896362968	-0.31072369315025955	-0.2904683990741862	6.297975965405638	5.772290116234029	0.0	0.9349581218673273	0.9900150060658479	0.33899739124303746	bert_base_uncased	__ALL__	cosine	head	5,7,8	global_pooled	lexeme_prefixed
14183	535	7.756889308389412	359	1	0.17570093457943925	0.2766355140186916	0.43721356553620533	0	-0.2566392299326396	-0.2286162117805984	-0.2145396450822018	6.297975965405638	5.772290116234029	0.0	0.8953184450295264	0.9307398577350252	0.2533314531481351	bert_base_uncased	__ALL__	euclidean	head	5,7,8	global_pooled	lexeme_prefixed
14183	535	7.756889308389412	359	1	0.17570093457943925	0.2766355140186916	0.43721356553620533	0	-0.33237354044351597	-0.3122196729764205	-0.2906463658908757	6.360988758749524	5.702768290309974	3.4302354254900064e-16	0.9351320045000204	0.9918671519044233	0.33956144680251005	bert_base_uncased	__ALL__	cosine	head	5,7,9	global_pooled	lexeme_prefixed
14183	535	7.756889308389412	359	1	0.17570093457943925	0.2766355140186916	0.43721356553620533	0	-0.2576763281323767	-0.2290751347901687	-0.21305520138366807	6.360988758749524	5.702768290309974	0.0	0.895696737016761	0.9285411095529237	0.25340196009306915	bert_base_uncased	__ALL__	euclidean	head	5,7,9	global_pooled	lexeme_prefixed
14183	535	7.756889308389412	359	1	0.17570093457943925	0.2766355140186916	0.43721356553620533	0	-0.32681817594436485	-0.3067566371640444	-0.28550111912907516	6.434795860078339	5.625338785144986	2.8520023914445095e-16	0.9362503364755275	0.9912601008696695	0.33138264119015726	bert_base_uncased	__ALL__	cosine	head	5,7,10	global_pooled	lexeme_prefixed
14183	535	7.756889308389412	359	1	0.17570093457943925	0.2766355140186916	0.43721356553620533	0	-0.25324586521640974	-0.22588468755635105	-0.21038169475538754	6.434795860078339	5.625338785144986	0.0	0.8936689268042306	0.917704965862857	0.24924205034195868	bert_base_uncased	__ALL__	euclidean	head	5,7,10	global_pooled	lexeme_prefixed
14183	535	7.756889308389412	359	1	0.17570093457943925	0.2766355140186916	0.43721356553620533	0	-0.3324564992089879	-0.3169109838495944	-0.2951795887400646	6.290479371526019	5.709964787464326	0.0	0.9337805511761448	0.9893215817462357	0.3334978495381795	bert_base_uncased	__ALL__	cosine	head	5,7,11	global_pooled	lexeme_prefixed
14183	535	7.756889308389412	359	1	0.17570093457943925	0.2766355140186916	0.43721356553620533	0	-0.2594990355258576	-0.23129655002854602	-0.21687516530642695	6.290479371526019	5.709964787464326	8.615358529085473e-09	0.8925552653868913	0.9235482117179429	0.24085172389480364	bert_base_uncased	__ALL__	euclidean	head	5,7,11	global_pooled	lexeme_prefixed
14183	535	7.756889308389412	359	1	0.17570093457943925	0.2766355140186916	0.43721356553620533	0	-0.3341271314976929	-0.31465604469972785	-0.2943948181713283	6.3073244960777295	5.576600955857256	1.7203027595011042e-16	0.9364035916029797	0.9898523115093751	0.3467531551857858	bert_base_uncased	__ALL__	cosine	head	5,8,9	global_pooled	lexeme_prefixed
14183	535	7.756889308389412	359	1	0.17570093457943925	0.2766355140186916	0.43721356553620533	0	-0.2557101684902141	-0.2278072916830423	-0.21312699228147525	6.3073244960777295	5.576600955857256	8.263399060954596e-09	0.8963712221449724	0.9258531874805805	0.2542480434322781	bert_base_uncased	__ALL__	euclidean	head	5,8,9	global_pooled	lexeme_prefixed
14183	535	7.756889308389412	359	1	0.17570093457943925	0.2766355140186916	0.43721356553620533	0	-0.33460446480673395	-0.3159539717869142	-0.2943798706551849	6.4605679448576865	5.776029550247691	0.0	0.9371218437931923	0.9918051835624625	0.33434393287738845	bert_base_uncased	__ALL__	cosine	head	5,8,10	global_pooled	lexeme_prefixed
14183	535	7.756889308389412	359	1	0.17570093457943925	0.2766355140186916	0.43721356553620533	0	-0.2537575084782965	-0.2274625081398577	-0.21079819435382463	6.4605679448576865	5.776029550247691	7.889401407613191e-09	0.8903689713407039	0.9376997293826076	0.25586970316576185	bert_base_uncased	__ALL__	euclidean	head	5,8,10	global_pooled	lexeme_prefixed
14183	535	7.756889308389412	359	1	0.17570093457943925	0.2766355140186916	0.43721356553620533	0	-0.33415901323235536	-0.3141498200752878	-0.29296391268212624	6.31839291712007	5.788651994393161	0.0	0.9339821530063137	0.9887635072349981	0.34724670380032435	bert_base_uncased	__ALL__	cosine	head	5,8,11	global_pooled	lexeme_prefixed
14183	535	7.756889308389412	359	1	0.17570093457943925	0.2766355140186916	0.43721356553620533	0	-0.2567087624050215	-0.2290584488758524	-0.21291933748182681	6.31839291712007	5.788651994393161	0.0	0.8968017282199804	0.9178453494051643	0.24797292533314533	bert_base_uncased	__ALL__	euclidean	head	5,8,11	global_pooled	lexeme_prefixed
14183	535	7.756889308389412	359	1	0.17570093457943925	0.2766355140186916	0.43721356553620533	0	-0.3321071650358403	-0.31076242895408773	-0.29112478712648837	6.357439346262097	5.51014287852334	5.69546288064266e-17	0.9372980566740116	0.9929802318794029	0.33956144680251005	bert_base_uncased	__ALL__	cosine	head	5,9,10	global_pooled	lexeme_prefixed
14183	535	7.756889308389412	359	1	0.17570093457943925	0.2766355140186916	0.43721356553620533	0	-0.25490896601260155	-0.2284664376494954	-0.21067035915983456	6.357439346262097	5.51014287852334	7.80347119911445e-09	0.8977965038115571	0.9083140721662303	0.2553056476062892	bert_base_uncased	__ALL__	euclidean	head	5,9,10	global_pooled	lexeme_prefixed
14183	535	7.756889308389412	359	1	0.17570093457943925	0.2766355140186916	0.43721356553620533	0	-0.33065614333135585	-0.3125205331800467	-0.29134928701714535	6.264313029542553	5.771851999030513	0.0	0.9339990197293011	0.9883580996233552	0.3390678981879715	bert_base_uncased	__ALL__	cosine	head	5,9,11	global_pooled	lexeme_prefixed
14183	535	7.756889308389412	359	1	0.17570093457943925	0.2766355140186916	0.43721356553620533	0	-0.25596939285237646	-0.22862425076905554	-0.2135424035332452	6.264313029542553	5.771851999030513	5.646064030272922e-09	0.8927564562403646	0.9276429073264427	0.2530494253683988	bert_base_uncased	__ALL__	euclidean	head	5,9,11	global_pooled	lexeme_prefixed
14183	535	7.756889308389412	359	1	0.17570093457943925	0.2766355140186916	0.43721356553620533	0	-0.32803505213055295	-0.3089765969065437	-0.2882137173869312	6.3919911651021675	5.575300498954463	0.0	0.9362612813473375	0.9913725342638825	0.32637664809983785	bert_base_uncased	__ALL__	cosine	head	5,10,11	global_pooled	lexeme_prefixed
14183	535	7.756889308389412	359	1	0.17570093457943925	0.2766355140186916	0.43721356553620533	0	-0.25730572496684184	-0.22992192753557403	-0.21315997364167977	6.3919911651021675	5.575300498954463	0.0	0.8972150789603001	0.9132066332749676	0.25114573785517874	bert_base_uncased	__ALL__	euclidean	head	5,10,11	global_pooled	lexeme_prefixed
14183	535	7.756889308389412	359	1	0.17570093457943925	0.2766355140186916	0.43721356553620533	0	-0.3377728069162578	-0.31894995202755505	-0.29788825206936137	6.327246018173561	5.396994559072388	0.0	0.9379827598287648	0.991125961254634	0.33462596065712474	bert_base_uncased	__ALL__	cosine	head	6,7,8	global_pooled	lexeme_prefixed
14183	535	7.756889308389412	359	1	0.17570093457943925	0.2766355140186916	0.43721356553620533	0	-0.2621532643085232	-0.2340585982559962	-0.219359328713422	6.327246018173561	5.396994559072388	0.0	0.8943064091518302	0.926048928802752	0.24867799478248606	bert_base_uncased	__ALL__	euclidean	head	6,7,8	global_pooled	lexeme_prefixed
14183	535	7.756889308389412	359	1	0.17570093457943925	0.2766355140186916	0.43721356553620533	0	-0.33700046235079434	-0.3180000916487129	-0.295708916096099	6.363751904865931	5.53797827611899	0.0	0.9359377281284895	0.9900901465954774	0.3380808009588945	bert_base_uncased	__ALL__	cosine	head	6,7,9	global_pooled	lexeme_prefixed
14183	535	7.756889308389412	359	1	0.17570093457943925	0.2766355140186916	0.43721356553620533	0	-0.2626752715448063	-0.23357706892798544	-0.21767008154580553	6.363751904865931	5.53797827611899	0.0	0.8960756384824049	0.9323298189941571	0.2500881336811676	bert_base_uncased	__ALL__	euclidean	head	6,7,9	global_pooled	lexeme_prefixed
14183	535	7.756889308389412	359	1	0.17570093457943925	0.2766355140186916	0.43721356553620533	0	-0.33346051859196296	-0.312266873183156	-0.29237456598485795	6.323182826301006	5.501335899755058	5.738489615223881e-17	0.936955867449117	0.9902724045913529	0.33356835648311356	bert_base_uncased	__ALL__	cosine	head	6,7,10	global_pooled	lexeme_prefixed
14183	535	7.756889308389412	359	1	0.17570093457943925	0.2766355140186916	0.43721356553620533	0	-0.2583743224894992	-0.23146045819780084	-0.2138469506561916	6.323182826301006	5.501335899755058	0.0	0.8921758889174008	0.9224676286945449	0.2488895156172883	bert_base_uncased	__ALL__	euclidean	head	6,7,10	global_pooled	lexeme_prefixed
14183	535	7.756889308389412	359	1	0.17570093457943925	0.2766355140186916	0.43721356553620533	0	-0.3264866150241762	-0.30750640981957506	-0.2897007877140599	6.2013427494153515	5.467283039514866	0.0	0.936405932837677	0.9902279657077917	0.3364591412254107	bert_base_uncased	__ALL__	cosine	head	6,7,11	global_pooled	lexeme_prefixed
14183	535	7.756889308389412	359	1	0.17570093457943925	0.2766355140186916	0.43721356553620533	0	-0.25848385260877377	-0.23117918410632515	-0.21719894266822054	6.2013427494153515	5.467283039514866	0.0	0.8941112664162536	0.9130215763053829	0.2448001128111119	bert_base_uncased	__ALL__	euclidean	head	6,7,11	global_pooled	lexeme_prefixed
14183	535	7.756889308389412	359	1	0.17570093457943925	0.2766355140186916	0.43721356553620533	0	-0.3364039997866967	-0.3185133089043208	-0.29670832744008685	6.3303132594664335	5.352498320383507	0.0	0.9378421619750046	0.989008723406436	0.34132412042586197	bert_base_uncased	__ALL__	cosine	head	6,8,9	global_pooled	lexeme_prefixed
14183	535	7.756889308389412	359	1	0.17570093457943925	0.2766355140186916	0.43721356553620533	0	-0.2619476758248811	-0.23410528436449732	-0.2177169603840165	6.3303132594664335	5.352498320383507	8.557756879670374e-09	0.8985250011446422	0.9209812202063458	0.25058168229570615	bert_base_uncased	__ALL__	euclidean	head	6,8,9	global_pooled	lexeme_prefixed
14183	535	7.756889308389412	359	1	0.17570093457943925	0.2766355140186916	0.43721356553620533	0	-0.33538456414527	-0.3182305143073365	-0.2965658167488899	6.386878659318119	5.593662720646045	0.0	0.9382508164589333	0.9914807305419902	0.3373757315095537	bert_base_uncased	__ALL__	cosine	head	6,8,10	global_pooled	lexeme_prefixed
14183	535	7.756889308389412	359	1	0.17570093457943925	0.2766355140186916	0.43721356553620533	0	-0.25913220675071297	-0.23169506487057284	-0.21770027458019614	6.386878659318119	5.593662720646045	8.622400230825e-09	0.8907307559361611	0.9337037991550055	0.2533314531481351	bert_base_uncased	__ALL__	euclidean	head	6,8,10	global_pooled	lexeme_prefixed
14183	535	7.756889308389412	359	1	0.17570093457943925	0.2766355140186916	0.43721356553620533	0	-0.3219950631200838	-0.30200146163054686	-0.2832273355338305	6.212939504651144	5.486890319774183	5.758799285987798e-17	0.9371142952268251	0.9900675261553556	0.3418176690404005	bert_base_uncased	__ALL__	cosine	head	6,8,11	global_pooled	lexeme_prefixed
14183	535	7.756889308389412	359	1	0.17570093457943925	0.2766355140186916	0.43721356553620533	0	-0.257344228002814	-0.22987014683196794	-0.21408842729633393	6.212939504651144	5.486890319774183	0.0	0.9005775747018626	0.8990129632772378	0.256997814284707	bert_base_uncased	__ALL__	euclidean	head	6,8,11	global_pooled	lexeme_prefixed
14183	535	7.756889308389412	359	1	0.17570093457943925	0.2766355140186916	0.43721356553620533	0	-0.33253968234759274	-0.31551989273644354	-0.2925710704244399	6.324001897652504	5.539921152109027	0.0	0.9364235543799305	0.9895086981066079	0.3407600648663893	bert_base_uncased	__ALL__	cosine	head	6,9,10	global_pooled	lexeme_prefixed
14183	535	7.756889308389412	359	1	0.17570093457943925	0.2766355140186916	0.43721356553620533	0	-0.2626292140869275	-0.23439008275716622	-0.21586596722479331	6.324001897652504	5.539921152109027	8.574236582642022e-09	0.8995234247994838	0.9129620041588462	0.2565042656701685	bert_base_uncased	__ALL__	euclidean	head	6,9,10	global_pooled	lexeme_prefixed
14183	535	7.756889308389412	359	1	0.17570093457943925	0.2766355140186916	0.43721356553620533	0	-0.32009672206213213	-0.3024703004227436	-0.2792120064807447	6.204356475960011	5.6867384763455275	5.734782903464024e-17	0.9351139297907594	0.9870999285605668	0.3435098357188183	bert_base_uncased	__ALL__	cosine	head	6,9,11	global_pooled	lexeme_prefixed
14183	535	7.756889308389412	359	1	0.17570093457943925	0.2766355140186916	0.43721356553620533	0	-0.257610710106716	-0.22967950579207366	-0.21420155273502292	6.204356475960011	5.6867384763455275	0.0	0.897971551321938	0.9176062677532304	0.25847846012832265	bert_base_uncased	__ALL__	euclidean	head	6,9,11	global_pooled	lexeme_prefixed
14183	535	7.756889308389412	359	1	0.17570093457943925	0.2766355140186916	0.43721356553620533	0	-0.315043238226971	-0.2973708919893148	-0.2791310773783812	6.2350638386748285	5.52701637531	0.0	0.9373130718164309	0.9906567393662038	0.33356835648311356	bert_base_uncased	__ALL__	cosine	head	6,10,11	global_pooled	lexeme_prefixed
14183	535	7.756889308389412	359	1	0.17570093457943925	0.2766355140186916	0.43721356553620533	0	-0.25764937037123214	-0.23137982260627646	-0.21465262033263474	6.2350638386748285	5.52701637531	0.0	0.9003829690691539	0.903793436714157	0.25523514066135516	bert_base_uncased	__ALL__	euclidean	head	6,10,11	global_pooled	lexeme_prefixed
14183	535	7.756889308389412	359	1	0.17570093457943925	0.2766355140186916	0.43721356553620533	0	-0.3330618621654927	-0.3126074319257886	-0.28925484167762483	6.372732329926612	5.399549719569614	0.0	0.9381122863729167	0.9918480295607337	0.342311217654939	bert_base_uncased	__ALL__	cosine	head	7,8,9	global_pooled	lexeme_prefixed
14183	535	7.756889308389412	359	1	0.17570093457943925	0.2766355140186916	0.43721356553620533	0	-0.25858706992962194	-0.23089373068645488	-0.21542871102437008	6.372732329926612	5.399549719569614	0.0	0.8968795096749709	0.9246460886256067	0.255094126771487	bert_base_uncased	__ALL__	euclidean	head	7,8,9	global_pooled	lexeme_prefixed
14183	535	7.756889308389412	359	1	0.17570093457943925	0.2766355140186916	0.43721356553620533	0	-0.3339735710758329	-0.3144891508854203	-0.2893346021226542	6.3383771111392555	5.420007394289496	1.1401994650771377e-16	0.9396082007745838	0.991108803151997	0.3354015370513996	bert_base_uncased	__ALL__	cosine	head	7,8,10	global_pooled	lexeme_prefixed
14183	535	7.756889308389412	359	1	0.17570093457943925	0.2766355140186916	0.43721356553620533	0	-0.2562024043518824	-0.22964293790884122	-0.21401693860453985	6.3383771111392555	5.420007394289496	0.0	0.8873955670805133	0.9359896018145346	0.251357258689981	bert_base_uncased	__ALL__	euclidean	head	7,8,10	global_pooled	lexeme_prefixed
14183	535	7.756889308389412	359	1	0.17570093457943925	0.2766355140186916	0.43721356553620533	0	-0.32820029475755735	-0.30837631519867786	-0.2881339044647908	6.180315067595544	5.588776793576548	0.0	0.9364649901068506	0.9909623637655883	0.3406190509765212	bert_base_uncased	__ALL__	cosine	head	7,8,11	global_pooled	lexeme_prefixed
14183	535	7.756889308389412	359	1	0.17570093457943925	0.2766355140186916	0.43721356553620533	0	-0.2556630313636902	-0.2287381430490391	-0.2142894645314622	6.180315067595544	5.588776793576548	0.0	0.8913133136652223	0.918606462450752	0.2518508073045195	bert_base_uncased	__ALL__	euclidean	head	7,8,11	global_pooled	lexeme_prefixed
14183	535	7.756889308389412	359	1	0.17570093457943925	0.2766355140186916	0.43721356553620533	0	-0.33374319196130453	-0.3165178120083466	-0.29266645939217883	6.400017048045331	5.470346139170806	1.7080487868323803e-16	0.9363478852054842	0.9928647778600054	0.3459070718465769	bert_base_uncased	__ALL__	cosine	head	7,9,10	global_pooled	lexeme_prefixed
14183	535	7.756889308389412	359	1	0.17570093457943925	0.2766355140186916	0.43721356553620533	0	-0.25832387218380287	-0.2297511161605474	-0.21592382592331197	6.400017048045331	5.470346139170806	1.1755368700311533e-08	0.8948595170987034	0.9174028689586045	0.2506521892406402	bert_base_uncased	__ALL__	euclidean	head	7,9,10	global_pooled	lexeme_prefixed
14183	535	7.756889308389412	359	1	0.17570093457943925	0.2766355140186916	0.43721356553620533	0	-0.3306676113593439	-0.3125369560340969	-0.2895787965212975	6.32201563468293	5.881318640773447	5.722717936962302e-17	0.9335991195435762	0.9910459704006012	0.34012550236198263	bert_base_uncased	__ALL__	cosine	head	7,9,11	global_pooled	lexeme_prefixed
14183	535	7.756889308389412	359	1	0.17570093457943925	0.2766355140186916	0.43721356553620533	0	-0.25550601444087817	-0.22804419470483478	-0.21318306545560314	6.32201563468293	5.881318640773447	0.0	0.8874230723329374	0.9385343034757538	0.24839596700274977	bert_base_uncased	__ALL__	euclidean	head	7,9,11	global_pooled	lexeme_prefixed
14183	535	7.756889308389412	359	1	0.17570093457943925	0.2766355140186916	0.43721356553620533	0	-0.3279861357564524	-0.308071019365059	-0.28901685762798646	6.3318752822898094	5.508243472827133	0.0	0.9364915075690357	0.9919989600176695	0.33229923147430024	bert_base_uncased	__ALL__	cosine	head	7,10,11	global_pooled	lexeme_prefixed
14183	535	7.756889308389412	359	1	0.17570093457943925	0.2766355140186916	0.43721356553620533	0	-0.25677760934626953	-0.2291772606888762	-0.21600874402381573	6.3318752822898094	5.508243472827133	6.295703116660718e-09	0.8883053900060474	0.9238226890961626	0.24381301558203483	bert_base_uncased	__ALL__	euclidean	head	7,10,11	global_pooled	lexeme_prefixed
14183	535	7.756889308389412	359	1	0.17570093457943925	0.2766355140186916	0.43721356553620533	0	-0.33385650439333936	-0.31486046343696683	-0.2947745056512981	6.280939840228438	5.267417893132667	0.0	0.9388645127362322	0.9905496065652357	0.34280476626947753	bert_base_uncased	__ALL__	cosine	head	8,9,10	global_pooled	lexeme_prefixed
14183	535	7.756889308389412	359	1	0.17570093457943925	0.2766355140186916	0.43721356553620533	0	-0.25752533737856814	-0.22932029552219266	-0.21481586479836548	6.280939840228438	5.267417893132667	0.0	0.8976810702538668	0.9146922777536072	0.254177536487344	bert_base_uncased	__ALL__	euclidean	head	8,9,10	global_pooled	lexeme_prefixed
14183	535	7.756889308389412	359	1	0.17570093457943925	0.2766355140186916	0.43721356553620533	0	-0.32540400145674714	-0.3061573854627323	-0.28489752405076124	6.250304994959359	5.614759069885455	0.0	0.9354465852872507	0.9876773379125902	0.3437213565536205	bert_base_uncased	__ALL__	cosine	head	8,9,11	global_pooled	lexeme_prefixed
14183	535	7.756889308389412	359	1	0.17570093457943925	0.2766355140186916	0.43721356553620533	0	-0.2538599373319696	-0.22639724705391343	-0.2123617560399366	6.250304994959359	5.614759069885455	9.226478954968135e-09	0.8974190457273188	0.9100711219429412	0.26010011986180637	bert_base_uncased	__ALL__	euclidean	head	8,9,11	global_pooled	lexeme_prefixed
14183	535	7.756889308389412	359	1	0.17570093457943925	0.2766355140186916	0.43721356553620533	0	-0.3225053500029479	-0.3041443213944665	-0.28171705051687934	6.282716447265711	5.514010474553298	0.0	0.9378345752574996	0.9906642249671719	0.33779877317915813	bert_base_uncased	__ALL__	cosine	head	8,10,11	global_pooled	lexeme_prefixed
14183	535	7.756889308389412	359	1	0.17570093457943925	0.2766355140186916	0.43721356553620533	0	-0.25558873691056044	-0.22944646709408847	-0.2116789974221647	6.282716447265711	5.514010474553298	0.0	0.8949334785204517	0.9184489259448655	0.2562222378904322	bert_base_uncased	__ALL__	euclidean	head	8,10,11	global_pooled	lexeme_prefixed
14183	535	7.756889308389412	359	1	0.17570093457943925	0.2766355140186916	0.43721356553620533	0	-0.32569946416424256	-0.3066701721693705	-0.2864992739413297	6.264252456700569	5.6180175115447035	1.1501674750834108e-16	0.9349857433593044	0.9903201513827223	0.3416766551505323	bert_base_uncased	__ALL__	cosine	head	9,10,11	global_pooled	lexeme_prefixed
14183	535	7.756889308389412	359	1	0.17570093457943925	0.2766355140186916	0.43721356553620533	0	-0.2574318173449535	-0.22983660011124166	-0.2133574041183923	6.264252456700569	5.6180175115447035	0.0	0.8976257405453585	0.9112581231864748	0.2573503490093774	bert_base_uncased	__ALL__	euclidean	head	9,10,11	global_pooled	lexeme_prefixed
13730	516	7.696256620432563	359	1	0.17635658914728683	0.2751937984496124	0.0	0	-0.37321820710849085	-0.35541948105214394	-0.3298190676465887	7.837487883360282	7.444219800094042	0.0	0.9280076246254542	0.998526842585851	0.2737072104879825	transfo-xl-wt103	__ALL__	cosine	head	0	global_pooled	lexeme_prefixed
13730	516	7.696256620432563	359	1	0.17635658914728683	0.2751937984496124	0.0	0	-0.30645891065758607	-0.28003183601559484	-0.26663595204798146	7.837487883360282	7.444219800094042	9.575465552097459e-09	0.8168525654240748	0.7179017481815314	0.21332847778587036	transfo-xl-wt103	__ALL__	euclidean	head	0	global_pooled	lexeme_prefixed
13730	516	7.696256620432563	359	1	0.17635658914728683	0.2751937984496124	0.0	0	-0.3725880996490694	-0.3546354000310022	-0.32856850991445474	7.712976601110578	7.969091261765089	0.0	0.9255207596659907	0.9965795059513587	0.2783685360524399	transfo-xl-wt103	__ALL__	cosine	head	1	global_pooled	lexeme_prefixed
13730	516	7.696256620432563	359	1	0.17635658914728683	0.2751937984496124	0.0	0	-0.3068000644446793	-0.28038592872443024	-0.2661388509656883	7.712976601110578	7.969091261765089	0.0	0.8174031026365955	0.6983812882918944	0.2073561544064093	transfo-xl-wt103	__ALL__	euclidean	head	1	global_pooled	lexeme_prefixed
13730	516	7.696256620432563	359	1	0.17635658914728683	0.2751937984496124	0.0	0	-0.3660710807446619	-0.3483500772110035	-0.3220799313099502	7.833996546644231	7.484510669890977	0.0	0.9275350680351776	0.9962552158658308	0.27669337217771306	transfo-xl-wt103	__ALL__	cosine	head	2	global_pooled	lexeme_prefixed
13730	516	7.696256620432563	359	1	0.17635658914728683	0.2751937984496124	0.0	0	-0.3035560046803461	-0.2753239439120617	-0.2609983361574756	7.833996546644231	7.484510669890977	0.0	0.8218386032438832	0.7384482200327721	0.2131099781500364	transfo-xl-wt103	__ALL__	euclidean	head	2	global_pooled	lexeme_prefixed
13730	516	7.696256620432563	359	1	0.17635658914728683	0.2751937984496124	0.0	0	-0.36668068476902377	-0.3484643312777507	-0.3262390757481804	7.613773014768461	7.567728083226926	0.0	0.9294691120042524	0.9965456060673852	0.2598689002184996	transfo-xl-wt103	__ALL__	cosine	head	3	global_pooled	lexeme_prefixed
13730	516	7.696256620432563	359	1	0.17635658914728683	0.2751937984496124	0.0	0	-0.3077830689481606	-0.28017864897204287	-0.2679222054294135	7.613773014768461	7.567728083226926	0.0	0.8131545702903317	0.6882486293151101	0.2093226511289148	transfo-xl-wt103	__ALL__	euclidean	head	3	global_pooled	lexeme_prefixed
13730	516	7.696256620432563	359	1	0.17635658914728683	0.2751937984496124	0.0	0	-0.3736789963066944	-0.3568515894015204	-0.3301905278583858	8.138279346104673	7.269646836001056	0.0	0.9276265606448211	0.9973794846792087	0.269482884195193	transfo-xl-wt103	__ALL__	cosine	head	4	global_pooled	lexeme_prefixed
13730	516	7.696256620432563	359	1	0.17635658914728683	0.2751937984496124	0.0	0	-0.3096280155719426	-0.2823464420355739	-0.26870021928450416	8.138279346104673	7.269646836001056	0.0	0.828665364837205	0.7283481665099335	0.21085214857975237	transfo-xl-wt103	__ALL__	euclidean	head	4	global_pooled	lexeme_prefixed
13730	516	7.696256620432563	359	1	0.17635658914728683	0.2751937984496124	0.0	0	-0.37821554997645457	-0.3622891265553571	-0.3375202160111055	7.643177183512452	8.13876691565243	0.0	0.9238994326439064	0.9964328624421129	0.2764748725418791	transfo-xl-wt103	__ALL__	cosine	head	5	global_pooled	lexeme_prefixed
13730	516	7.696256620432563	359	1	0.17635658914728683	0.2751937984496124	0.0	0	-0.30421685243766494	-0.277584468575094	-0.2643424575049725	7.643177183512452	8.13876691565243	5.10655049786218e-09	0.8062348167559035	0.73295768052536	0.21085214857975237	transfo-xl-wt103	__ALL__	euclidean	head	5	global_pooled	lexeme_prefixed
13730	516	7.696256620432563	359	1	0.17635658914728683	0.2751937984496124	0.0	0	-0.37816230763728975	-0.3581688045933954	-0.3313948710210166	7.745154212683363	7.8861141439413895	5.613293181929512e-17	0.9258496437064772	0.9958786464495503	0.2738528769118718	transfo-xl-wt103	__ALL__	cosine	head	6	global_pooled	lexeme_prefixed
13730	516	7.696256620432563	359	1	0.17635658914728683	0.2751937984496124	0.0	0	-0.30798452837596824	-0.2807133324333753	-0.26701209082608546	7.745154212683363	7.8861141439413895	4.570319363684959e-09	0.8139317150322108	0.7011941027763898	0.2056081573197378	transfo-xl-wt103	__ALL__	euclidean	head	6	global_pooled	lexeme_prefixed
13730	516	7.696256620432563	359	1	0.17635658914728683	0.2751937984496124	0.0	0	-0.372093900788162	-0.3544438250857838	-0.32703546200263667	7.74513871445833	7.586812475385309	1.6857701082974948e-16	0.9280890459870864	0.9978269658076809	0.2694100509832484	transfo-xl-wt103	__ALL__	cosine	head	7	global_pooled	lexeme_prefixed
13730	516	7.696256620432563	359	1	0.17635658914728683	0.2751937984496124	0.0	0	-0.3059311495210457	-0.2781397180311086	-0.2631837039950833	7.74513871445833	7.586812475385309	0.0	0.8201572698550952	0.6628925594695261	0.20429715950473415	transfo-xl-wt103	__ALL__	euclidean	head	7	global_pooled	lexeme_prefixed
13730	516	7.696256620432563	359	1	0.17635658914728683	0.2751937984496124	0.0	0	-0.38164979268145544	-0.36329124876727475	-0.33387705991828986	7.9695474426600565	8.093132638511932	1.1157867220246587e-16	0.9248764893817139	0.9983657885920502	0.2675163874726875	transfo-xl-wt103	__ALL__	cosine	head	8	global_pooled	lexeme_prefixed
13730	516	7.696256620432563	359	1	0.17635658914728683	0.2751937984496124	0.0	0	-0.31105065302921714	-0.28156913296302777	-0.2679396344783431	7.9695474426600565	8.093132638511932	0.0	0.815718464885798	0.6988399814351323	0.2099781500364166	transfo-xl-wt103	__ALL__	euclidean	head	8	global_pooled	lexeme_prefixed
13730	516	7.696256620432563	359	1	0.17635658914728683	0.2751937984496124	0.0	0	-0.36429289477301474	-0.34883186211352596	-0.32088437435570627	7.755196930911494	7.095194924823577	1.6764826932614078e-16	0.92998937996402	0.9977458127695107	0.2659140568099053	transfo-xl-wt103	__ALL__	cosine	head	9	global_pooled	lexeme_prefixed
13730	516	7.696256620432563	359	1	0.17635658914728683	0.2751937984496124	0.0	0	-0.30502133969215206	-0.2791015685625095	-0.2634202531274984	7.755196930911494	7.095194924823577	0.0	0.8258657064309974	0.7168899326286481	0.20225782957028404	transfo-xl-wt103	__ALL__	euclidean	head	9	global_pooled	lexeme_prefixed
13730	516	7.696256620432563	359	1	0.17635658914728683	0.2751937984496124	0.0	0	-0.3837221688902324	-0.3671900700600595	-0.338564779884217	7.698541128414135	8.20339962534214	0.0	0.9242617879063757	0.9971397147074179	0.2753823743627094	transfo-xl-wt103	__ALL__	cosine	head	10	global_pooled	lexeme_prefixed
13730	516	7.696256620432563	359	1	0.17635658914728683	0.2751937984496124	0.0	0	-0.3057550346943726	-0.2795195028450049	-0.26519586875578766	7.698541128414135	8.20339962534214	5.670298323715364e-09	0.8088850949609493	0.7349687362397314	0.20801165331391114	transfo-xl-wt103	__ALL__	euclidean	head	10	global_pooled	lexeme_prefixed
13730	516	7.696256620432563	359	1	0.17635658914728683	0.2751937984496124	0.0	0	-0.370571701185828	-0.35527964970720904	-0.32663321994287026	8.1527812763685	8.082332744878252	0.0	0.9275576785137162	0.9988477726716339	0.2745812090313183	transfo-xl-wt103	__ALL__	cosine	head	11	global_pooled	lexeme_prefixed
13730	516	7.696256620432563	359	1	0.17635658914728683	0.2751937984496124	0.0	0	-0.3049208301084375	-0.27781214440591173	-0.2640604169604527	8.1527812763685	8.082332744878252	6.3499058457065666e-09	0.8113473710185358	0.7278168254041514	0.21689730517115804	transfo-xl-wt103	__ALL__	euclidean	head	11	global_pooled	lexeme_prefixed
13730	516	7.696256620432563	359	1	0.17635658914728683	0.2751937984496124	0.0	0	-0.36271722789275573	-0.34605272101544526	-0.31962162095216085	7.762140123563562	7.676258296025181	5.609965511807731e-17	0.9267625324472888	0.9965335374578359	0.28040786598689005	transfo-xl-wt103	__ALL__	cosine	head	0,1	global_pooled	lexeme_prefixed
13730	516	7.696256620432563	359	1	0.17635658914728683	0.2751937984496124	0.0	0	-0.3047122856930155	-0.2771058047838735	-0.26131166426036095	7.762140123563562	7.676258296025181	4.456999991451571e-09	0.8219625834657984	0.4980831148642262	0.21908230152949745	transfo-xl-wt103	__ALL__	euclidean	head	0,1	global_pooled	lexeme_prefixed
13730	516	7.696256620432563	359	1	0.17635658914728683	0.2751937984496124	0.0	0	-0.3659720103132375	-0.34753959688377595	-0.31883178859856176	8.029737710358615	7.635472661331171	2.2428474425704153e-16	0.926990695498623	0.9976482513130538	0.2798980335032775	transfo-xl-wt103	__ALL__	cosine	head	0,2	global_pooled	lexeme_prefixed
13730	516	7.696256620432563	359	1	0.17635658914728683	0.2751937984496124	0.0	0	-0.30184631106557974	-0.27443404116674797	-0.26186384094494464	8.029737710358615	7.635472661331171	0.0	0.8205455043673708	0.5225889829240629	0.21631463947560087	transfo-xl-wt103	__ALL__	euclidean	head	0,2	global_pooled	lexeme_prefixed
13730	516	7.696256620432563	359	1	0.17635658914728683	0.2751937984496124	0.0	0	-0.36345140011387567	-0.34242685601316253	-0.3225206332634157	7.708638566164303	7.551257704277009	0.0	0.9293620974952727	0.9975257782241822	0.27093954843408596	transfo-xl-wt103	__ALL__	cosine	head	0,3	global_pooled	lexeme_prefixed
13730	516	7.696256620432563	359	1	0.17635658914728683	0.2751937984496124	0.0	0	-0.30566342235734256	-0.2782606198300742	-0.2640630068501081	7.708638566164303	7.551257704277009	0.0	0.8199827625701668	0.4957501969844218	0.2144938091769847	transfo-xl-wt103	__ALL__	euclidean	head	0,3	global_pooled	lexeme_prefixed
13730	516	7.696256620432563	359	1	0.17635658914728683	0.2751937984496124	0.0	0	-0.36811861992560757	-0.34923131066410396	-0.3225898020582139	7.8126360662011285	7.414230660410217	0.0	0.9266766609298845	0.9988092966210952	0.2771303714493809	transfo-xl-wt103	__ALL__	cosine	head	0,4	global_pooled	lexeme_prefixed
13730	516	7.696256620432563	359	1	0.17635658914728683	0.2751937984496124	0.0	0	-0.30665261301290425	-0.2796233681613636	-0.26456087158360586	7.8126360662011285	7.414230660410217	0.0	0.8179484613479202	0.5010352722748216	0.21398397669337219	transfo-xl-wt103	__ALL__	euclidean	head	0,4	global_pooled	lexeme_prefixed
13730	516	7.696256620432563	359	1	0.17635658914728683	0.2751937984496124	0.0	0	-0.37238977475366125	-0.3574226886700987	-0.3297833456576856	7.761900746111705	7.636811597300357	0.0	0.9258098926221265	0.9972488535691376	0.2734158776402039	transfo-xl-wt103	__ALL__	cosine	head	0,5	global_pooled	lexeme_prefixed
13730	516	7.696256620432563	359	1	0.17635658914728683	0.2751937984496124	0.0	0	-0.30325203253483946	-0.2765518482452771	-0.26320303867665157	7.761900746111705	7.636811597300357	0.0	0.813758581388273	0.5113249508274156	0.21289147851420248	transfo-xl-wt103	__ALL__	euclidean	head	0,5	global_pooled	lexeme_prefixed
13730	516	7.696256620432563	359	1	0.17635658914728683	0.2751937984496124	0.0	0	-0.3604420494531748	-0.3448212409904544	-0.3150496642582715	7.7045563458607385	7.756889770156272	1.6795194865615325e-16	0.926580382481974	0.9974743799772589	0.2809905316824472	transfo-xl-wt103	__ALL__	cosine	head	0,6	global_pooled	lexeme_prefixed
13730	516	7.696256620432563	359	1	0.17635658914728683	0.2751937984496124	0.0	0	-0.30298301987486337	-0.2755082654232905	-0.262696306860743	7.7045563458607385	7.756889770156272	9.13817754050652e-09	0.8157033136061466	0.5004103805322687	0.21747997086671522	transfo-xl-wt103	__ALL__	euclidean	head	0,6	global_pooled	lexeme_prefixed
13730	516	7.696256620432563	359	1	0.17635658914728683	0.2751937984496124	0.0	0	-0.36052240471347746	-0.343381109951205	-0.3173457741968971	7.825371138835435	7.247374072037148	1.6784166829130916e-16	0.9287517020529357	0.9980652852795697	0.2788783685360524	transfo-xl-wt103	__ALL__	cosine	head	0,7	global_pooled	lexeme_prefixed
13730	516	7.696256620432563	359	1	0.17635658914728683	0.2751937984496124	0.0	0	-0.30258974346949646	-0.27435220841021746	-0.263464582165425	7.825371138835435	7.247374072037148	0.0	0.825009586252927	0.48379399829022485	0.22039329934450108	transfo-xl-wt103	__ALL__	euclidean	head	0,7	global_pooled	lexeme_prefixed
13730	516	7.696256620432563	359	1	0.17635658914728683	0.2751937984496124	0.0	0	-0.36777495720848946	-0.34873356988272225	-0.3225239494890345	7.829346759844632	7.806735764480082	0.0	0.9258763930784245	0.9986175329844502	0.27239621267297887	transfo-xl-wt103	__ALL__	cosine	head	0,8	global_pooled	lexeme_prefixed
13730	516	7.696256620432563	359	1	0.17635658914728683	0.2751937984496124	0.0	0	-0.30318383398883086	-0.2761018363163988	-0.2616260819882866	7.829346759844632	7.806735764480082	7.026380384970326e-09	0.8139046455673629	0.4923391378969082	0.21544064093226512	transfo-xl-wt103	__ALL__	euclidean	head	0,8	global_pooled	lexeme_prefixed
13730	516	7.696256620432563	359	1	0.17635658914728683	0.2751937984496124	0.0	0	-0.3628082228468144	-0.346310313970603	-0.3186558427009856	7.663158985332326	7.329884066288195	0.0	0.9288765454867005	0.9986650809810851	0.2732702112163146	transfo-xl-wt103	__ALL__	cosine	head	0,9	global_pooled	lexeme_prefixed
13730	516	7.696256620432563	359	1	0.17635658914728683	0.2751937984496124	0.0	0	-0.30238328045407603	-0.27718285654932073	-0.2614062675776151	7.663158985332326	7.329884066288195	0.0	0.8169978264296643	0.5162099074419794	0.2123088128186453	transfo-xl-wt103	__ALL__	euclidean	head	0,9	global_pooled	lexeme_prefixed
13730	516	7.696256620432563	359	1	0.17635658914728683	0.2751937984496124	0.0	0	-0.3723158234510704	-0.35205938648446	-0.32549339685786355	7.976696011097793	8.139999644568093	5.589978499928439e-17	0.9251888341257415	0.997036101765561	0.28652585579024037	transfo-xl-wt103	__ALL__	cosine	head	0,10	global_pooled	lexeme_prefixed
13730	516	7.696256620432563	359	1	0.17635658914728683	0.2751937984496124	0.0	0	-0.30429320097925805	-0.2758259653445163	-0.2637207793560387	7.976696011097793	8.139999644568093	6.085652131228447e-09	0.8146697939978015	0.5174538450899411	0.21463947560087399	transfo-xl-wt103	__ALL__	euclidean	head	0,10	global_pooled	lexeme_prefixed
13730	516	7.696256620432563	359	1	0.17635658914728683	0.2751937984496124	0.0	0	-0.36648915391027104	-0.35044726695669826	-0.3194501462475749	7.772088718809129	7.738539195675156	0.0	0.9275042666429746	0.9983634034141556	0.27669337217771306	transfo-xl-wt103	__ALL__	cosine	head	0,11	global_pooled	lexeme_prefixed
13730	516	7.696256620432563	359	1	0.17635658914728683	0.2751937984496124	0.0	0	-0.3038918455112118	-0.27623901678363566	-0.26362118442634613	7.772088718809129	7.738539195675156	0.0	0.8116230785479778	0.5077821068478904	0.21828113619810632	transfo-xl-wt103	__ALL__	euclidean	head	0,11	global_pooled	lexeme_prefixed
13730	516	7.696256620432563	359	1	0.17635658914728683	0.2751937984496124	0.0	0	-0.35956573899860317	-0.3420166631319427	-0.3177689352691094	7.926609225677617	7.536638250189994	5.623575102156439e-17	0.9272252461226989	0.996434970305211	0.27953386744355424	transfo-xl-wt103	__ALL__	cosine	head	1,2	global_pooled	lexeme_prefixed
13730	516	7.696256620432563	359	1	0.17635658914728683	0.2751937984496124	0.0	0	-0.3016221644030772	-0.27579616546579544	-0.2606713286921989	7.926609225677617	7.536638250189994	0.0	0.8188484288002055	0.5069698175607888	0.2161689730517116	transfo-xl-wt103	__ALL__	euclidean	head	1,2	global_pooled	lexeme_prefixed
13730	516	7.696256620432563	359	1	0.17635658914728683	0.2751937984496124	0.0	0	-0.365018079568354	-0.34506656489276955	-0.31858793122816287	7.716981174134243	7.900523843366566	0.0	0.9266773676233206	0.9955073608417976	0.2697742170429716	transfo-xl-wt103	__ALL__	cosine	head	1,3	global_pooled	lexeme_prefixed
13730	516	7.696256620432563	359	1	0.17635658914728683	0.2751937984496124	0.0	0	-0.30672366926598377	-0.2792640880201833	-0.26467851212919025	7.716981174134243	7.900523843366566	5.459571710889702e-09	0.8086212928454733	0.49215600983256236	0.2099781500364166	transfo-xl-wt103	__ALL__	euclidean	head	1,3	global_pooled	lexeme_prefixed
13730	516	7.696256620432563	359	1	0.17635658914728683	0.2751937984496124	0.0	0	-0.36892800413694404	-0.35188817458664595	-0.32487543877032	7.6614001288163145	7.843296242600735	0.0	0.9258241059460965	0.9971487407599805	0.27261471230881285	transfo-xl-wt103	__ALL__	cosine	head	1,4	global_pooled	lexeme_prefixed
13730	516	7.696256620432563	359	1	0.17635658914728683	0.2751937984496124	0.0	0	-0.30481738396350877	-0.2764579297227274	-0.26280126930059017	7.6614001288163145	7.843296242600735	0.0	0.817648499201795	0.5068338432162185	0.2067006554989075	transfo-xl-wt103	__ALL__	euclidean	head	1,4	global_pooled	lexeme_prefixed
13730	516	7.696256620432563	359	1	0.17635658914728683	0.2751937984496124	0.0	0	-0.3693921065535116	-0.3516052074756635	-0.32554775345433007	7.6745127575343215	8.023822475321854	0.0	0.9257914211914222	0.9966147712331294	0.281646030589949	transfo-xl-wt103	__ALL__	cosine	head	1,5	global_pooled	lexeme_prefixed
13730	516	7.696256620432563	359	1	0.17635658914728683	0.2751937984496124	0.0	0	-0.3041178231364519	-0.27844417978553654	-0.26368346919522767	7.6745127575343215	8.023822475321854	7.81277837433031e-09	0.8117423425194743	0.5058130218995573	0.21536780772032046	transfo-xl-wt103	__ALL__	euclidean	head	1,5	global_pooled	lexeme_prefixed
13730	516	7.696256620432563	359	1	0.17635658914728683	0.2751937984496124	0.0	0	-0.36796075116816485	-0.3491299193464021	-0.3241028444701547	7.828624503834459	7.6658515016940125	0.0	0.9250135723635111	0.9960968546028306	0.2822286962855062	transfo-xl-wt103	__ALL__	cosine	head	1,6	global_pooled	lexeme_prefixed
13730	516	7.696256620432563	359	1	0.17635658914728683	0.2751937984496124	0.0	0	-0.30227083172599184	-0.2756195365604096	-0.26206421386038187	7.828624503834459	7.6658515016940125	0.0	0.8205888391795884	0.48985524719537493	0.20939548434085944	transfo-xl-wt103	__ALL__	euclidean	head	1,6	global_pooled	lexeme_prefixed
13730	516	7.696256620432563	359	1	0.17635658914728683	0.2751937984496124	0.0	0	-0.36721431024667917	-0.3485370365789575	-0.32113497865924	7.765052891834257	7.640540808585377	1.1284142466523087e-16	0.9267677001423396	0.9955846795171477	0.27764020393299343	transfo-xl-wt103	__ALL__	cosine	head	1,7	global_pooled	lexeme_prefixed
13730	516	7.696256620432563	359	1	0.17635658914728683	0.2751937984496124	0.0	0	-0.3034755321860827	-0.27540545147206363	-0.26228968579092093	7.765052891834257	7.640540808585377	0.0	0.8222375560593557	0.4858785856487878	0.20968681718863802	transfo-xl-wt103	__ALL__	euclidean	head	1,7	global_pooled	lexeme_prefixed
13730	516	7.696256620432563	359	1	0.17635658914728683	0.2751937984496124	0.0	0	-0.36905254317204705	-0.3518384356988814	-0.3241663650081689	7.84429867287021	7.944281749937949	0.0	0.9264660425044674	0.9968417054858077	0.27734887108521483	transfo-xl-wt103	__ALL__	cosine	head	1,8	global_pooled	lexeme_prefixed
13730	516	7.696256620432563	359	1	0.17635658914728683	0.2751937984496124	0.0	0	-0.3054225136957925	-0.2771237423158515	-0.2637990797383329	7.84429867287021	7.944281749937949	0.0	0.8169678598666233	0.491386340383547	0.2124544792425346	transfo-xl-wt103	__ALL__	euclidean	head	1,8	global_pooled	lexeme_prefixed
13730	516	7.696256620432563	359	1	0.17635658914728683	0.2751937984496124	0.0	0	-0.3588432875040021	-0.3422387794583683	-0.3148870248496011	7.778477593986235	7.312383021252701	0.0	0.9284199904961733	0.9969406209545686	0.2730517115804807	transfo-xl-wt103	__ALL__	cosine	head	1,9	global_pooled	lexeme_prefixed
13730	516	7.696256620432563	359	1	0.17635658914728683	0.2751937984496124	0.0	0	-0.30377665680149324	-0.2772177809882867	-0.2623313694142971	7.778477593986235	7.312383021252701	0.0	0.8235561942060196	0.49655642921038773	0.2101238164603059	transfo-xl-wt103	__ALL__	euclidean	head	1,9	global_pooled	lexeme_prefixed
13730	516	7.696256620432563	359	1	0.17635658914728683	0.2751937984496124	0.0	0	-0.3742448415505393	-0.3568800912540671	-0.32801632238069445	7.697586657924707	8.143996387327451	2.246834752834503e-16	0.9245726757933818	0.9975495746880669	0.27596504005826655	transfo-xl-wt103	__ALL__	cosine	head	1,10	global_pooled	lexeme_prefixed
13730	516	7.696256620432563	359	1	0.17635658914728683	0.2751937984496124	0.0	0	-0.3053986615379057	-0.2786637180171313	-0.2649664238087035	7.697586657924707	8.143996387327451	4.502218706654052e-09	0.8115609361978116	0.5098161050043993	0.2112163146394756	transfo-xl-wt103	__ALL__	euclidean	head	1,10	global_pooled	lexeme_prefixed
13730	516	7.696256620432563	359	1	0.17635658914728683	0.2751937984496124	0.0	0	-0.3666408792627838	-0.3485745620604545	-0.3219522444679595	7.964370722564278	8.17822151344445	0.0	0.9254797938709327	0.9980500727638335	0.282884195193008	transfo-xl-wt103	__ALL__	cosine	head	1,11	global_pooled	lexeme_prefixed
13730	516	7.696256620432563	359	1	0.17635658914728683	0.2751937984496124	0.0	0	-0.3047656241356326	-0.27697693618542446	-0.2627990373413857	7.964370722564278	8.17822151344445	0.0	0.8104775716545181	0.506068371402367	0.21580480699198834	transfo-xl-wt103	__ALL__	euclidean	head	1,11	global_pooled	lexeme_prefixed
13730	516	7.696256620432563	359	1	0.17635658914728683	0.2751937984496124	0.0	0	-0.3623666462167247	-0.34305814947157964	-0.31709893868978184	7.845150745849806	7.2469824648578935	5.603139524060037e-17	0.9287681072564734	0.9967794850514875	0.2672978878368536	transfo-xl-wt103	__ALL__	cosine	head	2,3	global_pooled	lexeme_prefixed
13730	516	7.696256620432563	359	1	0.17635658914728683	0.2751937984496124	0.0	0	-0.30337705808350646	-0.2776138093656267	-0.263244973314698	7.845150745849806	7.2469824648578935	0.0	0.828466584206435	0.5013286947853399	0.21332847778587036	transfo-xl-wt103	__ALL__	euclidean	head	2,3	global_pooled	lexeme_prefixed
13730	516	7.696256620432563	359	1	0.17635658914728683	0.2751937984496124	0.0	0	-0.3681035292322314	-0.3520133931027565	-0.3251934284691616	8.061033418847222	7.4701525455843605	1.6770930029278335e-16	0.9268923102822514	0.9957902606146406	0.2721048798252003	transfo-xl-wt103	__ALL__	cosine	head	2,4	global_pooled	lexeme_prefixed
13730	516	7.696256620432563	359	1	0.17635658914728683	0.2751937984496124	0.0	0	-0.3076436477505566	-0.2800473909226268	-0.2673381188671818	8.061033418847222	7.4701525455843605	0.0	0.8248755690445367	0.5181243491218902	0.21099781500364165	transfo-xl-wt103	__ALL__	euclidean	head	2,4	global_pooled	lexeme_prefixed
13730	516	7.696256620432563	359	1	0.17635658914728683	0.2751937984496124	0.0	0	-0.36322980808715377	-0.34936603026697116	-0.32439512453256825	7.878932987442083	7.56325629809052	0.0	0.9266865500063661	0.9967705185125538	0.2764748725418791	transfo-xl-wt103	__ALL__	cosine	head	2,5	global_pooled	lexeme_prefixed
13730	516	7.696256620432563	359	1	0.17635658914728683	0.2751937984496124	0.0	0	-0.3015024799842015	-0.2760280296439051	-0.2595787659588371	7.878932987442083	7.56325629809052	6.3698673696694476e-09	0.8187360283257036	0.5144738553645277	0.21405680990531684	transfo-xl-wt103	__ALL__	euclidean	head	2,5	global_pooled	lexeme_prefixed
13730	516	7.696256620432563	359	1	0.17635658914728683	0.2751937984496124	0.0	0	-0.37002237238251207	-0.34941810097124704	-0.3238376301245633	7.754282359876957	7.6717469221609305	2.245356666538702e-16	0.9263885929508093	0.9959275288210135	0.28244719592134016	transfo-xl-wt103	__ALL__	cosine	head	2,6	global_pooled	lexeme_prefixed
13730	516	7.696256620432563	359	1	0.17635658914728683	0.2751937984496124	0.0	0	-0.30431885786375323	-0.2770770257534064	-0.2625278320533038	7.754282359876957	7.6717469221609305	0.0	0.8182835128129435	0.5092314241170739	0.21704297159504735	transfo-xl-wt103	__ALL__	euclidean	head	2,6	global_pooled	lexeme_prefixed
13730	516	7.696256620432563	359	1	0.17635658914728683	0.2751937984496124	0.0	0	-0.36017056438179557	-0.3417732074075154	-0.3145937943119007	8.017833980276503	7.501424053969337	1.6786437311553747e-16	0.9280227313986055	0.9960749617102631	0.27378004369992714	transfo-xl-wt103	__ALL__	cosine	head	2,7	global_pooled	lexeme_prefixed
13730	516	7.696256620432563	359	1	0.17635658914728683	0.2751937984496124	0.0	0	-0.3028866782350986	-0.2761862829614643	-0.26115319983665747	8.017833980276503	7.501424053969337	1.0804288677072777e-08	0.8229972682975781	0.49436077331128275	0.21544064093226512	transfo-xl-wt103	__ALL__	euclidean	head	2,7	global_pooled	lexeme_prefixed
13730	516	7.696256620432563	359	1	0.17635658914728683	0.2751937984496124	0.0	0	-0.3689252838762319	-0.349899526641315	-0.3247373229533971	8.054571357132994	7.649777451601782	0.0	0.926599713096086	0.9975143541027447	0.27829570284049526	transfo-xl-wt103	__ALL__	cosine	head	2,8	global_pooled	lexeme_prefixed
13730	516	7.696256620432563	359	1	0.17635658914728683	0.2751937984496124	0.0	0	-0.3057719154843162	-0.278404995863169	-0.2627262456558868	8.054571357132994	7.649777451601782	0.0	0.8194850594484825	0.5088755740584195	0.21784413692643845	transfo-xl-wt103	__ALL__	euclidean	head	2,8	global_pooled	lexeme_prefixed
13730	516	7.696256620432563	359	1	0.17635658914728683	0.2751937984496124	0.0	0	-0.3578313731877832	-0.33926891079764704	-0.3127429199002551	7.590061396192132	7.577113013110278	0.0	0.9288243987739533	0.9970815855898355	0.2750182083029862	transfo-xl-wt103	__ALL__	cosine	head	2,9	global_pooled	lexeme_prefixed
13730	516	7.696256620432563	359	1	0.17635658914728683	0.2751937984496124	0.0	0	-0.30381092321372716	-0.27622074813204467	-0.26314501595209505	7.590061396192132	7.577113013110278	6.222778741520531e-09	0.8170897943143789	0.5178747658806336	0.2144938091769847	transfo-xl-wt103	__ALL__	euclidean	head	2,9	global_pooled	lexeme_prefixed
13730	516	7.696256620432563	359	1	0.17635658914728683	0.2751937984496124	0.0	0	-0.36760150455520035	-0.3489809192507874	-0.32431261533979416	7.732202855662407	7.699195989502875	5.615278093024996e-17	0.9258237138456481	0.9968501843724873	0.2810633648943918	transfo-xl-wt103	__ALL__	cosine	head	2,10	global_pooled	lexeme_prefixed
13730	516	7.696256620432563	359	1	0.17635658914728683	0.2751937984496124	0.0	0	-0.3014790126694709	-0.2748392453125451	-0.26181301122071626	7.732202855662407	7.699195989502875	0.0	0.8185911025367985	0.5203999460305466	0.21849963583394028	transfo-xl-wt103	__ALL__	euclidean	head	2,10	global_pooled	lexeme_prefixed
13730	516	7.696256620432563	359	1	0.17635658914728683	0.2751937984496124	0.0	0	-0.3647540868060567	-0.34637837186807335	-0.32174821262856546	7.80886381188984	8.036047407876662	1.1243229030293345e-16	0.9269411794858665	0.9971755448246207	0.2810633648943918	transfo-xl-wt103	__ALL__	cosine	head	2,11	global_pooled	lexeme_prefixed
13730	516	7.696256620432563	359	1	0.17635658914728683	0.2751937984496124	0.0	0	-0.30008699654318566	-0.27349481853561514	-0.2594498031969275	7.80886381188984	8.036047407876662	9.692165395801425e-09	0.8104596989594633	0.5242221033558963	0.215877640203933	transfo-xl-wt103	__ALL__	euclidean	head	2,11	global_pooled	lexeme_prefixed
13730	516	7.696256620432563	359	1	0.17635658914728683	0.2751937984496124	0.0	0	-0.36730867132220446	-0.3518627981398038	-0.32559277419935767	7.947272209934144	7.2663594754437675	0.0	0.9291221663189603	0.9973398251968003	0.26598689002184994	transfo-xl-wt103	__ALL__	cosine	head	3,4	global_pooled	lexeme_prefixed
13730	516	7.696256620432563	359	1	0.17635658914728683	0.2751937984496124	0.0	0	-0.30820971817868326	-0.2810784842772953	-0.2682320807043632	7.947272209934144	7.2663594754437675	0.0	0.8264598006885923	0.5012578942082802	0.21653313911143482	transfo-xl-wt103	__ALL__	euclidean	head	3,4	global_pooled	lexeme_prefixed
13730	516	7.696256620432563	359	1	0.17635658914728683	0.2751937984496124	0.0	0	-0.3667194017894894	-0.3476931360777741	-0.3239928653610965	7.547221018386253	7.705744263283004	2.242140776758782e-16	0.9267240791738706	0.9959610469860644	0.2715222141296431	transfo-xl-wt103	__ALL__	cosine	head	3,5	global_pooled	lexeme_prefixed
13730	516	7.696256620432563	359	1	0.17635658914728683	0.2751937984496124	0.0	0	-0.3026579331777916	-0.27662257619123554	-0.26250096633338127	7.547221018386253	7.705744263283004	8.858296324006564e-09	0.8114984987002812	0.5015223594175983	0.21223597960670065	transfo-xl-wt103	__ALL__	euclidean	head	3,5	global_pooled	lexeme_prefixed
13730	516	7.696256620432563	359	1	0.17635658914728683	0.2751937984496124	0.0	0	-0.36457246755774114	-0.3462434587216863	-0.321265870879243	7.653002646785682	7.384001142542958	0.0	0.9295651236215255	0.995572073785656	0.27465404224326295	transfo-xl-wt103	__ALL__	cosine	head	3,6	global_pooled	lexeme_prefixed
13730	516	7.696256620432563	359	1	0.17635658914728683	0.2751937984496124	0.0	0	-0.3042610852995503	-0.2774878501956992	-0.2641417346060399	7.653002646785682	7.384001142542958	0.0	0.8175897264902362	0.48546283362843173	0.21143481427530955	transfo-xl-wt103	__ALL__	euclidean	head	3,6	global_pooled	lexeme_prefixed
13730	516	7.696256620432563	359	1	0.17635658914728683	0.2751937984496124	0.0	0	-0.362379896981166	-0.3444357963180919	-0.3210568247336887	7.680356807590517	7.44318905835881	0.0	0.9289549091139225	0.9969314982333456	0.27042971595047344	transfo-xl-wt103	__ALL__	cosine	head	3,7	global_pooled	lexeme_prefixed
13730	516	7.696256620432563	359	1	0.17635658914728683	0.2751937984496124	0.0	0	-0.3018819781684178	-0.27563632012250006	-0.26254406760277643	7.680356807590517	7.44318905835881	0.0	0.820687407869691	0.47575730509862446	0.21194464675892208	transfo-xl-wt103	__ALL__	euclidean	head	3,7	global_pooled	lexeme_prefixed
13730	516	7.696256620432563	359	1	0.17635658914728683	0.2751937984496124	0.0	0	-0.3614692581986879	-0.3423222288195602	-0.31884042390568657	7.721731237410774	7.605176417394739	5.590022211097559e-17	0.9280839230695711	0.9973249680119806	0.27261471230881285	transfo-xl-wt103	__ALL__	cosine	head	3,8	global_pooled	lexeme_prefixed
13730	516	7.696256620432563	359	1	0.17635658914728683	0.2751937984496124	0.0	0	-0.3033802949068581	-0.2766823861977413	-0.26300066006159206	7.721731237410774	7.605176417394739	4.530289586117296e-09	0.8213344752491267	0.4811082085291377	0.21951930080116533	transfo-xl-wt103	__ALL__	euclidean	head	3,8	global_pooled	lexeme_prefixed
13730	516	7.696256620432563	359	1	0.17635658914728683	0.2751937984496124	0.0	0	-0.3528421293218516	-0.3374744371363478	-0.31017754729232405	7.685445777908568	7.294219416513764	5.58383396448453e-17	0.9312860289154931	0.996255529643402	0.2659140568099053	transfo-xl-wt103	__ALL__	cosine	head	3,9	global_pooled	lexeme_prefixed
13730	516	7.696256620432563	359	1	0.17635658914728683	0.2751937984496124	0.0	0	-0.30448776018355206	-0.2779196920050851	-0.26260606691673916	7.685445777908568	7.294219416513764	4.539308174107727e-09	0.8245985602700456	0.4954210420054382	0.21077931536780772	transfo-xl-wt103	__ALL__	euclidean	head	3,9	global_pooled	lexeme_prefixed
13730	516	7.696256620432563	359	1	0.17635658914728683	0.2751937984496124	0.0	0	-0.3635077855909467	-0.347779359587648	-0.32148659668228635	7.629337029872637	8.304002457555749	3.3637077003812756e-16	0.9265476831611819	0.9970979647913424	0.2715222141296431	transfo-xl-wt103	__ALL__	cosine	head	3,10	global_pooled	lexeme_prefixed
13730	516	7.696256620432563	359	1	0.17635658914728683	0.2751937984496124	0.0	0	-0.3018735305150365	-0.27556896118342356	-0.2612105904620434	7.629337029872637	8.304002457555749	0.0	0.8061906801754262	0.5100151785515191	0.21871813546977423	transfo-xl-wt103	__ALL__	euclidean	head	3,10	global_pooled	lexeme_prefixed
13730	516	7.696256620432563	359	1	0.17635658914728683	0.2751937984496124	0.0	0	-0.3688131047600944	-0.34848955868609505	-0.32416101944418335	7.692985344730518	8.094120068552554	0.0	0.9277322609299056	0.9977106184883598	0.27159504734158774	transfo-xl-wt103	__ALL__	cosine	head	3,11	global_pooled	lexeme_prefixed
13730	516	7.696256620432563	359	1	0.17635658914728683	0.2751937984496124	0.0	0	-0.3059250037924246	-0.27816940849377136	-0.26459511906310423	7.692985344730518	8.094120068552554	7.18518758792967e-09	0.8086380247433429	0.502567006187296	0.21718863801893665	transfo-xl-wt103	__ALL__	euclidean	head	3,11	global_pooled	lexeme_prefixed
13730	516	7.696256620432563	359	1	0.17635658914728683	0.2751937984496124	0.0	0	-0.3669014026036516	-0.3520796882415021	-0.3239183949504979	8.13213799539783	7.694454019223112	0.0	0.9246058585212281	0.9966455164757274	0.2732702112163146	transfo-xl-wt103	__ALL__	cosine	head	4,5	global_pooled	lexeme_prefixed
13730	516	7.696256620432563	359	1	0.17635658914728683	0.2751937984496124	0.0	0	-0.30329736731294726	-0.27642767389483963	-0.26179047052961585	8.13213799539783	7.694454019223112	5.880898007758378e-09	0.820907969998801	0.5118022207451774	0.21260014566642388	transfo-xl-wt103	__ALL__	euclidean	head	4,5	global_pooled	lexeme_prefixed
13730	516	7.696256620432563	359	1	0.17635658914728683	0.2751937984496124	0.0	0	-0.37390945300778894	-0.35659215585566917	-0.33073394635850745	7.9039144279725635	7.826693849749554	0.0	0.9257802412041001	0.9962761716519839	0.27283321194464677	transfo-xl-wt103	__ALL__	cosine	head	4,6	global_pooled	lexeme_prefixed
13730	516	7.696256620432563	359	1	0.17635658914728683	0.2751937984496124	0.0	0	-0.3101592957014432	-0.2816700466401801	-0.2680432543290556	7.9039144279725635	7.826693849749554	6.1261980409402224e-09	0.8200486007691362	0.5161388513008661	0.20895848506919154	transfo-xl-wt103	__ALL__	euclidean	head	4,6	global_pooled	lexeme_prefixed
13730	516	7.696256620432563	359	1	0.17635658914728683	0.2751937984496124	0.0	0	-0.36490500123914876	-0.3479671855141247	-0.3217951480567226	7.971985939238529	7.277316068173558	0.0	0.9272019384831532	0.9974775893335034	0.2770575382374363	transfo-xl-wt103	__ALL__	cosine	head	4,7	global_pooled	lexeme_prefixed
13730	516	7.696256620432563	359	1	0.17635658914728683	0.2751937984496124	0.0	0	-0.30504953555024	-0.2780967218168748	-0.26477857842396074	7.971985939238529	7.277316068173558	0.0	0.8262130153198645	0.4946803382351941	0.21544064093226512	transfo-xl-wt103	__ALL__	euclidean	head	4,7	global_pooled	lexeme_prefixed
13730	516	7.696256620432563	359	1	0.17635658914728683	0.2751937984496124	0.0	0	-0.3729094295323453	-0.35355799883094047	-0.32714607716886307	8.271929500011264	7.71542850133607	0.0	0.9255583601102357	0.9981037034584129	0.27268754552075747	transfo-xl-wt103	__ALL__	cosine	head	4,8	global_pooled	lexeme_prefixed
13730	516	7.696256620432563	359	1	0.17635658914728683	0.2751937984496124	0.0	0	-0.30900941818203037	-0.28006047640609744	-0.267788218674037	8.271929500011264	7.71542850133607	5.7529560548062986e-09	0.8253676596222763	0.5067066003746596	0.2191551347414421	transfo-xl-wt103	__ALL__	euclidean	head	4,8	global_pooled	lexeme_prefixed
13730	516	7.696256620432563	359	1	0.17635658914728683	0.2751937984496124	0.0	0	-0.36268947546000624	-0.3446354351078448	-0.31881614943410885	7.905931886137082	7.041588183283329	1.121267549578802e-16	0.9299731753896472	0.9974871076795366	0.2689730517115805	transfo-xl-wt103	__ALL__	cosine	head	4,9	global_pooled	lexeme_prefixed
13730	516	7.696256620432563	359	1	0.17635658914728683	0.2751937984496124	0.0	0	-0.3047649049321877	-0.2796974896359834	-0.2642167683335391	7.905931886137082	7.041588183283329	4.383828250651742e-09	0.8267258437356934	0.5105543610142346	0.21369264384559358	transfo-xl-wt103	__ALL__	euclidean	head	4,9	global_pooled	lexeme_prefixed
13730	516	7.696256620432563	359	1	0.17635658914728683	0.2751937984496124	0.0	0	-0.3719905059091829	-0.3538162356839962	-0.32672460160744915	7.96784703897837	7.681798544207171	0.0	0.9243701662534023	0.9971248768230394	0.274435542607429	transfo-xl-wt103	__ALL__	cosine	head	4,10	global_pooled	lexeme_prefixed
13730	516	7.696256620432563	359	1	0.17635658914728683	0.2751937984496124	0.0	0	-0.30643785741403134	-0.2795841529216058	-0.26657192844977134	7.96784703897837	7.681798544207171	0.0	0.8201557597097089	0.5192207050935572	0.21274581209031318	transfo-xl-wt103	__ALL__	euclidean	head	4,10	global_pooled	lexeme_prefixed
13730	516	7.696256620432563	359	1	0.17635658914728683	0.2751937984496124	0.0	0	-0.3686121667850756	-0.35279313192316036	-0.32524215892007563	8.341481267071583	7.387224395703345	1.1199227203371401e-16	0.9283067902357183	0.9973694347757636	0.2783685360524399	transfo-xl-wt103	__ALL__	cosine	head	4,11	global_pooled	lexeme_prefixed
13730	516	7.696256620432563	359	1	0.17635658914728683	0.2751937984496124	0.0	0	-0.30530131945748457	-0.27910425765216795	-0.26452651868893334	8.341481267071583	7.387224395703345	0.0	0.8277849720493855	0.5113793608880957	0.21755280407865987	transfo-xl-wt103	__ALL__	euclidean	head	4,11	global_pooled	lexeme_prefixed
13730	516	7.696256620432563	359	1	0.17635658914728683	0.2751937984496124	0.0	0	-0.36589965349934916	-0.35131300633055723	-0.32283091991429297	7.529204970049112	7.922638009358	5.610981729590128e-17	0.9246881123229905	0.9956598180339403	0.2777130371449381	transfo-xl-wt103	__ALL__	cosine	head	5,6	global_pooled	lexeme_prefixed
13730	516	7.696256620432563	359	1	0.17635658914728683	0.2751937984496124	0.0	0	-0.29934441355822977	-0.27472860256060294	-0.25858789228364437	7.529204970049112	7.922638009358	4.999528932579389e-09	0.8111053597113557	0.4993796744654049	0.21318281136198106	transfo-xl-wt103	__ALL__	euclidean	head	5,6	global_pooled	lexeme_prefixed
13730	516	7.696256620432563	359	1	0.17635658914728683	0.2751937984496124	0.0	0	-0.36828903287183673	-0.3526664769853283	-0.3251750990883584	7.744890726865361	7.926714802021693	0.0	0.9248755408350602	0.9968542007556531	0.2766205389657684	transfo-xl-wt103	__ALL__	cosine	head	5,7	global_pooled	lexeme_prefixed
13730	516	7.696256620432563	359	1	0.17635658914728683	0.2751937984496124	0.0	0	-0.3034469293547169	-0.27528707645196415	-0.26207851785669606	7.744890726865361	7.926714802021693	0.0	0.8151716559445813	0.49657586752094235	0.2147851420247633	transfo-xl-wt103	__ALL__	euclidean	head	5,7	global_pooled	lexeme_prefixed
13730	516	7.696256620432563	359	1	0.17635658914728683	0.2751937984496124	0.0	0	-0.37493700155814097	-0.3595992733814067	-0.3306258299676328	7.878569793447613	8.405166800208622	0.0	0.9232661867407195	0.9975283428094697	0.27669337217771306	transfo-xl-wt103	__ALL__	cosine	head	5,8	global_pooled	lexeme_prefixed
13730	516	7.696256620432563	359	1	0.17635658914728683	0.2751937984496124	0.0	0	-0.3024233209238991	-0.2757328084609617	-0.2622535052591881	7.878569793447613	8.405166800208622	4.419175760455874e-09	0.8126199847066785	0.5085387523695019	0.21544064093226512	transfo-xl-wt103	__ALL__	euclidean	head	5,8	global_pooled	lexeme_prefixed
13730	516	7.696256620432563	359	1	0.17635658914728683	0.2751937984496124	0.0	0	-0.36810275856051117	-0.3515638213277442	-0.32441876066059394	7.9088792117967115	7.242721446094567	1.677989636498432e-16	0.9290744850309478	0.9961397491569455	0.27093954843408596	transfo-xl-wt103	__ALL__	cosine	head	5,9	global_pooled	lexeme_prefixed
13730	516	7.696256620432563	359	1	0.17635658914728683	0.2751937984496124	0.0	0	-0.30428160223398665	-0.27758474860440935	-0.26384306231229776	7.9088792117967115	7.242721446094567	4.126634867835634e-09	0.8225587265793612	0.5140006748744468	0.21260014566642388	transfo-xl-wt103	__ALL__	euclidean	head	5,9	global_pooled	lexeme_prefixed
13730	516	7.696256620432563	359	1	0.17635658914728683	0.2751937984496124	0.0	0	-0.375346669830063	-0.3580900072888992	-0.330314880292089	7.770329836310037	8.162402075973832	1.121013257358208e-16	0.9238229645084148	0.9973574197459057	0.27997086671522214	transfo-xl-wt103	__ALL__	cosine	head	5,10	global_pooled	lexeme_prefixed
13730	516	7.696256620432563	359	1	0.17635658914728683	0.2751937984496124	0.0	0	-0.3031605203689551	-0.2776647829419088	-0.26230810991453335	7.770329836310037	8.162402075973832	7.525763312152797e-09	0.804910389275026	0.5239319719100612	0.21442097596504006	transfo-xl-wt103	__ALL__	euclidean	head	5,10	global_pooled	lexeme_prefixed
13730	516	7.696256620432563	359	1	0.17635658914728683	0.2751937984496124	0.0	0	-0.37024499604485567	-0.35278693607700595	-0.3288637113957686	7.8251489541644235	7.778996282914496	0.0	0.9261321520476082	0.9978689822363851	0.27807720320466134	transfo-xl-wt103	__ALL__	cosine	head	5,11	global_pooled	lexeme_prefixed
13730	516	7.696256620432563	359	1	0.17635658914728683	0.2751937984496124	0.0	0	-0.30333395670340924	-0.27678730116151157	-0.26280291607080036	7.8251489541644235	7.778996282914496	0.0	0.8138274879544262	0.5146879846767852	0.21784413692643845	transfo-xl-wt103	__ALL__	euclidean	head	5,11	global_pooled	lexeme_prefixed
13730	516	7.696256620432563	359	1	0.17635658914728683	0.2751937984496124	0.0	0	-0.36405763180935086	-0.3452813057508949	-0.31600217221113525	7.662587445451494	7.684866386142524	0.0	0.9273797154202058	0.9974281880201019	0.27822286962855064	transfo-xl-wt103	__ALL__	cosine	head	6,7	global_pooled	lexeme_prefixed
13730	516	7.696256620432563	359	1	0.17635658914728683	0.2751937984496124	0.0	0	-0.30403613703594073	-0.27652399391790083	-0.2615218121789211	7.662587445451494	7.684866386142524	0.0	0.8146349755351141	0.48175682234915707	0.21580480699198834	transfo-xl-wt103	__ALL__	euclidean	head	6,7	global_pooled	lexeme_prefixed
13730	516	7.696256620432563	359	1	0.17635658914728683	0.2751937984496124	0.0	0	-0.37157250713217654	-0.3530005754372088	-0.3232986532098511	7.750435800015836	7.820528672820308	0.0	0.9259359890104956	0.9978619774904515	0.2749453750910415	transfo-xl-wt103	__ALL__	cosine	head	6,8	global_pooled	lexeme_prefixed
13730	516	7.696256620432563	359	1	0.17635658914728683	0.2751937984496124	0.0	0	-0.30632749481233645	-0.2795328978671925	-0.26502746726152243	7.750435800015836	7.820528672820308	0.0	0.8104045024944773	0.4889678663705317	0.21376547705753823	transfo-xl-wt103	__ALL__	euclidean	head	6,8	global_pooled	lexeme_prefixed
13730	516	7.696256620432563	359	1	0.17635658914728683	0.2751937984496124	0.0	0	-0.3528739152855402	-0.33600845414517394	-0.30975036463818445	7.717720966547829	7.403235966815284	1.6781509276408214e-16	0.9297040914829225	0.9967425774145737	0.2738528769118718	transfo-xl-wt103	__ALL__	cosine	head	6,9	global_pooled	lexeme_prefixed
13730	516	7.696256620432563	359	1	0.17635658914728683	0.2751937984496124	0.0	0	-0.300524436407868	-0.2737112293079297	-0.25903991937465776	7.717720966547829	7.403235966815284	7.815685155255039e-09	0.8216834308542981	0.49168071299831845	0.21099781500364165	transfo-xl-wt103	__ALL__	euclidean	head	6,9	global_pooled	lexeme_prefixed
13730	516	7.696256620432563	359	1	0.17635658914728683	0.2751937984496124	0.0	0	-0.37506795302133317	-0.3581835484053746	-0.33040767166351614	7.728714381295641	8.499305163932338	0.0	0.9230125609049094	0.9966152504746507	0.27764020393299343	transfo-xl-wt103	__ALL__	cosine	head	6,10	global_pooled	lexeme_prefixed
13730	516	7.696256620432563	359	1	0.17635658914728683	0.2751937984496124	0.0	0	-0.30520098382273053	-0.27839938051291524	-0.26419398651373804	7.728714381295641	8.499305163932338	0.0	0.8074743200397835	0.518874022423682	0.2147851420247633	transfo-xl-wt103	__ALL__	euclidean	head	6,10	global_pooled	lexeme_prefixed
13730	516	7.696256620432563	359	1	0.17635658914728683	0.2751937984496124	0.0	0	-0.37327473689749713	-0.3533580841016155	-0.3277295703113429	7.9639311359836435	7.848173994588257	0.0	0.9280401518446748	0.9972225589971109	0.2775673707210488	transfo-xl-wt103	__ALL__	cosine	head	6,11	global_pooled	lexeme_prefixed
13730	516	7.696256620432563	359	1	0.17635658914728683	0.2751937984496124	0.0	0	-0.3061100295932578	-0.27900037351398826	-0.26378426942521704	7.9639311359836435	7.848173994588257	4.506373848865378e-09	0.8144801433465014	0.5053022684928895	0.2169701383831027	transfo-xl-wt103	__ALL__	euclidean	head	6,11	global_pooled	lexeme_prefixed
13730	516	7.696256620432563	359	1	0.17635658914728683	0.2751937984496124	0.0	0	-0.3658841495977317	-0.34870733774764023	-0.32178850700542916	7.972370653628781	8.031413260407431	0.0	0.9261390174645445	0.998179337267809	0.2710852148579752	transfo-xl-wt103	__ALL__	cosine	head	7,8	global_pooled	lexeme_prefixed
13730	516	7.696256620432563	359	1	0.17635658914728683	0.2751937984496124	0.0	0	-0.3048880488157915	-0.27756645432324606	-0.2631732809888586	7.972370653628781	8.031413260407431	0.0	0.8158968921810543	0.4799279065445607	0.21252731245447926	transfo-xl-wt103	__ALL__	euclidean	head	7,8	global_pooled	lexeme_prefixed
13730	516	7.696256620432563	359	1	0.17635658914728683	0.2751937984496124	0.0	0	-0.3582110116079463	-0.33956740668907986	-0.3140150718146773	7.625935031120667	7.802198286209282	1.6817596282953751e-16	0.9283991139098969	0.9971647017221091	0.2730517115804807	transfo-xl-wt103	__ALL__	cosine	head	7,9	global_pooled	lexeme_prefixed
13730	516	7.696256620432563	359	1	0.17635658914728683	0.2751937984496124	0.0	0	-0.3005003093109212	-0.2743477278972657	-0.2593797732651483	7.625935031120667	7.802198286209282	8.261733775949602e-09	0.8163163055452177	0.49382253448148183	0.21099781500364165	transfo-xl-wt103	__ALL__	euclidean	head	7,9	global_pooled	lexeme_prefixed
13730	516	7.696256620432563	359	1	0.17635658914728683	0.2751937984496124	0.0	0	-0.3683681545421084	-0.35064313852792517	-0.3249860061545569	7.592810174451853	7.7754969513698375	0.0	0.9258887880327331	0.997595098169187	0.274435542607429	transfo-xl-wt103	__ALL__	cosine	head	7,10	global_pooled	lexeme_prefixed
13730	516	7.696256620432563	359	1	0.17635658914728683	0.2751937984496124	0.0	0	-0.30142991468521624	-0.27548917239038506	-0.25968284751186677	7.592810174451853	7.7754969513698375	8.65818943790462e-09	0.8178326990554344	0.48581723920019493	0.21267297887836853	transfo-xl-wt103	__ALL__	euclidean	head	7,10	global_pooled	lexeme_prefixed
13730	516	7.696256620432563	359	1	0.17635658914728683	0.2751937984496124	0.0	0	-0.36634439099282945	-0.3481982884001425	-0.32223886860567463	7.856601881916406	8.20502931609482	5.606218154626356e-17	0.926775834147294	0.9983090672830214	0.2735615440640932	transfo-xl-wt103	__ALL__	cosine	head	7,11	global_pooled	lexeme_prefixed
13730	516	7.696256620432563	359	1	0.17635658914728683	0.2751937984496124	0.0	0	-0.3043487964022349	-0.2761874186663202	-0.26206220363994764	7.856601881916406	8.20502931609482	7.159126370740084e-09	0.8160089533706278	0.4972032809809445	0.21267297887836853	transfo-xl-wt103	__ALL__	euclidean	head	7,11	global_pooled	lexeme_prefixed
13730	516	7.696256620432563	359	1	0.17635658914728683	0.2751937984496124	0.0	0	-0.3650094666878243	-0.3456617227523938	-0.3204706104081439	7.894345844345808	7.6359166484157095	5.579142874320596e-17	0.9266967124079822	0.9981983590327691	0.2713037144938092	transfo-xl-wt103	__ALL__	cosine	head	8,9	global_pooled	lexeme_prefixed
13730	516	7.696256620432563	359	1	0.17635658914728683	0.2751937984496124	0.0	0	-0.3049357856541982	-0.2778786123624719	-0.2634970743053469	7.894345844345808	7.6359166484157095	5.845875896416756e-09	0.8183357058784091	0.5049939703900619	0.21209031318281135	transfo-xl-wt103	__ALL__	euclidean	head	8,9	global_pooled	lexeme_prefixed
13730	516	7.696256620432563	359	1	0.17635658914728683	0.2751937984496124	0.0	0	-0.3722084203319235	-0.3534454238326798	-0.3258878172501698	7.7601568836065455	8.472954949499021	0.0	0.9233234172167001	0.9980889940085766	0.2752367079388201	transfo-xl-wt103	__ALL__	cosine	head	8,10	global_pooled	lexeme_prefixed
13730	516	7.696256620432563	359	1	0.17635658914728683	0.2751937984496124	0.0	0	-0.3046222512632886	-0.2788236309865503	-0.2635884521982723	7.7601568836065455	8.472954949499021	0.0	0.8060787052333398	0.5104937215763199	0.2202476329206118	transfo-xl-wt103	__ALL__	euclidean	head	8,10	global_pooled	lexeme_prefixed
13730	516	7.696256620432563	359	1	0.17635658914728683	0.2751937984496124	0.0	0	-0.3682685266478212	-0.35009489317000186	-0.32467377835514083	7.841423688477784	8.109895248562928	1.6774820139319215e-16	0.9254758477651849	0.9984131272566729	0.27589220684632193	transfo-xl-wt103	__ALL__	cosine	head	8,11	global_pooled	lexeme_prefixed
13730	516	7.696256620432563	359	1	0.17635658914728683	0.2751937984496124	0.0	0	-0.3042043268366568	-0.27506782224229287	-0.262914524490972	7.841423688477784	8.109895248562928	0.0	0.8110488832261378	0.5078667972943857	0.21704297159504735	transfo-xl-wt103	__ALL__	euclidean	head	8,11	global_pooled	lexeme_prefixed
13730	516	7.696256620432563	359	1	0.17635658914728683	0.2751937984496124	0.0	0	-0.3698124400305608	-0.3505835653013672	-0.3251937881857427	7.885018064719939	7.6898925305020995	0.0	0.9262510892806289	0.9970628263229037	0.2753095411507647	transfo-xl-wt103	__ALL__	cosine	head	9,10	global_pooled	lexeme_prefixed
13730	516	7.696256620432563	359	1	0.17635658914728683	0.2751937984496124	0.0	0	-0.30447327795895	-0.2773562696522215	-0.26257417736929006	7.885018064719939	7.6898925305020995	0.0	0.8224994596148933	0.5116590949580347	0.21318281136198106	transfo-xl-wt103	__ALL__	euclidean	head	9,10	global_pooled	lexeme_prefixed
13730	516	7.696256620432563	359	1	0.17635658914728683	0.2751937984496124	0.0	0	-0.3607932307405178	-0.34078606188283506	-0.3175577456670393	7.765302729588914	7.726333698647822	0.0	0.9280535710742428	0.9982816646716138	0.2734158776402039	transfo-xl-wt103	__ALL__	cosine	head	9,11	global_pooled	lexeme_prefixed
13730	516	7.696256620432563	359	1	0.17635658914728683	0.2751937984496124	0.0	0	-0.3030483245435407	-0.2760511720699343	-0.2620589670628953	7.765302729588914	7.726333698647822	6.21838149909293e-09	0.8134219971306283	0.5109061712058218	0.21398397669337219	transfo-xl-wt103	__ALL__	euclidean	head	9,11	global_pooled	lexeme_prefixed
13730	516	7.696256620432563	359	1	0.17635658914728683	0.2751937984496124	0.0	0	-0.37229243413695523	-0.35432673098242473	-0.3281522818404575	8.015290055886373	8.067058488748721	0.0	0.9273490598899748	0.9969313548064785	0.27734887108521483	transfo-xl-wt103	__ALL__	cosine	head	10,11	global_pooled	lexeme_prefixed
13730	516	7.696256620432563	359	1	0.17635658914728683	0.2751937984496124	0.0	0	-0.30440324753064835	-0.2770569122014541	-0.2640266148100513	8.015290055886373	8.067058488748721	0.0	0.8133468357948755	0.5251375324487091	0.21849963583394028	transfo-xl-wt103	__ALL__	euclidean	head	10,11	global_pooled	lexeme_prefixed
13730	516	7.696256620432563	359	1	0.17635658914728683	0.2751937984496124	0.0	0	-0.36042263625570337	-0.34206020538666626	-0.31470273074925176	8.0412272836267	7.611691908443886	1.6841605779356623e-16	0.9269502821370118	0.9967049546941319	0.282884195193008	transfo-xl-wt103	__ALL__	cosine	head	0,1,2	global_pooled	lexeme_prefixed
13730	516	7.696256620432563	359	1	0.17635658914728683	0.2751937984496124	0.0	0	-0.3005899400033652	-0.27492109703597883	-0.26021176008155844	8.0412272836267	7.611691908443886	8.526127453264875e-09	0.8219189786106583	0.4167058449182076	0.22046613255644573	transfo-xl-wt103	__ALL__	euclidean	head	0,1,2	global_pooled	lexeme_prefixed
13730	516	7.696256620432563	359	1	0.17635658914728683	0.2751937984496124	0.0	0	-0.3608283933331098	-0.34090173820231107	-0.31465951627080807	7.76621535878167	7.76168062565766	5.61526417895668e-17	0.9273797668854958	0.9958446846367752	0.274435542607429	transfo-xl-wt103	__ALL__	cosine	head	0,1,3	global_pooled	lexeme_prefixed
13730	516	7.696256620432563	359	1	0.17635658914728683	0.2751937984496124	0.0	0	-0.30599837074053876	-0.27815253625853054	-0.26320049485859914	7.76621535878167	7.76168062565766	4.019862982371552e-09	0.8180820285933924	0.4038233132483222	0.21376547705753823	transfo-xl-wt103	__ALL__	euclidean	head	0,1,3	global_pooled	lexeme_prefixed
13730	516	7.696256620432563	359	1	0.17635658914728683	0.2751937984496124	0.0	0	-0.3649897513353163	-0.34658909289003775	-0.3228215948851084	7.623204679270089	7.74222090737963	1.124288830877944e-16	0.9258473502787053	0.9974462379377432	0.2772032046613256	transfo-xl-wt103	__ALL__	cosine	head	0,1,4	global_pooled	lexeme_prefixed
13730	516	7.696256620432563	359	1	0.17635658914728683	0.2751937984496124	0.0	0	-0.30538082022969254	-0.277382490289319	-0.2629084297623594	7.623204679270089	7.74222090737963	0.0	0.8164061618838567	0.40679459585258615	0.2131099781500364	transfo-xl-wt103	__ALL__	euclidean	head	0,1,4	global_pooled	lexeme_prefixed
13730	516	7.696256620432563	359	1	0.17635658914728683	0.2751937984496124	0.0	0	-0.3670250075520777	-0.3496610642769855	-0.32523427778158	7.741207152748676	7.705379722884262	1.1247492921291934e-16	0.9264177661428166	0.9964511192879256	0.279388201019665	transfo-xl-wt103	__ALL__	cosine	head	0,1,5	global_pooled	lexeme_prefixed
13730	516	7.696256620432563	359	1	0.17635658914728683	0.2751937984496124	0.0	0	-0.3036110569969828	-0.27738703367956524	-0.2625680451232373	7.741207152748676	7.705379722884262	1.0710488488613903e-08	0.8179103811352216	0.4110382737916865	0.2179169701383831	transfo-xl-wt103	__ALL__	euclidean	head	0,1,5	global_pooled	lexeme_prefixed
13730	516	7.696256620432563	359	1	0.17635658914728683	0.2751937984496124	0.0	0	-0.35803391894023356	-0.33965313771925215	-0.3144233680373458	7.736398235785912	7.643698209311363	0.0	0.925736126782048	0.9963050328212522	0.2846321922796795	transfo-xl-wt103	__ALL__	cosine	head	0,1,6	global_pooled	lexeme_prefixed
13730	516	7.696256620432563	359	1	0.17635658914728683	0.2751937984496124	0.0	0	-0.3015263286325423	-0.2749807816758816	-0.26236702026227854	7.736398235785912	7.643698209311363	0.0	0.8227020661604955	0.40261725631294193	0.21835396941005097	transfo-xl-wt103	__ALL__	euclidean	head	0,1,6	global_pooled	lexeme_prefixed
13730	516	7.696256620432563	359	1	0.17635658914728683	0.2751937984496124	0.0	0	-0.35918941400735566	-0.3436474971268938	-0.3141730286962517	7.810117772610111	7.382064344263712	0.0	0.9276482491903972	0.9957242318594608	0.28339402767662053	transfo-xl-wt103	__ALL__	cosine	head	0,1,7	global_pooled	lexeme_prefixed
13730	516	7.696256620432563	359	1	0.17635658914728683	0.2751937984496124	0.0	0	-0.3021158640248278	-0.2754844318779112	-0.26059423451979175	7.810117772610111	7.382064344263712	7.538136588059542e-09	0.8278695636416028	0.39835256180185896	0.21740713765477057	transfo-xl-wt103	__ALL__	euclidean	head	0,1,7	global_pooled	lexeme_prefixed
13730	516	7.696256620432563	359	1	0.17635658914728683	0.2751937984496124	0.0	0	-0.36298239095494234	-0.34400454231793726	-0.3147404281527076	7.787263987446841	7.787074511296855	0.0	0.9268155911211627	0.9968001411384367	0.2793153678077203	transfo-xl-wt103	__ALL__	cosine	head	0,1,8	global_pooled	lexeme_prefixed
13730	516	7.696256620432563	359	1	0.17635658914728683	0.2751937984496124	0.0	0	-0.3022590938696153	-0.27398104514367033	-0.2605278330129177	7.787263987446841	7.787074511296855	0.0	0.8186197245266321	0.39916742891502044	0.2177713037144938	transfo-xl-wt103	__ALL__	euclidean	head	0,1,8	global_pooled	lexeme_prefixed
13730	516	7.696256620432563	359	1	0.17635658914728683	0.2751937984496124	0.0	0	-0.35915959676099546	-0.3434979525248024	-0.31548985561438275	7.736947282063515	7.386827250622344	0.0	0.9281759315745061	0.9972376478200492	0.2788055353241078	transfo-xl-wt103	__ALL__	cosine	head	0,1,9	global_pooled	lexeme_prefixed
13730	516	7.696256620432563	359	1	0.17635658914728683	0.2751937984496124	0.0	0	-0.303953329558347	-0.277424946670912	-0.2626345875609071	7.736947282063515	7.386827250622344	5.284556030255944e-09	0.8211279431833134	0.4118628064479297	0.21536780772032046	transfo-xl-wt103	__ALL__	euclidean	head	0,1,9	global_pooled	lexeme_prefixed
13730	516	7.696256620432563	359	1	0.17635658914728683	0.2751937984496124	0.0	0	-0.36764973912795157	-0.3475320063819251	-0.32185251506099305	7.871754311584459	8.111052746541917	0.0	0.925298876213428	0.9966878566261874	0.28244719592134016	transfo-xl-wt103	__ALL__	cosine	head	0,1,10	global_pooled	lexeme_prefixed
13730	516	7.696256620432563	359	1	0.17635658914728683	0.2751937984496124	0.0	0	-0.30531146493825134	-0.27862359958065913	-0.26231494193103005	7.871754311584459	8.111052746541917	0.0	0.8174694119198992	0.41594695990046404	0.21849963583394028	transfo-xl-wt103	__ALL__	euclidean	head	0,1,10	global_pooled	lexeme_prefixed
13730	516	7.696256620432563	359	1	0.17635658914728683	0.2751937984496124	0.0	0	-0.36432354169479003	-0.34376623056563527	-0.3169534140637936	7.824545275972363	7.89786497147213	0.0	0.9260643145047577	0.9973292692165979	0.2777130371449381	transfo-xl-wt103	__ALL__	cosine	head	0,1,11	global_pooled	lexeme_prefixed
13730	516	7.696256620432563	359	1	0.17635658914728683	0.2751937984496124	0.0	0	-0.3046430309220242	-0.2757155274776311	-0.2627137316317669	7.824545275972363	7.89786497147213	0.0	0.8142644430905475	0.41003377177078215	0.22002913328477786	transfo-xl-wt103	__ALL__	euclidean	head	0,1,11	global_pooled	lexeme_prefixed
13730	516	7.696256620432563	359	1	0.17635658914728683	0.2751937984496124	0.0	0	-0.3641818654705941	-0.34364609803079954	-0.31881784100763466	7.964990944252004	7.461258278103271	5.598954331705077e-17	0.9285912883787771	0.9974805883442471	0.2715222141296431	transfo-xl-wt103	__ALL__	cosine	head	0,2,3	global_pooled	lexeme_prefixed
13730	516	7.696256620432563	359	1	0.17635658914728683	0.2751937984496124	0.0	0	-0.30314867251671634	-0.2751656349900195	-0.26170734722336236	7.964990944252004	7.461258278103271	5.0328063332359365e-09	0.828636097409307	0.4139239544844902	0.2169701383831027	transfo-xl-wt103	__ALL__	euclidean	head	0,2,3	global_pooled	lexeme_prefixed
13730	516	7.696256620432563	359	1	0.17635658914728683	0.2751937984496124	0.0	0	-0.3662402231837219	-0.3501255327024966	-0.32292152570823107	7.968284992575422	7.614153785162844	1.6776532998535148e-16	0.925824256875733	0.9973293690152808	0.27618353969410053	transfo-xl-wt103	__ALL__	cosine	head	0,2,4	global_pooled	lexeme_prefixed
13730	516	7.696256620432563	359	1	0.17635658914728683	0.2751937984496124	0.0	0	-0.3048295877062702	-0.2775443970329115	-0.2643303724985786	7.968284992575422	7.614153785162844	6.942506313411649e-09	0.8195829296788957	0.41886419752414955	0.21209031318281135	transfo-xl-wt103	__ALL__	euclidean	head	0,2,4	global_pooled	lexeme_prefixed
13730	516	7.696256620432563	359	1	0.17635658914728683	0.2751937984496124	0.0	0	-0.3647043170602674	-0.348803453400378	-0.3211919845556313	7.989056949098121	7.538040408840709	0.0	0.9267269058144211	0.9973765186577102	0.2788055353241078	transfo-xl-wt103	__ALL__	cosine	head	0,2,5	global_pooled	lexeme_prefixed
13730	516	7.696256620432563	359	1	0.17635658914728683	0.2751937984496124	0.0	0	-0.3018448015545541	-0.27554793549987433	-0.26098522027563437	7.989056949098121	7.538040408840709	0.0	0.8203929676120731	0.42109120818796825	0.2149308084486526	transfo-xl-wt103	__ALL__	euclidean	head	0,2,5	global_pooled	lexeme_prefixed
13730	516	7.696256620432563	359	1	0.17635658914728683	0.2751937984496124	0.0	0	-0.36310884307441393	-0.34423292668871147	-0.31841919093471577	7.8545284317546145	7.777515374258346	0.0	0.9261142580145394	0.9970642071845288	0.2834668608885652	transfo-xl-wt103	__ALL__	cosine	head	0,2,6	global_pooled	lexeme_prefixed
13730	516	7.696256620432563	359	1	0.17635658914728683	0.2751937984496124	0.0	0	-0.30196910230741447	-0.2742966197426237	-0.26232109703839285	7.8545284317546145	7.777515374258346	7.137156133266e-09	0.8187480127520114	0.41875902881898175	0.2182083029861617	transfo-xl-wt103	__ALL__	euclidean	head	0,2,6	global_pooled	lexeme_prefixed
13730	516	7.696256620432563	359	1	0.17635658914728683	0.2751937984496124	0.0	0	-0.3601122880946666	-0.3389552634392636	-0.31360752678788706	8.081416192509124	7.4336071495307605	1.1202214909464022e-16	0.9279240920313362	0.9969443897862108	0.2786598689002185	transfo-xl-wt103	__ALL__	cosine	head	0,2,7	global_pooled	lexeme_prefixed
13730	516	7.696256620432563	359	1	0.17635658914728683	0.2751937984496124	0.0	0	-0.3012382844776737	-0.2749073058037262	-0.2610994480395715	8.081416192509124	7.4336071495307605	0.0	0.8258033918876012	0.40921084357740684	0.21653313911143482	transfo-xl-wt103	__ALL__	euclidean	head	0,2,7	global_pooled	lexeme_prefixed
13730	516	7.696256620432563	359	1	0.17635658914728683	0.2751937984496124	0.0	0	-0.36662497087270834	-0.3498985514627396	-0.32189063695611836	8.055418895940358	7.725616354809566	0.0	0.9261998971041858	0.99802323515702	0.2789512017479971	transfo-xl-wt103	__ALL__	cosine	head	0,2,8	global_pooled	lexeme_prefixed
13730	516	7.696256620432563	359	1	0.17635658914728683	0.2751937984496124	0.0	0	-0.3033176575201825	-0.27660766408823434	-0.26136834265714093	8.055418895940358	7.725616354809566	5.247349017194312e-09	0.8178786061225222	0.4149644794856793	0.21660597232337947	transfo-xl-wt103	__ALL__	euclidean	head	0,2,8	global_pooled	lexeme_prefixed
13730	516	7.696256620432563	359	1	0.17635658914728683	0.2751937984496124	0.0	0	-0.3589666452996108	-0.34308280782838585	-0.3150742339771781	7.727075822130521	7.684770194548125	0.0	0.9279498371005955	0.9979857631727367	0.27574654042243263	transfo-xl-wt103	__ALL__	cosine	head	0,2,9	global_pooled	lexeme_prefixed
13730	516	7.696256620432563	359	1	0.17635658914728683	0.2751937984496124	0.0	0	-0.3016058494262542	-0.27544725931002323	-0.2626759237771972	7.727075822130521	7.684770194548125	0.0	0.8148190629843669	0.42890581533816335	0.21660597232337947	transfo-xl-wt103	__ALL__	euclidean	head	0,2,9	global_pooled	lexeme_prefixed
13730	516	7.696256620432563	359	1	0.17635658914728683	0.2751937984496124	0.0	0	-0.36733837204825986	-0.34772535401968696	-0.3179886706621326	8.008049555959293	7.939879170064789	1.1197878539482734e-16	0.9254809139219388	0.997000808461664	0.28798252002913327	transfo-xl-wt103	__ALL__	cosine	head	0,2,10	global_pooled	lexeme_prefixed
13730	516	7.696256620432563	359	1	0.17635658914728683	0.2751937984496124	0.0	0	-0.30140360682463674	-0.27416027837224366	-0.2601091173949369	8.008049555959293	7.939879170064789	4.943840502772841e-09	0.819815521952838	0.42714471874655113	0.21849963583394028	transfo-xl-wt103	__ALL__	euclidean	head	0,2,10	global_pooled	lexeme_prefixed
13730	516	7.696256620432563	359	1	0.17635658914728683	0.2751937984496124	0.0	0	-0.3658851035789576	-0.34601433388835334	-0.32168252648142553	7.850360455175519	7.940318484546718	0.0	0.926640368617733	0.9975827250389905	0.2790968681718864	transfo-xl-wt103	__ALL__	cosine	head	0,2,11	global_pooled	lexeme_prefixed
13730	516	7.696256620432563	359	1	0.17635658914728683	0.2751937984496124	0.0	0	-0.3003062920182197	-0.2740039438751328	-0.2590532794196755	7.850360455175519	7.940318484546718	9.759942194313424e-09	0.8117939117211908	0.42581583230002823	0.2131099781500364	transfo-xl-wt103	__ALL__	euclidean	head	0,2,11	global_pooled	lexeme_prefixed
13730	516	7.696256620432563	359	1	0.17635658914728683	0.2751937984496124	0.0	0	-0.3641052428988912	-0.34621370438531335	-0.3224454320739005	7.775679889547884	7.395889937651188	0.0	0.9282673320138723	0.9983221992727335	0.2699198834668609	transfo-xl-wt103	__ALL__	cosine	head	0,3,4	global_pooled	lexeme_prefixed
13730	516	7.696256620432563	359	1	0.17635658914728683	0.2751937984496124	0.0	0	-0.30577185471045826	-0.27953409694988884	-0.26634497327072437	7.775679889547884	7.395889937651188	0.0	0.8228877287947873	0.4047076907052401	0.21405680990531684	transfo-xl-wt103	__ALL__	euclidean	head	0,3,4	global_pooled	lexeme_prefixed
13730	516	7.696256620432563	359	1	0.17635658914728683	0.2751937984496124	0.0	0	-0.3654653490828362	-0.34912227241373756	-0.3235753643961646	7.646339448039078	7.543244652971669	1.6818276957955932e-16	0.9274901237468312	0.996690606624561	0.2733430444282593	transfo-xl-wt103	__ALL__	cosine	head	0,3,5	global_pooled	lexeme_prefixed
13730	516	7.696256620432563	359	1	0.17635658914728683	0.2751937984496124	0.0	0	-0.3034046694747142	-0.2751763276428138	-0.26204404972184286	7.646339448039078	7.543244652971669	0.0	0.8178527923561806	0.4093111383741535	0.21704297159504735	transfo-xl-wt103	__ALL__	euclidean	head	0,3,5	global_pooled	lexeme_prefixed
13730	516	7.696256620432563	359	1	0.17635658914728683	0.2751937984496124	0.0	0	-0.3583617510115673	-0.34171822065081214	-0.3159916218072858	7.67376000567027	7.506113448155527	0.0	0.9292903850411472	0.9967362649090706	0.2775673707210488	transfo-xl-wt103	__ALL__	cosine	head	0,3,6	global_pooled	lexeme_prefixed
13730	516	7.696256620432563	359	1	0.17635658914728683	0.2751937984496124	0.0	0	-0.30439131053254137	-0.27792467318526276	-0.26278972975724907	7.67376000567027	7.506113448155527	0.0	0.8207100675444738	0.4008265349482122	0.21733430444282592	transfo-xl-wt103	__ALL__	euclidean	head	0,3,6	global_pooled	lexeme_prefixed
13730	516	7.696256620432563	359	1	0.17635658914728683	0.2751937984496124	0.0	0	-0.3571268013223941	-0.34008127707559865	-0.31555645631713697	7.827142471608511	7.296813652854348	1.1197807033456077e-16	0.9296284729263894	0.9974252307311594	0.27822286962855064	transfo-xl-wt103	__ALL__	cosine	head	0,3,7	global_pooled	lexeme_prefixed
13730	516	7.696256620432563	359	1	0.17635658914728683	0.2751937984496124	0.0	0	-0.302293373670053	-0.2750549739352549	-0.26291915314697045	7.827142471608511	7.296813652854348	0.0	0.8270610555857861	0.39387120331859166	0.21849963583394028	transfo-xl-wt103	__ALL__	euclidean	head	0,3,7	global_pooled	lexeme_prefixed
13730	516	7.696256620432563	359	1	0.17635658914728683	0.2751937984496124	0.0	0	-0.3585322866629129	-0.3395728576913776	-0.31523561426953434	7.737161884014306	7.610410119326289	1.6789175859490544e-16	0.9281636205941064	0.9977844408903226	0.2730517115804807	transfo-xl-wt103	__ALL__	cosine	head	0,3,8	global_pooled	lexeme_prefixed
13730	516	7.696256620432563	359	1	0.17635658914728683	0.2751937984496124	0.0	0	-0.30267470117884643	-0.2751672532057072	-0.2609736565866237	7.737161884014306	7.610410119326289	8.391992409627324e-09	0.8213760611180059	0.3944714023612694	0.2210487982520029	transfo-xl-wt103	__ALL__	euclidean	head	0,3,8	global_pooled	lexeme_prefixed
13730	516	7.696256620432563	359	1	0.17635658914728683	0.2751937984496124	0.0	0	-0.3587072707459256	-0.3407600667671288	-0.3172801177299149	7.6653351381954895	7.417109771575153	0.0	0.930374681506757	0.9973417223554534	0.27239621267297887	transfo-xl-wt103	__ALL__	cosine	head	0,3,9	global_pooled	lexeme_prefixed
13730	516	7.696256620432563	359	1	0.17635658914728683	0.2751937984496124	0.0	0	-0.30348537141357207	-0.2773837632565851	-0.26257048728700283	7.6653351381954895	7.417109771575153	0.0	0.8219505701536722	0.41201388349357554	0.21747997086671522	transfo-xl-wt103	__ALL__	euclidean	head	0,3,9	global_pooled	lexeme_prefixed
13730	516	7.696256620432563	359	1	0.17635658914728683	0.2751937984496124	0.0	0	-0.3631692366624419	-0.3431624377187238	-0.31903665361717043	7.8770982077430585	8.265007380858705	1.11955072067085e-16	0.9270285566087026	0.9970023794031777	0.2767662053896577	transfo-xl-wt103	__ALL__	cosine	head	0,3,10	global_pooled	lexeme_prefixed
13730	516	7.696256620432563	359	1	0.17635658914728683	0.2751937984496124	0.0	0	-0.3038134744154754	-0.2762450856265064	-0.2625066149177939	7.8770982077430585	8.265007380858705	0.0	0.8144583599801987	0.4165835755897763	0.21638747268754552	transfo-xl-wt103	__ALL__	euclidean	head	0,3,10	global_pooled	lexeme_prefixed
13730	516	7.696256620432563	359	1	0.17635658914728683	0.2751937984496124	0.0	0	-0.36388766707925035	-0.3450676733158186	-0.3189003415262122	7.6130197787307505	7.888851308967363	0.0	0.9279824210753994	0.9977871570794417	0.2716678805535324	transfo-xl-wt103	__ALL__	cosine	head	0,3,11	global_pooled	lexeme_prefixed
13730	516	7.696256620432563	359	1	0.17635658914728683	0.2751937984496124	0.0	0	-0.3041761094868953	-0.2756280092879642	-0.2633408599162265	7.6130197787307505	7.888851308967363	6.344416147345194e-09	0.8126797422349819	0.4087964333309749	0.21551347414420977	transfo-xl-wt103	__ALL__	euclidean	head	0,3,11	global_pooled	lexeme_prefixed
13730	516	7.696256620432563	359	1	0.17635658914728683	0.2751937984496124	0.0	0	-0.3687932836668611	-0.3526157854996242	-0.3249745568718871	7.94074581418664	7.556318165060031	5.598433579863316e-17	0.925089790105401	0.9976660903220194	0.27261471230881285	transfo-xl-wt103	__ALL__	cosine	head	0,4,5	global_pooled	lexeme_prefixed
13730	516	7.696256620432563	359	1	0.17635658914728683	0.2751937984496124	0.0	0	-0.30436047346982864	-0.27836259013158565	-0.26330751288415855	7.94074581418664	7.556318165060031	0.0	0.8175172743219339	0.4100290407854871	0.21281864530225783	transfo-xl-wt103	__ALL__	euclidean	head	0,4,5	global_pooled	lexeme_prefixed
13730	516	7.696256620432563	359	1	0.17635658914728683	0.2751937984496124	0.0	0	-0.36576264244079093	-0.34590252422651135	-0.3223956854395174	7.7051161086295785	7.809883084890747	5.600757868578364e-17	0.9255216083339967	0.9976798246803966	0.2770575382374363	transfo-xl-wt103	__ALL__	cosine	head	0,4,6	global_pooled	lexeme_prefixed
13730	516	7.696256620432563	359	1	0.17635658914728683	0.2751937984496124	0.0	0	-0.3064084718503959	-0.27809548368854764	-0.26538607158179206	7.7051161086295785	7.809883084890747	5.384237727937871e-09	0.815683634642642	0.4129413177134603	0.21289147851420248	transfo-xl-wt103	__ALL__	euclidean	head	0,4,6	global_pooled	lexeme_prefixed
13730	516	7.696256620432563	359	1	0.17635658914728683	0.2751937984496124	0.0	0	-0.3603836299526593	-0.3477024258486897	-0.31744948390783434	7.792284077931418	7.208374752420044	0.0	0.9271697158168393	0.9983615664734004	0.27997086671522214	transfo-xl-wt103	__ALL__	cosine	head	0,4,7	global_pooled	lexeme_prefixed
13730	516	7.696256620432563	359	1	0.17635658914728683	0.2751937984496124	0.0	0	-0.3041113934406887	-0.2769194277724874	-0.2637938374124292	7.792284077931418	7.208374752420044	9.305572648738522e-09	0.8236938640629372	0.3990853124786765	0.2188638018936635	transfo-xl-wt103	__ALL__	euclidean	head	0,4,7	global_pooled	lexeme_prefixed
13730	516	7.696256620432563	359	1	0.17635658914728683	0.2751937984496124	0.0	0	-0.36595252715856286	-0.3476333742081198	-0.3214397872387782	7.947154602046639	7.698227492454472	5.586165182945512e-17	0.9254260629282948	0.9988329740374156	0.2763292061179898	transfo-xl-wt103	__ALL__	cosine	head	0,4,8	global_pooled	lexeme_prefixed
13730	516	7.696256620432563	359	1	0.17635658914728683	0.2751937984496124	0.0	0	-0.3044891203118745	-0.2778754703534439	-0.26309749012333533	7.947154602046639	7.698227492454472	5.497019839170229e-09	0.8181036944981337	0.4037574201779634	0.22002913328477786	transfo-xl-wt103	__ALL__	euclidean	head	0,4,8	global_pooled	lexeme_prefixed
13730	516	7.696256620432563	359	1	0.17635658914728683	0.2751937984496124	0.0	0	-0.361924404763447	-0.3430938474741234	-0.31852271374939733	7.696982092029855	7.253140354603628	1.6841697935231545e-16	0.9283452559344004	0.9986914351816291	0.2713765477057538	transfo-xl-wt103	__ALL__	cosine	head	0,4,9	global_pooled	lexeme_prefixed
13730	516	7.696256620432563	359	1	0.17635658914728683	0.2751937984496124	0.0	0	-0.3034117375688361	-0.27817063068576775	-0.2631817098980973	7.696982092029855	7.253140354603628	0.0	0.8167790792595828	0.4153899715014324	0.21544064093226512	transfo-xl-wt103	__ALL__	euclidean	head	0,4,9	global_pooled	lexeme_prefixed
13730	516	7.696256620432563	359	1	0.17635658914728683	0.2751937984496124	0.0	0	-0.3672693399280983	-0.3495727389438604	-0.32235586809441913	7.947346166945373	7.855789441429378	0.0	0.9244903681594446	0.9975519014994925	0.27392571012381645	transfo-xl-wt103	__ALL__	cosine	head	0,4,10	global_pooled	lexeme_prefixed
13730	516	7.696256620432563	359	1	0.17635658914728683	0.2751937984496124	0.0	0	-0.30570020066458553	-0.2781981763339666	-0.26287211686533396	7.947346166945373	7.855789441429378	5.417318588471157e-09	0.816627955728299	0.417230202177124	0.21522214129643116	transfo-xl-wt103	__ALL__	euclidean	head	0,4,10	global_pooled	lexeme_prefixed
13730	516	7.696256620432563	359	1	0.17635658914728683	0.2751937984496124	0.0	0	-0.36714192226363984	-0.3503704114830632	-0.32271853063917727	7.989229035231537	7.429651513552088	0.0	0.9271117036939496	0.9981395162957597	0.2753095411507647	transfo-xl-wt103	__ALL__	cosine	head	0,4,11	global_pooled	lexeme_prefixed
13730	516	7.696256620432563	359	1	0.17635658914728683	0.2751937984496124	0.0	0	-0.3050319565217349	-0.27765597574419887	-0.2645694761792305	7.989229035231537	7.429651513552088	0.0	0.8200663948567696	0.40868308465000075	0.21871813546977423	transfo-xl-wt103	__ALL__	euclidean	head	0,4,11	global_pooled	lexeme_prefixed
13730	516	7.696256620432563	359	1	0.17635658914728683	0.2751937984496124	0.0	0	-0.3621732829713878	-0.34810039564261425	-0.32168404873397044	7.61897418204742	7.715918734066092	5.600928313653638e-17	0.9254789555065583	0.9966255864822682	0.27829570284049526	transfo-xl-wt103	__ALL__	cosine	head	0,5,6	global_pooled	lexeme_prefixed
13730	516	7.696256620432563	359	1	0.17635658914728683	0.2751937984496124	0.0	0	-0.29926079124179006	-0.27408076109277296	-0.2592165191241953	7.61897418204742	7.715918734066092	1.0697811875378973e-08	0.8149579256091758	0.4081086512704907	0.2177713037144938	transfo-xl-wt103	__ALL__	euclidean	head	0,5,6	global_pooled	lexeme_prefixed
13730	516	7.696256620432563	359	1	0.17635658914728683	0.2751937984496124	0.0	0	-0.3636905175912511	-0.34451867274010434	-0.3200104177131073	7.7968258581433085	7.4845672742158005	5.606269556891553e-17	0.9264076504915814	0.997143729070253	0.27764020393299343	transfo-xl-wt103	__ALL__	cosine	head	0,5,7	global_pooled	lexeme_prefixed
13730	516	7.696256620432563	359	1	0.17635658914728683	0.2751937984496124	0.0	0	-0.3017898435944797	-0.27587554079979615	-0.26013376162574736	7.7968258581433085	7.4845672742158005	8.343258569301573e-09	0.8213159096483411	0.4048344188492796	0.2190094683175528	transfo-xl-wt103	__ALL__	euclidean	head	0,5,7	global_pooled	lexeme_prefixed
13730	516	7.696256620432563	359	1	0.17635658914728683	0.2751937984496124	0.0	0	-0.36919488749563806	-0.3532678322715591	-0.3224029939125993	7.799721705089355	7.999162956766929	0.0	0.9243876183151591	0.9977990102123067	0.2736343772760379	transfo-xl-wt103	__ALL__	cosine	head	0,5,8	global_pooled	lexeme_prefixed
13730	516	7.696256620432563	359	1	0.17635658914728683	0.2751937984496124	0.0	0	-0.30150294863361415	-0.27512525122703835	-0.2616334346906489	7.799721705089355	7.999162956766929	0.0	0.813981530266289	0.4093328886482238	0.2135469774217043	transfo-xl-wt103	__ALL__	euclidean	head	0,5,8	global_pooled	lexeme_prefixed
13730	516	7.696256620432563	359	1	0.17635658914728683	0.2751937984496124	0.0	0	-0.3684793838038782	-0.3536670226271425	-0.32505313665507646	7.838012548932248	7.254996533634206	5.600915468858085e-17	0.9286937994464171	0.9971159642488857	0.27254187909686817	transfo-xl-wt103	__ALL__	cosine	head	0,5,9	global_pooled	lexeme_prefixed
13730	516	7.696256620432563	359	1	0.17635658914728683	0.2751937984496124	0.0	0	-0.3030746629640165	-0.27662364842403037	-0.26171022238590463	7.838012548932248	7.254996533634206	1.0923110596891455e-08	0.8191791114721978	0.4215683706534348	0.21551347414420977	transfo-xl-wt103	__ALL__	euclidean	head	0,5,9	global_pooled	lexeme_prefixed
13730	516	7.696256620432563	359	1	0.17635658914728683	0.2751937984496124	0.0	0	-0.3741278134098779	-0.35577793443815564	-0.32842976852952016	7.9207848572889095	8.026892165972804	1.119001982130938e-16	0.9243711634383639	0.9970976067523543	0.28011653313911145	transfo-xl-wt103	__ALL__	cosine	head	0,5,10	global_pooled	lexeme_prefixed
13730	516	7.696256620432563	359	1	0.17635658914728683	0.2751937984496124	0.0	0	-0.3030094875329085	-0.27587853671603163	-0.2629201238671417	7.9207848572889095	8.026892165972804	0.0	0.8116521843944904	0.4244410000892508	0.21296431172614713	transfo-xl-wt103	__ALL__	euclidean	head	0,5,10	global_pooled	lexeme_prefixed
13730	516	7.696256620432563	359	1	0.17635658914728683	0.2751937984496124	0.0	0	-0.37029529848153714	-0.35193992063899243	-0.32279724632001044	7.729307192583544	7.551297844266158	5.620725098279836e-17	0.9264809492314129	0.9977738345248964	0.2737072104879825	transfo-xl-wt103	__ALL__	cosine	head	0,5,11	global_pooled	lexeme_prefixed
13730	516	7.696256620432563	359	1	0.17635658914728683	0.2751937984496124	0.0	0	-0.3040836045513472	-0.27692670938763325	-0.26113878109452243	7.729307192583544	7.551297844266158	6.320347933304941e-09	0.8146299894224004	0.41525763223337303	0.2160233066278223	transfo-xl-wt103	__ALL__	euclidean	head	0,5,11	global_pooled	lexeme_prefixed
13730	516	7.696256620432563	359	1	0.17635658914728683	0.2751937984496124	0.0	0	-0.35616414375690764	-0.3392979701889566	-0.3119502010771203	7.720850082282175	7.490526074456165	0.0	0.9280056913566946	0.9979929536507348	0.28230152949745085	transfo-xl-wt103	__ALL__	cosine	head	0,6,7	global_pooled	lexeme_prefixed
13730	516	7.696256620432563	359	1	0.17635658914728683	0.2751937984496124	0.0	0	-0.30150722975883687	-0.27499441504293703	-0.2606673846991805	7.720850082282175	7.490526074456165	0.0	0.8202327831542995	0.3968311651632848	0.2213401310997815	transfo-xl-wt103	__ALL__	euclidean	head	0,6,7	global_pooled	lexeme_prefixed
13730	516	7.696256620432563	359	1	0.17635658914728683	0.2751937984496124	0.0	0	-0.35903624254192157	-0.34170412833370506	-0.313016049575995	7.699117641939024	7.788204966447136	1.6789465152817985e-16	0.926165767280049	0.9983115131142777	0.28011653313911145	transfo-xl-wt103	__ALL__	cosine	head	0,6,8	global_pooled	lexeme_prefixed
13730	516	7.696256620432563	359	1	0.17635658914728683	0.2751937984496124	0.0	0	-0.30246844461319206	-0.27556002768172166	-0.26255530164959245	7.699117641939024	7.788204966447136	0.0	0.8108868651039159	0.3987399240655893	0.22075746540422433	transfo-xl-wt103	__ALL__	euclidean	head	0,6,8	global_pooled	lexeme_prefixed
13730	516	7.696256620432563	359	1	0.17635658914728683	0.2751937984496124	0.0	0	-0.3498906416138559	-0.3346126369975914	-0.3087019426873475	7.660155880935771	7.525357865227278	0.0	0.9288573133939814	0.9979231562332108	0.27822286962855064	transfo-xl-wt103	__ALL__	cosine	head	0,6,9	global_pooled	lexeme_prefixed
13730	516	7.696256620432563	359	1	0.17635658914728683	0.2751937984496124	0.0	0	-0.29937673971277834	-0.27336618947307884	-0.2605544113517286	7.660155880935771	7.525357865227278	5.402216225612307e-09	0.8171115603461244	0.4098318244569285	0.21813546977421705	transfo-xl-wt103	__ALL__	euclidean	head	0,6,9	global_pooled	lexeme_prefixed
13730	516	7.696256620432563	359	1	0.17635658914728683	0.2751937984496124	0.0	0	-0.36717163478526993	-0.34929332446585326	-0.32073017684531846	7.827646415126342	8.422524541084226	2.7918251983646536e-16	0.9240267769797319	0.9969525883583925	0.28419519300801166	transfo-xl-wt103	__ALL__	cosine	head	0,6,10	global_pooled	lexeme_prefixed
13730	516	7.696256620432563	359	1	0.17635658914728683	0.2751937984496124	0.0	0	-0.303689580319504	-0.2768564091325133	-0.2629823467382452	7.827646415126342	8.422524541084226	5.523815948583965e-09	0.8119714745446068	0.42194439174969645	0.21944646758922068	transfo-xl-wt103	__ALL__	euclidean	head	0,6,10	global_pooled	lexeme_prefixed
13730	516	7.696256620432563	359	1	0.17635658914728683	0.2751937984496124	0.0	0	-0.3663660204142671	-0.34558193278610955	-0.32036497903666533	7.7502079025912325	7.760066924686699	0.0	0.9276670875530413	0.9975976143271263	0.27800436999271666	transfo-xl-wt103	__ALL__	cosine	head	0,6,11	global_pooled	lexeme_prefixed
13730	516	7.696256620432563	359	1	0.17635658914728683	0.2751937984496124	0.0	0	-0.3038874905620899	-0.27654556664472935	-0.2632124711864502	7.7502079025912325	7.760066924686699	0.0	0.8140218446269899	0.4107472033004087	0.22141296431172613	transfo-xl-wt103	__ALL__	euclidean	head	0,6,11	global_pooled	lexeme_prefixed
13730	516	7.696256620432563	359	1	0.17635658914728683	0.2751937984496124	0.0	0	-0.3595864482309439	-0.34411747113135194	-0.31693456480148785	8.033976319696293	7.679641850773643	0.0	0.9266523747662231	0.9983007516066366	0.2786598689002185	transfo-xl-wt103	__ALL__	cosine	head	0,7,8	global_pooled	lexeme_prefixed
13730	516	7.696256620432563	359	1	0.17635658914728683	0.2751937984496124	0.0	0	-0.3015482665101285	-0.27493713910379414	-0.2595714206748461	8.033976319696293	7.679641850773643	8.327505952171151e-09	0.8186351444616363	0.3919324735516186	0.21726147123088127	transfo-xl-wt103	__ALL__	euclidean	head	0,7,8	global_pooled	lexeme_prefixed
13730	516	7.696256620432563	359	1	0.17635658914728683	0.2751937984496124	0.0	0	-0.3552194068449918	-0.3386297482834086	-0.31172611160695984	7.680683157296665	7.54614729336468	0.0	0.9285375596923259	0.9978495923720454	0.27807720320466134	transfo-xl-wt103	__ALL__	cosine	head	0,7,9	global_pooled	lexeme_prefixed
13730	516	7.696256620432563	359	1	0.17635658914728683	0.2751937984496124	0.0	0	-0.29966398408901324	-0.2740246879197162	-0.25994272359206666	7.680683157296665	7.54614729336468	0.0	0.8175025322115739	0.4094383200943466	0.2209031318281136	transfo-xl-wt103	__ALL__	euclidean	head	0,7,9	global_pooled	lexeme_prefixed
13730	516	7.696256620432563	359	1	0.17635658914728683	0.2751937984496124	0.0	0	-0.36136257530467725	-0.3426189663017534	-0.31666069096873267	7.888000437936214	7.7121632119827375	0.0	0.9263759827026852	0.9972576119807818	0.28324836125273123	transfo-xl-wt103	__ALL__	cosine	head	0,7,10	global_pooled	lexeme_prefixed
13730	516	7.696256620432563	359	1	0.17635658914728683	0.2751937984496124	0.0	0	-0.30181436356591484	-0.2744504238215185	-0.2607046516897092	7.888000437936214	7.7121632119827375	3.8261286650853725e-09	0.8229532140433017	0.40231780175411663	0.2213401310997815	transfo-xl-wt103	__ALL__	euclidean	head	0,7,10	global_pooled	lexeme_prefixed
13730	516	7.696256620432563	359	1	0.17635658914728683	0.2751937984496124	0.0	0	-0.3640328853609716	-0.341980066514028	-0.31623697787800986	7.765614378618713	7.752307114160524	0.0	0.9273791454271371	0.9981194945759432	0.2753823743627094	transfo-xl-wt103	__ALL__	cosine	head	0,7,11	global_pooled	lexeme_prefixed
13730	516	7.696256620432563	359	1	0.17635658914728683	0.2751937984496124	0.0	0	-0.3031396432084294	-0.27498798823087944	-0.2621156273512365	7.765614378618713	7.752307114160524	0.0	0.8188169389061057	0.4041162932549112	0.21755280407865987	transfo-xl-wt103	__ALL__	euclidean	head	0,7,11	global_pooled	lexeme_prefixed
13730	516	7.696256620432563	359	1	0.17635658914728683	0.2751937984496124	0.0	0	-0.36225892708720725	-0.3452081821723986	-0.31705832078092344	7.733117976015814	7.636900096337377	0.0	0.9265492383631811	0.9987265674868101	0.27436270939548435	transfo-xl-wt103	__ALL__	cosine	head	0,8,9	global_pooled	lexeme_prefixed
13730	516	7.696256620432563	359	1	0.17635658914728683	0.2751937984496124	0.0	0	-0.3022569990740161	-0.27591421965934454	-0.25935028877855937	7.733117976015814	7.636900096337377	0.0	0.8132292510884478	0.4136616835213838	0.2182083029861617	transfo-xl-wt103	__ALL__	euclidean	head	0,8,9	global_pooled	lexeme_prefixed
13730	516	7.696256620432563	359	1	0.17635658914728683	0.2751937984496124	0.0	0	-0.36566047926359807	-0.34657469471461705	-0.3201172866897548	7.887464661599431	8.375679118748003	0.0	0.924098672585207	0.9977301311785042	0.2806991988346686	transfo-xl-wt103	__ALL__	cosine	head	0,8,10	global_pooled	lexeme_prefixed
13730	516	7.696256620432563	359	1	0.17635658914728683	0.2751937984496124	0.0	0	-0.3018020902723649	-0.2751041911152955	-0.26062089801727933	7.887464661599431	8.375679118748003	7.934028436586328e-09	0.8095582559756003	0.41342829918021606	0.22469045884923525	transfo-xl-wt103	__ALL__	euclidean	head	0,8,10	global_pooled	lexeme_prefixed
13730	516	7.696256620432563	359	1	0.17635658914728683	0.2751937984496124	0.0	0	-0.3642587196134499	-0.34545162073710756	-0.3191803053195941	7.675074958141804	7.898649930974399	0.0	0.9257142197113337	0.99833246376131	0.2755280407865987	transfo-xl-wt103	__ALL__	cosine	head	0,8,11	global_pooled	lexeme_prefixed
13730	516	7.696256620432563	359	1	0.17635658914728683	0.2751937984496124	0.0	0	-0.3012747870454704	-0.27490321320734457	-0.25900873533706126	7.675074958141804	7.898649930974399	0.0	0.8092864510413252	0.40804581793592654	0.2188638018936635	transfo-xl-wt103	__ALL__	euclidean	head	0,8,11	global_pooled	lexeme_prefixed
13730	516	7.696256620432563	359	1	0.17635658914728683	0.2751937984496124	0.0	0	-0.36866623381204877	-0.35240172665698205	-0.3230818878771227	7.964158929390999	7.852555122600838	0.0	0.9262956990537153	0.9973339060315574	0.27953386744355424	transfo-xl-wt103	__ALL__	cosine	head	0,9,10	global_pooled	lexeme_prefixed
13730	516	7.696256620432563	359	1	0.17635658914728683	0.2751937984496124	0.0	0	-0.3033504307449899	-0.2768762088998722	-0.2631211971950776	7.964158929390999	7.852555122600838	0.0	0.8187293830560836	0.4233841574406017	0.21558630735615442	transfo-xl-wt103	__ALL__	euclidean	head	0,9,10	global_pooled	lexeme_prefixed
13730	516	7.696256620432563	359	1	0.17635658914728683	0.2751937984496124	0.0	0	-0.3623936561224884	-0.34607997344607205	-0.31717583628231716	7.554821377793476	7.6530225653678965	0.0	0.9276814719627677	0.9984673119672451	0.27589220684632193	transfo-xl-wt103	__ALL__	cosine	head	0,9,11	global_pooled	lexeme_prefixed
13730	516	7.696256620432563	359	1	0.17635658914728683	0.2751937984496124	0.0	0	-0.302717184747812	-0.27448061803856966	-0.2616637379335704	7.554821377793476	7.6530225653678965	0.0	0.8096876751332548	0.41948879625255564	0.21646030589949017	transfo-xl-wt103	__ALL__	euclidean	head	0,9,11	global_pooled	lexeme_prefixed
13730	516	7.696256620432563	359	1	0.17635658914728683	0.2751937984496124	0.0	0	-0.37014298448273725	-0.34933402087807897	-0.322973403353668	7.956734231691926	8.055322750143308	0.0	0.9269038807259379	0.9966455136665259	0.2789512017479971	transfo-xl-wt103	__ALL__	cosine	head	0,10,11	global_pooled	lexeme_prefixed
13730	516	7.696256620432563	359	1	0.17635658914728683	0.2751937984496124	0.0	0	-0.30467604091808137	-0.27711517723007895	-0.26225600352996803	7.956734231691926	8.055322750143308	5.722335047638899e-09	0.8145154133331018	0.42403126937837177	0.2221412964311726	transfo-xl-wt103	__ALL__	euclidean	head	0,10,11	global_pooled	lexeme_prefixed
13730	516	7.696256620432563	359	1	0.17635658914728683	0.2751937984496124	0.0	0	-0.3603071737390849	-0.3420104484593361	-0.31611693593056134	7.979956048285196	7.440304075295262	5.62591517304014e-17	0.9277754892556759	0.9961738300345443	0.2715222141296431	transfo-xl-wt103	__ALL__	cosine	head	1,2,3	global_pooled	lexeme_prefixed
13730	516	7.696256620432563	359	1	0.17635658914728683	0.2751937984496124	0.0	0	-0.3023418915013299	-0.27541619548995244	-0.2611688131073896	7.979956048285196	7.440304075295262	0.0	0.8203367165408992	0.40763690221617377	0.21544064093226512	transfo-xl-wt103	__ALL__	euclidean	head	1,2,3	global_pooled	lexeme_prefixed
13730	516	7.696256620432563	359	1	0.17635658914728683	0.2751937984496124	0.0	0	-0.36274158393075295	-0.34568474876683997	-0.32067301347578414	7.900293623964294	7.6689313228969045	0.0	0.9262601749559093	0.9961440858941149	0.27785870356882736	transfo-xl-wt103	__ALL__	cosine	head	1,2,4	global_pooled	lexeme_prefixed
13730	516	7.696256620432563	359	1	0.17635658914728683	0.2751937984496124	0.0	0	-0.303743644807353	-0.2769230178976486	-0.26280913276867723	7.900293623964294	7.6689313228969045	5.535673881211057e-09	0.8180989565206999	0.4171750781197164	0.2112163146394756	transfo-xl-wt103	__ALL__	euclidean	head	1,2,4	global_pooled	lexeme_prefixed
13730	516	7.696256620432563	359	1	0.17635658914728683	0.2751937984496124	0.0	0	-0.35966196267603295	-0.3448224200055829	-0.3195010789413717	7.917630081469461	7.550683871254937	2.801864684412443e-16	0.9274536247224854	0.9969084310983476	0.27982520029133284	transfo-xl-wt103	__ALL__	cosine	head	1,2,5	global_pooled	lexeme_prefixed
13730	516	7.696256620432563	359	1	0.17635658914728683	0.2751937984496124	0.0	0	-0.30108473632253663	-0.27499881583436286	-0.2605924144825594	7.917630081469461	7.550683871254937	1.0372875526255721e-08	0.8177401530963953	0.41373425912230344	0.21769847050254917	transfo-xl-wt103	__ALL__	euclidean	head	1,2,5	global_pooled	lexeme_prefixed
13730	516	7.696256620432563	359	1	0.17635658914728683	0.2751937984496124	0.0	0	-0.36213620114546496	-0.34299479421682416	-0.3177938483781572	7.862609481929504	7.481857100877934	0.0	0.926055434246334	0.9960860232581618	0.2886380189366351	transfo-xl-wt103	__ALL__	cosine	head	1,2,6	global_pooled	lexeme_prefixed
13730	516	7.696256620432563	359	1	0.17635658914728683	0.2751937984496124	0.0	0	-0.30018044624197265	-0.273874888275273	-0.2606606843251134	7.862609481929504	7.481857100877934	5.30847986295669e-09	0.8203330981874903	0.40833529814847236	0.2182083029861617	transfo-xl-wt103	__ALL__	euclidean	head	1,2,6	global_pooled	lexeme_prefixed
13730	516	7.696256620432563	359	1	0.17635658914728683	0.2751937984496124	0.0	0	-0.3582243118464558	-0.3397900196634639	-0.3161943182599985	8.009620799980262	7.4435349034668326	0.0	0.9276863320041008	0.9952387942550941	0.2783685360524399	transfo-xl-wt103	__ALL__	cosine	head	1,2,7	global_pooled	lexeme_prefixed
13730	516	7.696256620432563	359	1	0.17635658914728683	0.2751937984496124	0.0	0	-0.30098958767091955	-0.27434747251710523	-0.2618258302876891	8.009620799980262	7.4435349034668326	0.0	0.8226948962090903	0.40494875588610124	0.21595047341587764	transfo-xl-wt103	__ALL__	euclidean	head	1,2,7	global_pooled	lexeme_prefixed
13730	516	7.696256620432563	359	1	0.17635658914728683	0.2751937984496124	0.0	0	-0.36210207389609456	-0.3437720512734995	-0.3168014407001907	8.058023128718313	7.572304078971441	5.612098617770312e-17	0.9276646969681668	0.9968280298745413	0.2811361981063365	transfo-xl-wt103	__ALL__	cosine	head	1,2,8	global_pooled	lexeme_prefixed
13730	516	7.696256620432563	359	1	0.17635658914728683	0.2751937984496124	0.0	0	-0.30322079857966144	-0.2758871348458203	-0.2613821246987223	8.058023128718313	7.572304078971441	5.34600648321205e-09	0.818577315804097	0.4091740925780765	0.21842680262199562	transfo-xl-wt103	__ALL__	euclidean	head	1,2,8	global_pooled	lexeme_prefixed
13730	516	7.696256620432563	359	1	0.17635658914728683	0.2751937984496124	0.0	0	-0.35546186378550426	-0.3368468828091376	-0.31147686458555807	7.736148350360123	7.454870089279198	5.615843618986226e-17	0.928601022808399	0.9968585955846488	0.2750182083029862	transfo-xl-wt103	__ALL__	cosine	head	1,2,9	global_pooled	lexeme_prefixed
13730	516	7.696256620432563	359	1	0.17635658914728683	0.2751937984496124	0.0	0	-0.3026079659137135	-0.2768689199461468	-0.26272077056671445	7.736148350360123	7.454870089279198	0.0	0.8176112849899553	0.41356453004441246	0.2142024763292061	transfo-xl-wt103	__ALL__	euclidean	head	1,2,9	global_pooled	lexeme_prefixed
13730	516	7.696256620432563	359	1	0.17635658914728683	0.2751937984496124	0.0	0	-0.36654827315822924	-0.3475165079380504	-0.3215208033292498	7.833364020454216	7.702661831574349	1.122904360847069e-16	0.9259371547412594	0.9972275255863836	0.2789512017479971	transfo-xl-wt103	__ALL__	cosine	head	1,2,10	global_pooled	lexeme_prefixed
13730	516	7.696256620432563	359	1	0.17635658914728683	0.2751937984496124	0.0	0	-0.30208252216426007	-0.2751440369251186	-0.2610839620857549	7.833364020454216	7.702661831574349	0.0	0.8164832701887449	0.4188254394619031	0.21733430444282592	transfo-xl-wt103	__ALL__	euclidean	head	1,2,10	global_pooled	lexeme_prefixed
13730	516	7.696256620432563	359	1	0.17635658914728683	0.2751937984496124	0.0	0	-0.3637471368199933	-0.34517948922756686	-0.3205913096567054	7.921331570859279	7.997600534772616	0.0	0.9263455473018737	0.9971756122616278	0.28339402767662053	transfo-xl-wt103	__ALL__	cosine	head	1,2,11	global_pooled	lexeme_prefixed
13730	516	7.696256620432563	359	1	0.17635658914728683	0.2751937984496124	0.0	0	-0.3011342381945114	-0.274270880650602	-0.25899470840329336	7.921331570859279	7.997600534772616	0.0	0.8092281639953344	0.4202574180827711	0.2180626365622724	transfo-xl-wt103	__ALL__	euclidean	head	1,2,11	global_pooled	lexeme_prefixed
13730	516	7.696256620432563	359	1	0.17635658914728683	0.2751937984496124	0.0	0	-0.36654062539518667	-0.3486573034569486	-0.3234722130478782	7.712060754004145	7.739010073593977	1.6891983875724558e-16	0.9268253301631393	0.9966065347818384	0.27028404952658414	transfo-xl-wt103	__ALL__	cosine	head	1,3,4	global_pooled	lexeme_prefixed
13730	516	7.696256620432563	359	1	0.17635658914728683	0.2751937984496124	0.0	0	-0.3062271211790338	-0.27958050947621926	-0.26576313639478827	7.712060754004145	7.739010073593977	0.0	0.8157638219750244	0.40945840202767275	0.20983248361252732	transfo-xl-wt103	__ALL__	euclidean	head	1,3,4	global_pooled	lexeme_prefixed
13730	516	7.696256620432563	359	1	0.17635658914728683	0.2751937984496124	0.0	0	-0.36627963472905783	-0.34804835468217327	-0.32226973705885037	7.577016034418378	7.852916349854442	0.0	0.9264850674015146	0.995660183124629	0.2736343772760379	transfo-xl-wt103	__ALL__	cosine	head	1,3,5	global_pooled	lexeme_prefixed
13730	516	7.696256620432563	359	1	0.17635658914728683	0.2751937984496124	0.0	0	-0.3045731641780266	-0.27692417544550196	-0.2632676558684847	7.577016034418378	7.852916349854442	0.0	0.8093927203553363	0.4082388224241839	0.21070648215586307	transfo-xl-wt103	__ALL__	euclidean	head	1,3,5	global_pooled	lexeme_prefixed
13730	516	7.696256620432563	359	1	0.17635658914728683	0.2751937984496124	0.0	0	-0.36188730885478915	-0.34425840045588063	-0.3140476925830044	7.778130946063951	7.490873505746224	1.1257319231032603e-16	0.9273031262854234	0.9952026000080759	0.2755280407865987	transfo-xl-wt103	__ALL__	cosine	head	1,3,6	global_pooled	lexeme_prefixed
13730	516	7.696256620432563	359	1	0.17635658914728683	0.2751937984496124	0.0	0	-0.30348797779085135	-0.2757948109558463	-0.26270749895453527	7.778130946063951	7.490873505746224	0.0	0.8165683878458129	0.3967472336469274	0.2110706482155863	transfo-xl-wt103	__ALL__	euclidean	head	1,3,6	global_pooled	lexeme_prefixed
13730	516	7.696256620432563	359	1	0.17635658914728683	0.2751937984496124	0.0	0	-0.3639463558383754	-0.3448023153701871	-0.3179925378518836	7.788351614029269	7.618267536084248	0.0	0.9274030086437746	0.9951007210730757	0.2748725418790969	transfo-xl-wt103	__ALL__	cosine	head	1,3,7	global_pooled	lexeme_prefixed
13730	516	7.696256620432563	359	1	0.17635658914728683	0.2751937984496124	0.0	0	-0.30340829380073675	-0.2769532435195956	-0.26357967700444296	7.788351614029269	7.618267536084248	0.0	0.817722537419775	0.39653580681744205	0.2101238164603059	transfo-xl-wt103	__ALL__	euclidean	head	1,3,7	global_pooled	lexeme_prefixed
13730	516	7.696256620432563	359	1	0.17635658914728683	0.2751937984496124	0.0	0	-0.36062521073936277	-0.34193037329475157	-0.31545184242950625	7.783705730382749	7.751423017288204	1.6848206740507383e-16	0.927436031910899	0.9959452175452291	0.27261471230881285	transfo-xl-wt103	__ALL__	cosine	head	1,3,8	global_pooled	lexeme_prefixed
13730	516	7.696256620432563	359	1	0.17635658914728683	0.2751937984496124	0.0	0	-0.3029727429549008	-0.2758768520348549	-0.2626423701960591	7.783705730382749	7.751423017288204	6.198187205134348e-09	0.8157690128726492	0.39605064091880887	0.2152949745083758	transfo-xl-wt103	__ALL__	euclidean	head	1,3,8	global_pooled	lexeme_prefixed
13730	516	7.696256620432563	359	1	0.17635658914728683	0.2751937984496124	0.0	0	-0.3562875455701135	-0.3388689794776821	-0.31314652466972087	7.778777733104096	7.462567550444711	0.0	0.9290487148881144	0.9954834646862714	0.2678805535324108	transfo-xl-wt103	__ALL__	cosine	head	1,3,9	global_pooled	lexeme_prefixed
13730	516	7.696256620432563	359	1	0.17635658914728683	0.2751937984496124	0.0	0	-0.3052518484352522	-0.27808065143072225	-0.263035987460169	7.778777733104096	7.462567550444711	0.0	0.8192048977846755	0.403081751588314	0.20895848506919154	transfo-xl-wt103	__ALL__	euclidean	head	1,3,9	global_pooled	lexeme_prefixed
13730	516	7.696256620432563	359	1	0.17635658914728683	0.2751937984496124	0.0	0	-0.3654609961721437	-0.34782261545241294	-0.32024472802824894	7.679380270038845	8.319518547972569	5.614083022425458e-17	0.9253542231968848	0.9967198822256299	0.2732702112163146	transfo-xl-wt103	__ALL__	cosine	head	1,3,10	global_pooled	lexeme_prefixed
13730	516	7.696256620432563	359	1	0.17635658914728683	0.2751937984496124	0.0	0	-0.3042968222020571	-0.2777560379675423	-0.2645532642749302	7.679380270038845	8.319518547972569	0.0	0.8042871353988218	0.41477621872533316	0.21034231609613985	transfo-xl-wt103	__ALL__	euclidean	head	1,3,10	global_pooled	lexeme_prefixed
13730	516	7.696256620432563	359	1	0.17635658914728683	0.2751937984496124	0.0	0	-0.36583519924041363	-0.34687748036383215	-0.3190275555912063	7.789357793845904	8.243976230232061	1.1279341803219094e-16	0.9256709244475545	0.9969054759892771	0.2785142024763292	transfo-xl-wt103	__ALL__	cosine	head	1,3,11	global_pooled	lexeme_prefixed
13730	516	7.696256620432563	359	1	0.17635658914728683	0.2751937984496124	0.0	0	-0.3054934684575641	-0.27716314024984734	-0.2625879808667391	7.789357793845904	8.243976230232061	0.0	0.8048913328127936	0.4097258729458332	0.2151493080844865	transfo-xl-wt103	__ALL__	euclidean	head	1,3,11	global_pooled	lexeme_prefixed
13730	516	7.696256620432563	359	1	0.17635658914728683	0.2751937984496124	0.0	0	-0.36499724638055386	-0.35032582657837846	-0.3218708811591239	7.811154081235936	7.922165053649486	0.0	0.9248245824150235	0.9968238109611529	0.27764020393299343	transfo-xl-wt103	__ALL__	cosine	head	1,4,5	global_pooled	lexeme_prefixed
13730	516	7.696256620432563	359	1	0.17635658914728683	0.2751937984496124	0.0	0	-0.30205634813739907	-0.27556105363247474	-0.2616623245633583	7.811154081235936	7.922165053649486	6.1248027742624666e-09	0.8160666216495013	0.41415827872627137	0.2083758193736344	transfo-xl-wt103	__ALL__	euclidean	head	1,4,5	global_pooled	lexeme_prefixed
13730	516	7.696256620432563	359	1	0.17635658914728683	0.2751937984496124	0.0	0	-0.37060015745923214	-0.3537190969368375	-0.32539650605029063	7.747467376023442	7.877535564698391	0.0	0.924733877977175	0.9964391352398236	0.27873270211216317	transfo-xl-wt103	__ALL__	cosine	head	1,4,6	global_pooled	lexeme_prefixed
13730	516	7.696256620432563	359	1	0.17635658914728683	0.2751937984496124	0.0	0	-0.30595008056770906	-0.27880653049182363	-0.26550506818556935	7.747467376023442	7.877535564698391	0.0	0.8183318726675841	0.41395755890012564	0.2075018208302986	transfo-xl-wt103	__ALL__	euclidean	head	1,4,6	global_pooled	lexeme_prefixed
13730	516	7.696256620432563	359	1	0.17635658914728683	0.2751937984496124	0.0	0	-0.36757434343683765	-0.34847954242176254	-0.32250750236674036	7.77760652980553	7.58001756625105	1.126078084029892e-16	0.9263792801320644	0.9963138458039511	0.27734887108521483	transfo-xl-wt103	__ALL__	cosine	head	1,4,7	global_pooled	lexeme_prefixed
13730	516	7.696256620432563	359	1	0.17635658914728683	0.2751937984496124	0.0	0	-0.30427666525558517	-0.2775824643679706	-0.2636546199102635	7.77760652980553	7.58001756625105	5.810449069331035e-09	0.8215382500269003	0.40676104724044493	0.21099781500364165	transfo-xl-wt103	__ALL__	euclidean	head	1,4,7	global_pooled	lexeme_prefixed
13730	516	7.696256620432563	359	1	0.17635658914728683	0.2751937984496124	0.0	0	-0.3713495994925742	-0.34985945988217587	-0.3284525704714963	7.940857453499459	7.907287081938706	5.60662448192013e-17	0.9259592305222941	0.9973978125264913	0.27268754552075747	transfo-xl-wt103	__ALL__	cosine	head	1,4,8	global_pooled	lexeme_prefixed
13730	516	7.696256620432563	359	1	0.17635658914728683	0.2751937984496124	0.0	0	-0.3060572586417515	-0.2778372677205757	-0.26504015174044127	7.940857453499459	7.907287081938706	0.0	0.8195058070455973	0.40989754720486277	0.21551347414420977	transfo-xl-wt103	__ALL__	euclidean	head	1,4,8	global_pooled	lexeme_prefixed
13730	516	7.696256620432563	359	1	0.17635658914728683	0.2751937984496124	0.0	0	-0.3605517111321883	-0.3446187496578224	-0.31661060477101277	7.714212903476	7.360361093005763	0.0	0.9283806095462144	0.9972581786024077	0.2718135469774217	transfo-xl-wt103	__ALL__	cosine	head	1,4,9	global_pooled	lexeme_prefixed
13730	516	7.696256620432563	359	1	0.17635658914728683	0.2751937984496124	0.0	0	-0.302909746616728	-0.2759080935662852	-0.2634162018083964	7.714212903476	7.360361093005763	5.760995592124628e-09	0.8206875960611564	0.41156000679307886	0.2112163146394756	transfo-xl-wt103	__ALL__	euclidean	head	1,4,9	global_pooled	lexeme_prefixed
13730	516	7.696256620432563	359	1	0.17635658914728683	0.2751937984496124	0.0	0	-0.37240300421197314	-0.35472997351658153	-0.32900193058409877	7.7280133753637825	7.969448244984649	0.0	0.9240917084701874	0.9974886168991567	0.2710852148579752	transfo-xl-wt103	__ALL__	cosine	head	1,4,10	global_pooled	lexeme_prefixed
13730	516	7.696256620432563	359	1	0.17635658914728683	0.2751937984496124	0.0	0	-0.3053569188650922	-0.2781799184325904	-0.2651320365133014	7.7280133753637825	7.969448244984649	0.0	0.8144107621033836	0.41984899210952586	0.2082301529497451	transfo-xl-wt103	__ALL__	euclidean	head	1,4,10	global_pooled	lexeme_prefixed
13730	516	7.696256620432563	359	1	0.17635658914728683	0.2751937984496124	0.0	0	-0.36796082124043883	-0.3513677425928104	-0.3249128625180295	8.063344838315054	7.82274033131866	0.0	0.9262564722775015	0.9974142334724083	0.2806991988346686	transfo-xl-wt103	__ALL__	cosine	head	1,4,11	global_pooled	lexeme_prefixed
13730	516	7.696256620432563	359	1	0.17635658914728683	0.2751937984496124	0.0	0	-0.3047970840484067	-0.2770414665577751	-0.26207084916652584	8.063344838315054	7.82274033131866	8.285404294883485e-09	0.8185459039286144	0.4147580174111417	0.2131099781500364	transfo-xl-wt103	__ALL__	euclidean	head	1,4,11	global_pooled	lexeme_prefixed
13730	516	7.696256620432563	359	1	0.17635658914728683	0.2751937984496124	0.0	0	-0.3641534616135936	-0.3490261092247429	-0.32171035880832055	7.672461360880993	7.743205960881758	0.0	0.9252731350060427	0.9960228973315164	0.2797523670793882	transfo-xl-wt103	__ALL__	cosine	head	1,5,6	global_pooled	lexeme_prefixed
13730	516	7.696256620432563	359	1	0.17635658914728683	0.2751937984496124	0.0	0	-0.30018657765192114	-0.2737690684576839	-0.2610268908561444	7.672461360880993	7.743205960881758	0.0	0.8164024952561431	0.4032101980857212	0.21551347414420977	transfo-xl-wt103	__ALL__	euclidean	head	1,5,6	global_pooled	lexeme_prefixed
13730	516	7.696256620432563	359	1	0.17635658914728683	0.2751937984496124	0.0	0	-0.3657655192773962	-0.34733240837468965	-0.3208028541490441	7.7469048501668	7.824797095607152	0.0	0.9259814518667863	0.9959026979151626	0.28193736343772763	transfo-xl-wt103	__ALL__	cosine	head	1,5,7	global_pooled	lexeme_prefixed
13730	516	7.696256620432563	359	1	0.17635658914728683	0.2751937984496124	0.0	0	-0.3024671179205246	-0.27521194791018094	-0.2610251767235728	7.7469048501668	7.824797095607152	0.0	0.8182561900694614	0.40657586251705496	0.21485797523670794	transfo-xl-wt103	__ALL__	euclidean	head	1,5,7	global_pooled	lexeme_prefixed
13730	516	7.696256620432563	359	1	0.17635658914728683	0.2751937984496124	0.0	0	-0.36913710029617	-0.351933220732395	-0.3247149891624606	7.84815752238358	8.187735898225702	0.0	0.9254944058001578	0.9969082963862219	0.2829570284049527	transfo-xl-wt103	__ALL__	cosine	head	1,5,8	global_pooled	lexeme_prefixed
13730	516	7.696256620432563	359	1	0.17635658914728683	0.2751937984496124	0.0	0	-0.3029392907960878	-0.2764331134332754	-0.2615457898840856	7.84815752238358	8.187735898225702	4.495478847685171e-09	0.8143716448941947	0.4094506169908608	0.21260014566642388	transfo-xl-wt103	__ALL__	euclidean	head	1,5,8	global_pooled	lexeme_prefixed
13730	516	7.696256620432563	359	1	0.17635658914728683	0.2751937984496124	0.0	0	-0.36497430502606276	-0.34506922779698784	-0.32137219871057704	7.8933494557240405	7.316636563523667	5.611864462180229e-17	0.9292318524985498	0.9961155789458804	0.27596504005826655	transfo-xl-wt103	__ALL__	cosine	head	1,5,9	global_pooled	lexeme_prefixed
13730	516	7.696256620432563	359	1	0.17635658914728683	0.2751937984496124	0.0	0	-0.30438011303045015	-0.27922608562743134	-0.2596924876723525	7.8933494557240405	7.316636563523667	0.0	0.8221997188820921	0.4119880961275909	0.21158048069919883	transfo-xl-wt103	__ALL__	euclidean	head	1,5,9	global_pooled	lexeme_prefixed
13730	516	7.696256620432563	359	1	0.17635658914728683	0.2751937984496124	0.0	0	-0.37177797852867217	-0.35421832011842586	-0.32858784816481584	7.726564786656436	8.114432690047428	0.0	0.9250443869797041	0.9976635758045885	0.28033503277494537	transfo-xl-wt103	__ALL__	cosine	head	1,5,10	global_pooled	lexeme_prefixed
13730	516	7.696256620432563	359	1	0.17635658914728683	0.2751937984496124	0.0	0	-0.30436196880765337	-0.27781681260409635	-0.2635803153847219	7.726564786656436	8.114432690047428	0.0	0.807988618876288	0.42084166607681767	0.22046613255644573	transfo-xl-wt103	__ALL__	euclidean	head	1,5,10	global_pooled	lexeme_prefixed
13730	516	7.696256620432563	359	1	0.17635658914728683	0.2751937984496124	0.0	0	-0.36864807954109285	-0.3492930688187592	-0.3227020624811166	7.835231789124398	7.912373040057613	0.0	0.9261026318987932	0.9977666074882677	0.2825928623452294	transfo-xl-wt103	__ALL__	cosine	head	1,5,11	global_pooled	lexeme_prefixed
13730	516	7.696256620432563	359	1	0.17635658914728683	0.2751937984496124	0.0	0	-0.3042033603916147	-0.27647777524223177	-0.2621796338798668	7.835231789124398	7.912373040057613	0.0	0.8128999010373242	0.41486321940640564	0.21879096868171885	transfo-xl-wt103	__ALL__	euclidean	head	1,5,11	global_pooled	lexeme_prefixed
13730	516	7.696256620432563	359	1	0.17635658914728683	0.2751937984496124	0.0	0	-0.3639822039700367	-0.3472311248356507	-0.32002365066311106	7.784376297649845	7.508126773897486	0.0	0.9265123076847666	0.9960469391689963	0.2828113619810634	transfo-xl-wt103	__ALL__	cosine	head	1,6,7	global_pooled	lexeme_prefixed
13730	516	7.696256620432563	359	1	0.17635658914728683	0.2751937984496124	0.0	0	-0.30222956366796694	-0.27562735854002623	-0.26157048268034133	7.784376297649845	7.508126773897486	0.0	0.8213355650180248	0.3960542483900506	0.21733430444282592	transfo-xl-wt103	__ALL__	euclidean	head	1,6,7	global_pooled	lexeme_prefixed
13730	516	7.696256620432563	359	1	0.17635658914728683	0.2751937984496124	0.0	0	-0.367270248200287	-0.3466615781346212	-0.32180139966673477	7.826600981640625	7.63274687171697	1.6835869198513997e-16	0.9262653527238771	0.9969100764868519	0.27793153678077204	transfo-xl-wt103	__ALL__	cosine	head	1,6,8	global_pooled	lexeme_prefixed
13730	516	7.696256620432563	359	1	0.17635658914728683	0.2751937984496124	0.0	0	-0.30309981956320875	-0.27587328455330046	-0.2615777428941272	7.826600981640625	7.63274687171697	8.089492583329108e-09	0.816031456493888	0.3961321135582864	0.21332847778587036	transfo-xl-wt103	__ALL__	euclidean	head	1,6,8	global_pooled	lexeme_prefixed
13730	516	7.696256620432563	359	1	0.17635658914728683	0.2751937984496124	0.0	0	-0.35380342059259845	-0.3361992156674071	-0.31090037174648644	7.763646481726766	7.280507081520274	2.7999024913453113e-16	0.9281033683506178	0.9964232783272243	0.2785142024763292	transfo-xl-wt103	__ALL__	cosine	head	1,6,9	global_pooled	lexeme_prefixed
13730	516	7.696256620432563	359	1	0.17635658914728683	0.2751937984496124	0.0	0	-0.2992418028679434	-0.27234712738849015	-0.2587693613253488	7.763646481726766	7.280507081520274	7.747423441633081e-09	0.824672206796609	0.3971874225018839	0.21485797523670794	transfo-xl-wt103	__ALL__	euclidean	head	1,6,9	global_pooled	lexeme_prefixed
13730	516	7.696256620432563	359	1	0.17635658914728683	0.2751937984496124	0.0	0	-0.37285456970080433	-0.35292460104379525	-0.32689825547742374	7.77010358408292	8.200459738693182	0.0	0.9232672596830831	0.9969595594995146	0.2755280407865987	transfo-xl-wt103	__ALL__	cosine	head	1,6,10	global_pooled	lexeme_prefixed
13730	516	7.696256620432563	359	1	0.17635658914728683	0.2751937984496124	0.0	0	-0.30399001488075417	-0.2788047198419094	-0.2641526733874877	7.77010358408292	8.200459738693182	6.673123182522506e-09	0.812642258538892	0.41590575894726656	0.21536780772032046	transfo-xl-wt103	__ALL__	euclidean	head	1,6,10	global_pooled	lexeme_prefixed
13730	516	7.696256620432563	359	1	0.17635658914728683	0.2751937984496124	0.0	0	-0.3692180257204612	-0.3501605564792813	-0.32023950083416214	7.995121969805575	7.8187827150179405	0.0	0.9260708782220721	0.9972566652881183	0.2827385287691187	transfo-xl-wt103	__ALL__	cosine	head	1,6,11	global_pooled	lexeme_prefixed
13730	516	7.696256620432563	359	1	0.17635658914728683	0.2751937984496124	0.0	0	-0.30490983814910205	-0.2765704280120477	-0.26329752381285676	7.995121969805575	7.8187827150179405	0.0	0.8159203121561188	0.4077643381540996	0.21565914056809907	transfo-xl-wt103	__ALL__	euclidean	head	1,6,11	global_pooled	lexeme_prefixed
13730	516	7.696256620432563	359	1	0.17635658914728683	0.2751937984496124	0.0	0	-0.36573703977205235	-0.3468536463587952	-0.3209777634673081	7.959530054610096	7.854293619579945	5.61469658021359e-17	0.9265954181394888	0.9961333854001503	0.2769847050254916	transfo-xl-wt103	__ALL__	cosine	head	1,7,8	global_pooled	lexeme_prefixed
13730	516	7.696256620432563	359	1	0.17635658914728683	0.2751937984496124	0.0	0	-0.3030540545436508	-0.2764050590136714	-0.2605995975212855	7.959530054610096	7.854293619579945	1.028091429055921e-08	0.8188809029171455	0.3963333315016357	0.2157319737800437	transfo-xl-wt103	__ALL__	euclidean	head	1,7,8	global_pooled	lexeme_prefixed
13730	516	7.696256620432563	359	1	0.17635658914728683	0.2751937984496124	0.0	0	-0.36023869793093993	-0.34318586946559987	-0.315991678824047	7.721313511444562	7.630078991535179	5.621220555174908e-17	0.9278045254967874	0.9957806675510167	0.275455207574654	transfo-xl-wt103	__ALL__	cosine	head	1,7,9	global_pooled	lexeme_prefixed
13730	516	7.696256620432563	359	1	0.17635658914728683	0.2751937984496124	0.0	0	-0.30207093522759065	-0.27589078700618397	-0.26128546087868865	7.721313511444562	7.630078991535179	0.0	0.8198861865608146	0.40328368408058585	0.2099781500364166	transfo-xl-wt103	__ALL__	euclidean	head	1,7,9	global_pooled	lexeme_prefixed
13730	516	7.696256620432563	359	1	0.17635658914728683	0.2751937984496124	0.0	0	-0.3703896531751118	-0.35073334086650576	-0.32421012755045897	7.7084620018641345	7.783899797670866	1.1260132766512296e-16	0.9257824742299948	0.9967488404849424	0.27596504005826655	transfo-xl-wt103	__ALL__	cosine	head	1,7,10	global_pooled	lexeme_prefixed
13730	516	7.696256620432563	359	1	0.17635658914728683	0.2751937984496124	0.0	0	-0.303536056752484	-0.27653174164522504	-0.2619051380141838	7.7084620018641345	7.783899797670866	0.0	0.8190123378855371	0.4022645569073769	0.21281864530225783	transfo-xl-wt103	__ALL__	euclidean	head	1,7,10	global_pooled	lexeme_prefixed
13730	516	7.696256620432563	359	1	0.17635658914728683	0.2751937984496124	0.0	0	-0.3680798292673788	-0.3482420279154247	-0.32278735859457347	7.898204044044949	8.135636639061829	1.125738037287646e-16	0.9257729552168564	0.9968323946739482	0.275455207574654	transfo-xl-wt103	__ALL__	cosine	head	1,7,11	global_pooled	lexeme_prefixed
13730	516	7.696256620432563	359	1	0.17635658914728683	0.2751937984496124	0.0	0	-0.3054316712327033	-0.27847331400098285	-0.26368025414089813	7.898204044044949	8.135636639061829	0.0	0.8161990118913968	0.40781340154471823	0.21667880553532412	transfo-xl-wt103	__ALL__	euclidean	head	1,7,11	global_pooled	lexeme_prefixed
13730	516	7.696256620432563	359	1	0.17635658914728683	0.2751937984496124	0.0	0	-0.36211903528075756	-0.3411991541058852	-0.31495811626971404	7.889984330362356	7.54956091824382	0.0	0.9275694526659644	0.9971210364859028	0.275455207574654	transfo-xl-wt103	__ALL__	cosine	head	1,8,9	global_pooled	lexeme_prefixed
13730	516	7.696256620432563	359	1	0.17635658914728683	0.2751937984496124	0.0	0	-0.304399882774165	-0.27729543635439685	-0.2605730581499601	7.889984330362356	7.54956091824382	5.498144502519788e-09	0.8195529185318962	0.40560439919086966	0.21442097596504006	transfo-xl-wt103	__ALL__	euclidean	head	1,8,9	global_pooled	lexeme_prefixed
13730	516	7.696256620432563	359	1	0.17635658914728683	0.2751937984496124	0.0	0	-0.3702071760966685	-0.3508065000911671	-0.3247947191799144	7.751688627115779	8.292189748200347	0.0	0.9246523261595914	0.9977052498563086	0.27669337217771306	transfo-xl-wt103	__ALL__	cosine	head	1,8,10	global_pooled	lexeme_prefixed
13730	516	7.696256620432563	359	1	0.17635658914728683	0.2751937984496124	0.0	0	-0.3042785982141103	-0.27729704481919965	-0.2633647506870329	7.751688627115779	8.292189748200347	8.291376271510509e-09	0.808813286296221	0.41240601519628667	0.21558630735615442	transfo-xl-wt103	__ALL__	euclidean	head	1,8,10	global_pooled	lexeme_prefixed
13730	516	7.696256620432563	359	1	0.17635658914728683	0.2751937984496124	0.0	0	-0.36587906327967695	-0.34747814903289737	-0.3211551316285944	7.874557157125587	8.109891052177737	1.1241064730952455e-16	0.9257632124811634	0.9976211878193066	0.2790968681718864	transfo-xl-wt103	__ALL__	cosine	head	1,8,11	global_pooled	lexeme_prefixed
13730	516	7.696256620432563	359	1	0.17635658914728683	0.2751937984496124	0.0	0	-0.3038904389858928	-0.2751958890140065	-0.262266220085133	7.874557157125587	8.109891052177737	0.0	0.8108321752748723	0.4101213476837657	0.21769847050254917	transfo-xl-wt103	__ALL__	euclidean	head	1,8,11	global_pooled	lexeme_prefixed
13730	516	7.696256620432563	359	1	0.17635658914728683	0.2751937984496124	0.0	0	-0.36739865182667797	-0.3496657622191627	-0.3241790427274946	7.874537618971543	7.684403771672789	0.0	0.9262895276429326	0.9971852742217204	0.2750182083029862	transfo-xl-wt103	__ALL__	cosine	head	1,9,10	global_pooled	lexeme_prefixed
13730	516	7.696256620432563	359	1	0.17635658914728683	0.2751937984496124	0.0	0	-0.30460465265774905	-0.27627923046558583	-0.26374371273848507	7.874537618971543	7.684403771672789	0.0	0.8208245717431651	0.41237791848108357	0.21580480699198834	transfo-xl-wt103	__ALL__	euclidean	head	1,9,10	global_pooled	lexeme_prefixed
13730	516	7.696256620432563	359	1	0.17635658914728683	0.2751937984496124	0.0	0	-0.361678752143701	-0.3425670103296624	-0.3161221211991267	7.807303681220011	7.771472861879807	0.0	0.9270065380015746	0.9978567547437085	0.27589220684632193	transfo-xl-wt103	__ALL__	cosine	head	1,9,11	global_pooled	lexeme_prefixed
13730	516	7.696256620432563	359	1	0.17635658914728683	0.2751937984496124	0.0	0	-0.3046245855765382	-0.2776750111196267	-0.2631810672882212	7.807303681220011	7.771472861879807	5.54183265454509e-09	0.8132107133945556	0.4113735753441053	0.21296431172614713	transfo-xl-wt103	__ALL__	euclidean	head	1,9,11	global_pooled	lexeme_prefixed
13730	516	7.696256620432563	359	1	0.17635658914728683	0.2751937984496124	0.0	0	-0.3718834751741228	-0.3519547843460495	-0.3235014866752625	7.937838225776777	8.168165824223095	5.61422232257378e-17	0.9258861379538252	0.9974274757626506	0.2734158776402039	transfo-xl-wt103	__ALL__	cosine	head	1,10,11	global_pooled	lexeme_prefixed
13730	516	7.696256620432563	359	1	0.17635658914728683	0.2751937984496124	0.0	0	-0.30607284563606324	-0.27833726940357023	-0.26380691981533816	7.937838225776777	8.168165824223095	0.0	0.8111406634848646	0.4228401017333784	0.2135469774217043	transfo-xl-wt103	__ALL__	euclidean	head	1,10,11	global_pooled	lexeme_prefixed
13730	516	7.696256620432563	359	1	0.17635658914728683	0.2751937984496124	0.0	0	-0.3670732492369985	-0.34909021840947857	-0.3231405799324254	8.037601993062665	7.231239578996207	0.0	0.9278771042549917	0.996532114930358	0.27093954843408596	transfo-xl-wt103	__ALL__	cosine	head	2,3,4	global_pooled	lexeme_prefixed
13730	516	7.696256620432563	359	1	0.17635658914728683	0.2751937984496124	0.0	0	-0.30702799848488194	-0.27894210561533184	-0.2649866730352983	8.037601993062665	7.231239578996207	5.210941677774082e-09	0.8310802504869563	0.4131612187267626	0.21456664238892936	transfo-xl-wt103	__ALL__	euclidean	head	2,3,4	global_pooled	lexeme_prefixed
13730	516	7.696256620432563	359	1	0.17635658914728683	0.2751937984496124	0.0	0	-0.3622681206869394	-0.3439143047302677	-0.3200619548879781	7.830709801398351	7.2767718887643715	0.0	0.927827164418329	0.9966335033810316	0.2694100509832484	transfo-xl-wt103	__ALL__	cosine	head	2,3,5	global_pooled	lexeme_prefixed
13730	516	7.696256620432563	359	1	0.17635658914728683	0.2751937984496124	0.0	0	-0.301816613216433	-0.2746547589677935	-0.2608013875900743	7.830709801398351	7.2767718887643715	0.0	0.8254984261655716	0.4096270079686578	0.21267297887836853	transfo-xl-wt103	__ALL__	euclidean	head	2,3,5	global_pooled	lexeme_prefixed
13730	516	7.696256620432563	359	1	0.17635658914728683	0.2751937984496124	0.0	0	-0.3629062188706346	-0.34449484564942684	-0.3142181070989376	7.807703643419155	7.23272939650087	0.0	0.928928263315068	0.9959767275547733	0.275455207574654	transfo-xl-wt103	__ALL__	cosine	head	2,3,6	global_pooled	lexeme_prefixed
13730	516	7.696256620432563	359	1	0.17635658914728683	0.2751937984496124	0.0	0	-0.3029343679386193	-0.27526645205285555	-0.26075788671843164	7.807703643419155	7.23272939650087	5.45166933184724e-09	0.8266586081404247	0.40454819777884116	0.2188638018936635	transfo-xl-wt103	__ALL__	euclidean	head	2,3,6	global_pooled	lexeme_prefixed
13730	516	7.696256620432563	359	1	0.17635658914728683	0.2751937984496124	0.0	0	-0.35997743165294	-0.340274852122576	-0.3121263603010477	7.9598667565677586	7.24517597667526	0.0	0.9289448601024034	0.9963740122229116	0.27450837581937365	transfo-xl-wt103	__ALL__	cosine	head	2,3,7	global_pooled	lexeme_prefixed
13730	516	7.696256620432563	359	1	0.17635658914728683	0.2751937984496124	0.0	0	-0.3025615422654658	-0.27471884850594563	-0.26107958701401107	7.9598667565677586	7.24517597667526	0.0	0.8300779129353578	0.39815203161021145	0.21595047341587764	transfo-xl-wt103	__ALL__	euclidean	head	2,3,7	global_pooled	lexeme_prefixed
13730	516	7.696256620432563	359	1	0.17635658914728683	0.2751937984496124	0.0	0	-0.36267696579907577	-0.3424965109764973	-0.3153813090949119	7.943490323840686	7.290483737602527	0.0	0.9282907718567719	0.9973791446843562	0.27407137654770575	transfo-xl-wt103	__ALL__	cosine	head	2,3,8	global_pooled	lexeme_prefixed
13730	516	7.696256620432563	359	1	0.17635658914728683	0.2751937984496124	0.0	0	-0.30280124499078914	-0.27538206320616065	-0.2614722790793256	7.943490323840686	7.290483737602527	5.080719319235673e-09	0.8289027340980621	0.4024750171167891	0.22359796067006554	transfo-xl-wt103	__ALL__	euclidean	head	2,3,8	global_pooled	lexeme_prefixed
13730	516	7.696256620432563	359	1	0.17635658914728683	0.2751937984496124	0.0	0	-0.3532425749620453	-0.3348070197950784	-0.3105748589166314	7.6932978590777825	7.373775536596687	0.0	0.9302721366397062	0.9966079688960758	0.26846321922796795	transfo-xl-wt103	__ALL__	cosine	head	2,3,9	global_pooled	lexeme_prefixed
13730	516	7.696256620432563	359	1	0.17635658914728683	0.2751937984496124	0.0	0	-0.30351429503414884	-0.27663386389166594	-0.2637707518222378	7.6932978590777825	7.373775536596687	0.0	0.8259681257841999	0.411591145898091	0.21565914056809907	transfo-xl-wt103	__ALL__	euclidean	head	2,3,9	global_pooled	lexeme_prefixed
13730	516	7.696256620432563	359	1	0.17635658914728683	0.2751937984496124	0.0	0	-0.36202541777904373	-0.3434111269929439	-0.31782983010209614	7.7494137439435	7.7363837656916195	0.0	0.9271543328543335	0.9972328526835386	0.2763292061179898	transfo-xl-wt103	__ALL__	cosine	head	2,3,10	global_pooled	lexeme_prefixed
13730	516	7.696256620432563	359	1	0.17635658914728683	0.2751937984496124	0.0	0	-0.3010757990134122	-0.275811249383634	-0.2599813435506976	7.7494137439435	7.7363837656916195	5.452599102893616e-09	0.8208488455527557	0.4177183777366557	0.21849963583394028	transfo-xl-wt103	__ALL__	euclidean	head	2,3,10	global_pooled	lexeme_prefixed
13730	516	7.696256620432563	359	1	0.17635658914728683	0.2751937984496124	0.0	0	-0.3654081738301321	-0.3443888083513567	-0.31941858448904803	7.734951570883287	7.873281832228667	0.0	0.9272370965601628	0.9971858549235246	0.27982520029133284	transfo-xl-wt103	__ALL__	cosine	head	2,3,11	global_pooled	lexeme_prefixed
13730	516	7.696256620432563	359	1	0.17635658914728683	0.2751937984496124	0.0	0	-0.30146046030002255	-0.2751242457156068	-0.26043590598632516	7.734951570883287	7.873281832228667	0.0	0.8161013449913855	0.41717462904836994	0.21988346686088855	transfo-xl-wt103	__ALL__	euclidean	head	2,3,11	global_pooled	lexeme_prefixed
13730	516	7.696256620432563	359	1	0.17635658914728683	0.2751937984496124	0.0	0	-0.3630166472234665	-0.3495400219671247	-0.3211309820341765	8.198100493124524	7.529708303391848	0.0	0.925715753425433	0.9960757325960765	0.27232337946103424	transfo-xl-wt103	__ALL__	cosine	head	2,4,5	global_pooled	lexeme_prefixed
13730	516	7.696256620432563	359	1	0.17635658914728683	0.2751937984496124	0.0	0	-0.3037835034803258	-0.2766189707645764	-0.2636243458975001	8.198100493124524	7.529708303391848	0.0	0.8236226475011794	0.41692220850730166	0.21522214129643116	transfo-xl-wt103	__ALL__	euclidean	head	2,4,5	global_pooled	lexeme_prefixed
13730	516	7.696256620432563	359	1	0.17635658914728683	0.2751937984496124	0.0	0	-0.3745803821591782	-0.35494373334560203	-0.3277783388401223	7.925880759722616	7.770428713949319	0.0	0.9258809724498517	0.9954096456309155	0.2751638747268755	transfo-xl-wt103	__ALL__	cosine	head	2,4,6	global_pooled	lexeme_prefixed
13730	516	7.696256620432563	359	1	0.17635658914728683	0.2751937984496124	0.0	0	-0.30905275577350005	-0.2814532237259216	-0.26765297557936435	7.925880759722616	7.770428713949319	0.0	0.8205152320714102	0.42292799575883594	0.21092498179169702	transfo-xl-wt103	__ALL__	euclidean	head	2,4,6	global_pooled	lexeme_prefixed
13730	516	7.696256620432563	359	1	0.17635658914728683	0.2751937984496124	0.0	0	-0.3626520293905623	-0.3448850889593457	-0.3187785009145714	8.188307089428594	7.398259773747346	0.0	0.9268716475467728	0.9957290987985299	0.27421704297159505	transfo-xl-wt103	__ALL__	cosine	head	2,4,7	global_pooled	lexeme_prefixed
13730	516	7.696256620432563	359	1	0.17635658914728683	0.2751937984496124	0.0	0	-0.30476144005481387	-0.27769899898729916	-0.2632266659457369	8.188307089428594	7.398259773747346	0.0	0.8255443661856382	0.41046334271291063	0.21660597232337947	transfo-xl-wt103	__ALL__	euclidean	head	2,4,7	global_pooled	lexeme_prefixed
13730	516	7.696256620432563	359	1	0.17635658914728683	0.2751937984496124	0.0	0	-0.3691626063883531	-0.3502623500760484	-0.3251349148924667	8.283814855908405	7.619023411868134	0.0	0.9261825172288011	0.996991843084107	0.27574654042243263	transfo-xl-wt103	__ALL__	cosine	head	2,4,8	global_pooled	lexeme_prefixed
13730	516	7.696256620432563	359	1	0.17635658914728683	0.2751937984496124	0.0	0	-0.30840527288538466	-0.2795700700191473	-0.26599126160952663	8.283814855908405	7.619023411868134	0.0	0.8244341554577574	0.4176214399410335	0.21595047341587764	transfo-xl-wt103	__ALL__	euclidean	head	2,4,8	global_pooled	lexeme_prefixed
13730	516	7.696256620432563	359	1	0.17635658914728683	0.2751937984496124	0.0	0	-0.36255362015815956	-0.34542910348641165	-0.3211914951360129	7.813497672919905	7.440770125534573	1.1184764382009368e-16	0.9286701336332889	0.9965577610168149	0.2721048798252003	transfo-xl-wt103	__ALL__	cosine	head	2,4,9	global_pooled	lexeme_prefixed
13730	516	7.696256620432563	359	1	0.17635658914728683	0.2751937984496124	0.0	0	-0.30571914749009144	-0.27871219182516727	-0.2648568675531056	7.813497672919905	7.440770125534573	0.0	0.8203467671591563	0.4216946624973886	0.2144938091769847	transfo-xl-wt103	__ALL__	euclidean	head	2,4,9	global_pooled	lexeme_prefixed
13730	516	7.696256620432563	359	1	0.17635658914728683	0.2751937984496124	0.0	0	-0.368350512835406	-0.3521015052409444	-0.32399994799679377	7.988822970032836	7.589692482158597	0.0	0.9248625476953515	0.9962773670860327	0.2772032046613256	transfo-xl-wt103	__ALL__	cosine	head	2,4,10	global_pooled	lexeme_prefixed
13730	516	7.696256620432563	359	1	0.17635658914728683	0.2751937984496124	0.0	0	-0.30560686396930264	-0.27878253986303514	-0.2652566650244376	7.988822970032836	7.589692482158597	0.0	0.8222451705571795	0.42412047930694885	0.21238164603058995	transfo-xl-wt103	__ALL__	euclidean	head	2,4,10	global_pooled	lexeme_prefixed
13730	516	7.696256620432563	359	1	0.17635658914728683	0.2751937984496124	0.0	0	-0.3686176134350208	-0.3535082150265794	-0.3238288467642847	8.151968705441096	7.648608444057432	5.598799081326946e-17	0.9269683315098597	0.9960269971922089	0.2786598689002185	transfo-xl-wt103	__ALL__	cosine	head	2,4,11	global_pooled	lexeme_prefixed
13730	516	7.696256620432563	359	1	0.17635658914728683	0.2751937984496124	0.0	0	-0.3042010193664389	-0.27695553606795037	-0.26322706576752614	8.151968705441096	7.648608444057432	1.0334727651034232e-08	0.8215875053790457	0.42320585588510906	0.21689730517115804	transfo-xl-wt103	__ALL__	euclidean	head	2,4,11	global_pooled	lexeme_prefixed
13730	516	7.696256620432563	359	1	0.17635658914728683	0.2751937984496124	0.0	0	-0.36181611150065285	-0.34492592069524797	-0.3210333267881038	7.7205562731925275	7.59820672445929	0.0	0.9260702923684595	0.9960600923124913	0.27822286962855064	transfo-xl-wt103	__ALL__	cosine	head	2,5,6	global_pooled	lexeme_prefixed
13730	516	7.696256620432563	359	1	0.17635658914728683	0.2751937984496124	0.0	0	-0.29971631484634925	-0.27421031424176284	-0.2590014534560008	7.7205562731925275	7.59820672445929	0.0	0.8184993175643177	0.4106261825426542	0.21733430444282592	transfo-xl-wt103	__ALL__	euclidean	head	2,5,6	global_pooled	lexeme_prefixed
13730	516	7.696256620432563	359	1	0.17635658914728683	0.2751937984496124	0.0	0	-0.36082462924833963	-0.34215529536008443	-0.31811444085974855	8.030500729535161	7.580780786972	0.0	0.9265628772682807	0.9962610540953285	0.275455207574654	transfo-xl-wt103	__ALL__	cosine	head	2,5,7	global_pooled	lexeme_prefixed
13730	516	7.696256620432563	359	1	0.17635658914728683	0.2751937984496124	0.0	0	-0.301630470049015	-0.2740717349918361	-0.2613000431497911	8.030500729535161	7.580780786972	0.0	0.8220727128969932	0.4082114613524698	0.21172614712308813	transfo-xl-wt103	__ALL__	euclidean	head	2,5,7	global_pooled	lexeme_prefixed
13730	516	7.696256620432563	359	1	0.17635658914728683	0.2751937984496124	0.0	0	-0.36685451660294205	-0.34888759724059015	-0.3239657444846113	8.077673003860593	7.8303215952394245	0.0	0.9256214532969821	0.9976653763726993	0.2786598689002185	transfo-xl-wt103	__ALL__	cosine	head	2,5,8	global_pooled	lexeme_prefixed
13730	516	7.696256620432563	359	1	0.17635658914728683	0.2751937984496124	0.0	0	-0.30150118635030654	-0.27447718109857616	-0.2595567588351432	8.077673003860593	7.8303215952394245	4.970069910484485e-09	0.8190492136201807	0.41581189303572463	0.22141296431172613	transfo-xl-wt103	__ALL__	euclidean	head	2,5,8	global_pooled	lexeme_prefixed
13730	516	7.696256620432563	359	1	0.17635658914728683	0.2751937984496124	0.0	0	-0.3619921252740189	-0.3471412279079669	-0.3192791886912627	7.832744842913602	7.35070275894665	2.239039009206785e-16	0.929310387947953	0.9965425260505661	0.2736343772760379	transfo-xl-wt103	__ALL__	cosine	head	2,5,9	global_pooled	lexeme_prefixed
13730	516	7.696256620432563	359	1	0.17635658914728683	0.2751937984496124	0.0	0	-0.30337316541999354	-0.27747612782747033	-0.26232733036915123	7.832744842913602	7.35070275894665	8.84972873835721e-09	0.8208467432778948	0.42013670970465733	0.20961398397669337	transfo-xl-wt103	__ALL__	euclidean	head	2,5,9	global_pooled	lexeme_prefixed
13730	516	7.696256620432563	359	1	0.17635658914728683	0.2751937984496124	0.0	0	-0.3658870767036543	-0.34830784782841806	-0.32474815358190234	7.871190260948029	7.680117492027444	2.243516118448504e-16	0.9255911095319148	0.9974078246889296	0.28018936635105607	transfo-xl-wt103	__ALL__	cosine	head	2,5,10	global_pooled	lexeme_prefixed
13730	516	7.696256620432563	359	1	0.17635658914728683	0.2751937984496124	0.0	0	-0.30052258582309055	-0.2755715460507247	-0.2596726428048315	7.871190260948029	7.680117492027444	5.806441815262748e-09	0.8158426065496003	0.4235869138700935	0.21624180626365622	transfo-xl-wt103	__ALL__	euclidean	head	2,5,10	global_pooled	lexeme_prefixed
13730	516	7.696256620432563	359	1	0.17635658914728683	0.2751937984496124	0.0	0	-0.3647255987850666	-0.3490270438556316	-0.3213254032098596	7.847445638555163	7.690965979021986	0.0	0.9269400468515687	0.9973689068153827	0.27982520029133284	transfo-xl-wt103	__ALL__	cosine	head	2,5,11	global_pooled	lexeme_prefixed
13730	516	7.696256620432563	359	1	0.17635658914728683	0.2751937984496124	0.0	0	-0.299955117237224	-0.27356785419827395	-0.25993863314126203	7.847445638555163	7.690965979021986	8.254960643759392e-09	0.8151889507291825	0.42240977853348743	0.2191551347414421	transfo-xl-wt103	__ALL__	euclidean	head	2,5,11	global_pooled	lexeme_prefixed
13730	516	7.696256620432563	359	1	0.17635658914728683	0.2751937984496124	0.0	0	-0.36309781605422653	-0.34249910237269515	-0.31740493553914906	7.849163769196665	7.5897474236691895	0.0	0.9273698401759214	0.9962185472467636	0.28018936635105607	transfo-xl-wt103	__ALL__	cosine	head	2,6,7	global_pooled	lexeme_prefixed
13730	516	7.696256620432563	359	1	0.17635658914728683	0.2751937984496124	0.0	0	-0.30391332402178434	-0.2768308879504181	-0.26138346799823337	7.849163769196665	7.5897474236691895	8.059191459792472e-09	0.8187977583631811	0.4035617182565602	0.21740713765477057	transfo-xl-wt103	__ALL__	euclidean	head	2,6,7	global_pooled	lexeme_prefixed
13730	516	7.696256620432563	359	1	0.17635658914728683	0.2751937984496124	0.0	0	-0.37040403891625834	-0.3508670358735795	-0.3258352069533507	7.868720108555641	7.613699215820841	0.0	0.9267108629060957	0.9973261557909673	0.2812818645302258	transfo-xl-wt103	__ALL__	cosine	head	2,6,8	global_pooled	lexeme_prefixed
13730	516	7.696256620432563	359	1	0.17635658914728683	0.2751937984496124	0.0	0	-0.3054269065545173	-0.277548721619063	-0.26447398987611437	7.868720108555641	7.613699215820841	0.0	0.8153439499357503	0.40851957252436644	0.22017479970866716	transfo-xl-wt103	__ALL__	euclidean	head	2,6,8	global_pooled	lexeme_prefixed
13730	516	7.696256620432563	359	1	0.17635658914728683	0.2751937984496124	0.0	0	-0.354298157583896	-0.3372200099739172	-0.3086650350117565	7.603915315549514	7.63489757536534	0.0	0.9287572805684835	0.9965064895056808	0.2829570284049527	transfo-xl-wt103	__ALL__	cosine	head	2,6,9	global_pooled	lexeme_prefixed
13730	516	7.696256620432563	359	1	0.17635658914728683	0.2751937984496124	0.0	0	-0.301731097492905	-0.275062713523155	-0.26005998541649605	7.603915315549514	7.63489757536534	0.0	0.8170954751365369	0.4117622154831291	0.21959213401310998	transfo-xl-wt103	__ALL__	euclidean	head	2,6,9	global_pooled	lexeme_prefixed
13730	516	7.696256620432563	359	1	0.17635658914728683	0.2751937984496124	0.0	0	-0.37085013641957587	-0.3531191749741541	-0.3243403537262865	7.692973380159588	8.052048616766568	0.0	0.9243112861172895	0.9964517433846294	0.28419519300801166	transfo-xl-wt103	__ALL__	cosine	head	2,6,10	global_pooled	lexeme_prefixed
13730	516	7.696256620432563	359	1	0.17635658914728683	0.2751937984496124	0.0	0	-0.3030211138495766	-0.27698366921571516	-0.2631409474281712	7.692973380159588	8.052048616766568	0.0	0.8147427347842078	0.4238808584286121	0.2202476329206118	transfo-xl-wt103	__ALL__	euclidean	head	2,6,10	global_pooled	lexeme_prefixed
13730	516	7.696256620432563	359	1	0.17635658914728683	0.2751937984496124	0.0	0	-0.37110039718615295	-0.3499432640730618	-0.32359209433252095	7.819002085234563	7.895795637122123	0.0	0.9271478753558979	0.9964052079168407	0.28419519300801166	transfo-xl-wt103	__ALL__	cosine	head	2,6,11	global_pooled	lexeme_prefixed
13730	516	7.696256620432563	359	1	0.17635658914728683	0.2751937984496124	0.0	0	-0.30290263307992493	-0.2754106721382393	-0.2623211700900054	7.819002085234563	7.895795637122123	0.0	0.8128954584061033	0.42021372971756277	0.21966496722505463	transfo-xl-wt103	__ALL__	euclidean	head	2,6,11	global_pooled	lexeme_prefixed
13730	516	7.696256620432563	359	1	0.17635658914728683	0.2751937984496124	0.0	0	-0.3670304376705203	-0.34743355537539294	-0.3210189405669653	8.157762649019544	7.723210908058329	5.599455395627657e-17	0.927026775711932	0.9970843235650884	0.27618353969410053	transfo-xl-wt103	__ALL__	cosine	head	2,7,8	global_pooled	lexeme_prefixed
13730	516	7.696256620432563	359	1	0.17635658914728683	0.2751937984496124	0.0	0	-0.30466055430888367	-0.27554217609647147	-0.26307745189496734	8.157762649019544	7.723210908058329	0.0	0.8198039107790989	0.4029178918845294	0.21565914056809907	transfo-xl-wt103	__ALL__	euclidean	head	2,7,8	global_pooled	lexeme_prefixed
13730	516	7.696256620432563	359	1	0.17635658914728683	0.2751937984496124	0.0	0	-0.3538463068643444	-0.3363653125846505	-0.3104479991149149	7.750500055916319	7.876318448871735	5.611282753351027e-17	0.9285428352268288	0.9962344729200643	0.2747997086671522	transfo-xl-wt103	__ALL__	cosine	head	2,7,9	global_pooled	lexeme_prefixed
13730	516	7.696256620432563	359	1	0.17635658914728683	0.2751937984496124	0.0	0	-0.30126238321249876	-0.2744247051019785	-0.26117331204262273	7.750500055916319	7.876318448871735	5.7392406453291385e-09	0.8146653031419714	0.41174313032483767	0.21660597232337947	transfo-xl-wt103	__ALL__	euclidean	head	2,7,9	global_pooled	lexeme_prefixed
13730	516	7.696256620432563	359	1	0.17635658914728683	0.2751937984496124	0.0	0	-0.3638581429505015	-0.34443872584441737	-0.31832437747485676	7.781988140536293	7.553170970749438	2.24053034148312e-16	0.9266367447343297	0.9966619032339548	0.28011653313911145	transfo-xl-wt103	__ALL__	cosine	head	2,7,10	global_pooled	lexeme_prefixed
13730	516	7.696256620432563	359	1	0.17635658914728683	0.2751937984496124	0.0	0	-0.3002365684838774	-0.27388751913473824	-0.25782394890945753	7.781988140536293	7.553170970749438	0.0	0.8227664713906366	0.4054168255025439	0.21383831026948288	transfo-xl-wt103	__ALL__	euclidean	head	2,7,10	global_pooled	lexeme_prefixed
13730	516	7.696256620432563	359	1	0.17635658914728683	0.2751937984496124	0.0	0	-0.36353951045587046	-0.3431898797335812	-0.31870683482833834	7.8626276915583215	8.107789330665861	0.0	0.9266862597615011	0.9968901163956213	0.27596504005826655	transfo-xl-wt103	__ALL__	cosine	head	2,7,11	global_pooled	lexeme_prefixed
13730	516	7.696256620432563	359	1	0.17635658914728683	0.2751937984496124	0.0	0	-0.3020865892016453	-0.2745014225553222	-0.26231654957310174	7.8626276915583215	8.107789330665861	0.0	0.8149041698797784	0.4150958053859602	0.2131099781500364	transfo-xl-wt103	__ALL__	euclidean	head	2,7,11	global_pooled	lexeme_prefixed
13730	516	7.696256620432563	359	1	0.17635658914728683	0.2751937984496124	0.0	0	-0.36008726994735735	-0.34226939525801353	-0.3145503428040829	7.820196119826437	7.696861846985537	0.0	0.927462609620148	0.9977528327699813	0.27815003641660596	transfo-xl-wt103	__ALL__	cosine	head	2,8,9	global_pooled	lexeme_prefixed
13730	516	7.696256620432563	359	1	0.17635658914728683	0.2751937984496124	0.0	0	-0.30461075354305106	-0.2776533351840622	-0.26363191341685216	7.820196119826437	7.696861846985537	0.0	0.8156365811804913	0.41902142243799373	0.21864530225782958	transfo-xl-wt103	__ALL__	euclidean	head	2,8,9	global_pooled	lexeme_prefixed
13730	516	7.696256620432563	359	1	0.17635658914728683	0.2751937984496124	0.0	0	-0.3651477446073593	-0.34619902138239655	-0.32317651986157603	7.821420136060341	7.941790286913635	5.600657739725094e-17	0.9249070413330922	0.9976921029613217	0.28157319737800435	transfo-xl-wt103	__ALL__	cosine	head	2,8,10	global_pooled	lexeme_prefixed
13730	516	7.696256620432563	359	1	0.17635658914728683	0.2751937984496124	0.0	0	-0.3024364601279194	-0.2763199109148443	-0.26186424990706525	7.821420136060341	7.941790286913635	0.0	0.814158819805116	0.4199512867386129	0.22403495994173342	transfo-xl-wt103	__ALL__	euclidean	head	2,8,10	global_pooled	lexeme_prefixed
13730	516	7.696256620432563	359	1	0.17635658914728683	0.2751937984496124	0.0	0	-0.36624889287438817	-0.3471537925831098	-0.3236606301387275	7.8356592771649005	7.979933343128053	0.0	0.9260768909319183	0.9975263132786609	0.2812090313182811	transfo-xl-wt103	__ALL__	cosine	head	2,8,11	global_pooled	lexeme_prefixed
13730	516	7.696256620432563	359	1	0.17635658914728683	0.2751937984496124	0.0	0	-0.3024045595155322	-0.27554016155511213	-0.2610894893409579	7.8356592771649005	7.979933343128053	5.259716843760479e-09	0.8113383615643311	0.4219525883638618	0.21609613983976694	transfo-xl-wt103	__ALL__	euclidean	head	2,8,11	global_pooled	lexeme_prefixed
13730	516	7.696256620432563	359	1	0.17635658914728683	0.2751937984496124	0.0	0	-0.36005989709032116	-0.3437891620406312	-0.3167268720801529	7.697674421979307	7.723861951811007	0.0	0.9267646210667588	0.9970642762892189	0.2809176984705026	transfo-xl-wt103	__ALL__	cosine	head	2,9,10	global_pooled	lexeme_prefixed
13730	516	7.696256620432563	359	1	0.17635658914728683	0.2751937984496124	0.0	0	-0.3030367386070384	-0.27582361617234474	-0.26274860799273925	7.697674421979307	7.723861951811007	7.223676113111871e-09	0.820002166626099	0.4219163938926304	0.21798980335032775	transfo-xl-wt103	__ALL__	euclidean	head	2,9,10	global_pooled	lexeme_prefixed
13730	516	7.696256620432563	359	1	0.17635658914728683	0.2751937984496124	0.0	0	-0.35885052501320475	-0.33982615334746563	-0.3129823476755809	7.572272737277946	8.016543164469399	0.0	0.9275588568700361	0.9973409061198782	0.27800436999271666	transfo-xl-wt103	__ALL__	cosine	head	2,9,11	global_pooled	lexeme_prefixed
13730	516	7.696256620432563	359	1	0.17635658914728683	0.2751937984496124	0.0	0	-0.30106798617024666	-0.27425784036643813	-0.26041840102105807	7.572272737277946	8.016543164469399	0.0	0.8070925264967396	0.42521120391132183	0.21427530954115076	transfo-xl-wt103	__ALL__	euclidean	head	2,9,11	global_pooled	lexeme_prefixed
13730	516	7.696256620432563	359	1	0.17635658914728683	0.2751937984496124	0.0	0	-0.3664625997335112	-0.3488476997427303	-0.3220043585374465	7.86754145347217	7.950691036805003	0.0	0.9269578090374145	0.9966493474230421	0.28361252731245445	transfo-xl-wt103	__ALL__	cosine	head	2,10,11	global_pooled	lexeme_prefixed
13730	516	7.696256620432563	359	1	0.17635658914728683	0.2751937984496124	0.0	0	-0.300669866062584	-0.27409960397740785	-0.26007315065038783	7.86754145347217	7.950691036805003	5.769365553115709e-09	0.8142519820547053	0.43072738936847876	0.22068463219227968	transfo-xl-wt103	__ALL__	euclidean	head	2,10,11	global_pooled	lexeme_prefixed
13730	516	7.696256620432563	359	1	0.17635658914728683	0.2751937984496124	0.0	0	-0.3647466817910801	-0.3473611764300623	-0.3239925299906746	7.9346602307435745	7.460443068740925	0.0	0.9265232200118948	0.9966322674614324	0.2689730517115805	transfo-xl-wt103	__ALL__	cosine	head	3,4,5	global_pooled	lexeme_prefixed
13730	516	7.696256620432563	359	1	0.17635658914728683	0.2751937984496124	0.0	0	-0.303641735174853	-0.27753803495742546	-0.26359022918782393	7.9346602307435745	7.460443068740925	0.0	0.8232375817854993	0.4104692361819391	0.21296431172614713	transfo-xl-wt103	__ALL__	euclidean	head	3,4,5	global_pooled	lexeme_prefixed
13730	516	7.696256620432563	359	1	0.17635658914728683	0.2751937984496124	0.0	0	-0.36846376674953785	-0.3494461102132492	-0.32621483903234555	7.83516874609492	7.43826406014164	0.0	0.928339709694267	0.9963192200928241	0.26999271667880553	transfo-xl-wt103	__ALL__	cosine	head	3,4,6	global_pooled	lexeme_prefixed
13730	516	7.696256620432563	359	1	0.17635658914728683	0.2751937984496124	0.0	0	-0.3068613439097002	-0.2802612065577068	-0.2654022173759016	7.83516874609492	7.43826406014164	7.861709714168561e-09	0.8239154040323355	0.41033828342064543	0.21485797523670794	transfo-xl-wt103	__ALL__	euclidean	head	3,4,6	global_pooled	lexeme_prefixed
13730	516	7.696256620432563	359	1	0.17635658914728683	0.2751937984496124	0.0	0	-0.3636021872916152	-0.34657323162803577	-0.32253461587818294	7.901185281410514	7.188049663708029	0.0	0.9285364130918271	0.9973756064266937	0.2737072104879825	transfo-xl-wt103	__ALL__	cosine	head	3,4,7	global_pooled	lexeme_prefixed
13730	516	7.696256620432563	359	1	0.17635658914728683	0.2751937984496124	0.0	0	-0.3040600506300035	-0.2776257175233072	-0.26407168601471004	7.901185281410514	7.188049663708029	0.0	0.8279595485216144	0.40048369168555087	0.21944646758922068	transfo-xl-wt103	__ALL__	euclidean	head	3,4,7	global_pooled	lexeme_prefixed
13730	516	7.696256620432563	359	1	0.17635658914728683	0.2751937984496124	0.0	0	-0.36442714345378274	-0.347073253253471	-0.32169174168962383	8.04858535960777	7.4254946152494785	1.6766170930530718e-16	0.9275738578204846	0.9978348898833144	0.275455207574654	transfo-xl-wt103	__ALL__	cosine	head	3,4,8	global_pooled	lexeme_prefixed
13730	516	7.696256620432563	359	1	0.17635658914728683	0.2751937984496124	0.0	0	-0.30533149332367904	-0.27819762875541637	-0.2637286900360687	8.04858535960777	7.4254946152494785	5.326283046420399e-09	0.8290110207360907	0.4037433186809711	0.22235979606700657	transfo-xl-wt103	__ALL__	euclidean	head	3,4,8	global_pooled	lexeme_prefixed
13730	516	7.696256620432563	359	1	0.17635658914728683	0.2751937984496124	0.0	0	-0.3588363094719988	-0.34290855862692277	-0.31770763168459043	7.869826056454399	7.092919461378002	5.601043291973097e-17	0.9312670015230007	0.9969744859808912	0.26860888565185725	transfo-xl-wt103	__ALL__	cosine	head	3,4,9	global_pooled	lexeme_prefixed
13730	516	7.696256620432563	359	1	0.17635658914728683	0.2751937984496124	0.0	0	-0.3057224195228197	-0.27899595183221576	-0.26578329382384247	7.869826056454399	7.092919461378002	0.0	0.8287507973908295	0.4095068352214506	0.21988346686088855	transfo-xl-wt103	__ALL__	euclidean	head	3,4,9	global_pooled	lexeme_prefixed
13730	516	7.696256620432563	359	1	0.17635658914728683	0.2751937984496124	0.0	0	-0.36562903206424663	-0.3484688387961256	-0.3246557431749717	7.89457020817098	7.80824438853017	1.685054210038667e-16	0.9259671477666018	0.9973719529294726	0.27246904588492354	transfo-xl-wt103	__ALL__	cosine	head	3,4,10	global_pooled	lexeme_prefixed
13730	516	7.696256620432563	359	1	0.17635658914728683	0.2751937984496124	0.0	0	-0.3046690125054454	-0.27733562409576507	-0.2649087154991708	7.89457020817098	7.80824438853017	4.128179435513811e-09	0.8183639912333329	0.41909037313246106	0.21580480699198834	transfo-xl-wt103	__ALL__	euclidean	head	3,4,10	global_pooled	lexeme_prefixed
13730	516	7.696256620432563	359	1	0.17635658914728683	0.2751937984496124	0.0	0	-0.36822059494065634	-0.3499315929309119	-0.32823252376058504	8.057574666422187	7.5089053644916195	0.0	0.928399767871395	0.9974028890429002	0.2741442097596504	transfo-xl-wt103	__ALL__	cosine	head	3,4,11	global_pooled	lexeme_prefixed
13730	516	7.696256620432563	359	1	0.17635658914728683	0.2751937984496124	0.0	0	-0.3061886710693772	-0.2788550250981886	-0.264507508083007	8.057574666422187	7.5089053644916195	0.0	0.8244440651939159	0.4119507350350868	0.22002913328477786	transfo-xl-wt103	__ALL__	euclidean	head	3,4,11	global_pooled	lexeme_prefixed
13730	516	7.696256620432563	359	1	0.17635658914728683	0.2751937984496124	0.0	0	-0.3609007322924414	-0.3468615674602784	-0.3191313736026202	7.508947235240268	7.47379524958555	0.0	0.9274449790701816	0.9951897525373463	0.2747997086671522	transfo-xl-wt103	__ALL__	cosine	head	3,5,6	global_pooled	lexeme_prefixed
13730	516	7.696256620432563	359	1	0.17635658914728683	0.2751937984496124	0.0	0	-0.2987520533860894	-0.2726525595715525	-0.2593326950843301	7.508947235240268	7.47379524958555	0.0	0.8155556380421738	0.4000407429173505	0.21361981063364893	transfo-xl-wt103	__ALL__	euclidean	head	3,5,6	global_pooled	lexeme_prefixed
13730	516	7.696256620432563	359	1	0.17635658914728683	0.2751937984496124	0.0	0	-0.3629084172529034	-0.34702083855892485	-0.31954692343154967	7.702070875879727	7.616005115414487	0.0	0.926665654104036	0.9963192076311348	0.27596504005826655	transfo-xl-wt103	__ALL__	cosine	head	3,5,7	global_pooled	lexeme_prefixed
13730	516	7.696256620432563	359	1	0.17635658914728683	0.2751937984496124	0.0	0	-0.30073713463266627	-0.27544009289949783	-0.259913408837381	7.702070875879727	7.616005115414487	0.0	0.8187227034860259	0.4005121970338718	0.21558630735615442	transfo-xl-wt103	__ALL__	euclidean	head	3,5,7	global_pooled	lexeme_prefixed
13730	516	7.696256620432563	359	1	0.17635658914728683	0.2751937984496124	0.0	0	-0.36509809938479487	-0.34684282781542825	-0.3225670758246234	7.69954860041235	7.878860129061078	1.1175497648168683e-16	0.9261965467931776	0.9967764704478015	0.2763292061179898	transfo-xl-wt103	__ALL__	cosine	head	3,5,8	global_pooled	lexeme_prefixed
13730	516	7.696256620432563	359	1	0.17635658914728683	0.2751937984496124	0.0	0	-0.3012044630582612	-0.2762266697789819	-0.26030133956380325	7.69954860041235	7.878860129061078	3.938618707599095e-09	0.8187773432044885	0.40322867660417094	0.2168244719592134	transfo-xl-wt103	__ALL__	euclidean	head	3,5,8	global_pooled	lexeme_prefixed
13730	516	7.696256620432563	359	1	0.17635658914728683	0.2751937984496124	0.0	0	-0.3606808334054552	-0.3451855029355116	-0.31769266656077133	7.779051576251912	7.22416932832184	1.6759807818045387e-16	0.9301186941958773	0.9954484189605727	0.2694100509832484	transfo-xl-wt103	__ALL__	cosine	head	3,5,9	global_pooled	lexeme_prefixed
13730	516	7.696256620432563	359	1	0.17635658914728683	0.2751937984496124	0.0	0	-0.3032415562769942	-0.27679732707680954	-0.26266922889974675	7.779051576251912	7.22416932832184	0.0	0.8240656191357582	0.41065441991965973	0.21383831026948288	transfo-xl-wt103	__ALL__	euclidean	head	3,5,9	global_pooled	lexeme_prefixed
13730	516	7.696256620432563	359	1	0.17635658914728683	0.2751937984496124	0.0	0	-0.36431056949262264	-0.3498016864079844	-0.32119406152285057	7.6644109143900945	8.13565444962367	0.0	0.925566714574023	0.996911593615384	0.2770575382374363	transfo-xl-wt103	__ALL__	cosine	head	3,5,10	global_pooled	lexeme_prefixed
13730	516	7.696256620432563	359	1	0.17635658914728683	0.2751937984496124	0.0	0	-0.30090199371664006	-0.2752447992138249	-0.2621727833022647	7.6644109143900945	8.13565444962367	0.0	0.805557913891145	0.42048256040925175	0.21463947560087399	transfo-xl-wt103	__ALL__	euclidean	head	3,5,10	global_pooled	lexeme_prefixed
13730	516	7.696256620432563	359	1	0.17635658914728683	0.2751937984496124	0.0	0	-0.368005938697364	-0.3495968012000674	-0.32295931605856043	7.624234488083105	7.775416817312846	0.0	0.9267814605811145	0.9971734498178062	0.27407137654770575	transfo-xl-wt103	__ALL__	cosine	head	3,5,11	global_pooled	lexeme_prefixed
13730	516	7.696256620432563	359	1	0.17635658914728683	0.2751937984496124	0.0	0	-0.3036607334415488	-0.27637628740307496	-0.26298719428561973	7.624234488083105	7.775416817312846	0.0	0.8125848423141679	0.4127074040974247	0.2201019664967225	transfo-xl-wt103	__ALL__	euclidean	head	3,5,11	global_pooled	lexeme_prefixed
13730	516	7.696256620432563	359	1	0.17635658914728683	0.2751937984496124	0.0	0	-0.3597887145556864	-0.3416268351706562	-0.31642944780091836	7.678488281950608	7.31776708366592	5.608320868993389e-17	0.9298251151735408	0.9966538279103694	0.2764748725418791	transfo-xl-wt103	__ALL__	cosine	head	3,6,7	global_pooled	lexeme_prefixed
13730	516	7.696256620432563	359	1	0.17635658914728683	0.2751937984496124	0.0	0	-0.3019452533078778	-0.2748477384529929	-0.2598615611327144	7.678488281950608	7.31776708366592	0.0	0.819791752899631	0.3897472412245881	0.21653313911143482	transfo-xl-wt103	__ALL__	euclidean	head	3,6,7	global_pooled	lexeme_prefixed
13730	516	7.696256620432563	359	1	0.17635658914728683	0.2751937984496124	0.0	0	-0.3626184212002739	-0.34429767855877563	-0.3207243946125888	7.66032587441607	7.351345714524487	0.0	0.928981730016292	0.9969945941175133	0.27807720320466134	transfo-xl-wt103	__ALL__	cosine	head	3,6,8	global_pooled	lexeme_prefixed
13730	516	7.696256620432563	359	1	0.17635658914728683	0.2751937984496124	0.0	0	-0.3035017822016014	-0.2771225505375003	-0.26317839458589204	7.66032587441607	7.351345714524487	0.0	0.8185898802481698	0.3896605471634887	0.21733430444282592	transfo-xl-wt103	__ALL__	euclidean	head	3,6,8	global_pooled	lexeme_prefixed
13730	516	7.696256620432563	359	1	0.17635658914728683	0.2751937984496124	0.0	0	-0.3462324729235542	-0.32757663064525655	-0.30387234135226915	7.703450655731525	7.21175447871611	0.0	0.9321098356532099	0.9956978094643455	0.27421704297159505	transfo-xl-wt103	__ALL__	cosine	head	3,6,9	global_pooled	lexeme_prefixed
13730	516	7.696256620432563	359	1	0.17635658914728683	0.2751937984496124	0.0	0	-0.3011308195152725	-0.274327730967119	-0.26126358466825556	7.703450655731525	7.21175447871611	0.0	0.8249481725430748	0.39560819545432496	0.21063364894391842	transfo-xl-wt103	__ALL__	euclidean	head	3,6,9	global_pooled	lexeme_prefixed
13730	516	7.696256620432563	359	1	0.17635658914728683	0.2751937984496124	0.0	0	-0.3655102276262089	-0.3478474131629919	-0.3227669862465608	7.657084092786595	8.260950855578406	0.0	0.9259603361703165	0.9964082625527055	0.27734887108521483	transfo-xl-wt103	__ALL__	cosine	head	3,6,10	global_pooled	lexeme_prefixed
13730	516	7.696256620432563	359	1	0.17635658914728683	0.2751937984496124	0.0	0	-0.3028413631101693	-0.2757066309318939	-0.2623182814495231	7.657084092786595	8.260950855578406	0.0	0.8085600627647169	0.4156337662492281	0.2190094683175528	transfo-xl-wt103	__ALL__	euclidean	head	3,6,10	global_pooled	lexeme_prefixed
13730	516	7.696256620432563	359	1	0.17635658914728683	0.2751937984496124	0.0	0	-0.36783930090225525	-0.3475212811665619	-0.32025638646676835	7.768839187691911	7.711077408286268	0.0	0.9291602234734675	0.9966068334385216	0.2755280407865987	transfo-xl-wt103	__ALL__	cosine	head	3,6,11	global_pooled	lexeme_prefixed
13730	516	7.696256620432563	359	1	0.17635658914728683	0.2751937984496124	0.0	0	-0.30418963602602017	-0.27659583496498447	-0.2627176416151934	7.768839187691911	7.711077408286268	0.0	0.8142348460924901	0.40527021466871255	0.2177713037144938	transfo-xl-wt103	__ALL__	euclidean	head	3,6,11	global_pooled	lexeme_prefixed
13730	516	7.696256620432563	359	1	0.17635658914728683	0.2751937984496124	0.0	0	-0.3597364148311545	-0.34248190951057245	-0.3158208096479288	7.876420729659288	7.632987331629761	1.677727360894453e-16	0.9279751754725922	0.9973751545512688	0.2777130371449381	transfo-xl-wt103	__ALL__	cosine	head	3,7,8	global_pooled	lexeme_prefixed
13730	516	7.696256620432563	359	1	0.17635658914728683	0.2751937984496124	0.0	0	-0.30162157204777784	-0.27520495340697787	-0.26100280759826466	7.876420729659288	7.632987331629761	5.65137441802202e-09	0.8223616326283106	0.3869955272635882	0.21733430444282592	transfo-xl-wt103	__ALL__	euclidean	head	3,7,8	global_pooled	lexeme_prefixed
13730	516	7.696256620432563	359	1	0.17635658914728683	0.2751937984496124	0.0	0	-0.3535281444329452	-0.33615906252213024	-0.31191267748299595	7.675240215800879	7.624910114033159	0.0	0.9298907866786765	0.9962718545312457	0.27188638018936634	transfo-xl-wt103	__ALL__	cosine	head	3,7,9	global_pooled	lexeme_prefixed
13730	516	7.696256620432563	359	1	0.17635658914728683	0.2751937984496124	0.0	0	-0.30064105379451767	-0.27565196502176403	-0.26178385680645405	7.675240215800879	7.624910114033159	0.0	0.8211906951089849	0.39912131010940805	0.21646030589949017	transfo-xl-wt103	__ALL__	euclidean	head	3,7,9	global_pooled	lexeme_prefixed
13730	516	7.696256620432563	359	1	0.17635658914728683	0.2751937984496124	0.0	0	-0.3610239237446855	-0.343786243513409	-0.3192917429656478	7.61477162385974	7.905851386173975	0.0	0.9270868022497455	0.9972506844374885	0.2777130371449381	transfo-xl-wt103	__ALL__	cosine	head	3,7,10	global_pooled	lexeme_prefixed
13730	516	7.696256620432563	359	1	0.17635658914728683	0.2751937984496124	0.0	0	-0.2992869893220516	-0.27317518781440453	-0.25941851333160215	7.61477162385974	7.905851386173975	0.0	0.8153602840817532	0.39947894513542603	0.21755280407865987	transfo-xl-wt103	__ALL__	euclidean	head	3,7,10	global_pooled	lexeme_prefixed
13730	516	7.696256620432563	359	1	0.17635658914728683	0.2751937984496124	0.0	0	-0.36592259970407726	-0.34533758447073387	-0.32062204981726844	7.65547578834471	8.093050568842852	0.0	0.9272584130054589	0.9975159028899809	0.27225054624908956	transfo-xl-wt103	__ALL__	cosine	head	3,7,11	global_pooled	lexeme_prefixed
13730	516	7.696256620432563	359	1	0.17635658914728683	0.2751937984496124	0.0	0	-0.30334260519742734	-0.27618467766743265	-0.2633182105163368	7.65547578834471	8.093050568842852	0.0	0.8153475819933541	0.4028444462747373	0.21784413692643845	transfo-xl-wt103	__ALL__	euclidean	head	3,7,11	global_pooled	lexeme_prefixed
13730	516	7.696256620432563	359	1	0.17635658914728683	0.2751937984496124	0.0	0	-0.3545399999432938	-0.3351275399018585	-0.3094409126993437	7.786786076336863	7.449455146377751	5.577856220708014e-17	0.9295531143041506	0.9970406388790114	0.27203204661325564	transfo-xl-wt103	__ALL__	cosine	head	3,8,9	global_pooled	lexeme_prefixed
13730	516	7.696256620432563	359	1	0.17635658914728683	0.2751937984496124	0.0	0	-0.30365578574730806	-0.2771225932931862	-0.2618990610323215	7.786786076336863	7.449455146377751	3.7266109621023705e-09	0.8242532836183962	0.40110705460905904	0.21624180626365622	transfo-xl-wt103	__ALL__	euclidean	head	3,8,9	global_pooled	lexeme_prefixed
13730	516	7.696256620432563	359	1	0.17635658914728683	0.2751937984496124	0.0	0	-0.3584012734705524	-0.34218888134031894	-0.31753630510557157	7.647530782961269	8.311301551647448	0.0	0.9258778797456872	0.9975928209564259	0.2750182083029862	transfo-xl-wt103	__ALL__	cosine	head	3,8,10	global_pooled	lexeme_prefixed
13730	516	7.696256620432563	359	1	0.17635658914728683	0.2751937984496124	0.0	0	-0.30025745706685425	-0.27451134402152433	-0.2595372966916419	7.647530782961269	8.311301551647448	3.905614620227813e-09	0.8092963099755967	0.408742026642674	0.22643845593590678	transfo-xl-wt103	__ALL__	euclidean	head	3,8,10	global_pooled	lexeme_prefixed
13730	516	7.696256620432563	359	1	0.17635658914728683	0.2751937984496124	0.0	0	-0.3616939976560086	-0.34186338259328913	-0.31828353346870936	7.614657667122872	7.962287683145313	0.0	0.926956993618931	0.9976847259247347	0.2820830298616169	transfo-xl-wt103	__ALL__	cosine	head	3,8,11	global_pooled	lexeme_prefixed
13730	516	7.696256620432563	359	1	0.17635658914728683	0.2751937984496124	0.0	0	-0.30329619199651064	-0.27577294249209405	-0.26138943530689496	7.614657667122872	7.962287683145313	0.0	0.8133149398261156	0.4052501640952843	0.21922796795338675	transfo-xl-wt103	__ALL__	euclidean	head	3,8,11	global_pooled	lexeme_prefixed
13730	516	7.696256620432563	359	1	0.17635658914728683	0.2751937984496124	0.0	0	-0.35788664300626644	-0.33902874449971326	-0.314809093539108	7.8220310994594495	7.901584945958615	1.116964876345682e-16	0.9281273360811977	0.9965460990470764	0.27188638018936634	transfo-xl-wt103	__ALL__	cosine	head	3,9,10	global_pooled	lexeme_prefixed
13730	516	7.696256620432563	359	1	0.17635658914728683	0.2751937984496124	0.0	0	-0.3031114897476087	-0.277708460030886	-0.26443791001057926	7.8220310994594495	7.901584945958615	0.0	0.8197603322814317	0.41366743476819395	0.2157319737800437	transfo-xl-wt103	__ALL__	euclidean	head	3,9,10	global_pooled	lexeme_prefixed
13730	516	7.696256620432563	359	1	0.17635658914728683	0.2751937984496124	0.0	0	-0.35777624391080787	-0.3397937258670119	-0.31412717408391405	7.576104645582291	7.831264442264094	1.680095570981961e-16	0.9292196154871485	0.99717679382466	0.27407137654770575	transfo-xl-wt103	__ALL__	cosine	head	3,9,11	global_pooled	lexeme_prefixed
13730	516	7.696256620432563	359	1	0.17635658914728683	0.2751937984496124	0.0	0	-0.30446820539643094	-0.27699197520307395	-0.26342899547919135	7.576104645582291	7.831264442264094	6.170734879463381e-09	0.8140695071815705	0.41046710775584644	0.2144938091769847	transfo-xl-wt103	__ALL__	euclidean	head	3,9,11	global_pooled	lexeme_prefixed
13730	516	7.696256620432563	359	1	0.17635658914728683	0.2751937984496124	0.0	0	-0.3670393232216224	-0.3482798360386999	-0.32452832834511286	7.76680715989787	8.345026274337723	0.0	0.9274188861222951	0.9969730159794769	0.2771303714493809	transfo-xl-wt103	__ALL__	cosine	head	3,10,11	global_pooled	lexeme_prefixed
13730	516	7.696256620432563	359	1	0.17635658914728683	0.2751937984496124	0.0	0	-0.30359172158016456	-0.27593384950719035	-0.263582943546583	7.76680715989787	8.345026274337723	4.292534179733185e-09	0.8082679796472965	0.4228960751491329	0.2235251274581209	transfo-xl-wt103	__ALL__	euclidean	head	3,10,11	global_pooled	lexeme_prefixed
13730	516	7.696256620432563	359	1	0.17635658914728683	0.2751937984496124	0.0	0	-0.365349258778851	-0.3520564789005604	-0.32792508411824534	7.885507326699747	7.869965318434367	0.0	0.9242602881788795	0.9958525021443633	0.2705753823743627	transfo-xl-wt103	__ALL__	cosine	head	4,5,6	global_pooled	lexeme_prefixed
13730	516	7.696256620432563	359	1	0.17635658914728683	0.2751937984496124	0.0	0	-0.3023578608902489	-0.2764142788819488	-0.2622363749533861	7.885507326699747	7.869965318434367	3.755948823638348e-09	0.8187143700473065	0.4150606381712082	0.20946831755280407	transfo-xl-wt103	__ALL__	euclidean	head	4,5,6	global_pooled	lexeme_prefixed
13730	516	7.696256620432563	359	1	0.17635658914728683	0.2751937984496124	0.0	0	-0.36503308264909734	-0.34948539701849224	-0.32315233315053365	8.017676721050885	7.601718058771017	1.1199257681309989e-16	0.9245488253242942	0.9968476346119252	0.27574654042243263	transfo-xl-wt103	__ALL__	cosine	head	4,5,7	global_pooled	lexeme_prefixed
13730	516	7.696256620432563	359	1	0.17635658914728683	0.2751937984496124	0.0	0	-0.3024759176494745	-0.2748885904546646	-0.26122840260740504	8.017676721050885	7.601718058771017	0.0	0.8227827640537989	0.40890846663345104	0.21828113619810632	transfo-xl-wt103	__ALL__	euclidean	head	4,5,7	global_pooled	lexeme_prefixed
13730	516	7.696256620432563	359	1	0.17635658914728683	0.2751937984496124	0.0	0	-0.36991737476904796	-0.35172912209412804	-0.32665379004299155	8.32168271130013	8.037211873531817	0.0	0.9238189247095224	0.9975233434562033	0.27640203932993446	transfo-xl-wt103	__ALL__	cosine	head	4,5,8	global_pooled	lexeme_prefixed
13730	516	7.696256620432563	359	1	0.17635658914728683	0.2751937984496124	0.0	0	-0.30389742481550724	-0.27746295735208865	-0.2622019859604126	8.32168271130013	8.037211873531817	0.0	0.8223227803115172	0.41474941577555835	0.21332847778587036	transfo-xl-wt103	__ALL__	euclidean	head	4,5,8	global_pooled	lexeme_prefixed
13730	516	7.696256620432563	359	1	0.17635658914728683	0.2751937984496124	0.0	0	-0.36394594726669055	-0.35118272365162756	-0.3223146978955637	8.119324293938709	7.163929442171542	5.593854364525269e-17	0.9283342897342065	0.9963788089161353	0.2730517115804807	transfo-xl-wt103	__ALL__	cosine	head	4,5,9	global_pooled	lexeme_prefixed
13730	516	7.696256620432563	359	1	0.17635658914728683	0.2751937984496124	0.0	0	-0.30354037286435237	-0.27673254362240146	-0.2627683801288818	8.119324293938709	7.163929442171542	5.062603126071444e-09	0.8261197886497343	0.4168423757223177	0.2090313182811362	transfo-xl-wt103	__ALL__	euclidean	head	4,5,9	global_pooled	lexeme_prefixed
13730	516	7.696256620432563	359	1	0.17635658914728683	0.2751937984496124	0.0	0	-0.36953201922635365	-0.3553572858815013	-0.32568362479038815	8.098842193266233	7.828171404700047	5.594481444376118e-17	0.9233288433232175	0.9972024108680273	0.2749453750910415	transfo-xl-wt103	__ALL__	cosine	head	4,5,10	global_pooled	lexeme_prefixed
13730	516	7.696256620432563	359	1	0.17635658914728683	0.2751937984496124	0.0	0	-0.3038233764118756	-0.2786975875056292	-0.2627964701716313	8.098842193266233	7.828171404700047	3.9758848456074054e-09	0.816212994294351	0.42341101723137237	0.2150764748725419	transfo-xl-wt103	__ALL__	euclidean	head	4,5,10	global_pooled	lexeme_prefixed
13730	516	7.696256620432563	359	1	0.17635658914728683	0.2751937984496124	0.0	0	-0.36860813209267496	-0.352454558525618	-0.3260060694035339	8.297805107791342	7.424601290767046	0.0	0.9258524529645783	0.9970914150735672	0.27268754552075747	transfo-xl-wt103	__ALL__	cosine	head	4,5,11	global_pooled	lexeme_prefixed
13730	516	7.696256620432563	359	1	0.17635658914728683	0.2751937984496124	0.0	0	-0.3025855060098732	-0.27515002370589703	-0.263121728965446	8.297805107791342	7.424601290767046	0.0	0.8258800981207421	0.41567928971674006	0.21747997086671522	transfo-xl-wt103	__ALL__	euclidean	head	4,5,11	global_pooled	lexeme_prefixed
13730	516	7.696256620432563	359	1	0.17635658914728683	0.2751937984496124	0.0	0	-0.36780299148110934	-0.35199503700362	-0.3258770708019013	7.822812194963881	7.627966726794477	5.607958881555512e-17	0.9264737085827407	0.9970244725412469	0.2786598689002185	transfo-xl-wt103	__ALL__	cosine	head	4,6,7	global_pooled	lexeme_prefixed
13730	516	7.696256620432563	359	1	0.17635658914728683	0.2751937984496124	0.0	0	-0.30716865646541563	-0.28008619254790473	-0.2656736924856409	7.822812194963881	7.627966726794477	8.11564997909267e-09	0.8198005151260369	0.4096109839001776	0.21646030589949017	transfo-xl-wt103	__ALL__	euclidean	head	4,6,7	global_pooled	lexeme_prefixed
13730	516	7.696256620432563	359	1	0.17635658914728683	0.2751937984496124	0.0	0	-0.37115677951965764	-0.3554657116046033	-0.3266685827535724	8.021160429434644	7.842813040562029	0.0	0.9256055031394242	0.9975925806452693	0.2747997086671522	transfo-xl-wt103	__ALL__	cosine	head	4,6,8	global_pooled	lexeme_prefixed
13730	516	7.696256620432563	359	1	0.17635658914728683	0.2751937984496124	0.0	0	-0.30857991412402175	-0.2810644743966827	-0.2667329859168844	8.021160429434644	7.842813040562029	5.313959066227945e-09	0.8179705449040188	0.4132814482511194	0.2168244719592134	transfo-xl-wt103	__ALL__	euclidean	head	4,6,8	global_pooled	lexeme_prefixed
13730	516	7.696256620432563	359	1	0.17635658914728683	0.2751937984496124	0.0	0	-0.3593342213946305	-0.34173671612583867	-0.3175875403104763	7.89322351307069	7.446095018202011	1.6803676526748193e-16	0.9292104122175481	0.9965906489708589	0.2734158776402039	transfo-xl-wt103	__ALL__	cosine	head	4,6,9	global_pooled	lexeme_prefixed
13730	516	7.696256620432563	359	1	0.17635658914728683	0.2751937984496124	0.0	0	-0.30497085762751586	-0.2774407274018393	-0.2641001790885544	7.89322351307069	7.446095018202011	0.0	0.8226638200353528	0.4133179304110202	0.21471230881281864	transfo-xl-wt103	__ALL__	euclidean	head	4,6,9	global_pooled	lexeme_prefixed
13730	516	7.696256620432563	359	1	0.17635658914728683	0.2751937984496124	0.0	0	-0.37473617775744267	-0.3581163390939179	-0.3317317128978333	7.888824924174319	8.205764363285718	0.0	0.9231591709051259	0.9965219164447373	0.27232337946103424	transfo-xl-wt103	__ALL__	cosine	head	4,6,10	global_pooled	lexeme_prefixed
13730	516	7.696256620432563	359	1	0.17635658914728683	0.2751937984496124	0.0	0	-0.30775031365472144	-0.28084204476351815	-0.26702635626867194	7.888824924174319	8.205764363285718	3.962352470878734e-09	0.8145943392130938	0.42905434378989216	0.21631463947560087	transfo-xl-wt103	__ALL__	euclidean	head	4,6,10	global_pooled	lexeme_prefixed
13730	516	7.696256620432563	359	1	0.17635658914728683	0.2751937984496124	0.0	0	-0.37388753263283736	-0.3555655629606106	-0.33030508299779915	8.173013161504665	7.633576903699564	0.0	0.9277783612879115	0.996463825128876	0.275455207574654	transfo-xl-wt103	__ALL__	cosine	head	4,6,11	global_pooled	lexeme_prefixed
13730	516	7.696256620432563	359	1	0.17635658914728683	0.2751937984496124	0.0	0	-0.30754180523261276	-0.27931854494086206	-0.2666504453383741	8.173013161504665	7.633576903699564	7.355558094672507e-09	0.8232400601070726	0.41913157410148677	0.21376547705753823	transfo-xl-wt103	__ALL__	euclidean	head	4,6,11	global_pooled	lexeme_prefixed
13730	516	7.696256620432563	359	1	0.17635658914728683	0.2751937984496124	0.0	0	-0.36698151154943576	-0.3499386252713105	-0.3247541290621211	8.188056152860186	7.695565743362725	0.0	0.925519292554922	0.9980382156007541	0.27450837581937365	transfo-xl-wt103	__ALL__	cosine	head	4,7,8	global_pooled	lexeme_prefixed
13730	516	7.696256620432563	359	1	0.17635658914728683	0.2751937984496124	0.0	0	-0.30590974094521456	-0.2779425889532183	-0.26484345985352975	8.188056152860186	7.695565743362725	0.0	0.823486176188591	0.403962880356754	0.21631463947560087	transfo-xl-wt103	__ALL__	euclidean	head	4,7,8	global_pooled	lexeme_prefixed
13730	516	7.696256620432563	359	1	0.17635658914728683	0.2751937984496124	0.0	0	-0.3587356758907792	-0.34176699892538126	-0.31715639684145186	7.804139586376492	7.417154534222257	0.0	0.9283975890069318	0.9970151621371337	0.2767662053896577	transfo-xl-wt103	__ALL__	cosine	head	4,7,9	global_pooled	lexeme_prefixed
13730	516	7.696256620432563	359	1	0.17635658914728683	0.2751937984496124	0.0	0	-0.3012040612151254	-0.2745821349751153	-0.2608218722843957	7.804139586376492	7.417154534222257	0.0	0.8211236360363707	0.41009359461596834	0.21747997086671522	transfo-xl-wt103	__ALL__	euclidean	head	4,7,9	global_pooled	lexeme_prefixed
13730	516	7.696256620432563	359	1	0.17635658914728683	0.2751937984496124	0.0	0	-0.36630709360340574	-0.35060223032347093	-0.3194898018653816	7.843557791585826	7.472757485580765	0.0	0.9251231072523588	0.9973701398788923	0.2786598689002185	transfo-xl-wt103	__ALL__	cosine	head	4,7,10	global_pooled	lexeme_prefixed
13730	516	7.696256620432563	359	1	0.17635658914728683	0.2751937984496124	0.0	0	-0.3033155891327775	-0.2770256337848136	-0.26150203504009445	7.843557791585826	7.472757485580765	7.906375237621096e-09	0.8236390394379527	0.4066441072447174	0.22184996358339404	transfo-xl-wt103	__ALL__	euclidean	head	4,7,10	global_pooled	lexeme_prefixed
13730	516	7.696256620432563	359	1	0.17635658914728683	0.2751937984496124	0.0	0	-0.3659423133674109	-0.3485037708427835	-0.32189208559975147	8.161383040589183	7.577007748493563	2.2408028369320387e-16	0.9271453645893044	0.9973336087475644	0.27654770575382376	transfo-xl-wt103	__ALL__	cosine	head	4,7,11	global_pooled	lexeme_prefixed
13730	516	7.696256620432563	359	1	0.17635658914728683	0.2751937984496124	0.0	0	-0.30467351701517975	-0.27904948532940604	-0.26392523680163876	8.161383040589183	7.577007748493563	7.605578450855266e-09	0.8265079575351859	0.40966782114362665	0.2180626365622724	transfo-xl-wt103	__ALL__	euclidean	head	4,7,11	global_pooled	lexeme_prefixed
13730	516	7.696256620432563	359	1	0.17635658914728683	0.2751937984496124	0.0	0	-0.3666922927476204	-0.3468172164162474	-0.32228635799635996	8.140885724603312	7.451966831272408	0.0	0.927290810263584	0.9980211939318798	0.2733430444282593	transfo-xl-wt103	__ALL__	cosine	head	4,8,9	global_pooled	lexeme_prefixed
13730	516	7.696256620432563	359	1	0.17635658914728683	0.2751937984496124	0.0	0	-0.30627461600551276	-0.2790336404257807	-0.26313513802345784	8.140885724603312	7.451966831272408	0.0	0.8233987697481943	0.41573212259919906	0.22017479970866716	transfo-xl-wt103	__ALL__	euclidean	head	4,8,9	global_pooled	lexeme_prefixed
13730	516	7.696256620432563	359	1	0.17635658914728683	0.2751937984496124	0.0	0	-0.3695828748298371	-0.35390886353883305	-0.3265035255670778	8.093555473219503	8.048827363818882	2.234947678844869e-16	0.9232547204034077	0.9978899204788853	0.2736343772760379	transfo-xl-wt103	__ALL__	cosine	head	4,8,10	global_pooled	lexeme_prefixed
13730	516	7.696256620432563	359	1	0.17635658914728683	0.2751937984496124	0.0	0	-0.3057912726533034	-0.28014133287840665	-0.264288444235445	8.093555473219503	8.048827363818882	0.0	0.8169941378503035	0.42024351009849886	0.2199563000728332	transfo-xl-wt103	__ALL__	euclidean	head	4,8,10	global_pooled	lexeme_prefixed
13730	516	7.696256620432563	359	1	0.17635658914728683	0.2751937984496124	0.0	0	-0.36798588243659963	-0.35090145295555375	-0.32546736037027135	8.307224856345615	7.6571763280352325	0.0	0.9258785001067322	0.9977988605157545	0.2767662053896577	transfo-xl-wt103	__ALL__	cosine	head	4,8,11	global_pooled	lexeme_prefixed
13730	516	7.696256620432563	359	1	0.17635658914728683	0.2751937984496124	0.0	0	-0.30542943668331857	-0.27806282436277446	-0.26482235309644575	8.307224856345615	7.6571763280352325	0.0	0.8247850137262139	0.4158636421389048	0.22148579752367079	transfo-xl-wt103	__ALL__	euclidean	head	4,8,11	global_pooled	lexeme_prefixed
13730	516	7.696256620432563	359	1	0.17635658914728683	0.2751937984496124	0.0	0	-0.36719960449272343	-0.3530042655100994	-0.3234073857458216	8.02671746658989	7.428307034319359	0.0	0.9263653969950105	0.9970958917820089	0.2715222141296431	transfo-xl-wt103	__ALL__	cosine	head	4,9,10	global_pooled	lexeme_prefixed
13730	516	7.696256620432563	359	1	0.17635658914728683	0.2751937984496124	0.0	0	-0.30519852808728704	-0.27904373275474986	-0.26295511473234123	8.02671746658989	7.428307034319359	6.613770621526012e-09	0.8248208480768536	0.4192784289250609	0.2149308084486526	transfo-xl-wt103	__ALL__	euclidean	head	4,9,10	global_pooled	lexeme_prefixed
13730	516	7.696256620432563	359	1	0.17635658914728683	0.2751937984496124	0.0	0	-0.3627646695881975	-0.3449314287629998	-0.31683873895720754	8.039881048570491	7.287920424301851	0.0	0.9288724650428261	0.9974917321980705	0.27603787327021123	transfo-xl-wt103	__ALL__	cosine	head	4,9,11	global_pooled	lexeme_prefixed
13730	516	7.696256620432563	359	1	0.17635658914728683	0.2751937984496124	0.0	0	-0.30380627649591296	-0.27691718522657155	-0.26385853706471685	8.039881048570491	7.287920424301851	0.0	0.8237726820788744	0.4161887146335593	0.215877640203933	transfo-xl-wt103	__ALL__	euclidean	head	4,9,11	global_pooled	lexeme_prefixed
13730	516	7.696256620432563	359	1	0.17635658914728683	0.2751937984496124	0.0	0	-0.37136107887892605	-0.3546954119137478	-0.33057486650501045	8.250501693814439	7.58167262625553	5.609921062736482e-17	0.9266446397087111	0.9965340128623341	0.2756008739985433	transfo-xl-wt103	__ALL__	cosine	head	4,10,11	global_pooled	lexeme_prefixed
13730	516	7.696256620432563	359	1	0.17635658914728683	0.2751937984496124	0.0	0	-0.30511676743360394	-0.2787403337765	-0.26563220661094156	8.250501693814439	7.58167262625553	0.0	0.824020364333323	0.4252851849630291	0.21544064093226512	transfo-xl-wt103	__ALL__	euclidean	head	4,10,11	global_pooled	lexeme_prefixed
13730	516	7.696256620432563	359	1	0.17635658914728683	0.2751937984496124	0.0	0	-0.3607534847626958	-0.3457649293245501	-0.3170353416546076	7.633790049644539	7.811767319388516	1.1225644961607623e-16	0.9255691817622307	0.9965919292217298	0.27873270211216317	transfo-xl-wt103	__ALL__	cosine	head	5,6,7	global_pooled	lexeme_prefixed
13730	516	7.696256620432563	359	1	0.17635658914728683	0.2751937984496124	0.0	0	-0.2996859293145878	-0.2732002087802646	-0.2591994624503387	7.633790049644539	7.811767319388516	6.281454179720209e-09	0.8143202038837325	0.40012564242663956	0.2216314639475601	transfo-xl-wt103	__ALL__	euclidean	head	5,6,7	global_pooled	lexeme_prefixed
13730	516	7.696256620432563	359	1	0.17635658914728683	0.2751937984496124	0.0	0	-0.3692483344719852	-0.3512318509005376	-0.3268868341449552	7.68764792051826	8.063044125588666	2.798190408560202e-16	0.9244901097044655	0.9971576346878787	0.2756008739985433	transfo-xl-wt103	__ALL__	cosine	head	5,6,8	global_pooled	lexeme_prefixed
13730	516	7.696256620432563	359	1	0.17635658914728683	0.2751937984496124	0.0	0	-0.300405170687843	-0.27454123999550556	-0.2590051136410912	7.68764792051826	8.063044125588666	0.0	0.8109894318465041	0.4040136877795374	0.21762563729060452	transfo-xl-wt103	__ALL__	euclidean	head	5,6,8	global_pooled	lexeme_prefixed
13730	516	7.696256620432563	359	1	0.17635658914728683	0.2751937984496124	0.0	0	-0.35630714168356153	-0.34270758251415434	-0.31614520192879886	7.731111348721964	7.329161478609902	1.678376190791359e-16	0.9289269073646328	0.995570117226085	0.27254187909686817	transfo-xl-wt103	__ALL__	cosine	head	5,6,9	global_pooled	lexeme_prefixed
13730	516	7.696256620432563	359	1	0.17635658914728683	0.2751937984496124	0.0	0	-0.2991025941296236	-0.27243052846256793	-0.2578337504366147	7.731111348721964	7.329161478609902	0.0	0.8217784475775959	0.4051389657425786	0.21391114348142753	transfo-xl-wt103	__ALL__	euclidean	head	5,6,9	global_pooled	lexeme_prefixed
13730	516	7.696256620432563	359	1	0.17635658914728683	0.2751937984496124	0.0	0	-0.370566837570121	-0.3557425270044957	-0.32667778929658353	7.653759134618859	8.313324161822688	0.0	0.9230132189949604	0.996701648961341	0.276911871813547	transfo-xl-wt103	__ALL__	cosine	head	5,6,10	global_pooled	lexeme_prefixed
13730	516	7.696256620432563	359	1	0.17635658914728683	0.2751937984496124	0.0	0	-0.3015552203704858	-0.275915603714171	-0.2616912498224444	7.653759134618859	8.313324161822688	6.403264723774661e-09	0.8060579939837954	0.4218828108750614	0.21660597232337947	transfo-xl-wt103	__ALL__	euclidean	head	5,6,10	global_pooled	lexeme_prefixed
13730	516	7.696256620432563	359	1	0.17635658914728683	0.2751937984496124	0.0	0	-0.3690571672317984	-0.3505910083404351	-0.32642957081434393	7.752937633579688	7.657552662798977	0.0	0.9267400628150008	0.9968741746307683	0.275455207574654	transfo-xl-wt103	__ALL__	cosine	head	5,6,11	global_pooled	lexeme_prefixed
13730	516	7.696256620432563	359	1	0.17635658914728683	0.2751937984496124	0.0	0	-0.3006778031862382	-0.2739658126584361	-0.2596166582194558	7.752937633579688	7.657552662798977	0.0	0.8158489476341921	0.41103018079343606	0.21784413692643845	transfo-xl-wt103	__ALL__	euclidean	head	5,6,11	global_pooled	lexeme_prefixed
13730	516	7.696256620432563	359	1	0.17635658914728683	0.2751937984496124	0.0	0	-0.367932757411824	-0.3530116213593017	-0.3234959399553646	8.00018684907452	8.294285634977774	0.0	0.9239625891228247	0.9975343095288416	0.2772760378732702	transfo-xl-wt103	__ALL__	cosine	head	5,7,8	global_pooled	lexeme_prefixed
13730	516	7.696256620432563	359	1	0.17635658914728683	0.2751937984496124	0.0	0	-0.3026755489039974	-0.27513584431610016	-0.2615200415161017	8.00018684907452	8.294285634977774	5.485315935506019e-09	0.8151980719668835	0.40487070680024645	0.21238164603058995	transfo-xl-wt103	__ALL__	euclidean	head	5,7,8	global_pooled	lexeme_prefixed
13730	516	7.696256620432563	359	1	0.17635658914728683	0.2751937984496124	0.0	0	-0.3627211180999412	-0.3457021381755987	-0.31928439132638575	7.862025418450944	7.685819445086782	0.0	0.927403064711969	0.9959926432082213	0.2772760378732702	transfo-xl-wt103	__ALL__	cosine	head	5,7,9	global_pooled	lexeme_prefixed
13730	516	7.696256620432563	359	1	0.17635658914728683	0.2751937984496124	0.0	0	-0.301522212963319	-0.2751377263088897	-0.26005466800055566	7.862025418450944	7.685819445086782	0.0	0.818736630470327	0.4118365752560751	0.2160233066278223	transfo-xl-wt103	__ALL__	euclidean	head	5,7,9	global_pooled	lexeme_prefixed
13730	516	7.696256620432563	359	1	0.17635658914728683	0.2751937984496124	0.0	0	-0.36864195606854133	-0.3525041704062938	-0.3251305507703089	7.707871183444777	7.928240831926709	0.0	0.9246074224370322	0.9975264671681511	0.2756008739985433	transfo-xl-wt103	__ALL__	cosine	head	5,7,10	global_pooled	lexeme_prefixed
13730	516	7.696256620432563	359	1	0.17635658914728683	0.2751937984496124	0.0	0	-0.30183333768113074	-0.2750919589683249	-0.2615489521964476	7.707871183444777	7.928240831926709	6.39359161674233e-09	0.813607443830117	0.4092799585936847	0.21391114348142753	transfo-xl-wt103	__ALL__	euclidean	head	5,7,10	global_pooled	lexeme_prefixed
13730	516	7.696256620432563	359	1	0.17635658914728683	0.2751937984496124	0.0	0	-0.3690849669448133	-0.352473220393595	-0.3242044453156863	7.811150445464078	7.975500368625503	0.0	0.9254378882168803	0.9975749519708206	0.2730517115804807	transfo-xl-wt103	__ALL__	cosine	head	5,7,11	global_pooled	lexeme_prefixed
13730	516	7.696256620432563	359	1	0.17635658914728683	0.2751937984496124	0.0	0	-0.30329129873893684	-0.27490965447727383	-0.26184745755171407	7.811150445464078	7.975500368625503	5.887029222791243e-09	0.8176296342626712	0.41177232231566474	0.21646030589949017	transfo-xl-wt103	__ALL__	euclidean	head	5,7,11	global_pooled	lexeme_prefixed
13730	516	7.696256620432563	359	1	0.17635658914728683	0.2751937984496124	0.0	0	-0.36904379125870723	-0.351331853531287	-0.32321521143019516	8.068114756142645	7.7339367728720365	0.0	0.9261707166524085	0.9971910761033073	0.27188638018936634	transfo-xl-wt103	__ALL__	cosine	head	5,8,9	global_pooled	lexeme_prefixed
13730	516	7.696256620432563	359	1	0.17635658914728683	0.2751937984496124	0.0	0	-0.3037148039056862	-0.27814866102725494	-0.2625995602558013	8.068114756142645	7.7339367728720365	0.0	0.8196954623163489	0.4175878456113151	0.21289147851420248	transfo-xl-wt103	__ALL__	euclidean	head	5,8,9	global_pooled	lexeme_prefixed
13730	516	7.696256620432563	359	1	0.17635658914728683	0.2751937984496124	0.0	0	-0.37317401073427336	-0.3549158461238603	-0.3289966248274474	7.830968472847506	8.544094714619073	0.0	0.9226838741854526	0.9980724107469432	0.27574654042243263	transfo-xl-wt103	__ALL__	cosine	head	5,8,10	global_pooled	lexeme_prefixed
13730	516	7.696256620432563	359	1	0.17635658914728683	0.2751937984496124	0.0	0	-0.3021097796769626	-0.2772115042346203	-0.26190799104962625	7.830968472847506	8.544094714619073	0.0	0.8054923928510245	0.42257158847279186	0.21937363437727603	transfo-xl-wt103	__ALL__	euclidean	head	5,8,10	global_pooled	lexeme_prefixed
13730	516	7.696256620432563	359	1	0.17635658914728683	0.2751937984496124	0.0	0	-0.3713361513331161	-0.3545313263978974	-0.3293085053186092	7.840196171164595	8.079389673888436	0.0	0.9245162847502523	0.9980716082757614	0.27640203932993446	transfo-xl-wt103	__ALL__	cosine	head	5,8,11	global_pooled	lexeme_prefixed
13730	516	7.696256620432563	359	1	0.17635658914728683	0.2751937984496124	0.0	0	-0.302830646603494	-0.2759425878150316	-0.26198135015297597	7.840196171164595	8.079389673888436	0.0	0.8141151209735532	0.41754297839795235	0.2168244719592134	transfo-xl-wt103	__ALL__	euclidean	head	5,8,11	global_pooled	lexeme_prefixed
13730	516	7.696256620432563	359	1	0.17635658914728683	0.2751937984496124	0.0	0	-0.36978887012469397	-0.3549491518271295	-0.3267524598335284	8.01284830144185	7.589179003448805	1.117592132088729e-16	0.9263341360072335	0.9966684376118518	0.27574654042243263	transfo-xl-wt103	__ALL__	cosine	head	5,9,10	global_pooled	lexeme_prefixed
13730	516	7.696256620432563	359	1	0.17635658914728683	0.2751937984496124	0.0	0	-0.30412908521403337	-0.2771632271245638	-0.2632773420612205	8.01284830144185	7.589179003448805	7.385857009993615e-09	0.8195158964928477	0.42279483430218817	0.21427530954115076	transfo-xl-wt103	__ALL__	euclidean	head	5,9,10	global_pooled	lexeme_prefixed
13730	516	7.696256620432563	359	1	0.17635658914728683	0.2751937984496124	0.0	0	-0.36499402285467863	-0.3486975645649526	-0.3201309708926497	7.821618891158542	7.398350356120424	0.0	0.9282409061321297	0.9971565546925683	0.27581937363437725	transfo-xl-wt103	__ALL__	cosine	head	5,9,11	global_pooled	lexeme_prefixed
13730	516	7.696256620432563	359	1	0.17635658914728683	0.2751937984496124	0.0	0	-0.3027088387520134	-0.27668494472977395	-0.2626283380201893	7.821618891158542	7.398350356120424	0.0	0.818706967229534	0.41890980679373485	0.21762563729060452	transfo-xl-wt103	__ALL__	euclidean	head	5,9,11	global_pooled	lexeme_prefixed
13730	516	7.696256620432563	359	1	0.17635658914728683	0.2751937984496124	0.0	0	-0.36932504763207424	-0.35214440185234447	-0.32499717954861895	7.930991494590416	7.86745163693169	0.0	0.9261573041499276	0.9973460618190844	0.2783685360524399	transfo-xl-wt103	__ALL__	cosine	head	5,10,11	global_pooled	lexeme_prefixed
13730	516	7.696256620432563	359	1	0.17635658914728683	0.2751937984496124	0.0	0	-0.30342942888912733	-0.27688863247034595	-0.26333502098868516	7.930991494590416	7.86745163693169	6.398458745702572e-09	0.8127145655180842	0.4285823963903438	0.22126729788783686	transfo-xl-wt103	__ALL__	euclidean	head	5,10,11	global_pooled	lexeme_prefixed
13730	516	7.696256620432563	359	1	0.17635658914728683	0.2751937984496124	0.0	0	-0.36591934169699264	-0.3474511876713859	-0.3210617144880786	7.830732384523918	7.829641479860327	5.605234423080465e-17	0.9265617232660512	0.9981893920356983	0.2748725418790969	transfo-xl-wt103	__ALL__	cosine	head	6,7,8	global_pooled	lexeme_prefixed
13730	516	7.696256620432563	359	1	0.17635658914728683	0.2751937984496124	0.0	0	-0.30553944511776715	-0.2777606753947598	-0.2636274483213001	7.830732384523918	7.829641479860327	1.0397704119831334e-08	0.8103834119915381	0.3922793307261756	0.21565914056809907	transfo-xl-wt103	__ALL__	euclidean	head	6,7,8	global_pooled	lexeme_prefixed
13730	516	7.696256620432563	359	1	0.17635658914728683	0.2751937984496124	0.0	0	-0.3519228914068317	-0.3327963476303324	-0.3068925661983556	7.63344025730683	7.756754957909613	1.1217372216334996e-16	0.9288922113429232	0.9969710244493312	0.2772032046613256	transfo-xl-wt103	__ALL__	cosine	head	6,7,9	global_pooled	lexeme_prefixed
13730	516	7.696256620432563	359	1	0.17635658914728683	0.2751937984496124	0.0	0	-0.2993126720112102	-0.2729489780593432	-0.25941940871268676	7.63344025730683	7.756754957909613	0.0	0.8147689218126107	0.3977545870153997	0.21653313911143482	transfo-xl-wt103	__ALL__	euclidean	head	6,7,9	global_pooled	lexeme_prefixed
13730	516	7.696256620432563	359	1	0.17635658914728683	0.2751937984496124	0.0	0	-0.3672952614852119	-0.34836558652876026	-0.32273164830370676	7.587018498678663	8.099660909822564	0.0	0.9246996122741002	0.9975282748020999	0.2788783685360524	transfo-xl-wt103	__ALL__	cosine	head	6,7,10	global_pooled	lexeme_prefixed
13730	516	7.696256620432563	359	1	0.17635658914728683	0.2751937984496124	0.0	0	-0.30256581778701025	-0.27615541619799444	-0.2618068143509005	7.587018498678663	8.099660909822564	0.0	0.812229074667493	0.40521378482986	0.22017479970866716	transfo-xl-wt103	__ALL__	euclidean	head	6,7,10	global_pooled	lexeme_prefixed
13730	516	7.696256620432563	359	1	0.17635658914728683	0.2751937984496124	0.0	0	-0.36782858188005785	-0.34776784784035725	-0.32115505763948704	7.836893478409297	7.968325277791289	0.0	0.9276772417408267	0.9977681632558968	0.2734158776402039	transfo-xl-wt103	__ALL__	cosine	head	6,7,11	global_pooled	lexeme_prefixed
13730	516	7.696256620432563	359	1	0.17635658914728683	0.2751937984496124	0.0	0	-0.30478340951181776	-0.27767023435384974	-0.2633356242942723	7.836893478409297	7.968325277791289	8.728267375546532e-09	0.8152296205768311	0.40528780459512	0.2161689730517116	transfo-xl-wt103	__ALL__	euclidean	head	6,7,11	global_pooled	lexeme_prefixed
13730	516	7.696256620432563	359	1	0.17635658914728683	0.2751937984496124	0.0	0	-0.3593680262259913	-0.3418854650559893	-0.3163583996882864	7.744659217274655	7.563901962729099	5.589260444762758e-17	0.9283461758638047	0.9978852633342751	0.2745812090313183	transfo-xl-wt103	__ALL__	cosine	head	6,8,9	global_pooled	lexeme_prefixed
13730	516	7.696256620432563	359	1	0.17635658914728683	0.2751937984496124	0.0	0	-0.30295619673682395	-0.27654083767972504	-0.2610995349050413	7.744659217274655	7.563901962729099	3.858406365031563e-09	0.8152113921326408	0.40088916552282455	0.2149308084486526	transfo-xl-wt103	__ALL__	euclidean	head	6,8,9	global_pooled	lexeme_prefixed
13730	516	7.696256620432563	359	1	0.17635658914728683	0.2751937984496124	0.0	0	-0.37303257781241755	-0.3518700405379429	-0.32929719184601236	7.680450335751199	8.475490240172284	0.0	0.9233378699963645	0.9978722625904198	0.27953386744355424	transfo-xl-wt103	__ALL__	cosine	head	6,8,10	global_pooled	lexeme_prefixed
13730	516	7.696256620432563	359	1	0.17635658914728683	0.2751937984496124	0.0	0	-0.30546175787044216	-0.27847240036593224	-0.2641397119402146	7.680450335751199	8.475490240172284	0.0	0.8033259234710702	0.41556153089020204	0.2180626365622724	transfo-xl-wt103	__ALL__	euclidean	head	6,8,10	global_pooled	lexeme_prefixed
13730	516	7.696256620432563	359	1	0.17635658914728683	0.2751937984496124	0.0	0	-0.3724016945776531	-0.35579603103545177	-0.32679352263541495	7.784855881237971	7.831457640300507	0.0	0.9270068436535669	0.9979349583666414	0.2772760378732702	transfo-xl-wt103	__ALL__	cosine	head	6,8,11	global_pooled	lexeme_prefixed
13730	516	7.696256620432563	359	1	0.17635658914728683	0.2751937984496124	0.0	0	-0.30597333995779635	-0.27804661994915686	-0.26493077194835846	7.784855881237971	7.831457640300507	0.0	0.8104862691081302	0.4079618086743349	0.21646030589949017	transfo-xl-wt103	__ALL__	euclidean	head	6,8,11	global_pooled	lexeme_prefixed
13730	516	7.696256620432563	359	1	0.17635658914728683	0.2751937984496124	0.0	0	-0.36210265932304064	-0.34436749573116554	-0.320222000189715	7.832082782237263	8.02125775669746	0.0	0.9259196641453122	0.9967605259282049	0.2769847050254916	transfo-xl-wt103	__ALL__	cosine	head	6,9,10	global_pooled	lexeme_prefixed
13730	516	7.696256620432563	359	1	0.17635658914728683	0.2751937984496124	0.0	0	-0.30246836289512824	-0.2751025839505872	-0.2607659784452528	7.832082782237263	8.02125775669746	5.446597693158081e-09	0.8181867742203949	0.4141720252260679	0.2152949745083758	transfo-xl-wt103	__ALL__	euclidean	head	6,9,10	global_pooled	lexeme_prefixed
13730	516	7.696256620432563	359	1	0.17635658914728683	0.2751937984496124	0.0	0	-0.35795591028181767	-0.3380060730919086	-0.3121965579830178	7.749386325258363	7.64767212615744	5.601766103937776e-17	0.9294198238404554	0.9973815682707527	0.27465404224326295	transfo-xl-wt103	__ALL__	cosine	head	6,9,11	global_pooled	lexeme_prefixed
13730	516	7.696256620432563	359	1	0.17635658914728683	0.2751937984496124	0.0	0	-0.30284450142034963	-0.2738672935745784	-0.2614415268668323	7.749386325258363	7.64767212615744	7.076081766784012e-09	0.81578072489796	0.40780348837490493	0.21522214129643116	transfo-xl-wt103	__ALL__	euclidean	head	6,9,11	global_pooled	lexeme_prefixed
13730	516	7.696256620432563	359	1	0.17635658914728683	0.2751937984496124	0.0	0	-0.37538014263306707	-0.35428743259263124	-0.33024472414815725	7.994478443919365	8.213585680259582	0.0	0.9263307901200398	0.9964775290166145	0.2777130371449381	transfo-xl-wt103	__ALL__	cosine	head	6,10,11	global_pooled	lexeme_prefixed
13730	516	7.696256620432563	359	1	0.17635658914728683	0.2751937984496124	0.0	0	-0.30580070733960907	-0.2787730882113218	-0.26318836796063866	7.994478443919365	8.213585680259582	0.0	0.8122789641765814	0.4266499347729623	0.21638747268754552	transfo-xl-wt103	__ALL__	euclidean	head	6,10,11	global_pooled	lexeme_prefixed
13730	516	7.696256620432563	359	1	0.17635658914728683	0.2751937984496124	0.0	0	-0.3600582039725939	-0.34231137494629704	-0.3174461778041043	7.899140164045429	8.05490078712445	0.0	0.9265617972519727	0.997736051872284	0.2736343772760379	transfo-xl-wt103	__ALL__	cosine	head	7,8,9	global_pooled	lexeme_prefixed
13730	516	7.696256620432563	359	1	0.17635658914728683	0.2751937984496124	0.0	0	-0.301923776017897	-0.27474303501443237	-0.26050673460371104	7.899140164045429	8.05490078712445	0.0	0.8131371830025471	0.40474370386072966	0.21281864530225783	transfo-xl-wt103	__ALL__	euclidean	head	7,8,9	global_pooled	lexeme_prefixed
13730	516	7.696256620432563	359	1	0.17635658914728683	0.2751937984496124	0.0	0	-0.3638897251443627	-0.34540354884694285	-0.3187695515763928	7.792718442744436	8.224365162807704	2.2383495994280697e-16	0.9244177132109759	0.9981469896445486	0.2753823743627094	transfo-xl-wt103	__ALL__	cosine	head	7,8,10	global_pooled	lexeme_prefixed
13730	516	7.696256620432563	359	1	0.17635658914728683	0.2751937984496124	0.0	0	-0.30169545377668644	-0.2767426216765065	-0.25908872884354106	7.792718442744436	8.224365162807704	0.0	0.8115155577226595	0.3996230173852729	0.22046613255644573	transfo-xl-wt103	__ALL__	euclidean	head	7,8,10	global_pooled	lexeme_prefixed
13730	516	7.696256620432563	359	1	0.17635658914728683	0.2751937984496124	0.0	0	-0.3657893713931974	-0.3478005733433187	-0.3237166575216472	7.86906417152111	8.298174131636964	1.1193706971386258e-16	0.9255276023588397	0.9983342419152702	0.27246904588492354	transfo-xl-wt103	__ALL__	cosine	head	7,8,11	global_pooled	lexeme_prefixed
13730	516	7.696256620432563	359	1	0.17635658914728683	0.2751937984496124	0.0	0	-0.30449484265939536	-0.2764437704904709	-0.26074994716189775	7.86906417152111	8.298174131636964	5.511713101951663e-09	0.8131274550805422	0.4056249634241526	0.2124544792425346	transfo-xl-wt103	__ALL__	euclidean	head	7,8,11	global_pooled	lexeme_prefixed
13730	516	7.696256620432563	359	1	0.17635658914728683	0.2751937984496124	0.0	0	-0.36275835299029574	-0.34462763968596205	-0.3199775024669929	7.712194213622993	7.884258747321526	0.0	0.9262739394338314	0.9969421798777804	0.2766205389657684	transfo-xl-wt103	__ALL__	cosine	head	7,9,10	global_pooled	lexeme_prefixed
13730	516	7.696256620432563	359	1	0.17635658914728683	0.2751937984496124	0.0	0	-0.3006180907390005	-0.27449194664120696	-0.25922572579643555	7.712194213622993	7.884258747321526	0.0	0.8197190339722988	0.40450746643568775	0.21376547705753823	transfo-xl-wt103	__ALL__	euclidean	head	7,9,10	global_pooled	lexeme_prefixed
13730	516	7.696256620432563	359	1	0.17635658914728683	0.2751937984496124	0.0	0	-0.3593377988564297	-0.34148796507249124	-0.3154888422007039	7.604572551603692	8.234003090197364	0.0	0.9270308194250158	0.9977661529153773	0.2747268754552076	transfo-xl-wt103	__ALL__	cosine	head	7,9,11	global_pooled	lexeme_prefixed
13730	516	7.696256620432563	359	1	0.17635658914728683	0.2751937984496124	0.0	0	-0.301549427466933	-0.27468232151926747	-0.2616652874129207	7.604572551603692	8.234003090197364	0.0	0.8114290866335916	0.41169263081720364	0.21667880553532412	transfo-xl-wt103	__ALL__	euclidean	head	7,9,11	global_pooled	lexeme_prefixed
13730	516	7.696256620432563	359	1	0.17635658914728683	0.2751937984496124	0.0	0	-0.3673481480130809	-0.34823262311078657	-0.32231671600960893	7.798313591887596	8.062487018751728	5.607812519848243e-17	0.9266677587738611	0.9972613167305419	0.27807720320466134	transfo-xl-wt103	__ALL__	cosine	head	7,10,11	global_pooled	lexeme_prefixed
13730	516	7.696256620432563	359	1	0.17635658914728683	0.2751937984496124	0.0	0	-0.3031371181100844	-0.2750001695009339	-0.2601252111742389	7.798313591887596	8.062487018751728	0.0	0.8181281221702765	0.41195661285371776	0.2144938091769847	transfo-xl-wt103	__ALL__	euclidean	head	7,10,11	global_pooled	lexeme_prefixed
13730	516	7.696256620432563	359	1	0.17635658914728683	0.2751937984496124	0.0	0	-0.367301853857627	-0.3500190201875684	-0.3211304959112493	7.93933428048372	8.060744870983468	0.0	0.9247257282994631	0.9977904643992097	0.2767662053896577	transfo-xl-wt103	__ALL__	cosine	head	8,9,10	global_pooled	lexeme_prefixed
13730	516	7.696256620432563	359	1	0.17635658914728683	0.2751937984496124	0.0	0	-0.30496514579264	-0.2776478646174893	-0.2620889757679139	7.93933428048372	8.060744870983468	8.079111490802555e-09	0.8148839923340465	0.41724730601956816	0.22075746540422433	transfo-xl-wt103	__ALL__	euclidean	head	8,9,10	global_pooled	lexeme_prefixed
13730	516	7.696256620432563	359	1	0.17635658914728683	0.2751937984496124	0.0	0	-0.3631163521451212	-0.3455627042702207	-0.3179422166042849	7.746562016046862	7.895544594327776	0.0	0.9262314826280441	0.9983481347776146	0.27436270939548435	transfo-xl-wt103	__ALL__	cosine	head	8,9,11	global_pooled	lexeme_prefixed
13730	516	7.696256620432563	359	1	0.17635658914728683	0.2751937984496124	0.0	0	-0.3037428397287726	-0.2768775759097903	-0.26159190413010686	7.746562016046862	7.895544594327776	6.6131415853657264e-09	0.81117201605382	0.4164439052872885	0.21332847778587036	transfo-xl-wt103	__ALL__	euclidean	head	8,9,11	global_pooled	lexeme_prefixed
13730	516	7.696256620432563	359	1	0.17635658914728683	0.2751937984496124	0.0	0	-0.36808338843528243	-0.3499415029698503	-0.32430872444608994	7.885815308901986	8.300477099509163	1.6816521872453663e-16	0.9252660342344899	0.9974901817954359	0.2769847050254916	transfo-xl-wt103	__ALL__	cosine	head	8,10,11	global_pooled	lexeme_prefixed
13730	516	7.696256620432563	359	1	0.17635658914728683	0.2751937984496124	0.0	0	-0.3028592199645509	-0.27577122996956976	-0.26187655937710413	7.885815308901986	8.300477099509163	0.0	0.8083196444151471	0.424553978782879	0.22032046613255646	transfo-xl-wt103	__ALL__	euclidean	head	8,10,11	global_pooled	lexeme_prefixed
13730	516	7.696256620432563	359	1	0.17635658914728683	0.2751937984496124	0.0	0	-0.3685112153824817	-0.35038283789918323	-0.3208903506346337	7.885368515115285	7.868005897079968	0.0	0.927450708151141	0.9969041950596675	0.2785142024763292	transfo-xl-wt103	__ALL__	cosine	head	9,10,11	global_pooled	lexeme_prefixed
13730	516	7.696256620432563	359	1	0.17635658914728683	0.2751937984496124	0.0	0	-0.3047191898547873	-0.27689664809258596	-0.26300126613663927	7.885368515115285	7.868005897079968	0.0	0.8177387860686728	0.4228174114244838	0.21704297159504735	transfo-xl-wt103	__ALL__	euclidean	head	9,10,11	global_pooled	lexeme_prefixed
