model	embed_type	lemma	form_1	form_1_freq	form_2	form_2_freq	msps	semantic_label	semantic_def	chisq_eq	p_eq	p_cat	cond_type	k2_sil	k2_var_1	k2_var_2	k2_var_mean	form_sil	form_var_1	form_var_2	form_var_mean	all_var
answerdotai_ModernBERT-base	delta	begin	began	16.0	begun	20.0	ppt	2(1a)	"To do the first part of an action. To go into the first part of a process. To start. ""Began by introducing herself"" ""will have to begin again"""	0.444444444444444	0.505	0.0	no_cond	0.5841280842989294	54.99013533868114	60.69656941181057	57.84335237524586	0.5841280842989294	54.99013533868114	60.69656941181057	57.84335237524586	203.66674352273697
answerdotai_ModernBERT-base	delta	begin	began	76.0	begun	64.0	ppt	2(4a)	"To set about the activity of. To start. ""They began the lecture at 10:00."" ""have already begun construction"""	1.02857142857143	0.3105	0.0	no_cond	0.5735788027037101	69.76162656789229	64.8406223472847	67.30112445758849	0.5735788027037101	69.76162656789229	64.8406223472847	67.30112445758849	217.43388223262443
answerdotai_ModernBERT-base	delta	begin	began	8.0	begun	14.0	ppt	2(5a)	"To bring into being. To found. ""credited with beginning the movement"" ""In 1819, he married the daughter of É chief and began a dynasty that would last for nearly 200 years."""	1.63636363636364	0.2008	0.0036	no_cond	0.5576981277916797	58.63211929442973	69.99189449155611	64.31200689299291	0.5576981277916797	58.63211929442973	69.99189449155611	64.31200689299291	203.59283115342367
answerdotai_ModernBERT-base	delta	bid	bidden	1.0	bid	41.0	ppt	3(3a)	"To offer (a price) whether for payment or acceptance. ""The contractor bid $10,000 less than his nearest competitor."""	38.0952380952381	0.0	1.0	cat	0.05292332848260962	140.20231504494794	105.64979698326535	122.92605601410665	0.511832898352719	0.0	120.57406692619975	60.287033463099874	140.248036818678
answerdotai_ModernBERT-base	delta	bid	bidden	57.0	bid	25.0	ppt	3(4a)	"To issue an order to. To tell. ""did as I was bid"""	12.4878048780488	0.0004	0.0	prob	0.5364788126178552	127.03633153629526	129.04668949999723	128.04151051814625	0.5364788126178552	127.03633153629526	129.04668949999723	128.04151051814625	326.72758196091564
answerdotai_ModernBERT-base	delta	bid	bidden	17.0	bid	0.0	ppt	3(4b)	"To request to come. To invite. ""were bidden to the wedding"""	17.0	0.0	1.0	cat	0.18004303209260444	94.9604964501552	72.26588215636376	83.61318930325947		107.99491859169707			107.99491859169707
answerdotai_ModernBERT-base	delta	bid	bidden	10.0	bid	10.0	ppt	3(5a)	"To give expression to. ""bade a tearful farewell"""	0.0	1.0	0.0004	no_cond	0.5698631012668386	86.09883252738271	91.54069613324423	88.81976433031346	0.5698631012668386	86.09883252738271	91.54069613324423	88.81976433031346	309.4277992848286
answerdotai_ModernBERT-base	delta	bid	bid	16.0	bade	0.0	pst	3(3a)	"To offer (a price) whether for payment or acceptance. ""The contractor bid $10,000 less than his nearest competitor."""	16.0	0.0001	1.0	cat	0.11106960599700258	81.97249160724235	119.52503267991386	100.7487621435781		132.6330658264572			132.6330658264572
answerdotai_ModernBERT-base	delta	bid	bid	25.0	bade	67.0	pst	3(4a)	"To issue an order to. To tell. ""did as I was bid"""	19.1739130434783	0.0	0.0	prob	0.5728785349238312	95.15828668685548	106.09210752816914	100.6251971075123	0.5728785349238312	95.15828668685548	106.09210752816914	100.6251971075123	286.80372511960155
answerdotai_ModernBERT-base	delta	bid	bid	33.0	bade	27.0	pst	3(5a)	"To give expression to. ""bade a tearful farewell"""	0.6	0.4386	0.0	no_cond	0.5762794944496539	106.4637369777991	94.08810406759885	100.27592052269898	0.5762794944496539	106.4637369777991	94.08810406759885	100.27592052269898	329.84377044757423
answerdotai_ModernBERT-base	delta	break	broke	19.0	broken	7.0	ppt	4(10b)	"To become inoperative because of damage, wear, or strain. ""The pump broke."""	5.53846153846154	0.0186	0.0098	prob	0.5626869673683017	120.43059680202452	100.42834611805506	110.42947146003979	0.5626869673683017	120.43059680202452	100.42834611805506	110.42947146003979	320.39769953965794
answerdotai_ModernBERT-base	delta	break	broke	9.0	broken	14.0	ppt	4(17a)	"To separate into parts with suddenness or violence. ""broke the plate"" ""Break the chocolate bar in half."""	1.08695652173913	0.2971	0.0015	no_cond	0.5406758467421225	100.9184296372006	133.86464815751873	117.39153889735967	0.5406758467421225	100.9184296372006	133.86464815751873	117.39153889735967	356.92607945439687
answerdotai_ModernBERT-base	delta	break	broke	5.0	broken	20.0	ppt	4(18a)	"To violate. To transgress. ""break the law"" ""break a promise"" ""breaking conventions"""	9.0	0.0027	0.0502	cat	0.5991998824961464	102.79261452130997	76.38707622543434	89.58984537337216	0.5991998824961464	76.38707622543434	102.79261452130997	89.58984537337216	275.9051796759677
answerdotai_ModernBERT-base	delta	break	broke	7.0	broken	13.0	ppt	4(26a)	"To split into smaller units, parts, or processes. To divide. ""break the grammar lesson into digestible chunks."" ""break a word at the end of a line"""	1.8	0.1797	0.0083	no_cond	0.5692767981860015	105.60470615112689	92.33827144599287	98.97148879855988	0.5692767981860015	92.33827144599287	105.60470615112689	98.97148879855988	324.8568613110902
answerdotai_ModernBERT-base	delta	break	broke	9.0	broken	6.0	ppt	4(29a)	"To exceed. To surpass. ""break the record"""	0.6	0.4386	0.0169	no_cond	0.5835849062030206	96.96645356676454	87.4772088144037	92.22183119058411	0.5835849062030206	96.96645356676454	87.4772088144037	92.22183119058411	344.73253958417877
answerdotai_ModernBERT-base	delta	break	broke	9.0	broken	8.0	ppt	4(7a)	"To end a relationship, connection, or agreement; usually used with with or from. ""break with tradition"" ""broke with the leadership"""	0.0588235294117647	0.8084	0.0027	no_cond	0.5720326157817555	109.44614039494621	96.99400940521261	103.22007490007941	0.5720326157817555	109.44614039494621	96.99400940521261	103.22007490007941	366.16064042789793
answerdotai_ModernBERT-base	delta	bring	brung	34.0	brought	31.0	pst	5(3a)	"To convey, lead, carry, or cause to come along with one toward the place from which the action is being regarded. ""brought a bottle of wine to the party"""	0.138461538461538	0.7098	0.0	no_cond	0.5322566692034366	54.15121485730275	50.42184913539666	52.28653199634971	0.5322566692034366	54.15121485730275	50.42184913539666	52.28653199634971	147.84171189799522
answerdotai_ModernBERT-base	delta	bring	brung	55.0	brought	14.0	pst	5(3e)	"(Dialect) To escort. To accompany. ""May I bring you home?"""	24.3623188405797	0.0	0.0001	prob	0.5520368499006313	45.689148352172325	50.65029649857345	48.16972242537288	0.5520368499006313	45.689148352172325	50.65029649857345	48.16972242537288	109.80613027110707
answerdotai_ModernBERT-base	delta	bring	brung	8.0	brought	39.0	pst	5(4a)	"To cause to exist or occur. Such as: To be the occasion of. ""Winter brings snow."" To result in. ""The drug brought immediate relief."" ""brought tears to her eyes"" To institute. ""bring legal action"" To adduce. ""bring an argument"""	20.4468085106383	0.0	0.0056	prob	-0.06490130936654187	18.76619237725145	100.08379287792344	59.42499262758744	0.5076658824345026	35.85681563912087	53.61905027792664	44.73793295852376	98.8828963343584
answerdotai_ModernBERT-base	delta	bring	brung	3.0	brought	16.0	pst	5(7a)	Phrases: bring forth, bring forward, bring home, bring to account, bring to bear, bring to book, bring to light, bring to mind, bring to terms	8.89473684210526	0.0029	0.2297	cat	0.5388675116805172	47.80195043610608	28.072020737848096	37.93698558697709	0.5388675116805172	28.072020737848096	47.80195043610608	37.93698558697709	96.39733681646108
answerdotai_ModernBERT-base	delta	burn	burnt	12.0	burned	18.0	ppt	6(10b)	"To subject to misfortune, mistreatment, or deception. Often used in passive. ""has been burned in love"""	1.2	0.2733	0.0001	no_cond	0.5746554097918727	39.00182613225384	38.75055746310487	38.876191797679354	0.5746554097918727	39.00182613225384	38.75055746310487	38.876191797679354	130.17252413554738
answerdotai_ModernBERT-base	delta	burn	burnt	47.0	burned	39.0	ppt	6(7a)	"To cause to undergo combustion. Especially, to destroy by fire. ""burned the trash"""	0.744186046511628	0.3883	0.0	no_cond	0.5150056507176359	48.56643653552245	46.54721950310415	47.5568280193133	0.5150056507176359	48.56643653552245	46.54721950310415	47.5568280193133	125.84897537371491
answerdotai_ModernBERT-base	delta	burn	burnt	15.0	burned	6.0	ppt	6(7b)	"To use as fuel. ""This furnace burns gas"""	3.85714285714286	0.0495	0.0207	prob	0.5417681477753785	37.19708508902196	40.136142949085546	38.66661401905375	0.5417681477753785	37.19708508902196	40.136142949085546	38.66661401905375	103.11249899866463
answerdotai_ModernBERT-base	delta	burn	burnt	5.0	burned	11.0	ppt	6(9a)	"To injure or damage by or as if by exposure to fire, heat, or radiation. To scorch. ""burned his hand"""	2.25	0.1336	0.0434	no_cond	0.5607086040167933	37.82416213091099	45.097180063422414	41.4606710971667	0.5607086040167933	45.097180063422414	37.82416213091099	41.4606710971667	123.84259067060084
answerdotai_ModernBERT-base	delta	burn	burnt	6.0	burned	12.0	pst	6(3a)	"To undergo alteration or destruction by the action of fire or heat. ""The house burned down."" ""The potatoes burned to a crisp."""	2.0	0.1573	0.0191	no_cond	0.5287184060133565	44.42680921218014	39.81746896829473	42.12213909023744	0.5287184060133565	44.42680921218014	39.81746896829473	42.12213909023744	115.71098656432575
answerdotai_ModernBERT-base	delta	burn	burnt	39.0	burned	50.0	pst	6(7a)	"To cause to undergo combustion. Especially, to destroy by fire. ""burned the trash"""	1.35955056179775	0.2436	0.0	no_cond	0.5187584501758166	53.075089261129946	55.877418593740664	54.47625392743531	0.5187584501758166	53.075089261129946	55.877418593740664	54.47625392743531	145.14482187231286
answerdotai_ModernBERT-base	delta	burn	burnt	20.0	burned	3.0	pst	6(9a)	"To injure or damage by or as if by exposure to fire, heat, or radiation. To scorch. ""burned his hand"""	12.5652173913043	0.0004	0.2333	cat	0.5475658473677878	48.103850385151034	27.274611445594363	37.6892309153727	0.5475658473677878	48.103850385151034	27.274611445594363	37.6892309153727	90.92422436418262
answerdotai_ModernBERT-base	delta	creep	creeped	3.0	crept	25.0	ppt	7(2a)	"To go very slowly. ""The hours crept by."""	17.2857142857143	0.0	0.2364	cat	0.5936986388246891	30.527897544311077	52.371315565711214	41.449606555011144	0.5936986388246891	30.527897544311077	52.371315565711214	41.449606555011144	102.26576089021765
answerdotai_ModernBERT-base	delta	creep	creeped	10.0	crept	63.0	ppt	7(2c)	"To enter or advance gradually so as to be almost unnoticed. ""Age creeps up on us."" ""A note of irritation crept into her voice."""	38.4794520547945	0.0	0.0014	prob	0.6171606517510695	45.553804488963735	36.530366618380995	41.042085553672365	0.6171606517510695	36.530366618380995	45.553804488963735	41.042085553672365	105.97834253199933
answerdotai_ModernBERT-base	delta	creep	creeped	72.0	crept	0.0	ppt	7(6a)	"To cause (someone) to have an uncomfortable feeling of nervousness or hear. To give (someone) the creeps. ""That guy really creeps me out."" ""I felt creeped out being alone in the office at night."""	72.0	0.0	1.0	cat	0.10224566901792177	51.37103975244638	37.60792533815551	44.489482545300945		53.576412213413306			53.576412213413306
answerdotai_ModernBERT-base	delta	creep	creeped	2.0	crept	32.0	pst	7(2a)	"To go very slowly. ""The hours crept by."""	26.4705882352941	0.0	0.4925	cat	0.5462249144112811	31.96258621178241	57.25260110050442	44.607593656143415	0.5462249144112811	31.96258621178241	57.25260110050442	44.607593656143415	82.1314866447261
answerdotai_ModernBERT-base	delta	creep	creeped	4.0	crept	32.0	pst	7(2b)	"To go timidly or cautiously so as to escape notice. ""She crept away from the festive scene."""	21.7777777777778	0.0	0.1145	cat	0.5985426858763656	28.516966683975223	45.642544135885956	37.07975540993059	0.5985426858763656	28.516966683975223	45.642544135885956	37.07975540993059	92.52124726713458
answerdotai_ModernBERT-base	delta	creep	creeped	6.0	crept	36.0	pst	7(2c)	"To enter or advance gradually so as to be almost unnoticed. ""Age creeps up on us."" ""A note of irritation crept into her voice."""	21.4285714285714	0.0	0.0258	prob	0.556110348400032	57.27973887994566	45.645335869435996	51.462537374690825	0.556110348400032	45.645335869435996	57.27973887994566	51.462537374690825	113.08799924996094
answerdotai_ModernBERT-base	delta	creep	creeped	81.0	crept	0.0	pst	7(6a)	"To cause (someone) to have an uncomfortable feeling of nervousness or hear. To give (someone) the creeps. ""That guy really creeps me out."" ""I felt creeped out being alone in the office at night."""	81.0	0.0	1.0	cat	0.11558632478557232	24.50336070607854	44.975541298521016	34.739451002299774		45.58023526738047			45.58023526738047
answerdotai_ModernBERT-base	delta	disprove	disproven	100.0	disproved	100.0	ppt	8(1a)	"To prove to be false or wrong. To refute. ""disprove a theory"""	0.0	1.0	0.0	no_cond	0.5695348627636578	59.151141148620205	65.70931073612783	62.43022594237402	0.5695348627636578	59.151141148620205	65.70931073612783	62.43022594237402	199.11510848924476
answerdotai_ModernBERT-base	delta	dive	dived	28.0	dove	15.0	pst	9(1a)	To plunge into water intentionally	3.93023255813953	0.0474	0.0	prob	0.5461849939078549	70.65760865213511	58.94381116047609	64.8007099063056	0.5461849939078549	70.65760865213511	58.94381116047609	64.8007099063056	191.45680969166216
answerdotai_ModernBERT-base	delta	dive	dived	25.0	dove	49.0	pst	9(3a)	To plunge into some matter or activity	7.78378378378378	0.0053	0.0	prob	0.570572859777757	49.69763496624688	53.918956711099426	51.80829583867315	0.570572859777757	53.918956711099426	49.69763496624688	51.80829583867315	154.28281656819138
answerdotai_ModernBERT-base	delta	dive	dived	34.0	dove	33.0	pst	9(3b)	To plunge or dash for some place, expecially to seize something	0.0149253731343284	0.9028	0.0	no_cond	0.5467823153012881	62.51273521345408	49.083871322999514	55.798303268226796	0.5467823153012881	62.51273521345408	49.083871322999514	55.798303268226796	166.39027883248133
answerdotai_ModernBERT-base	delta	dream	dreamt	59.0	dreamed	53.0	ppt	11(2a)	"To indulge in daydreams or fantasies. ""dreaming of a better future"""	0.321428571428571	0.5708	0.0	no_cond	0.5975565682374475	45.300741314860225	40.489129009777564	42.894935162318895	0.5975565682374475	45.300741314860225	40.489129009777564	42.894935162318895	154.59666761292345
answerdotai_ModernBERT-base	delta	dream	dreamt	20.0	dreamed	28.0	ppt	11(5a)	"To consider as a possibility. To imagine. ""never dreamed I would become a teacher"""	1.33333333333333	0.2482	0.0	no_cond	0.582851554633836	50.141200261161465	54.898964406361294	52.52008233376138	0.582851554633836	50.141200261161465	54.898964406361294	52.52008233376138	179.96975121442665
answerdotai_ModernBERT-base	delta	dream	dreamt	7.0	dreamed	15.0	ppt	11(8a)	"To come up with the idea for. Often, the phrase ""dream up""."	2.90909090909091	0.0881	0.0089	no_cond	0.5733662488040671	39.84183043535227	49.34423331504377	44.59303187519802	0.5733662488040671	49.34423331504377	39.84183043535227	44.59303187519802	134.48356473565863
answerdotai_ModernBERT-base	delta	dream	dreamt	25.0	dreamed	44.0	pst	11(2a)	"To indulge in daydreams or fantasies. ""dreaming of a better future"""	5.23188405797101	0.0222	0.0	prob	0.5569359591107786	55.56504177349576	62.1217651332906	58.84340345339318	0.5569359591107786	62.1217651332906	55.56504177349576	58.84340345339318	169.9507004863186
answerdotai_ModernBERT-base	delta	dream	dreamt	56.0	dreamed	15.0	pst	11(4a)	"To have a dream of. ""dreamt that he was running in the woods"""	23.6760563380282	0.0	0.0	prob	0.5543329209916751	62.05081824940413	58.4104351070178	60.23062667821097	0.5543329209916751	62.05081824940413	58.4104351070178	60.23062667821097	145.63870882526916
answerdotai_ModernBERT-base	delta	dream	dreamt	6.0	dreamed	20.0	pst	11(5a)	"To consider as a possibility. To imagine. ""never dreamed I would become a teacher"""	7.53846153846154	0.006	0.0226	prob	0.6303066821969631	47.322038892103734	48.18160343351003	47.75182116280688	0.6303066821969631	47.322038892103734	48.18160343351003	47.75182116280688	161.9578138739103
answerdotai_ModernBERT-base	delta	dream	dreamt	7.0	dreamed	20.0	pst	11(8a)	"To come up with the idea for. Often, the phrase ""dream up""."	6.25925925925926	0.0124	0.01	prob	0.5806112273473462	49.625914052936245	57.4559041355089	53.54090909422257	0.5806112273473462	49.625914052936245	57.4559041355089	53.54090909422257	163.82198478044668
answerdotai_ModernBERT-base	delta	drink	drank	17.0	drunk	11.0	ppt	10(2a)	"To partake of alcoholic beverages. ""has quit drinking"""	1.28571428571429	0.2568	0.0003	no_cond	0.4985841433216186	33.61508254084249	30.919165291627998	32.26712391623524	0.4985841433216186	33.61508254084249	30.919165291627998	32.26712391623524	82.68919416526319
answerdotai_ModernBERT-base	delta	drink	drank	59.0	drunk	45.0	ppt	10(4a)	"To swallow. To imbibe. ""drink a glass of water"""	1.88461538461538	0.1698	0.0	no_cond	0.488993905224763	36.57864957228868	41.508211056649856	39.04343031446927	0.488993905224763	36.57864957228868	41.508211056649856	39.04343031446927	91.80813706115534
answerdotai_ModernBERT-base	delta	drink	drank	17.0	drunk	34.0	ppt	10(7a)	Phrase: drink the Kool-Aid	5.66666666666667	0.0173	0.0	prob	0.556257998342829	26.50207642935151	27.377587354734516	26.939831892043014	0.556257998342829	26.50207642935151	27.377587354734516	26.939831892043014	77.52741530743313
answerdotai_ModernBERT-base	delta	drive	drove	0.0	driven	25.0	ppt	12(11a)	"To give shape or impulse to. ""factors that drive the business cycle"" ""the ideas that have driven history"""	25.0	0.0	1.0	cat	0.14638324844030645	99.35931306182016	93.9879060848219	96.67360957332103			120.22381387250948		120.22381387250948
answerdotai_ModernBERT-base	delta	drive	drove	27.0	driven	4.0	ppt	12(2a)	"To operate a vehicle. ""learned to drive at the age of seventeen"""	17.0645161290323	0.0	0.1128	cat	0.6058582453798741	95.88020018152277	59.2434897432267	77.56184496237474	0.6058582453798741	95.88020018152277	59.2434897432267	77.56184496237474	212.04020083287523
answerdotai_ModernBERT-base	delta	drive	drove	12.0	driven	3.0	ppt	12(7b)	"To operate the mechanism and controls and direct the course of (a vehicle). ""drive a car"""	5.4	0.0201	0.2241	cat	0.6231574006756989	86.81738867942914	69.87478305697242	78.34608586820079	0.6231574006756989	86.81738867942914	69.87478305697242	78.34608586820079	273.9628626328498
answerdotai_ModernBERT-base	delta	drive	drove	0.0	driven	24.0	ppt	12(8a)	"To exert inescapable or coescive pressure on. To force. ""driven by his passions"""	24.0	0.0	1.0	cat	0.06837157425824442	99.3226870278067	110.89779610814745	105.11024156797707			120.47165954216543		120.47165954216543
answerdotai_ModernBERT-base	delta	eat	ate	22.0	eaten	8.0	ppt	1(1a)	To take food or a meal.	6.53333333333333	0.0106	0.0046	prob	0.5996795698632682	106.56643250027247	103.70201298695196	105.13422274361221	0.5996795698632682	106.56643250027247	103.70201298695196	105.13422274361221	342.5947858093536
answerdotai_ModernBERT-base	delta	eat	ate	61.0	eaten	81.0	ppt	1(3a)	To take in through the mouth as food. To ingest, chew, and swallow in turn.	2.8169014084507	0.0933	0.0	no_cond	0.5568405643200153	119.63309732589437	141.55591081651738	130.59450407120588	0.5568405643200153	119.63309732589437	141.55591081651738	130.59450407120588	397.68979515932455
answerdotai_ModernBERT-base	delta	fall	fell	10.0	fallen	21.0	ppt	13(12a)	Phrases: fall apart, fall behind, fall between two stools, fall flat, fall for, fall from grace, fall home, fall into line, fall on, fall on one's face, fall on one's sword, fall short	3.90322580645161	0.0482	0.0008	prob	0.5978034140859547	78.95450640497928	56.503597064637475	67.72905173480838	0.5978034140859547	56.503597064637475	78.95450640497928	67.72905173480838	245.62105443881381
answerdotai_ModernBERT-base	delta	fall	fell	40.0	fallen	11.0	ppt	13(1a)	"To descend freely by the force of gravity. ""The apple fell from the tree."""	16.4901960784314	0.0	0.0005	prob	0.5863235764006851	68.70510930243172	107.84803086266737	88.27657008254954	0.5863235764006851	68.70510930243172	107.84803086266737	88.27657008254954	201.51964642183316
answerdotai_ModernBERT-base	delta	fall	fell	4.0	fallen	30.0	ppt	13(6c)	"To decline in quality, activity, or quantity. ""Production fell off."""	19.8823529411765	0.0	0.1139	cat	0.4671457713599648	94.30275900144144	245.94625807376156	170.1245085376015	0.5343708686056301	52.051288658430046	117.17643485450732	84.61386175646868	194.9758552349941
answerdotai_ModernBERT-base	delta	fall	fell	30.0	fallen	5.0	ppt	13(9a)	"To pass suddenly and passively into a state or body of mind or a new state or condition. ""fall asleep"" / ""fall in love"""	17.8571428571429	0.0	0.0536	cat	0.6206682310769768	59.9352627202619	116.21067904944557	88.07297088485373	0.6206682310769768	59.9352627202619	116.21067904944557	88.07297088485373	164.71982338877967
answerdotai_ModernBERT-base	delta	fly	flied	2.0	flew	16.0	pst	14(1a)	"To move in or pass through the air with wings. ""bees flying around the hive"""	10.8888888888889	0.001	0.4857	cat	0.06376299556194913	162.3698536018471	10.85601425020085	86.61293392602397	0.6337843139981857	18.107811879169965	69.28937561431229	43.698593746741125	159.40894006167514
answerdotai_ModernBERT-base	delta	fly	flied	0.0	flew	52.0	pst	14(5a)	"To operate or travel in an airplane or spacecraft. ""They flew to Florida for their vacation."""	52.0	0.0	1.0	cat	0.04259648193733085	64.33394142735217	61.764605776642746	63.049273601997456			67.15304797707142		67.15304797707142
answerdotai_ModernBERT-base	delta	fly	flied	96.0	flew	7.0	pst	14(7a)	To hit a fly in baseball.	76.9029126213592	0.0	0.0141	prob	0.6600018134664447	50.35789260267277	33.384148198024555	41.87102040034866	0.6600018134664447	50.35789260267277	33.384148198024555	41.87102040034866	97.48909472399097
answerdotai_ModernBERT-base	delta	forget	forgot	41.0	forgotten	49.0	ppt	15(3a)	"To lose the remembrance of. To be unable to think of or recall. ""I forgot his name."""	0.711111111111111	0.3991	0.0	no_cond	0.5237509638461474	57.709314393465675	59.1901430162714	58.449728704868534	0.5237509638461474	57.709314393465675	59.1901430162714	58.449728704868534	154.26336434668352
answerdotai_ModernBERT-base	delta	forget	forgot	28.0	forgotten	39.0	ppt	15(4a)	"To treat with inattention or disregard. ""forgot their old friends"" ""He's now a forgotten hero."""	1.80597014925373	0.179	0.0	no_cond	0.4897651582050838	59.18166252355145	71.43355789545275	65.3076102095021	0.4897651582050838	59.18166252355145	71.43355789545275	65.3076102095021	156.94537816901982
answerdotai_ModernBERT-base	delta	forget	forgot	16.0	forgotten	11.0	ppt	15(5a)	"To disregard intentionally. To overlook. Usually used in the imperative. ""I shouldn't have said that, so just forget it."""	0.925925925925926	0.3359	0.0003	no_cond	0.5142199117069138	53.075502106654014	51.92564775993903	52.50057493329652	0.5142199117069138	53.075502106654014	51.92564775993903	52.50057493329652	142.92577073143568
answerdotai_ModernBERT-base	delta	hang	hanged	1.0	hung	15.0	ppt	16(12a)	"(Informal) To pass time idly or in relaxing or socializing. To hang around. To hang out. ""hanging with friends"" ""hanging at the beach"""	12.25	0.0005	1.0	cat	-0.011247939303486295	161.63970196346776	0.0	80.81985098173388	0.5041618421099869	0.0	113.301785147238	56.650892573619	160.24127720465748
answerdotai_ModernBERT-base	delta	hang	hanged	0.0	hung	20.0	ppt	16(14a)	Phrases: hang fire, hang it up, hang loose, hang one on, hang out to dry, hang one's hat (on), hang ten, hang tough	20.0	0.0	1.0	cat	0.04211431077789068	39.84776561151644	89.416668525295	64.63221706840571			90.6899167244477		90.6899167244477
answerdotai_ModernBERT-base	delta	hang	hanged	1.0	hung	30.0	ppt	16(15a)	"To fasten to some elevated point without support from below. To suspend. ""hang a picture on the wall"""	27.1290322580645	0.0	1.0	cat	0.05353859567226062	85.92998934326619	112.77170110304736	99.35084522315677	0.5203158098468434	0.0	90.36411150950443	45.18205575475221	111.56944712784879
answerdotai_ModernBERT-base	delta	hang	hanged	98.0	hung	26.0	ppt	16(15b)	"To suspend by the neck until dead; often hanged in the past; often used as a mild oath. ""I'll be hanged"""	41.8064516129032	0.0	0.0	prob	0.5537073244452718	96.26076606777228	99.8896302479598	98.07519815786604	0.5537073244452718	96.26076606777228	99.8896302479598	98.07519815786604	219.8909557862799
answerdotai_ModernBERT-base	delta	hang	hanged	4.0	hung	27.0	pst	16(12a)	"(Informal) To pass time idly or in relaxing or socializing. To hang around. To hang out. ""hanging with friends"" ""hanging at the beach"""	17.0645161290323	0.0	0.1128	cat	0.5742071942511855	80.98781565806256	50.99429333547034	65.99105449676645	0.5742071942511855	50.99429333547034	80.98781565806256	65.99105449676645	162.57724294786485
answerdotai_ModernBERT-base	delta	hang	hanged	0.0	hung	22.0	pst	16(14a)	Phrases: hang fire, hang it up, hang loose, hang one on, hang out to dry, hang one's hat (on), hang ten, hang tough	22.0	0.0	1.0	cat	0.0029058626132068962	61.698063989801234	88.23285380427954	74.96545889704039			84.97963102259844		84.97963102259844
answerdotai_ModernBERT-base	delta	hang	hanged	1.0	hung	20.0	pst	16(15a)	"To fasten to some elevated point without support from below. To suspend. ""hang a picture on the wall"""	17.1904761904762	0.0	1.0	cat	0.03902276918585088	161.92264261854206	84.26113956022208	123.09189108938207	0.5350526601288873	0.0	90.98742827579144	45.49371413789572	127.21915574205154
answerdotai_ModernBERT-base	delta	hang	hanged	94.0	hung	3.0	pst	16(15b)	"To suspend by the neck until dead; often hanged in the past; often used as a mild oath. ""I'll be hanged"""	85.3711340206186	0.0	0.2461	cat	0.05375369905074286	79.21398287059898	126.14380276823825	102.67889281941862	0.572172521751635	91.37907347157521	64.38899120978209	77.88403234067866	115.34403781913359
answerdotai_ModernBERT-base	delta	heave	hove	10.0	heaved	7.0	pst	17(2c)	"To move in an indicated way. (Past tense usually 'hove') ""The ship hove into view."""	0.529411764705882	0.4669	0.0072	no_cond	0.5752003988311021	55.60044094390855	50.33865018239046	52.96954556314951	0.5752003988311021	55.60044094390855	50.33865018239046	52.96954556314951	189.06292431409952
answerdotai_ModernBERT-base	delta	heave	hove	36.0	heaved	0.0	pst	17(2d)	Phrase: heave into view, heave into sight.	36.0	0.0	1.0	cat	0.07706583747511724	54.5700908902834	47.60060198447611	51.085346437379755		58.08432832415984			58.08432832415984
answerdotai_ModernBERT-base	delta	heave	hove	5.0	heaved	12.0	pst	17(8a)	"To throw. To cast. ""heaved her books on the floor"""	2.88235294117647	0.0896	0.0445	no_cond	0.5505250572170888	51.34953284369711	73.41124686813251	62.380389855914814	0.5505250572170888	51.34953284369711	73.41124686813251	62.380389855914814	193.08519326340232
answerdotai_ModernBERT-base	delta	heave	hove	0.0	heaved	22.0	pst	17(9a)	"To utter with obvious effort or with a deep breath. ""heaved a sigh of relief"""	22.0	0.0	1.0	cat	0.09603408156639541	69.82574332309089	46.226041911395086	58.02589261724299			73.16652653901775		73.16652653901775
answerdotai_ModernBERT-base	delta	kneel	kneeled	40.0	knelt	50.0	pst	18(1a)	"To position the body so that one or both knees rest on the floor. ""The prisoners were ordered to kneel."""	1.11111111111111	0.2918	0.0	no_cond	0.5714697737761862	68.80008366745582	67.58900753424057	68.19454560084819	0.5714697737761862	68.80008366745582	67.58900753424057	68.19454560084819	218.38980896923647
answerdotai_ModernBERT-base	delta	kneel	kneeled	60.0	knelt	50.0	pst	18(2a)	"To fall or rest on the knees. ""She kneeled on the floor next to the child."""	0.909090909090909	0.3404	0.0	no_cond	0.5904216249753691	62.42595858836629	61.72318033392288	62.07456946114459	0.5904216249753691	62.42595858836629	61.72318033392288	62.07456946114459	216.18341664017478
answerdotai_ModernBERT-base	delta	knit	knitted	67.0	knit	43.0	ppt	19(3a)	To form by interlacing yarn or thread in a series of connected loops with needles	5.23636363636364	0.0221	0.0	prob	0.5329824817409794	61.12156893701107	64.50972202264573	62.815645479828405	0.5329824817409794	61.12156893701107	64.50972202264573	62.815645479828405	169.4206416453844
answerdotai_ModernBERT-base	delta	knit	knitted	23.0	knit	45.0	ppt	19(4a)	"To link firmly or closely. ""knitted my hands"""	7.11764705882353	0.0076	0.0	prob	0.543615100671213	61.492788722687855	69.8828059014375	65.68779731206267	0.543615100671213	69.8828059014375	61.492788722687855	65.68779731206267	176.85619393606078
answerdotai_ModernBERT-base	delta	knit	knitted	12.0	knit	6.0	pst	19(1a)	To make knitted fabrics or objects.	2.0	0.1573	0.0191	no_cond	0.524325096892215	61.22270553126061	42.22665096249284	51.72467824687672	0.524325096892215	61.22270553126061	42.22665096249284	51.72467824687672	150.93308496034518
answerdotai_ModernBERT-base	delta	knit	knitted	57.0	knit	29.0	pst	19(3a)	To form by interlacing yarn or thread in a series of connected loops with needles	9.11627906976744	0.0025	0.0	prob	0.5420061625672905	60.479087509952905	60.091267144309036	60.28517732713097	0.5420061625672905	60.479087509952905	60.091267144309036	60.28517732713097	163.5342798043083
answerdotai_ModernBERT-base	delta	knit	knitted	5.0	knit	16.0	pst	19(4a)	"To link firmly or closely. ""knitted my hands"""	5.76190476190476	0.0164	0.0478	prob	0.526888478242474	54.591784456686966	54.62611721425291	54.60895083546994	0.526888478242474	54.591784456686966	54.62611721425291	54.60895083546994	131.5979698793011
answerdotai_ModernBERT-base	delta	knit	knitted	10.0	knit	24.0	pst	19(4c)	"To contract into wrinkles. ""knitted her brow"""	5.76470588235294	0.0164	0.0009	prob	0.5529964477939702	51.67549471700448	63.64666874565979	57.66108173133213	0.5529964477939702	51.67549471700448	63.64666874565979	57.66108173133213	167.57381866487611
answerdotai_ModernBERT-base	delta	know	knowed	42.0	knew	63.0	pst	20(4a)	"To perceive directly. To have direct cognition of. To have understanding of. ""importance of knowing oneself"""	4.2	0.0404	0.0	prob	0.5896331074165171	69.52737380764283	70.16548112785702	69.84642746774992	0.5896331074165171	69.52737380764283	70.16548112785702	69.84642746774992	236.57695110339407
answerdotai_ModernBERT-base	delta	know	knowed	26.0	knew	9.0	pst	20(4c)	To recognize as being the same as something previously known. To be acquainted or familiar with. To have experience of.	8.25714285714286	0.0041	0.0022	prob	0.5550612975130506	75.26208338473458	75.36733686917802	75.3147101269563	0.5550612975130506	75.26208338473458	75.36733686917802	75.3147101269563	199.57569454334038
answerdotai_ModernBERT-base	delta	know	knowed	26.0	knew	25.0	pst	20(5a)	To be aware of the truth or factuality of. To be convinced or certain of.	0.0196078431372549	0.8886	0.0	no_cond	0.6087741209883353	69.03229075660242	56.91717684471134	62.97473380065688	0.6087741209883353	69.03229075660242	56.91717684471134	62.97473380065688	240.46283539446594
answerdotai_ModernBERT-base	delta	lay	lain	0.0	laid	18.0	ppt	21(19b)	"To submit for examination and judgment. ""laid her case before the commission"" (I used it more like ""to show for examination"")"	18.0	0.0	1.0	cat	0.04764273417101056	0.0	83.94241510295117	41.97120755147559			85.18240788550122		85.18240788550122
answerdotai_ModernBERT-base	delta	lay	lain	7.0	laid	13.0	ppt	21(20a)	(Often vulgar) To copulate with.	1.8	0.1797	0.0083	no_cond	0.5469577844337337	78.31970141238202	65.79021883962652	72.05496012600426	0.5469577844337337	65.79021883962652	78.31970141238202	72.05496012600426	217.2916143329127
answerdotai_ModernBERT-base	delta	lay	lain	70.0	laid	3.0	ppt	21(2a)	"(Nonstandard) To be or to stay at rest in a horizontal position. To be prostrate. To rest. To recline. ""lie motionless"" ""lie asleep"""	61.4931506849315	0.0	0.2448	cat	0.5254043969450475	75.77126947460575	49.930345149464976	62.85080731203536	0.5254043969450475	75.77126947460575	49.930345149464976	62.85080731203536	96.2639871692878
answerdotai_ModernBERT-base	delta	lay	lain	12.0	laid	34.0	ppt	21(6a)	Phrases: lay an egg, lay eyes on, lay into, lay on the table	10.5217391304348	0.0012	0.0002	prob	0.5206186524230341	92.3594508439539	57.47771220688988	74.91858152542189	0.5206186524230341	57.47771220688988	92.3594508439539	74.91858152542189	196.67429177928784
answerdotai_ModernBERT-base	delta	lay	laid	17.0	lay	0.0	pst	21(13a)	"To dispose or spread over or on a surface. ""lay track"" ""lay plaster"""	17.0	0.0	1.0	cat	0.09230299143291787	38.14404089854084	52.55325169087995	45.34864629471039		54.05945641945647			54.05945641945647
answerdotai_ModernBERT-base	delta	lay	laid	34.0	lay	1.0	pst	21(16a)	"To prepare. To contrive. ""a well-laid plan"""	31.1142857142857	0.0	1.0	cat	0.5135749817890551	60.29363333207938	0.0	30.14681666603969	0.5135749817890551	60.29363333207938	0.0	30.14681666603969	73.0164025877826
answerdotai_ModernBERT-base	delta	lay	laid	15.0	lay	0.0	pst	21(21a)	Phrases: lay off, lay eyes on, lay the basis	15.0	0.0001	1.0	cat	0.10356404593205369	79.32431213799497	44.703287070235035	62.013799604115		73.33406315593102			73.33406315593102
answerdotai_ModernBERT-base	delta	lay	laid	10.0	lay	61.0	pst	21(2a)	"(Nonstandard) To be or to stay at rest in a horizontal position. To be prostrate. To rest. To recline. ""lie motionless"" ""lie asleep"""	36.6338028169014	0.0	0.0014	prob	0.4731366277385631	67.38782707734832	39.7870118195772	53.58741944846276	0.4731366277385631	39.7870118195772	67.38782707734832	53.58741944846276	104.89249506933434
answerdotai_ModernBERT-base	delta	lay	laid	0.0	lay	26.0	pst	21(6b)	To have place. To exist.	26.0	0.0	1.0	cat	0.07322676972726683	50.1283808895546	50.63721676413213	50.38279882684336			55.50603799574819		55.50603799574819
answerdotai_ModernBERT-base	delta	lead	lead	28.0	led	22.0	ppt	22(5b)	"To direct on a course or in a direction. ""a road leading the traveler to the heart of the city"""	0.72	0.3961	0.0	no_cond	0.4610490368049565	88.90067997721268	87.16011264287657	88.03039631004462	0.4610490368049565	88.90067997721268	87.16011264287657	88.03039631004462	198.5088140440179
answerdotai_ModernBERT-base	delta	lead	lead	8.0	led	43.0	ppt	22(7a)	"To direct the operations, activity, or performance of. ""lead an orchestra"" To have charge of. ""lead a campaign"""	24.0196078431373	0.0	0.0058	prob	0.4637848217186002	48.14053510056765	78.1284630434984	63.13449907203302	0.4637848217186002	48.14053510056765	78.1284630434984	63.13449907203302	126.57338441453808
answerdotai_ModernBERT-base	delta	lead	lead	54.0	led	29.0	ppt	22(8a)	"To bring to some conclusion or condition. ""led to believe otherwise"""	7.53012048192771	0.0061	0.0	prob	0.4947168161802513	80.58573088034711	82.751700498445	81.66871568939607	0.4947168161802513	80.58573088034711	82.751700498445	81.66871568939607	187.33209143774457
answerdotai_ModernBERT-base	delta	lead	lead	15.0	led	5.0	pst	22(5a)	"To guide on a way especially by going in advance. ""led the officers to his hiding place"""	5.0	0.0253	0.0471	prob	0.4520196834294808	158.4728522442035	66.21309169210465	112.34297196815407	0.4520196834294808	158.4728522442035	66.21309169210465	112.34297196815407	247.38104243753992
answerdotai_ModernBERT-base	delta	lead	lead	15.0	led	23.0	pst	22(5b)	"To direct on a course or in a direction. ""a road leading the traveler to the heart of the city"""	1.68421052631579	0.1944	0.0	no_cond	0.49327968884193246	73.55249478611789	112.65273507960646	93.10261493286217	0.49327968884193246	73.55249478611789	112.65273507960646	93.10261493286217	227.16069106164775
answerdotai_ModernBERT-base	delta	lead	lead	17.0	led	11.0	pst	22(7a)	"To direct the operations, activity, or performance of. ""lead an orchestra"" To have charge of. ""lead a campaign"""	1.28571428571429	0.2568	0.0003	no_cond	0.5118913558639545	67.67786083099693	90.13247018673378	78.90516550886537	0.5118913558639545	67.67786083099693	90.13247018673378	78.90516550886537	202.54802436423526
answerdotai_ModernBERT-base	delta	lead	lead	17.0	led	17.0	pst	22(7c)	"To go at the head of. ""lead a parade"" To be first in or among. ""lead the league"" To have a margain over. ""led his opponent"""	0.0	1.0	0.0	no_cond	0.524244909805651	76.1781030487743	76.21069601759257	76.19439953318343	0.524244909805651	76.1781030487743	76.21069601759257	76.19439953318343	214.03899644197463
answerdotai_ModernBERT-base	delta	lead	lead	34.0	led	37.0	pst	22(8a)	"To bring to some conclusion or condition. ""led to believe otherwise"""	0.126760563380282	0.7218	0.0	no_cond	0.5301935915162869	72.63788990016319	72.8692047283303	72.75354731424675	0.5301935915162869	72.63788990016319	72.8692047283303	72.75354731424675	200.5474795927128
answerdotai_ModernBERT-base	delta	leap	leapt	55.0	leaped	56.0	ppt	23(1a)	"To spring free from or as if from the ground. To jump. ""leap over a fence"" ""A fish leaps out of the water."""	0.009009009009009	0.9244	0.0	no_cond	0.49240377908307265	45.3788160019584	43.91675203801431	44.647784019986354	0.49240377908307265	45.3788160019584	43.91675203801431	44.647784019986354	109.09594882531218
answerdotai_ModernBERT-base	delta	leap	leapt	22.0	leaped	23.0	ppt	23(2a)	"To pass abruptly from one state or topic to another. ""the difficult leap from college to the workplace"""	0.0222222222222222	0.8815	0.0	no_cond	0.4751626595927456	47.45325738536951	47.67060310330461	47.56193024433706	0.4751626595927456	47.45325738536951	47.67060310330461	47.56193024433706	112.30010126587514
answerdotai_ModernBERT-base	delta	leap	leapt	21.0	leaped	17.0	ppt	23(2b)	"To act precipitately. ""leaped at the chance"". I used it like 'to move quickly'"	0.421052631578947	0.5164	0.0	no_cond	0.43130386330577847	76.11870958633162	46.20803225873837	61.163370922534995	0.43130386330577847	76.11870958633162	46.20803225873837	61.163370922534995	124.43117780221483
answerdotai_ModernBERT-base	delta	leap	leapt	84.0	leaped	78.0	pst	23(1a)	"To spring free from or as if from the ground. To jump. ""leap over a fence"" ""A fish leaps out of the water."""	0.222222222222222	0.6374	0.0	no_cond	0.47249401180368317	52.382433192525816	49.57884960059756	50.98064139656169	0.47249401180368317	52.382433192525816	49.57884960059756	50.98064139656169	115.84612820600317
answerdotai_ModernBERT-base	delta	leap	leapt	10.0	leaped	9.0	pst	23(2a)	"To pass abruptly from one state or topic to another. ""the difficult leap from college to the workplace"""	0.0526315789473684	0.8185	0.0011	no_cond	0.41239928658455016	49.69807981939366	47.148494078454014	48.42328694892384	0.41239928658455016	49.69807981939366	47.148494078454014	48.42328694892384	101.57899965903192
answerdotai_ModernBERT-base	delta	leap	leapt	6.0	leaped	10.0	pst	23(2b)	"To act precipitately. ""leaped at the chance"""	1.0	0.3173	0.0177	no_cond	0.44087285208587024	67.55891787080752	41.20528649214592	54.382102181476725	0.44087285208587024	67.55891787080752	41.20528649214592	54.382102181476725	109.83657964722961
answerdotai_ModernBERT-base	delta	learn	learnt	36.0	learned	28.0	ppt	24(2a)	"To gain knowledge or understanding of or skill in by study, instruction, or experience. ""learn a trade"" ""learned to play chess"""	1.0	0.3173	0.0	no_cond	0.5917644720828684	39.07198891666465	42.30842870660626	40.69020881163546	0.5917644720828684	39.07198891666465	42.30842870660626	40.69020881163546	142.97909756217564
answerdotai_ModernBERT-base	delta	learn	learnt	15.0	learned	12.0	ppt	24(2c)	"To come to be able to. ""learn to dance"""	0.333333333333333	0.5637	0.0001	no_cond	0.614798797272554	29.742304463485894	31.08178686131348	30.412045662399684	0.614798797272554	29.742304463485894	31.08178686131348	30.412045662399684	125.11532834016135
answerdotai_ModernBERT-base	delta	learn	learnt	37.0	learned	55.0	ppt	24(2d)	"To come to realize. ""learned that honesty paid"""	3.52173913043478	0.0606	0.0	no_cond	0.606332238666376	44.03423075874973	39.01031438826824	41.522272573508985	0.606332238666376	44.03423075874973	39.01031438826824	41.522272573508985	149.55313624268865
answerdotai_ModernBERT-base	delta	learn	learnt	51.0	learned	39.0	pst	24(2a)	"To gain knowledge or understanding of or skill in by study, instruction, or experience. ""learn a trade"" ""learned to play chess"""	1.6	0.2059	0.0	no_cond	0.6060557131373047	45.313911317564326	47.81485401091088	46.5643826642376	0.6060557131373047	45.313911317564326	47.81485401091088	46.5643826642376	170.82532799352674
answerdotai_ModernBERT-base	delta	learn	learnt	6.0	learned	16.0	pst	24(2c)	"To come to be able to. ""learn to dance"""	4.54545454545455	0.033	0.0211	prob	0.6183103721110622	36.6249801430046	37.47490416415059	37.04994215357759	0.6183103721110622	37.47490416415059	36.6249801430046	37.04994215357759	129.78221928347293
answerdotai_ModernBERT-base	delta	learn	learnt	37.0	learned	29.0	pst	24(2d)	"To come to realize. ""learned that honesty paid"""	0.96969696969697	0.3248	0.0	no_cond	0.6223450788354606	44.28904987635092	46.9167928514292	45.60292136389006	0.6223450788354606	44.28904987635092	46.9167928514292	45.60292136389006	183.48510550009524
answerdotai_ModernBERT-base	delta	learn	learnt	6.0	learned	14.0	pst	24(4a)	"To come to know. To hear. ""We just learned that he was ill."""	3.2	0.0736	0.0202	no_cond	0.6009270925894405	49.6730469884532	35.639576219430104	42.65631160394165	0.6009270925894405	35.639576219430104	49.6730469884532	42.65631160394165	159.09189209771193
answerdotai_ModernBERT-base	delta	light	lighted	45.0	lit	36.0	ppt	25(8a)	To set fire to.	1.0	0.3173	0.0	no_cond	0.6027491952679314	76.42588289795793	84.0387339599431	80.23230842895052	0.6027491952679314	76.42588289795793	84.0387339599431	80.23230842895052	291.2828827390749
answerdotai_ModernBERT-base	delta	light	lighted	48.0	lit	52.0	ppt	25(9b)	"To illuminate. ""Rockets lit up the sky."""	0.16	0.6892	0.0	no_cond	0.5770272701972613	90.10119549129486	88.30496579348053	89.2030806423877	0.5770272701972613	90.10119549129486	88.30496579348053	89.2030806423877	293.66592153956003
answerdotai_ModernBERT-base	delta	light	lighted	14.0	lit	34.0	pst	25(1a)	"To become bright / brighten. ""Her face lit up."""	8.33333333333333	0.0039	0.0	prob	0.6098162985557842	77.58669911442327	74.12620179303501	75.85645045372914	0.6098162985557842	74.12620179303501	77.58669911442327	75.85645045372914	258.791338276835
answerdotai_ModernBERT-base	delta	light	lighted	48.0	lit	47.0	pst	25(8a)	To set fire to.	0.0105263157894737	0.9183	0.0	no_cond	0.615943702724523	80.29059244390723	77.64284742489947	78.96671993440336	0.615943702724523	80.29059244390723	77.64284742489947	78.96671993440336	308.40991425624856
answerdotai_ModernBERT-base	delta	light	lighted	17.0	lit	14.0	pst	25(9b)	"To illuminate. ""Rockets lit up the sky."""	0.290322580645161	0.59	0.0	no_cond	0.5710468743529585	84.22741773326939	92.13879799983611	88.18310786655275	0.5710468743529585	84.22741773326939	92.13879799983611	88.18310786655275	293.2530518225077
answerdotai_ModernBERT-base	delta	plead	pled	83.0	pleaded	70.0	ppt	26(3a)	"To make a plea of a specific nature. ""Plead not guilty"""	1.10457516339869	0.2933	0.0	no_cond	0.5707843406333882	87.16914547714734	84.13103680625191	85.65009114169962	0.5707843406333882	87.16914547714734	84.13103680625191	85.65009114169962	273.0525413765139
answerdotai_ModernBERT-base	delta	plead	pled	4.0	pleaded	21.0	ppt	26(4b)	To entreat or appeal earnestly.	11.56	0.0007	0.1099	cat	0.5495077738343319	88.42380087421829	113.2300236666828	100.82691227045055	0.5495077738343319	88.42380087421829	113.2300236666828	100.82691227045055	237.7263092784569
answerdotai_ModernBERT-base	delta	plead	pled	91.0	pleaded	73.0	pst	26(3a)	"To make a plea of a specific nature. ""Plead not guilty"""	1.97560975609756	0.1599	0.0	no_cond	0.5542072526669363	89.83495775258798	89.52286429094849	89.67891102176824	0.5542072526669363	89.83495775258798	89.52286429094849	89.67891102176824	267.55759686527006
answerdotai_ModernBERT-base	delta	plead	pled	5.0	pleaded	24.0	pst	26(4b)	To entreat or appeal earnestly.	12.448275862069	0.0004	0.0518	cat	0.5504232148302564	113.07634625021718	93.11544712263162	103.0958966864244	0.5504232148302564	93.11544712263162	113.07634625021718	103.0958966864244	245.63093176510023
answerdotai_ModernBERT-base	delta	prove	proved	36.0	proven	19.0	ppt	27(1a)	"To turn out, especially after trial or test. ""The new drug proved effective."""	5.25454545454545	0.0219	0.0	prob	0.5499394003180873	106.93117914557448	119.1298075893941	113.0304933674843	0.5499394003180873	106.93117914557448	119.1298075893941	113.0304933674843	314.44650984223523
answerdotai_ModernBERT-base	delta	prove	proved	40.0	proven	60.0	ppt	27(2a)	"To establish the existence, truth, or validity of (as by evidence or logic). ""prove a theorem"" ""The charges were never proved in court."""	4.0	0.0455	0.0	prob	0.5387918718427537	127.06184457912457	121.88292961390067	124.47238709651262	0.5387918718427537	127.06184457912457	121.88292961390067	124.47238709651262	346.8554960438751
answerdotai_ModernBERT-base	delta	prove	proved	19.0	proven	20.0	ppt	27(2b)	"To demonstrate as having a particular quality or worth. ""proved herself a great actress"" ""The vaccine has been proven effective after years of tests."""	0.0256410256410256	0.8728	0.0	no_cond	0.5268835522674733	131.17638847826353	133.72630277797285	132.4513456281182	0.5268835522674733	131.17638847826353	133.72630277797285	132.4513456281182	372.34204884787516
answerdotai_ModernBERT-base	delta	ring	ringed	0.0	rung	42.0	ppt	28(10a)	To cause to sound, especially by striking.	42.0	0.0	1.0	cat	0.10459821295914032	57.47489605031906	50.06629736213231	53.77059670622569			60.781120997653474		60.781120997653474
answerdotai_ModernBERT-base	delta	ring	ringed	91.0	rung	0.0	ppt	28(16a)	To place or form a ring around; to encircle.	91.0	0.0	1.0	cat	0.049580749929716	56.59641463149343	56.31673375326795	56.456574192380685		60.151834915456504			60.151834915456504
answerdotai_ModernBERT-base	delta	ring	ringed	0.0	rung	18.0	ppt	28(1a)	To sound resonantly or sonorously.	18.0	0.0	1.0	cat	0.09288354312379647	44.773030453274856	54.72991284514119	49.75147164920803			58.9867855266364		58.9867855266364
answerdotai_ModernBERT-base	delta	see	saw	54.0	seen	34.0	ppt	29(6a)	To perceive by the eye.	4.54545454545455	0.033	0.0	prob	0.48030180350331503	78.37627970976055	97.44496490250174	87.91062230613115	0.48030180350331503	78.37627970976055	97.44496490250174	87.91062230613115	192.04298449239795
answerdotai_ModernBERT-base	delta	see	saw	18.0	seen	19.0	ppt	29(7a)	"To be aware of. To recognize. ""sees only our faults"""	0.027027027027027	0.8694	0.0	no_cond	0.49733895128742184	70.30151442994509	82.13437617373573	76.21794530184042	0.49733895128742184	70.30151442994509	82.13437617373573	76.21794530184042	193.5619690149673
answerdotai_ModernBERT-base	delta	see	saw	2.0	seen	17.0	ppt	29(7d)	To perceive the meaning or importance of. To understand.	11.8421052631579	0.0006	0.4865	cat	0.04835720384819859	56.56517082526349	118.66156481167573	87.61336781846961	0.45728147439487776	43.26668931259429	82.07679859385426	62.67174395322428	120.321001516193
answerdotai_ModernBERT-base	delta	see	saw	7.0	seen	8.0	ppt	29(8a)	To come to know. To discover.	0.0666666666666667	0.7963	0.0063	no_cond	0.4856837660355174	69.24218952374999	70.7907739186265	70.01648172118824	0.4856837660355174	69.24218952374999	70.7907739186265	70.01648172118824	184.6198293877058
answerdotai_ModernBERT-base	delta	see	saw	16.0	seen	21.0	ppt	29(8c)	"To have experience of. To undergo. ""see army service"""	0.675675675675676	0.4111	0.0	no_cond	0.48801144131066176	84.40113677092566	74.06747636266881	79.23430656679724	0.48801144131066176	84.40113677092566	74.06747636266881	79.23430656679724	191.5889213438116
answerdotai_ModernBERT-base	delta	see	seen	65.0	saw	39.0	pst	29(6a)	To perceive by the eye.	6.5	0.0108	0.0	prob	0.584877578953159	65.71694488315998	65.07908282785874	65.39801385550936	0.584877578953159	65.71694488315998	65.07908282785874	65.39801385550936	213.79989128348143
answerdotai_ModernBERT-base	delta	see	seen	11.0	saw	4.0	pst	29(7a)	"To be aware of. To recognize. ""sees only our faults"""	3.26666666666667	0.0707	0.0996	no_cond	0.5567614508988044	67.72195983275721	52.49168530994941	60.106822571353305	0.5567614508988044	67.72195983275721	52.49168530994941	60.106822571353305	184.42739152314638
answerdotai_ModernBERT-base	delta	see	seen	15.0	saw	18.0	pst	29(8a)	To come to know. To discover.	0.272727272727273	0.6015	0.0	no_cond	0.5548124399047528	59.571827153705655	61.63176917222295	60.6017981629643	0.5548124399047528	59.571827153705655	61.63176917222295	60.6017981629643	189.91998609265798
answerdotai_ModernBERT-base	delta	see	seen	7.0	saw	24.0	pst	29(8c)	"To have experience of. To undergo. ""see army service"""	9.32258064516129	0.0023	0.0107	prob	0.5728250680121768	60.24616898909568	42.39235418896859	51.31926158903214	0.5728250680121768	42.39235418896859	60.24616898909568	51.31926158903214	151.73701500712502
answerdotai_ModernBERT-base	delta	sew	sewed	35.0	sewn	53.0	ppt	30(4a)	To unite or fasten by stitches.	3.68181818181818	0.055	0.0	no_cond	0.5397418523938465	45.52712153280895	43.82172063839689	44.674421085602916	0.5397418523938465	45.52712153280895	43.82172063839689	44.674421085602916	124.29452001328819
answerdotai_ModernBERT-base	delta	sew	sewed	20.0	sewn	13.0	ppt	30(4b)	To create via sewing.	1.48484848484848	0.223	0.0001	no_cond	0.5003827632342808	52.2752162637437	47.730329378293945	50.00277282101882	0.5003827632342808	52.2752162637437	47.730329378293945	50.00277282101882	126.7932107505219
answerdotai_ModernBERT-base	delta	sew	sewed	40.0	sewn	13.0	ppt	30(5a)	"To close or enclose by sewing. ""sew the money in the bag"""	13.7547169811321	0.0002	0.0001	prob	0.5331853524577227	44.33906069140046	44.400400198715865	44.36973044505817	0.5331853524577227	44.33906069140046	44.400400198715865	44.36973044505817	105.5196967815716
answerdotai_ModernBERT-base	delta	sew	sewed	1.0	sewn	17.0	ppt	30(6a)	To scatter (seed) upon the earth for growth. To plant.	14.2222222222222	0.0002	1.0	cat	0.030127301640826516	28.254675897042635	60.95896007155029	44.60681798429646	0.5418870377661346	0.0	38.41766276900573	19.208831384502865	59.04316342911195
answerdotai_ModernBERT-base	delta	shake	shook	10.0	shaken	14.0	ppt	32(10a)	To cause to quake, quiver, or tremble.	0.666666666666667	0.4142	0.0006	no_cond	0.43823208311352363	45.74336677365501	58.65002251438991	52.19669464402246	0.43823208311352363	45.74336677365501	58.65002251438991	52.19669464402246	116.63294022473372
answerdotai_ModernBERT-base	delta	shake	shook	1.0	shaken	26.0	ppt	32(12a)	"To lessen the stability of. To weaken. ""shake one's faith"""	23.1481481481481	0.0	1.0	cat	0.10791563965639642	54.81309611321474	57.88112793210066	56.3471120226577	0.3562799312260572	0.0	58.93834311294678	29.46917155647339	65.48404802378705
answerdotai_ModernBERT-base	delta	shake	shook	59.0	shaken	42.0	ppt	32(16a)	"To stir the feelings of. To upset. To agitate. ""shook her up"""	2.86138613861386	0.0907	0.0	no_cond	0.5127118515977795	47.55597133570786	50.60563012473307	49.08080073022046	0.5127118515977795	47.55597133570786	50.60563012473307	49.08080073022046	125.76367116852322
answerdotai_ModernBERT-base	delta	shine	shone	25.0	shined	3.0	ppt	31(1a)	To emit rays of light	17.2857142857143	0.0	0.2364	cat	0.5057747910570398	66.71143444720141	58.48545688127373	62.59844566423757	0.5057747910570398	66.71143444720141	58.48545688127373	62.59844566423757	109.17486333163812
answerdotai_ModernBERT-base	delta	shine	shone	8.0	shined	15.0	ppt	31(3b)	"To perform extremely well; ""The stocks really shined last week"""	2.1304347826087	0.1444	0.0038	no_cond	0.47475986700265016	59.741872565782856	73.74893521554866	66.74540389066576	0.47475986700265016	73.74893521554866	59.741872565782856	66.74540389066576	148.44840172706566
answerdotai_ModernBERT-base	delta	shine	shone	19.0	shined	8.0	ppt	31(6b)	To throw or direct the light of	4.48148148148148	0.0343	0.0043	prob	0.5009671357248615	58.8431917875771	63.44533933877793	61.14426556317751	0.5009671357248615	58.8431917875771	63.44533933877793	61.14426556317751	140.7605837108825
answerdotai_ModernBERT-base	delta	shine	shone	0.0	shined	38.0	ppt	31(7a)	To make bright by polishing	38.0	0.0	1.0	cat	0.14394058249929534	60.26415883626627	67.81432400375104	64.03924142000865			78.66507656988541		78.66507656988541
answerdotai_ModernBERT-base	delta	shine	shone	20.0	shined	16.0	ppt	31(8b)	To highlight; to bring attention to	0.444444444444444	0.505	0.0	no_cond	0.5110602901876673	67.71066951437693	56.056389476687485	61.88352949553221	0.5110602901876673	67.71066951437693	56.056389476687485	61.88352949553221	165.5213961626609
answerdotai_ModernBERT-base	delta	shine	shined	18.0	shone	34.0	pst	31(1a)	To emit rays of light	4.92307692307692	0.0265	0.0	prob	0.5250507871637347	60.74288488375825	59.9699460656738	60.35641547471603	0.5250507871637347	59.9699460656738	60.74288488375825	60.35641547471603	158.07636734209103
answerdotai_ModernBERT-base	delta	shine	shined	3.0	shone	18.0	pst	31(2a)	To be bright by reflection of light	10.7142857142857	0.0011	0.2317	cat	0.5421857262485433	41.66009432462565	55.55316987614504	48.60663210038535	0.5421857262485433	41.66009432462565	55.55316987614504	48.60663210038535	110.336544698005
answerdotai_ModernBERT-base	delta	shine	shined	12.0	shone	9.0	pst	31(3a)	"To be eminent, conspicuous, or distinguished; ""She shines in math"""	0.428571428571429	0.5127	0.0013	no_cond	0.510729080480713	56.2640906720699	47.55523351377816	51.90966209292403	0.510729080480713	56.2640906720699	47.55523351377816	51.90966209292403	144.8177188061057
answerdotai_ModernBERT-base	delta	shine	shined	33.0	shone	7.0	pst	31(3b)	"To perform extremely well; ""The stocks really shined last week"""	16.9	0.0	0.0117	prob	0.5071771753120876	64.59706315557253	61.05658753786287	62.8268253467177	0.5071771753120876	64.59706315557253	61.05658753786287	62.8268253467177	124.34456508973422
answerdotai_ModernBERT-base	delta	shine	shined	11.0	shone	5.0	pst	31(8b)	To highlight; to bring attention to	2.25	0.1336	0.0434	no_cond	0.48939394237268274	56.11719869157671	70.7172256251386	63.41721215835766	0.48939394237268274	56.11719869157671	70.7172256251386	63.41721215835766	147.04123921586265
answerdotai_ModernBERT-base	delta	show	shown	54.0	showed	46.0	ppt	33(15a)	"To demonstrate or establish by argument or reasoning. ""show a plan to be faulty."""	0.64	0.4237	0.0	no_cond	0.5551199373550788	82.26519305378746	65.07030231819083	73.66774768598914	0.5551199373550788	82.26519305378746	65.07030231819083	73.66774768598914	225.37866857611246
answerdotai_ModernBERT-base	delta	show	shown	25.0	showed	24.0	ppt	33(7a)	"To cause or permit to be seen. To exhibit. ""showed pictures of the baby"""	0.0204081632653061	0.8864	0.0	no_cond	0.5445451774393889	82.54662540714591	78.40263156677965	80.47462848696279	0.5445451774393889	82.54662540714591	78.40263156677965	80.47462848696279	239.27801280185525
answerdotai_ModernBERT-base	delta	sink	sunk	14.0	sank	1.0	pst	45(15a)	To invest.	11.2666666666667	0.0008	1.0	cat	0.13117753739539273	26.18397610114455	51.92275502135154	39.05336556124804	0.43933721041612633	41.97273914582109	0.0	20.986369572910544	55.80920100533433
answerdotai_ModernBERT-base	delta	sink	sunk	11.0	sank	26.0	pst	45(1a)	To go to the bottom. To submerge.	6.08108108108108	0.0137	0.0004	prob	0.43619168930349217	30.259238154770458	43.49828106080731	36.87875960778888	0.43619168930349217	30.259238154770458	43.49828106080731	36.87875960778888	77.71379015512879
answerdotai_ModernBERT-base	delta	sink	sunk	12.0	sank	8.0	pst	45(3b)	"To become impressively known or felt. ""The lesson sunk in."""	0.8	0.3711	0.0033	no_cond	0.5006391908351498	28.493930421406585	38.02365103985202	33.2587907306293	0.5006391908351498	28.493930421406585	38.02365103985202	33.2587907306293	83.35727517671423
answerdotai_ModernBERT-base	delta	sink	sunk	7.0	sank	12.0	pst	45(5a)	To go downward in quality, state, or condition.	1.31578947368421	0.2513	0.008	no_cond	0.4440302623787978	47.32360022629973	76.00475361538076	61.66417692084025	0.4440302623787978	76.00475361538076	47.32360022629973	61.66417692084025	120.20160740975359
answerdotai_ModernBERT-base	delta	sink	sunk	3.0	sank	13.0	pst	45(6b)	To become depressed.	6.25	0.0124	0.2258	cat	0.49153293321557356	15.984505273937222	40.53483915211875	28.259672213027986	0.49153293321557356	15.984505273937222	40.53483915211875	28.259672213027986	72.95677625441114
answerdotai_ModernBERT-base	delta	sink	sunk	20.0	sank	6.0	pst	45(7a)	"To cause to sink. ""sink a battleship"""	7.53846153846154	0.006	0.0226	prob	0.41345072249126014	41.19473594055281	74.15242111651021	57.67357852853151	0.41345072249126014	41.19473594055281	74.15242111651021	57.67357852853151	86.98522911087056
answerdotai_ModernBERT-base	delta	slink	slinked	64.0	slunk	69.0	pst	34(1a)	To go or move stealthily or furtively (as in fear or shame). To steal.	0.18796992481203	0.6646	0.0	no_cond	0.5595283313108605	46.6557514615128	44.64479078156063	45.65027112153672	0.5595283313108605	46.6557514615128	44.64479078156063	45.65027112153672	140.70195194520142
answerdotai_ModernBERT-base	delta	sneak	sneaked	62.0	snuck	59.0	ppt	36(1a)	"To go stealthily or furtively. To slink. ""snuck out early"""	0.0743801652892562	0.7851	0.0	no_cond	0.6177024404428032	86.45299104274541	74.58012804726634	80.51655954500588	0.6177024404428032	74.58012804726634	86.45299104274541	80.51655954500588	314.02090190084573
answerdotai_ModernBERT-base	delta	sneak	sneaked	29.0	snuck	30.0	ppt	36(4a)	"To put, bring, or take in a furtive or artful manner. ""sneak a smoke"""	0.0169491525423729	0.8964	0.0	no_cond	0.5959163506516261	93.69892574136327	85.52797979482912	89.6134527680962	0.5959163506516261	85.52797979482912	93.69892574136327	89.6134527680962	322.94079775187083
answerdotai_ModernBERT-base	delta	sneak	sneaked	9.0	snuck	11.0	ppt	36(5a)	Phrases: sneak up on	0.2	0.6547	0.0012	no_cond	0.6587107803294833	64.51386773587134	54.64124846185218	59.57755809886176	0.6587107803294833	54.64124846185218	64.51386773587134	59.57755809886176	301.1750298372935
answerdotai_ModernBERT-base	delta	sneak	snuck	65.0	sneaked	75.0	pst	36(1a)	"To go stealthily or furtively. To slink. ""snuck out early"""	0.714285714285714	0.398	0.0	no_cond	0.6048880441138105	73.07594620654139	78.28028816526863	75.67811718590501	0.6048880441138105	73.07594620654139	78.28028816526863	75.67811718590501	280.3143806753351
answerdotai_ModernBERT-base	delta	sneak	snuck	29.0	sneaked	19.0	pst	36(4a)	"To put, bring, or take in a furtive or artful manner. ""sneak a smoke"""	2.08333333333333	0.1489	0.0	no_cond	0.6013517172262887	70.77135083186661	76.53608552283347	73.65371817735004	0.6013517172262887	70.77135083186661	76.53608552283347	73.65371817735004	264.64662531775303
answerdotai_ModernBERT-base	delta	speak	spoke	20.0	spoken	7.0	ppt	42(1a)	To utter words or articulate sounds with the ordinary voice. To talk.	6.25925925925926	0.0124	0.01	prob	0.6041800606567018	110.96100420552696	131.13818056035686	121.04959238294191	0.6041800606567018	110.96100420552696	131.13818056035686	121.04959238294191	373.08322758129117
answerdotai_ModernBERT-base	delta	speak	spoke	11.0	spoken	23.0	ppt	42(1b)	"To express thoughts, opinions, or feelings orally. To extend a greeting. To be friendly enough to engage in conversation. ""still were not speaking after the dispute"""	4.23529411764706	0.0396	0.0004	prob	0.5755004735846414	134.61914425099113	120.27316191564627	127.4461530833187	0.5755004735846414	120.27316191564627	134.61914425099113	127.4461530833187	405.06167601352286
answerdotai_ModernBERT-base	delta	speak	spoke	6.0	spoken	15.0	ppt	42(8a)	To to utter with the speaking voice. To pronounce.	3.85714285714286	0.0495	0.0207	prob	0.5638740064278585	134.73011116983741	129.34247336318825	132.03629226651282	0.5638740064278585	129.34247336318825	134.73011116983741	132.03629226651282	402.1837570798338
answerdotai_ModernBERT-base	delta	speak	spoke	20.0	spoken	14.0	ppt	42(8b)	To give a recitation of. To declaim.	1.05882352941176	0.3035	0.0	no_cond	0.5486941618794746	138.2966190259288	147.01754248877668	142.65708075735273	0.5486941618794746	138.2966190259288	147.01754248877668	142.65708075735273	427.2877813625798
answerdotai_ModernBERT-base	delta	speak	spoke	37.0	spoken	31.0	ppt	42(8d)	To address. To accost.	0.529411764705882	0.4669	0.0	no_cond	0.5859052974504174	130.6652844959761	141.48098029709084	136.07313239653348	0.5859052974504174	130.6652844959761	141.48098029709084	136.07313239653348	466.74337975925624
answerdotai_ModernBERT-base	delta	speak	spake	54.0	spoke	47.0	pst	37(1a)	To utter words or articulate sounds with the ordinary voice. To talk.	0.485148514851485	0.4861	0.0	no_cond	0.4878557693953647	50.257567317117136	47.76675880059414	49.012163058855634	0.4878557693953647	50.257567317117136	47.76675880059414	49.012163058855634	118.30273249632074
answerdotai_ModernBERT-base	delta	speak	spake	3.0	spoke	22.0	pst	37(1b)	"To express thoughts, opinions, or feelings orally. To extend a greeting. To be friendly enough to engage in conversation. ""still were not speaking after the dispute"""	14.44	0.0001	0.2347	cat	-0.043769349479448494	29.386524766458745	82.01407623329405	55.7003004998764	0.4860956063571731	32.95959909542984	49.63616708265149	41.29788308904067	79.82246905883169
answerdotai_ModernBERT-base	delta	speak	spake	20.0	spoke	2.0	pst	37(8c)	"To express orally. To delcare. ""free to speak their minds"""	14.7272727272727	0.0001	0.4884	cat	0.3802418281346386	114.30769286940135	56.783072727639	85.54538279852018	0.4484087281264025	63.596574444541616	32.539708966365545	48.068141705453584	87.73873679280501
answerdotai_ModernBERT-base	delta	speed	speeded	2.0	sped	20.0	ppt	38(1a)	"To make haste. ""sped to her bedside"""	14.7272727272727	0.0001	0.4884	cat	0.5440027433293276	34.36084005922518	56.829544480256985	45.595192269741084	0.5440027433293276	34.36084005922518	56.829544480256985	45.595192269741084	95.03798953250804
answerdotai_ModernBERT-base	delta	speed	speeded	16.0	sped	12.0	ppt	38(2a)	"To move, work, or take place faster. To accelerate. ""the heart speeds up"""	0.571428571428571	0.4497	0.0001	no_cond	0.5603700181542833	49.11955631332537	52.3966069587716	50.75808163604849	0.5603700181542833	49.11955631332537	52.3966069587716	50.75808163604849	161.77582755108438
answerdotai_ModernBERT-base	delta	speed	speeded	81.0	sped	64.0	ppt	38(4b)	To increase the speed of. To accelerate.	1.99310344827586	0.158	0.0	no_cond	0.5116666802337114	60.92260573059527	61.308443796100704	61.11552476334799	0.5116666802337114	60.92260573059527	61.308443796100704	61.11552476334799	157.76905672003684
answerdotai_ModernBERT-base	delta	speed	speeded	3.0	sped	71.0	pst	38(1a)	"To make haste. ""sped to her bedside"""	62.4864864864865	0.0	0.2449	cat	0.5420630498475454	43.73749322057845	57.690388619735586	50.713940920157015	0.5420630498475454	43.73749322057845	57.690388619735586	50.713940920157015	75.0380220892641
answerdotai_ModernBERT-base	delta	speed	speeded	29.0	sped	14.0	pst	38(2a)	"To move, work, or take place faster. To accelerate. ""the heart speeds up"""	5.23255813953488	0.0222	0.0	prob	0.5481683255459524	54.22069703613303	48.972773656930016	51.596735346531524	0.5481683255459524	54.22069703613303	48.972773656930016	51.596735346531524	147.4438112142485
answerdotai_ModernBERT-base	delta	speed	speeded	61.0	sped	14.0	pst	38(4b)	To increase the speed of. To accelerate.	29.4533333333333	0.0	0.0001	prob	0.5046123543255921	57.643167166410976	66.48707339568548	62.06512028104823	0.5046123543255921	66.48707339568548	57.643167166410976	62.06512028104823	127.60463428289314
answerdotai_ModernBERT-base	delta	spell	spelt	18.0	spelled	2.0	ppt	39(5a)	To name the letters of in order. To write or print the letters of in order.	12.8	0.0003	0.4872	cat	0.5138043199500281	49.311025125958764	20.400830793418287	34.85592795968853	0.5138043199500281	49.311025125958764	20.400830793418287	34.85592795968853	78.31359548995066
answerdotai_ModernBERT-base	delta	spell	spelt	39.0	spelled	21.0	ppt	39(5b)	To write or print the letters of in a particular way.	5.4	0.0201	0.0	prob	0.4912350381316327	54.6266983917522	51.188953376876626	52.90782588431441	0.4912350381316327	54.6266983917522	51.188953376876626	52.90782588431441	122.98910220341801
answerdotai_ModernBERT-base	delta	spell	spelt	14.0	spelled	43.0	ppt	39(7a)	"To find out by study. To come to understand. Often used with 'out'. ""It requires some pains to spell out those decorations."" (I used as 'to explain', kind of)"	14.7543859649123	0.0001	0.0	prob	0.5180320822548414	38.043079738510265	43.212259464781376	40.62766960164582	0.5180320822548414	43.212259464781376	38.043079738510265	40.62766960164582	88.1970520953342
answerdotai_ModernBERT-base	delta	spill	spilt	0.0	spilled	16.0	ppt	40(2a)	"To spread profusely or beyond bounds. ""Crowds spilled into the streets."""	16.0	0.0001	1.0	cat	0.1762887157888042	0.0	29.139713206479957	14.569856603239979			31.105334636483768		31.105334636483768
answerdotai_ModernBERT-base	delta	spill	spilt	72.0	spilled	54.0	ppt	40(5a)	To cause or allow especially accidentally or unintentionally to fall, flow, or run out so as to be lost or wasted.	2.57142857142857	0.1088	0.0	no_cond	0.5093826955109522	59.88000951955526	65.90695391292688	62.89348171624107	0.5093826955109522	59.88000951955526	65.90695391292688	62.89348171624107	157.93258397393907
answerdotai_ModernBERT-base	delta	spill	spilt	7.0	spilled	10.0	pst	40(1a)	"To flow, run, or fall out, over, or off and become wasted, scattered, or lost. ""water spilling over the dam"""	0.529411764705882	0.4669	0.0072	no_cond	0.5268644345731548	38.989816538593075	48.834503037918665	43.91215978825587	0.5268644345731548	38.989816538593075	48.834503037918665	43.91215978825587	132.6034125709773
answerdotai_ModernBERT-base	delta	spill	spilt	0.0	spilled	18.0	pst	40(2a)	"To spread profusely or beyond bounds. ""Crowds spilled into the streets."""	18.0	0.0	1.0	cat	0.16395639838795253	49.97996834940744	0.0	24.98998417470372			52.71762699925531		52.71762699925531
answerdotai_ModernBERT-base	delta	spill	spilt	49.0	spilled	17.0	pst	40(5a)	To cause or allow especially accidentally or unintentionally to fall, flow, or run out so as to be lost or wasted.	15.5151515151515	0.0001	0.0	prob	0.5100951101624626	58.23991312640129	62.84305006491886	60.54148159566007	0.5100951101624626	58.23991312640129	62.84305006491886	60.54148159566007	136.16174560176785
answerdotai_ModernBERT-base	delta	spill	spilt	2.0	spilled	18.0	pst	40(7a)	"To let out. To divulge. ""spill a secret"""	12.8	0.0003	0.4872	cat	0.4839004912519191	62.324563305310306	20.858813143697667	41.59168822450398	0.4839004912519191	20.858813143697667	62.324563305310306	41.59168822450398	92.9570142299202
answerdotai_ModernBERT-base	delta	spit	spit	64.0	spat	66.0	ppt	41(1a)	To eject saliva as an expression of aversion or contempt.	0.0307692307692308	0.8608	0.0	no_cond	0.5879850819731145	29.960754468369522	33.05112170137305	31.505938084871286	0.5879850819731145	29.960754468369522	33.05112170137305	31.505938084871286	108.26747217802018
answerdotai_ModernBERT-base	delta	spit	spit	12.0	spat	10.0	ppt	41(4a)	To eject (something) from the mouth. To expectorate.	0.181818181818182	0.6698	0.0005	no_cond	0.5615274818728121	38.79250098287331	29.03683667944447	33.91466883115889	0.5615274818728121	38.79250098287331	29.03683667944447	33.91466883115889	112.08058120298237
answerdotai_ModernBERT-base	delta	spit	spit	18.0	spat	20.0	ppt	41(4d)	"To emit as if by spitting. Especially to emit (precipitation) in driving particles or in flurries. ""spit rain"""	0.105263157894737	0.7456	0.0	no_cond	0.6253677439560694	23.296126987581328	27.459351908336004	25.377739447958668	0.6253677439560694	23.296126987581328	27.459351908336004	25.377739447958668	106.87941489263866
answerdotai_ModernBERT-base	delta	spit	spit	32.0	spat	19.0	pst	41(1a)	To eject saliva as an expression of aversion or contempt.	3.31372549019608	0.0687	0.0	no_cond	0.5872041748999539	28.730715158295038	33.73269520126625	31.231705179780647	0.5872041748999539	28.730715158295038	33.73269520126625	31.231705179780647	99.51597515292156
answerdotai_ModernBERT-base	delta	spit	spit	22.0	spat	11.0	pst	41(1c)	To eject matter (such as salive) from the mouth. To expectorate.	3.66666666666667	0.0555	0.0004	no_cond	0.5832669906189385	35.30440561272787	24.857854716654924	30.081130164691395	0.5832669906189385	35.30440561272787	24.857854716654924	30.081130164691395	99.65070552154408
answerdotai_ModernBERT-base	delta	spit	spit	12.0	spat	34.0	pst	41(4d)	"To emit as if by spitting. Especially to emit (precipitation) in driving particles or in flurries. ""spit rain"""	10.5217391304348	0.0012	0.0002	prob	0.5802237773533213	30.301273746527976	12.506479226029752	21.403876486278865	0.5802237773533213	12.506479226029752	30.301273746527976	21.403876486278865	59.20482194435606
answerdotai_ModernBERT-base	delta	spring	sprung	17.0	sprang	20.0	pst	43(3b)	"To issue by birth or descent. ""sprang from the upper class"""	0.243243243243243	0.6219	0.0	no_cond	0.5430585565813829	51.19030057147014	63.31769173402254	57.25399615274634	0.5430585565813829	51.19030057147014	63.31769173402254	57.25399615274634	172.36185075210233
answerdotai_ModernBERT-base	delta	spring	sprung	34.0	sprang	42.0	pst	43(3c)	"To come into being. To arise. ""Towns sprang up across the plains."""	0.842105263157895	0.3588	0.0	no_cond	0.5565776662673881	53.77482617671879	59.16896107477675	56.47189362574777	0.5565776662673881	53.77482617671879	59.16896107477675	56.47189362574777	173.227030609607
answerdotai_ModernBERT-base	delta	spring	sprung	10.0	sprang	9.0	pst	43(7a)	"To quickly start working. ""Firefighters are ready to leap/spring/swing into action at a moment's notice."" To become suddenly very active and energetic. ""They sprang into action as soon as they received their orders."" ""The crowd sprang to life after the first goal was scored."""	0.0526315789473684	0.8185	0.0011	no_cond	0.5810831730539889	48.1278008379774	48.196212240255235	48.16200653911632	0.5810831730539889	48.1278008379774	48.196212240255235	48.16200653911632	176.48868937762887
answerdotai_ModernBERT-base	delta	strive	strived	95.0	striven	86.0	ppt	44(1a)	"To devote serious effort or energy to. To endevor. ""strive to finish a project"""	0.447513812154696	0.5035	0.0	no_cond	0.5871040419588474	54.99373224288033	59.24052553847202	57.11712889067617	0.5871040419588474	54.99373224288033	59.24052553847202	57.11712889067617	194.49248481932136
answerdotai_ModernBERT-base	delta	strive	strived	5.0	striven	14.0	ppt	44(2a)	To struggle in opposition. To contend.	4.26315789473684	0.0389	0.0463	prob	0.5534645916812544	52.70274592860274	65.58754080521038	59.14514336690656	0.5534645916812544	52.70274592860274	65.58754080521038	59.14514336690656	170.6001033370171
answerdotai_ModernBERT-base	delta	strive	strived	97.0	strove	82.0	pst	44(1a)	"To devote serious effort or energy to. To endevor. ""strive to finish a project"""	1.25698324022346	0.2622	0.0	no_cond	0.5882398410299863	76.41932019083801	70.55415687597186	73.48673853340493	0.5882398410299863	76.41932019083801	70.55415687597186	73.48673853340493	252.3891599835766
answerdotai_ModernBERT-base	delta	strive	strived	3.0	strove	18.0	pst	44(2a)	To struggle in opposition. To contend.	10.7142857142857	0.0011	0.2317	cat	0.5977412759894837	44.24341459117151	71.4987415806145	57.871078085893004	0.5977412759894837	44.24341459117151	71.4987415806145	57.871078085893004	164.7833612948208
answerdotai_ModernBERT-base	delta	take	took	9.0	taken	10.0	ppt	47(18b)	"To use up (space, time, etc.) ""takes a long time to dry"""	0.0526315789473684	0.8185	0.0011	no_cond	0.4499610172990447	41.84016316749241	37.40520532876377	39.622684248128095	0.4499610172990447	41.84016316749241	37.40520532876377	39.622684248128095	90.71350943379723
answerdotai_ModernBERT-base	delta	take	took	8.0	taken	9.0	ppt	47(24a)	"To remove. ""take eggs from a nest"" To put an end to (life). To remove by death. ""was taken in his prime"" To subtract. ""take two from four"" To exact. ""The weather took its toll."""	0.0588235294117647	0.8084	0.0027	no_cond	0.4590052254978345	48.17399551174867	33.10288319466261	40.63843935320564	0.4590052254978345	48.17399551174867	33.10288319466261	40.63843935320564	94.98539485254884
answerdotai_ModernBERT-base	delta	take	took	9.0	taken	26.0	ppt	47(25a)	"To undertake and make, do, or perform. ""take a walk"" ""take aim"" ""take legal action"" ""take a test"" ""take a look"" To participate in. ""take a meeting"""	8.25714285714286	0.0041	0.0022	prob	0.4484887252607901	48.58267970594467	37.29496850502649	42.93882410548558	0.4484887252607901	37.29496850502649	48.58267970594467	42.93882410548558	86.31919090674057
answerdotai_ModernBERT-base	delta	take	took	12.0	taken	15.0	ppt	47(29a)	Phrases: take a back seat, take advantage of, take after, take a hike/walk, take care of, take charge of, take for, take into account, take in vain, take no prisoners, take the floor, take to court, take to task, take a chance, take notice of, take pity on, take as, take by surprise, take in, take the trouble to, take over, take down	0.333333333333333	0.5637	0.0001	no_cond	0.45290429763520734	37.10097086778081	43.20087010915442	40.15092048846762	0.45290429763520734	37.10097086778081	43.20087010915442	40.15092048846762	90.89787172219688
answerdotai_ModernBERT-base	delta	take	took	15.0	taken	6.0	ppt	47(8b)	Phrases: take care, take charge, take effect, take five, take hold, take part, take place, take turns, take control, take notice, take for granted, take a toll, take off, take aback	3.85714285714286	0.0495	0.0207	prob	0.4756990198640862	30.15638744527966	38.26882139823388	34.21260442175677	0.4756990198640862	30.15638744527966	38.26882139823388	34.21260442175677	71.22000564452367
answerdotai_ModernBERT-base	delta	take	took	15.0	taken	6.0	ppt	47(9a)	"To get into one's hands or into one's possession, power or control. To seize or capture physically. ""took them as prisoners"" To get possession of (fish or game) by killing or capturing. To acquire by eminent domain."	3.85714285714286	0.0495	0.0207	prob	0.44113111477726585	45.015432093251476	39.911183111920934	42.463307602586205	0.44113111477726585	45.015432093251476	39.911183111920934	42.463307602586205	87.82127012807283
answerdotai_ModernBERT-base	delta	tear	tore	4.0	torn	14.0	ppt	48(4a)	"To divide or disrupt by the pull of contrary forces. ""a mind torn with doubts"""	5.55555555555556	0.0184	0.1039	cat	0.02991234212464668	98.77096015455597	87.56554737040811	93.16825376248204	0.5076565137044172	46.942401360865816	41.87594721195897	44.409174286412394	96.1608737617318
answerdotai_ModernBERT-base	delta	tear	tore	14.0	torn	21.0	ppt	48(5a)	"To remove by force. To wrench. Often used with 'off'. ""tear a cover off a box"""	1.4	0.2367	0.0	no_cond	0.5148831716507632	62.74183193693348	54.60096493980096	58.67139843836722	0.5148831716507632	62.74183193693348	54.60096493980096	58.67139843836722	146.73196058211283
answerdotai_ModernBERT-base	delta	tear	tore	25.0	torn	13.0	ppt	48(7a)	"To damage, remove, or effect an opening in. ""tore up the street to lay a new water main"""	3.78947368421053	0.0516	0.0001	no_cond	0.5116637124565117	51.90993137428845	44.06348609513438	47.986708734711414	0.5116637124565117	51.90993137428845	44.06348609513438	47.986708734711414	123.4456785900056
answerdotai_ModernBERT-base	delta	throw	throwed	6.0	threw	10.0	pst	46(1a)	Phrases: throw cold water on, throw money at, throw one's weight around, throw to the wolves, throw together	1.0	0.3173	0.0177	no_cond	0.566500477700616	48.98088706172054	79.55335855406265	64.2671228078916	0.566500477700616	48.98088706172054	79.55335855406265	64.2671228078916	225.64522986000478
answerdotai_ModernBERT-base	delta	throw	throwed	9.0	threw	24.0	pst	46(3a)	"To propel through the air by a forward motion of the hand and arm. ""throw a baseball"""	6.81818181818182	0.009	0.0021	prob	0.5608998266628384	91.4008612987406	61.7216636279329	76.56126246333675	0.5608998266628384	61.7216636279329	91.4008612987406	76.56126246333675	230.75449134867426
answerdotai_ModernBERT-base	delta	throw	throwed	14.0	threw	4.0	pst	46(5b)	"To drive or impel violently. ""The ship was thrown on a reef."""	5.55555555555556	0.0184	0.1039	cat	0.5989517496481981	58.76891867150232	65.6172806564242	62.19309966396326	0.5989517496481981	58.76891867150232	65.6172806564242	62.19309966396326	185.0504681964368
answerdotai_ModernBERT-base	delta	throw	throwed	16.0	threw	3.0	pst	46(6a)	"To put in a particular position or condition. ""threw her arms around him"" / ""thrown into chaos"" / ""threw him into prison"""	8.89473684210526	0.0029	0.2297	cat	0.5867676537193168	74.32760600995238	60.84981715777087	67.58871158386162	0.5867676537193168	74.32760600995238	60.84981715777087	67.58871158386162	183.4504275463058
answerdotai_ModernBERT-base	delta	tread	trod	16.0	trodden	3.0	ppt	49(1a)	"To move or proceed on or as if on foot. ""must tread lightly"""	8.89473684210526	0.0029	0.2297	cat	0.6239998058719429	60.46437553446682	50.587080272606904	55.52572790353686	0.6239998058719429	60.46437553446682	50.587080272606904	55.52572790353686	173.16673442099435
answerdotai_ModernBERT-base	delta	tread	trod	27.0	trodden	19.0	ppt	49(5a)	"To step or walk on or over. (I used as ""to travel"")"	1.39130434782609	0.2382	0.0	no_cond	0.6052256688096298	76.77344803462903	71.64228948548855	74.20786876005879	0.6052256688096298	76.77344803462903	71.64228948548855	74.20786876005879	279.05290783390507
answerdotai_ModernBERT-base	delta	tread	trod	24.0	trodden	14.0	ppt	49(5b)	"To walk or proceed along. To follow. ""treading a fine line between tradition and innovation"""	2.63157894736842	0.1048	0.0	no_cond	0.5789952110810799	65.50574940294285	95.32001037948342	80.41287989121314	0.5789952110810799	65.50574940294285	95.32001037948342	80.41287989121314	243.88169363022757
answerdotai_ModernBERT-base	delta	tread	trod	23.0	trodden	52.0	ppt	49(7a)	To beat or press with the feet. To trample.	11.2133333333333	0.0008	0.0	prob	0.5896848320087638	72.99320914431618	94.03310680184974	83.51315797308297	0.5896848320087638	94.03310680184974	72.99320914431618	83.51315797308297	246.56098850683037
answerdotai_ModernBERT-base	delta	tread	treaded	26.0	trod	29.0	pst	49(1a)	"To move or proceed on or as if on foot. ""must tread lightly"""	0.163636363636364	0.6858	0.0	no_cond	0.5599310605228687	60.06348806282156	62.754768216562425	61.409128139691994	0.5599310605228687	60.06348806282156	62.754768216562425	61.409128139691994	192.796218685858
answerdotai_ModernBERT-base	delta	tread	treaded	50.0	trod	6.0	pst	49(4a)	Phrases: tread on one's toes, tread water	34.5714285714286	0.0	0.0271	prob	0.595613525993543	58.635269185010245	48.09342607480905	53.364347629909645	0.595613525993543	58.635269185010245	48.09342607480905	53.364347629909645	115.70285826619099
answerdotai_ModernBERT-base	delta	tread	treaded	3.0	trod	14.0	pst	49(5a)	To step or walk on or over	7.11764705882353	0.0076	0.2273	cat	0.5483604290509815	37.66186739933501	67.88711684467897	52.77449212200699	0.5483604290509815	37.66186739933501	67.88711684467897	52.77449212200699	143.80878851380717
answerdotai_ModernBERT-base	delta	tread	treaded	5.0	trod	20.0	pst	49(5b)	"To walk or proceed along. To follow. ""treading a fine line between tradition and innovation"""	9.0	0.0027	0.0502	cat	0.5574104512625427	63.064364792911476	41.78112056258277	52.422742677747124	0.5574104512625427	41.78112056258277	63.064364792911476	52.422742677747124	144.37527821158324
answerdotai_ModernBERT-base	delta	wake	woke	45.0	woken	33.0	ppt	52(2a)	"To awake. To wake up. ""They woke early."""	1.84615384615385	0.1742	0.0	no_cond	0.6029785886206606	86.99092025247346	76.45613421981433	81.7235272361439	0.6029785886206606	86.99092025247346	76.45613421981433	81.7235272361439	300.51521702447405
answerdotai_ModernBERT-base	delta	wake	woke	8.0	woken	21.0	ppt	52(3a)	Intransitive 4c.	5.82758620689655	0.0158	0.0045	prob	0.5867215210641745	71.90790806368051	107.06403580141911	89.4859719325498	0.5867215210641745	71.90790806368051	107.06403580141911	89.4859719325498	282.87341604610754
answerdotai_ModernBERT-base	delta	wake	woke	42.0	woken	33.0	ppt	52(5a)	"To rouse from or as if from sleep. To awake. To wake up. ""Something woke her in the middle of the night."""	1.08	0.2987	0.0	no_cond	0.5749554240691254	89.92855003875714	115.46599511806504	102.69727257841109	0.5749554240691254	89.92855003875714	115.46599511806504	102.69727257841109	324.4235216866026
answerdotai_ModernBERT-base	delta	wear	wore	27.0	worn	39.0	ppt	53(5a)	"To bear or have on the person. ""wore a coat"""	2.18181818181818	0.1396	0.0	no_cond	0.5259612921589899	38.38517168747836	43.30467293645332	40.844922311965846	0.5259612921589899	38.38517168747836	43.30467293645332	40.844922311965846	111.96048989973319
answerdotai_ModernBERT-base	delta	weave	weaved	8.0	woven	7.0	ppt	50(5a)	To form (cloth) by interlacing strands (as of yarn).	0.0666666666666667	0.7963	0.0063	no_cond	0.5864897230778977	65.27113659727544	55.58349556146272	60.42731607936908	0.5864897230778977	65.27113659727544	55.58349556146272	60.42731607936908	231.89884007651852
answerdotai_ModernBERT-base	delta	weave	weaved	7.0	woven	17.0	ppt	50(5b)	To interlace (threads) into cloth.	4.16666666666667	0.0412	0.0094	prob	0.5723569964773824	79.26624441011136	71.45420582428216	75.36022511719676	0.5723569964773824	79.26624441011136	71.45420582428216	75.36022511719676	228.16349364802036
answerdotai_ModernBERT-base	delta	weave	weaved	7.0	woven	9.0	ppt	50(8a)	To produce by elaborately combining elements. To contrive.	0.25	0.6171	0.0068	no_cond	0.5633641022471729	67.68506883493852	64.13252475654411	65.90879679574132	0.5633641022471729	67.68506883493852	64.13252475654411	65.90879679574132	227.32251084518654
answerdotai_ModernBERT-base	delta	weave	weaved	18.0	woven	20.0	ppt	50(8c)	To introduce as an appopriate element. To work in. Usually used with in or into.	0.105263157894737	0.7456	0.0	no_cond	0.6117569504594305	62.34743933086828	63.232599153082425	62.79001924197536	0.6117569504594305	62.34743933086828	63.232599153082425	62.79001924197536	245.80824286094307
answerdotai_ModernBERT-base	delta	weave	weaved	65.0	wove	16.0	pst	50(3a)	To move in a devious, winding, or zigzag course especially to avoid obstacles.	29.641975308642	0.0	0.0	prob	0.585407133841591	71.99670377865596	74.91501292374069	73.45585835119832	0.585407133841591	71.99670377865596	74.91501292374069	73.45585835119832	185.13867392318852
answerdotai_ModernBERT-base	delta	weave	weaved	11.0	wove	12.0	pst	50(8a)	To produce by elaborately combining elements. To contrive.	0.0434782608695652	0.8348	0.0002	no_cond	0.5822080811994672	63.319526428715875	80.19688126897285	71.75820384884436	0.5822080811994672	63.319526428715875	80.19688126897285	71.75820384884436	259.41859991355824
answerdotai_ModernBERT-base	delta	weave	weaved	6.0	wove	15.0	pst	50(8b)	To unite in a coherent whole.	3.85714285714286	0.0495	0.0207	prob	0.5559113797430433	87.7073633071592	77.71652203264179	82.7119426699005	0.5559113797430433	87.7073633071592	77.71652203264179	82.7119426699005	228.24538671569627
answerdotai_ModernBERT-base	delta	weave	weaved	5.0	wove	23.0	pst	50(8c)	To introduce as an appopriate element. To work in. Usually used with in or into.	11.5714285714286	0.0007	0.0515	cat	0.5991592097403402	67.02472357182434	44.37164237002135	55.69818297092284	0.5991592097403402	44.37164237002135	67.02472357182434	55.69818297092284	168.84097019600728
answerdotai_ModernBERT-base	delta	wet	wetted	30.0	wet	14.0	pst	51(4a)	To make wet.	5.81818181818182	0.0159	0.0	prob	0.49755146301988235	53.48449740397361	49.53495105216756	51.50972422807058	0.49755146301988235	53.48449740397361	49.53495105216756	51.50972422807058	122.1959724963631
answerdotai_ModernBERT-base	delta	wet	wetted	6.0	wet	24.0	pst	51(5a)	"To urinate in or on. ""wet his pants"""	10.8	0.001	0.0237	prob	0.51459005502834	45.40255454758807	45.134181512817406	45.26836803020274	0.51459005502834	45.134181512817406	45.40255454758807	45.26836803020274	95.60492079797059
answerdotai_ModernBERT-base	delta	write	wrote	70.0	written	75.0	ppt	54(5b)	"To be the author of. To compose. ""writes poems and essays"" To compose in musical form. ""write a string quartet"""	0.172413793103448	0.678	0.0	no_cond	0.5069790430505259	47.037415428346755	54.494065439043396	50.76574043369507	0.5069790430505259	47.037415428346755	54.494065439043396	50.76574043369507	126.9926617315267
answerdotai_ModernBERT-base	delta	write	wrote	21.0	written	7.0	ppt	54(6a)	To make a permanent impression of.	7.0	0.0082	0.0102	prob	0.5325238760693941	42.400615988323196	41.395166776292925	41.89789138230806	0.5325238760693941	42.400615988323196	41.395166776292925	41.89789138230806	103.32569277138074
answerdotai_ModernBERT-base	orig	begin	began	16.0	begun	20.0	ppt	2(1a)	"To do the first part of an action. To go into the first part of a process. To start. ""Began by introducing herself"" ""will have to begin again"""	0.444444444444444	0.505	0.0	no_cond	0.22544561670468496	106.85048788507807	109.36447698296433	108.1074824340212	0.22544561670468496	106.85048788507807	109.36447698296433	108.1074824340212	147.5660067027742
answerdotai_ModernBERT-base	orig	begin	began	76.0	begun	64.0	ppt	2(4a)	"To set about the activity of. To start. ""They began the lecture at 10:00."" ""have already begun construction"""	1.02857142857143	0.3105	0.0	no_cond	0.24243467367618957	107.2363307223208	118.79917703177486	113.01775387704782	0.24243467367618957	107.2363307223208	118.79917703177486	113.01775387704782	153.018707635193
answerdotai_ModernBERT-base	orig	begin	began	8.0	begun	14.0	ppt	2(5a)	"To bring into being. To found. ""credited with beginning the movement"" ""In 1819, he married the daughter of É chief and began a dynasty that would last for nearly 200 years."""	1.63636363636364	0.2008	0.0036	no_cond	0.1369807802414413	0.0	157.42966105121084	78.71483052560542	0.20312590618329732	108.73367678361993	130.1661596393057	119.44991821146282	162.7756504394571
answerdotai_ModernBERT-base	orig	bid	bidden	1.0	bid	41.0	ppt	3(3a)	"To offer (a price) whether for payment or acceptance. ""The contractor bid $10,000 less than his nearest competitor."""	38.0952380952381	0.0	1.0	cat	0.0977841248785719	175.41778560314884	232.03623993171541	203.72701276743214	0.0850785631908897	0.0	237.85672647295647	118.92836323647823	240.16972671740427
answerdotai_ModernBERT-base	orig	bid	bidden	57.0	bid	25.0	ppt	3(4a)	"To issue an order to. To tell. ""did as I was bid"""	12.4878048780488	0.0004	0.0	prob	0.27222251237776945	136.21792085189838	211.15808467768022	173.6880027647893	0.27222251237776945	136.21792085189838	211.15808467768022	173.6880027647893	211.83324300790233
answerdotai_ModernBERT-base	orig	bid	bidden	17.0	bid	0.0	ppt	3(4b)	"To request to come. To invite. ""were bidden to the wedding"""	17.0	0.0	1.0	cat	0.14265546602030085	118.28073319394012	68.32426879954991	93.30250099674501		132.64753386669875			132.64753386669875
answerdotai_ModernBERT-base	orig	bid	bidden	10.0	bid	10.0	ppt	3(5a)	"To give expression to. ""bade a tearful farewell"""	0.0	1.0	0.0004	no_cond	0.2460109940976923	112.06272991278668	172.84771325900402	142.45522158589534	0.2460109940976923	112.06272991278668	172.84771325900402	142.45522158589534	207.2766359179431
answerdotai_ModernBERT-base	orig	bid	bid	16.0	bade	0.0	pst	3(3a)	"To offer (a price) whether for payment or acceptance. ""The contractor bid $10,000 less than his nearest competitor."""	16.0	0.0001	1.0	cat	0.1634157551025647	122.57134346598369	176.24799507146528	149.40966926872449		205.80752385980776			205.80752385980776
answerdotai_ModernBERT-base	orig	bid	bid	25.0	bade	67.0	pst	3(4a)	"To issue an order to. To tell. ""did as I was bid"""	19.1739130434783	0.0	0.0	prob	0.3215074083152462	103.39703960813718	163.61560610005807	133.50632285409762	0.3215074083152462	163.61560610005807	103.39703960813718	133.50632285409762	168.39087309659607
answerdotai_ModernBERT-base	orig	bid	bid	33.0	bade	27.0	pst	3(5a)	"To give expression to. ""bade a tearful farewell"""	0.6	0.4386	0.0	no_cond	0.250680460026789	178.59527139003728	127.57716735596343	153.08621937300035	0.250680460026789	178.59527139003728	127.57716735596343	153.08621937300035	216.08367153854442
answerdotai_ModernBERT-base	orig	break	broke	19.0	broken	7.0	ppt	4(10b)	"To become inoperative because of damage, wear, or strain. ""The pump broke."""	5.53846153846154	0.0186	0.0098	prob	0.3143663313927203	128.69794375599895	181.33792828981206	155.0179360229055	0.3143663313927203	128.69794375599895	181.33792828981206	155.0179360229055	209.29963628018766
answerdotai_ModernBERT-base	orig	break	broke	9.0	broken	14.0	ppt	4(17a)	"To separate into parts with suddenness or violence. ""broke the plate"" ""Break the chocolate bar in half."""	1.08695652173913	0.2971	0.0015	no_cond	0.21585002872085923	126.09056428342531	216.08397085202998	171.08726756772765	0.21585002872085923	126.09056428342531	216.08397085202998	171.08726756772765	248.45739588557987
answerdotai_ModernBERT-base	orig	break	broke	5.0	broken	20.0	ppt	4(18a)	"To violate. To transgress. ""break the law"" ""break a promise"" ""breaking conventions"""	9.0	0.0027	0.0502	cat	0.06742879838926352	186.49398556706353	188.61712143708596	187.55555350207476	0.21362166998743004	98.71758529357818	183.11390105780507	140.91574317569163	211.92540061131888
answerdotai_ModernBERT-base	orig	break	broke	7.0	broken	13.0	ppt	4(26a)	"To split into smaller units, parts, or processes. To divide. ""break the grammar lesson into digestible chunks."" ""break a word at the end of a line"""	1.8	0.1797	0.0083	no_cond	0.06294998352340064	162.96530528502268	239.1249827599787	201.0451440225007	0.24398690759048086	136.062709378676	193.9893705089835	165.02603994382974	247.60218177641718
answerdotai_ModernBERT-base	orig	break	broke	9.0	broken	6.0	ppt	4(29a)	"To exceed. To surpass. ""break the record"""	0.6	0.4386	0.0169	no_cond	0.2993184395897602	110.38986654860096	140.4809134669176	125.43539000775928	0.2993184395897602	110.38986654860096	140.4809134669176	125.43539000775928	198.51390890092935
answerdotai_ModernBERT-base	orig	break	broke	9.0	broken	8.0	ppt	4(7a)	"To end a relationship, connection, or agreement; usually used with with or from. ""break with tradition"" ""broke with the leadership"""	0.0588235294117647	0.8084	0.0027	no_cond	0.29093084989204465	122.83588034720404	160.25242278509523	141.54415156614965	0.29093084989204465	122.83588034720404	160.25242278509523	141.54415156614965	224.8738817347223
answerdotai_ModernBERT-base	orig	bring	brung	34.0	brought	31.0	pst	5(3a)	"To convey, lead, carry, or cause to come along with one toward the place from which the action is being regarded. ""brought a bottle of wine to the party"""	0.138461538461538	0.7098	0.0	no_cond	0.19937708348650435	119.55096881102332	133.02845823951006	126.28971352526669	0.19937708348650435	119.55096881102332	133.02845823951006	126.28971352526669	164.42531977689092
answerdotai_ModernBERT-base	orig	bring	brung	55.0	brought	14.0	pst	5(3e)	"(Dialect) To escort. To accompany. ""May I bring you home?"""	24.3623188405797	0.0	0.0001	prob	0.2805872100326496	106.54815191254684	156.13839284004848	131.34327237629765	0.2805872100326496	106.54815191254684	156.13839284004848	131.34327237629765	148.89041063692238
answerdotai_ModernBERT-base	orig	bring	brung	8.0	brought	39.0	pst	5(4a)	"To cause to exist or occur. Such as: To be the occasion of. ""Winter brings snow."" To result in. ""The drug brought immediate relief."" ""brought tears to her eyes"" To institute. ""bring legal action"" To adduce. ""bring an argument"""	20.4468085106383	0.0	0.0056	prob	0.0971274449932271	163.5421146772281	132.3715507372267	147.95683270722742	0.14131213087523029	144.50148575310453	148.87988383187314	146.69068479248884	165.41150321378217
answerdotai_ModernBERT-base	orig	bring	brung	3.0	brought	16.0	pst	5(7a)	Phrases: bring forth, bring forward, bring home, bring to account, bring to bear, bring to book, bring to light, bring to mind, bring to terms	8.89473684210526	0.0029	0.2297	cat	0.08250085260743567	121.58789179055954	129.69878993488373	125.64334086272163	0.16840081267719972	94.65623803501383	127.51095598839673	111.08359701170528	145.06815130944224
answerdotai_ModernBERT-base	orig	burn	burnt	12.0	burned	18.0	ppt	6(10b)	"To subject to misfortune, mistreatment, or deception. Often used in passive. ""has been burned in love"""	1.2	0.2733	0.0001	no_cond	0.19911915854519144	73.40165847082487	94.82069971655525	84.11117909369005	0.19911915854519144	73.40165847082487	94.82069971655525	84.11117909369005	114.5516160342412
answerdotai_ModernBERT-base	orig	burn	burnt	47.0	burned	39.0	ppt	6(7a)	"To cause to undergo combustion. Especially, to destroy by fire. ""burned the trash"""	0.744186046511628	0.3883	0.0	no_cond	0.06520121678684926	158.4798833278761	138.3850971992445	148.4324902635603	0.11805624648400165	138.92352321209378	144.1386066685578	141.5310649403258	162.6967713186045
answerdotai_ModernBERT-base	orig	burn	burnt	15.0	burned	6.0	ppt	6(7b)	"To use as fuel. ""This furnace burns gas"""	3.85714285714286	0.0495	0.0207	prob	0.1449368667156128	115.92744515189881	125.1643375869095	120.54589136940416	0.1449368667156128	115.92744515189881	125.1643375869095	120.54589136940416	141.68039753213029
answerdotai_ModernBERT-base	orig	burn	burnt	5.0	burned	11.0	ppt	6(9a)	"To injure or damage by or as if by exposure to fire, heat, or radiation. To scorch. ""burned his hand"""	2.25	0.1336	0.0434	no_cond	0.06055387683134167	136.4563409689147	85.79885977590077	111.12760037240773	0.17694170806925127	88.57910732542751	116.97063754834268	102.77487243688509	142.50163365891927
answerdotai_ModernBERT-base	orig	burn	burnt	6.0	burned	12.0	pst	6(3a)	"To undergo alteration or destruction by the action of fire or heat. ""The house burned down."" ""The potatoes burned to a crisp."""	2.0	0.1573	0.0191	no_cond	0.09161646841342515	83.17053683085274	128.83620310814345	106.0033699694981	0.12129631525006805	101.58560344443049	117.39548818415004	109.49054581429027	136.2404895811734
answerdotai_ModernBERT-base	orig	burn	burnt	39.0	burned	50.0	pst	6(7a)	"To cause to undergo combustion. Especially, to destroy by fire. ""burned the trash"""	1.35955056179775	0.2436	0.0	no_cond	0.1412569257122757	132.65845173576426	152.97016981858937	142.81431077717681	0.14202222187672134	135.45090818866402	151.17699873325742	143.3139534609607	172.42270140572543
answerdotai_ModernBERT-base	orig	burn	burnt	20.0	burned	3.0	pst	6(9a)	"To injure or damage by or as if by exposure to fire, heat, or radiation. To scorch. ""burned his hand"""	12.5652173913043	0.0004	0.2333	cat	0.16467744559107195	103.66629800959205	106.86490669917794	105.265602354385	0.19791943240386078	105.74263889972981	85.42711432005824	95.58487660989402	121.48203725314671
answerdotai_ModernBERT-base	orig	creep	creeped	3.0	crept	25.0	ppt	7(2a)	"To go very slowly. ""The hours crept by."""	17.2857142857143	0.0	0.2364	cat	-0.009138349266039288	73.65851419792635	135.9947509873059	104.82663259261614	0.13907278384389973	55.2691991458579	128.0792627229831	91.67423093442049	135.10087895554082
answerdotai_ModernBERT-base	orig	creep	creeped	10.0	crept	63.0	ppt	7(2c)	"To enter or advance gradually so as to be almost unnoticed. ""Age creeps up on us."" ""A note of irritation crept into her voice."""	38.4794520547945	0.0	0.0014	prob	0.030721582249151683	71.28640075094319	125.03585967813996	98.16113021454157	0.20739937687716423	79.07821939807611	111.14091441101189	95.10956690454401	124.3196625899761
answerdotai_ModernBERT-base	orig	creep	creeped	72.0	crept	0.0	ppt	7(6a)	"To cause (someone) to have an uncomfortable feeling of nervousness or hear. To give (someone) the creeps. ""That guy really creeps me out."" ""I felt creeped out being alone in the office at night."""	72.0	0.0	1.0	cat	0.13880280293409694	69.2874376247759	91.68173831791931	80.48458797134761		97.07212779399967			97.07212779399967
answerdotai_ModernBERT-base	orig	creep	creeped	2.0	crept	32.0	pst	7(2a)	"To go very slowly. ""The hours crept by."""	26.4705882352941	0.0	0.4925	cat	0.14596567811114927	125.7877677018023	123.82649635486608	124.8071320283342	0.12170655804527912	68.42085268737	140.39477566765112	104.40781417751056	145.16705783205884
answerdotai_ModernBERT-base	orig	creep	creeped	4.0	crept	32.0	pst	7(2b)	"To go timidly or cautiously so as to escape notice. ""She crept away from the festive scene."""	21.7777777777778	0.0	0.1145	cat	0.06375930166582044	100.1922620929934	119.39017784559101	109.7912199692922	0.1566384712265441	53.839133170195936	116.91543849953848	85.37728583486721	124.36019669261981
answerdotai_ModernBERT-base	orig	creep	creeped	6.0	crept	36.0	pst	7(2c)	"To enter or advance gradually so as to be almost unnoticed. ""Age creeps up on us."" ""A note of irritation crept into her voice."""	21.4285714285714	0.0	0.0258	prob	0.1208015015238272	137.28525986095732	111.85634585227545	124.57080285661638	0.17841144555275718	102.14990902680377	128.79286685259004	115.47138793969691	143.56848111895056
answerdotai_ModernBERT-base	orig	creep	creeped	81.0	crept	0.0	pst	7(6a)	"To cause (someone) to have an uncomfortable feeling of nervousness or hear. To give (someone) the creeps. ""That guy really creeps me out."" ""I felt creeped out being alone in the office at night."""	81.0	0.0	1.0	cat	0.122782343104846	61.74501844197874	59.665631814775054	60.7053251283769		70.62022295977458			70.62022295977458
answerdotai_ModernBERT-base	orig	disprove	disproven	100.0	disproved	100.0	ppt	8(1a)	"To prove to be false or wrong. To refute. ""disprove a theory"""	0.0	1.0	0.0	no_cond	0.1941419194090776	105.97801708303474	134.00318725043533	119.99060216673504	0.1941419194090776	105.97801708303474	134.00318725043533	119.99060216673504	152.16585784848917
answerdotai_ModernBERT-base	orig	dive	dived	28.0	dove	15.0	pst	9(1a)	To plunge into water intentionally	3.93023255813953	0.0474	0.0	prob	0.21109002382183067	104.95445042558535	103.95361527920707	104.45403285239621	0.2099184906843969	109.76117823864597	98.95560632150858	104.35839228007728	140.15628662405092
answerdotai_ModernBERT-base	orig	dive	dived	25.0	dove	49.0	pst	9(3a)	To plunge into some matter or activity	7.78378378378378	0.0053	0.0	prob	0.22806703149229737	92.057964729543	88.67650120798189	90.36723296876244	0.22806703149229737	88.67650120798189	92.057964729543	90.36723296876244	120.40451953543875
answerdotai_ModernBERT-base	orig	dive	dived	34.0	dove	33.0	pst	9(3b)	To plunge or dash for some place, expecially to seize something	0.0149253731343284	0.9028	0.0	no_cond	0.19444147394944802	106.53632155218213	87.40408093044107	96.9702012413116	0.19444147394944802	106.53632155218213	87.40408093044107	96.9702012413116	126.19401223993292
answerdotai_ModernBERT-base	orig	dream	dreamt	59.0	dreamed	53.0	ppt	11(2a)	"To indulge in daydreams or fantasies. ""dreaming of a better future"""	0.321428571428571	0.5708	0.0	no_cond	0.19825557995909254	100.34054867037631	98.49175591238075	99.41615229137852	0.19825557995909254	100.34054867037631	98.49175591238075	99.41615229137852	127.54803976484085
answerdotai_ModernBERT-base	orig	dream	dreamt	20.0	dreamed	28.0	ppt	11(5a)	"To consider as a possibility. To imagine. ""never dreamed I would become a teacher"""	1.33333333333333	0.2482	0.0	no_cond	0.19221615795168293	100.88197785310882	115.21074663384726	108.04636224347804	0.19004852654291593	104.6944542219948	113.48320872519422	109.08883147359451	141.31456571975693
answerdotai_ModernBERT-base	orig	dream	dreamt	7.0	dreamed	15.0	ppt	11(8a)	"To come up with the idea for. Often, the phrase ""dream up""."	2.90909090909091	0.0881	0.0089	no_cond	0.15806884047289005	96.20314901746657	109.71149916168	102.95732408957329	0.14574018502830885	93.50582969249864	113.59202562384871	103.54892765817368	132.20343177071936
answerdotai_ModernBERT-base	orig	dream	dreamt	25.0	dreamed	44.0	pst	11(2a)	"To indulge in daydreams or fantasies. ""dreaming of a better future"""	5.23188405797101	0.0222	0.0	prob	0.18411484018474084	118.10026978606086	112.07728561779821	115.08877770192953	0.18411484018474084	112.07728561779821	118.10026978606086	115.08877770192953	144.85643818237793
answerdotai_ModernBERT-base	orig	dream	dreamt	56.0	dreamed	15.0	pst	11(4a)	"To have a dream of. ""dreamt that he was running in the woods"""	23.6760563380282	0.0	0.0	prob	0.19432041475507658	115.01435733704847	117.65693942851787	116.33564838278318	0.19179163255403994	115.954078181803	114.87012940205983	115.41210379193141	136.93280556201643
answerdotai_ModernBERT-base	orig	dream	dreamt	6.0	dreamed	20.0	pst	11(5a)	"To consider as a possibility. To imagine. ""never dreamed I would become a teacher"""	7.53846153846154	0.006	0.0226	prob	0.16537128912497565	92.97701126444282	90.16301814696526	91.57001470570404	0.27905433608255537	58.41045134797648	92.91757709783433	75.66401422290541	119.19071622125254
answerdotai_ModernBERT-base	orig	dream	dreamt	7.0	dreamed	20.0	pst	11(8a)	"To come up with the idea for. Often, the phrase ""dream up""."	6.25925925925926	0.0124	0.01	prob	0.11353750563739035	94.21040023252	108.14750576390809	101.17895299821404	0.19370049359438715	89.1823282720819	100.9920927096554	95.08721049086864	123.57444608546683
answerdotai_ModernBERT-base	orig	drink	drank	17.0	drunk	11.0	ppt	10(2a)	"To partake of alcoholic beverages. ""has quit drinking"""	1.28571428571429	0.2568	0.0003	no_cond	0.14341734232087158	117.54311292250016	100.57683814386446	109.05997553318231	0.11251101924437028	116.44080280994845	112.6040660826531	114.52243444630078	134.15558394120086
answerdotai_ModernBERT-base	orig	drink	drank	59.0	drunk	45.0	ppt	10(4a)	"To swallow. To imbibe. ""drink a glass of water"""	1.88461538461538	0.1698	0.0	no_cond	0.12535724201794196	111.19810411425645	133.15497549248823	122.17653980337235	0.10073609593345144	122.92927546557192	135.7531819133628	129.34122868946736	144.13400379015266
answerdotai_ModernBERT-base	orig	drink	drank	17.0	drunk	34.0	ppt	10(7a)	Phrase: drink the Kool-Aid	5.66666666666667	0.0173	0.0	prob	0.07792129865111214	75.30009775461694	101.90509571656916	88.60259673559305	0.12765623852708596	79.97499181690786	94.23737790130714	87.1061848591075	104.07030637375158
answerdotai_ModernBERT-base	orig	drive	drove	0.0	driven	25.0	ppt	12(11a)	"To give shape or impulse to. ""factors that drive the business cycle"" ""the ideas that have driven history"""	25.0	0.0	1.0	cat	0.1394425782027253	88.32315703062712	157.25754980217562	122.79035341640136			170.770664906311		170.770664906311
answerdotai_ModernBERT-base	orig	drive	drove	27.0	driven	4.0	ppt	12(2a)	"To operate a vehicle. ""learned to drive at the age of seventeen"""	17.0645161290323	0.0	0.1128	cat	0.04778237486327344	75.08771325719384	144.96064138469367	110.02417732094375	0.34684212924827196	112.04402830206853	87.77584780814297	99.90993805510575	147.00123606420894
answerdotai_ModernBERT-base	orig	drive	drove	12.0	driven	3.0	ppt	12(7b)	"To operate the mechanism and controls and direct the course of (a vehicle). ""drive a car"""	5.4	0.0201	0.2241	cat	0.37059729075836395	108.58722694669507	110.62972560412322	109.60847627540915	0.37059729075836395	108.58722694669507	110.62972560412322	109.60847627540915	175.42108302024337
answerdotai_ModernBERT-base	orig	drive	drove	0.0	driven	24.0	ppt	12(8a)	"To exert inescapable or coescive pressure on. To force. ""driven by his passions"""	24.0	0.0	1.0	cat	0.07337457171096529	187.28939046353366	170.09585623584002	178.69262334968684			200.89272409158974		200.89272409158974
answerdotai_ModernBERT-base	orig	eat	ate	22.0	eaten	8.0	ppt	1(1a)	To take food or a meal.	6.53333333333333	0.0106	0.0046	prob	0.3111661887891165	157.36865580994944	107.80762741675872	132.58814161335408	0.3111661887891165	157.36865580994944	107.80762741675872	132.58814161335408	216.13396576829547
answerdotai_ModernBERT-base	orig	eat	ate	61.0	eaten	81.0	ppt	1(3a)	To take in through the mouth as food. To ingest, chew, and swallow in turn.	2.8169014084507	0.0933	0.0	no_cond	0.2805198918341752	197.13108218723045	137.5319062457128	167.33149421647164	0.2805198918341752	197.13108218723045	137.5319062457128	167.33149421647164	234.13781781930436
answerdotai_ModernBERT-base	orig	fall	fell	10.0	fallen	21.0	ppt	13(12a)	Phrases: fall apart, fall behind, fall between two stools, fall flat, fall for, fall from grace, fall home, fall into line, fall on, fall on one's face, fall on one's sword, fall short	3.90322580645161	0.0482	0.0008	prob	0.15044369377602246	150.9904542617902	123.67194648780851	137.33120037479935	0.23707175202289005	105.23367199080026	134.54703244462968	119.89035221771496	170.86234853686315
answerdotai_ModernBERT-base	orig	fall	fell	40.0	fallen	11.0	ppt	13(1a)	"To descend freely by the force of gravity. ""The apple fell from the tree."""	16.4901960784314	0.0	0.0005	prob	0.2543027204841177	124.81546854924984	126.71312097994058	125.7642947645952	0.2543027204841177	124.81546854924984	126.71312097994058	125.7642947645952	160.76942838901047
answerdotai_ModernBERT-base	orig	fall	fell	4.0	fallen	30.0	ppt	13(6c)	"To decline in quality, activity, or quantity. ""Production fell off."""	19.8823529411765	0.0	0.1139	cat	0.13241936747251545	135.16525895825797	68.1248594169661	101.64505918761203	0.3207274726266791	82.88749238352295	111.14656251084276	97.01702744718285	138.66191892706897
answerdotai_ModernBERT-base	orig	fall	fell	30.0	fallen	5.0	ppt	13(9a)	"To pass suddenly and passively into a state or body of mind or a new state or condition. ""fall asleep"" / ""fall in love"""	17.8571428571429	0.0	0.0536	cat	0.2844551374105609	112.39004434285971	95.10642972326102	103.74823703306036	0.2844551374105609	112.39004434285971	95.10642972326102	103.74823703306036	139.27147728977758
answerdotai_ModernBERT-base	orig	fly	flied	2.0	flew	16.0	pst	14(1a)	"To move in or pass through the air with wings. ""bees flying around the hive"""	10.8888888888889	0.001	0.4857	cat	0.15927273203326037	93.46596065139161	137.11784305978594	115.29190185558878	0.35909793282658065	25.765395576552223	107.51586031802002	66.64062794728612	137.5669502615808
answerdotai_ModernBERT-base	orig	fly	flied	0.0	flew	52.0	pst	14(5a)	"To operate or travel in an airplane or spacecraft. ""They flew to Florida for their vacation."""	52.0	0.0	1.0	cat	0.10683087463454896	91.15093501671112	98.23238498610435	94.69166000140774			109.86343151822304		109.86343151822304
answerdotai_ModernBERT-base	orig	fly	flied	96.0	flew	7.0	pst	14(7a)	To hit a fly in baseball.	76.9029126213592	0.0	0.0141	prob	0.3801832310537529	80.71799655577651	54.73239515536438	67.72519585557045	0.3801832310537529	80.71799655577651	54.73239515536438	67.72519585557045	96.37949109971206
answerdotai_ModernBERT-base	orig	forget	forgot	41.0	forgotten	49.0	ppt	15(3a)	"To lose the remembrance of. To be unable to think of or recall. ""I forgot his name."""	0.711111111111111	0.3991	0.0	no_cond	0.19829544446921174	107.06209990496598	81.87166202369626	94.46688096433112	0.19829544446921174	107.06209990496598	81.87166202369626	94.46688096433112	118.86642538939698
answerdotai_ModernBERT-base	orig	forget	forgot	28.0	forgotten	39.0	ppt	15(4a)	"To treat with inattention or disregard. ""forgot their old friends"" ""He's now a forgotten hero."""	1.80597014925373	0.179	0.0	no_cond	0.18554808192289213	123.24590694970085	88.53504174040286	105.89047434505186	0.18554808192289213	123.24590694970085	88.53504174040286	105.89047434505186	127.78355336072751
answerdotai_ModernBERT-base	orig	forget	forgot	16.0	forgotten	11.0	ppt	15(5a)	"To disregard intentionally. To overlook. Usually used in the imperative. ""I shouldn't have said that, so just forget it."""	0.925925925925926	0.3359	0.0003	no_cond	0.18039933136602854	110.38422760945842	72.99115858034273	91.68769309490057	0.18039933136602854	110.38422760945842	72.99115858034273	91.68769309490057	123.66080282897425
answerdotai_ModernBERT-base	orig	hang	hanged	1.0	hung	15.0	ppt	16(12a)	"(Informal) To pass time idly or in relaxing or socializing. To hang around. To hang out. ""hanging with friends"" ""hanging at the beach"""	12.25	0.0005	1.0	cat	0.05452899245401675	134.4333041108951	0.0	67.21665205544755	0.24571388324660828	0.0	124.41049362860464	62.20524681430232	137.36373780076562
answerdotai_ModernBERT-base	orig	hang	hanged	0.0	hung	20.0	ppt	16(14a)	Phrases: hang fire, hang it up, hang loose, hang one on, hang out to dry, hang one's hat (on), hang ten, hang tough	20.0	0.0	1.0	cat	0.153853921809328	90.32222787606895	156.09489354084263	123.20856070845579			170.7391144265585		170.7391144265585
answerdotai_ModernBERT-base	orig	hang	hanged	1.0	hung	30.0	ppt	16(15a)	"To fasten to some elevated point without support from below. To suspend. ""hang a picture on the wall"""	27.1290322580645	0.0	1.0	cat	0.07382805811935933	173.16855069749153	144.71486248625405	158.9417065918728	0.1482763796610954	0.0	178.06686766818197	89.03343383409099	182.61064965843136
answerdotai_ModernBERT-base	orig	hang	hanged	98.0	hung	26.0	ppt	16(15b)	"To suspend by the neck until dead; often hanged in the past; often used as a mild oath. ""I'll be hanged"""	41.8064516129032	0.0	0.0	prob	0.27786553233906813	126.36485267473391	199.5641858124546	162.96451924359425	0.27786553233906813	126.36485267473391	199.5641858124546	162.96451924359425	173.92692851998734
answerdotai_ModernBERT-base	orig	hang	hanged	4.0	hung	27.0	pst	16(12a)	"(Informal) To pass time idly or in relaxing or socializing. To hang around. To hang out. ""hanging with friends"" ""hanging at the beach"""	17.0645161290323	0.0	0.1128	cat	0.1095069577338023	168.6267400232129	150.937912248622	159.78232613591746	0.15354315877350425	69.09872614304689	176.00967443809574	122.55420029057132	186.3178428772634
answerdotai_ModernBERT-base	orig	hang	hanged	0.0	hung	22.0	pst	16(14a)	Phrases: hang fire, hang it up, hang loose, hang one on, hang out to dry, hang one's hat (on), hang ten, hang tough	22.0	0.0	1.0	cat	0.243672658691866	138.4345822859371	0.0	69.21729114296855			149.38571727268678		149.38571727268678
answerdotai_ModernBERT-base	orig	hang	hanged	1.0	hung	20.0	pst	16(15a)	"To fasten to some elevated point without support from below. To suspend. ""hang a picture on the wall"""	17.1904761904762	0.0	1.0	cat	0.025722323190311838	140.72646923038877	186.8716908530669	163.79908004172785	0.1345686254067947	0.0	184.30135624185274	92.15067812092637	190.82273098740325
answerdotai_ModernBERT-base	orig	hang	hanged	94.0	hung	3.0	pst	16(15b)	"To suspend by the neck until dead; often hanged in the past; often used as a mild oath. ""I'll be hanged"""	85.3711340206186	0.0	0.2461	cat	0.12855885745664497	110.37293748774826	108.12678270150967	109.24986009462896	0.29786697847732063	119.74304055201844	126.30817007704316	123.0256053145308	127.09682616342407
answerdotai_ModernBERT-base	orig	heave	hove	10.0	heaved	7.0	pst	17(2c)	"To move in an indicated way. (Past tense usually 'hove') ""The ship hove into view."""	0.529411764705882	0.4669	0.0072	no_cond	0.2610289108981857	92.83493680125896	89.34669630458873	91.09081655292385	0.2610289108981857	92.83493680125896	89.34669630458873	91.09081655292385	138.73209378667974
answerdotai_ModernBERT-base	orig	heave	hove	36.0	heaved	0.0	pst	17(2d)	Phrase: heave into view, heave into sight.	36.0	0.0	1.0	cat	0.13759970127335658	80.77795119863825	43.08886510383812	61.93340815123818		86.37410950020903			86.37410950020903
answerdotai_ModernBERT-base	orig	heave	hove	5.0	heaved	12.0	pst	17(8a)	"To throw. To cast. ""heaved her books on the floor"""	2.88235294117647	0.0896	0.0445	no_cond	0.10983854527608015	145.70011273451684	81.88959305491382	113.79485289471532	0.23068933683115406	87.84169727717467	112.1824515699782	100.01207442357644	145.66591350773356
answerdotai_ModernBERT-base	orig	heave	hove	0.0	heaved	22.0	pst	17(9a)	"To utter with obvious effort or with a deep breath. ""heaved a sigh of relief"""	22.0	0.0	1.0	cat	0.15926728251595007	109.71280815995993	74.89412529690156	92.30346672843075			123.29095736760718		123.29095736760718
answerdotai_ModernBERT-base	orig	kneel	kneeled	40.0	knelt	50.0	pst	18(1a)	"To position the body so that one or both knees rest on the floor. ""The prisoners were ordered to kneel."""	1.11111111111111	0.2918	0.0	no_cond	0.24291350124408642	85.68484156085376	120.78723518988943	103.23603837537159	0.24291350124408642	85.68484156085376	120.78723518988943	103.23603837537159	144.8869994738135
answerdotai_ModernBERT-base	orig	kneel	kneeled	60.0	knelt	50.0	pst	18(2a)	"To fall or rest on the knees. ""She kneeled on the floor next to the child."""	0.909090909090909	0.3404	0.0	no_cond	0.2714024865396458	73.08378593205596	107.95624788378777	90.52001690792187	0.2714024865396458	73.08378593205596	107.95624788378777	90.52001690792187	127.0059709189128
answerdotai_ModernBERT-base	orig	knit	knitted	67.0	knit	43.0	ppt	19(3a)	To form by interlacing yarn or thread in a series of connected loops with needles	5.23636363636364	0.0221	0.0	prob	0.1849395237023911	120.56185118763824	117.93593868389986	119.24889493576904	0.18369619654989047	120.0277749424362	119.12849175745768	119.57813334994694	150.37744142707638
answerdotai_ModernBERT-base	orig	knit	knitted	23.0	knit	45.0	ppt	19(4a)	"To link firmly or closely. ""knitted my hands"""	7.11764705882353	0.0076	0.0	prob	0.187930508685964	129.5901279293107	138.1372179771188	133.86367295321475	0.187930508685964	138.1372179771188	129.5901279293107	133.86367295321475	165.37959337599875
answerdotai_ModernBERT-base	orig	knit	knitted	12.0	knit	6.0	pst	19(1a)	To make knitted fabrics or objects.	2.0	0.1573	0.0191	no_cond	0.17298726748607182	125.34639763828349	71.52769301303049	98.43704532565698	0.15717602610909745	115.77852139988211	109.55925206992025	112.66888673490118	142.58479133755898
answerdotai_ModernBERT-base	orig	knit	knitted	57.0	knit	29.0	pst	19(3a)	To form by interlacing yarn or thread in a series of connected loops with needles	9.11627906976744	0.0025	0.0	prob	0.21318499644971253	111.59953731189331	95.32543071162603	103.46248401175967	0.21318499644971253	111.59953731189331	95.32543071162603	103.46248401175967	138.12407229265148
answerdotai_ModernBERT-base	orig	knit	knitted	5.0	knit	16.0	pst	19(4a)	"To link firmly or closely. ""knitted my hands"""	5.76190476190476	0.0164	0.0478	prob	0.12362383946272278	84.33675434541897	129.4536205395127	106.89518744246584	0.12106213952750201	92.30343697652101	119.20863506662121	105.7560360215711	131.68433581878932
answerdotai_ModernBERT-base	orig	knit	knitted	10.0	knit	24.0	pst	19(4c)	"To contract into wrinkles. ""knitted her brow"""	5.76470588235294	0.0164	0.0009	prob	0.11631196097382943	90.9482294742974	128.9041516331172	109.9261905537073	0.1755374150138472	97.7012350637225	111.94751441404468	104.82437473888359	133.85475640465688
answerdotai_ModernBERT-base	orig	know	knowed	42.0	knew	63.0	pst	20(4a)	"To perceive directly. To have direct cognition of. To have understanding of. ""importance of knowing oneself"""	4.2	0.0404	0.0	prob	0.27973260878751927	108.57900366274141	107.70161442861787	108.14030904567964	0.27973260878751927	108.57900366274141	107.70161442861787	108.14030904567964	156.29932129005715
answerdotai_ModernBERT-base	orig	know	knowed	26.0	knew	9.0	pst	20(4c)	To recognize as being the same as something previously known. To be acquainted or familiar with. To have experience of.	8.25714285714286	0.0041	0.0022	prob	0.21012426640319576	140.69102321267238	109.04465190029039	124.86783755648139	0.21012426640319576	140.69102321267238	109.04465190029039	124.86783755648139	169.40299686120449
answerdotai_ModernBERT-base	orig	know	knowed	26.0	knew	25.0	pst	20(5a)	To be aware of the truth or factuality of. To be convinced or certain of.	0.0196078431372549	0.8886	0.0	no_cond	0.3037025858593633	110.83568672698651	76.73164159116834	93.78366415907743	0.3037025858593633	110.83568672698651	76.73164159116834	93.78366415907743	143.74004470953304
answerdotai_ModernBERT-base	orig	lay	lain	0.0	laid	18.0	ppt	21(19b)	"To submit for examination and judgment. ""laid her case before the commission"" (I used it more like ""to show for examination"")"	18.0	0.0	1.0	cat	0.11128432448236716	95.60667776791334	151.75647974133943	123.68157875462639			162.42080211964193		162.42080211964193
answerdotai_ModernBERT-base	orig	lay	lain	7.0	laid	13.0	ppt	21(20a)	(Often vulgar) To copulate with.	1.8	0.1797	0.0083	no_cond	0.342578643958233	118.34163954448687	139.42198976715787	128.88181465582238	0.342578643958233	139.42198976715787	118.34163954448687	128.88181465582238	214.97157714365463
answerdotai_ModernBERT-base	orig	lay	lain	70.0	laid	3.0	ppt	21(2a)	"(Nonstandard) To be or to stay at rest in a horizontal position. To be prostrate. To rest. To recline. ""lie motionless"" ""lie asleep"""	61.4931506849315	0.0	0.2448	cat	0.08086205112587265	160.44158262081748	171.75380822354578	166.09769542218163	0.17089449547931984	178.71378265728436	135.00933205310602	156.8615573551952	185.13632885787615
answerdotai_ModernBERT-base	orig	lay	lain	12.0	laid	34.0	ppt	21(6a)	Phrases: lay an egg, lay eyes on, lay into, lay on the table	10.5217391304348	0.0012	0.0002	prob	0.22546413350350963	136.63865105427476	186.18901411152692	161.41383258290085	0.26319392513139206	128.3653650761976	163.67544783050596	146.02040645335177	211.67617503641594
answerdotai_ModernBERT-base	orig	lay	laid	17.0	lay	0.0	pst	21(13a)	"To dispose or spread over or on a surface. ""lay track"" ""lay plaster"""	17.0	0.0	1.0	cat	0.061566527955229516	125.59412635159963	147.80959856698743	136.70186245929352		159.2508709072616			159.2508709072616
answerdotai_ModernBERT-base	orig	lay	laid	34.0	lay	1.0	pst	21(16a)	"To prepare. To contrive. ""a well-laid plan"""	31.1142857142857	0.0	1.0	cat	0.15062867918040151	143.07972094352755	143.4889895626335	143.28435525308052	0.12336295824281582	160.911043213503	0.0	80.4555216067515	163.8417081200091
answerdotai_ModernBERT-base	orig	lay	laid	15.0	lay	0.0	pst	21(21a)	Phrases: lay off, lay eyes on, lay the basis	15.0	0.0001	1.0	cat	0.16002390253814852	204.8666422547618	174.59283395331883	189.72973810404034		216.19215349326115			216.19215349326115
answerdotai_ModernBERT-base	orig	lay	laid	10.0	lay	61.0	pst	21(2a)	"(Nonstandard) To be or to stay at rest in a horizontal position. To be prostrate. To rest. To recline. ""lie motionless"" ""lie asleep"""	36.6338028169014	0.0	0.0014	prob	0.07854803195909224	179.80849999333134	167.20096347073442	173.5047317320329	0.0568116846683765	108.50161130407355	190.25926102761298	149.38043616584326	191.89842089238923
answerdotai_ModernBERT-base	orig	lay	laid	0.0	lay	26.0	pst	21(6b)	To have place. To exist.	26.0	0.0	1.0	cat	0.06409704008671478	158.55594798234358	165.37171261209502	161.96383029721932			179.47947671032955		179.47947671032955
answerdotai_ModernBERT-base	orig	lead	lead	28.0	led	22.0	ppt	22(5b)	"To direct on a course or in a direction. ""a road leading the traveler to the heart of the city"""	0.72	0.3961	0.0	no_cond	0.12332540894165478	198.76828828601086	241.22625622971307	219.99727225786197	0.12332540894165478	198.76828828601086	241.22625622971307	219.99727225786197	252.65815106403264
answerdotai_ModernBERT-base	orig	lead	lead	8.0	led	43.0	ppt	22(7a)	"To direct the operations, activity, or performance of. ""lead an orchestra"" To have charge of. ""lead a campaign"""	24.0196078431373	0.0	0.0058	prob	0.08714774954201437	212.0038719746193	199.49701752979593	205.7504447522076	0.1345852354100253	166.27497752467912	206.82968462230477	186.55233107349193	225.45058305049133
answerdotai_ModernBERT-base	orig	lead	lead	54.0	led	29.0	ppt	22(8a)	"To bring to some conclusion or condition. ""led to believe otherwise"""	7.53012048192771	0.0061	0.0	prob	0.2634440433677819	245.83832307431064	155.64034888312148	200.73933597871604	0.14420214853237434	184.07987062320097	188.25684668557122	186.1683586543861	214.13168303963297
answerdotai_ModernBERT-base	orig	lead	lead	15.0	led	5.0	pst	22(5a)	"To guide on a way especially by going in advance. ""led the officers to his hiding place"""	5.0	0.0253	0.0471	prob	0.13550901851317096	241.6402588710834	171.08108349608193	206.36067118358267	0.13550901851317096	241.6402588710834	171.08108349608193	206.36067118358267	264.8846700780658
answerdotai_ModernBERT-base	orig	lead	lead	15.0	led	23.0	pst	22(5b)	"To direct on a course or in a direction. ""a road leading the traveler to the heart of the city"""	1.68421052631579	0.1944	0.0	no_cond	0.13193074717260572	174.81295095075478	208.58421101596127	191.69858098335803	0.13193074717260572	174.81295095075478	208.58421101596127	191.69858098335803	231.95297059644872
answerdotai_ModernBERT-base	orig	lead	lead	17.0	led	11.0	pst	22(7a)	"To direct the operations, activity, or performance of. ""lead an orchestra"" To have charge of. ""lead a campaign"""	1.28571428571429	0.2568	0.0003	no_cond	0.20069823159746394	206.18275757761015	103.77331621792939	154.97803689776975	0.151170450746529	153.13903468034715	233.7269826275976	193.43300865397237	222.88989646771634
answerdotai_ModernBERT-base	orig	lead	lead	17.0	led	17.0	pst	22(7c)	"To go at the head of. ""lead a parade"" To be first in or among. ""lead the league"" To have a margain over. ""led his opponent"""	0.0	1.0	0.0	no_cond	0.20873806400889472	143.349031214577	203.89369686997523	173.62136404227613	0.20873806400889472	143.349031214577	203.89369686997523	173.62136404227613	229.84469937369335
answerdotai_ModernBERT-base	orig	lead	lead	34.0	led	37.0	pst	22(8a)	"To bring to some conclusion or condition. ""led to believe otherwise"""	0.126760563380282	0.7218	0.0	no_cond	0.14481468267641606	161.52681722529755	170.8627973644126	166.19480729485508	0.14481468267641606	161.52681722529755	170.8627973644126	166.19480729485508	198.11437160532645
answerdotai_ModernBERT-base	orig	leap	leapt	55.0	leaped	56.0	ppt	23(1a)	"To spring free from or as if from the ground. To jump. ""leap over a fence"" ""A fish leaps out of the water."""	0.009009009009009	0.9244	0.0	no_cond	0.1228072841440805	108.8871088195008	124.02894594017103	116.45802737983591	0.1228072841440805	108.8871088195008	124.02894594017103	116.45802737983591	134.33836576266742
answerdotai_ModernBERT-base	orig	leap	leapt	22.0	leaped	23.0	ppt	23(2a)	"To pass abruptly from one state or topic to another. ""the difficult leap from college to the workplace"""	0.0222222222222222	0.8815	0.0	no_cond	0.13375760673268247	115.25294435892829	129.03958253784725	122.14626344838777	0.11120997164375773	123.38214063059458	128.61182076818505	125.99698069938981	145.44007017619953
answerdotai_ModernBERT-base	orig	leap	leapt	21.0	leaped	17.0	ppt	23(2b)	"To act precipitately. ""leaped at the chance"". I used it like 'to move quickly'"	0.421052631578947	0.5164	0.0	no_cond	0.11141859856609523	127.228050861533	156.65367198046192	141.94086142099746	0.09657382723183894	155.92205669492685	128.05536242042098	141.98870955767393	163.75316517170572
answerdotai_ModernBERT-base	orig	leap	leapt	84.0	leaped	78.0	pst	23(1a)	"To spring free from or as if from the ground. To jump. ""leap over a fence"" ""A fish leaps out of the water."""	0.222222222222222	0.6374	0.0	no_cond	0.12463816709278489	124.18662576963705	128.51701367567733	126.35181972265718	0.11687161924116282	126.00570042138608	130.43836378853044	128.22203210495826	146.3259437548725
answerdotai_ModernBERT-base	orig	leap	leapt	10.0	leaped	9.0	pst	23(2a)	"To pass abruptly from one state or topic to another. ""the difficult leap from college to the workplace"""	0.0526315789473684	0.8185	0.0011	no_cond	0.13077999445786298	122.65311954945166	149.3504557787043	136.00178766407797	0.08395356079138146	124.14933943423455	139.09679173459685	131.6230655844157	151.7124408022987
answerdotai_ModernBERT-base	orig	leap	leapt	6.0	leaped	10.0	pst	23(2b)	"To act precipitately. ""leaped at the chance"""	1.0	0.3173	0.0177	no_cond	0.07133436889018373	110.24007252744659	132.8779483503063	121.55901043887644	0.08336413175922655	96.47174819456772	141.00691472893027	118.739331461749	146.00284756495165
answerdotai_ModernBERT-base	orig	learn	learnt	36.0	learned	28.0	ppt	24(2a)	"To gain knowledge or understanding of or skill in by study, instruction, or experience. ""learn a trade"" ""learned to play chess"""	1.0	0.3173	0.0	no_cond	0.19002038222926332	85.06195710237456	128.25991706258839	106.66093708248147	0.19002038222926332	85.06195710237456	128.25991706258839	106.66093708248147	130.40305537834922
answerdotai_ModernBERT-base	orig	learn	learnt	15.0	learned	12.0	ppt	24(2c)	"To come to be able to. ""learn to dance"""	0.333333333333333	0.5637	0.0001	no_cond	0.2015760154180423	72.2615954182949	80.34824524346782	76.30492033088136	0.2015760154180423	72.2615954182949	80.34824524346782	76.30492033088136	102.03897901971622
answerdotai_ModernBERT-base	orig	learn	learnt	37.0	learned	55.0	ppt	24(2d)	"To come to realize. ""learned that honesty paid"""	3.52173913043478	0.0606	0.0	no_cond	0.1867516773252099	99.81346209209845	110.95360572102437	105.38353390656141	0.1867516773252099	99.81346209209845	110.95360572102437	105.38353390656141	134.60769369531684
answerdotai_ModernBERT-base	orig	learn	learnt	51.0	learned	39.0	pst	24(2a)	"To gain knowledge or understanding of or skill in by study, instruction, or experience. ""learn a trade"" ""learned to play chess"""	1.6	0.2059	0.0	no_cond	0.21946546599402697	89.6903606719481	116.08375769610409	102.8870591840261	0.21946546599402697	89.6903606719481	116.08375769610409	102.8870591840261	133.56329271082038
answerdotai_ModernBERT-base	orig	learn	learnt	6.0	learned	16.0	pst	24(2c)	"To come to be able to. ""learn to dance"""	4.54545454545455	0.033	0.0211	prob	0.22986031568090323	77.4066139671326	80.47021618950336	78.93841507831797	0.22986031568090323	77.4066139671326	80.47021618950336	78.93841507831797	106.15127332345723
answerdotai_ModernBERT-base	orig	learn	learnt	37.0	learned	29.0	pst	24(2d)	"To come to realize. ""learned that honesty paid"""	0.96969696969697	0.3248	0.0	no_cond	0.23914820855507307	85.54266514250914	109.54476509923175	97.54371512087044	0.23914820855507307	85.54266514250914	109.54476509923175	97.54371512087044	132.06702189366897
answerdotai_ModernBERT-base	orig	learn	learnt	6.0	learned	14.0	pst	24(4a)	"To come to know. To hear. ""We just learned that he was ill."""	3.2	0.0736	0.0202	no_cond	0.15099734813439375	92.27960081185147	99.62200652150611	95.95080366667878	0.21887066002899586	65.99907708394618	100.22220145128814	83.11063926761716	123.47704865882046
answerdotai_ModernBERT-base	orig	light	lighted	45.0	lit	36.0	ppt	25(8a)	To set fire to.	1.0	0.3173	0.0	no_cond	0.23966699624057483	121.59669586035903	199.68295618285148	160.63982602160524	0.23966699624057483	121.59669586035903	199.68295618285148	160.63982602160524	209.91947075212582
answerdotai_ModernBERT-base	orig	light	lighted	48.0	lit	52.0	ppt	25(9b)	"To illuminate. ""Rockets lit up the sky."""	0.16	0.6892	0.0	no_cond	0.21535123105709789	144.6254554346372	196.07446698715054	170.34996121089387	0.21535123105709789	144.6254554346372	196.07446698715054	170.34996121089387	224.79054279242476
answerdotai_ModernBERT-base	orig	light	lighted	14.0	lit	34.0	pst	25(1a)	"To become bright / brighten. ""Her face lit up."""	8.33333333333333	0.0039	0.0	prob	0.13464612641262855	176.4015807409583	160.28118662755784	168.34138368425806	0.228975887422453	114.24460799431253	167.501622311125	140.87311515271875	200.53243761837538
answerdotai_ModernBERT-base	orig	light	lighted	48.0	lit	47.0	pst	25(8a)	To set fire to.	0.0105263157894737	0.9183	0.0	no_cond	0.2659272596424486	115.88045469455703	166.87414619377182	141.37730044416443	0.2659272596424486	115.88045469455703	166.87414619377182	141.37730044416443	201.17933430638124
answerdotai_ModernBERT-base	orig	light	lighted	17.0	lit	14.0	pst	25(9b)	"To illuminate. ""Rockets lit up the sky."""	0.290322580645161	0.59	0.0	no_cond	0.242826514712199	124.29246932931743	166.5704302825201	145.43144980591876	0.242826514712199	124.29246932931743	166.5704302825201	145.43144980591876	200.71271820601143
answerdotai_ModernBERT-base	orig	plead	pled	83.0	pleaded	70.0	ppt	26(3a)	"To make a plea of a specific nature. ""Plead not guilty"""	1.10457516339869	0.2933	0.0	no_cond	0.2436100654337221	162.38712673706573	110.13476692807362	136.2609468325697	0.2436100654337221	162.38712673706573	110.13476692807362	136.2609468325697	188.02755067676117
answerdotai_ModernBERT-base	orig	plead	pled	4.0	pleaded	21.0	ppt	26(4b)	To entreat or appeal earnestly.	11.56	0.0007	0.1099	cat	0.04659143482377418	115.23272444683444	154.6176674105514	134.92519592869292	0.30922194625956967	118.84265836372927	115.5856197830316	117.21413907338044	154.67498579946093
answerdotai_ModernBERT-base	orig	plead	pled	91.0	pleaded	73.0	pst	26(3a)	"To make a plea of a specific nature. ""Plead not guilty"""	1.97560975609756	0.1599	0.0	no_cond	0.21416176052283226	176.57056955036774	115.18205251671874	145.87631103354323	0.21416176052283226	176.57056955036774	115.18205251671874	145.87631103354323	193.8767902843667
answerdotai_ModernBERT-base	orig	plead	pled	5.0	pleaded	24.0	pst	26(4b)	To entreat or appeal earnestly.	12.448275862069	0.0004	0.0518	cat	0.2891801078282015	124.14871685900198	170.15767861190616	147.15319773545406	0.2891801078282015	170.15767861190616	124.14871685900198	147.15319773545406	169.0342376301347
answerdotai_ModernBERT-base	orig	prove	proved	36.0	proven	19.0	ppt	27(1a)	"To turn out, especially after trial or test. ""The new drug proved effective."""	5.25454545454545	0.0219	0.0	prob	0.113617121879212	162.57444401581236	195.32643692942338	178.95044047261786	0.22606137585680075	180.02729588321165	118.38530754357204	149.20630171339184	211.9605101400427
answerdotai_ModernBERT-base	orig	prove	proved	40.0	proven	60.0	ppt	27(2a)	"To establish the existence, truth, or validity of (as by evidence or logic). ""prove a theorem"" ""The charges were never proved in court."""	4.0	0.0455	0.0	prob	0.25311318245935566	222.7523646538876	136.9127172395361	179.83254094671184	0.25311318245935566	222.7523646538876	136.9127172395361	179.83254094671184	231.5462532576307
answerdotai_ModernBERT-base	orig	prove	proved	19.0	proven	20.0	ppt	27(2b)	"To demonstrate as having a particular quality or worth. ""proved herself a great actress"" ""The vaccine has been proven effective after years of tests."""	0.0256410256410256	0.8728	0.0	no_cond	0.22078589519946537	226.39114829674088	143.81486926246404	185.10300877960248	0.22078589519946537	226.39114829674088	143.81486926246404	185.10300877960248	248.60293561531307
answerdotai_ModernBERT-base	orig	ring	ringed	0.0	rung	42.0	ppt	28(10a)	To cause to sound, especially by striking.	42.0	0.0	1.0	cat	0.13093987359709805	114.19119088430011	147.6278306638116	130.90951077405586			125.0877946685907		125.0877946685907
answerdotai_ModernBERT-base	orig	ring	ringed	91.0	rung	0.0	ppt	28(16a)	To place or form a ring around; to encircle.	91.0	0.0	1.0	cat	0.08486953645480913	102.01510386432615	115.66653933960393	108.84082160196505		119.00117006792986			119.00117006792986
answerdotai_ModernBERT-base	orig	ring	ringed	0.0	rung	18.0	ppt	28(1a)	To sound resonantly or sonorously.	18.0	0.0	1.0	cat	0.19059056315437597	81.08986611617735	95.58560046828175	88.33773329222956			123.24638576221125		123.24638576221125
answerdotai_ModernBERT-base	orig	see	saw	54.0	seen	34.0	ppt	29(6a)	To perceive by the eye.	4.54545454545455	0.033	0.0	prob	0.13904390389029134	184.8302847727537	204.70752547134032	194.76890512204702	0.13904390389029134	184.8302847727537	204.70752547134032	194.76890512204702	224.32337859832015
answerdotai_ModernBERT-base	orig	see	saw	18.0	seen	19.0	ppt	29(7a)	"To be aware of. To recognize. ""sees only our faults"""	0.027027027027027	0.8694	0.0	no_cond	0.16242103288914977	179.5481052498444	166.56769653237683	173.05790089111062	0.16242103288914977	179.5481052498444	166.56769653237683	173.05790089111062	216.91129387653754
answerdotai_ModernBERT-base	orig	see	saw	2.0	seen	17.0	ppt	29(7d)	To perceive the meaning or importance of. To understand.	11.8421052631579	0.0006	0.4865	cat	0.10770480751465106	134.13544966131164	175.4849247399543	154.81018720063298	0.2130178737433889	116.25120705695207	170.56716731008524	143.40918718351867	193.91483587556704
answerdotai_ModernBERT-base	orig	see	saw	7.0	seen	8.0	ppt	29(8a)	To come to know. To discover.	0.0666666666666667	0.7963	0.0063	no_cond	0.09267012254610771	158.57658145278043	186.53926657962754	172.55792401620397	0.1308068777306351	153.42779044510704	174.01794761231383	163.72286902871042	206.69061203077717
answerdotai_ModernBERT-base	orig	see	saw	16.0	seen	21.0	ppt	29(8c)	"To have experience of. To undergo. ""see army service"""	0.675675675675676	0.4111	0.0	no_cond	0.2141389253700525	42.68936398082312	207.7896197062871	125.23949184355511	0.12341090506622966	194.55208239182502	183.0848292975036	188.8184558446643	220.64083663075564
answerdotai_ModernBERT-base	orig	see	seen	65.0	saw	39.0	pst	29(6a)	To perceive by the eye.	6.5	0.0108	0.0	prob	0.20665325999801887	161.2031570726537	196.07744634149594	178.64030170707483	0.20665325999801887	161.2031570726537	196.07744634149594	178.64030170707483	220.3888670820168
answerdotai_ModernBERT-base	orig	see	seen	11.0	saw	4.0	pst	29(7a)	"To be aware of. To recognize. ""sees only our faults"""	3.26666666666667	0.0707	0.0996	no_cond	0.23607440238267363	147.92930287514594	171.78185970700827	159.8555812910771	0.23607440238267363	147.92930287514594	171.78185970700827	159.8555812910771	211.1545032918181
answerdotai_ModernBERT-base	orig	see	seen	15.0	saw	18.0	pst	29(8a)	To come to know. To discover.	0.272727272727273	0.6015	0.0	no_cond	0.1867420001159721	154.94319906433563	159.6144314320171	157.2788152481764	0.1867420001159721	154.94319906433563	159.6144314320171	157.2788152481764	203.5495071444099
answerdotai_ModernBERT-base	orig	see	seen	7.0	saw	24.0	pst	29(8c)	"To have experience of. To undergo. ""see army service"""	9.32258064516129	0.0023	0.0107	prob	0.13569211742384393	180.29082161053464	162.57253508383502	171.43167834718483	0.15039077736454315	89.45789838953564	197.31678603421392	143.3873422118748	209.88957766829148
answerdotai_ModernBERT-base	orig	sew	sewed	35.0	sewn	53.0	ppt	30(4a)	To unite or fasten by stitches.	3.68181818181818	0.055	0.0	no_cond	0.1387087150498925	121.58262983095517	138.95251799945083	130.267573915203	0.1387087150498925	121.58262983095517	138.95251799945083	130.267573915203	156.41804733846672
answerdotai_ModernBERT-base	orig	sew	sewed	20.0	sewn	13.0	ppt	30(4b)	To create via sewing.	1.48484848484848	0.223	0.0001	no_cond	0.14970445619358838	118.0995567453643	152.48240937898552	135.29098306217492	0.14970445619358838	118.0995567453643	152.48240937898552	135.29098306217492	158.03883201916622
answerdotai_ModernBERT-base	orig	sew	sewed	40.0	sewn	13.0	ppt	30(5a)	"To close or enclose by sewing. ""sew the money in the bag"""	13.7547169811321	0.0002	0.0001	prob	0.16344300366144926	120.83956029914275	137.6793878170861	129.25947405811442	0.16344300366144926	120.83956029914275	137.6793878170861	129.25947405811442	144.78051398924256
answerdotai_ModernBERT-base	orig	sew	sewed	1.0	sewn	17.0	ppt	30(6a)	To scatter (seed) upon the earth for growth. To plant.	14.2222222222222	0.0002	1.0	cat	0.1084039404920436	126.86366546446247	91.40239480787422	109.13303013616834	0.1178197215046952	0.0	133.31367849816843	66.65683924908421	138.84563599648078
answerdotai_ModernBERT-base	orig	shake	shook	10.0	shaken	14.0	ppt	32(10a)	To cause to quake, quiver, or tremble.	0.666666666666667	0.4142	0.0006	no_cond	0.06497179943620547	126.89262490492725	165.18917328845646	146.04089909669185	0.07366128923740008	128.42302111582438	158.60483116957238	143.51392614269838	165.72065631268663
answerdotai_ModernBERT-base	orig	shake	shook	1.0	shaken	26.0	ppt	32(12a)	"To lessen the stability of. To weaken. ""shake one's faith"""	23.1481481481481	0.0	1.0	cat	0.025795777059766337	138.39419175418044	133.8746153617507	136.13440355796558	0.06720920830927132	0.0	142.04732453696124	71.02366226848062	143.87459437565644
answerdotai_ModernBERT-base	orig	shake	shook	59.0	shaken	42.0	ppt	32(16a)	"To stir the feelings of. To upset. To agitate. ""shook her up"""	2.86138613861386	0.0907	0.0	no_cond	0.17703543771424501	119.71090932863241	124.72971480975697	122.22031206919469	0.17703543771424501	119.71090932863241	124.72971480975697	122.22031206919469	150.78355965258064
answerdotai_ModernBERT-base	orig	shine	shone	25.0	shined	3.0	ppt	31(1a)	To emit rays of light	17.2857142857143	0.0	0.2364	cat	0.13763317623449894	133.05809153849765	137.1563518870143	135.10722171275597	0.09972578406895082	158.1055831255166	93.06933343344299	125.58745827947979	165.05042212155328
answerdotai_ModernBERT-base	orig	shine	shone	8.0	shined	15.0	ppt	31(3b)	"To perform extremely well; ""The stocks really shined last week"""	2.1304347826087	0.1444	0.0038	no_cond	0.030000227492437023	124.8773287303818	140.95081220717375	132.91407046877777	0.14724129613951237	115.19606763932411	118.870671463027	117.03336955117555	144.2482740597102
answerdotai_ModernBERT-base	orig	shine	shone	19.0	shined	8.0	ppt	31(6b)	To throw or direct the light of	4.48148148148148	0.0343	0.0043	prob	0.08852102058047248	140.47474442084336	120.75839761627911	130.61657101856125	0.11424101644206967	140.722215198637	103.54579154203054	122.13400337033377	151.98406555216698
answerdotai_ModernBERT-base	orig	shine	shone	0.0	shined	38.0	ppt	31(7a)	To make bright by polishing	38.0	0.0	1.0	cat	0.07538416651493168	125.95772940546495	129.3794727515511	127.66860107850803			142.5981646311994		142.5981646311994
answerdotai_ModernBERT-base	orig	shine	shone	20.0	shined	16.0	ppt	31(8b)	To highlight; to bring attention to	0.444444444444444	0.505	0.0	no_cond	0.19369641686327124	86.76976487091056	122.78006986491194	104.77491736791126	0.16811795838769092	116.50880501511111	108.9472324776583	112.7280187463847	141.79432010326653
answerdotai_ModernBERT-base	orig	shine	shined	18.0	shone	34.0	pst	31(1a)	To emit rays of light	4.92307692307692	0.0265	0.0	prob	0.17600446068272466	148.15299712237484	99.1994486273415	123.67622287485817	0.1800088119420437	126.60527046870091	127.7817454951309	127.1935079819159	158.73459303356717
answerdotai_ModernBERT-base	orig	shine	shined	3.0	shone	18.0	pst	31(2a)	To be bright by reflection of light	10.7142857142857	0.0011	0.2317	cat	0.031639465001046266	117.50863936779562	124.28073070059767	120.89468503419664	0.1452405098124666	93.74009096755317	119.09519389293854	106.41764243024585	131.71703054873683
answerdotai_ModernBERT-base	orig	shine	shined	12.0	shone	9.0	pst	31(3a)	"To be eminent, conspicuous, or distinguished; ""She shines in math"""	0.428571428571429	0.5127	0.0013	no_cond	0.17866656581738938	106.55702643056054	95.65468084911707	101.10585363983881	0.17866656581738938	106.55702643056054	95.65468084911707	101.10585363983881	133.72345623410652
answerdotai_ModernBERT-base	orig	shine	shined	33.0	shone	7.0	pst	31(3b)	"To perform extremely well; ""The stocks really shined last week"""	16.9	0.0	0.0117	prob	0.1721797904595801	131.856967272926	92.92592584752389	112.39144656022495	0.1721797904595801	131.856967272926	92.92592584752389	112.39144656022495	147.12139820844868
answerdotai_ModernBERT-base	orig	shine	shined	11.0	shone	5.0	pst	31(8b)	To highlight; to bring attention to	2.25	0.1336	0.0434	no_cond	0.12928928614623425	145.44464429121706	88.19695526942216	116.82079978031962	0.13727021071709739	135.78245802691396	125.19925269909386	130.4908553630039	162.7010451581212
answerdotai_ModernBERT-base	orig	show	shown	54.0	showed	46.0	ppt	33(15a)	"To demonstrate or establish by argument or reasoning. ""show a plan to be faulty."""	0.64	0.4237	0.0	no_cond	0.17867042389785645	209.67144550338446	125.11100768385688	167.39122659362067	0.17867042389785645	209.67144550338446	125.11100768385688	167.39122659362067	212.34281506706463
answerdotai_ModernBERT-base	orig	show	shown	25.0	showed	24.0	ppt	33(7a)	"To cause or permit to be seen. To exhibit. ""showed pictures of the baby"""	0.0204081632653061	0.8864	0.0	no_cond	0.1922959463031236	203.1116271259385	145.2700827779182	174.19085495192834	0.1922959463031236	203.1116271259385	145.2700827779182	174.19085495192834	224.32213455000542
answerdotai_ModernBERT-base	orig	sink	sunk	14.0	sank	1.0	pst	45(15a)	To invest.	11.2666666666667	0.0008	1.0	cat	0.1626445733479796	54.14247503856544	89.99106386679146	72.06676945267846	0.07449158753786557	100.9400777117058	0.0	50.4700388558529	103.61533302167557
answerdotai_ModernBERT-base	orig	sink	sunk	11.0	sank	26.0	pst	45(1a)	To go to the bottom. To submerge.	6.08108108108108	0.0137	0.0004	prob	0.12509049259284377	168.83182376488665	128.09274256422032	148.46228316455347	0.08177560155592031	103.94325456471266	149.20062999506493	126.57194227988879	153.46212054477846
answerdotai_ModernBERT-base	orig	sink	sunk	12.0	sank	8.0	pst	45(3b)	"To become impressively known or felt. ""The lesson sunk in."""	0.8	0.3711	0.0033	no_cond	0.15196749822388084	69.93399491828224	98.17896087124878	84.05647789476551	0.15196749822388084	69.93399491828224	98.17896087124878	84.05647789476551	100.39083556037545
answerdotai_ModernBERT-base	orig	sink	sunk	7.0	sank	12.0	pst	45(5a)	To go downward in quality, state, or condition.	1.31578947368421	0.2513	0.008	no_cond	0.0887210362258286	96.02781021214871	147.90429611577673	121.96605316396273	0.11518127648851034	110.12181172346475	141.91405824392882	126.01793498369679	157.30189704663877
answerdotai_ModernBERT-base	orig	sink	sunk	3.0	sank	13.0	pst	45(6b)	To become depressed.	6.25	0.0124	0.2258	cat	0.17810699512734837	75.11475679555393	97.7078104949268	86.41128364524036	0.16351662365515954	43.142134255908935	101.8661366201066	72.50413543800776	111.97590714757426
answerdotai_ModernBERT-base	orig	sink	sunk	20.0	sank	6.0	pst	45(7a)	"To cause to sink. ""sink a battleship"""	7.53846153846154	0.006	0.0226	prob	0.2741330859963924	148.30625560624563	0.0	74.15312780312281	0.161924513858876	121.96474139857185	170.15218387915903	146.05846263886542	160.9963957029688
answerdotai_ModernBERT-base	orig	slink	slinked	64.0	slunk	69.0	pst	34(1a)	To go or move stealthily or furtively (as in fear or shame). To steal.	0.18796992481203	0.6646	0.0	no_cond	0.19182574316102208	82.7647206404645	100.99475256931505	91.87973660488979	0.19182574316102208	82.7647206404645	100.99475256931505	91.87973660488979	116.7455772545205
answerdotai_ModernBERT-base	orig	sneak	sneaked	62.0	snuck	59.0	ppt	36(1a)	"To go stealthily or furtively. To slink. ""snuck out early"""	0.0743801652892562	0.7851	0.0	no_cond	0.3269502354381166	116.4493041226032	80.15336253948432	98.30133333104376	0.3269502354381166	80.15336253948432	116.4493041226032	98.30133333104376	157.73739967491557
answerdotai_ModernBERT-base	orig	sneak	sneaked	29.0	snuck	30.0	ppt	36(4a)	"To put, bring, or take in a furtive or artful manner. ""sneak a smoke"""	0.0169491525423729	0.8964	0.0	no_cond	0.30030266805183786	116.5985915558229	102.09144726409035	109.34501940995662	0.30030266805183786	102.09144726409035	116.5985915558229	109.34501940995662	167.8852973492103
answerdotai_ModernBERT-base	orig	sneak	sneaked	9.0	snuck	11.0	ppt	36(5a)	Phrases: sneak up on	0.2	0.6547	0.0012	no_cond	0.41735422964622587	70.14410891038759	52.405978165234664	61.27504353781113	0.41735422964622587	52.405978165234664	70.14410891038759	61.27504353781113	126.47455269231969
answerdotai_ModernBERT-base	orig	sneak	snuck	65.0	sneaked	75.0	pst	36(1a)	"To go stealthily or furtively. To slink. ""snuck out early"""	0.714285714285714	0.398	0.0	no_cond	0.3073979584608423	106.91855227527681	95.63806995229545	101.27831111378613	0.3073979584608423	106.91855227527681	95.63806995229545	101.27831111378613	154.48836383479886
answerdotai_ModernBERT-base	orig	sneak	snuck	29.0	sneaked	19.0	pst	36(4a)	"To put, bring, or take in a furtive or artful manner. ""sneak a smoke"""	2.08333333333333	0.1489	0.0	no_cond	0.28258288054384556	109.23263612017485	85.19321934864863	97.21292773441174	0.28258288054384556	109.23263612017485	85.19321934864863	97.21292773441174	148.32480041676834
answerdotai_ModernBERT-base	orig	speak	spoke	20.0	spoken	7.0	ppt	42(1a)	To utter words or articulate sounds with the ordinary voice. To talk.	6.25925925925926	0.0124	0.01	prob	0.37435408544691995	114.34462607502772	167.31873166076613	140.83167886789693	0.37435408544691995	114.34462607502772	167.31873166076613	140.83167886789693	207.0645654074635
answerdotai_ModernBERT-base	orig	speak	spoke	11.0	spoken	23.0	ppt	42(1b)	"To express thoughts, opinions, or feelings orally. To extend a greeting. To be friendly enough to engage in conversation. ""still were not speaking after the dispute"""	4.23529411764706	0.0396	0.0004	prob	0.27813991514309544	180.67432707882864	111.28490207733957	145.9796145780841	0.27813991514309544	111.28490207733957	180.67432707882864	145.9796145780841	231.90573432554677
answerdotai_ModernBERT-base	orig	speak	spoke	6.0	spoken	15.0	ppt	42(8a)	To to utter with the speaking voice. To pronounce.	3.85714285714286	0.0495	0.0207	prob	0.2913193991260886	195.83515456079695	100.55235448265067	148.1937545217238	0.2913193991260886	100.55235448265067	195.83515456079695	148.1937545217238	255.9872356944592
answerdotai_ModernBERT-base	orig	speak	spoke	20.0	spoken	14.0	ppt	42(8b)	To give a recitation of. To declaim.	1.05882352941176	0.3035	0.0	no_cond	0.31036933799218597	127.51135220285649	196.15328958977278	161.83232089631463	0.31036933799218597	127.51135220285649	196.15328958977278	161.83232089631463	241.8861293393334
answerdotai_ModernBERT-base	orig	speak	spoke	37.0	spoken	31.0	ppt	42(8d)	To address. To accost.	0.529411764705882	0.4669	0.0	no_cond	0.3399640530519602	106.11549104477433	193.2662985408968	149.69089479283556	0.3399640530519602	106.11549104477433	193.2662985408968	149.69089479283556	236.0943964748734
answerdotai_ModernBERT-base	orig	speak	spake	54.0	spoke	47.0	pst	37(1a)	To utter words or articulate sounds with the ordinary voice. To talk.	0.485148514851485	0.4861	0.0	no_cond	0.2674479059232334	127.95681936555859	131.37555160429937	129.66618548492897	0.24416979090632593	140.09038752890112	129.80022127780617	134.94530440335365	189.16830040413993
answerdotai_ModernBERT-base	orig	speak	spake	3.0	spoke	22.0	pst	37(1b)	"To express thoughts, opinions, or feelings orally. To extend a greeting. To be friendly enough to engage in conversation. ""still were not speaking after the dispute"""	14.44	0.0001	0.2347	cat	0.028274998680583904	128.47754818052348	137.73980091380628	133.10867454716487	0.22730421924799019	99.2008812497116	123.26588612039845	111.23338368505503	143.8006531214875
answerdotai_ModernBERT-base	orig	speak	spake	20.0	spoke	2.0	pst	37(8c)	"To express orally. To delcare. ""free to speak their minds"""	14.7272727272727	0.0001	0.4884	cat	0.27357539541272574	121.01426014610006	115.19417603139384	118.10421808874695	0.2554412149113872	132.4963147244257	84.56845621418225	108.53238546930397	152.46513278915566
answerdotai_ModernBERT-base	orig	speed	speeded	2.0	sped	20.0	ppt	38(1a)	"To make haste. ""sped to her bedside"""	14.7272727272727	0.0001	0.4884	cat	0.038561429739099595	118.40045178528864	131.4250614301805	124.91275660773456	0.14553920991113356	88.82154411441195	126.15761368936899	107.48957890189047	135.79180369693822
answerdotai_ModernBERT-base	orig	speed	speeded	16.0	sped	12.0	ppt	38(2a)	"To move, work, or take place faster. To accelerate. ""the heart speeds up"""	0.571428571428571	0.4497	0.0001	no_cond	0.12615045098092162	91.09063902479616	118.42167134249381	104.75615518364498	0.1912047278590179	93.81806901180221	112.1871365324592	103.0026027721307	131.15215930863047
answerdotai_ModernBERT-base	orig	speed	speeded	81.0	sped	64.0	ppt	38(4b)	To increase the speed of. To accelerate.	1.99310344827586	0.158	0.0	no_cond	0.15422416685795487	138.57465412009384	132.74427255340942	135.65946333675163	0.15422416685795487	138.57465412009384	132.74427255340942	135.65946333675163	162.60324975206825
answerdotai_ModernBERT-base	orig	speed	speeded	3.0	sped	71.0	pst	38(1a)	"To make haste. ""sped to her bedside"""	62.4864864864865	0.0	0.2449	cat	0.08226139925726392	111.35751816937322	126.04818427386226	118.70285122161775	0.19917653400954463	113.49316146339112	122.84079887992557	118.16698017165834	128.49426393268595
answerdotai_ModernBERT-base	orig	speed	speeded	29.0	sped	14.0	pst	38(2a)	"To move, work, or take place faster. To accelerate. ""the heart speeds up"""	5.23255813953488	0.0222	0.0	prob	0.08814722362854598	121.28619700952133	106.02861382755107	113.6574054185362	0.16986094501192378	107.95764604102865	105.54281399468925	106.75023001785895	131.17611068102897
answerdotai_ModernBERT-base	orig	speed	speeded	61.0	sped	14.0	pst	38(4b)	To increase the speed of. To accelerate.	29.4533333333333	0.0	0.0001	prob	0.11629249730533685	107.69356621817009	147.0779413734799	127.385753795825	0.14574002872886904	143.75044593538672	116.09048145611514	129.92046369575093	157.58154612805356
answerdotai_ModernBERT-base	orig	spell	spelt	18.0	spelled	2.0	ppt	39(5a)	To name the letters of in order. To write or print the letters of in order.	12.8	0.0003	0.4872	cat	0.11160832204885367	87.5624398512351	128.5909658313411	108.0767028412881	0.16546532806444295	125.52799900959901	36.6862971175312	81.1071480635651	134.60075624088736
answerdotai_ModernBERT-base	orig	spell	spelt	39.0	spelled	21.0	ppt	39(5b)	To write or print the letters of in a particular way.	5.4	0.0201	0.0	prob	0.11877492285081048	123.1404985990716	154.3225301848898	138.7315143919807	0.11997088427048754	132.5630921043509	148.98122684872578	140.77215947653832	158.31141759793837
answerdotai_ModernBERT-base	orig	spell	spelt	14.0	spelled	43.0	ppt	39(7a)	"To find out by study. To come to understand. Often used with 'out'. ""It requires some pains to spell out those decorations."" (I used as 'to explain', kind of)"	14.7543859649123	0.0001	0.0	prob	0.11152154471707276	134.01311018879736	129.30774851268114	131.66042935073926	0.11307781931100411	125.97810740088305	128.97010596456343	127.47410668272323	143.1333079632526
answerdotai_ModernBERT-base	orig	spill	spilt	0.0	spilled	16.0	ppt	40(2a)	"To spread profusely or beyond bounds. ""Crowds spilled into the streets."""	16.0	0.0001	1.0	cat	0.140202100957742	0.0	69.9009358843543	34.95046794217715			73.80321169660513		73.80321169660513
answerdotai_ModernBERT-base	orig	spill	spilt	72.0	spilled	54.0	ppt	40(5a)	To cause or allow especially accidentally or unintentionally to fall, flow, or run out so as to be lost or wasted.	2.57142857142857	0.1088	0.0	no_cond	0.1472845773490472	154.3689766106488	132.9516260031827	143.66030130691576	0.15552800565535124	133.78281472635123	153.44568940320295	143.61425206477708	170.46627387340897
answerdotai_ModernBERT-base	orig	spill	spilt	7.0	spilled	10.0	pst	40(1a)	"To flow, run, or fall out, over, or off and become wasted, scattered, or lost. ""water spilling over the dam"""	0.529411764705882	0.4669	0.0072	no_cond	0.13757531833852962	99.97035283359693	120.62303627956362	110.29669455658028	0.13757531833852962	99.97035283359693	120.62303627956362	110.29669455658028	141.1790024868297
answerdotai_ModernBERT-base	orig	spill	spilt	0.0	spilled	18.0	pst	40(2a)	"To spread profusely or beyond bounds. ""Crowds spilled into the streets."""	18.0	0.0	1.0	cat	0.0622550912932838	94.2096070670939	105.07896012391036	99.64428359550213			114.51774776446148		114.51774776446148
answerdotai_ModernBERT-base	orig	spill	spilt	49.0	spilled	17.0	pst	40(5a)	To cause or allow especially accidentally or unintentionally to fall, flow, or run out so as to be lost or wasted.	15.5151515151515	0.0001	0.0	prob	0.14326002330987345	124.8716835802502	127.78672838187634	126.32920598106327	0.13329536093615002	131.35373216821765	113.87533635717296	122.6145342626953	145.73998103346614
answerdotai_ModernBERT-base	orig	spill	spilt	2.0	spilled	18.0	pst	40(7a)	"To let out. To divulge. ""spill a secret"""	12.8	0.0003	0.4872	cat	0.09460182335145946	151.7021940276719	97.04068729848505	124.37144066307849	0.139489673174441	45.20118068899458	134.29229996224905	89.74674032562181	141.68977537601637
answerdotai_ModernBERT-base	orig	spit	spit	64.0	spat	66.0	ppt	41(1a)	To eject saliva as an expression of aversion or contempt.	0.0307692307692308	0.8608	0.0	no_cond	0.14745750721415363	106.92530381196028	114.85627043360793	110.8907871227841	0.14745750721415363	106.92530381196028	114.85627043360793	110.8907871227841	132.06158455837613
answerdotai_ModernBERT-base	orig	spit	spit	12.0	spat	10.0	ppt	41(4a)	To eject (something) from the mouth. To expectorate.	0.181818181818182	0.6698	0.0005	no_cond	0.06646728643834855	80.71700015872402	160.5232088475626	120.62010450314332	0.10560528186273853	143.0663102491438	115.9028637648166	129.4845870069802	154.42700308588962
answerdotai_ModernBERT-base	orig	spit	spit	18.0	spat	20.0	ppt	41(4d)	"To emit as if by spitting. Especially to emit (precipitation) in driving particles or in flurries. ""spit rain"""	0.105263157894737	0.7456	0.0	no_cond	0.15810952734120548	88.85124163462865	107.02184520313203	97.93654341888035	0.15810952734120548	88.85124163462865	107.02184520313203	97.93654341888035	121.48176160454996
answerdotai_ModernBERT-base	orig	spit	spit	32.0	spat	19.0	pst	41(1a)	To eject saliva as an expression of aversion or contempt.	3.31372549019608	0.0687	0.0	no_cond	0.1477203022064607	101.20110245971603	119.4840314773379	110.34256696852697	0.1477203022064607	101.20110245971603	119.4840314773379	110.34256696852697	127.22533464217058
answerdotai_ModernBERT-base	orig	spit	spit	22.0	spat	11.0	pst	41(1c)	To eject matter (such as salive) from the mouth. To expectorate.	3.66666666666667	0.0555	0.0004	no_cond	0.12979581201630666	115.41909279243731	111.83749509989666	113.62829394616699	0.12979581201630666	115.41909279243731	111.83749509989666	113.62829394616699	134.3077328014612
answerdotai_ModernBERT-base	orig	spit	spit	12.0	spat	34.0	pst	41(4d)	"To emit as if by spitting. Especially to emit (precipitation) in driving particles or in flurries. ""spit rain"""	10.5217391304348	0.0012	0.0002	prob	0.15340295865034076	108.60944104630623	62.151715504994755	85.38057827565049	0.08934149326227367	55.877157746393806	112.22650393703871	84.05183084171625	116.03726774331595
answerdotai_ModernBERT-base	orig	spring	sprung	17.0	sprang	20.0	pst	43(3b)	"To issue by birth or descent. ""sprang from the upper class"""	0.243243243243243	0.6219	0.0	no_cond	0.18904175366187942	102.49474317002594	125.88540139004458	114.19007228003525	0.18904175366187942	102.49474317002594	125.88540139004458	114.19007228003525	149.05541601062427
answerdotai_ModernBERT-base	orig	spring	sprung	34.0	sprang	42.0	pst	43(3c)	"To come into being. To arise. ""Towns sprang up across the plains."""	0.842105263157895	0.3588	0.0	no_cond	0.1855032631241195	116.8546816475911	122.6799701773481	119.7673259124696	0.1855032631241195	116.8546816475911	122.6799701773481	119.7673259124696	151.14823821204268
answerdotai_ModernBERT-base	orig	spring	sprung	10.0	sprang	9.0	pst	43(7a)	"To quickly start working. ""Firefighters are ready to leap/spring/swing into action at a moment's notice."" To become suddenly very active and energetic. ""They sprang into action as soon as they received their orders."" ""The crowd sprang to life after the first goal was scored."""	0.0526315789473684	0.8185	0.0011	no_cond	0.2059939400948064	100.02398782247298	106.86562955160555	103.44480868703926	0.2059939400948064	100.02398782247298	106.86562955160555	103.44480868703926	141.67516077795696
answerdotai_ModernBERT-base	orig	strive	strived	95.0	striven	86.0	ppt	44(1a)	"To devote serious effort or energy to. To endevor. ""strive to finish a project"""	0.447513812154696	0.5035	0.0	no_cond	0.24284090090299704	101.7765075464776	103.36070736530156	102.56860745588958	0.24284090090299704	101.7765075464776	103.36070736530156	102.56860745588958	140.35615507138243
answerdotai_ModernBERT-base	orig	strive	strived	5.0	striven	14.0	ppt	44(2a)	To struggle in opposition. To contend.	4.26315789473684	0.0389	0.0463	prob	0.15467977288266976	121.25506397535366	89.78666571489993	105.5208648451268	0.20075962023224372	88.29656535190823	108.08837122002898	98.1924682859686	133.16704870767362
answerdotai_ModernBERT-base	orig	strive	strived	97.0	strove	82.0	pst	44(1a)	"To devote serious effort or energy to. To endevor. ""strive to finish a project"""	1.25698324022346	0.2622	0.0	no_cond	0.2580644050503758	109.04785744606114	112.07813252396502	110.56299498501309	0.2580644050503758	109.04785744606114	112.07813252396502	110.56299498501309	154.60635350865925
answerdotai_ModernBERT-base	orig	strive	strived	3.0	strove	18.0	pst	44(2a)	To struggle in opposition. To contend.	10.7142857142857	0.0011	0.2317	cat	0.14852356948294043	115.05583869560616	136.13261571617738	125.59422720589177	0.2649458926425357	60.91915904465103	121.66967897477869	91.29441900971486	145.58408163415842
answerdotai_ModernBERT-base	orig	take	took	9.0	taken	10.0	ppt	47(18b)	"To use up (space, time, etc.) ""takes a long time to dry"""	0.0526315789473684	0.8185	0.0011	no_cond	0.14828318761005682	75.24728052362249	198.40955266153424	136.82841659257838	0.04207203047015185	195.61329232193805	188.55630487829484	192.08479860011644	212.7765514932733
answerdotai_ModernBERT-base	orig	take	took	8.0	taken	9.0	ppt	47(24a)	"To remove. ""take eggs from a nest"" To put an end to (life). To remove by death. ""was taken in his prime"" To subtract. ""take two from four"" To exact. ""The weather took its toll."""	0.0588235294117647	0.8084	0.0027	no_cond	0.10301261813464425	155.4915468957754	184.9949646604055	170.24325577809043	0.09963015107625794	167.56299561560076	180.68355641925348	174.12327601742712	209.91706334187015
answerdotai_ModernBERT-base	orig	take	took	9.0	taken	26.0	ppt	47(25a)	"To undertake and make, do, or perform. ""take a walk"" ""take aim"" ""take legal action"" ""take a test"" ""take a look"" To participate in. ""take a meeting"""	8.25714285714286	0.0041	0.0022	prob	0.051433083034465844	190.8513475833014	198.16550217598697	194.50842487964417	0.07144479650549833	128.7481655774261	211.97123057116792	170.359698074297	212.26703620892522
answerdotai_ModernBERT-base	orig	take	took	12.0	taken	15.0	ppt	47(29a)	Phrases: take a back seat, take advantage of, take after, take a hike/walk, take care of, take charge of, take for, take into account, take in vain, take no prisoners, take the floor, take to court, take to task, take a chance, take notice of, take pity on, take as, take by surprise, take in, take the trouble to, take over, take down	0.333333333333333	0.5637	0.0001	no_cond	0.12673394254683365	158.16130596683283	172.6416900808256	165.40149802382922	0.09635934170133982	151.14450692826463	185.0368694416699	168.09068818496726	198.15319550139162
answerdotai_ModernBERT-base	orig	take	took	15.0	taken	6.0	ppt	47(8b)	Phrases: take care, take charge, take effect, take five, take hold, take part, take place, take turns, take control, take notice, take for granted, take a toll, take off, take aback	3.85714285714286	0.0495	0.0207	prob	0.06098586911998187	180.23798501069143	113.67266679885988	146.95532590477566	0.06437355777401794	169.28530410855203	165.42150453960912	167.35340432408057	186.41427386227147
answerdotai_ModernBERT-base	orig	take	took	15.0	taken	6.0	ppt	47(9a)	"To get into one's hands or into one's possession, power or control. To seize or capture physically. ""took them as prisoners"" To get possession of (fish or game) by killing or capturing. To acquire by eminent domain."	3.85714285714286	0.0495	0.0207	prob	0.040015347966532354	160.84903590606015	205.30684222214	183.07793906410006	0.08574788458787812	189.7693695991262	174.31065547537034	182.0400125372483	210.76011892625735
answerdotai_ModernBERT-base	orig	tear	tore	4.0	torn	14.0	ppt	48(4a)	"To divide or disrupt by the pull of contrary forces. ""a mind torn with doubts"""	5.55555555555556	0.0184	0.1039	cat	0.12186292139913046	127.50735281551006	115.65944469086682	121.58339875318845	0.1619363197795016	101.69937228044543	117.89597385061812	109.79767306553177	139.1611371670956
answerdotai_ModernBERT-base	orig	tear	tore	14.0	torn	21.0	ppt	48(5a)	"To remove by force. To wrench. Often used with 'off'. ""tear a cover off a box"""	1.4	0.2367	0.0	no_cond	0.1542752362062274	102.90922673814308	137.15426814000745	120.03174743907526	0.15278012680692984	99.42380695659234	138.86061993448857	119.14221344554045	152.49245943593343
answerdotai_ModernBERT-base	orig	tear	tore	25.0	torn	13.0	ppt	48(7a)	"To damage, remove, or effect an opening in. ""tore up the street to lay a new water main"""	3.78947368421053	0.0516	0.0001	no_cond	0.16998090034669316	125.48338426603964	120.42364702872436	122.953515647382	0.16998090034669316	125.48338426603964	120.42364702872436	122.953515647382	151.93969366709547
answerdotai_ModernBERT-base	orig	throw	throwed	6.0	threw	10.0	pst	46(1a)	Phrases: throw cold water on, throw money at, throw one's weight around, throw to the wolves, throw together	1.0	0.3173	0.0177	no_cond	0.14343281071423922	103.74055849480504	156.81855753249334	130.2795580136492	0.20038262589554645	79.92405470327228	150.70980236773303	115.31692853550265	174.54979532964708
answerdotai_ModernBERT-base	orig	throw	throwed	9.0	threw	24.0	pst	46(3a)	"To propel through the air by a forward motion of the hand and arm. ""throw a baseball"""	6.81818181818182	0.009	0.0021	prob	0.0999680410754274	147.85742090235001	137.10501591933826	142.48121841084412	0.22591680623126484	83.00508226025094	139.34258252752213	111.17383239388653	164.54566921784982
answerdotai_ModernBERT-base	orig	throw	throwed	14.0	threw	4.0	pst	46(5b)	"To drive or impel violently. ""The ship was thrown on a reef."""	5.55555555555556	0.0184	0.1039	cat	0.26727042019056085	106.48274742628466	101.22262915370663	103.85268828999565	0.26727042019056085	106.48274742628466	101.22262915370663	103.85268828999565	145.1302241106884
answerdotai_ModernBERT-base	orig	throw	throwed	16.0	threw	3.0	pst	46(6a)	"To put in a particular position or condition. ""threw her arms around him"" / ""thrown into chaos"" / ""threw him into prison"""	8.89473684210526	0.0029	0.2297	cat	0.3065378909214146	95.16740090483819	88.23943262972415	91.70341676728117	0.3065378909214146	95.16740090483819	88.23943262972415	91.70341676728117	128.6636925000547
answerdotai_ModernBERT-base	orig	tread	trod	16.0	trodden	3.0	ppt	49(1a)	"To move or proceed on or as if on foot. ""must tread lightly"""	8.89473684210526	0.0029	0.2297	cat	0.31611179380053256	108.59091148189188	84.13943327639701	96.36517237914444	0.31611179380053256	108.59091148189188	84.13943327639701	96.36517237914444	147.67259123195075
answerdotai_ModernBERT-base	orig	tread	trod	27.0	trodden	19.0	ppt	49(5a)	"To step or walk on or over. (I used as ""to travel"")"	1.39130434782609	0.2382	0.0	no_cond	0.26044159811574646	125.42163338730441	128.37965784535422	126.90064561632931	0.26044159811574646	125.42163338730441	128.37965784535422	126.90064561632931	181.57794609267583
answerdotai_ModernBERT-base	orig	tread	trod	24.0	trodden	14.0	ppt	49(5b)	"To walk or proceed along. To follow. ""treading a fine line between tradition and innovation"""	2.63157894736842	0.1048	0.0	no_cond	0.24247666921489386	118.2606764790185	128.15389614656647	123.20728631279249	0.24247666921489386	118.2606764790185	128.15389614656647	123.20728631279249	167.63684085942188
answerdotai_ModernBERT-base	orig	tread	trod	23.0	trodden	52.0	ppt	49(7a)	To beat or press with the feet. To trample.	11.2133333333333	0.0008	0.0	prob	0.24079577741255662	135.00493124945376	150.1779670007854	142.5914491251196	0.24079577741255662	150.1779670007854	135.00493124945376	142.5914491251196	182.22235204559718
answerdotai_ModernBERT-base	orig	tread	treaded	26.0	trod	29.0	pst	49(1a)	"To move or proceed on or as if on foot. ""must tread lightly"""	0.163636363636364	0.6858	0.0	no_cond	0.22623591938454973	87.12593975270819	106.395891053422	96.7609154030651	0.22623591938454973	87.12593975270819	106.395891053422	96.7609154030651	131.79722115641653
answerdotai_ModernBERT-base	orig	tread	treaded	50.0	trod	6.0	pst	49(4a)	Phrases: tread on one's toes, tread water	34.5714285714286	0.0	0.0271	prob	0.06533304719092745	67.33018329173973	81.76944307083292	74.54981318128632	0.33018677453796486	66.00823762255766	81.27661351609795	73.6424255693278	82.98289218599562
answerdotai_ModernBERT-base	orig	tread	treaded	3.0	trod	14.0	pst	49(5a)	To step or walk on or over	7.11764705882353	0.0076	0.2273	cat	0.03806716515385105	0.0	117.83681276386021	58.918406381930104	0.20987381144724765	49.59775695393258	103.35455694334519	76.47615694863889	119.69690426199841
answerdotai_ModernBERT-base	orig	tread	treaded	5.0	trod	20.0	pst	49(5b)	"To walk or proceed along. To follow. ""treading a fine line between tradition and innovation"""	9.0	0.0027	0.0502	cat	0.03369932800028126	58.41269105696259	134.44195535793781	96.4273232074502	0.15380773923031316	69.45383921209796	124.85507421860363	97.15445671535079	136.3312574858128
answerdotai_ModernBERT-base	orig	wake	woke	45.0	woken	33.0	ppt	52(2a)	"To awake. To wake up. ""They woke early."""	1.84615384615385	0.1742	0.0	no_cond	0.2522158521203387	173.32915449992527	98.73438021938138	136.03176735965332	0.2522158521203387	173.32915449992527	98.73438021938138	136.03176735965332	197.45021713764686
answerdotai_ModernBERT-base	orig	wake	woke	8.0	woken	21.0	ppt	52(3a)	Intransitive 4c.	5.82758620689655	0.0158	0.0045	prob	0.3066236959250447	113.23029580755598	134.62232787494463	123.92631184125031	0.3066236959250447	134.62232787494463	113.23029580755598	123.92631184125031	169.56545177726983
answerdotai_ModernBERT-base	orig	wake	woke	42.0	woken	33.0	ppt	52(5a)	"To rouse from or as if from sleep. To awake. To wake up. ""Something woke her in the middle of the night."""	1.08	0.2987	0.0	no_cond	0.24397385041563013	188.19519333956777	125.277575328397	156.7363843339824	0.24397385041563013	188.19519333956777	125.277575328397	156.7363843339824	219.5878156045547
answerdotai_ModernBERT-base	orig	wear	wore	27.0	worn	39.0	ppt	53(5a)	"To bear or have on the person. ""wore a coat"""	2.18181818181818	0.1396	0.0	no_cond	0.14248719411020813	119.71601846610706	131.74529676106167	125.73065761358436	0.1413071901839877	124.60828752693459	129.1555867217124	126.8819371243235	151.4028977682712
answerdotai_ModernBERT-base	orig	weave	weaved	8.0	woven	7.0	ppt	50(5a)	To form (cloth) by interlacing strands (as of yarn).	0.0666666666666667	0.7963	0.0063	no_cond	0.23181262776482825	118.87246964759812	109.57107082872812	114.22177023816312	0.23181262776482825	118.87246964759812	109.57107082872812	114.22177023816312	168.32790837619802
answerdotai_ModernBERT-base	orig	weave	weaved	7.0	woven	17.0	ppt	50(5b)	To interlace (threads) into cloth.	4.16666666666667	0.0412	0.0094	prob	0.2352998043309802	125.56595903662726	119.4760128579161	122.52098594727168	0.2352998043309802	125.56595903662726	119.4760128579161	122.52098594727168	164.6313853877232
answerdotai_ModernBERT-base	orig	weave	weaved	7.0	woven	9.0	ppt	50(8a)	To produce by elaborately combining elements. To contrive.	0.25	0.6171	0.0068	no_cond	0.22225198789670175	114.66951241454824	118.83081319147192	116.75016280301008	0.22225198789670175	114.66951241454824	118.83081319147192	116.75016280301008	169.02511484954846
answerdotai_ModernBERT-base	orig	weave	weaved	18.0	woven	20.0	ppt	50(8c)	To introduce as an appopriate element. To work in. Usually used with in or into.	0.105263157894737	0.7456	0.0	no_cond	0.25427138369113494	100.04264585154887	118.71038111762523	109.37651348458705	0.25427138369113494	100.04264585154887	118.71038111762523	109.37651348458705	156.82129459869884
answerdotai_ModernBERT-base	orig	weave	weaved	65.0	wove	16.0	pst	50(3a)	To move in a devious, winding, or zigzag course especially to avoid obstacles.	29.641975308642	0.0	0.0	prob	0.12584239550934023	79.303491070638	132.5522351811778	105.92786312590789	0.27678152008887547	105.35436730793832	104.0376072983299	104.6959873031341	136.03837374770157
answerdotai_ModernBERT-base	orig	weave	weaved	11.0	wove	12.0	pst	50(8a)	To produce by elaborately combining elements. To contrive.	0.0434782608695652	0.8348	0.0002	no_cond	0.2551738827419946	94.1168366938411	109.86307541103024	101.98995605243567	0.2551738827419946	94.1168366938411	109.86307541103024	101.98995605243567	151.1100315279314
answerdotai_ModernBERT-base	orig	weave	weaved	6.0	wove	15.0	pst	50(8b)	To unite in a coherent whole.	3.85714285714286	0.0495	0.0207	prob	0.07068061317782894	138.58106200535624	150.8490554033521	144.7150587043542	0.23406608306493118	127.47266036650406	115.96162751263215	121.7171439395681	160.1885772261328
answerdotai_ModernBERT-base	orig	weave	weaved	5.0	wove	23.0	pst	50(8c)	To introduce as an appopriate element. To work in. Usually used with in or into.	11.5714285714286	0.0007	0.0515	cat	0.27884969651905545	77.37132414687785	95.7494229406487	86.56037354376328	0.27884969651905545	77.37132414687785	95.7494229406487	86.56037354376328	122.42954032615941
answerdotai_ModernBERT-base	orig	wet	wetted	30.0	wet	14.0	pst	51(4a)	To make wet.	5.81818181818182	0.0159	0.0	prob	0.1627357155790009	117.07099915877113	118.52484358201312	117.79792137039212	0.1627357155790009	117.07099915877113	118.52484358201312	117.79792137039212	142.30193217002167
answerdotai_ModernBERT-base	orig	wet	wetted	6.0	wet	24.0	pst	51(5a)	"To urinate in or on. ""wet his pants"""	10.8	0.001	0.0237	prob	0.09134741101424369	117.11023361279027	109.2801537631315	113.19519368796088	0.13584596535298918	104.8033126917473	115.29024995067834	110.04678132121282	129.3339294078488
answerdotai_ModernBERT-base	orig	write	wrote	70.0	written	75.0	ppt	54(5b)	"To be the author of. To compose. ""writes poems and essays"" To compose in musical form. ""write a string quartet"""	0.172413793103448	0.678	0.0	no_cond	0.10640190363685191	182.41538837188577	185.57291536380035	183.99415186784307	0.10135999038184224	182.24979863489716	188.1998436473891	185.22482114114314	208.8309311014268
answerdotai_ModernBERT-base	orig	write	wrote	21.0	written	7.0	ppt	54(6a)	To make a permanent impression of.	7.0	0.0082	0.0102	prob	0.19084829059518407	166.7160859741413	135.77238994071269	151.244237957427	0.16521729892362738	162.022092915484	158.02662796313294	160.02436043930845	194.03578751703134
bert_base_uncased	delta	begin	began	16.0	begun	20.0	ppt	2(1a)	"To do the first part of an action. To go into the first part of a process. To start. ""Began by introducing herself"" ""will have to begin again"""	0.444444444444444	0.505	0.0	no_cond	0.3970117688292086	6.792988074847399	4.514577099556687	5.653782587202043	0.3970117688292086	6.792988074847399	4.514577099556687	5.653782587202043	10.495796449331383
bert_base_uncased	delta	begin	began	76.0	begun	64.0	ppt	2(4a)	"To set about the activity of. To start. ""They began the lecture at 10:00."" ""have already begun construction"""	1.02857142857143	0.3105	0.0	no_cond	0.3543035577489167	6.084819549391919	6.691270376569692	6.388044962980805	0.3543035577489167	6.084819549391919	6.691270376569692	6.388044962980805	10.687357775055156
bert_base_uncased	delta	begin	began	8.0	begun	14.0	ppt	2(5a)	"To bring into being. To found. ""credited with beginning the movement"" ""In 1819, he married the daughter of É chief and began a dynasty that would last for nearly 200 years."""	1.63636363636364	0.2008	0.0036	no_cond	0.13074977627825277	4.372486323850179	7.560089830904815	5.966288077377497	0.33492752581951585	4.09122064580192	5.215480727779081	4.653350686790501	8.048422177779369
bert_base_uncased	delta	bid	bidden	1.0	bid	41.0	ppt	3(3a)	"To offer (a price) whether for payment or acceptance. ""The contractor bid $10,000 less than his nearest competitor."""	38.0952380952381	0.0	1.0	cat	0.06567857039303797	21.278768126016043	35.50327315773952	28.39102064187778	0.32864549405723353	0.0	30.87188075956585	15.435940379782926	32.7693927639909
bert_base_uncased	delta	bid	bidden	57.0	bid	25.0	ppt	3(4a)	"To issue an order to. To tell. ""did as I was bid"""	12.4878048780488	0.0004	0.0	prob	0.41459064241785104	46.03228113552923	36.05694683739025	41.04461398645974	0.41459064241785104	46.03228113552923	36.05694683739025	41.04461398645974	79.14994122162946
bert_base_uncased	delta	bid	bidden	17.0	bid	0.0	ppt	3(4b)	"To request to come. To invite. ""were bidden to the wedding"""	17.0	0.0	1.0	cat	0.015604229382001664	39.87776333346415	24.82144862508239	32.34960597927327		36.74714978956907			36.74714978956907
bert_base_uncased	delta	bid	bidden	10.0	bid	10.0	ppt	3(5a)	"To give expression to. ""bade a tearful farewell"""	0.0	1.0	0.0004	no_cond	0.41166292826799555	23.12761840375854	22.139375853034846	22.63349712839669	0.41166292826799555	23.12761840375854	22.139375853034846	22.63349712839669	47.65445143547333
bert_base_uncased	delta	bid	bid	16.0	bade	0.0	pst	3(3a)	"To offer (a price) whether for payment or acceptance. ""The contractor bid $10,000 less than his nearest competitor."""	16.0	0.0001	1.0	cat	0.13054239644093987	56.649010678486775	46.156480850576266	51.40274576453152		60.28586111520439			60.28586111520439
bert_base_uncased	delta	bid	bid	25.0	bade	67.0	pst	3(4a)	"To issue an order to. To tell. ""did as I was bid"""	19.1739130434783	0.0	0.0	prob	0.5104388327328607	41.93448360454484	39.923837414689665	40.92916050961725	0.5104388327328607	41.93448360454484	39.923837414689665	40.92916050961725	91.85590017609822
bert_base_uncased	delta	bid	bid	33.0	bade	27.0	pst	3(5a)	"To give expression to. ""bade a tearful farewell"""	0.6	0.4386	0.0	no_cond	0.4589767323197279	38.90250500451776	36.924471471719094	37.913488238118425	0.4589767323197279	38.90250500451776	36.924471471719094	37.913488238118425	84.6274959589588
bert_base_uncased	delta	break	broke	19.0	broken	7.0	ppt	4(10b)	"To become inoperative because of damage, wear, or strain. ""The pump broke."""	5.53846153846154	0.0186	0.0098	prob	0.26933150957568897	13.716154167906552	13.717075394666523	13.716614781286538	0.26933150957568897	13.716154167906552	13.717075394666523	13.716614781286538	19.355764200622517
bert_base_uncased	delta	break	broke	9.0	broken	14.0	ppt	4(17a)	"To separate into parts with suddenness or violence. ""broke the plate"" ""Break the chocolate bar in half."""	1.08695652173913	0.2971	0.0015	no_cond	0.5977736983544364	14.894364798511328	0.0	7.447182399255664	0.1892533892238798	9.574156779645929	22.565911334313512	16.070034056979722	22.221421255072638
bert_base_uncased	delta	break	broke	5.0	broken	20.0	ppt	4(18a)	"To violate. To transgress. ""break the law"" ""break a promise"" ""breaking conventions"""	9.0	0.0027	0.0502	cat	0.09866484245811648	6.409846749051787	11.218006802557898	8.813926775804843	0.2661494644361753	5.236208907138829	7.6357456756551585	6.435977291396994	9.621767767732718
bert_base_uncased	delta	break	broke	7.0	broken	13.0	ppt	4(26a)	"To split into smaller units, parts, or processes. To divide. ""break the grammar lesson into digestible chunks."" ""break a word at the end of a line"""	1.8	0.1797	0.0083	no_cond	0.2347010654532983	23.13267406245884	15.135148704048627	19.133911383253732	0.2347010654532983	15.135148704048627	23.13267406245884	19.133911383253732	28.977978163743177
bert_base_uncased	delta	break	broke	9.0	broken	6.0	ppt	4(29a)	"To exceed. To surpass. ""break the record"""	0.6	0.4386	0.0169	no_cond	0.2811326782531631	8.570890581382026	7.929186363357437	8.25003847236973	0.2811326782531631	8.570890581382026	7.929186363357437	8.25003847236973	13.243465586049982
bert_base_uncased	delta	break	broke	9.0	broken	8.0	ppt	4(7a)	"To end a relationship, connection, or agreement; usually used with with or from. ""break with tradition"" ""broke with the leadership"""	0.0588235294117647	0.8084	0.0027	no_cond	0.287582650685827	10.094819681931375	10.870292763734124	10.482556222832748	0.287582650685827	10.094819681931375	10.870292763734124	10.482556222832748	17.059269286729066
bert_base_uncased	delta	bring	brung	34.0	brought	31.0	pst	5(3a)	"To convey, lead, carry, or cause to come along with one toward the place from which the action is being regarded. ""brought a bottle of wine to the party"""	0.138461538461538	0.7098	0.0	no_cond	0.4569048957395243	66.70974093909987	64.99379160679347	65.85176627294666	0.4569048957395243	66.70974093909987	64.99379160679347	65.85176627294666	147.7492174482965
bert_base_uncased	delta	bring	brung	55.0	brought	14.0	pst	5(3e)	"(Dialect) To escort. To accompany. ""May I bring you home?"""	24.3623188405797	0.0	0.0001	prob	0.4490015361485555	66.08498761138429	49.81009023612903	57.94753892375666	0.4490015361485555	66.08498761138429	49.81009023612903	57.94753892375666	113.04647588129062
bert_base_uncased	delta	bring	brung	8.0	brought	39.0	pst	5(4a)	"To cause to exist or occur. Such as: To be the occasion of. ""Winter brings snow."" To result in. ""The drug brought immediate relief."" ""brought tears to her eyes"" To institute. ""bring legal action"" To adduce. ""bring an argument"""	20.4468085106383	0.0	0.0056	prob	0.08495066180805515	93.92102418068721	43.59627072303396	68.75864745186058	0.40567973764538473	52.7417248354256	62.37014707729904	57.55593595636232	95.32488450994201
bert_base_uncased	delta	bring	brung	3.0	brought	16.0	pst	5(7a)	Phrases: bring forth, bring forward, bring home, bring to account, bring to bear, bring to book, bring to light, bring to mind, bring to terms	8.89473684210526	0.0029	0.2297	cat	0.40166793822809116	69.16177920445648	67.59556647211996	68.37867283828822	0.40166793822809116	67.59556647211996	69.16177920445648	68.37867283828822	108.88740044315091
bert_base_uncased	delta	burn	burnt	12.0	burned	18.0	ppt	6(10b)	"To subject to misfortune, mistreatment, or deception. Often used in passive. ""has been burned in love"""	1.2	0.2733	0.0001	no_cond	0.4904066984322028	10.811837958419487	10.814308587549679	10.813073272984582	0.4904066984322028	10.811837958419487	10.814308587549679	10.813073272984582	27.205071583671145
bert_base_uncased	delta	burn	burnt	47.0	burned	39.0	ppt	6(7a)	"To cause to undergo combustion. Especially, to destroy by fire. ""burned the trash"""	0.744186046511628	0.3883	0.0	no_cond	0.41616567244389624	9.547623095640104	7.612269221968866	8.579946158804486	0.41616567244389624	9.547623095640104	7.612269221968866	8.579946158804486	16.137451845971405
bert_base_uncased	delta	burn	burnt	15.0	burned	6.0	ppt	6(7b)	"To use as fuel. ""This furnace burns gas"""	3.85714285714286	0.0495	0.0207	prob	0.5584771716399359	4.659501766126202	5.201680419589816	4.930591092858009	0.5584771716399359	4.659501766126202	5.201680419589816	4.930591092858009	13.891830147775678
bert_base_uncased	delta	burn	burnt	5.0	burned	11.0	ppt	6(9a)	"To injure or damage by or as if by exposure to fire, heat, or radiation. To scorch. ""burned his hand"""	2.25	0.1336	0.0434	no_cond	0.45519012288307736	10.279078223501182	6.88144663559128	8.58026242954623	0.45519012288307736	6.88144663559128	10.279078223501182	8.58026242954623	20.344724629052937
bert_base_uncased	delta	burn	burnt	6.0	burned	12.0	pst	6(3a)	"To undergo alteration or destruction by the action of fire or heat. ""The house burned down."" ""The potatoes burned to a crisp."""	2.0	0.1573	0.0191	no_cond	0.4026541803840288	6.593889040044743	5.122419753027917	5.85815439653633	0.4026541803840288	6.593889040044743	5.122419753027917	5.85815439653633	10.680858254734122
bert_base_uncased	delta	burn	burnt	39.0	burned	50.0	pst	6(7a)	"To cause to undergo combustion. Especially, to destroy by fire. ""burned the trash"""	1.35955056179775	0.2436	0.0	no_cond	0.4023133376176514	5.8377462377478695	5.99088605722514	5.914316147486504	0.4023133376176514	5.8377462377478695	5.99088605722514	5.914316147486504	11.321776884484798
bert_base_uncased	delta	burn	burnt	20.0	burned	3.0	pst	6(9a)	"To injure or damage by or as if by exposure to fire, heat, or radiation. To scorch. ""burned his hand"""	12.5652173913043	0.0004	0.2333	cat	0.45835475414079696	7.624134210439482	7.164478361408015	7.394306285923749	0.45835475414079696	7.624134210439482	7.164478361408015	7.394306285923749	12.483470663414037
bert_base_uncased	delta	creep	creeped	3.0	crept	25.0	ppt	7(2a)	"To go very slowly. ""The hours crept by."""	17.2857142857143	0.0	0.2364	cat	0.19889533441681698	22.68306309027912	9.652743287975245	16.16790318912718	0.43345695636098763	10.70476356208377	17.217869251521666	13.961316406802718	24.264650044067736
bert_base_uncased	delta	creep	creeped	10.0	crept	63.0	ppt	7(2c)	"To enter or advance gradually so as to be almost unnoticed. ""Age creeps up on us."" ""A note of irritation crept into her voice."""	38.4794520547945	0.0	0.0014	prob	0.1841421477515325	0.0	28.430703236386858	14.215351618193429	0.4836190376888779	26.954674072774374	16.346536514169298	21.650605293471834	28.684833395497396
bert_base_uncased	delta	creep	creeped	72.0	crept	0.0	ppt	7(6a)	"To cause (someone) to have an uncomfortable feeling of nervousness or hear. To give (someone) the creeps. ""That guy really creeps me out."" ""I felt creeped out being alone in the office at night."""	72.0	0.0	1.0	cat	0.042901835424015565	39.90884249877799	35.794129643388395	37.851486071083194		40.956809371208664			40.956809371208664
bert_base_uncased	delta	creep	creeped	2.0	crept	32.0	pst	7(2a)	"To go very slowly. ""The hours crept by."""	26.4705882352941	0.0	0.4925	cat	0.239651036304829	18.57569535691905	19.404078215586562	18.989886786252804	0.31709254646623175	7.686566019270814	18.696663496206913	13.191614757738863	21.16579891292097
bert_base_uncased	delta	creep	creeped	4.0	crept	32.0	pst	7(2b)	"To go timidly or cautiously so as to escape notice. ""She crept away from the festive scene."""	21.7777777777778	0.0	0.1145	cat	0.012582144447153807	17.43751918164729	25.71804799829567	21.57778358997148	0.3549298140753023	11.87109817302337	20.3340656310486	16.102581902035986	25.781162098638593
bert_base_uncased	delta	creep	creeped	6.0	crept	36.0	pst	7(2c)	"To enter or advance gradually so as to be almost unnoticed. ""Age creeps up on us."" ""A note of irritation crept into her voice."""	21.4285714285714	0.0	0.0258	prob	0.14270947238641954	23.270448322558522	26.722733081883757	24.99659070222114	0.3808811046843082	18.60772962963869	21.23899173942958	19.923360684534135	29.940030827486208
bert_base_uncased	delta	creep	creeped	81.0	crept	0.0	pst	7(6a)	"To cause (someone) to have an uncomfortable feeling of nervousness or hear. To give (someone) the creeps. ""That guy really creeps me out."" ""I felt creeped out being alone in the office at night."""	81.0	0.0	1.0	cat	0.0753473421478364	36.5947242361233	32.327417140729736	34.46107068842652		37.80055891714545			37.80055891714545
bert_base_uncased	delta	disprove	disproven	100.0	disproved	100.0	ppt	8(1a)	"To prove to be false or wrong. To refute. ""disprove a theory"""	0.0	1.0	0.0	no_cond	0.45783773626809815	9.333823903958105	9.744293176255315	9.53905854010671	0.45783773626809815	9.333823903958105	9.744293176255315	9.53905854010671	20.532762579174772
bert_base_uncased	delta	dive	dived	28.0	dove	15.0	pst	9(1a)	To plunge into water intentionally	3.93023255813953	0.0474	0.0	prob	0.4170431198429376	26.415028864968196	22.072250438392317	24.243639651680255	0.4170431198429376	26.415028864968196	22.072250438392317	24.243639651680255	48.77381576495126
bert_base_uncased	delta	dive	dived	25.0	dove	49.0	pst	9(3a)	To plunge into some matter or activity	7.78378378378378	0.0053	0.0	prob	0.42491176284038445	22.892867405920555	24.04582513822079	23.469346272070673	0.42491176284038445	24.04582513822079	22.892867405920555	23.469346272070673	44.92879308314611
bert_base_uncased	delta	dive	dived	34.0	dove	33.0	pst	9(3b)	To plunge or dash for some place, expecially to seize something	0.0149253731343284	0.9028	0.0	no_cond	0.4179263270841668	23.299075547175832	18.73484297626925	21.01695926172254	0.4179263270841668	23.299075547175832	18.73484297626925	21.01695926172254	41.75960675150748
bert_base_uncased	delta	dream	dreamt	59.0	dreamed	53.0	ppt	11(2a)	"To indulge in daydreams or fantasies. ""dreaming of a better future"""	0.321428571428571	0.5708	0.0	no_cond	0.4803471865979474	22.029627800286242	19.894943531312972	20.962285665799605	0.4803471865979474	22.029627800286242	19.894943531312972	20.962285665799605	49.65192103470973
bert_base_uncased	delta	dream	dreamt	20.0	dreamed	28.0	ppt	11(5a)	"To consider as a possibility. To imagine. ""never dreamed I would become a teacher"""	1.33333333333333	0.2482	0.0	no_cond	0.42836109749986545	23.49552961783653	22.377930703717627	22.93673016077708	0.42836109749986545	23.49552961783653	22.377930703717627	22.93673016077708	46.53437224879502
bert_base_uncased	delta	dream	dreamt	7.0	dreamed	15.0	ppt	11(8a)	"To come up with the idea for. Often, the phrase ""dream up""."	2.90909090909091	0.0881	0.0089	no_cond	0.38917113883720217	26.489907591739932	20.83850363723194	23.664205614485937	0.38917113883720217	20.83850363723194	26.489907591739932	23.664205614485937	45.89628232998527
bert_base_uncased	delta	dream	dreamt	25.0	dreamed	44.0	pst	11(2a)	"To indulge in daydreams or fantasies. ""dreaming of a better future"""	5.23188405797101	0.0222	0.0	prob	0.4330483457035901	23.60883386497361	23.386162219231302	23.497498042102457	0.4330483457035901	23.386162219231302	23.60883386497361	23.497498042102457	47.24913008185802
bert_base_uncased	delta	dream	dreamt	56.0	dreamed	15.0	pst	11(4a)	"To have a dream of. ""dreamt that he was running in the woods"""	23.6760563380282	0.0	0.0	prob	0.45779632325146336	22.925064400724906	23.419061463735797	23.172062932230354	0.45779632325146336	22.925064400724906	23.419061463735797	23.172062932230354	42.37045112907765
bert_base_uncased	delta	dream	dreamt	6.0	dreamed	20.0	pst	11(5a)	"To consider as a possibility. To imagine. ""never dreamed I would become a teacher"""	7.53846153846154	0.006	0.0226	prob	0.48372718645127727	20.17861261565929	17.52781499545067	18.85321380555498	0.48372718645127727	17.52781499545067	20.17861261565929	18.85321380555498	40.494232422235385
bert_base_uncased	delta	dream	dreamt	7.0	dreamed	20.0	pst	11(8a)	"To come up with the idea for. Often, the phrase ""dream up""."	6.25925925925926	0.0124	0.01	prob	0.37879699871436895	24.814886284152713	22.92271590055314	23.868801092352925	0.37879699871436895	22.92271590055314	24.814886284152713	23.868801092352925	41.285591235389205
bert_base_uncased	delta	drink	drank	17.0	drunk	11.0	ppt	10(2a)	"To partake of alcoholic beverages. ""has quit drinking"""	1.28571428571429	0.2568	0.0003	no_cond	0.4371143348727801	11.589743035589876	11.990894170499708	11.790318603044792	0.4371143348727801	11.589743035589876	11.990894170499708	11.790318603044792	24.747844790348207
bert_base_uncased	delta	drink	drank	59.0	drunk	45.0	ppt	10(4a)	"To swallow. To imbibe. ""drink a glass of water"""	1.88461538461538	0.1698	0.0	no_cond	0.3946560860951598	10.744778036951718	11.954402820019368	11.349590428485543	0.3946560860951598	10.744778036951718	11.954402820019368	11.349590428485543	20.453267885924124
bert_base_uncased	delta	drink	drank	17.0	drunk	34.0	ppt	10(7a)	Phrase: drink the Kool-Aid	5.66666666666667	0.0173	0.0	prob	0.016270587736593928	0.0	18.415702041006266	9.207851020503133	0.5355160983718411	6.361876808824695	7.130682561306171	6.746279685065433	18.465016223175166
bert_base_uncased	delta	drive	drove	0.0	driven	25.0	ppt	12(11a)	"To give shape or impulse to. ""factors that drive the business cycle"" ""the ideas that have driven history"""	25.0	0.0	1.0	cat	0.20701220261613615	8.497006422302313	11.849286897153458	10.173146659727886			13.387672973835516		13.387672973835516
bert_base_uncased	delta	drive	drove	27.0	driven	4.0	ppt	12(2a)	"To operate a vehicle. ""learned to drive at the age of seventeen"""	17.0645161290323	0.0	0.1128	cat	0.05138852034828231	0.0	10.958744419580382	5.479372209790191	0.30417954179679374	8.704820148502929	10.23891672400714	9.471868436255034	11.025353800426572
bert_base_uncased	delta	drive	drove	12.0	driven	3.0	ppt	12(7b)	"To operate the mechanism and controls and direct the course of (a vehicle). ""drive a car"""	5.4	0.0201	0.2241	cat	0.4353707473540673	4.4056409675130865	6.701422048320196	5.553531507916642	0.4353707473540673	4.4056409675130865	6.701422048320196	5.553531507916642	8.760859858840671
bert_base_uncased	delta	drive	drove	0.0	driven	24.0	ppt	12(8a)	"To exert inescapable or coescive pressure on. To force. ""driven by his passions"""	24.0	0.0	1.0	cat	0.2813802352565761	18.880655959714364	29.824976779780982	24.35281636974767			24.897710457517345		24.897710457517345
bert_base_uncased	delta	eat	ate	22.0	eaten	8.0	ppt	1(1a)	To take food or a meal.	6.53333333333333	0.0106	0.0046	prob	0.37304573716464806	7.576173212255837	6.263422796014635	6.919798004135236	0.37304573716464806	7.576173212255837	6.263422796014635	6.919798004135236	12.214392927933504
bert_base_uncased	delta	eat	ate	61.0	eaten	81.0	ppt	1(3a)	To take in through the mouth as food. To ingest, chew, and swallow in turn.	2.8169014084507	0.0933	0.0	no_cond	0.28392352640324275	9.738775271892473	15.77358094145543	12.756178106673952	0.28392352640324275	9.738775271892473	15.77358094145543	12.756178106673952	18.559783759547237
bert_base_uncased	delta	fall	fell	10.0	fallen	21.0	ppt	13(12a)	Phrases: fall apart, fall behind, fall between two stools, fall flat, fall for, fall from grace, fall home, fall into line, fall on, fall on one's face, fall on one's sword, fall short	3.90322580645161	0.0482	0.0008	prob	0.3035863720962274	9.814465878723627	15.514258893456503	12.664362386090065	0.3035863720962274	15.514258893456503	9.814465878723627	12.664362386090065	17.300763347304063
bert_base_uncased	delta	fall	fell	40.0	fallen	11.0	ppt	13(1a)	"To descend freely by the force of gravity. ""The apple fell from the tree."""	16.4901960784314	0.0	0.0005	prob	0.3031765130818631	9.794860121270071	10.502434043153341	10.148647082211706	0.3031765130818631	9.794860121270071	10.502434043153341	10.148647082211706	13.553732246522177
bert_base_uncased	delta	fall	fell	4.0	fallen	30.0	ppt	13(6c)	"To decline in quality, activity, or quantity. ""Production fell off."""	19.8823529411765	0.0	0.1139	cat	0.06166323398020961	5.091134143025615	6.682120873577879	5.886627508301746	0.39709464551133994	5.438883770122063	4.964304927533405	5.201594348827734	6.888041033730407
bert_base_uncased	delta	fall	fell	30.0	fallen	5.0	ppt	13(9a)	"To pass suddenly and passively into a state or body of mind or a new state or condition. ""fall asleep"" / ""fall in love"""	17.8571428571429	0.0	0.0536	cat	0.22243372089809088	12.778478932411074	5.4031477465750655	9.09081333949307	0.22243372089809088	12.778478932411074	5.4031477465750655	9.09081333949307	14.20761296266028
bert_base_uncased	delta	fly	flied	2.0	flew	16.0	pst	14(1a)	"To move in or pass through the air with wings. ""bees flying around the hive"""	10.8888888888889	0.001	0.4857	cat	0.4983837701582521	27.191115182944642	38.20819098701387	32.69965308497926	0.4983837701582521	27.191115182944642	38.20819098701387	32.69965308497926	64.57041389899281
bert_base_uncased	delta	fly	flied	0.0	flew	52.0	pst	14(5a)	"To operate or travel in an airplane or spacecraft. ""They flew to Florida for their vacation."""	52.0	0.0	1.0	cat	0.10583460151006953	42.65185101597036	42.28565930632249	42.468755161146426			45.70850766588336		45.70850766588336
bert_base_uncased	delta	fly	flied	96.0	flew	7.0	pst	14(7a)	To hit a fly in baseball.	76.9029126213592	0.0	0.0141	prob	0.5936607752867855	26.21065576592494	22.12531136649639	24.167983566210665	0.5936607752867855	26.21065576592494	22.12531136649639	24.167983566210665	42.05877953715431
bert_base_uncased	delta	forget	forgot	41.0	forgotten	49.0	ppt	15(3a)	"To lose the remembrance of. To be unable to think of or recall. ""I forgot his name."""	0.711111111111111	0.3991	0.0	no_cond	0.34698037806520565	12.593148954282253	11.542519083496407	12.067834018889329	0.34698037806520565	12.593148954282253	11.542519083496407	12.067834018889329	19.99098767984274
bert_base_uncased	delta	forget	forgot	28.0	forgotten	39.0	ppt	15(4a)	"To treat with inattention or disregard. ""forgot their old friends"" ""He's now a forgotten hero."""	1.80597014925373	0.179	0.0	no_cond	0.33587250160947196	12.986952293618462	12.76416053646835	12.875556415043405	0.33587250160947196	12.986952293618462	12.76416053646835	12.875556415043405	20.91988545145476
bert_base_uncased	delta	forget	forgot	16.0	forgotten	11.0	ppt	15(5a)	"To disregard intentionally. To overlook. Usually used in the imperative. ""I shouldn't have said that, so just forget it."""	0.925925925925926	0.3359	0.0003	no_cond	0.3471394580383271	12.199944215154666	11.511140410453345	11.855542312804005	0.3471394580383271	12.199944215154666	11.511140410453345	11.855542312804005	20.61877656104751
bert_base_uncased	delta	hang	hanged	1.0	hung	15.0	ppt	16(12a)	"(Informal) To pass time idly or in relaxing or socializing. To hang around. To hang out. ""hanging with friends"" ""hanging at the beach"""	12.25	0.0005	1.0	cat	0.023756944382555493	37.329526973430234	0.0	18.664763486715117	0.3861122170373992	0.0	30.499239553165243	15.249619776582621	37.67370941720164
bert_base_uncased	delta	hang	hanged	0.0	hung	20.0	ppt	16(14a)	Phrases: hang fire, hang it up, hang loose, hang one on, hang out to dry, hang one's hat (on), hang ten, hang tough	20.0	0.0	1.0	cat	0.17742385129590227	36.270536422319005	0.0	18.135268211159502			37.98186623261909		37.98186623261909
bert_base_uncased	delta	hang	hanged	1.0	hung	30.0	ppt	16(15a)	"To fasten to some elevated point without support from below. To suspend. ""hang a picture on the wall"""	27.1290322580645	0.0	1.0	cat	0.09724862996686814	28.000089982825042	28.980666766249282	28.490378374537162	0.34574410335303846	0.0	28.797983810936675	14.398991905468337	31.41475478145256
bert_base_uncased	delta	hang	hanged	98.0	hung	26.0	ppt	16(15b)	"To suspend by the neck until dead; often hanged in the past; often used as a mild oath. ""I'll be hanged"""	41.8064516129032	0.0	0.0	prob	0.4567653324989366	25.487604265887033	27.592727826511304	26.540166046199168	0.4567653324989366	25.487604265887033	27.592727826511304	26.540166046199168	45.33554298740948
bert_base_uncased	delta	hang	hanged	4.0	hung	27.0	pst	16(12a)	"(Informal) To pass time idly or in relaxing or socializing. To hang around. To hang out. ""hanging with friends"" ""hanging at the beach"""	17.0645161290323	0.0	0.1128	cat	0.4144819710947461	29.52567836942746	26.52553368174874	28.0256060255881	0.4144819710947461	29.52567836942746	26.52553368174874	28.0256060255881	39.497618167355434
bert_base_uncased	delta	hang	hanged	0.0	hung	22.0	pst	16(14a)	Phrases: hang fire, hang it up, hang loose, hang one on, hang out to dry, hang one's hat (on), hang ten, hang tough	22.0	0.0	1.0	cat	0.11640751831304941	37.494499642774535	22.562014230399633	30.028256936587084			39.81647507208839		39.81647507208839
bert_base_uncased	delta	hang	hanged	1.0	hung	20.0	pst	16(15a)	"To fasten to some elevated point without support from below. To suspend. ""hang a picture on the wall"""	17.1904761904762	0.0	1.0	cat	0.03010451439369581	34.34394136353323	35.71304888190895	35.0284951227211	0.3838285428348268	0.0	32.58445273428886	16.29222636714443	38.10034683734056
bert_base_uncased	delta	hang	hanged	94.0	hung	3.0	pst	16(15b)	"To suspend by the neck until dead; often hanged in the past; often used as a mild oath. ""I'll be hanged"""	85.3711340206186	0.0	0.2461	cat	0.08592781552123285	27.851661830407988	24.034112008938965	25.942886919673477	0.42363899842012387	25.751695424606662	19.625181040157802	22.688438232382232	28.956822924655455
bert_base_uncased	delta	heave	hove	10.0	heaved	7.0	pst	17(2c)	"To move in an indicated way. (Past tense usually 'hove') ""The ship hove into view."""	0.529411764705882	0.4669	0.0072	no_cond	0.4417689413316642	55.20913241492311	55.28233385829791	55.24573313661051	0.4417689413316642	55.20913241492311	55.28233385829791	55.24573313661051	125.60020791725098
bert_base_uncased	delta	heave	hove	36.0	heaved	0.0	pst	17(2d)	Phrase: heave into view, heave into sight.	36.0	0.0	1.0	cat	0.10289309671189294	38.2666281219373	44.25267317571615	41.25965064882672		45.2854813320279			45.2854813320279
bert_base_uncased	delta	heave	hove	5.0	heaved	12.0	pst	17(8a)	"To throw. To cast. ""heaved her books on the floor"""	2.88235294117647	0.0896	0.0445	no_cond	0.4457889799435197	43.70604843385474	49.82685181813482	46.76645012599478	0.4457889799435197	43.70604843385474	49.82685181813482	46.76645012599478	102.28478850665994
bert_base_uncased	delta	heave	hove	0.0	heaved	22.0	pst	17(9a)	"To utter with obvious effort or with a deep breath. ""heaved a sigh of relief"""	22.0	0.0	1.0	cat	0.0980796217114824	58.81331588418078	63.886613321204685	61.34996460269274			72.59129525105924		72.59129525105924
bert_base_uncased	delta	kneel	kneeled	40.0	knelt	50.0	pst	18(1a)	"To position the body so that one or both knees rest on the floor. ""The prisoners were ordered to kneel."""	1.11111111111111	0.2918	0.0	no_cond	0.4803932623686774	20.921889807846505	18.686394763021205	19.804142285433855	0.4803932623686774	20.921889807846505	18.686394763021205	19.804142285433855	46.22723261582334
bert_base_uncased	delta	kneel	kneeled	60.0	knelt	50.0	pst	18(2a)	"To fall or rest on the knees. ""She kneeled on the floor next to the child."""	0.909090909090909	0.3404	0.0	no_cond	0.49918385768421614	21.08879214521777	19.411206800928138	20.249999473072954	0.49918385768421614	21.08879214521777	19.411206800928138	20.249999473072954	51.02729056096201
bert_base_uncased	delta	knit	knitted	67.0	knit	43.0	ppt	19(3a)	To form by interlacing yarn or thread in a series of connected loops with needles	5.23636363636364	0.0221	0.0	prob	0.4742423109483831	18.3722641027513	14.429753984939405	16.401009043845352	0.4742423109483831	18.3722641027513	14.429753984939405	16.401009043845352	36.89043662149413
bert_base_uncased	delta	knit	knitted	23.0	knit	45.0	ppt	19(4a)	"To link firmly or closely. ""knitted my hands"""	7.11764705882353	0.0076	0.0	prob	0.46953438184156493	11.475376856820015	10.986944310659682	11.231160583739848	0.46953438184156493	11.475376856820015	10.986944310659682	11.231160583739848	24.33799507842853
bert_base_uncased	delta	knit	knitted	12.0	knit	6.0	pst	19(1a)	To make knitted fabrics or objects.	2.0	0.1573	0.0191	no_cond	0.4441806710232898	22.626161231613423	20.605914395364955	21.61603781348919	0.4441806710232898	22.626161231613423	20.605914395364955	21.61603781348919	47.412542999106385
bert_base_uncased	delta	knit	knitted	57.0	knit	29.0	pst	19(3a)	To form by interlacing yarn or thread in a series of connected loops with needles	9.11627906976744	0.0025	0.0	prob	0.44449727976228903	24.343257903701893	18.169222251231385	21.25624007746664	0.44449727976228903	24.343257903701893	18.169222251231385	21.25624007746664	44.08040407569752
bert_base_uncased	delta	knit	knitted	5.0	knit	16.0	pst	19(4a)	"To link firmly or closely. ""knitted my hands"""	5.76190476190476	0.0164	0.0478	prob	0.15592532208818272	30.563064568583474	11.806422734872967	21.18474365172822	0.44106492504315087	15.572877854621732	16.612955105617054	16.092916480119392	31.38743536198733
bert_base_uncased	delta	knit	knitted	10.0	knit	24.0	pst	19(4c)	"To contract into wrinkles. ""knitted her brow"""	5.76470588235294	0.0164	0.0009	prob	0.5737998352555754	14.585237864546064	13.109360325223292	13.84729909488468	0.5737998352555754	13.109360325223292	14.585237864546064	13.84729909488468	42.630323926233736
bert_base_uncased	delta	know	knowed	42.0	knew	63.0	pst	20(4a)	"To perceive directly. To have direct cognition of. To have understanding of. ""importance of knowing oneself"""	4.2	0.0404	0.0	prob	0.3688616048365089	50.06561325084842	51.31431326889334	50.68996325987088	0.3688616048365089	50.06561325084842	51.31431326889334	50.68996325987088	88.96275358941634
bert_base_uncased	delta	know	knowed	26.0	knew	9.0	pst	20(4c)	To recognize as being the same as something previously known. To be acquainted or familiar with. To have experience of.	8.25714285714286	0.0041	0.0022	prob	0.3500812053522974	50.438944796171455	39.782946932764204	45.11094586446783	0.3500812053522974	50.438944796171455	39.782946932764204	45.11094586446783	76.12202831053497
bert_base_uncased	delta	know	knowed	26.0	knew	25.0	pst	20(5a)	To be aware of the truth or factuality of. To be convinced or certain of.	0.0196078431372549	0.8886	0.0	no_cond	0.43355195251095613	59.052836712446286	42.8100871107039	50.93146191157509	0.43355195251095613	59.052836712446286	42.8100871107039	50.93146191157509	107.58760552039524
bert_base_uncased	delta	lay	lain	0.0	laid	18.0	ppt	21(19b)	"To submit for examination and judgment. ""laid her case before the commission"" (I used it more like ""to show for examination"")"	18.0	0.0	1.0	cat	0.02386668767366617	44.87559902601258	47.45977587958127	46.167687452796926			50.65791535438137		50.65791535438137
bert_base_uncased	delta	lay	lain	7.0	laid	13.0	ppt	21(20a)	(Often vulgar) To copulate with.	1.8	0.1797	0.0083	no_cond	0.05465901920253986	0.0	108.88181221583261	54.440906107916305	0.5169188670445881	28.161858967352348	48.78021409322146	38.4710365302869	110.95541426020468
bert_base_uncased	delta	lay	lain	70.0	laid	3.0	ppt	21(2a)	"(Nonstandard) To be or to stay at rest in a horizontal position. To be prostrate. To rest. To recline. ""lie motionless"" ""lie asleep"""	61.4931506849315	0.0	0.2448	cat	0.40935724510914234	36.87567601823544	44.92547913792985	40.90057757808265	0.40935724510914234	36.87567601823544	44.92547913792985	40.90057757808265	42.52518790094309
bert_base_uncased	delta	lay	lain	12.0	laid	34.0	ppt	21(6a)	Phrases: lay an egg, lay eyes on, lay into, lay on the table	10.5217391304348	0.0012	0.0002	prob	0.24515578799025842	55.00578441095712	69.80813011228398	62.40695726162055	0.28188558604624825	33.925445713117455	72.0742736977848	52.99985970545113	89.05376424699253
bert_base_uncased	delta	lay	laid	17.0	lay	0.0	pst	21(13a)	"To dispose or spread over or on a surface. ""lay track"" ""lay plaster"""	17.0	0.0	1.0	cat	0.0960565729299088	15.615719253652719	17.58736255030329	16.601540901978005		19.92418281767258			19.92418281767258
bert_base_uncased	delta	lay	laid	34.0	lay	1.0	pst	21(16a)	"To prepare. To contrive. ""a well-laid plan"""	31.1142857142857	0.0	1.0	cat	0.11051035902759626	24.68761236913859	25.83773218454803	25.26267227684331	0.03127705914208532	28.351473021301967	0.0	14.175736510650983	28.564936199085807
bert_base_uncased	delta	lay	laid	15.0	lay	0.0	pst	21(21a)	Phrases: lay off, lay eyes on, lay the basis	15.0	0.0001	1.0	cat	0.25672250764747473	29.5327121537258	0.0	14.7663560768629		32.916790550508544			32.916790550508544
bert_base_uncased	delta	lay	laid	10.0	lay	61.0	pst	21(2a)	"(Nonstandard) To be or to stay at rest in a horizontal position. To be prostrate. To rest. To recline. ""lie motionless"" ""lie asleep"""	36.6338028169014	0.0	0.0014	prob	0.6245045778776495	24.255184620740494	0.0	12.127592310370247	0.1907402922974551	13.29447286078647	26.4702179141241	19.882345387455285	28.353691711354337
bert_base_uncased	delta	lay	laid	0.0	lay	26.0	pst	21(6b)	To have place. To exist.	26.0	0.0	1.0	cat	0.09562390271249967	31.121478512548073	24.182001037282763	27.65173977491542			27.5608413175106		27.5608413175106
bert_base_uncased	delta	lead	lead	28.0	led	22.0	ppt	22(5b)	"To direct on a course or in a direction. ""a road leading the traveler to the heart of the city"""	0.72	0.3961	0.0	no_cond	0.2947554726522021	21.389784888152953	18.458163820768178	19.923974354460565	0.2947554726522021	21.389784888152953	18.458163820768178	19.923974354460565	29.89805628489393
bert_base_uncased	delta	lead	lead	8.0	led	43.0	ppt	22(7a)	"To direct the operations, activity, or performance of. ""lead an orchestra"" To have charge of. ""lead a campaign"""	24.0196078431373	0.0	0.0058	prob	0.0941692185075284	15.336738682757073	17.07727765159746	16.207008167177264	0.30089184549218206	13.186855756465945	14.15178099709562	13.669318376780783	17.789420012148046
bert_base_uncased	delta	lead	lead	54.0	led	29.0	ppt	22(8a)	"To bring to some conclusion or condition. ""led to believe otherwise"""	7.53012048192771	0.0061	0.0	prob	0.3804829310500365	17.47344795480262	12.642820752718123	15.058134353760371	0.3804829310500365	17.47344795480262	12.642820752718123	15.058134353760371	26.802886025200777
bert_base_uncased	delta	lead	lead	15.0	led	5.0	pst	22(5a)	"To guide on a way especially by going in advance. ""led the officers to his hiding place"""	5.0	0.0253	0.0471	prob	0.3674992144397338	27.498248877403434	29.91098324300261	28.704616060203023	0.3674992144397338	27.498248877403434	29.91098324300261	28.704616060203023	47.15178766176536
bert_base_uncased	delta	lead	lead	15.0	led	23.0	pst	22(5b)	"To direct on a course or in a direction. ""a road leading the traveler to the heart of the city"""	1.68421052631579	0.1944	0.0	no_cond	0.3889926332515201	32.40790048710715	31.540560432700158	31.97423045990365	0.3889926332515201	32.40790048710715	31.540560432700158	31.97423045990365	59.586926699290345
bert_base_uncased	delta	lead	lead	17.0	led	11.0	pst	22(7a)	"To direct the operations, activity, or performance of. ""lead an orchestra"" To have charge of. ""lead a campaign"""	1.28571428571429	0.2568	0.0003	no_cond	0.38155063197299827	20.07135829465598	18.95355395256809	19.512456123612033	0.38155063197299827	20.07135829465598	18.95355395256809	19.512456123612033	36.55831383607368
bert_base_uncased	delta	lead	lead	17.0	led	17.0	pst	22(7c)	"To go at the head of. ""lead a parade"" To be first in or among. ""lead the league"" To have a margain over. ""led his opponent"""	0.0	1.0	0.0	no_cond	0.3904406992124821	36.14713349373952	27.77254668416916	31.959840088954337	0.3904406992124821	36.14713349373952	27.77254668416916	31.959840088954337	58.825537753720006
bert_base_uncased	delta	lead	lead	34.0	led	37.0	pst	22(8a)	"To bring to some conclusion or condition. ""led to believe otherwise"""	0.126760563380282	0.7218	0.0	no_cond	0.43477847709977235	27.825360392650403	27.020217523939703	27.42278895829505	0.43477847709977235	27.825360392650403	27.020217523939703	27.42278895829505	58.141861870491624
bert_base_uncased	delta	leap	leapt	55.0	leaped	56.0	ppt	23(1a)	"To spring free from or as if from the ground. To jump. ""leap over a fence"" ""A fish leaps out of the water."""	0.009009009009009	0.9244	0.0	no_cond	0.4618381642250944	4.708735931931469	4.951784919349609	4.830260425640539	0.4618381642250944	4.708735931931469	4.951784919349609	4.830260425640539	10.770914888848454
bert_base_uncased	delta	leap	leapt	22.0	leaped	23.0	ppt	23(2a)	"To pass abruptly from one state or topic to another. ""the difficult leap from college to the workplace"""	0.0222222222222222	0.8815	0.0	no_cond	0.5168261789328081	4.848443381062581	4.494399178019348	4.671421279540965	0.5168261789328081	4.848443381062581	4.494399178019348	4.671421279540965	12.745657369334374
bert_base_uncased	delta	leap	leapt	21.0	leaped	17.0	ppt	23(2b)	"To act precipitately. ""leaped at the chance"". I used it like 'to move quickly'"	0.421052631578947	0.5164	0.0	no_cond	0.44513012556202297	8.378894048924874	5.982551511112979	7.180722780018926	0.44513012556202297	8.378894048924874	5.982551511112979	7.180722780018926	15.919354599181373
bert_base_uncased	delta	leap	leapt	84.0	leaped	78.0	pst	23(1a)	"To spring free from or as if from the ground. To jump. ""leap over a fence"" ""A fish leaps out of the water."""	0.222222222222222	0.6374	0.0	no_cond	0.4433079102094918	4.831705272321946	4.792471134625904	4.812088203473925	0.4433079102094918	4.831705272321946	4.792471134625904	4.812088203473925	9.9769589197521
bert_base_uncased	delta	leap	leapt	10.0	leaped	9.0	pst	23(2a)	"To pass abruptly from one state or topic to another. ""the difficult leap from college to the workplace"""	0.0526315789473684	0.8185	0.0011	no_cond	0.43771456097603584	6.130573910483266	4.313484449559194	5.22202918002123	0.43771456097603584	6.130573910483266	4.313484449559194	5.22202918002123	11.952120972898536
bert_base_uncased	delta	leap	leapt	6.0	leaped	10.0	pst	23(2b)	"To act precipitately. ""leaped at the chance"""	1.0	0.3173	0.0177	no_cond	0.4465666634382804	5.710801563701703	6.812482337032728	6.261641950367215	0.4465666634382804	5.710801563701703	6.812482337032728	6.261641950367215	14.674399139113895
bert_base_uncased	delta	learn	learnt	36.0	learned	28.0	ppt	24(2a)	"To gain knowledge or understanding of or skill in by study, instruction, or experience. ""learn a trade"" ""learned to play chess"""	1.0	0.3173	0.0	no_cond	0.5501888880385031	14.663718478220453	17.750586222541923	16.207152350381186	0.5501888880385031	14.663718478220453	17.750586222541923	16.207152350381186	47.77769682482238
bert_base_uncased	delta	learn	learnt	15.0	learned	12.0	ppt	24(2c)	"To come to be able to. ""learn to dance"""	0.333333333333333	0.5637	0.0001	no_cond	0.5700149657964407	14.867350048509362	16.019157804450398	15.44325392647988	0.5700149657964407	14.867350048509362	16.019157804450398	15.44325392647988	52.57096962816601
bert_base_uncased	delta	learn	learnt	37.0	learned	55.0	ppt	24(2d)	"To come to realize. ""learned that honesty paid"""	3.52173913043478	0.0606	0.0	no_cond	0.5495360996401992	20.538282889297864	17.862321630321688	19.200302259809774	0.5495360996401992	20.538282889297864	17.862321630321688	19.200302259809774	55.465489490759836
bert_base_uncased	delta	learn	learnt	51.0	learned	39.0	pst	24(2a)	"To gain knowledge or understanding of or skill in by study, instruction, or experience. ""learn a trade"" ""learned to play chess"""	1.6	0.2059	0.0	no_cond	0.5363752464680536	15.950466606299747	21.188773472499147	18.569620039399446	0.5363752464680536	15.950466606299747	21.188773472499147	18.569620039399446	51.170226647146194
bert_base_uncased	delta	learn	learnt	6.0	learned	16.0	pst	24(2c)	"To come to be able to. ""learn to dance"""	4.54545454545455	0.033	0.0211	prob	0.5654733367313204	18.032752514402528	17.55132842067131	17.79204046753692	0.5654733367313204	18.032752514402528	17.55132842067131	17.79204046753692	51.62175213916088
bert_base_uncased	delta	learn	learnt	37.0	learned	29.0	pst	24(2d)	"To come to realize. ""learned that honesty paid"""	0.96969696969697	0.3248	0.0	no_cond	0.5271106662338124	18.66552455247946	22.80738553147032	20.736455041974892	0.5271106662338124	18.66552455247946	22.80738553147032	20.736455041974892	56.066246940644156
bert_base_uncased	delta	learn	learnt	6.0	learned	14.0	pst	24(4a)	"To come to know. To hear. ""We just learned that he was ill."""	3.2	0.0736	0.0202	no_cond	0.5209624003277155	22.280897061506234	20.64838616452255	21.464641613014393	0.5209624003277155	20.64838616452255	22.280897061506234	21.464641613014393	58.19805177942469
bert_base_uncased	delta	light	lighted	45.0	lit	36.0	ppt	25(8a)	To set fire to.	1.0	0.3173	0.0	no_cond	0.3922057288581035	8.134067842352753	9.856336988400074	8.995202415376413	0.3922057288581035	8.134067842352753	9.856336988400074	8.995202415376413	16.384070036474476
bert_base_uncased	delta	light	lighted	48.0	lit	52.0	ppt	25(9b)	"To illuminate. ""Rockets lit up the sky."""	0.16	0.6892	0.0	no_cond	0.36984869343872945	13.407468135793886	11.181382769502246	12.294425452648067	0.36984869343872945	13.407468135793886	11.181382769502246	12.294425452648067	21.128037773233963
bert_base_uncased	delta	light	lighted	14.0	lit	34.0	pst	25(1a)	"To become bright / brighten. ""Her face lit up."""	8.33333333333333	0.0039	0.0	prob	0.38950969619253456	9.379631223555611	9.082630780171717	9.231131001863664	0.38950969619253456	9.082630780171717	9.379631223555611	9.231131001863664	16.025480293061445
bert_base_uncased	delta	light	lighted	48.0	lit	47.0	pst	25(8a)	To set fire to.	0.0105263157894737	0.9183	0.0	no_cond	0.38068472014335747	8.805214091972598	8.806533315710116	8.805873703841357	0.38068472014335747	8.805214091972598	8.806533315710116	8.805873703841357	15.583864844363621
bert_base_uncased	delta	light	lighted	17.0	lit	14.0	pst	25(9b)	"To illuminate. ""Rockets lit up the sky."""	0.290322580645161	0.59	0.0	no_cond	0.3691436273336838	10.38637926463075	7.934055969022062	9.160217616826404	0.3691436273336838	10.38637926463075	7.934055969022062	9.160217616826404	16.9047229723104
bert_base_uncased	delta	plead	pled	83.0	pleaded	70.0	ppt	26(3a)	"To make a plea of a specific nature. ""Plead not guilty"""	1.10457516339869	0.2933	0.0	no_cond	0.5483147607751855	32.494658236535514	29.464131075129654	30.979394655832586	0.5483147607751855	32.494658236535514	29.464131075129654	30.979394655832586	91.37683680036396
bert_base_uncased	delta	plead	pled	4.0	pleaded	21.0	ppt	26(4b)	To entreat or appeal earnestly.	11.56	0.0007	0.1099	cat	0.4627970446905234	23.774032119216496	35.8034205015566	29.78872631038655	0.4627970446905234	23.774032119216496	35.8034205015566	29.78872631038655	59.56309964330622
bert_base_uncased	delta	plead	pled	91.0	pleaded	73.0	pst	26(3a)	"To make a plea of a specific nature. ""Plead not guilty"""	1.97560975609756	0.1599	0.0	no_cond	0.5176339243619272	32.72797029190574	30.621608657095585	31.674789474500663	0.5176339243619272	32.72797029190574	30.621608657095585	31.674789474500663	83.21728780896474
bert_base_uncased	delta	plead	pled	5.0	pleaded	24.0	pst	26(4b)	To entreat or appeal earnestly.	12.448275862069	0.0004	0.0518	cat	0.44882437188111196	42.64046551272642	38.62044070514302	40.63045310893472	0.44882437188111196	38.62044070514302	42.64046551272642	40.63045310893472	72.51939179492882
bert_base_uncased	delta	prove	proved	36.0	proven	19.0	ppt	27(1a)	"To turn out, especially after trial or test. ""The new drug proved effective."""	5.25454545454545	0.0219	0.0	prob	0.373415135324462	4.81439651985792	8.052420332573544	6.433408426215731	0.373415135324462	4.81439651985792	8.052420332573544	6.433408426215731	9.920393099442435
bert_base_uncased	delta	prove	proved	40.0	proven	60.0	ppt	27(2a)	"To establish the existence, truth, or validity of (as by evidence or logic). ""prove a theorem"" ""The charges were never proved in court."""	4.0	0.0455	0.0	prob	0.3555961281838104	8.207903395522049	7.6751036144963365	7.941503505009193	0.3555961281838104	8.207903395522049	7.6751036144963365	7.941503505009193	13.290989466619216
bert_base_uncased	delta	prove	proved	19.0	proven	20.0	ppt	27(2b)	"To demonstrate as having a particular quality or worth. ""proved herself a great actress"" ""The vaccine has been proven effective after years of tests."""	0.0256410256410256	0.8728	0.0	no_cond	0.3511931546340973	8.445551311357722	7.755851285216916	8.10070129828732	0.3511931546340973	8.445551311357722	7.755851285216916	8.10070129828732	14.223063521817336
bert_base_uncased	delta	ring	ringed	0.0	rung	42.0	ppt	28(10a)	To cause to sound, especially by striking.	42.0	0.0	1.0	cat	0.11382312577188662	20.176912351504033	20.525548068035604	20.351230209769817			22.46484673986202		22.46484673986202
bert_base_uncased	delta	ring	ringed	91.0	rung	0.0	ppt	28(16a)	To place or form a ring around; to encircle.	91.0	0.0	1.0	cat	0.0913181006392035	42.033988081321816	35.55960443691896	38.796796259120384		39.94849468854328			39.94849468854328
bert_base_uncased	delta	ring	ringed	0.0	rung	18.0	ppt	28(1a)	To sound resonantly or sonorously.	18.0	0.0	1.0	cat	0.14504680350604285	18.56720630586545	19.14239419527059	18.85480025056802			23.43898313399314		23.43898313399314
bert_base_uncased	delta	see	saw	54.0	seen	34.0	ppt	29(6a)	To perceive by the eye.	4.54545454545455	0.033	0.0	prob	0.21402157924520365	19.897062007345966	14.557704552658514	17.22738328000224	0.2351146748265426	13.396752946795086	25.574239777793217	19.48549636229415	21.809297877783045
bert_base_uncased	delta	see	saw	18.0	seen	19.0	ppt	29(7a)	"To be aware of. To recognize. ""sees only our faults"""	0.027027027027027	0.8694	0.0	no_cond	0.23817427414198772	24.502234882704336	12.26791351083793	18.385074196771132	0.23817427414198772	24.502234882704336	12.26791351083793	18.385074196771132	23.136707393119956
bert_base_uncased	delta	see	saw	2.0	seen	17.0	ppt	29(7d)	To perceive the meaning or importance of. To understand.	11.8421052631579	0.0006	0.4865	cat	0.10778014424623607	13.50077134291233	6.721634743047696	10.111203042980012	0.2879122293675273	11.615752515929993	11.43240080440602	11.524076660168006	14.102602378099824
bert_base_uncased	delta	see	saw	7.0	seen	8.0	ppt	29(8a)	To come to know. To discover.	0.0666666666666667	0.7963	0.0063	no_cond	0.2794856731988596	16.309680787219097	13.895285325530477	15.102483056374787	0.21381824830032112	6.17081700576081	22.059049110382947	14.114933058071879	20.23536436194203
bert_base_uncased	delta	see	saw	16.0	seen	21.0	ppt	29(8c)	"To have experience of. To undergo. ""see army service"""	0.675675675675676	0.4111	0.0	no_cond	0.26963198096406893	5.919575950353147	10.68567397598324	8.302624963168194	0.26963198096406893	5.919575950353147	10.68567397598324	8.302624963168194	12.418355962836069
bert_base_uncased	delta	see	seen	65.0	saw	39.0	pst	29(6a)	To perceive by the eye.	6.5	0.0108	0.0	prob	0.3925797753675929	25.399160733983834	19.464580662011475	22.431870697997653	0.3925797753675929	25.399160733983834	19.464580662011475	22.431870697997653	41.44719701035161
bert_base_uncased	delta	see	seen	11.0	saw	4.0	pst	29(7a)	"To be aware of. To recognize. ""sees only our faults"""	3.26666666666667	0.0707	0.0996	no_cond	0.3714009577675922	15.881394779898995	25.705542770180003	20.7934687750395	0.3714009577675922	15.881394779898995	25.705542770180003	20.7934687750395	31.603611198432077
bert_base_uncased	delta	see	seen	15.0	saw	18.0	pst	29(8a)	To come to know. To discover.	0.272727272727273	0.6015	0.0	no_cond	0.4043613664448985	21.308610805442484	26.151622217769493	23.73011651160599	0.4043613664448985	21.308610805442484	26.151622217769493	23.73011651160599	47.22921419944977
bert_base_uncased	delta	see	seen	7.0	saw	24.0	pst	29(8c)	"To have experience of. To undergo. ""see army service"""	9.32258064516129	0.0023	0.0107	prob	0.09237693428790494	22.01521009999236	44.645405532569015	33.33030781628069	0.3706094933036392	18.447045503006354	32.18803479304269	25.31754014802452	45.96585297283181
bert_base_uncased	delta	sew	sewed	35.0	sewn	53.0	ppt	30(4a)	To unite or fasten by stitches.	3.68181818181818	0.055	0.0	no_cond	0.39979398579468894	9.47587510644886	8.998760500304657	9.237317803376758	0.39979398579468894	9.47587510644886	8.998760500304657	9.237317803376758	16.505490053722284
bert_base_uncased	delta	sew	sewed	20.0	sewn	13.0	ppt	30(4b)	To create via sewing.	1.48484848484848	0.223	0.0001	no_cond	0.34039557262803566	12.472679771394153	9.399368754918806	10.93602426315648	0.34039557262803566	12.472679771394153	9.399368754918806	10.93602426315648	17.804094083427433
bert_base_uncased	delta	sew	sewed	40.0	sewn	13.0	ppt	30(5a)	"To close or enclose by sewing. ""sew the money in the bag"""	13.7547169811321	0.0002	0.0001	prob	0.39250515624035864	11.417154621784666	8.913771822110446	10.165463221947556	0.39250515624035864	11.417154621784666	8.913771822110446	10.165463221947556	18.227301821215836
bert_base_uncased	delta	sew	sewed	1.0	sewn	17.0	ppt	30(6a)	To scatter (seed) upon the earth for growth. To plant.	14.2222222222222	0.0002	1.0	cat	0.506479666829424	0.0	11.625264983798235	5.812632491899118	0.3053821082829398	0.0	14.677648254074313	7.338824127037157	16.321831518267768
bert_base_uncased	delta	shake	shook	10.0	shaken	14.0	ppt	32(10a)	To cause to quake, quiver, or tremble.	0.666666666666667	0.4142	0.0006	no_cond	0.3073031867935417	13.112594388878325	14.786851214836501	13.949722801857412	0.3073031867935417	13.112594388878325	14.786851214836501	13.949722801857412	23.03872904038164
bert_base_uncased	delta	shake	shook	1.0	shaken	26.0	ppt	32(12a)	"To lessen the stability of. To weaken. ""shake one's faith"""	23.1481481481481	0.0	1.0	cat	0.12839175591157234	15.239074244358415	10.505474413020172	12.872274328689294	0.2527626881223072	0.0	13.494580226308337	6.747290113154168	14.28879877203276
bert_base_uncased	delta	shake	shook	59.0	shaken	42.0	ppt	32(16a)	"To stir the feelings of. To upset. To agitate. ""shook her up"""	2.86138613861386	0.0907	0.0	no_cond	0.3833803428209841	18.080874750794813	16.535722123475757	17.308298437135285	0.3833803428209841	18.080874750794813	16.535722123475757	17.308298437135285	31.498214462278725
bert_base_uncased	delta	shine	shone	25.0	shined	3.0	ppt	31(1a)	To emit rays of light	17.2857142857143	0.0	0.2364	cat	0.5154486616690546	12.944416862509458	9.43120287680689	11.187809869658174	0.5154486616690546	12.944416862509458	9.43120287680689	11.187809869658174	21.417286747856647
bert_base_uncased	delta	shine	shone	8.0	shined	15.0	ppt	31(3b)	"To perform extremely well; ""The stocks really shined last week"""	2.1304347826087	0.1444	0.0038	no_cond	0.47532171810628104	20.464928832687185	20.47772678829235	20.47132781048977	0.47532171810628104	20.47772678829235	20.464928832687185	20.47132781048977	48.19214433544722
bert_base_uncased	delta	shine	shone	19.0	shined	8.0	ppt	31(6b)	To throw or direct the light of	4.48148148148148	0.0343	0.0043	prob	0.5025159621868114	12.76061707123712	12.661873639491267	12.711245355364193	0.5025159621868114	12.76061707123712	12.661873639491267	12.711245355364193	30.442155709012543
bert_base_uncased	delta	shine	shone	0.0	shined	38.0	ppt	31(7a)	To make bright by polishing	38.0	0.0	1.0	cat	0.19426584937343788	18.510197992681896	25.755938375912297	22.133068184297095			22.204002645366714		22.204002645366714
bert_base_uncased	delta	shine	shone	20.0	shined	16.0	ppt	31(8b)	To highlight; to bring attention to	0.444444444444444	0.505	0.0	no_cond	0.46155757817227044	13.3648927370059	12.90323705705978	13.13406489703284	0.46155757817227044	13.3648927370059	12.90323705705978	13.13406489703284	30.155386469430418
bert_base_uncased	delta	shine	shined	18.0	shone	34.0	pst	31(1a)	To emit rays of light	4.92307692307692	0.0265	0.0	prob	0.4854483412216447	14.446853520283216	14.130633536817939	14.288743528550578	0.4854483412216447	14.446853520283216	14.130633536817939	14.288743528550578	32.860539175675235
bert_base_uncased	delta	shine	shined	3.0	shone	18.0	pst	31(2a)	To be bright by reflection of light	10.7142857142857	0.0011	0.2317	cat	0.054260394832645525	9.053762355792891	25.129157897299688	17.091460126546288	0.4654542431861629	15.092950146197898	15.120657674784114	15.106803910491006	25.66155214126475
bert_base_uncased	delta	shine	shined	12.0	shone	9.0	pst	31(3a)	"To be eminent, conspicuous, or distinguished; ""She shines in math"""	0.428571428571429	0.5127	0.0013	no_cond	0.4684558146354882	18.582524598056985	14.720162548091094	16.65134357307404	0.4684558146354882	18.582524598056985	14.720162548091094	16.65134357307404	40.95127136964744
bert_base_uncased	delta	shine	shined	33.0	shone	7.0	pst	31(3b)	"To perform extremely well; ""The stocks really shined last week"""	16.9	0.0	0.0117	prob	0.4362604533745083	24.46815930189564	17.599098093178892	21.033628697537267	0.4362604533745083	24.46815930189564	17.599098093178892	21.033628697537267	39.17634557098917
bert_base_uncased	delta	shine	shined	11.0	shone	5.0	pst	31(8b)	To highlight; to bring attention to	2.25	0.1336	0.0434	no_cond	0.4819590072055302	11.632193184205475	13.949941524712552	12.791067354459013	0.4819590072055302	11.632193184205475	13.949941524712552	12.791067354459013	29.42163892095551
bert_base_uncased	delta	show	shown	54.0	showed	46.0	ppt	33(15a)	"To demonstrate or establish by argument or reasoning. ""show a plan to be faulty."""	0.64	0.4237	0.0	no_cond	0.27541214048513674	7.560124616762925	9.800982300416717	8.68055345858982	0.22817530076940745	10.917355556980374	4.580093305561313	7.748724431270843	10.060841964872184
bert_base_uncased	delta	show	shown	25.0	showed	24.0	ppt	33(7a)	"To cause or permit to be seen. To exhibit. ""showed pictures of the baby"""	0.0204081632653061	0.8864	0.0	no_cond	0.19031414899776258	12.119961456995702	12.421293209008015	12.270627333001858	0.19031414899776258	12.119961456995702	12.421293209008015	12.270627333001858	15.39566015670597
bert_base_uncased	delta	sink	sunk	14.0	sank	1.0	pst	45(15a)	To invest.	11.2666666666667	0.0008	1.0	cat	0.5024636645220663	4.771323757861812	0.0	2.385661878930906	0.5024636645220663	4.771323757861812	0.0	2.385661878930906	7.153177813190121
bert_base_uncased	delta	sink	sunk	11.0	sank	26.0	pst	45(1a)	To go to the bottom. To submerge.	6.08108108108108	0.0137	0.0004	prob	0.07974824899895787	16.690901182173338	0.0	8.345450591086669	0.38845167666051444	11.34619662699308	9.142187960989821	10.24419229399145	16.84272163139839
bert_base_uncased	delta	sink	sunk	12.0	sank	8.0	pst	45(3b)	"To become impressively known or felt. ""The lesson sunk in."""	0.8	0.3711	0.0033	no_cond	0.6088242686723323	13.859762172453273	0.0	6.9298810862266365	0.3763506225568365	6.035904941693073	26.951985480298735	16.493945210995903	22.500056013206027
bert_base_uncased	delta	sink	sunk	7.0	sank	12.0	pst	45(5a)	To go downward in quality, state, or condition.	1.31578947368421	0.2513	0.008	no_cond	0.2044789802428164	17.19828839887972	0.0	8.59914419943986	0.2776206343225891	10.085793544041834	13.035395739523175	11.560594641782505	18.281540901181867
bert_base_uncased	delta	sink	sunk	3.0	sank	13.0	pst	45(6b)	To become depressed.	6.25	0.0124	0.2258	cat	0.22617355482453616	12.862148793295765	6.538806767702468	9.700477780499117	0.4012761809145976	5.410424192509713	7.885879596415074	6.648151894462393	12.549108316313728
bert_base_uncased	delta	sink	sunk	20.0	sank	6.0	pst	45(7a)	"To cause to sink. ""sink a battleship"""	7.53846153846154	0.006	0.0226	prob	0.39923518972707445	8.750942465759135	7.258109633744037	8.004526049751586	0.39923518972707445	8.750942465759135	7.258109633744037	8.004526049751586	14.99846801067692
bert_base_uncased	delta	slink	slinked	64.0	slunk	69.0	pst	34(1a)	To go or move stealthily or furtively (as in fear or shame). To steal.	0.18796992481203	0.6646	0.0	no_cond	0.39569645072114484	10.658781024257447	9.908545222341319	10.283663123299384	0.39569645072114484	10.658781024257447	9.908545222341319	10.283663123299384	19.303028352477018
bert_base_uncased	delta	sneak	sneaked	62.0	snuck	59.0	ppt	36(1a)	"To go stealthily or furtively. To slink. ""snuck out early"""	0.0743801652892562	0.7851	0.0	no_cond	0.4558612165758544	16.29705440235124	13.590106255499697	14.943580328925467	0.4558612165758544	13.590106255499697	16.29705440235124	14.943580328925467	32.57296809702725
bert_base_uncased	delta	sneak	sneaked	29.0	snuck	30.0	ppt	36(4a)	"To put, bring, or take in a furtive or artful manner. ""sneak a smoke"""	0.0169491525423729	0.8964	0.0	no_cond	0.43542263628464617	16.508841416907647	17.41777805746465	16.963309737186147	0.43542263628464617	17.41777805746465	16.508841416907647	16.963309737186147	36.06881029211129
bert_base_uncased	delta	sneak	sneaked	9.0	snuck	11.0	ppt	36(5a)	Phrases: sneak up on	0.2	0.6547	0.0012	no_cond	0.5175164913222734	17.369439899926633	15.384890310159777	16.377165105043204	0.5175164913222734	15.384890310159777	17.369439899926633	16.377165105043204	46.489578976175856
bert_base_uncased	delta	sneak	snuck	65.0	sneaked	75.0	pst	36(1a)	"To go stealthily or furtively. To slink. ""snuck out early"""	0.714285714285714	0.398	0.0	no_cond	0.43664206708857783	14.752996713784318	13.968328484660937	14.360662599222628	0.43664206708857783	14.752996713784318	13.968328484660937	14.360662599222628	29.793246314659434
bert_base_uncased	delta	sneak	snuck	29.0	sneaked	19.0	pst	36(4a)	"To put, bring, or take in a furtive or artful manner. ""sneak a smoke"""	2.08333333333333	0.1489	0.0	no_cond	0.435553494638659	15.052290538562787	15.753302171166748	15.402796354864767	0.435553494638659	15.052290538562787	15.753302171166748	15.402796354864767	32.02651196072046
bert_base_uncased	delta	speak	spoke	20.0	spoken	7.0	ppt	42(1a)	To utter words or articulate sounds with the ordinary voice. To talk.	6.25925925925926	0.0124	0.01	prob	0.28474900240445916	8.439319877794624	8.241969345602492	8.340644611698558	0.28474900240445916	8.439319877794624	8.241969345602492	8.340644611698558	11.6821672854584
bert_base_uncased	delta	speak	spoke	11.0	spoken	23.0	ppt	42(1b)	"To express thoughts, opinions, or feelings orally. To extend a greeting. To be friendly enough to engage in conversation. ""still were not speaking after the dispute"""	4.23529411764706	0.0396	0.0004	prob	0.06693760372162096	12.058674108031004	12.85785351137573	12.458263809703368	0.31344652039685683	8.724784672367916	8.44166252583144	8.583223599099679	13.150400932067257
bert_base_uncased	delta	speak	spoke	6.0	spoken	15.0	ppt	42(8a)	To to utter with the speaking voice. To pronounce.	3.85714285714286	0.0495	0.0207	prob	0.26444525310755107	13.720810534104299	16.615767515762677	15.168289024933488	0.26444525310755107	16.615767515762677	13.720810534104299	15.168289024933488	20.960555352187676
bert_base_uncased	delta	speak	spoke	20.0	spoken	14.0	ppt	42(8b)	To give a recitation of. To declaim.	1.05882352941176	0.3035	0.0	no_cond	0.26448937224874625	7.167446200882004	12.42785801944232	9.797652110162161	0.26448937224874625	7.167446200882004	12.42785801944232	9.797652110162161	12.93514827481095
bert_base_uncased	delta	speak	spoke	37.0	spoken	31.0	ppt	42(8d)	To address. To accost.	0.529411764705882	0.4669	0.0	no_cond	0.33725463949597473	6.538174787014533	10.303945832725669	8.4210603098701	0.33725463949597473	6.538174787014533	10.303945832725669	8.4210603098701	13.145335834141553
bert_base_uncased	delta	speak	spake	54.0	spoke	47.0	pst	37(1a)	To utter words or articulate sounds with the ordinary voice. To talk.	0.485148514851485	0.4861	0.0	no_cond	0.40887065391009564	44.00484750437939	69.5612067677637	56.78302713607154	0.40887065391009564	44.00484750437939	69.5612067677637	56.78302713607154	106.43829846506134
bert_base_uncased	delta	speak	spake	3.0	spoke	22.0	pst	37(1b)	"To express thoughts, opinions, or feelings orally. To extend a greeting. To be friendly enough to engage in conversation. ""still were not speaking after the dispute"""	14.44	0.0001	0.2347	cat	0.34612980695457196	64.54024383204116	24.399666252044863	44.46995504204301	0.34612980695457196	24.399666252044863	64.54024383204116	44.46995504204301	81.3228088121225
bert_base_uncased	delta	speak	spake	20.0	spoke	2.0	pst	37(8c)	"To express orally. To delcare. ""free to speak their minds"""	14.7272727272727	0.0001	0.4884	cat	0.490450948375748	45.652381583673446	35.658806115512036	40.65559384959274	0.490450948375748	45.652381583673446	35.658806115512036	40.65559384959274	68.7998639320036
bert_base_uncased	delta	speed	speeded	2.0	sped	20.0	ppt	38(1a)	"To make haste. ""sped to her bedside"""	14.7272727272727	0.0001	0.4884	cat	0.04323320015346868	28.503219346423396	14.002075640719628	21.252647493571512	0.40803677355537427	12.515272778890546	20.131311136281376	16.323291957585962	26.724024570025644
bert_base_uncased	delta	speed	speeded	16.0	sped	12.0	ppt	38(2a)	"To move, work, or take place faster. To accelerate. ""the heart speeds up"""	0.571428571428571	0.4497	0.0001	no_cond	0.5170462031442071	13.082295757487323	14.921661665269037	14.001978711378179	0.5170462031442071	13.082295757487323	14.921661665269037	14.001978711378179	37.89428545592737
bert_base_uncased	delta	speed	speeded	81.0	sped	64.0	ppt	38(4b)	To increase the speed of. To accelerate.	1.99310344827586	0.158	0.0	no_cond	0.4821353356552944	17.954026168578395	17.20798567205555	17.581005920316972	0.4821353356552944	17.954026168578395	17.20798567205555	17.581005920316972	41.68747048716073
bert_base_uncased	delta	speed	speeded	3.0	sped	71.0	pst	38(1a)	"To make haste. ""sped to her bedside"""	62.4864864864865	0.0	0.2449	cat	0.43842466395319174	19.12845990238247	13.357045540368285	16.24275272137538	0.43842466395319174	13.357045540368285	19.12845990238247	16.24275272137538	22.423910733479808
bert_base_uncased	delta	speed	speeded	29.0	sped	14.0	pst	38(2a)	"To move, work, or take place faster. To accelerate. ""the heart speeds up"""	5.23255813953488	0.0222	0.0	prob	-0.05214439806530211	0.0	38.711893427180016	19.355946713590008	0.46328194923677585	18.10665237357489	17.50708492156065	17.806868647567768	38.61616075515922
bert_base_uncased	delta	speed	speeded	61.0	sped	14.0	pst	38(4b)	To increase the speed of. To accelerate.	29.4533333333333	0.0	0.0001	prob	0.09223135241181826	11.04252618320942	30.348715539971227	20.695620861590324	0.41189419842904373	20.213521592163875	14.724022644437385	17.46877211830063	30.919346808805972
bert_base_uncased	delta	spell	spelt	18.0	spelled	2.0	ppt	39(5a)	To name the letters of in order. To write or print the letters of in order.	12.8	0.0003	0.4872	cat	0.47220568945714037	26.041384241013695	7.550030953107322	16.79570759706051	0.47220568945714037	26.041384241013695	7.550030953107322	16.79570759706051	37.96001789519652
bert_base_uncased	delta	spell	spelt	39.0	spelled	21.0	ppt	39(5b)	To write or print the letters of in a particular way.	5.4	0.0201	0.0	prob	0.4678405584934588	26.9071569890219	33.40746363707343	30.157310313047663	0.4678405584934588	26.9071569890219	33.40746363707343	30.157310313047663	62.86715058063243
bert_base_uncased	delta	spell	spelt	14.0	spelled	43.0	ppt	39(7a)	"To find out by study. To come to understand. Often used with 'out'. ""It requires some pains to spell out those decorations."" (I used as 'to explain', kind of)"	14.7543859649123	0.0001	0.0	prob	0.46227068601721616	32.647763285035104	33.99986656228286	33.323814923658986	0.46227068601721616	33.99986656228286	32.647763285035104	33.323814923658986	64.1392794304545
bert_base_uncased	delta	spill	spilt	0.0	spilled	16.0	ppt	40(2a)	"To spread profusely or beyond bounds. ""Crowds spilled into the streets."""	16.0	0.0001	1.0	cat	0.10270822476799195	0.0	29.36810313490889	14.684051567454445			30.45817322344348		30.45817322344348
bert_base_uncased	delta	spill	spilt	72.0	spilled	54.0	ppt	40(5a)	To cause or allow especially accidentally or unintentionally to fall, flow, or run out so as to be lost or wasted.	2.57142857142857	0.1088	0.0	no_cond	0.45275200356029927	37.931116343167524	42.470268802805855	40.20069257298669	0.45275200356029927	37.931116343167524	42.470268802805855	40.20069257298669	85.14119382574866
bert_base_uncased	delta	spill	spilt	7.0	spilled	10.0	pst	40(1a)	"To flow, run, or fall out, over, or off and become wasted, scattered, or lost. ""water spilling over the dam"""	0.529411764705882	0.4669	0.0072	no_cond	0.4236734035433605	33.51584959264295	43.13889648701802	38.32737303983049	0.4236734035433605	33.51584959264295	43.13889648701802	38.32737303983049	83.894089539368
bert_base_uncased	delta	spill	spilt	0.0	spilled	18.0	pst	40(2a)	"To spread profusely or beyond bounds. ""Crowds spilled into the streets."""	18.0	0.0	1.0	cat	0.057420176806177586	24.170073110874274	40.48963808670872	32.3298555987915			41.697262857415346		41.697262857415346
bert_base_uncased	delta	spill	spilt	49.0	spilled	17.0	pst	40(5a)	To cause or allow especially accidentally or unintentionally to fall, flow, or run out so as to be lost or wasted.	15.5151515151515	0.0001	0.0	prob	0.4521407696359725	44.77942172694506	35.41508617465338	40.09725395079922	0.4521407696359725	44.77942172694506	35.41508617465338	40.09725395079922	83.74531347481006
bert_base_uncased	delta	spill	spilt	2.0	spilled	18.0	pst	40(7a)	"To let out. To divulge. ""spill a secret"""	12.8	0.0003	0.4872	cat	0.06810873704251272	78.51062457067059	40.484967621329794	59.49779609600019	0.4468028762643354	35.88629001980437	47.19845994599973	41.54237498290205	69.08527303134396
bert_base_uncased	delta	spit	spit	64.0	spat	66.0	ppt	41(1a)	To eject saliva as an expression of aversion or contempt.	0.0307692307692308	0.8608	0.0	no_cond	0.46900335707031865	16.511222570401227	20.331095303180426	18.421158936790825	0.46900335707031865	16.511222570401227	20.331095303180426	18.421158936790825	42.01703656695569
bert_base_uncased	delta	spit	spit	12.0	spat	10.0	ppt	41(4a)	To eject (something) from the mouth. To expectorate.	0.181818181818182	0.6698	0.0005	no_cond	0.2845808604546155	32.944756441247286	27.268776314654463	30.106766377950876	0.2845808604546155	32.944756441247286	27.268776314654463	30.106766377950876	44.62848470046876
bert_base_uncased	delta	spit	spit	18.0	spat	20.0	ppt	41(4d)	"To emit as if by spitting. Especially to emit (precipitation) in driving particles or in flurries. ""spit rain"""	0.105263157894737	0.7456	0.0	no_cond	0.3839340803649354	12.403618705377449	14.769682521469639	13.586650613423544	0.3839340803649354	12.403618705377449	14.769682521469639	13.586650613423544	25.7382303117197
bert_base_uncased	delta	spit	spit	32.0	spat	19.0	pst	41(1a)	To eject saliva as an expression of aversion or contempt.	3.31372549019608	0.0687	0.0	no_cond	0.4081095564375387	22.222942674011787	28.56164841316902	25.392295543590404	0.4081095564375387	22.222942674011787	28.56164841316902	25.392295543590404	42.834365837365496
bert_base_uncased	delta	spit	spit	22.0	spat	11.0	pst	41(1c)	To eject matter (such as salive) from the mouth. To expectorate.	3.66666666666667	0.0555	0.0004	no_cond	0.4233345883452647	22.825087218475993	14.959202895719262	18.89214505709763	0.4233345883452647	22.825087218475993	14.959202895719262	18.89214505709763	37.705340669466445
bert_base_uncased	delta	spit	spit	12.0	spat	34.0	pst	41(4d)	"To emit as if by spitting. Especially to emit (precipitation) in driving particles or in flurries. ""spit rain"""	10.5217391304348	0.0012	0.0002	prob	0.0931396207230332	18.824095020709294	9.443652228969306	14.1338736248393	0.32656724630990547	9.745930038337042	15.437050129740134	12.591490084038588	19.536029205542917
bert_base_uncased	delta	spring	sprung	17.0	sprang	20.0	pst	43(3b)	"To issue by birth or descent. ""sprang from the upper class"""	0.243243243243243	0.6219	0.0	no_cond	0.3611925835841022	9.590739151288146	13.31650619930791	11.453622675298028	0.3611925835841022	9.590739151288146	13.31650619930791	11.453622675298028	20.57343994843173
bert_base_uncased	delta	spring	sprung	34.0	sprang	42.0	pst	43(3c)	"To come into being. To arise. ""Towns sprang up across the plains."""	0.842105263157895	0.3588	0.0	no_cond	0.3745775516658769	18.67116322298387	13.175636896120471	15.923400059552172	0.3745775516658769	18.67116322298387	13.175636896120471	15.923400059552172	26.149518689209067
bert_base_uncased	delta	spring	sprung	10.0	sprang	9.0	pst	43(7a)	"To quickly start working. ""Firefighters are ready to leap/spring/swing into action at a moment's notice."" To become suddenly very active and energetic. ""They sprang into action as soon as they received their orders."" ""The crowd sprang to life after the first goal was scored."""	0.0526315789473684	0.8185	0.0011	no_cond	0.41993144107766933	9.70333305026584	7.791725177331042	8.747529113798441	0.41993144107766933	9.70333305026584	7.791725177331042	8.747529113798441	18.987223225142912
bert_base_uncased	delta	strive	strived	95.0	striven	86.0	ppt	44(1a)	"To devote serious effort or energy to. To endevor. ""strive to finish a project"""	0.447513812154696	0.5035	0.0	no_cond	0.37405263277826406	7.987695698890158	7.689671138188335	7.838683418539246	0.37405263277826406	7.987695698890158	7.689671138188335	7.838683418539246	13.705207016191839
bert_base_uncased	delta	strive	strived	5.0	striven	14.0	ppt	44(2a)	To struggle in opposition. To contend.	4.26315789473684	0.0389	0.0463	prob	0.37659319252349516	6.078193549121631	6.868187739537261	6.473190644329446	0.37659319252349516	6.078193549121631	6.868187739537261	6.473190644329446	11.658418372010345
bert_base_uncased	delta	strive	strived	97.0	strove	82.0	pst	44(1a)	"To devote serious effort or energy to. To endevor. ""strive to finish a project"""	1.25698324022346	0.2622	0.0	no_cond	0.41547168804429735	21.01493187667301	19.3067284017701	20.160830139221556	0.41547168804429735	21.01493187667301	19.3067284017701	20.160830139221556	39.82714421398684
bert_base_uncased	delta	strive	strived	3.0	strove	18.0	pst	44(2a)	To struggle in opposition. To contend.	10.7142857142857	0.0011	0.2317	cat	-0.017711633426956527	28.194074075287517	0.0	14.097037037643759	0.41133131422520386	12.375718853920068	19.06971779020482	15.722718322062445	28.123703416219293
bert_base_uncased	delta	take	took	9.0	taken	10.0	ppt	47(18b)	"To use up (space, time, etc.) ""takes a long time to dry"""	0.0526315789473684	0.8185	0.0011	no_cond	0.2013659371292549	10.354004945030054	5.49174011203403	7.922872528532042	0.2013659371292549	10.354004945030054	5.49174011203403	7.922872528532042	10.468798304107638
bert_base_uncased	delta	take	took	8.0	taken	9.0	ppt	47(24a)	"To remove. ""take eggs from a nest"" To put an end to (life). To remove by death. ""was taken in his prime"" To subtract. ""take two from four"" To exact. ""The weather took its toll."""	0.0588235294117647	0.8084	0.0027	no_cond	0.2404134355904499	26.54310120643157	0.0	13.271550603215784	0.11303283658075983	34.532224098302734	13.332414467734582	23.932319283018657	27.696245501472657
bert_base_uncased	delta	take	took	9.0	taken	26.0	ppt	47(25a)	"To undertake and make, do, or perform. ""take a walk"" ""take aim"" ""take legal action"" ""take a test"" ""take a look"" To participate in. ""take a meeting"""	8.25714285714286	0.0041	0.0022	prob	0.7455239428246312	0.0	8.364853583690834	4.182426791845417	0.04497905883615793	4.136789866071918	17.36245526395708	10.7496225650145	15.142730629182175
bert_base_uncased	delta	take	took	12.0	taken	15.0	ppt	47(29a)	Phrases: take a back seat, take advantage of, take after, take a hike/walk, take care of, take charge of, take for, take into account, take in vain, take no prisoners, take the floor, take to court, take to task, take a chance, take notice of, take pity on, take as, take by surprise, take in, take the trouble to, take over, take down	0.333333333333333	0.5637	0.0001	no_cond	0.17696424786625886	8.79251512037081	10.743693122908146	9.768104121639478	0.17696424786625886	8.79251512037081	10.743693122908146	9.768104121639478	12.600126876412912
bert_base_uncased	delta	take	took	15.0	taken	6.0	ppt	47(8b)	Phrases: take care, take charge, take effect, take five, take hold, take part, take place, take turns, take control, take notice, take for granted, take a toll, take off, take aback	3.85714285714286	0.0495	0.0207	prob	0.6247310078984752	20.37055712476444	0.0	10.18527856238222	0.011856584525198005	33.81607061349994	6.3672655096678925	20.091668061583917	28.132567263084308
bert_base_uncased	delta	take	took	15.0	taken	6.0	ppt	47(9a)	"To get into one's hands or into one's possession, power or control. To seize or capture physically. ""took them as prisoners"" To get possession of (fish or game) by killing or capturing. To acquire by eminent domain."	3.85714285714286	0.0495	0.0207	prob	0.16225214309914074	11.34228999961155	7.928623181619504	9.635456590615528	0.16225214309914074	11.34228999961155	7.928623181619504	9.635456590615528	12.825405271994414
bert_base_uncased	delta	tear	tore	4.0	torn	14.0	ppt	48(4a)	"To divide or disrupt by the pull of contrary forces. ""a mind torn with doubts"""	5.55555555555556	0.0184	0.1039	cat	0.10328394800482382	17.559545381517495	15.181682197614114	16.370613789565805	0.27735050413704854	15.22208961632234	14.161812228939624	14.691950922630982	20.184423708912373
bert_base_uncased	delta	tear	tore	14.0	torn	21.0	ppt	48(5a)	"To remove by force. To wrench. Often used with 'off'. ""tear a cover off a box"""	1.4	0.2367	0.0	no_cond	0.3196885331427562	10.003127627086467	11.294033419848024	10.648580523467245	0.3196885331427562	10.003127627086467	11.294033419848024	10.648580523467245	17.562952198565103
bert_base_uncased	delta	tear	tore	25.0	torn	13.0	ppt	48(7a)	"To damage, remove, or effect an opening in. ""tore up the street to lay a new water main"""	3.78947368421053	0.0516	0.0001	no_cond	0.274403826196937	20.12875900497838	12.698300197887066	16.413529601432725	0.274403826196937	20.12875900497838	12.698300197887066	16.413529601432725	25.817841518283103
bert_base_uncased	delta	throw	throwed	6.0	threw	10.0	pst	46(1a)	Phrases: throw cold water on, throw money at, throw one's weight around, throw to the wolves, throw together	1.0	0.3173	0.0177	no_cond	-0.0009145617478851807	0.0	28.412660746887248	14.206330373443624	0.31551191611919777	19.320430885464663	16.723435821013833	18.02193335323925	28.60275980991243
bert_base_uncased	delta	throw	throwed	9.0	threw	24.0	pst	46(3a)	"To propel through the air by a forward motion of the hand and arm. ""throw a baseball"""	6.81818181818182	0.009	0.0021	prob	0.1715901844719744	30.09013545772622	0.0	15.04506772886311	0.30182947539542815	12.20444261285173	25.21214298076158	18.708292796806656	30.85152989656783
bert_base_uncased	delta	throw	throwed	14.0	threw	4.0	pst	46(5b)	"To drive or impel violently. ""The ship was thrown on a reef."""	5.55555555555556	0.0184	0.1039	cat	0.4365936294701916	11.479301029813309	14.793307064877368	13.136304047345337	0.4365936294701916	11.479301029813309	14.793307064877368	13.136304047345337	22.716071609453234
bert_base_uncased	delta	throw	throwed	16.0	threw	3.0	pst	46(6a)	"To put in a particular position or condition. ""threw her arms around him"" / ""thrown into chaos"" / ""threw him into prison"""	8.89473684210526	0.0029	0.2297	cat	0.3464435399761643	18.164017286384585	13.853510888894588	16.008764087639587	0.3464435399761643	18.164017286384585	13.853510888894588	16.008764087639587	25.479894172207626
bert_base_uncased	delta	tread	trod	16.0	trodden	3.0	ppt	49(1a)	"To move or proceed on or as if on foot. ""must tread lightly"""	8.89473684210526	0.0029	0.2297	cat	0.3835376918949042	16.08393052832731	21.805420288096716	18.944675408212014	0.3835376918949042	16.08393052832731	21.805420288096716	18.944675408212014	25.63078059461829
bert_base_uncased	delta	tread	trod	27.0	trodden	19.0	ppt	49(5a)	"To step or walk on or over. (I used as ""to travel"")"	1.39130434782609	0.2382	0.0	no_cond	0.4237657241655498	14.531329822664693	13.98001432625933	14.255672074462012	0.4237657241655498	14.531329822664693	13.98001432625933	14.255672074462012	29.019718505455867
bert_base_uncased	delta	tread	trod	24.0	trodden	14.0	ppt	49(5b)	"To walk or proceed along. To follow. ""treading a fine line between tradition and innovation"""	2.63157894736842	0.1048	0.0	no_cond	0.40405070326346265	13.840166318748032	14.667129563116905	14.253647940932469	0.40405070326346265	13.840166318748032	14.667129563116905	14.253647940932469	26.978274189749072
bert_base_uncased	delta	tread	trod	23.0	trodden	52.0	ppt	49(7a)	To beat or press with the feet. To trample.	11.2133333333333	0.0008	0.0	prob	0.4370776063013299	14.146215485987796	11.925201356778814	13.035708421383305	0.4370776063013299	11.925201356778814	14.146215485987796	13.035708421383305	26.362073138021984
bert_base_uncased	delta	tread	treaded	26.0	trod	29.0	pst	49(1a)	"To move or proceed on or as if on foot. ""must tread lightly"""	0.163636363636364	0.6858	0.0	no_cond	0.39795419621936334	31.011682057583997	24.493363396902406	27.752522727243203	0.39795419621936334	31.011682057583997	24.493363396902406	27.752522727243203	52.958712361072344
bert_base_uncased	delta	tread	treaded	50.0	trod	6.0	pst	49(4a)	Phrases: tread on one's toes, tread water	34.5714285714286	0.0	0.0271	prob	0.43455815374320483	27.76340805258425	25.926569350897747	26.844988701741	0.43455815374320483	27.76340805258425	25.926569350897747	26.844988701741	39.54993196781995
bert_base_uncased	delta	tread	treaded	3.0	trod	14.0	pst	49(5a)	To step or walk on or over	7.11764705882353	0.0076	0.2273	cat	-0.041477182769985674	42.883617699130305	15.658720154475343	29.271168926802822	0.40212964727881123	15.884392194375636	25.053336650292074	20.468864422333855	39.00564875047602
bert_base_uncased	delta	tread	treaded	5.0	trod	20.0	pst	49(5b)	"To walk or proceed along. To follow. ""treading a fine line between tradition and innovation"""	9.0	0.0027	0.0502	cat	0.3721874656259099	20.1376363220774	23.887906078500727	22.012771200289066	0.3721874656259099	20.1376363220774	23.887906078500727	22.012771200289066	36.35148761267052
bert_base_uncased	delta	wake	woke	45.0	woken	33.0	ppt	52(2a)	"To awake. To wake up. ""They woke early."""	1.84615384615385	0.1742	0.0	no_cond	0.3759060175454238	19.985723544194716	6.902546864492477	13.444135204343596	0.3873457775180313	10.137014166499332	20.98339107904545	15.56020262277239	21.97953102499854
bert_base_uncased	delta	wake	woke	8.0	woken	21.0	ppt	52(3a)	Intransitive 4c.	5.82758620689655	0.0158	0.0045	prob	0.4178770592755664	7.722195233694283	6.916722404917678	7.31945881930598	0.4178770592755664	6.916722404917678	7.722195233694283	7.31945881930598	14.021580297993758
bert_base_uncased	delta	wake	woke	42.0	woken	33.0	ppt	52(5a)	"To rouse from or as if from sleep. To awake. To wake up. ""Something woke her in the middle of the night."""	1.08	0.2987	0.0	no_cond	0.38305640854622225	8.875521251377641	10.265418709234979	9.57046998030631	0.38305640854622225	8.875521251377641	10.265418709234979	9.57046998030631	17.218005436734373
bert_base_uncased	delta	wear	wore	27.0	worn	39.0	ppt	53(5a)	"To bear or have on the person. ""wore a coat"""	2.18181818181818	0.1396	0.0	no_cond	0.22290554026976753	7.660947088839105	20.604033930362977	14.132490509601041	0.22290554026976753	7.660947088839105	20.604033930362977	14.132490509601041	19.404506772377715
bert_base_uncased	delta	weave	weaved	8.0	woven	7.0	ppt	50(5a)	To form (cloth) by interlacing strands (as of yarn).	0.0666666666666667	0.7963	0.0063	no_cond	0.4435397053854275	18.482622875441223	18.061784226449017	18.27220355094512	0.4435397053854275	18.482622875441223	18.061784226449017	18.27220355094512	43.202011688516635
bert_base_uncased	delta	weave	weaved	7.0	woven	17.0	ppt	50(5b)	To interlace (threads) into cloth.	4.16666666666667	0.0412	0.0094	prob	0.4632517301878574	17.03110449826671	17.317210762763597	17.174157630515154	0.4632517301878574	17.03110449826671	17.317210762763597	17.174157630515154	37.60687610840919
bert_base_uncased	delta	weave	weaved	7.0	woven	9.0	ppt	50(8a)	To produce by elaborately combining elements. To contrive.	0.25	0.6171	0.0068	no_cond	0.47172274628143246	14.559165425323474	14.494588877352566	14.52687715133802	0.47172274628143246	14.559165425323474	14.494588877352566	14.52687715133802	37.07251690130128
bert_base_uncased	delta	weave	weaved	18.0	woven	20.0	ppt	50(8c)	To introduce as an appopriate element. To work in. Usually used with in or into.	0.105263157894737	0.7456	0.0	no_cond	0.49519568762006555	15.697274982151075	14.332598866770974	15.014936924461026	0.49519568762006555	15.697274982151075	14.332598866770974	15.014936924461026	38.11297352822766
bert_base_uncased	delta	weave	weaved	65.0	wove	16.0	pst	50(3a)	To move in a devious, winding, or zigzag course especially to avoid obstacles.	29.641975308642	0.0	0.0	prob	0.4357114422552366	25.805284487958573	24.16014216010985	24.98271332403421	0.4357114422552366	25.805284487958573	24.16014216010985	24.98271332403421	43.52659219952807
bert_base_uncased	delta	weave	weaved	11.0	wove	12.0	pst	50(8a)	To produce by elaborately combining elements. To contrive.	0.0434782608695652	0.8348	0.0002	no_cond	0.4321498018261199	26.49893761466658	23.230230361017657	24.864583987842117	0.4321498018261199	26.49893761466658	23.230230361017657	24.864583987842117	54.50446874820308
bert_base_uncased	delta	weave	weaved	6.0	wove	15.0	pst	50(8b)	To unite in a coherent whole.	3.85714285714286	0.0495	0.0207	prob	-0.12112955078015464	0.0	44.10188103254019	22.050940516270096	0.44864451837136476	18.859621412888746	21.5418919065308	20.200756659709775	43.34155448102201
bert_base_uncased	delta	weave	weaved	5.0	wove	23.0	pst	50(8c)	To introduce as an appopriate element. To work in. Usually used with in or into.	11.5714285714286	0.0007	0.0515	cat	0.04778847778313115	0.0	39.22517754437155	19.612588772185774	0.46094308259306216	22.78246324293845	21.9451822710119	22.363822756975175	39.60161465335976
bert_base_uncased	delta	wet	wetted	30.0	wet	14.0	pst	51(4a)	To make wet.	5.81818181818182	0.0159	0.0	prob	0.3726471095286861	20.490429125856043	24.02900494911726	22.259717037486652	0.3726471095286861	20.490429125856043	24.02900494911726	22.259717037486652	36.590268796897185
bert_base_uncased	delta	wet	wetted	6.0	wet	24.0	pst	51(5a)	"To urinate in or on. ""wet his pants"""	10.8	0.001	0.0237	prob	0.41640786086008436	21.762351179027352	44.1126805844972	32.93751588176227	0.42430882678818765	21.415188046333682	27.137500031503677	24.27634403891868	43.54424952563851
bert_base_uncased	delta	write	wrote	70.0	written	75.0	ppt	54(5b)	"To be the author of. To compose. ""writes poems and essays"" To compose in musical form. ""write a string quartet"""	0.172413793103448	0.678	0.0	no_cond	0.28094544680209727	9.329659905390882	10.740652358135835	10.035156131763358	0.28094544680209727	9.329659905390882	10.740652358135835	10.035156131763358	14.145035284983626
bert_base_uncased	delta	write	wrote	21.0	written	7.0	ppt	54(6a)	To make a permanent impression of.	7.0	0.0082	0.0102	prob	0.3316181824858889	11.478667849368918	18.74407830336998	15.11137307636945	0.3316181824858889	11.478667849368918	18.74407830336998	15.11137307636945	19.162243929556478
bert_base_uncased	orig	begin	began	16.0	begun	20.0	ppt	2(1a)	"To do the first part of an action. To go into the first part of a process. To start. ""Began by introducing herself"" ""will have to begin again"""	0.444444444444444	0.505	0.0	no_cond	0.01587235674554817	58.068525592488925	75.59234605251785	66.83043582250339	0.02172345238979155	77.9102133861366	67.45144907103003	72.68083122858332	75.53663348978765
bert_base_uncased	orig	begin	began	76.0	begun	64.0	ppt	2(4a)	"To set about the activity of. To start. ""They began the lecture at 10:00."" ""have already begun construction"""	1.02857142857143	0.3105	0.0	no_cond	0.08273584374419814	80.57724893544169	76.8047016878733	78.6909753116575	0.0175775280360424	83.17798406203524	76.92775067527435	80.0528673686548	82.40151728935184
bert_base_uncased	orig	begin	began	8.0	begun	14.0	ppt	2(5a)	"To bring into being. To found. ""credited with beginning the movement"" ""In 1819, he married the daughter of É chief and began a dynasty that would last for nearly 200 years."""	1.63636363636364	0.2008	0.0036	no_cond	0.09467883613931857	49.1896380396338	78.80479822068756	63.997218130160675	0.008660126580978672	68.36872936274705	82.43776190850313	75.4032456356251	82.49323097730245
bert_base_uncased	orig	bid	bidden	1.0	bid	41.0	ppt	3(3a)	"To offer (a price) whether for payment or acceptance. ""The contractor bid $10,000 less than his nearest competitor."""	38.0952380952381	0.0	1.0	cat	0.0771051508341235	65.31169910013942	53.80197184909128	59.556835474615355	0.026992893563334706	0.0	67.99760603806672	33.99880301903336	68.23557076790478
bert_base_uncased	orig	bid	bidden	57.0	bid	25.0	ppt	3(4a)	"To issue an order to. To tell. ""did as I was bid"""	12.4878048780488	0.0004	0.0	prob	0.15387196121056293	58.340693464853636	72.99273286697377	65.6667131659137	0.15387196121056293	58.340693464853636	72.99273286697377	65.6667131659137	72.61533195798337
bert_base_uncased	orig	bid	bidden	17.0	bid	0.0	ppt	3(4b)	"To request to come. To invite. ""were bidden to the wedding"""	17.0	0.0	1.0	cat	0.11888199035950166	47.87238214232169	0.0	23.936191071160845		49.737331882721385			49.737331882721385
bert_base_uncased	orig	bid	bidden	10.0	bid	10.0	ppt	3(5a)	"To give expression to. ""bade a tearful farewell"""	0.0	1.0	0.0004	no_cond	0.1155659703039266	47.15636394742569	59.889864429645115	53.5231141885354	0.1155659703039266	47.15636394742569	59.889864429645115	53.5231141885354	64.53691563206972
bert_base_uncased	orig	bid	bid	16.0	bade	0.0	pst	3(3a)	"To offer (a price) whether for payment or acceptance. ""The contractor bid $10,000 less than his nearest competitor."""	16.0	0.0001	1.0	cat	0.09845376343861328	55.71252988837912	61.68971795326205	58.701123920820585		71.43164067129243			71.43164067129243
bert_base_uncased	orig	bid	bid	25.0	bade	67.0	pst	3(4a)	"To issue an order to. To tell. ""did as I was bid"""	19.1739130434783	0.0	0.0	prob	0.2267985730429716	55.35516748623736	69.10625658561239	62.230712035924874	0.22825670899588293	66.72836701653847	56.42168414721616	61.57502558187731	74.52628564932549
bert_base_uncased	orig	bid	bid	33.0	bade	27.0	pst	3(5a)	"To give expression to. ""bade a tearful farewell"""	0.6	0.4386	0.0	no_cond	0.18649904243681265	71.42869640395975	57.19725181725812	64.31297411060893	0.18299882022513353	74.96183189910717	53.012360950437134	63.98709642477215	82.31591411887517
bert_base_uncased	orig	break	broke	19.0	broken	7.0	ppt	4(10b)	"To become inoperative because of damage, wear, or strain. ""The pump broke."""	5.53846153846154	0.0186	0.0098	prob	0.19645014067476183	62.97513973796702	43.30156037306508	53.13835005551605	0.07218246698455774	64.70865084047146	75.1230923056933	69.91587157308238	73.51343660584133
bert_base_uncased	orig	break	broke	9.0	broken	14.0	ppt	4(17a)	"To separate into parts with suddenness or violence. ""broke the plate"" ""Break the chocolate bar in half."""	1.08695652173913	0.2971	0.0015	no_cond	0.10107864777119438	0.0	71.69387549750596	35.84693774875298	0.03765010483148817	74.78729549889142	63.769283184636166	69.2782893417638	73.33759367057817
bert_base_uncased	orig	break	broke	5.0	broken	20.0	ppt	4(18a)	"To violate. To transgress. ""break the law"" ""break a promise"" ""breaking conventions"""	9.0	0.0027	0.0502	cat	0.07617479875019303	62.70211159909592	58.91315265287978	60.80763212598785	-0.003525803862712237	58.758811666329485	68.43765918826581	63.59823542729765	69.12643116911127
bert_base_uncased	orig	break	broke	7.0	broken	13.0	ppt	4(26a)	"To split into smaller units, parts, or processes. To divide. ""break the grammar lesson into digestible chunks."" ""break a word at the end of a line"""	1.8	0.1797	0.0083	no_cond	0.06437083573012387	63.719898920248966	73.99023889554176	68.85506890789537	0.06821013097518289	63.837774808434496	73.25723663122803	68.54750571983126	79.51991150235179
bert_base_uncased	orig	break	broke	9.0	broken	6.0	ppt	4(29a)	"To exceed. To surpass. ""break the record"""	0.6	0.4386	0.0169	no_cond	0.09019885581226629	55.203112021314794	57.574631825050865	56.38887192318283	0.0247447263473471	60.12451657223335	59.54376768420358	59.83414212821846	65.93057107990086
bert_base_uncased	orig	break	broke	9.0	broken	8.0	ppt	4(7a)	"To end a relationship, connection, or agreement; usually used with with or from. ""break with tradition"" ""broke with the leadership"""	0.0588235294117647	0.8084	0.0027	no_cond	0.1272492354347845	59.16318746251768	75.5825101386922	67.37284880060494	0.02582213018343408	77.94543720584154	80.18981143782577	79.06762432183365	86.65251208079314
bert_base_uncased	orig	bring	brung	34.0	brought	31.0	pst	5(3a)	"To convey, lead, carry, or cause to come along with one toward the place from which the action is being regarded. ""brought a bottle of wine to the party"""	0.138461538461538	0.7098	0.0	no_cond	0.23909352445423684	48.10147930994908	87.17439344769102	67.63793637882004	0.23909352445423684	48.10147930994908	87.17439344769102	67.63793637882004	92.85724473734977
bert_base_uncased	orig	bring	brung	55.0	brought	14.0	pst	5(3e)	"(Dialect) To escort. To accompany. ""May I bring you home?"""	24.3623188405797	0.0	0.0001	prob	0.31828262314762557	50.039454205727125	89.9304130621398	69.98493363393347	0.31828262314762557	50.039454205727125	89.9304130621398	69.98493363393347	77.13591641154567
bert_base_uncased	orig	bring	brung	8.0	brought	39.0	pst	5(4a)	"To cause to exist or occur. Such as: To be the occasion of. ""Winter brings snow."" To result in. ""The drug brought immediate relief."" ""brought tears to her eyes"" To institute. ""bring legal action"" To adduce. ""bring an argument"""	20.4468085106383	0.0	0.0056	prob	0.04264565331759939	87.01245300107401	102.5281458488441	94.77029942495906	0.1071320737553107	55.78718627846198	99.07663580552689	77.43191104199444	103.17104871206247
bert_base_uncased	orig	bring	brung	3.0	brought	16.0	pst	5(7a)	Phrases: bring forth, bring forward, bring home, bring to account, bring to bear, bring to book, bring to light, bring to mind, bring to terms	8.89473684210526	0.0029	0.2297	cat	0.15538652822845986	96.25187914244103	40.67702954611045	68.46445434427574	0.11034620587784226	39.09849687896061	100.03797942069433	69.56823814982747	104.594464386028
bert_base_uncased	orig	burn	burnt	12.0	burned	18.0	ppt	6(10b)	"To subject to misfortune, mistreatment, or deception. Often used in passive. ""has been burned in love"""	1.2	0.2733	0.0001	no_cond	0.09835256861790263	50.70321004413428	45.82847148619651	48.26584076516539	0.1093175011890136	48.91669676887568	46.98395854892634	47.95032765890101	55.78847725350953
bert_base_uncased	orig	burn	burnt	47.0	burned	39.0	ppt	6(7a)	"To cause to undergo combustion. Especially, to destroy by fire. ""burned the trash"""	0.744186046511628	0.3883	0.0	no_cond	0.05248501645016098	64.90696236718681	64.73322213572654	64.82009225145667	0.03285151387326527	67.65684103376742	64.28907176861468	65.97295640119106	69.28097296978555
bert_base_uncased	orig	burn	burnt	15.0	burned	6.0	ppt	6(7b)	"To use as fuel. ""This furnace burns gas"""	3.85714285714286	0.0495	0.0207	prob	0.008611755614928437	30.589310956557426	46.3603834027385	38.474847179647966	0.07613791643697294	42.25709087420248	39.920942073454775	41.08901647382863	46.75070961520317
bert_base_uncased	orig	burn	burnt	5.0	burned	11.0	ppt	6(9a)	"To injure or damage by or as if by exposure to fire, heat, or radiation. To scorch. ""burned his hand"""	2.25	0.1336	0.0434	no_cond	0.07824964642340376	44.7190459268932	52.03868659708705	48.378866261990126	0.09659217850786252	45.41427266740678	50.3819163677136	47.89809451756019	57.69646479939053
bert_base_uncased	orig	burn	burnt	6.0	burned	12.0	pst	6(3a)	"To undergo alteration or destruction by the action of fire or heat. ""The house burned down."" ""The potatoes burned to a crisp."""	2.0	0.1573	0.0191	no_cond	0.1425906924198064	50.55598438573679	54.01360571719136	52.28479505146407	0.02622342556761305	54.59043618574511	63.36067827162358	58.975557228684345	65.8328454366293
bert_base_uncased	orig	burn	burnt	39.0	burned	50.0	pst	6(7a)	"To cause to undergo combustion. Especially, to destroy by fire. ""burned the trash"""	1.35955056179775	0.2436	0.0	no_cond	0.06094704260695386	59.85206538838426	66.45320659475368	63.15263599156897	0.034496736018700465	62.439505505933035	68.7612071428542	65.60035632439362	69.2054658747378
bert_base_uncased	orig	burn	burnt	20.0	burned	3.0	pst	6(9a)	"To injure or damage by or as if by exposure to fire, heat, or radiation. To scorch. ""burned his hand"""	12.5652173913043	0.0004	0.2333	cat	0.06294361066337796	58.58205889104282	51.13151993638045	54.85678941371164	0.10818269137991195	56.950814986485476	59.543015879151255	58.24691543281837	62.120176596626195
bert_base_uncased	orig	creep	creeped	3.0	crept	25.0	ppt	7(2a)	"To go very slowly. ""The hours crept by."""	17.2857142857143	0.0	0.2364	cat	0.1275218821718853	52.90028629826833	64.18581440480757	58.54305035153795	0.005686723322102404	28.862643864530515	69.0333909061187	48.948017385324604	68.66009393484934
bert_base_uncased	orig	creep	creeped	10.0	crept	63.0	ppt	7(2c)	"To enter or advance gradually so as to be almost unnoticed. ""Age creeps up on us."" ""A note of irritation crept into her voice."""	38.4794520547945	0.0	0.0014	prob	0.16625915072705016	0.0	60.712774486353915	30.356387243176957	0.13261479930203388	62.856752589180175	56.165267980389864	59.511010284785016	61.43265744227563
bert_base_uncased	orig	creep	creeped	72.0	crept	0.0	ppt	7(6a)	"To cause (someone) to have an uncomfortable feeling of nervousness or hear. To give (someone) the creeps. ""That guy really creeps me out."" ""I felt creeped out being alone in the office at night."""	72.0	0.0	1.0	cat	0.04662054399927263	61.27208844172477	45.4371414937208	53.35461496772278		58.96469632329922			58.96469632329922
bert_base_uncased	orig	creep	creeped	2.0	crept	32.0	pst	7(2a)	"To go very slowly. ""The hours crept by."""	26.4705882352941	0.0	0.4925	cat	0.07471009115207117	84.12363895996653	38.7295959000512	61.42661743000886	0.01642506278951141	39.93850720411825	85.64868722866493	62.79359721639159	86.02676174078664
bert_base_uncased	orig	creep	creeped	4.0	crept	32.0	pst	7(2b)	"To go timidly or cautiously so as to escape notice. ""She crept away from the festive scene."""	21.7777777777778	0.0	0.1145	cat	0.08889276573372991	48.52882375625294	82.23149400627702	65.38015888126498	0.041106670090237864	57.46624653926569	83.16291422010764	70.31458037968666	84.71751893900391
bert_base_uncased	orig	creep	creeped	6.0	crept	36.0	pst	7(2c)	"To enter or advance gradually so as to be almost unnoticed. ""Age creeps up on us."" ""A note of irritation crept into her voice."""	21.4285714285714	0.0	0.0258	prob	0.03733827724518542	74.21784909061786	71.61678479726669	72.91731694394227	0.07002037518444688	76.08373821288181	73.67597338984348	74.87985580136265	77.70656353894927
bert_base_uncased	orig	creep	creeped	81.0	crept	0.0	pst	7(6a)	"To cause (someone) to have an uncomfortable feeling of nervousness or hear. To give (someone) the creeps. ""That guy really creeps me out."" ""I felt creeped out being alone in the office at night."""	81.0	0.0	1.0	cat	0.08228502811459196	54.10864423135139	53.98725271395626	54.04794847265383		59.593116480185905			59.593116480185905
bert_base_uncased	orig	disprove	disproven	100.0	disproved	100.0	ppt	8(1a)	"To prove to be false or wrong. To refute. ""disprove a theory"""	0.0	1.0	0.0	no_cond	0.055017151858545145	39.17994593558452	45.751483282395235	42.46571460898988	0.0668084876189384	38.61574689182986	45.26272213977612	41.939234515802994	45.17683676865763
bert_base_uncased	orig	dive	dived	28.0	dove	15.0	pst	9(1a)	To plunge into water intentionally	3.93023255813953	0.0474	0.0	prob	0.08377881846186676	70.30279772319281	71.85922418202651	71.08101095260966	0.08865632003557587	69.99109446576792	72.23843195027146	71.1147632080197	79.23969396926269
bert_base_uncased	orig	dive	dived	25.0	dove	49.0	pst	9(3a)	To plunge into some matter or activity	7.78378378378378	0.0053	0.0	prob	0.039205022123692194	60.16850586124352	80.64562312287032	70.40706449205692	0.07540995805096103	72.22927330750858	76.1484499167588	74.18886161213369	81.69144288582535
bert_base_uncased	orig	dive	dived	34.0	dove	33.0	pst	9(3b)	To plunge or dash for some place, expecially to seize something	0.0149253731343284	0.9028	0.0	no_cond	0.07803551753568172	81.34775326132565	72.89034433929648	77.11904880031106	0.07444063162185169	81.59932147687978	72.87136587455048	77.23534367571513	85.08709676821609
bert_base_uncased	orig	dream	dreamt	59.0	dreamed	53.0	ppt	11(2a)	"To indulge in daydreams or fantasies. ""dreaming of a better future"""	0.321428571428571	0.5708	0.0	no_cond	0.11866626741993973	54.191501828392276	54.588797438382635	54.39014963338745	0.1192048064677279	53.47971787973041	55.331538764765135	54.40562832224777	62.585356663385575
bert_base_uncased	orig	dream	dreamt	20.0	dreamed	28.0	ppt	11(5a)	"To consider as a possibility. To imagine. ""never dreamed I would become a teacher"""	1.33333333333333	0.2482	0.0	no_cond	0.1105711238101732	51.44676722423458	55.57838267198084	53.51257494810771	0.11141173512170621	50.45852648142978	56.20101941742904	53.32977294942941	62.124708180282035
bert_base_uncased	orig	dream	dreamt	7.0	dreamed	15.0	ppt	11(8a)	"To come up with the idea for. Often, the phrase ""dream up""."	2.90909090909091	0.0881	0.0089	no_cond	0.039199424702377125	59.91870361277469	62.1166325679812	61.017668090377946	0.06915310840765121	40.79762586970832	62.87268861356138	51.835157241634846	63.603014522381756
bert_base_uncased	orig	dream	dreamt	25.0	dreamed	44.0	pst	11(2a)	"To indulge in daydreams or fantasies. ""dreaming of a better future"""	5.23188405797101	0.0222	0.0	prob	0.06741389107119654	60.04689750148061	68.08400786696507	64.06545268422283	0.08280136465110081	59.400019632688696	67.0144514371685	63.2072355349286	71.17651155080043
bert_base_uncased	orig	dream	dreamt	56.0	dreamed	15.0	pst	11(4a)	"To have a dream of. ""dreamt that he was running in the woods"""	23.6760563380282	0.0	0.0	prob	0.12979662964640903	58.76350521290063	54.2365780234203	56.500041618160466	0.13075181267901764	55.501618685756576	62.440868954055794	58.971243819906185	63.14688696119621
bert_base_uncased	orig	dream	dreamt	6.0	dreamed	20.0	pst	11(5a)	"To consider as a possibility. To imagine. ""never dreamed I would become a teacher"""	7.53846153846154	0.006	0.0226	prob	0.13662998823497402	46.933153946884474	57.17222931747151	52.052691632177996	0.1579450044875227	38.491560774513594	49.52634254730352	44.00895166090856	56.233398522604794
bert_base_uncased	orig	dream	dreamt	7.0	dreamed	20.0	pst	11(8a)	"To come up with the idea for. Often, the phrase ""dream up""."	6.25925925925926	0.0124	0.01	prob	0.04043015761849346	59.84158123283408	64.00758710837475	61.92458417060442	0.04121379408102513	47.17554240037761	66.15462943101528	56.665085915696444	66.88669726368236
bert_base_uncased	orig	drink	drank	17.0	drunk	11.0	ppt	10(2a)	"To partake of alcoholic beverages. ""has quit drinking"""	1.28571428571429	0.2568	0.0003	no_cond	0.20255750406794068	53.62687550367802	45.380738772178454	49.503807137928234	0.12593749540948626	41.5910375016391	67.31027065709178	54.450654079365435	60.15892604433829
bert_base_uncased	orig	drink	drank	59.0	drunk	45.0	ppt	10(4a)	"To swallow. To imbibe. ""drink a glass of water"""	1.88461538461538	0.1698	0.0	no_cond	0.06159169712335976	59.3426156831345	67.01447241707713	63.17854405010581	0.04891240852272016	57.24451732154875	69.18871127524845	63.216614298398596	65.72522815199234
bert_base_uncased	orig	drink	drank	17.0	drunk	34.0	ppt	10(7a)	Phrase: drink the Kool-Aid	5.66666666666667	0.0173	0.0	prob	0.12022603571268851	0.0	39.56090219308556	19.78045109654278	0.0828438983942631	34.92148688938382	36.77517083300986	35.84832886119684	40.03324220067588
bert_base_uncased	orig	drive	drove	0.0	driven	25.0	ppt	12(11a)	"To give shape or impulse to. ""factors that drive the business cycle"" ""the ideas that have driven history"""	25.0	0.0	1.0	cat	0.12352114019162301	39.05624202016351	53.82652146201695	46.441381741090225			56.00712871165954		56.00712871165954
bert_base_uncased	orig	drive	drove	27.0	driven	4.0	ppt	12(2a)	"To operate a vehicle. ""learned to drive at the age of seventeen"""	17.0645161290323	0.0	0.1128	cat	0.04830606927492987	42.19303055557169	66.99987393102019	54.59645224329594	0.08938254643672904	63.42075637034923	54.05288141304287	58.736818891696046	67.1812287524403
bert_base_uncased	orig	drive	drove	12.0	driven	3.0	ppt	12(7b)	"To operate the mechanism and controls and direct the course of (a vehicle). ""drive a car"""	5.4	0.0201	0.2241	cat	0.14322187169864012	50.2211651419144	37.4975050668659	43.85933510439015	0.012016122872198139	56.36205026022136	24.17423233905942	40.26814129964039	55.53215923650055
bert_base_uncased	orig	drive	drove	0.0	driven	24.0	ppt	12(8a)	"To exert inescapable or coescive pressure on. To force. ""driven by his passions"""	24.0	0.0	1.0	cat	0.09520648165419665	67.60907271691981	27.513684004551564	47.56137836073569			70.02491299392481		70.02491299392481
bert_base_uncased	orig	eat	ate	22.0	eaten	8.0	ppt	1(1a)	To take food or a meal.	6.53333333333333	0.0106	0.0046	prob	0.10133425158335768	38.88355132133276	52.43033727092303	45.6569442961279	0.07412941174011306	44.37761946599379	45.03362780744975	44.70562363672177	48.88332738564618
bert_base_uncased	orig	eat	ate	61.0	eaten	81.0	ppt	1(3a)	To take in through the mouth as food. To ingest, chew, and swallow in turn.	2.8169014084507	0.0933	0.0	no_cond	0.09461310904300829	50.05205122669434	63.14767345075692	56.59986233872563	0.03917973627422346	55.73561247698542	63.44762500862216	59.59161874280379	63.05345434422198
bert_base_uncased	orig	fall	fell	10.0	fallen	21.0	ppt	13(12a)	Phrases: fall apart, fall behind, fall between two stools, fall flat, fall for, fall from grace, fall home, fall into line, fall on, fall on one's face, fall on one's sword, fall short	3.90322580645161	0.0482	0.0008	prob	0.11022193161388792	72.94865432457686	84.2109964738309	78.57982539920388	0.05564115355488009	92.61534079862608	79.44057834717461	86.02795957290034	90.18790495948176
bert_base_uncased	orig	fall	fell	40.0	fallen	11.0	ppt	13(1a)	"To descend freely by the force of gravity. ""The apple fell from the tree."""	16.4901960784314	0.0	0.0005	prob	0.07829234214111305	76.11380849076629	75.39779491954758	75.75580170515693	0.04162583643045001	81.06331883985312	75.32492805342486	78.194123446639	84.09853691646481
bert_base_uncased	orig	fall	fell	4.0	fallen	30.0	ppt	13(6c)	"To decline in quality, activity, or quantity. ""Production fell off."""	19.8823529411765	0.0	0.1139	cat	0.057585330513909516	70.50196861262626	40.0446980799968	55.27333334631153	0.09794811952919258	57.73984332928998	60.965038754495666	59.352441041892824	64.59431082947968
bert_base_uncased	orig	fall	fell	30.0	fallen	5.0	ppt	13(9a)	"To pass suddenly and passively into a state or body of mind or a new state or condition. ""fall asleep"" / ""fall in love"""	17.8571428571429	0.0	0.0536	cat	0.18548218850671885	74.04578961775316	77.82526354491216	75.93552658133265	0.006976597168480716	94.25734284811251	71.8234315817498	83.04038721493116	94.8579659953814
bert_base_uncased	orig	fly	flied	2.0	flew	16.0	pst	14(1a)	"To move in or pass through the air with wings. ""bees flying around the hive"""	10.8888888888889	0.001	0.4857	cat	0.08533171837027231	52.475826283519915	71.37348154862867	61.92465391607429	0.24330364857432804	3.7125958662654033	67.22462683427347	35.468611350269434	74.26216877962543
bert_base_uncased	orig	fly	flied	0.0	flew	52.0	pst	14(5a)	"To operate or travel in an airplane or spacecraft. ""They flew to Florida for their vacation."""	52.0	0.0	1.0	cat	0.08552386381601766	56.5551101624651	63.83783521824847	60.196472690356785			66.05639008678524		66.05639008678524
bert_base_uncased	orig	fly	flied	96.0	flew	7.0	pst	14(7a)	To hit a fly in baseball.	76.9029126213592	0.0	0.0141	prob	0.31986437386306676	61.872741894382855	28.8008447991528	45.33679334676783	0.3471897501969664	34.11094909145552	40.30414573955891	37.207547415507214	39.556260305806525
bert_base_uncased	orig	forget	forgot	41.0	forgotten	49.0	ppt	15(3a)	"To lose the remembrance of. To be unable to think of or recall. ""I forgot his name."""	0.711111111111111	0.3991	0.0	no_cond	0.06413875266295549	64.22989767059727	62.342057513051614	63.28597759182444	0.03862140420871219	66.13959944937189	61.29596280693118	63.71778112815153	66.70805710649617
bert_base_uncased	orig	forget	forgot	28.0	forgotten	39.0	ppt	15(4a)	"To treat with inattention or disregard. ""forgot their old friends"" ""He's now a forgotten hero."""	1.80597014925373	0.179	0.0	no_cond	0.10410061566135959	65.87340045688818	55.585698731022994	60.72954959395558	0.03476415155046015	65.9419464022597	64.8154605975035	65.3787034998816	68.48079337190933
bert_base_uncased	orig	forget	forgot	16.0	forgotten	11.0	ppt	15(5a)	"To disregard intentionally. To overlook. Usually used in the imperative. ""I shouldn't have said that, so just forget it."""	0.925925925925926	0.3359	0.0003	no_cond	0.1354970678609301	64.64365253711048	56.17242751818551	60.408040027648	0.034158218341711476	64.83552325716776	52.210856129366746	58.523189693267256	64.76343927923864
bert_base_uncased	orig	hang	hanged	1.0	hung	15.0	ppt	16(12a)	"(Informal) To pass time idly or in relaxing or socializing. To hang around. To hang out. ""hanging with friends"" ""hanging at the beach"""	12.25	0.0005	1.0	cat	0.09224749928894681	84.51484402561518	35.39341603157502	59.9541300285951	0.03623886337562581	0.0	87.33548517821575	43.667742589107874	88.41732313528996
bert_base_uncased	orig	hang	hanged	0.0	hung	20.0	ppt	16(14a)	Phrases: hang fire, hang it up, hang loose, hang one on, hang out to dry, hang one's hat (on), hang ten, hang tough	20.0	0.0	1.0	cat	0.09655685806672895	81.59726882121423	65.33422086549564	73.46574484335494			84.06311271969287		84.06311271969287
bert_base_uncased	orig	hang	hanged	1.0	hung	30.0	ppt	16(15a)	"To fasten to some elevated point without support from below. To suspend. ""hang a picture on the wall"""	27.1290322580645	0.0	1.0	cat	0.0867956897346784	31.06703311657925	69.88765450289002	50.477343809734634	0.04741937205280422	0.0	71.55139774364946	35.77569887182473	72.14692517398943
bert_base_uncased	orig	hang	hanged	98.0	hung	26.0	ppt	16(15b)	"To suspend by the neck until dead; often hanged in the past; often used as a mild oath. ""I'll be hanged"""	41.8064516129032	0.0	0.0	prob	0.13827686358625665	53.73320277052383	59.064429435981594	56.39881610325271	0.13827686358625665	53.73320277052383	59.064429435981594	56.39881610325271	60.673578662067385
bert_base_uncased	orig	hang	hanged	4.0	hung	27.0	pst	16(12a)	"(Informal) To pass time idly or in relaxing or socializing. To hang around. To hang out. ""hanging with friends"" ""hanging at the beach"""	17.0645161290323	0.0	0.1128	cat	0.09634917854215325	79.7186042902646	79.19125002719773	79.45492715873115	0.07365804527852048	67.57933866477592	88.11843844509333	77.84888855493463	91.70874109357672
bert_base_uncased	orig	hang	hanged	0.0	hung	22.0	pst	16(14a)	Phrases: hang fire, hang it up, hang loose, hang one on, hang out to dry, hang one's hat (on), hang ten, hang tough	22.0	0.0	1.0	cat	0.1651275911275157	57.26193587590856	82.38947609762116	69.82570598676486			84.57367048945545		84.57367048945545
bert_base_uncased	orig	hang	hanged	1.0	hung	20.0	pst	16(15a)	"To fasten to some elevated point without support from below. To suspend. ""hang a picture on the wall"""	17.1904761904762	0.0	1.0	cat	0.05218409082582547	73.06846885122872	82.3409589781945	77.7047139147116	0.07342166207148403	0.0	86.15874134657277	43.079370673286384	87.67505859924195
bert_base_uncased	orig	hang	hanged	94.0	hung	3.0	pst	16(15b)	"To suspend by the neck until dead; often hanged in the past; often used as a mild oath. ""I'll be hanged"""	85.3711340206186	0.0	0.2461	cat	0.15219935040649366	52.19695345599242	46.654877673427976	49.425915564710195	0.11038134810862572	59.00937896450129	50.27963489263945	54.644506928570365	59.99749341987609
bert_base_uncased	orig	heave	hove	10.0	heaved	7.0	pst	17(2c)	"To move in an indicated way. (Past tense usually 'hove') ""The ship hove into view."""	0.529411764705882	0.4669	0.0072	no_cond	0.2507602995152207	67.63526562544965	66.98616828139959	67.31071695342462	0.2507602995152207	67.63526562544965	66.98616828139959	67.31071695342462	99.79679566604116
bert_base_uncased	orig	heave	hove	36.0	heaved	0.0	pst	17(2d)	Phrase: heave into view, heave into sight.	36.0	0.0	1.0	cat	0.02820238587250813	63.146329947267304	45.162471715403335	54.15440083133532		58.76028288396945			58.76028288396945
bert_base_uncased	orig	heave	hove	5.0	heaved	12.0	pst	17(8a)	"To throw. To cast. ""heaved her books on the floor"""	2.88235294117647	0.0896	0.0445	no_cond	0.1503817676745164	84.91538219826097	60.56062240897817	72.73800230361957	0.1793413407928076	54.99838091298409	76.87430499736034	65.93634295517222	91.19022782977535
bert_base_uncased	orig	heave	hove	0.0	heaved	22.0	pst	17(9a)	"To utter with obvious effort or with a deep breath. ""heaved a sigh of relief"""	22.0	0.0	1.0	cat	0.1480951910640298	66.39711649415635	62.66535828885598	64.53123739150617			77.82858764868985		77.82858764868985
bert_base_uncased	orig	kneel	kneeled	40.0	knelt	50.0	pst	18(1a)	"To position the body so that one or both knees rest on the floor. ""The prisoners were ordered to kneel."""	1.11111111111111	0.2918	0.0	no_cond	0.09697578970644874	63.010123155969026	61.275431169535956	62.142777162752495	0.09697578970644874	63.010123155969026	61.275431169535956	62.142777162752495	69.62240538110618
bert_base_uncased	orig	kneel	kneeled	60.0	knelt	50.0	pst	18(2a)	"To fall or rest on the knees. ""She kneeled on the floor next to the child."""	0.909090909090909	0.3404	0.0	no_cond	0.10344130228644903	63.76796260548542	61.34301258466625	62.55548759507583	0.10344130228644903	63.76796260548542	61.34301258466625	62.55548759507583	70.77064134035977
bert_base_uncased	orig	knit	knitted	67.0	knit	43.0	ppt	19(3a)	To form by interlacing yarn or thread in a series of connected loops with needles	5.23636363636364	0.0221	0.0	prob	0.1188516701631307	51.77533571365606	57.52201092146263	54.64867331755934	0.10893678579032273	49.82930121143808	62.3218769608065	56.07558908612229	61.26714860977548
bert_base_uncased	orig	knit	knitted	23.0	knit	45.0	ppt	19(4a)	"To link firmly or closely. ""knitted my hands"""	7.11764705882353	0.0076	0.0	prob	0.0689725984481766	54.34924281182193	55.29305012862191	54.82114647022192	0.0920249991465146	59.518969211134724	51.0948647739176	55.30691699252616	59.26710643803853
bert_base_uncased	orig	knit	knitted	12.0	knit	6.0	pst	19(1a)	To make knitted fabrics or objects.	2.0	0.1573	0.0191	no_cond	0.06951406527644786	59.02260461148131	50.250188025072525	54.63639631827692	0.10828447885640834	55.47552059495694	50.37331090833826	52.9244157516476	64.016910876065
bert_base_uncased	orig	knit	knitted	57.0	knit	29.0	pst	19(3a)	To form by interlacing yarn or thread in a series of connected loops with needles	9.11627906976744	0.0025	0.0	prob	0.10841786911178927	52.62297389393219	65.48277098685635	59.05287244039427	0.10841786911178927	52.62297389393219	65.48277098685635	59.05287244039427	63.05206707583591
bert_base_uncased	orig	knit	knitted	5.0	knit	16.0	pst	19(4a)	"To link firmly or closely. ""knitted my hands"""	5.76190476190476	0.0164	0.0478	prob	0.17137858023305044	64.99164636437472	54.77485617967601	59.88325127202536	0.054851506330689415	66.89689400801967	73.50854722505504	70.20272061653736	78.63717164278931
bert_base_uncased	orig	knit	knitted	10.0	knit	24.0	pst	19(4c)	"To contract into wrinkles. ""knitted her brow"""	5.76470588235294	0.0164	0.0009	prob	0.05259216561495702	69.10972283021624	55.845288744122904	62.47750578716958	0.08737496750002387	45.20599372436054	64.84650276343048	55.02624824389551	66.86870599263766
bert_base_uncased	orig	know	knowed	42.0	knew	63.0	pst	20(4a)	"To perceive directly. To have direct cognition of. To have understanding of. ""importance of knowing oneself"""	4.2	0.0404	0.0	prob	0.12271855887900221	63.272795759084794	93.70990697472669	78.49135136690575	0.12256719564965426	64.25554503548521	93.6632414479251	78.95939324170516	95.23180546979748
bert_base_uncased	orig	know	knowed	26.0	knew	9.0	pst	20(4c)	To recognize as being the same as something previously known. To be acquainted or familiar with. To have experience of.	8.25714285714286	0.0041	0.0022	prob	0.20479937581606503	51.903616314684456	86.3750187896641	69.13931755217428	0.20479937581606503	51.903616314684456	86.3750187896641	69.13931755217428	73.02528317346938
bert_base_uncased	orig	know	knowed	26.0	knew	25.0	pst	20(5a)	To be aware of the truth or factuality of. To be convinced or certain of.	0.0196078431372549	0.8886	0.0	no_cond	0.2077920017896027	52.70519891342328	78.02399449481248	65.36459670411789	0.2077920017896027	52.70519891342328	78.02399449481248	65.36459670411789	85.99979268499675
bert_base_uncased	orig	lay	lain	0.0	laid	18.0	ppt	21(19b)	"To submit for examination and judgment. ""laid her case before the commission"" (I used it more like ""to show for examination"")"	18.0	0.0	1.0	cat	0.11939035885059394	0.0	67.3887539616611	33.69437698083055			69.9471463499421		69.9471463499421
bert_base_uncased	orig	lay	lain	7.0	laid	13.0	ppt	21(20a)	(Often vulgar) To copulate with.	1.8	0.1797	0.0083	no_cond	0.027166180993758404	0.0	93.4421159312136	46.7210579656068	0.44755541356201267	43.20720921930274	43.393716669701504	43.30046294450212	94.65215680040362
bert_base_uncased	orig	lay	lain	70.0	laid	3.0	ppt	21(2a)	"(Nonstandard) To be or to stay at rest in a horizontal position. To be prostrate. To rest. To recline. ""lie motionless"" ""lie asleep"""	61.4931506849315	0.0	0.2448	cat	0.0808211593427601	61.60386358504005	66.9252402981198	64.26455194157992	0.2154161988056878	67.88821236295762	86.41706781664276	77.15264008980019	71.56010956093526
bert_base_uncased	orig	lay	lain	12.0	laid	34.0	ppt	21(6a)	Phrases: lay an egg, lay eyes on, lay into, lay on the table	10.5217391304348	0.0012	0.0002	prob	0.2528818123997558	59.66185807902783	91.23547863355608	75.44866835629196	0.16975775410533459	55.498529138158226	100.48937011228695	77.99394962522258	109.06351731187145
bert_base_uncased	orig	lay	laid	17.0	lay	0.0	pst	21(13a)	"To dispose or spread over or on a surface. ""lay track"" ""lay plaster"""	17.0	0.0	1.0	cat	0.1250604913308194	56.89934247612081	64.74447554024262	60.82190900818171		74.95033098816651			74.95033098816651
bert_base_uncased	orig	lay	laid	34.0	lay	1.0	pst	21(16a)	"To prepare. To contrive. ""a well-laid plan"""	31.1142857142857	0.0	1.0	cat	0.03303806086067185	76.82087687405932	76.47575018353862	76.64831352879898	0.06703229045709509	80.53454807012507	0.0	40.267274035062535	81.40997789984233
bert_base_uncased	orig	lay	laid	15.0	lay	0.0	pst	21(21a)	Phrases: lay off, lay eyes on, lay the basis	15.0	0.0001	1.0	cat	0.11546471310461484	113.39692393501517	20.487378721696878	66.94215132835602		117.62750519015074			117.62750519015074
bert_base_uncased	orig	lay	laid	10.0	lay	61.0	pst	21(2a)	"(Nonstandard) To be or to stay at rest in a horizontal position. To be prostrate. To rest. To recline. ""lie motionless"" ""lie asleep"""	36.6338028169014	0.0	0.0014	prob	0.045118264289743686	97.84161804063686	79.34857759861399	88.59509781962542	0.028169051383266565	78.21284122446814	98.13793539615835	88.17538831031325	99.17267293797342
bert_base_uncased	orig	lay	laid	0.0	lay	26.0	pst	21(6b)	To have place. To exist.	26.0	0.0	1.0	cat	0.04554511247688312	71.44715687332635	91.14312448694743	81.29514068013688			94.14912375897732		94.14912375897732
bert_base_uncased	orig	lead	lead	28.0	led	22.0	ppt	22(5b)	"To direct on a course or in a direction. ""a road leading the traveler to the heart of the city"""	0.72	0.3961	0.0	no_cond	0.12109626629845056	73.38617684857714	74.76178752996073	74.07398218926893	0.022259757884545484	81.66296074025487	85.78621545066386	83.72458809545937	86.93717690501633
bert_base_uncased	orig	lead	lead	8.0	led	43.0	ppt	22(7a)	"To direct the operations, activity, or performance of. ""lead an orchestra"" To have charge of. ""lead a campaign"""	24.0196078431373	0.0	0.0058	prob	0.08199507731165526	76.45909515698865	89.63880091844716	83.0489480377179	0.03950606892616216	61.7373778300614	94.05321039391927	77.89529411199034	94.69183145966537
bert_base_uncased	orig	lead	lead	54.0	led	29.0	ppt	22(8a)	"To bring to some conclusion or condition. ""led to believe otherwise"""	7.53012048192771	0.0061	0.0	prob	0.20203036145324352	80.36649548255338	63.41678068244197	71.89163808249768	0.0450217525208924	77.56777126670244	72.0635621587763	74.81566671273937	80.18908860272545
bert_base_uncased	orig	lead	lead	15.0	led	5.0	pst	22(5a)	"To guide on a way especially by going in advance. ""led the officers to his hiding place"""	5.0	0.0253	0.0471	prob	0.13585955658289234	87.83839592751974	82.36415077211497	85.10127334981735	0.12805746160975445	80.81934088716346	100.19863022786143	90.50898555751245	98.41609992419298
bert_base_uncased	orig	lead	lead	15.0	led	23.0	pst	22(5b)	"To direct on a course or in a direction. ""a road leading the traveler to the heart of the city"""	1.68421052631579	0.1944	0.0	no_cond	0.07840094699914686	73.05803917733361	90.45720725525273	81.75762321629317	0.0869512495983354	77.88349429718656	87.10807363355342	82.49578396536998	94.37192729932323
bert_base_uncased	orig	lead	lead	17.0	led	11.0	pst	22(7a)	"To direct the operations, activity, or performance of. ""lead an orchestra"" To have charge of. ""lead a campaign"""	1.28571428571429	0.2568	0.0003	no_cond	0.14549086828757257	82.61467680382438	26.235075797704727	54.42487630076455	0.06939283476723769	71.66871861576605	89.29242822909438	80.48057342243021	86.36584070451433
bert_base_uncased	orig	lead	lead	17.0	led	17.0	pst	22(7c)	"To go at the head of. ""lead a parade"" To be first in or among. ""lead the league"" To have a margain over. ""led his opponent"""	0.0	1.0	0.0	no_cond	0.1539173452721024	92.31267435792539	71.21248775950697	81.76258105871618	0.12449776233479373	67.30210071583068	109.55027873216073	88.4261897239957	103.87401464662803
bert_base_uncased	orig	lead	lead	34.0	led	37.0	pst	22(8a)	"To bring to some conclusion or condition. ""led to believe otherwise"""	0.126760563380282	0.7218	0.0	no_cond	0.10875500754892424	73.69070617735426	82.45789707038557	78.07430162386991	0.10875500754892424	73.69070617735426	82.45789707038557	78.07430162386991	89.53562510648429
bert_base_uncased	orig	leap	leapt	55.0	leaped	56.0	ppt	23(1a)	"To spring free from or as if from the ground. To jump. ""leap over a fence"" ""A fish leaps out of the water."""	0.009009009009009	0.9244	0.0	no_cond	0.07699759034071613	69.30339416382596	70.00093753924315	69.65216585153456	0.021978029635936692	74.91202017812093	73.15316047599259	74.03259032705677	76.36283532587102
bert_base_uncased	orig	leap	leapt	22.0	leaped	23.0	ppt	23(2a)	"To pass abruptly from one state or topic to another. ""the difficult leap from college to the workplace"""	0.0222222222222222	0.8815	0.0	no_cond	0.13406939115764918	61.742663268760225	45.19294488871917	53.4678040787397	0.03469376951396726	63.40751217176183	59.943147419513096	61.67532979563747	65.20776865671313
bert_base_uncased	orig	leap	leapt	21.0	leaped	17.0	ppt	23(2b)	"To act precipitately. ""leaped at the chance"". I used it like 'to move quickly'"	0.421052631578947	0.5164	0.0	no_cond	0.04239923450579694	0.0	77.72232752333932	38.86116376166966	0.034836399712524745	72.57019397953225	74.50829739280887	73.53924568617056	78.1710928861455
bert_base_uncased	orig	leap	leapt	84.0	leaped	78.0	pst	23(1a)	"To spring free from or as if from the ground. To jump. ""leap over a fence"" ""A fish leaps out of the water."""	0.222222222222222	0.6374	0.0	no_cond	0.05706856106594234	81.90435245728386	83.6377306985515	82.77104157791769	0.01655197686590125	89.83792006021255	82.79939292432603	86.3186564922693	88.53474939429887
bert_base_uncased	orig	leap	leapt	10.0	leaped	9.0	pst	23(2a)	"To pass abruptly from one state or topic to another. ""the difficult leap from college to the workplace"""	0.0526315789473684	0.8185	0.0011	no_cond	0.02212859038902762	46.04885425929867	83.85772299341745	64.95328862635806	0.013855218239705626	84.88933398056258	72.81377801983453	78.85155600019856	85.19235911933889
bert_base_uncased	orig	leap	leapt	6.0	leaped	10.0	pst	23(2b)	"To act precipitately. ""leaped at the chance"""	1.0	0.3173	0.0177	no_cond	0.09913491277915604	56.644543326643145	73.72476341315067	65.1846533698969	0.04516612447914388	66.43478884088987	75.31966681421126	70.87722782755057	80.67870232408694
bert_base_uncased	orig	learn	learnt	36.0	learned	28.0	ppt	24(2a)	"To gain knowledge or understanding of or skill in by study, instruction, or experience. ""learn a trade"" ""learned to play chess"""	1.0	0.3173	0.0	no_cond	0.11519804654154725	56.12073619307208	67.85051849970695	61.98562734638951	0.1174660355709719	56.321734354744244	67.91901663705009	62.120375495897164	70.62414155645922
bert_base_uncased	orig	learn	learnt	15.0	learned	12.0	ppt	24(2c)	"To come to be able to. ""learn to dance"""	0.333333333333333	0.5637	0.0001	no_cond	0.13121529965842493	51.88778896601949	60.965269946820435	56.42652945641996	0.13121529965842493	51.88778896601949	60.965269946820435	56.42652945641996	68.40499509418363
bert_base_uncased	orig	learn	learnt	37.0	learned	55.0	ppt	24(2d)	"To come to realize. ""learned that honesty paid"""	3.52173913043478	0.0606	0.0	no_cond	0.13042574513483418	71.09481674407039	66.19021446183663	68.64251560295351	0.13042574513483418	71.09481674407039	66.19021446183663	68.64251560295351	79.1323985928423
bert_base_uncased	orig	learn	learnt	51.0	learned	39.0	pst	24(2a)	"To gain knowledge or understanding of or skill in by study, instruction, or experience. ""learn a trade"" ""learned to play chess"""	1.6	0.2059	0.0	no_cond	0.1102873877395878	64.48695516492207	68.58553908472291	66.5362471248225	0.10988917801472058	65.15012555058799	67.974633257011	66.5623794037995	75.76978083650708
bert_base_uncased	orig	learn	learnt	6.0	learned	16.0	pst	24(2c)	"To come to be able to. ""learn to dance"""	4.54545454545455	0.033	0.0211	prob	0.06867594019002271	65.4008578469566	58.13149938013153	61.766178613544064	0.134364159545301	47.03797457954855	62.65210848562915	54.84504153258885	70.4447739234046
bert_base_uncased	orig	learn	learnt	37.0	learned	29.0	pst	24(2d)	"To come to realize. ""learned that honesty paid"""	0.96969696969697	0.3248	0.0	no_cond	0.10886125202117003	68.39683076807393	68.21521977564481	68.30602527185937	0.10886125202117003	68.39683076807393	68.21521977564481	68.30602527185937	78.3321482668622
bert_base_uncased	orig	learn	learnt	6.0	learned	14.0	pst	24(4a)	"To come to know. To hear. ""We just learned that he was ill."""	3.2	0.0736	0.0202	no_cond	0.05079139291649918	58.760563999943095	81.11882490569454	69.93969445281881	0.1191936279484691	58.992264263183245	74.70574287268907	66.84900356793617	83.60368239501786
bert_base_uncased	orig	light	lighted	45.0	lit	36.0	ppt	25(8a)	To set fire to.	1.0	0.3173	0.0	no_cond	0.10707536416234902	55.173371799783	66.19867025825354	60.68602102901827	0.06611144569065652	53.792210975044206	65.429484053982	59.6108475145131	63.598480790991644
bert_base_uncased	orig	light	lighted	48.0	lit	52.0	ppt	25(9b)	"To illuminate. ""Rockets lit up the sky."""	0.16	0.6892	0.0	no_cond	0.06300322424311786	57.12641806728831	64.98766933332777	61.05704370030804	0.049486409654155177	62.33720002819283	61.7795359119788	62.05836797008581	65.9776137753289
bert_base_uncased	orig	light	lighted	14.0	lit	34.0	pst	25(1a)	"To become bright / brighten. ""Her face lit up."""	8.33333333333333	0.0039	0.0	prob	0.08120501389670129	73.06936801499943	55.92184303041707	64.49560552270825	0.04397752629768844	64.60282454558173	72.47307310714697	68.53794882636436	74.76458101722562
bert_base_uncased	orig	light	lighted	48.0	lit	47.0	pst	25(8a)	To set fire to.	0.0105263157894737	0.9183	0.0	no_cond	0.09965483992646416	70.55718435658834	68.4202186123751	69.48870148448171	0.06090280206918434	69.16672008838407	76.4613584090327	72.81403924870838	78.39291127545431
bert_base_uncased	orig	light	lighted	17.0	lit	14.0	pst	25(9b)	"To illuminate. ""Rockets lit up the sky."""	0.290322580645161	0.59	0.0	no_cond	0.036344982862853176	60.84109879026081	68.28120827810939	64.5611535341851	0.060623708703363255	65.57010868768504	62.34758162916087	63.95884515842295	70.86536117209978
bert_base_uncased	orig	plead	pled	83.0	pleaded	70.0	ppt	26(3a)	"To make a plea of a specific nature. ""Plead not guilty"""	1.10457516339869	0.2933	0.0	no_cond	0.2168246314384076	48.71473274023441	56.96194775397312	52.838340247103766	0.21689501329752867	47.32329279847764	58.48000817657942	52.90165048752853	68.50676722009929
bert_base_uncased	orig	plead	pled	4.0	pleaded	21.0	ppt	26(4b)	To entreat or appeal earnestly.	11.56	0.0007	0.1099	cat	0.0901007008624272	64.47878056027122	30.051019461249176	47.2649000107602	0.174072765601672	43.9423941601363	58.87689591674465	51.40964503844047	66.6320941442323
bert_base_uncased	orig	plead	pled	91.0	pleaded	73.0	pst	26(3a)	"To make a plea of a specific nature. ""Plead not guilty"""	1.97560975609756	0.1599	0.0	no_cond	0.17773256446848473	51.82227153291854	63.0934882585367	57.45787989572762	0.17773256446848473	51.82227153291854	63.0934882585367	57.45787989572762	69.92517625788459
bert_base_uncased	orig	plead	pled	5.0	pleaded	24.0	pst	26(4b)	To entreat or appeal earnestly.	12.448275862069	0.0004	0.0518	cat	0.025931569321357723	73.1860239817099	70.90419485475243	72.04510941823116	0.14792024684810753	56.965257432112956	68.78352975351955	62.87439359281625	76.86143386508772
bert_base_uncased	orig	prove	proved	36.0	proven	19.0	ppt	27(1a)	"To turn out, especially after trial or test. ""The new drug proved effective."""	5.25454545454545	0.0219	0.0	prob	0.035130549739120887	74.25825334430257	63.89999800776623	69.07912567603441	0.01434595818752516	72.63243509547623	67.88882712440564	70.26063110994093	73.43393045084451
bert_base_uncased	orig	prove	proved	40.0	proven	60.0	ppt	27(2a)	"To establish the existence, truth, or validity of (as by evidence or logic). ""prove a theorem"" ""The charges were never proved in court."""	4.0	0.0455	0.0	prob	0.09443317650826133	63.36689288620528	68.43231377651527	65.89960333136028	0.03089937472260954	73.38008840595774	69.90180636588326	71.6409473859205	74.09765344353174
bert_base_uncased	orig	prove	proved	19.0	proven	20.0	ppt	27(2b)	"To demonstrate as having a particular quality or worth. ""proved herself a great actress"" ""The vaccine has been proven effective after years of tests."""	0.0256410256410256	0.8728	0.0	no_cond	0.10901770713920456	82.23727966702184	57.203616719968096	69.72044819349497	0.02060575729365536	78.2660784632399	62.38675733623002	70.32641789973496	73.62037105633596
bert_base_uncased	orig	ring	ringed	0.0	rung	42.0	ppt	28(10a)	To cause to sound, especially by striking.	42.0	0.0	1.0	cat	0.18504890709492663	37.61259014447603	47.743098755002094	42.67784444973906			44.55492212763237		44.55492212763237
bert_base_uncased	orig	ring	ringed	91.0	rung	0.0	ppt	28(16a)	To place or form a ring around; to encircle.	91.0	0.0	1.0	cat	0.062268287617339144	53.75039948894686	54.183304905910404	53.966852197428636		57.79424393157969			57.79424393157969
bert_base_uncased	orig	ring	ringed	0.0	rung	18.0	ppt	28(1a)	To sound resonantly or sonorously.	18.0	0.0	1.0	cat	0.20225454626925385	34.11953521599706	31.805125417283527	32.96233031664029			44.95502038064713		44.95502038064713
bert_base_uncased	orig	see	saw	54.0	seen	34.0	ppt	29(6a)	To perceive by the eye.	4.54545454545455	0.033	0.0	prob	0.06509442893080616	86.10319646381109	73.52125593966727	79.81222620173918	0.039724816831003935	80.29552049840483	85.42427050477924	82.85989550159204	86.27576797704721
bert_base_uncased	orig	see	saw	18.0	seen	19.0	ppt	29(7a)	"To be aware of. To recognize. ""sees only our faults"""	0.027027027027027	0.8694	0.0	no_cond	0.058473073281850876	77.88229268607618	67.39628550226222	72.6392890941692	0.031839185377314116	76.02945166696273	76.69517992780858	76.36231579738566	81.16573652835422
bert_base_uncased	orig	see	saw	2.0	seen	17.0	ppt	29(7d)	To perceive the meaning or importance of. To understand.	11.8421052631579	0.0006	0.4865	cat	0.07615763293525345	70.07614500295813	75.34615516054757	72.71115008175285	0.05928011695858887	44.51635015386437	80.94809393357097	62.73222204371767	83.48389820938371
bert_base_uncased	orig	see	saw	7.0	seen	8.0	ppt	29(8a)	To come to know. To discover.	0.0666666666666667	0.7963	0.0063	no_cond	0.03007113252054457	60.42580759447642	79.07566767794762	69.75073763621202	0.04261187453693276	69.68915822924967	73.72803774348641	71.70859798636803	81.0656558926165
bert_base_uncased	orig	see	saw	16.0	seen	21.0	ppt	29(8c)	"To have experience of. To undergo. ""see army service"""	0.675675675675676	0.4111	0.0	no_cond	0.03794522390568689	69.21494581213423	74.74767302996358	71.9813094210489	0.018584155657258496	67.22342436476798	79.51274511097999	73.36808473787399	78.12626505171752
bert_base_uncased	orig	see	seen	65.0	saw	39.0	pst	29(6a)	To perceive by the eye.	6.5	0.0108	0.0	prob	0.09282352216531073	76.30582856864969	79.55167472278492	77.92875164571731	0.09031228668014225	77.04910347215215	79.47923244770982	78.26416795993099	86.27469452567341
bert_base_uncased	orig	see	seen	11.0	saw	4.0	pst	29(7a)	"To be aware of. To recognize. ""sees only our faults"""	3.26666666666667	0.0707	0.0996	no_cond	0.07229772779837702	73.08331836412984	79.7572519185338	76.42028514133182	0.09137584427330897	76.19820872109489	67.69054939453207	71.94437905781348	86.14361527661148
bert_base_uncased	orig	see	seen	15.0	saw	18.0	pst	29(8a)	To come to know. To discover.	0.272727272727273	0.6015	0.0	no_cond	0.1197135934885308	71.30152660588934	81.88416148457024	76.59284404522978	0.1197135934885308	71.30152660588934	81.88416148457024	76.59284404522978	91.20571698329252
bert_base_uncased	orig	see	seen	7.0	saw	24.0	pst	29(8c)	"To have experience of. To undergo. ""see army service"""	9.32258064516129	0.0023	0.0107	prob	0.11596562038881883	81.95353554328918	72.08843622180903	77.0209858825491	0.11266482219189325	62.40500619222672	84.23581925068044	73.32041272145358	91.07055976762318
bert_base_uncased	orig	sew	sewed	35.0	sewn	53.0	ppt	30(4a)	To unite or fasten by stitches.	3.68181818181818	0.055	0.0	no_cond	0.08373690923371081	54.737479408499986	56.20702897052918	55.47225418951459	0.058831685791563657	59.93392359044926	54.91272942392779	57.42332650718853	60.85961674406444
bert_base_uncased	orig	sew	sewed	20.0	sewn	13.0	ppt	30(4b)	To create via sewing.	1.48484848484848	0.223	0.0001	no_cond	0.06466191012346473	48.522443062021246	57.65469175717887	53.08856740960006	0.04603175782853546	57.9221637931539	51.77678432684291	54.8494740599984	60.137099198283224
bert_base_uncased	orig	sew	sewed	40.0	sewn	13.0	ppt	30(5a)	"To close or enclose by sewing. ""sew the money in the bag"""	13.7547169811321	0.0002	0.0001	prob	0.1091102179270455	55.95793277371874	48.62618597383171	52.292059373775224	0.061226730073578435	56.50636499034182	57.391103466984696	56.948734228663255	60.28256803678161
bert_base_uncased	orig	sew	sewed	1.0	sewn	17.0	ppt	30(6a)	To scatter (seed) upon the earth for growth. To plant.	14.2222222222222	0.0002	1.0	cat	0.09778509238013487	40.61418435252728	52.40686386783474	46.51052411018101	-0.032477623850319146	0.0	56.51073876349392	28.25536938174696	56.367078679882
bert_base_uncased	orig	shake	shook	10.0	shaken	14.0	ppt	32(10a)	To cause to quake, quiver, or tremble.	0.666666666666667	0.4142	0.0006	no_cond	0.017648599973508417	0.0	71.22873532370963	35.614367661854814	0.04027644206915854	67.18776922657985	64.91473894774897	66.05125408716441	71.54759520393372
bert_base_uncased	orig	shake	shook	1.0	shaken	26.0	ppt	32(12a)	"To lessen the stability of. To weaken. ""shake one's faith"""	23.1481481481481	0.0	1.0	cat	0.1557265584130711	47.822878032388275	43.390521070763164	45.606699551575716	-0.018320997190717184	0.0	54.85698860756861	27.428494303784305	54.710973331852074
bert_base_uncased	orig	shake	shook	59.0	shaken	42.0	ppt	32(16a)	"To stir the feelings of. To upset. To agitate. ""shook her up"""	2.86138613861386	0.0907	0.0	no_cond	0.10651823922830773	57.640707068232295	69.11782004118794	63.37926355471012	0.09161127757137391	67.93760423583676	63.42219243170032	65.67989833376853	73.51444977804725
bert_base_uncased	orig	shine	shone	25.0	shined	3.0	ppt	31(1a)	To emit rays of light	17.2857142857143	0.0	0.2364	cat	0.07607799215006071	49.26973926304621	43.31519279680779	46.292466029927	0.08347918506723613	50.76287009517014	24.352058876346053	37.557464485758096	52.23897572357522
bert_base_uncased	orig	shine	shone	8.0	shined	15.0	ppt	31(3b)	"To perform extremely well; ""The stocks really shined last week"""	2.1304347826087	0.1444	0.0038	no_cond	0.062183369125475375	51.189905381050295	59.09050778810716	55.14020658457873	0.13814129078102513	58.01641464028503	49.18013068826446	53.598272664274745	62.71657730984625
bert_base_uncased	orig	shine	shone	19.0	shined	8.0	ppt	31(6b)	To throw or direct the light of	4.48148148148148	0.0343	0.0043	prob	0.049496185188107535	47.77166295361304	48.764819811738924	48.26824138267598	0.1052009771644294	45.96713129280161	45.3251614682673	45.646146380534454	52.401514496784344
bert_base_uncased	orig	shine	shone	0.0	shined	38.0	ppt	31(7a)	To make bright by polishing	38.0	0.0	1.0	cat	0.10108401685388538	41.52154424007392	26.575621150550056	34.04858269531199			43.2734346555206		43.2734346555206
bert_base_uncased	orig	shine	shone	20.0	shined	16.0	ppt	31(8b)	To highlight; to bring attention to	0.444444444444444	0.505	0.0	no_cond	0.1276276637363937	54.86097499116254	58.58987547836202	56.725425234762284	0.0632066014194731	62.38685141691549	61.195165833221395	61.79100862506844	68.11857002957971
bert_base_uncased	orig	shine	shined	18.0	shone	34.0	pst	31(1a)	To emit rays of light	4.92307692307692	0.0265	0.0	prob	0.0968135502966613	64.13453016011185	67.66955458023732	65.90204237017458	0.0643889805251266	56.513571572142446	65.26408002970743	60.888825800924934	67.88967623263804
bert_base_uncased	orig	shine	shined	3.0	shone	18.0	pst	31(2a)	To be bright by reflection of light	10.7142857142857	0.0011	0.2317	cat	0.03869358620199911	33.77781741200808	63.7842809472843	48.78104917964619	0.111888210528792	63.5162024587187	58.19004841065367	60.853125434686184	64.67156365819254
bert_base_uncased	orig	shine	shined	12.0	shone	9.0	pst	31(3a)	"To be eminent, conspicuous, or distinguished; ""She shines in math"""	0.428571428571429	0.5127	0.0013	no_cond	0.035219136904091466	55.759648712397	56.740653568188385	56.250151140292694	0.07806105210005501	51.42034253710264	57.280834314387874	54.35058842574526	61.50761082773823
bert_base_uncased	orig	shine	shined	33.0	shone	7.0	pst	31(3b)	"To perform extremely well; ""The stocks really shined last week"""	16.9	0.0	0.0117	prob	0.12457505945041598	51.35019898283335	68.79226412997079	60.07123155640207	0.1441724309129258	58.22724454961842	53.213318910365224	55.720281729991825	64.93002766873266
bert_base_uncased	orig	shine	shined	11.0	shone	5.0	pst	31(8b)	To highlight; to bring attention to	2.25	0.1336	0.0434	no_cond	0.10947712206744149	55.890309868383284	50.43170586622694	53.161007867305116	0.11342884557671248	58.79186181690186	42.440232821599395	50.616047319250626	65.21878378409698
bert_base_uncased	orig	show	shown	54.0	showed	46.0	ppt	33(15a)	"To demonstrate or establish by argument or reasoning. ""show a plan to be faulty."""	0.64	0.4237	0.0	no_cond	0.10158194663457393	80.4296288927232	61.31473787550291	70.87218338411306	0.015525477193929162	86.2959513998048	77.80703496489656	82.05149318235068	84.61815209763319
bert_base_uncased	orig	show	shown	25.0	showed	24.0	ppt	33(7a)	"To cause or permit to be seen. To exhibit. ""showed pictures of the baby"""	0.0204081632653061	0.8864	0.0	no_cond	0.06666415326415887	83.74214688624265	71.67401237739209	77.70807963181737	0.04554302920247505	81.26607269412904	80.70235700658209	80.98421485035556	86.7072556454236
bert_base_uncased	orig	sink	sunk	14.0	sank	1.0	pst	45(15a)	To invest.	11.2666666666667	0.0008	1.0	cat	0.08337280107156385	40.375443380219586	40.21970992010588	40.29757665016273	0.10845336036533969	45.437955017892996	0.0	22.718977508946498	47.313086026418645
bert_base_uncased	orig	sink	sunk	11.0	sank	26.0	pst	45(1a)	To go to the bottom. To submerge.	6.08108108108108	0.0137	0.0004	prob	0.05168424565832048	73.16656868915571	64.89437656055998	69.03047262485785	0.07640089002788623	73.47180714591376	61.69598148533948	67.58389431562662	70.63614703833998
bert_base_uncased	orig	sink	sunk	12.0	sank	8.0	pst	45(3b)	"To become impressively known or felt. ""The lesson sunk in."""	0.8	0.3711	0.0033	no_cond	0.1594824734762707	50.011891890622834	54.94364368865538	52.4777677896391	0.061934372680434294	47.27853886364039	59.91597742475076	53.59725814419558	58.02974421558152
bert_base_uncased	orig	sink	sunk	7.0	sank	12.0	pst	45(5a)	To go downward in quality, state, or condition.	1.31578947368421	0.2513	0.008	no_cond	0.03912728040141607	81.13907606378605	71.3055313499937	76.22230370688987	0.07441425384257971	67.67737064047894	77.2041412891175	72.44075596479823	84.49059512859041
bert_base_uncased	orig	sink	sunk	3.0	sank	13.0	pst	45(6b)	To become depressed.	6.25	0.0124	0.2258	cat	0.19964030098801044	81.53019261561035	38.229972979418434	59.88008279751439	0.21961273544688747	52.784859854873055	56.83173237276635	54.80829611381971	70.71367322471255
bert_base_uncased	orig	sink	sunk	20.0	sank	6.0	pst	45(7a)	"To cause to sink. ""sink a battleship"""	7.53846153846154	0.006	0.0226	prob	0.3019963550668016	48.7718504466702	0.0	24.3859252233351	0.16059567283494827	39.31564576359943	63.997579731576955	51.65661274758819	53.82329007447941
bert_base_uncased	orig	slink	slinked	64.0	slunk	69.0	pst	34(1a)	To go or move stealthily or furtively (as in fear or shame). To steal.	0.18796992481203	0.6646	0.0	no_cond	0.0578864273855948	69.69340821528694	72.94552509444793	71.31946665486743	0.03367457294354698	69.21642320051889	75.9862920882214	72.60135764437015	75.83525323071828
bert_base_uncased	orig	sneak	sneaked	62.0	snuck	59.0	ppt	36(1a)	"To go stealthily or furtively. To slink. ""snuck out early"""	0.0743801652892562	0.7851	0.0	no_cond	0.0647783631297267	71.22024035656807	63.64071249441761	67.43047642549284	0.06489806513640944	67.08297385076341	69.3357914606916	68.2093826557275	73.74186546222727
bert_base_uncased	orig	sneak	sneaked	29.0	snuck	30.0	ppt	36(4a)	"To put, bring, or take in a furtive or artful manner. ""sneak a smoke"""	0.0169491525423729	0.8964	0.0	no_cond	0.10272074610129928	62.449891378287774	69.85464905294293	66.15227021561535	0.0926535814009122	73.40603506674775	56.546733468769034	64.97638426775839	73.3659548326195
bert_base_uncased	orig	sneak	sneaked	9.0	snuck	11.0	ppt	36(5a)	Phrases: sneak up on	0.2	0.6547	0.0012	no_cond	0.09962017407946624	45.36780955619495	65.16163585826973	55.26472270723234	0.0819914814862882	54.45647118716301	69.23237032480836	61.84442075598568	69.98837308215562
bert_base_uncased	orig	sneak	snuck	65.0	sneaked	75.0	pst	36(1a)	"To go stealthily or furtively. To slink. ""snuck out early"""	0.714285714285714	0.398	0.0	no_cond	0.052605829035401126	76.21566439341119	80.13777165356794	78.17671802348957	0.05164233332470869	79.16780246668193	78.16438127092007	78.666091868801	83.53390544907612
bert_base_uncased	orig	sneak	snuck	29.0	sneaked	19.0	pst	36(4a)	"To put, bring, or take in a furtive or artful manner. ""sneak a smoke"""	2.08333333333333	0.1489	0.0	no_cond	0.028625268841596895	57.89641468768676	75.8154740469139	66.85594436730034	0.06757896383395544	65.25738465486207	76.58968087928402	70.92353276707304	75.74680934509105
bert_base_uncased	orig	speak	spoke	20.0	spoken	7.0	ppt	42(1a)	To utter words or articulate sounds with the ordinary voice. To talk.	6.25925925925926	0.0124	0.01	prob	0.14832880412263574	63.393410868458524	67.75045061995526	65.5719307442069	0.03546811793622529	75.37177982055951	79.59860762759148	77.48519372407549	80.61040626638184
bert_base_uncased	orig	speak	spoke	11.0	spoken	23.0	ppt	42(1b)	"To express thoughts, opinions, or feelings orally. To extend a greeting. To be friendly enough to engage in conversation. ""still were not speaking after the dispute"""	4.23529411764706	0.0396	0.0004	prob	0.1311537479834419	51.95640254467465	66.56235023837975	59.2593763915272	0.02369857365612631	64.52298367945443	66.92470649227364	65.72384508586404	69.61233487357642
bert_base_uncased	orig	speak	spoke	6.0	spoken	15.0	ppt	42(8a)	To to utter with the speaking voice. To pronounce.	3.85714285714286	0.0495	0.0207	prob	0.019443545887578875	0.0	65.41594836067785	32.70797418033892	0.04412067857720559	58.18175207992757	60.945001294548504	59.56337668723803	65.8133634476956
bert_base_uncased	orig	speak	spoke	20.0	spoken	14.0	ppt	42(8b)	To give a recitation of. To declaim.	1.05882352941176	0.3035	0.0	no_cond	0.059144868134595956	66.9004375162729	69.15501761435215	68.02772756531252	0.020874315867014777	72.20221621288913	68.91761864179043	70.55991742733977	74.66278147499584
bert_base_uncased	orig	speak	spoke	37.0	spoken	31.0	ppt	42(8d)	To address. To accost.	0.529411764705882	0.4669	0.0	no_cond	0.07816305882579797	66.1589685451668	55.73182734007526	60.94539794262103	0.03142803686728678	61.04908272671006	69.17105939874334	65.1100710627267	67.68040729952725
bert_base_uncased	orig	speak	spake	54.0	spoke	47.0	pst	37(1a)	To utter words or articulate sounds with the ordinary voice. To talk.	0.485148514851485	0.4861	0.0	no_cond	0.2601068192789305	50.277866013666106	80.33402672040604	65.30594636703607	0.2551478830943572	47.09187978549838	83.33949714027241	65.2156884628854	88.7885187832842
bert_base_uncased	orig	speak	spake	3.0	spoke	22.0	pst	37(1b)	"To express thoughts, opinions, or feelings orally. To extend a greeting. To be friendly enough to engage in conversation. ""still were not speaking after the dispute"""	14.44	0.0001	0.2347	cat	0.0489031941958686	74.45064605124857	80.83571071141371	77.64317838133114	0.1442776853084963	27.244272709434778	80.52336616185475	53.88381943564477	85.10340219548036
bert_base_uncased	orig	speak	spake	20.0	spoke	2.0	pst	37(8c)	"To express orally. To delcare. ""free to speak their minds"""	14.7272727272727	0.0001	0.4884	cat	0.17437108204485996	0.0	48.3938844493238	24.1969422246619	0.3518110387861429	39.55139825926012	40.960962214952986	40.25618023710655	50.34002398290115
bert_base_uncased	orig	speed	speeded	2.0	sped	20.0	ppt	38(1a)	"To make haste. ""sped to her bedside"""	14.7272727272727	0.0001	0.4884	cat	0.1608639737683731	0.0	78.47537013850136	39.23768506925068	0.018016122819207767	26.059406577944927	81.5338085466065	53.79660756227571	81.76100853707163
bert_base_uncased	orig	speed	speeded	16.0	sped	12.0	ppt	38(2a)	"To move, work, or take place faster. To accelerate. ""the heart speeds up"""	0.571428571428571	0.4497	0.0001	no_cond	0.1721226017083908	46.60181567433744	62.570646295703476	54.58623098502046	0.11677413378866482	44.02546927401332	57.54402426708807	50.7847467705507	58.19552827583682
bert_base_uncased	orig	speed	speeded	81.0	sped	64.0	ppt	38(4b)	To increase the speed of. To accelerate.	1.99310344827586	0.158	0.0	no_cond	0.08810189311024932	60.51232886386827	62.77912780910441	61.64572833648634	0.08707445520757705	60.76264378603026	62.674484173599495	61.718563979814874	68.00596258532131
bert_base_uncased	orig	speed	speeded	3.0	sped	71.0	pst	38(1a)	"To make haste. ""sped to her bedside"""	62.4864864864865	0.0	0.2449	cat	0.07268854061830819	54.96106162240751	81.7706626334308	68.36586212791916	0.0802118185749347	62.196613298746705	78.00181622834698	70.09921476354684	79.30435073934602
bert_base_uncased	orig	speed	speeded	29.0	sped	14.0	pst	38(2a)	"To move, work, or take place faster. To accelerate. ""the heart speeds up"""	5.23255813953488	0.0222	0.0	prob	0.11207634481763423	62.0533760731306	67.47222347463571	64.76279977388316	0.09606545860277155	65.87199718021247	70.34043640597153	68.106216793092	75.28842144464046
bert_base_uncased	orig	speed	speeded	61.0	sped	14.0	pst	38(4b)	To increase the speed of. To accelerate.	29.4533333333333	0.0	0.0001	prob	0.0662410134375666	61.52883799282746	77.08689603788805	69.30786701535776	0.04382727400075105	77.30341982568144	57.255235339986996	67.27932758283421	78.12393329669581
bert_base_uncased	orig	spell	spelt	18.0	spelled	2.0	ppt	39(5a)	To name the letters of in order. To write or print the letters of in order.	12.8	0.0003	0.4872	cat	0.09598410586125225	45.22055423237887	37.69180375982564	41.45617899610225	0.2209744272417072	42.13617125249217	20.661964934443255	31.39906809346771	47.45268091960364
bert_base_uncased	orig	spell	spelt	39.0	spelled	21.0	ppt	39(5b)	To write or print the letters of in a particular way.	5.4	0.0201	0.0	prob	0.14893443596908623	48.278505037915174	63.083570315261724	55.681037676588446	0.14893443596908623	48.278505037915174	63.083570315261724	55.681037676588446	62.343583762125164
bert_base_uncased	orig	spell	spelt	14.0	spelled	43.0	ppt	39(7a)	"To find out by study. To come to understand. Often used with 'out'. ""It requires some pains to spell out those decorations."" (I used as 'to explain', kind of)"	14.7543859649123	0.0001	0.0	prob	0.07567230979599013	72.95245063293251	60.45198257746243	66.70221660519746	0.11289847592901071	56.331784101943036	68.06435363423539	62.19806886808921	73.75443461307651
bert_base_uncased	orig	spill	spilt	0.0	spilled	16.0	ppt	40(2a)	"To spread profusely or beyond bounds. ""Crowds spilled into the streets."""	16.0	0.0001	1.0	cat	0.04995095622625324	26.66885067026111	52.401448361812086	39.5351495160366			54.15089213588653		54.15089213588653
bert_base_uncased	orig	spill	spilt	72.0	spilled	54.0	ppt	40(5a)	To cause or allow especially accidentally or unintentionally to fall, flow, or run out so as to be lost or wasted.	2.57142857142857	0.1088	0.0	no_cond	0.18150778371647855	48.39232299714828	78.97341944965581	63.682871223402046	0.18150778371647855	48.39232299714828	78.97341944965581	63.682871223402046	75.18521775463184
bert_base_uncased	orig	spill	spilt	7.0	spilled	10.0	pst	40(1a)	"To flow, run, or fall out, over, or off and become wasted, scattered, or lost. ""water spilling over the dam"""	0.529411764705882	0.4669	0.0072	no_cond	0.0965719928162782	68.96593229691021	70.158948813328	69.56244055511911	0.09647054722728739	48.27384309658214	82.05133864602865	65.1625908713054	81.3295392349173
bert_base_uncased	orig	spill	spilt	0.0	spilled	18.0	pst	40(2a)	"To spread profusely or beyond bounds. ""Crowds spilled into the streets."""	18.0	0.0	1.0	cat	0.07469961324947327	65.17217021351105	72.37919461593755	68.7756824147243			80.33457712426755		80.33457712426755
bert_base_uncased	orig	spill	spilt	49.0	spilled	17.0	pst	40(5a)	To cause or allow especially accidentally or unintentionally to fall, flow, or run out so as to be lost or wasted.	15.5151515151515	0.0001	0.0	prob	0.1695800780670909	63.609355130994786	77.29889050819942	70.4541228195971	0.1695800780670909	63.609355130994786	77.29889050819942	70.4541228195971	79.23551041370989
bert_base_uncased	orig	spill	spilt	2.0	spilled	18.0	pst	40(7a)	"To let out. To divulge. ""spill a secret"""	12.8	0.0003	0.4872	cat	0.0586359213900071	85.58093988542392	71.18599146307378	78.38346567424884	0.14782982075265397	41.655049094248476	82.37693553079791	62.015992312523196	88.37709289378765
bert_base_uncased	orig	spit	spit	64.0	spat	66.0	ppt	41(1a)	To eject saliva as an expression of aversion or contempt.	0.0307692307692308	0.8608	0.0	no_cond	0.09161354662356722	57.67582972709335	65.98501438410743	61.830422055600394	0.09171332587986901	58.09944189891452	65.74863183731088	61.9240368681127	68.86831044618805
bert_base_uncased	orig	spit	spit	12.0	spat	10.0	ppt	41(4a)	To eject (something) from the mouth. To expectorate.	0.181818181818182	0.6698	0.0005	no_cond	0.013078199124902061	82.82945664316617	77.4865246867505	80.15799066495833	0.03650589972854968	75.41364461586731	83.40619374950435	79.40991918268583	86.02014853677152
bert_base_uncased	orig	spit	spit	18.0	spat	20.0	ppt	41(4d)	"To emit as if by spitting. Especially to emit (precipitation) in driving particles or in flurries. ""spit rain"""	0.105263157894737	0.7456	0.0	no_cond	0.031845988650393384	75.19544845680184	69.71020269803174	72.45282557741679	0.0404367733515866	64.83890875365937	79.53816996925117	72.18853936145527	77.8015336603553
bert_base_uncased	orig	spit	spit	32.0	spat	19.0	pst	41(1a)	To eject saliva as an expression of aversion or contempt.	3.31372549019608	0.0687	0.0	no_cond	0.102059618963565	69.60277478714563	54.82921557826717	62.2159951827064	0.08702696771433346	61.10921322689463	74.46354879662907	67.78638101176185	72.63521176166972
bert_base_uncased	orig	spit	spit	22.0	spat	11.0	pst	41(1c)	To eject matter (such as salive) from the mouth. To expectorate.	3.66666666666667	0.0555	0.0004	no_cond	0.06844341332625302	66.93364083282212	63.693697540194314	65.31366918650822	0.0772976432531895	63.828854729306734	69.14829424551506	66.4885744874109	72.54250798870183
bert_base_uncased	orig	spit	spit	12.0	spat	34.0	pst	41(4d)	"To emit as if by spitting. Especially to emit (precipitation) in driving particles or in flurries. ""spit rain"""	10.5217391304348	0.0012	0.0002	prob	0.029681447565266143	86.41078591540371	83.40980088255233	84.91029339897801	0.029953668367055045	64.5871203458378	89.97351396645432	77.28031715614605	91.8113632370395
bert_base_uncased	orig	spring	sprung	17.0	sprang	20.0	pst	43(3b)	"To issue by birth or descent. ""sprang from the upper class"""	0.243243243243243	0.6219	0.0	no_cond	0.04543533994830327	84.82270719600274	75.92416406916395	80.37343563258335	0.031700722469391415	84.25800089139506	80.90695236848302	82.58247662993904	87.59682687671261
bert_base_uncased	orig	spring	sprung	34.0	sprang	42.0	pst	43(3c)	"To come into being. To arise. ""Towns sprang up across the plains."""	0.842105263157895	0.3588	0.0	no_cond	0.10168334320972235	88.94050976123663	70.78257908378365	79.86154442251014	0.040202923840064596	84.34570081257316	82.81826100048289	83.58198090652803	88.00357028050938
bert_base_uncased	orig	spring	sprung	10.0	sprang	9.0	pst	43(7a)	"To quickly start working. ""Firefighters are ready to leap/spring/swing into action at a moment's notice."" To become suddenly very active and energetic. ""They sprang into action as soon as they received their orders."" ""The crowd sprang to life after the first goal was scored."""	0.0526315789473684	0.8185	0.0011	no_cond	0.008795125392085943	35.58519880679791	77.99665018769012	56.79092449724402	0.03508269094220303	76.90894989405209	65.11930972056047	71.01412980730628	78.43357934937252
bert_base_uncased	orig	strive	strived	95.0	striven	86.0	ppt	44(1a)	"To devote serious effort or energy to. To endevor. ""strive to finish a project"""	0.447513812154696	0.5035	0.0	no_cond	0.09996981600418592	60.47046752070294	46.049361267593135	53.25991439414804	0.0406159221263845	58.965569021894964	61.11079633759283	60.0381826797439	62.91108628629685
bert_base_uncased	orig	strive	strived	5.0	striven	14.0	ppt	44(2a)	To struggle in opposition. To contend.	4.26315789473684	0.0389	0.0463	prob	0.08611534504732789	54.35724943382463	56.85482176365594	55.606035598740284	0.03805562358787532	55.15820077901842	61.15365621895783	58.155928498988125	65.11626840119918
bert_base_uncased	orig	strive	strived	97.0	strove	82.0	pst	44(1a)	"To devote serious effort or energy to. To endevor. ""strive to finish a project"""	1.25698324022346	0.2622	0.0	no_cond	0.06813146297089455	73.780584284988	71.63894248342552	72.70976338420675	0.06776127579921652	74.28001076471072	71.05458964839599	72.66730020655336	78.67553624047663
bert_base_uncased	orig	strive	strived	3.0	strove	18.0	pst	44(2a)	To struggle in opposition. To contend.	10.7142857142857	0.0011	0.2317	cat	0.031198068206366582	66.28658852827924	30.848093300747635	48.56734091451344	0.18792141336088392	41.57710024281642	59.0254075717169	50.301253907266656	67.1142053807542
bert_base_uncased	orig	take	took	9.0	taken	10.0	ppt	47(18b)	"To use up (space, time, etc.) ""takes a long time to dry"""	0.0526315789473684	0.8185	0.0011	no_cond	0.18955395523161944	81.74915346415297	63.61171310747154	72.68043328581226	0.026785607519360922	97.01342102172802	86.90360164359295	91.95851133266049	99.75856148584161
bert_base_uncased	orig	take	took	8.0	taken	9.0	ppt	47(24a)	"To remove. ""take eggs from a nest"" To put an end to (life). To remove by death. ""was taken in his prime"" To subtract. ""take two from four"" To exact. ""The weather took its toll."""	0.0588235294117647	0.8084	0.0027	no_cond	0.05120857706490636	94.49727248153168	82.76717967984327	88.63222608068747	0.03488962760979408	92.42550490439021	84.99800809770666	88.71175650104843	97.91913005921441
bert_base_uncased	orig	take	took	9.0	taken	26.0	ppt	47(25a)	"To undertake and make, do, or perform. ""take a walk"" ""take aim"" ""take legal action"" ""take a test"" ""take a look"" To participate in. ""take a meeting"""	8.25714285714286	0.0041	0.0022	prob	0.05195300306114138	106.15141419786438	84.27379331812644	95.21260375799541	0.059796470447793536	104.02075180308083	86.27554137696106	95.14814659002094	96.67811443462212
bert_base_uncased	orig	take	took	12.0	taken	15.0	ppt	47(29a)	Phrases: take a back seat, take advantage of, take after, take a hike/walk, take care of, take charge of, take for, take into account, take in vain, take no prisoners, take the floor, take to court, take to task, take a chance, take notice of, take pity on, take as, take by surprise, take in, take the trouble to, take over, take down	0.333333333333333	0.5637	0.0001	no_cond	0.04997857244405471	101.77044947727964	58.173702805357	79.97207614131833	0.03631585252891308	95.20419945635767	96.45021655973224	95.82720800804495	103.6276495697457
bert_base_uncased	orig	take	took	15.0	taken	6.0	ppt	47(8b)	Phrases: take care, take charge, take effect, take five, take hold, take part, take place, take turns, take control, take notice, take for granted, take a toll, take off, take aback	3.85714285714286	0.0495	0.0207	prob	0.07200743288246596	107.28600449993975	68.76538972654683	88.0256971132433	0.0024771221275805464	103.6296412882477	95.05991075846238	99.34477602335504	106.56074157520347
bert_base_uncased	orig	take	took	15.0	taken	6.0	ppt	47(9a)	"To get into one's hands or into one's possession, power or control. To seize or capture physically. ""took them as prisoners"" To get possession of (fish or game) by killing or capturing. To acquire by eminent domain."	3.85714285714286	0.0495	0.0207	prob	0.062299169827963574	70.99184560726908	76.79653753013316	73.89419156870113	0.020275900564435588	79.23702886361943	76.75210877170592	77.99456881766267	83.55172623400811
bert_base_uncased	orig	tear	tore	4.0	torn	14.0	ppt	48(4a)	"To divide or disrupt by the pull of contrary forces. ""a mind torn with doubts"""	5.55555555555556	0.0184	0.1039	cat	0.07512566422889434	34.80663285922125	84.07451055105088	59.440571705136065	0.03966721929149507	65.50339473589327	83.6612111828442	74.58230295936873	87.15175343106858
bert_base_uncased	orig	tear	tore	14.0	torn	21.0	ppt	48(5a)	"To remove by force. To wrench. Often used with 'off'. ""tear a cover off a box"""	1.4	0.2367	0.0	no_cond	0.10480689292359918	68.28578400175311	60.69771528531835	64.49174964353574	0.0635959530425164	68.07067533119907	66.43920589711479	67.25494061415694	73.92498320803843
bert_base_uncased	orig	tear	tore	25.0	torn	13.0	ppt	48(7a)	"To damage, remove, or effect an opening in. ""tore up the street to lay a new water main"""	3.78947368421053	0.0516	0.0001	no_cond	0.06806740345818188	75.44174087909752	74.27135691883534	74.85654889896642	0.05974183824727388	78.98076292948659	69.2248159808771	74.10278945518183	82.78724600769831
bert_base_uncased	orig	throw	throwed	6.0	threw	10.0	pst	46(1a)	Phrases: throw cold water on, throw money at, throw one's weight around, throw to the wolves, throw together	1.0	0.3173	0.0177	no_cond	0.14969098260598868	0.0	83.50762314431095	41.75381157215548	0.009640628923961827	66.2189578513431	87.95495987102002	77.08695886118156	88.53033002834472
bert_base_uncased	orig	throw	throwed	9.0	threw	24.0	pst	46(3a)	"To propel through the air by a forward motion of the hand and arm. ""throw a baseball"""	6.81818181818182	0.009	0.0021	prob	0.19136680483940766	79.5694335305817	78.72916993350648	79.1493017320441	0.09767097966470133	62.56641793649352	100.30357295129949	81.4349954438965	103.88539639063374
bert_base_uncased	orig	throw	throwed	14.0	threw	4.0	pst	46(5b)	"To drive or impel violently. ""The ship was thrown on a reef."""	5.55555555555556	0.0184	0.1039	cat	0.1750499204351441	58.53256770124658	65.81447064065848	62.17351917095253	0.1565289572232791	55.0829163353095	77.64994116802784	66.36642875166866	70.40759189643553
bert_base_uncased	orig	throw	throwed	16.0	threw	3.0	pst	46(6a)	"To put in a particular position or condition. ""threw her arms around him"" / ""thrown into chaos"" / ""threw him into prison"""	8.89473684210526	0.0029	0.2297	cat	0.11231230043736296	66.20694942768111	0.0	33.103474713840555	0.13913707546440265	59.06826128716991	67.1690552995954	63.11865829338265	68.42554982210912
bert_base_uncased	orig	tread	trod	16.0	trodden	3.0	ppt	49(1a)	"To move or proceed on or as if on foot. ""must tread lightly"""	8.89473684210526	0.0029	0.2297	cat	0.043708698808279815	47.57535798650396	37.897371486444555	42.73636473647426	0.02395858223216409	49.331884470374426	27.532676256480414	38.432280363427424	49.76278457487884
bert_base_uncased	orig	tread	trod	27.0	trodden	19.0	ppt	49(5a)	"To step or walk on or over. (I used as ""to travel"")"	1.39130434782609	0.2382	0.0	no_cond	0.035781295641433744	43.504588271600284	50.91504195800213	47.2098151148012	0.06466102914046618	48.225896516923804	40.728670541133	44.4772835290284	49.643712207527706
bert_base_uncased	orig	tread	trod	24.0	trodden	14.0	ppt	49(5b)	"To walk or proceed along. To follow. ""treading a fine line between tradition and innovation"""	2.63157894736842	0.1048	0.0	no_cond	0.07079280266820566	53.598627846899355	50.56020736794805	52.07941760742371	0.06541392408478951	57.092926735113814	43.939111199720365	50.51601896741709	57.613282893987055
bert_base_uncased	orig	tread	trod	23.0	trodden	52.0	ppt	49(7a)	To beat or press with the feet. To trample.	11.2133333333333	0.0008	0.0	prob	0.0550123102475294	48.777897206079295	43.50358834171936	46.140742773899326	0.10361565855770156	49.589168484773715	43.82860974905781	46.70888911691576	50.25584818347701
bert_base_uncased	orig	tread	treaded	26.0	trod	29.0	pst	49(1a)	"To move or proceed on or as if on foot. ""must tread lightly"""	0.163636363636364	0.6858	0.0	no_cond	0.08747181731879523	68.18107508508673	76.4452650496199	72.31317006735333	0.10016078144365417	78.43236284501901	66.56760300229972	72.49998292365936	81.81290864852569
bert_base_uncased	orig	tread	treaded	50.0	trod	6.0	pst	49(4a)	Phrases: tread on one's toes, tread water	34.5714285714286	0.0	0.0271	prob	0.15450787376990838	71.16326171782966	57.849319906125636	64.50629081197765	0.10388254880504834	66.35935464530779	52.232549294054614	59.2959519696812	69.34973584906106
bert_base_uncased	orig	tread	treaded	3.0	trod	14.0	pst	49(5a)	To step or walk on or over	7.11764705882353	0.0076	0.2273	cat	0.031602629191558936	46.913973578118636	64.937367801865	55.92567068999182	0.09101788420221073	47.66229501100464	61.99005509121155	54.826175051108095	67.21080009270466
bert_base_uncased	orig	tread	treaded	5.0	trod	20.0	pst	49(5b)	"To walk or proceed along. To follow. ""treading a fine line between tradition and innovation"""	9.0	0.0027	0.0502	cat	0.05883159752875007	66.34491451990672	57.769232742529994	62.05707363121836	0.0612773328093962	54.603539213318	66.21546572625358	60.40950246978579	69.72762047501405
bert_base_uncased	orig	wake	woke	45.0	woken	33.0	ppt	52(2a)	"To awake. To wake up. ""They woke early."""	1.84615384615385	0.1742	0.0	no_cond	0.0442528643152698	64.42784236726729	73.69874794787457	69.06329515757093	0.04116274622528536	69.80785354852831	67.98990253840711	68.8988780434677	72.84661044641403
bert_base_uncased	orig	wake	woke	8.0	woken	21.0	ppt	52(3a)	Intransitive 4c.	5.82758620689655	0.0158	0.0045	prob	0.08399054475822436	46.05463530939689	51.9677589523395	49.0111971308682	0.02169684258454676	47.484822510018276	55.40437776242778	51.44460013622303	56.462972668044024
bert_base_uncased	orig	wake	woke	42.0	woken	33.0	ppt	52(5a)	"To rouse from or as if from sleep. To awake. To wake up. ""Something woke her in the middle of the night."""	1.08	0.2987	0.0	no_cond	0.04772377451527427	58.45619860876344	68.61437078369138	63.53528469622741	0.059893539879236325	67.09083723439993	61.73551550024511	64.41317636732252	69.8859898746203
bert_base_uncased	orig	wear	wore	27.0	worn	39.0	ppt	53(5a)	"To bear or have on the person. ""wore a coat"""	2.18181818181818	0.1396	0.0	no_cond	0.09239237521826046	64.55153277592892	64.0225080727372	64.28702042433306	0.03487577581910435	64.9305278825496	70.84474203173049	67.88763495714005	72.30002849465477
bert_base_uncased	orig	weave	weaved	8.0	woven	7.0	ppt	50(5a)	To form (cloth) by interlacing strands (as of yarn).	0.0666666666666667	0.7963	0.0063	no_cond	0.09596469023513866	58.17376612851402	50.86006449654537	54.51691531252969	0.12500488073595467	54.839557315742354	51.89372865520274	53.36664298547255	66.79721413855124
bert_base_uncased	orig	weave	weaved	7.0	woven	17.0	ppt	50(5b)	To interlace (threads) into cloth.	4.16666666666667	0.0412	0.0094	prob	0.1135503192836932	59.2668459967416	51.20803825767665	55.23744212720912	0.07641838901908915	48.44733353845349	58.8464997261157	53.6469166322846	63.15631500567939
bert_base_uncased	orig	weave	weaved	7.0	woven	9.0	ppt	50(8a)	To produce by elaborately combining elements. To contrive.	0.25	0.6171	0.0068	no_cond	0.0876458426961586	42.594737851288194	48.88310558868049	45.73892171998435	0.0876458426961586	42.594737851288194	48.88310558868049	45.73892171998435	54.94088073713195
bert_base_uncased	orig	weave	weaved	18.0	woven	20.0	ppt	50(8c)	To introduce as an appopriate element. To work in. Usually used with in or into.	0.105263157894737	0.7456	0.0	no_cond	0.10073213155745303	47.390663929752016	49.56424613560098	48.4774550326765	0.10144731350123055	47.43513630817031	49.55448091710763	48.49480861263897	55.999034724631564
bert_base_uncased	orig	weave	weaved	65.0	wove	16.0	pst	50(3a)	To move in a devious, winding, or zigzag course especially to avoid obstacles.	29.641975308642	0.0	0.0	prob	0.07516970253820211	65.6454706235975	68.94543960762093	67.29545511560922	0.09301137711992909	67.96364931012941	60.37466374692164	64.16915652852552	72.20524300757843
bert_base_uncased	orig	weave	weaved	11.0	wove	12.0	pst	50(8a)	To produce by elaborately combining elements. To contrive.	0.0434782608695652	0.8348	0.0002	no_cond	0.10648312784492012	57.11621710551795	54.715921317474184	55.916069211496065	0.10939238062064681	58.992695803041734	52.17474982819405	55.58372281561789	65.73318311139532
bert_base_uncased	orig	weave	weaved	6.0	wove	15.0	pst	50(8b)	To unite in a coherent whole.	3.85714285714286	0.0495	0.0207	prob	0.10393373811289312	48.67405915986012	47.20183299086927	47.93794607536469	0.1239276553180861	46.963100533315604	47.85338178957729	47.40824116144645	56.26330132311312
bert_base_uncased	orig	weave	weaved	5.0	wove	23.0	pst	50(8c)	To introduce as an appopriate element. To work in. Usually used with in or into.	11.5714285714286	0.0007	0.0515	cat	0.06488362462371274	47.52184929638001	49.95761670509202	48.73973300073602	0.13294056991967568	48.22766338960811	47.85187002728859	48.039766708448354	53.96407059297938
bert_base_uncased	orig	wet	wetted	30.0	wet	14.0	pst	51(4a)	To make wet.	5.81818181818182	0.0159	0.0	prob	0.06542551531951953	68.5355932555539	73.49796031626741	71.01677678591065	0.09535628024570783	68.50695632202597	74.22623574836022	71.3665960351931	78.23164652467283
bert_base_uncased	orig	wet	wetted	6.0	wet	24.0	pst	51(5a)	"To urinate in or on. ""wet his pants"""	10.8	0.001	0.0237	prob	0.08202711534382913	64.60698894242047	72.02004100765816	68.31351497503931	0.08270398413203764	58.18916966729978	74.21810116212775	66.20363541471377	78.28880255348143
bert_base_uncased	orig	write	wrote	70.0	written	75.0	ppt	54(5b)	"To be the author of. To compose. ""writes poems and essays"" To compose in musical form. ""write a string quartet"""	0.172413793103448	0.678	0.0	no_cond	0.05192456482380625	66.44400913393547	74.92459008084529	70.68429960739039	0.025495665697525358	68.11690489034302	77.54186296217532	72.82938392625917	75.54886047562795
bert_base_uncased	orig	write	wrote	21.0	written	7.0	ppt	54(6a)	To make a permanent impression of.	7.0	0.0082	0.0102	prob	0.06139638569967248	61.23269736049174	66.37606292463605	63.80438014256389	0.03766516945909447	67.13825686997014	61.19776433891377	64.16801060444195	70.04647208658564
kanishka_GlossBERT	delta	begin	began	16.0	begun	20.0	ppt	2(1a)	"To do the first part of an action. To go into the first part of a process. To start. ""Began by introducing herself"" ""will have to begin again"""	0.444444444444444	0.505	0.0	no_cond	0.3590152590130543	1.1860493280753266	0.8175077450743748	1.0017785365748506	0.3590152590130543	1.1860493280753266	0.8175077450743748	1.0017785365748506	1.6978860889917096
kanishka_GlossBERT	delta	begin	began	76.0	begun	64.0	ppt	2(4a)	"To set about the activity of. To start. ""They began the lecture at 10:00."" ""have already begun construction"""	1.02857142857143	0.3105	0.0	no_cond	0.326971382076402	0.862248312592555	0.9354145214777603	0.8988314170351577	0.326971382076402	0.862248312592555	0.9354145214777603	0.8988314170351577	1.4472613578582352
kanishka_GlossBERT	delta	begin	began	8.0	begun	14.0	ppt	2(5a)	"To bring into being. To found. ""credited with beginning the movement"" ""In 1819, he married the daughter of É chief and began a dynasty that would last for nearly 200 years."""	1.63636363636364	0.2008	0.0036	no_cond	0.014618733093288138	0.0	1.2808817557740941	0.6404408778870471	0.29211525484234874	0.6715246279245553	0.9165775086398144	0.7940510682821849	1.2851637147486956
kanishka_GlossBERT	delta	bid	bidden	1.0	bid	41.0	ppt	3(3a)	"To offer (a price) whether for payment or acceptance. ""The contractor bid $10,000 less than his nearest competitor."""	38.0952380952381	0.0	1.0	cat	0.0823947142867906	7.974032925524988	9.786898383537649	8.880465654531319	0.2560156207366672	0.0	9.68180572882574	4.84090286441287	10.066517877099152
kanishka_GlossBERT	delta	bid	bidden	57.0	bid	25.0	ppt	3(4a)	"To issue an order to. To tell. ""did as I was bid"""	12.4878048780488	0.0004	0.0	prob	0.35919323916733226	17.634535849609346	15.011030295603586	16.322783072606466	0.35919323916733226	17.634535849609346	15.011030295603586	16.322783072606466	27.391647432610014
kanishka_GlossBERT	delta	bid	bidden	17.0	bid	0.0	ppt	3(4b)	"To request to come. To invite. ""were bidden to the wedding"""	17.0	0.0	1.0	cat	0.028997491711987785	12.918010358487274	13.212584463888577	13.065297411187926		14.302851512993618			14.302851512993618
kanishka_GlossBERT	delta	bid	bidden	10.0	bid	10.0	ppt	3(5a)	"To give expression to. ""bade a tearful farewell"""	0.0	1.0	0.0004	no_cond	0.3462324648368069	6.752062399205113	6.162630051845467	6.45734622552529	0.3462324648368069	6.752062399205113	6.162630051845467	6.45734622552529	11.551767275679984
kanishka_GlossBERT	delta	bid	bid	16.0	bade	0.0	pst	3(3a)	"To offer (a price) whether for payment or acceptance. ""The contractor bid $10,000 less than his nearest competitor."""	16.0	0.0001	1.0	cat	0.4036193542469334	15.514073191297664	0.0	7.757036595648832		19.303650577007634			19.303650577007634
kanishka_GlossBERT	delta	bid	bid	25.0	bade	67.0	pst	3(4a)	"To issue an order to. To tell. ""did as I was bid"""	19.1739130434783	0.0	0.0	prob	0.439425137067729	10.238814882624263	11.150725414149283	10.694770148386773	0.439425137067729	10.238814882624263	11.150725414149283	10.694770148386773	20.342276677870498
kanishka_GlossBERT	delta	bid	bid	33.0	bade	27.0	pst	3(5a)	"To give expression to. ""bade a tearful farewell"""	0.6	0.4386	0.0	no_cond	0.4507913321840596	9.96646404350237	8.975162682556215	9.470813363029293	0.4507913321840596	9.96646404350237	8.975162682556215	9.470813363029293	20.712991695747107
kanishka_GlossBERT	delta	break	broke	19.0	broken	7.0	ppt	4(10b)	"To become inoperative because of damage, wear, or strain. ""The pump broke."""	5.53846153846154	0.0186	0.0098	prob	0.2325437928872301	3.483973431054402	3.6022535673808656	3.543113499217634	0.2325437928872301	3.483973431054402	3.6022535673808656	3.543113499217634	4.63242326902455
kanishka_GlossBERT	delta	break	broke	9.0	broken	14.0	ppt	4(17a)	"To separate into parts with suddenness or violence. ""broke the plate"" ""Break the chocolate bar in half."""	1.08695652173913	0.2971	0.0015	no_cond	0.18648706268908913	3.3350920221708114	4.763772930994926	4.049432476582869	0.18648706268908913	3.3350920221708114	4.763772930994926	4.049432476582869	5.397239095015892
kanishka_GlossBERT	delta	break	broke	5.0	broken	20.0	ppt	4(18a)	"To violate. To transgress. ""break the law"" ""break a promise"" ""breaking conventions"""	9.0	0.0027	0.0502	cat	0.13174872622887196	1.2775565683291936	1.2806813543615814	1.2791189613453875	0.2440766798940648	0.9544267858835299	1.233643099409659	1.0940349426465945	1.544254163301663
kanishka_GlossBERT	delta	break	broke	7.0	broken	13.0	ppt	4(26a)	"To split into smaller units, parts, or processes. To divide. ""break the grammar lesson into digestible chunks."" ""break a word at the end of a line"""	1.8	0.1797	0.0083	no_cond	0.23786772304576353	3.986099451056038	5.601595807224077	4.793847629140057	0.23786772304576353	3.986099451056038	5.601595807224077	4.793847629140057	7.223720397512958
kanishka_GlossBERT	delta	break	broke	9.0	broken	6.0	ppt	4(29a)	"To exceed. To surpass. ""break the record"""	0.6	0.4386	0.0169	no_cond	0.28232857180636944	2.064387670011028	1.4903801771006568	1.7773839235558424	0.28232857180636944	2.064387670011028	1.4903801771006568	1.7773839235558424	2.8761008888536437
kanishka_GlossBERT	delta	break	broke	9.0	broken	8.0	ppt	4(7a)	"To end a relationship, connection, or agreement; usually used with with or from. ""break with tradition"" ""broke with the leadership"""	0.0588235294117647	0.8084	0.0027	no_cond	0.3038989868031489	2.0909758761781583	2.942783217899931	2.5168795470390446	0.3038989868031489	2.0909758761781583	2.942783217899931	2.5168795470390446	4.232213761480626
kanishka_GlossBERT	delta	bring	brung	34.0	brought	31.0	pst	5(3a)	"To convey, lead, carry, or cause to come along with one toward the place from which the action is being regarded. ""brought a bottle of wine to the party"""	0.138461538461538	0.7098	0.0	no_cond	0.47595933483867214	16.823033883552856	16.44005959763926	16.631546740596058	0.47595933483867214	16.823033883552856	16.44005959763926	16.631546740596058	39.49929918390306
kanishka_GlossBERT	delta	bring	brung	55.0	brought	14.0	pst	5(3e)	"(Dialect) To escort. To accompany. ""May I bring you home?"""	24.3623188405797	0.0	0.0001	prob	0.4847896951850661	15.92757740871144	14.66915488854155	15.298366148626496	0.4847896951850661	15.92757740871144	14.66915488854155	15.298366148626496	30.421518565947714
kanishka_GlossBERT	delta	bring	brung	8.0	brought	39.0	pst	5(4a)	"To cause to exist or occur. Such as: To be the occasion of. ""Winter brings snow."" To result in. ""The drug brought immediate relief."" ""brought tears to her eyes"" To institute. ""bring legal action"" To adduce. ""bring an argument"""	20.4468085106383	0.0	0.0056	prob	0.40747232261884614	10.670480980215705	15.415230223744834	13.04285560198027	0.40747232261884614	10.670480980215705	15.415230223744834	13.04285560198027	23.077464152382078
kanishka_GlossBERT	delta	bring	brung	3.0	brought	16.0	pst	5(7a)	Phrases: bring forth, bring forward, bring home, bring to account, bring to bear, bring to book, bring to light, bring to mind, bring to terms	8.89473684210526	0.0029	0.2297	cat	0.44339807813774373	15.124561620471885	16.822464081652495	15.973512851062189	0.44339807813774373	15.124561620471885	16.822464081652495	15.973512851062189	27.958062026461658
kanishka_GlossBERT	delta	burn	burnt	12.0	burned	18.0	ppt	6(10b)	"To subject to misfortune, mistreatment, or deception. Often used in passive. ""has been burned in love"""	1.2	0.2733	0.0001	no_cond	0.4227412785079309	2.7305298151127313	2.8279433616261858	2.7792365883694585	0.4227412785079309	2.7305298151127313	2.8279433616261858	2.7792365883694585	5.811690110294493
kanishka_GlossBERT	delta	burn	burnt	47.0	burned	39.0	ppt	6(7a)	"To cause to undergo combustion. Especially, to destroy by fire. ""burned the trash"""	0.744186046511628	0.3883	0.0	no_cond	0.38647857761825705	2.682523874647947	2.415098631513154	2.548811253080551	0.38647857761825705	2.682523874647947	2.415098631513154	2.548811253080551	4.515694950229202
kanishka_GlossBERT	delta	burn	burnt	15.0	burned	6.0	ppt	6(7b)	"To use as fuel. ""This furnace burns gas"""	3.85714285714286	0.0495	0.0207	prob	0.4857998277860696	1.8004613708123847	2.0459183281692446	1.9231898494908146	0.4857998277860696	1.8004613708123847	2.0459183281692446	1.9231898494908146	4.1961296220874305
kanishka_GlossBERT	delta	burn	burnt	5.0	burned	11.0	ppt	6(9a)	"To injure or damage by or as if by exposure to fire, heat, or radiation. To scorch. ""burned his hand"""	2.25	0.1336	0.0434	no_cond	0.2524017351866681	5.5331158977213075	0.0	2.7665579488606538	0.3623869914711777	2.00045691681552	4.163267961580451	3.0818624391979856	6.085035455638524
kanishka_GlossBERT	delta	burn	burnt	6.0	burned	12.0	pst	6(3a)	"To undergo alteration or destruction by the action of fire or heat. ""The house burned down."" ""The potatoes burned to a crisp."""	2.0	0.1573	0.0191	no_cond	0.3642946363731008	2.2866251108833477	2.2913183972972715	2.2889717540903094	0.3642946363731008	2.2866251108833477	2.2913183972972715	2.2889717540903094	4.081542802207579
kanishka_GlossBERT	delta	burn	burnt	39.0	burned	50.0	pst	6(7a)	"To cause to undergo combustion. Especially, to destroy by fire. ""burned the trash"""	1.35955056179775	0.2436	0.0	no_cond	0.34877088604385315	2.389740535569131	2.1773076338187596	2.283524084693945	0.34877088604385315	2.389740535569131	2.1773076338187596	2.283524084693945	3.7979431688238927
kanishka_GlossBERT	delta	burn	burnt	20.0	burned	3.0	pst	6(9a)	"To injure or damage by or as if by exposure to fire, heat, or radiation. To scorch. ""burned his hand"""	12.5652173913043	0.0004	0.2333	cat	0.4419952344352634	2.61513222519204	2.154910744648405	2.3850214849202223	0.4419952344352634	2.61513222519204	2.154910744648405	2.3850214849202223	4.050797805551294
kanishka_GlossBERT	delta	creep	creeped	3.0	crept	25.0	ppt	7(2a)	"To go very slowly. ""The hours crept by."""	17.2857142857143	0.0	0.2364	cat	0.3797764057710692	2.5149216230242435	5.122579673015781	3.8187506480200124	0.3797764057710692	2.5149216230242435	5.122579673015781	3.8187506480200124	6.712549485995952
kanishka_GlossBERT	delta	creep	creeped	10.0	crept	63.0	ppt	7(2c)	"To enter or advance gradually so as to be almost unnoticed. ""Age creeps up on us."" ""A note of irritation crept into her voice."""	38.4794520547945	0.0	0.0014	prob	0.25317508465668315	0.0	7.305619935096555	3.6528099675482775	0.49434536230275383	6.093726601220501	4.184279848700973	5.139003224960737	7.417141789374447
kanishka_GlossBERT	delta	creep	creeped	72.0	crept	0.0	ppt	7(6a)	"To cause (someone) to have an uncomfortable feeling of nervousness or hear. To give (someone) the creeps. ""That guy really creeps me out."" ""I felt creeped out being alone in the office at night."""	72.0	0.0	1.0	cat	0.04562246398688164	8.048536973174597	9.72467985807126	8.886608415622929		9.891289344846857			9.891289344846857
kanishka_GlossBERT	delta	creep	creeped	2.0	crept	32.0	pst	7(2a)	"To go very slowly. ""The hours crept by."""	26.4705882352941	0.0	0.4925	cat	0.12666528194968557	4.516033108718114	5.546381938242695	5.031207523480404	0.33319148939806476	2.196690393991268	5.193621761146188	3.695156077568728	5.948263757623823
kanishka_GlossBERT	delta	creep	creeped	4.0	crept	32.0	pst	7(2b)	"To go timidly or cautiously so as to escape notice. ""She crept away from the festive scene."""	21.7777777777778	0.0	0.1145	cat	0.1390752221686369	3.1724630182380364	7.578701198666209	5.375582108452123	0.41231781727045175	3.341893218665314	5.72868659825825	4.535289908461782	7.813270701322854
kanishka_GlossBERT	delta	creep	creeped	6.0	crept	36.0	pst	7(2c)	"To enter or advance gradually so as to be almost unnoticed. ""Age creeps up on us."" ""A note of irritation crept into her voice."""	21.4285714285714	0.0	0.0258	prob	0.4403488849528917	5.236466516536096	5.420014635546669	5.328240576041383	0.4403488849528917	5.420014635546669	5.236466516536096	5.328240576041383	8.318891569583993
kanishka_GlossBERT	delta	creep	creeped	81.0	crept	0.0	pst	7(6a)	"To cause (someone) to have an uncomfortable feeling of nervousness or hear. To give (someone) the creeps. ""That guy really creeps me out."" ""I felt creeped out being alone in the office at night."""	81.0	0.0	1.0	cat	0.024858609241423434	6.739443575802576	5.577786441097049	6.158615008449813		6.679212268035745			6.679212268035745
kanishka_GlossBERT	delta	disprove	disproven	100.0	disproved	100.0	ppt	8(1a)	"To prove to be false or wrong. To refute. ""disprove a theory"""	0.0	1.0	0.0	no_cond	0.465261302887963	2.585328681011068	2.8400371118275296	2.712682896419299	0.465261302887963	2.585328681011068	2.8400371118275296	2.712682896419299	5.992658395610979
kanishka_GlossBERT	delta	dive	dived	28.0	dove	15.0	pst	9(1a)	To plunge into water intentionally	3.93023255813953	0.0474	0.0	prob	0.4514875990188551	6.825365624824095	6.4498755233636755	6.637620574093885	0.4514875990188551	6.825365624824095	6.4498755233636755	6.637620574093885	14.249469347737339
kanishka_GlossBERT	delta	dive	dived	25.0	dove	49.0	pst	9(3a)	To plunge into some matter or activity	7.78378378378378	0.0053	0.0	prob	0.4824320365449702	5.774673337963087	6.648880070756617	6.211776704359852	0.4824320365449702	6.648880070756617	5.774673337963087	6.211776704359852	13.664831208695396
kanishka_GlossBERT	delta	dive	dived	34.0	dove	33.0	pst	9(3b)	To plunge or dash for some place, expecially to seize something	0.0149253731343284	0.9028	0.0	no_cond	0.4577066119420965	5.454303919766973	4.52006330082853	4.987183610297752	0.4577066119420965	5.454303919766973	4.52006330082853	4.987183610297752	11.149800833280285
kanishka_GlossBERT	delta	dream	dreamt	59.0	dreamed	53.0	ppt	11(2a)	"To indulge in daydreams or fantasies. ""dreaming of a better future"""	0.321428571428571	0.5708	0.0	no_cond	0.5371118297971571	7.053861071031279	6.286669694172534	6.670265382601906	0.5371118297971571	7.053861071031279	6.286669694172534	6.670265382601906	18.98356845430063
kanishka_GlossBERT	delta	dream	dreamt	20.0	dreamed	28.0	ppt	11(5a)	"To consider as a possibility. To imagine. ""never dreamed I would become a teacher"""	1.33333333333333	0.2482	0.0	no_cond	0.4676902387735718	8.243863271861423	7.885301643491341	8.064582457676382	0.4676902387735718	8.243863271861423	7.885301643491341	8.064582457676382	18.307750116424184
kanishka_GlossBERT	delta	dream	dreamt	7.0	dreamed	15.0	ppt	11(8a)	"To come up with the idea for. Often, the phrase ""dream up""."	2.90909090909091	0.0881	0.0089	no_cond	0.45515058199067543	6.853104331175277	6.318135060308136	6.585619695741706	0.45515058199067543	6.318135060308136	6.853104331175277	6.585619695741706	14.435047430849192
kanishka_GlossBERT	delta	dream	dreamt	25.0	dreamed	44.0	pst	11(2a)	"To indulge in daydreams or fantasies. ""dreaming of a better future"""	5.23188405797101	0.0222	0.0	prob	0.5024813270883266	6.63567754477153	6.474495990329352	6.555086767550441	0.5024813270883266	6.474495990329352	6.63567754477153	6.555086767550441	16.207721203240723
kanishka_GlossBERT	delta	dream	dreamt	56.0	dreamed	15.0	pst	11(4a)	"To have a dream of. ""dreamt that he was running in the woods"""	23.6760563380282	0.0	0.0	prob	0.49724645608237444	6.514516331278874	5.791408226185809	6.152962278732342	0.49724645608237444	6.514516331278874	5.791408226185809	6.152962278732342	12.961471664913628
kanishka_GlossBERT	delta	dream	dreamt	6.0	dreamed	20.0	pst	11(5a)	"To consider as a possibility. To imagine. ""never dreamed I would become a teacher"""	7.53846153846154	0.006	0.0226	prob	0.09215584156668957	13.848359456319443	12.626346425818484	13.237352941068963	0.5029406277680465	6.055916497307091	6.992874328377286	6.524395412842189	14.761342357469045
kanishka_GlossBERT	delta	dream	dreamt	7.0	dreamed	20.0	pst	11(8a)	"To come up with the idea for. Often, the phrase ""dream up""."	6.25925925925926	0.0124	0.01	prob	-0.1308499999083158	0.0	13.04645625830368	6.52322812915184	0.5213486540239274	6.339539675881906	5.035507325737309	5.687523500809608	12.880192816413093
kanishka_GlossBERT	delta	drink	drank	17.0	drunk	11.0	ppt	10(2a)	"To partake of alcoholic beverages. ""has quit drinking"""	1.28571428571429	0.2568	0.0003	no_cond	0.4617199666659172	4.289604001104718	4.006376606554183	4.1479903038294506	0.4617199666659172	4.289604001104718	4.006376606554183	4.1479903038294506	9.453044846495686
kanishka_GlossBERT	delta	drink	drank	59.0	drunk	45.0	ppt	10(4a)	"To swallow. To imbibe. ""drink a glass of water"""	1.88461538461538	0.1698	0.0	no_cond	0.42756729294248114	4.9749320553003535	4.61966448652942	4.797298270914887	0.42756729294248114	4.9749320553003535	4.61966448652942	4.797298270914887	9.678267733182672
kanishka_GlossBERT	delta	drink	drank	17.0	drunk	34.0	ppt	10(7a)	Phrase: drink the Kool-Aid	5.66666666666667	0.0173	0.0	prob	0.5416165554259543	2.6077677610337444	2.234263455920983	2.4210156084773637	0.5416165554259543	2.234263455920983	2.6077677610337444	2.4210156084773637	6.785982697384969
kanishka_GlossBERT	delta	drive	drove	0.0	driven	25.0	ppt	12(11a)	"To give shape or impulse to. ""factors that drive the business cycle"" ""the ideas that have driven history"""	25.0	0.0	1.0	cat	0.09527565414559097	1.7229797967246667	1.977243775440487	1.8501117860825769			2.1753900744386994		2.1753900744386994
kanishka_GlossBERT	delta	drive	drove	27.0	driven	4.0	ppt	12(2a)	"To operate a vehicle. ""learned to drive at the age of seventeen"""	17.0645161290323	0.0	0.1128	cat	0.17635419086071902	2.0907501979655683	2.5822173512493167	2.3364837746074425	0.2512690818663438	2.3406839498942893	1.488936054520883	1.9148100022075862	2.745686695524255
kanishka_GlossBERT	delta	drive	drove	12.0	driven	3.0	ppt	12(7b)	"To operate the mechanism and controls and direct the course of (a vehicle). ""drive a car"""	5.4	0.0201	0.2241	cat	0.2842020374684072	1.6652777412885378	1.7790180905283564	1.722147915908447	0.2842020374684072	1.6652777412885378	1.7790180905283564	1.722147915908447	2.3654529977719765
kanishka_GlossBERT	delta	drive	drove	0.0	driven	24.0	ppt	12(8a)	"To exert inescapable or coescive pressure on. To force. ""driven by his passions"""	24.0	0.0	1.0	cat	0.3643631706964595	3.9628189763690136	3.956000783005985	3.9594098796874992			4.9694425522891		4.9694425522891
kanishka_GlossBERT	delta	eat	ate	22.0	eaten	8.0	ppt	1(1a)	To take food or a meal.	6.53333333333333	0.0106	0.0046	prob	0.39327587907370115	2.541320761773006	3.21648574388814	2.8789032528305727	0.39327587907370115	2.541320761773006	3.21648574388814	2.8789032528305727	4.742382459511853
kanishka_GlossBERT	delta	eat	ate	61.0	eaten	81.0	ppt	1(3a)	To take in through the mouth as food. To ingest, chew, and swallow in turn.	2.8169014084507	0.0933	0.0	no_cond	0.30580106643078303	4.452561328411042	3.9547519391223864	4.203656633766714	0.30232310315378824	3.364878331717787	4.795070580914542	4.079974456316164	6.1281747657386
kanishka_GlossBERT	delta	fall	fell	10.0	fallen	21.0	ppt	13(12a)	Phrases: fall apart, fall behind, fall between two stools, fall flat, fall for, fall from grace, fall home, fall into line, fall on, fall on one's face, fall on one's sword, fall short	3.90322580645161	0.0482	0.0008	prob	0.1549677979840854	3.2403370988451203	0.0	1.6201685494225602	0.3074461616156408	2.4429541807485187	2.0858774967103537	2.264415838729436	3.327992492635025
kanishka_GlossBERT	delta	fall	fell	40.0	fallen	11.0	ppt	13(1a)	"To descend freely by the force of gravity. ""The apple fell from the tree."""	16.4901960784314	0.0	0.0005	prob	0.351095726533553	1.9636060887296296	2.7983183293565252	2.3809622090430773	0.351095726533553	1.9636060887296296	2.7983183293565252	2.3809622090430773	3.111776828061631
kanishka_GlossBERT	delta	fall	fell	4.0	fallen	30.0	ppt	13(6c)	"To decline in quality, activity, or quantity. ""Production fell off."""	19.8823529411765	0.0	0.1139	cat	0.3646773540235452	1.2055541446302902	1.5425970920732526	1.3740756183517715	0.3646773540235452	1.2055541446302902	1.5425970920732526	1.3740756183517715	2.0246369971703424
kanishka_GlossBERT	delta	fall	fell	30.0	fallen	5.0	ppt	13(9a)	"To pass suddenly and passively into a state or body of mind or a new state or condition. ""fall asleep"" / ""fall in love"""	17.8571428571429	0.0	0.0536	cat	0.3625179593696981	1.5414198629956506	1.8456360350334424	1.6935279490145465	0.3625179593696981	1.5414198629956506	1.8456360350334424	1.6935279490145465	2.1323044941084475
kanishka_GlossBERT	delta	fly	flied	2.0	flew	16.0	pst	14(1a)	"To move in or pass through the air with wings. ""bees flying around the hive"""	10.8888888888889	0.001	0.4857	cat	0.07227203112039894	17.4804029465461	2.4771325037990977	9.978767725172599	0.5475838753876685	5.400762028371698	9.372086624949182	7.38642432666044	17.524615442520428
kanishka_GlossBERT	delta	fly	flied	0.0	flew	52.0	pst	14(5a)	"To operate or travel in an airplane or spacecraft. ""They flew to Florida for their vacation."""	52.0	0.0	1.0	cat	0.07920805784002848	0.0	9.300349337778352	4.650174668889176			9.367388625733188		9.367388625733188
kanishka_GlossBERT	delta	fly	flied	96.0	flew	7.0	pst	14(7a)	To hit a fly in baseball.	76.9029126213592	0.0	0.0141	prob	0.5956750643199924	9.68673658736503	6.081113318627702	7.883924952996366	0.5956750643199924	9.68673658736503	6.081113318627702	7.883924952996366	15.462853111007078
kanishka_GlossBERT	delta	forget	forgot	41.0	forgotten	49.0	ppt	15(3a)	"To lose the remembrance of. To be unable to think of or recall. ""I forgot his name."""	0.711111111111111	0.3991	0.0	no_cond	0.3487026639721643	3.09289485264441	2.667920769452975	2.8804078110486926	0.3487026639721643	3.09289485264441	2.667920769452975	2.8804078110486926	4.774341588269406
kanishka_GlossBERT	delta	forget	forgot	28.0	forgotten	39.0	ppt	15(4a)	"To treat with inattention or disregard. ""forgot their old friends"" ""He's now a forgotten hero."""	1.80597014925373	0.179	0.0	no_cond	0.32466675885416624	3.605872821403753	2.8956518206541295	3.250762321028941	0.32466675885416624	3.605872821403753	2.8956518206541295	3.250762321028941	4.98701896454303
kanishka_GlossBERT	delta	forget	forgot	16.0	forgotten	11.0	ppt	15(5a)	"To disregard intentionally. To overlook. Usually used in the imperative. ""I shouldn't have said that, so just forget it."""	0.925925925925926	0.3359	0.0003	no_cond	0.3383877837224343	3.000247604409892	2.571789964516338	2.786018784463115	0.3383877837224343	3.000247604409892	2.571789964516338	2.786018784463115	4.819154800682925
kanishka_GlossBERT	delta	hang	hanged	1.0	hung	15.0	ppt	16(12a)	"(Informal) To pass time idly or in relaxing or socializing. To hang around. To hang out. ""hanging with friends"" ""hanging at the beach"""	12.25	0.0005	1.0	cat	0.14818134059685162	6.115677902226147	14.440178400939386	10.277928151582767	0.48064790122893997	0.0	10.004511304983422	5.002255652491711	13.995540422634198
kanishka_GlossBERT	delta	hang	hanged	0.0	hung	20.0	ppt	16(14a)	Phrases: hang fire, hang it up, hang loose, hang one on, hang out to dry, hang one's hat (on), hang ten, hang tough	20.0	0.0	1.0	cat	0.11126126622109589	8.594747540703839	8.53168820843349	8.563217874568664			10.197296863169212		10.197296863169212
kanishka_GlossBERT	delta	hang	hanged	1.0	hung	30.0	ppt	16(15a)	"To fasten to some elevated point without support from below. To suspend. ""hang a picture on the wall"""	27.1290322580645	0.0	1.0	cat	0.06790173659582237	9.969964041109105	8.246232164986601	9.108098103047853	0.4366999685682088	0.0	8.693724624630555	4.346862312315277	9.979280357288244
kanishka_GlossBERT	delta	hang	hanged	98.0	hung	26.0	ppt	16(15b)	"To suspend by the neck until dead; often hanged in the past; often used as a mild oath. ""I'll be hanged"""	41.8064516129032	0.0	0.0	prob	0.4125188851287582	6.90471548777387	7.888423515863374	7.396569501818622	0.4125188851287582	6.90471548777387	7.888423515863374	7.396569501818622	11.275058231172423
kanishka_GlossBERT	delta	hang	hanged	4.0	hung	27.0	pst	16(12a)	"(Informal) To pass time idly or in relaxing or socializing. To hang around. To hang out. ""hanging with friends"" ""hanging at the beach"""	17.0645161290323	0.0	0.1128	cat	0.5023505610771241	7.270444815319654	9.083404806380205	8.176924810849929	0.5023505610771241	9.083404806380205	7.270444815319654	8.176924810849929	12.947744046969138
kanishka_GlossBERT	delta	hang	hanged	0.0	hung	22.0	pst	16(14a)	Phrases: hang fire, hang it up, hang loose, hang one on, hang out to dry, hang one's hat (on), hang ten, hang tough	22.0	0.0	1.0	cat	0.11324792035041009	9.728981783779972	12.494929359213549	11.111955571496761			13.693430394499774		13.693430394499774
kanishka_GlossBERT	delta	hang	hanged	1.0	hung	20.0	pst	16(15a)	"To fasten to some elevated point without support from below. To suspend. ""hang a picture on the wall"""	17.1904761904762	0.0	1.0	cat	-0.03922684742133441	4.405240308173818	11.57577900293586	7.990509655554839	0.38548751349196775	0.0	9.719393377851363	4.859696688925681	11.38954356759425
kanishka_GlossBERT	delta	hang	hanged	94.0	hung	3.0	pst	16(15b)	"To suspend by the neck until dead; often hanged in the past; often used as a mild oath. ""I'll be hanged"""	85.3711340206186	0.0	0.2461	cat	0.09851243313461087	6.17836134796558	6.4207737641233225	6.299567556044451	0.42283719442169626	6.366222369059253	4.0920368158697515	5.229129592464503	7.120557911751129
kanishka_GlossBERT	delta	heave	hove	10.0	heaved	7.0	pst	17(2c)	"To move in an indicated way. (Past tense usually 'hove') ""The ship hove into view."""	0.529411764705882	0.4669	0.0072	no_cond	0.5024201791782147	12.899713527910393	11.928463202362055	12.414088365136223	0.5024201791782147	12.899713527910393	11.928463202362055	12.414088365136223	34.2156113911496
kanishka_GlossBERT	delta	heave	hove	36.0	heaved	0.0	pst	17(2d)	Phrase: heave into view, heave into sight.	36.0	0.0	1.0	cat	0.09453054409854605	10.407214139642688	9.727589057176697	10.067401598409692		11.334338152760305			11.334338152760305
kanishka_GlossBERT	delta	heave	hove	5.0	heaved	12.0	pst	17(8a)	"To throw. To cast. ""heaved her books on the floor"""	2.88235294117647	0.0896	0.0445	no_cond	0.49772284435731384	10.094763338151159	9.666312460095847	9.880537899123503	0.49772284435731384	9.666312460095847	10.094763338151159	9.880537899123503	24.407356495162645
kanishka_GlossBERT	delta	heave	hove	0.0	heaved	22.0	pst	17(9a)	"To utter with obvious effort or with a deep breath. ""heaved a sigh of relief"""	22.0	0.0	1.0	cat	0.09159200318721493	7.673744095942922	10.073744879999996	8.873744487971459			10.941960916740857		10.941960916740857
kanishka_GlossBERT	delta	kneel	kneeled	40.0	knelt	50.0	pst	18(1a)	"To position the body so that one or both knees rest on the floor. ""The prisoners were ordered to kneel."""	1.11111111111111	0.2918	0.0	no_cond	0.4971316327659378	5.357939145306347	4.5606672134447885	4.959303179375568	0.4971316327659378	5.357939145306347	4.5606672134447885	4.959303179375568	12.10046123265416
kanishka_GlossBERT	delta	kneel	kneeled	60.0	knelt	50.0	pst	18(2a)	"To fall or rest on the knees. ""She kneeled on the floor next to the child."""	0.909090909090909	0.3404	0.0	no_cond	0.5335059771066735	5.173862808978288	4.897117450582884	5.035490129780586	0.5335059771066735	5.173862808978288	4.897117450582884	5.035490129780586	14.145199003582084
kanishka_GlossBERT	delta	knit	knitted	67.0	knit	43.0	ppt	19(3a)	To form by interlacing yarn or thread in a series of connected loops with needles	5.23636363636364	0.0221	0.0	prob	0.4266248602004087	6.140433026981464	4.759571304583442	5.450002165782453	0.4266248602004087	6.140433026981464	4.759571304583442	5.450002165782453	10.878489052889602
kanishka_GlossBERT	delta	knit	knitted	23.0	knit	45.0	ppt	19(4a)	"To link firmly or closely. ""knitted my hands"""	7.11764705882353	0.0076	0.0	prob	0.4402291566325788	3.890260827652838	3.3727451116895795	3.6315029696712084	0.4402291566325788	3.890260827652838	3.3727451116895795	3.6315029696712084	7.089606313134798
kanishka_GlossBERT	delta	knit	knitted	12.0	knit	6.0	pst	19(1a)	To make knitted fabrics or objects.	2.0	0.1573	0.0191	no_cond	0.4101321229985315	7.392401706395707	5.745734685548214	6.56906819597196	0.4101321229985315	7.392401706395707	5.745734685548214	6.56906819597196	13.48157502545293
kanishka_GlossBERT	delta	knit	knitted	57.0	knit	29.0	pst	19(3a)	To form by interlacing yarn or thread in a series of connected loops with needles	9.11627906976744	0.0025	0.0	prob	0.4159883242306069	7.087461338086779	4.95704665897098	6.02225399852888	0.4159883242306069	7.087461338086779	4.95704665897098	6.02225399852888	11.570856875749085
kanishka_GlossBERT	delta	knit	knitted	5.0	knit	16.0	pst	19(4a)	"To link firmly or closely. ""knitted my hands"""	5.76190476190476	0.0164	0.0478	prob	0.4293270863581254	3.7317602612351664	4.227152269298966	3.979456265267066	0.4293270863581254	3.7317602612351664	4.227152269298966	3.979456265267066	7.725165819509447
kanishka_GlossBERT	delta	knit	knitted	10.0	knit	24.0	pst	19(4c)	"To contract into wrinkles. ""knitted her brow"""	5.76470588235294	0.0164	0.0009	prob	0.02589329192821042	9.811679389244464	0.0	4.905839694622232	0.5209879561285967	3.6408704101574854	4.100809861841653	3.870840135999569	9.834360771156513
kanishka_GlossBERT	delta	know	knowed	42.0	knew	63.0	pst	20(4a)	"To perceive directly. To have direct cognition of. To have understanding of. ""importance of knowing oneself"""	4.2	0.0404	0.0	prob	0.33414393765612654	8.127000567351589	7.361327826151565	7.744164196751576	0.33414393765612654	8.127000567351589	7.361327826151565	7.744164196751576	12.327930911401817
kanishka_GlossBERT	delta	know	knowed	26.0	knew	9.0	pst	20(4c)	To recognize as being the same as something previously known. To be acquainted or familiar with. To have experience of.	8.25714285714286	0.0041	0.0022	prob	0.26740866129802227	9.831292933304882	7.0948027327728465	8.463047833038864	0.26740866129802227	9.831292933304882	7.0948027327728465	8.463047833038864	12.736634105708776
kanishka_GlossBERT	delta	know	knowed	26.0	knew	25.0	pst	20(5a)	To be aware of the truth or factuality of. To be convinced or certain of.	0.0196078431372549	0.8886	0.0	no_cond	0.3741439351837481	10.581146648335489	6.4474981032484	8.514322375791945	0.3741439351837481	10.581146648335489	6.4474981032484	8.514322375791945	15.33977100084961
kanishka_GlossBERT	delta	lay	lain	0.0	laid	18.0	ppt	21(19b)	"To submit for examination and judgment. ""laid her case before the commission"" (I used it more like ""to show for examination"")"	18.0	0.0	1.0	cat	0.2033767381477697	12.416792470929966	10.581329507786423	11.499060989358195			14.298794034438778		14.298794034438778
kanishka_GlossBERT	delta	lay	lain	7.0	laid	13.0	ppt	21(20a)	(Often vulgar) To copulate with.	1.8	0.1797	0.0083	no_cond	0.48280156444200284	5.960739156769983	10.650814457437106	8.305776807103545	0.48280156444200284	5.960739156769983	10.650814457437106	8.305776807103545	21.821222671863143
kanishka_GlossBERT	delta	lay	lain	70.0	laid	3.0	ppt	21(2a)	"(Nonstandard) To be or to stay at rest in a horizontal position. To be prostrate. To rest. To recline. ""lie motionless"" ""lie asleep"""	61.4931506849315	0.0	0.2448	cat	0.06704923772859867	10.4433880770172	11.974390463648193	11.208889270332698	0.4133448753940016	10.621574849160824	8.14892374287137	9.385249296016097	12.204218419134481
kanishka_GlossBERT	delta	lay	lain	12.0	laid	34.0	ppt	21(6a)	Phrases: lay an egg, lay eyes on, lay into, lay on the table	10.5217391304348	0.0012	0.0002	prob	0.19808080320312477	13.815996449487901	21.068168721278834	17.442082585383368	0.32314509660496765	8.704520605214919	17.64661700927067	13.175568807242794	23.313162896841604
kanishka_GlossBERT	delta	lay	laid	17.0	lay	0.0	pst	21(13a)	"To dispose or spread over or on a surface. ""lay track"" ""lay plaster"""	17.0	0.0	1.0	cat	0.45766119379434084	0.0	3.8561727768117184	1.9280863884058592		5.018280794212247			5.018280794212247
kanishka_GlossBERT	delta	lay	laid	34.0	lay	1.0	pst	21(16a)	"To prepare. To contrive. ""a well-laid plan"""	31.1142857142857	0.0	1.0	cat	-0.0345866765364906	1.1221386288170194	4.078214668756721	2.6001766487868703	0.2039766116663814	3.924719330251302	0.0	1.962359665125651	4.029239682531941
kanishka_GlossBERT	delta	lay	laid	15.0	lay	0.0	pst	21(21a)	Phrases: lay off, lay eyes on, lay the basis	15.0	0.0001	1.0	cat	-0.03331783909208498	0.0	6.269313043522694	3.134656521761347		6.243832982026726			6.243832982026726
kanishka_GlossBERT	delta	lay	laid	10.0	lay	61.0	pst	21(2a)	"(Nonstandard) To be or to stay at rest in a horizontal position. To be prostrate. To rest. To recline. ""lie motionless"" ""lie asleep"""	36.6338028169014	0.0	0.0014	prob	0.2283955388085653	5.826510378545007	3.389788090419728	4.608149234482367	0.2283955388085653	3.389788090419728	5.826510378545007	4.608149234482367	6.512286987289641
kanishka_GlossBERT	delta	lay	laid	0.0	lay	26.0	pst	21(6b)	To have place. To exist.	26.0	0.0	1.0	cat	0.17388751035482486	0.0	5.62311544057994	2.81155772028997			5.8139006028172595		5.8139006028172595
kanishka_GlossBERT	delta	lead	lead	28.0	led	22.0	ppt	22(5b)	"To direct on a course or in a direction. ""a road leading the traveler to the heart of the city"""	0.72	0.3961	0.0	no_cond	0.1828778419482365	4.180733645431835	4.601620983765841	4.391177314598838	0.1828778419482365	4.180733645431835	4.601620983765841	4.391177314598838	5.429368252047921
kanishka_GlossBERT	delta	lead	lead	8.0	led	43.0	ppt	22(7a)	"To direct the operations, activity, or performance of. ""lead an orchestra"" To have charge of. ""lead a campaign"""	24.0196078431373	0.0	0.0058	prob	0.017806031270419024	2.237638570573179	3.6820932410507172	2.959865905811948	0.2517091185656958	3.156265241764234	3.0179300447890482	3.087097643276641	3.6654597518942618
kanishka_GlossBERT	delta	lead	lead	54.0	led	29.0	ppt	22(8a)	"To bring to some conclusion or condition. ""led to believe otherwise"""	7.53012048192771	0.0061	0.0	prob	0.27540905163118934	3.0647945814576163	2.0270247401799075	2.545909660818762	0.27540905163118934	3.0647945814576163	2.0270247401799075	2.545909660818762	3.7415505865919814
kanishka_GlossBERT	delta	lead	lead	15.0	led	5.0	pst	22(5a)	"To guide on a way especially by going in advance. ""led the officers to his hiding place"""	5.0	0.0253	0.0471	prob	0.2900921905757296	3.348274571112053	3.5994874657507197	3.4738810184313866	0.2900921905757296	3.348274571112053	3.5994874657507197	3.4738810184313866	4.94434482282183
kanishka_GlossBERT	delta	lead	lead	15.0	led	23.0	pst	22(5b)	"To direct on a course or in a direction. ""a road leading the traveler to the heart of the city"""	1.68421052631579	0.1944	0.0	no_cond	0.2543233457334176	5.573164430216944	2.4498160293227	4.011490229769822	0.2543233457334176	5.573164430216944	2.4498160293227	4.011490229769822	4.803693551328136
kanishka_GlossBERT	delta	lead	lead	17.0	led	11.0	pst	22(7a)	"To direct the operations, activity, or performance of. ""lead an orchestra"" To have charge of. ""lead a campaign"""	1.28571428571429	0.2568	0.0003	no_cond	0.2999284588549049	2.417455393746587	3.0748699908097223	2.746162692278155	0.2999284588549049	2.417455393746587	3.0748699908097223	2.746162692278155	4.065546029044508
kanishka_GlossBERT	delta	lead	lead	17.0	led	17.0	pst	22(7c)	"To go at the head of. ""lead a parade"" To be first in or among. ""lead the league"" To have a margain over. ""led his opponent"""	0.0	1.0	0.0	no_cond	0.32939040136473235	5.9461885648183985	3.6762514735206553	4.811220019169527	0.32939040136473235	5.9461885648183985	3.6762514735206553	4.811220019169527	7.428602075220357
kanishka_GlossBERT	delta	lead	lead	34.0	led	37.0	pst	22(8a)	"To bring to some conclusion or condition. ""led to believe otherwise"""	0.126760563380282	0.7218	0.0	no_cond	0.32166478708997875	2.0250537631567607	2.5136414650849845	2.2693476141208726	0.32166478708997875	2.0250537631567607	2.5136414650849845	2.2693476141208726	3.578881443675859
kanishka_GlossBERT	delta	leap	leapt	55.0	leaped	56.0	ppt	23(1a)	"To spring free from or as if from the ground. To jump. ""leap over a fence"" ""A fish leaps out of the water."""	0.009009009009009	0.9244	0.0	no_cond	0.4174877211223515	0.889205767898831	1.000231945573044	0.9447188567359375	0.4174877211223515	0.889205767898831	1.000231945573044	0.9447188567359375	1.837483795365265
kanishka_GlossBERT	delta	leap	leapt	22.0	leaped	23.0	ppt	23(2a)	"To pass abruptly from one state or topic to another. ""the difficult leap from college to the workplace"""	0.0222222222222222	0.8815	0.0	no_cond	0.43623558888272623	1.4968353069534046	1.0701930416206333	1.2835141742870189	0.43623558888272623	1.4968353069534046	1.0701930416206333	1.2835141742870189	2.6853528411637484
kanishka_GlossBERT	delta	leap	leapt	21.0	leaped	17.0	ppt	23(2b)	"To act precipitately. ""leaped at the chance"". I used it like 'to move quickly'"	0.421052631578947	0.5164	0.0	no_cond	0.38858870299403264	1.7490272532254822	1.1719727652715626	1.4605000092485225	0.38858870299403264	1.7490272532254822	1.1719727652715626	1.4605000092485225	2.7841524381187113
kanishka_GlossBERT	delta	leap	leapt	84.0	leaped	78.0	pst	23(1a)	"To spring free from or as if from the ground. To jump. ""leap over a fence"" ""A fish leaps out of the water."""	0.222222222222222	0.6374	0.0	no_cond	0.4060205797008112	0.8967690236751006	1.0467598449480435	0.9717644343115721	0.4060205797008112	0.8967690236751006	1.0467598449480435	0.9717644343115721	1.8008463108521535
kanishka_GlossBERT	delta	leap	leapt	10.0	leaped	9.0	pst	23(2a)	"To pass abruptly from one state or topic to another. ""the difficult leap from college to the workplace"""	0.0526315789473684	0.8185	0.0011	no_cond	0.3844136451861732	0.9352285183967212	1.0844899015002176	1.0098592099484693	0.3844136451861732	0.9352285183967212	1.0844899015002176	1.0098592099484693	1.9397392263318436
kanishka_GlossBERT	delta	leap	leapt	6.0	leaped	10.0	pst	23(2b)	"To act precipitately. ""leaped at the chance"""	1.0	0.3173	0.0177	no_cond	0.4025019738227208	1.3507992106180406	1.344966573092281	1.3478828918551609	0.4025019738227208	1.3507992106180406	1.344966573092281	1.3478828918551609	2.7505170402705383
kanishka_GlossBERT	delta	learn	learnt	36.0	learned	28.0	ppt	24(2a)	"To gain knowledge or understanding of or skill in by study, instruction, or experience. ""learn a trade"" ""learned to play chess"""	1.0	0.3173	0.0	no_cond	0.47169407555140974	4.20063396244991	4.550556267886907	4.375595115168409	0.47169407555140974	4.20063396244991	4.550556267886907	4.375595115168409	9.881431834689417
kanishka_GlossBERT	delta	learn	learnt	15.0	learned	12.0	ppt	24(2c)	"To come to be able to. ""learn to dance"""	0.333333333333333	0.5637	0.0001	no_cond	0.5385668249401682	3.6461151786114363	5.48439974489564	4.565257461753538	0.5385668249401682	3.6461151786114363	5.48439974489564	4.565257461753538	13.276813855477126
kanishka_GlossBERT	delta	learn	learnt	37.0	learned	55.0	ppt	24(2d)	"To come to realize. ""learned that honesty paid"""	3.52173913043478	0.0606	0.0	no_cond	0.4792421915517288	5.484561611374382	4.521146772011535	5.002854191692958	0.4792421915517288	5.484561611374382	4.521146772011535	5.002854191692958	11.053515496350423
kanishka_GlossBERT	delta	learn	learnt	51.0	learned	39.0	pst	24(2a)	"To gain knowledge or understanding of or skill in by study, instruction, or experience. ""learn a trade"" ""learned to play chess"""	1.6	0.2059	0.0	no_cond	0.46702525284366514	3.8164128020472607	5.398271026087061	4.6073419140671605	0.46702525284366514	3.8164128020472607	5.398271026087061	4.6073419140671605	9.888817912107562
kanishka_GlossBERT	delta	learn	learnt	6.0	learned	16.0	pst	24(2c)	"To come to be able to. ""learn to dance"""	4.54545454545455	0.033	0.0211	prob	0.5829883046229356	2.9833059775154918	2.393356773508211	2.6883313755118516	0.5829883046229356	2.393356773508211	2.9833059775154918	2.6883313755118516	8.828686791777606
kanishka_GlossBERT	delta	learn	learnt	37.0	learned	29.0	pst	24(2d)	"To come to realize. ""learned that honesty paid"""	0.96969696969697	0.3248	0.0	no_cond	0.48750099325195645	3.784744970635308	4.858295196393795	4.321520083514551	0.48750099325195645	3.784744970635308	4.858295196393795	4.321520083514551	10.07628734249138
kanishka_GlossBERT	delta	learn	learnt	6.0	learned	14.0	pst	24(4a)	"To come to know. To hear. ""We just learned that he was ill."""	3.2	0.0736	0.0202	no_cond	0.4527857923341944	7.73406406432621	4.823498332145436	6.278781198235823	0.4527857923341944	4.823498332145436	7.73406406432621	6.278781198235823	14.891839811818793
kanishka_GlossBERT	delta	light	lighted	45.0	lit	36.0	ppt	25(8a)	To set fire to.	1.0	0.3173	0.0	no_cond	0.33909072007407715	1.8625419800275556	2.235765547903947	2.049153763965751	0.33909072007407715	1.8625419800275556	2.235765547903947	2.049153763965751	3.283582145896792
kanishka_GlossBERT	delta	light	lighted	48.0	lit	52.0	ppt	25(9b)	"To illuminate. ""Rockets lit up the sky."""	0.16	0.6892	0.0	no_cond	0.31584943055664644	3.90171863242391	2.9450388494788857	3.4233787409513976	0.31584943055664644	3.90171863242391	2.9450388494788857	3.4233787409513976	5.151662243715105
kanishka_GlossBERT	delta	light	lighted	14.0	lit	34.0	pst	25(1a)	"To become bright / brighten. ""Her face lit up."""	8.33333333333333	0.0039	0.0	prob	0.38159284026302503	2.5313989538498416	1.949575722345708	2.2404873380977746	0.38159284026302503	1.949575722345708	2.5313989538498416	2.2404873380977746	4.040428618101494
kanishka_GlossBERT	delta	light	lighted	48.0	lit	47.0	pst	25(8a)	To set fire to.	0.0105263157894737	0.9183	0.0	no_cond	0.3407902058705156	2.007349775700695	2.0027784174919367	2.005064096596316	0.3407902058705156	2.007349775700695	2.0027784174919367	2.005064096596316	3.2113547879109485
kanishka_GlossBERT	delta	light	lighted	17.0	lit	14.0	pst	25(9b)	"To illuminate. ""Rockets lit up the sky."""	0.290322580645161	0.59	0.0	no_cond	0.35509580546569786	1.6181056619532468	2.054748697705568	1.8364271798294074	0.35509580546569786	1.6181056619532468	2.054748697705568	1.8364271798294074	3.160746749790863
kanishka_GlossBERT	delta	plead	pled	83.0	pleaded	70.0	ppt	26(3a)	"To make a plea of a specific nature. ""Plead not guilty"""	1.10457516339869	0.2933	0.0	no_cond	0.5923728557995913	9.425243340250432	8.977843374489197	9.201543357369815	0.5923728557995913	9.425243340250432	8.977843374489197	9.201543357369815	32.12096945359494
kanishka_GlossBERT	delta	plead	pled	4.0	pleaded	21.0	ppt	26(4b)	To entreat or appeal earnestly.	11.56	0.0007	0.1099	cat	0.4561499043873774	12.200211512311165	6.056969531210634	9.1285905217609	0.4561499043873774	6.056969531210634	12.200211512311165	9.1285905217609	19.520547253609994
kanishka_GlossBERT	delta	plead	pled	91.0	pleaded	73.0	pst	26(3a)	"To make a plea of a specific nature. ""Plead not guilty"""	1.97560975609756	0.1599	0.0	no_cond	0.5741256216055333	9.733219602539636	9.530158286552101	9.631688944545868	0.5741256216055333	9.733219602539636	9.530158286552101	9.631688944545868	31.111564043411594
kanishka_GlossBERT	delta	plead	pled	5.0	pleaded	24.0	pst	26(4b)	To entreat or appeal earnestly.	12.448275862069	0.0004	0.0518	cat	0.4748052081122694	11.903066189781134	10.787523839417876	11.345295014599504	0.4748052081122694	10.787523839417876	11.903066189781134	11.345295014599504	21.46927263211987
kanishka_GlossBERT	delta	prove	proved	36.0	proven	19.0	ppt	27(1a)	"To turn out, especially after trial or test. ""The new drug proved effective."""	5.25454545454545	0.0219	0.0	prob	0.38419326957978955	2.105835833458464	3.3561471842072903	2.730991508832877	0.38419326957978955	2.105835833458464	3.3561471842072903	2.730991508832877	4.359358836727096
kanishka_GlossBERT	delta	prove	proved	40.0	proven	60.0	ppt	27(2a)	"To establish the existence, truth, or validity of (as by evidence or logic). ""prove a theorem"" ""The charges were never proved in court."""	4.0	0.0455	0.0	prob	0.3432871739446407	3.202894636005135	3.294234047385808	3.2485643416954715	0.3432871739446407	3.202894636005135	3.294234047385808	3.2485643416954715	5.318844204070214
kanishka_GlossBERT	delta	prove	proved	19.0	proven	20.0	ppt	27(2b)	"To demonstrate as having a particular quality or worth. ""proved herself a great actress"" ""The vaccine has been proven effective after years of tests."""	0.0256410256410256	0.8728	0.0	no_cond	0.358823993547184	2.9796577868870875	2.8895883647560257	2.9346230758215563	0.358823993547184	2.9796577868870875	2.8895883647560257	2.9346230758215563	5.183142898194625
kanishka_GlossBERT	delta	ring	ringed	0.0	rung	42.0	ppt	28(10a)	To cause to sound, especially by striking.	42.0	0.0	1.0	cat	0.10639176227060383	6.548160448758223	3.2998426706319157	4.9240015596950695			6.7491359644676105		6.7491359644676105
kanishka_GlossBERT	delta	ring	ringed	91.0	rung	0.0	ppt	28(16a)	To place or form a ring around; to encircle.	91.0	0.0	1.0	cat	0.06524535187766439	11.447944434398446	11.700351992379963	11.574148213389204		12.573747453685993			12.573747453685993
kanishka_GlossBERT	delta	ring	ringed	0.0	rung	18.0	ppt	28(1a)	To sound resonantly or sonorously.	18.0	0.0	1.0	cat	0.19691094738847054	5.159884991076845	7.524036204652674	6.34196059786476			8.602637124562499		8.602637124562499
kanishka_GlossBERT	delta	see	saw	54.0	seen	34.0	ppt	29(6a)	To perceive by the eye.	4.54545454545455	0.033	0.0	prob	0.5670759017760919	5.262963741957667	0.0	2.6314818709788335	0.21487479211118474	4.192051581243081	5.495999976521076	4.844025778882079	5.715965801262046
kanishka_GlossBERT	delta	see	saw	18.0	seen	19.0	ppt	29(7a)	"To be aware of. To recognize. ""sees only our faults"""	0.027027027027027	0.8694	0.0	no_cond	0.21743537870368385	6.227928006068704	3.077990933201795	4.65295946963525	0.21743537870368385	6.227928006068704	3.077990933201795	4.65295946963525	5.695577053605686
kanishka_GlossBERT	delta	see	saw	2.0	seen	17.0	ppt	29(7d)	To perceive the meaning or importance of. To understand.	11.8421052631579	0.0006	0.4865	cat	0.1315494100086886	2.501294350206534	1.7060467488099016	2.1036705495082177	0.24084207000080002	1.4897123678924682	2.3313092578668453	1.9105108128796569	2.6959299191321415
kanishka_GlossBERT	delta	see	saw	7.0	seen	8.0	ppt	29(8a)	To come to know. To discover.	0.0666666666666667	0.7963	0.0063	no_cond	0.36888783440535566	3.9422960069488804	0.0	1.9711480034744402	0.1778665260028106	2.3721489275676118	4.761268290327921	3.566708608947766	4.801396140206898
kanishka_GlossBERT	delta	see	saw	16.0	seen	21.0	ppt	29(8c)	"To have experience of. To undergo. ""see army service"""	0.675675675675676	0.4111	0.0	no_cond	0.24774206758607834	3.044077558870531	3.317547232111331	3.180812395490931	0.24774206758607834	3.044077558870531	3.317547232111331	3.180812395490931	4.449608458718381
kanishka_GlossBERT	delta	see	seen	65.0	saw	39.0	pst	29(6a)	To perceive by the eye.	6.5	0.0108	0.0	prob	0.3093413278983932	5.682886602088538	3.1318593939777615	4.40737299803315	0.3093413278983932	5.682886602088538	3.1318593939777615	4.40737299803315	6.886270053356751
kanishka_GlossBERT	delta	see	seen	11.0	saw	4.0	pst	29(7a)	"To be aware of. To recognize. ""sees only our faults"""	3.26666666666667	0.0707	0.0996	no_cond	0.4521146303302502	4.345538002863755	0.0	2.1727690014318775	0.31559082032492997	2.9655122149768105	6.843256976860822	4.904384595918816	5.90206612630514
kanishka_GlossBERT	delta	see	seen	15.0	saw	18.0	pst	29(8a)	To come to know. To discover.	0.272727272727273	0.6015	0.0	no_cond	0.3144550212860434	3.7922511954368976	5.571190485561482	4.68172084049919	0.3144550212860434	3.7922511954368976	5.571190485561482	4.68172084049919	7.41967547958737
kanishka_GlossBERT	delta	see	seen	7.0	saw	24.0	pst	29(8c)	"To have experience of. To undergo. ""see army service"""	9.32258064516129	0.0023	0.0107	prob	0.3039313692175021	3.1823891083837803	10.599279412205835	6.890834260294808	0.24692481751288872	2.1034448865299824	6.1903816373831555	4.146913261956569	6.714581810309471
kanishka_GlossBERT	delta	sew	sewed	35.0	sewn	53.0	ppt	30(4a)	To unite or fasten by stitches.	3.68181818181818	0.055	0.0	no_cond	0.41552037559918326	2.7912625703861567	2.936202092435642	2.8637323314108993	0.41552037559918326	2.7912625703861567	2.936202092435642	2.8637323314108993	5.412564411456279
kanishka_GlossBERT	delta	sew	sewed	20.0	sewn	13.0	ppt	30(4b)	To create via sewing.	1.48484848484848	0.223	0.0001	no_cond	0.41407422689835816	2.020794664941087	2.848647175027401	2.434720919984244	0.41407422689835816	2.020794664941087	2.848647175027401	2.434720919984244	4.51746290423319
kanishka_GlossBERT	delta	sew	sewed	40.0	sewn	13.0	ppt	30(5a)	"To close or enclose by sewing. ""sew the money in the bag"""	13.7547169811321	0.0002	0.0001	prob	0.43444158833754354	2.9828192419149033	2.590970039667641	2.7868946407912722	0.43444158833754354	2.9828192419149033	2.590970039667641	2.7868946407912722	5.256547034405913
kanishka_GlossBERT	delta	sew	sewed	1.0	sewn	17.0	ppt	30(6a)	To scatter (seed) upon the earth for growth. To plant.	14.2222222222222	0.0002	1.0	cat	-0.056659014230610844	0.8775494926747522	3.0299778309195107	1.9537636617971315	0.5004683856241963	0.0	2.05159132748437	1.025795663742185	2.9129842746022456
kanishka_GlossBERT	delta	shake	shook	10.0	shaken	14.0	ppt	32(10a)	To cause to quake, quiver, or tremble.	0.666666666666667	0.4142	0.0006	no_cond	0.277107615691184	4.28968082162149	6.668568180243949	5.47912450093272	0.277107615691184	4.28968082162149	6.668568180243949	5.47912450093272	8.785283438306033
kanishka_GlossBERT	delta	shake	shook	1.0	shaken	26.0	ppt	32(12a)	"To lessen the stability of. To weaken. ""shake one's faith"""	23.1481481481481	0.0	1.0	cat	0.11633166262692497	2.4459996198793745	3.6595156789035044	3.0527576493914395	0.2816443238532547	0.0	3.53236248638738	1.76618124319369	3.7941884035259097
kanishka_GlossBERT	delta	shake	shook	59.0	shaken	42.0	ppt	32(16a)	"To stir the feelings of. To upset. To agitate. ""shook her up"""	2.86138613861386	0.0907	0.0	no_cond	0.3975052462960245	6.198607952369522	5.537648973674235	5.868128463021879	0.3975052462960245	6.198607952369522	5.537648973674235	5.868128463021879	10.97980496982811
kanishka_GlossBERT	delta	shine	shone	25.0	shined	3.0	ppt	31(1a)	To emit rays of light	17.2857142857143	0.0	0.2364	cat	0.4258834327842526	3.7841970414421735	2.7050158079546676	3.2446064246984205	0.4258834327842526	3.7841970414421735	2.7050158079546676	3.2446064246984205	5.315749281410475
kanishka_GlossBERT	delta	shine	shone	8.0	shined	15.0	ppt	31(3b)	"To perform extremely well; ""The stocks really shined last week"""	2.1304347826087	0.1444	0.0038	no_cond	0.4924616612282969	5.614262818763023	6.628062860070158	6.1211628394165905	0.4924616612282969	6.628062860070158	5.614262818763023	6.1211628394165905	14.867276541255876
kanishka_GlossBERT	delta	shine	shone	19.0	shined	8.0	ppt	31(6b)	To throw or direct the light of	4.48148148148148	0.0343	0.0043	prob	0.44075242788823893	4.05117133708943	3.0611349897048705	3.55615316339715	0.44075242788823893	4.05117133708943	3.0611349897048705	3.55615316339715	7.581719371197189
kanishka_GlossBERT	delta	shine	shone	0.0	shined	38.0	ppt	31(7a)	To make bright by polishing	38.0	0.0	1.0	cat	0.23972787565091727	10.60387854798233	4.982249367164428	7.793063957573379			6.603468510405822		6.603468510405822
kanishka_GlossBERT	delta	shine	shone	20.0	shined	16.0	ppt	31(8b)	To highlight; to bring attention to	0.444444444444444	0.505	0.0	no_cond	0.44398723816341257	3.530130885424351	3.8520762232168404	3.6911035543205957	0.44398723816341257	3.530130885424351	3.8520762232168404	3.6911035543205957	7.976358407848249
kanishka_GlossBERT	delta	shine	shined	18.0	shone	34.0	pst	31(1a)	To emit rays of light	4.92307692307692	0.0265	0.0	prob	0.4251432070962886	4.093230263575611	4.374955330947319	4.234092797261465	0.4251432070962886	4.093230263575611	4.374955330947319	4.234092797261465	8.40530157698512
kanishka_GlossBERT	delta	shine	shined	3.0	shone	18.0	pst	31(2a)	To be bright by reflection of light	10.7142857142857	0.0011	0.2317	cat	0.4514289772156467	4.308649522713407	3.9472904256568513	4.127969974185129	0.4514289772156467	3.9472904256568513	4.308649522713407	4.127969974185129	7.117651996177874
kanishka_GlossBERT	delta	shine	shined	12.0	shone	9.0	pst	31(3a)	"To be eminent, conspicuous, or distinguished; ""She shines in math"""	0.428571428571429	0.5127	0.0013	no_cond	0.48336035686262413	4.841184942246581	3.979394777856197	4.410289860051389	0.48336035686262413	4.841184942246581	3.979394777856197	4.410289860051389	11.289181608886835
kanishka_GlossBERT	delta	shine	shined	33.0	shone	7.0	pst	31(3b)	"To perform extremely well; ""The stocks really shined last week"""	16.9	0.0	0.0117	prob	0.4139627428674585	7.494521965574053	4.099753940605242	5.797137953089647	0.4139627428674585	7.494521965574053	4.099753940605242	5.797137953089647	11.244215079859652
kanishka_GlossBERT	delta	shine	shined	11.0	shone	5.0	pst	31(8b)	To highlight; to bring attention to	2.25	0.1336	0.0434	no_cond	0.4546222726153255	3.133403286526162	3.6588279603240155	3.3961156234250884	0.4546222726153255	3.133403286526162	3.6588279603240155	3.3961156234250884	7.294543411660841
kanishka_GlossBERT	delta	show	shown	54.0	showed	46.0	ppt	33(15a)	"To demonstrate or establish by argument or reasoning. ""show a plan to be faulty."""	0.64	0.4237	0.0	no_cond	0.21085607036499301	2.6056178251380655	1.6668166428917925	2.136217234014929	0.21085607036499301	2.6056178251380655	1.6668166428917925	2.136217234014929	2.8174008898727463
kanishka_GlossBERT	delta	show	shown	25.0	showed	24.0	ppt	33(7a)	"To cause or permit to be seen. To exhibit. ""showed pictures of the baby"""	0.0204081632653061	0.8864	0.0	no_cond	0.17837317106547412	2.750341006069511	3.7726223949158975	3.261481700492704	0.17837317106547412	2.750341006069511	3.7726223949158975	3.261481700492704	4.013313586318779
kanishka_GlossBERT	delta	sink	sunk	14.0	sank	1.0	pst	45(15a)	To invest.	11.2666666666667	0.0008	1.0	cat	0.5005666661251535	1.4024233172235674	0.0	0.7012116586117837	0.5005666661251535	1.4024233172235674	0.0	0.7012116586117837	2.0881900262899133
kanishka_GlossBERT	delta	sink	sunk	11.0	sank	26.0	pst	45(1a)	To go to the bottom. To submerge.	6.08108108108108	0.0137	0.0004	prob	0.4072127581346289	4.012516689048297	2.3194135533297677	3.1659651211890325	0.4072127581346289	4.012516689048297	2.3194135533297677	3.1659651211890325	4.863189463663085
kanishka_GlossBERT	delta	sink	sunk	12.0	sank	8.0	pst	45(3b)	"To become impressively known or felt. ""The lesson sunk in."""	0.8	0.3711	0.0033	no_cond	0.4298779741471937	1.7355996513501202	5.753290927360981	3.7444452893555504	0.4298779741471937	1.7355996513501202	5.753290927360981	3.7444452893555504	6.299246742398398
kanishka_GlossBERT	delta	sink	sunk	7.0	sank	12.0	pst	45(5a)	To go downward in quality, state, or condition.	1.31578947368421	0.2513	0.008	no_cond	0.11213456055102136	3.437345650657945	0.0	1.7186728253289725	0.3296048185909005	1.7178136663278483	2.3233666105424615	2.020590138435155	3.5388735282916106
kanishka_GlossBERT	delta	sink	sunk	3.0	sank	13.0	pst	45(6b)	To become depressed.	6.25	0.0124	0.2258	cat	0.42896961784176524	0.9843792355724373	1.9309634244843106	1.457671330028374	0.42896961784176524	0.9843792355724373	1.9309634244843106	1.457671330028374	3.1411785412412154
kanishka_GlossBERT	delta	sink	sunk	20.0	sank	6.0	pst	45(7a)	"To cause to sink. ""sink a battleship"""	7.53846153846154	0.006	0.0226	prob	0.39352438751722885	2.776296518522407	1.592979048276045	2.184637783399226	0.39352438751722885	2.776296518522407	1.592979048276045	2.184637783399226	4.27991619889244
kanishka_GlossBERT	delta	slink	slinked	64.0	slunk	69.0	pst	34(1a)	To go or move stealthily or furtively (as in fear or shame). To steal.	0.18796992481203	0.6646	0.0	no_cond	0.39315718070910743	2.605758353820312	2.7303314049282577	2.6680448793742846	0.39315718070910743	2.605758353820312	2.7303314049282577	2.6680448793742846	4.992436993260701
kanishka_GlossBERT	delta	sneak	sneaked	62.0	snuck	59.0	ppt	36(1a)	"To go stealthily or furtively. To slink. ""snuck out early"""	0.0743801652892562	0.7851	0.0	no_cond	0.478730805718487	5.829981684197595	5.148893070543306	5.48943737737045	0.478730805718487	5.148893070543306	5.829981684197595	5.48943737737045	13.012867949055067
kanishka_GlossBERT	delta	sneak	sneaked	29.0	snuck	30.0	ppt	36(4a)	"To put, bring, or take in a furtive or artful manner. ""sneak a smoke"""	0.0169491525423729	0.8964	0.0	no_cond	0.4276857761611471	6.033155490098888	7.782028340430454	6.907591915264671	0.4276857761611471	7.782028340430454	6.033155490098888	6.907591915264671	14.361215956456082
kanishka_GlossBERT	delta	sneak	sneaked	9.0	snuck	11.0	ppt	36(5a)	Phrases: sneak up on	0.2	0.6547	0.0012	no_cond	0.5524283599526971	4.834589374392548	4.036471341330972	4.43553035786176	0.5524283599526971	4.036471341330972	4.834589374392548	4.43553035786176	14.03540118630978
kanishka_GlossBERT	delta	sneak	snuck	65.0	sneaked	75.0	pst	36(1a)	"To go stealthily or furtively. To slink. ""snuck out early"""	0.714285714285714	0.398	0.0	no_cond	0.484700531705466	4.9857351157513214	4.930006608650819	4.95787086220107	0.484700531705466	4.9857351157513214	4.930006608650819	4.95787086220107	11.83435115486104
kanishka_GlossBERT	delta	sneak	snuck	29.0	sneaked	19.0	pst	36(4a)	"To put, bring, or take in a furtive or artful manner. ""sneak a smoke"""	2.08333333333333	0.1489	0.0	no_cond	0.4501412274525927	5.365028596186111	5.540142563040779	5.452585579613444	0.4501412274525927	5.365028596186111	5.540142563040779	5.452585579613444	11.686072588296684
kanishka_GlossBERT	delta	speak	spoke	20.0	spoken	7.0	ppt	42(1a)	To utter words or articulate sounds with the ordinary voice. To talk.	6.25925925925926	0.0124	0.01	prob	0.31641946056343	2.665685325405734	2.93951906837322	2.8026021968894774	0.31641946056343	2.665685325405734	2.93951906837322	2.8026021968894774	3.9836813957415735
kanishka_GlossBERT	delta	speak	spoke	11.0	spoken	23.0	ppt	42(1b)	"To express thoughts, opinions, or feelings orally. To extend a greeting. To be friendly enough to engage in conversation. ""still were not speaking after the dispute"""	4.23529411764706	0.0396	0.0004	prob	0.3096627692471324	3.7487740195523016	3.4413531771244834	3.5950635983383927	0.3096627692471324	3.4413531771244834	3.7487740195523016	3.5950635983383927	5.6229756827049755
kanishka_GlossBERT	delta	speak	spoke	6.0	spoken	15.0	ppt	42(8a)	To to utter with the speaking voice. To pronounce.	3.85714285714286	0.0495	0.0207	prob	0.27646810512181574	2.3110996455909976	2.9296931686433587	2.620396407117178	0.27646810512181574	2.3110996455909976	2.9296931686433587	2.620396407117178	4.060153062830018
kanishka_GlossBERT	delta	speak	spoke	20.0	spoken	14.0	ppt	42(8b)	To give a recitation of. To declaim.	1.05882352941176	0.3035	0.0	no_cond	0.29700995056270973	1.9398240110427423	2.848048802568971	2.3939364068058566	0.29700995056270973	1.9398240110427423	2.848048802568971	2.3939364068058566	3.485506760589916
kanishka_GlossBERT	delta	speak	spoke	37.0	spoken	31.0	ppt	42(8d)	To address. To accost.	0.529411764705882	0.4669	0.0	no_cond	0.34051349574638	2.521038223888123	3.000831369038499	2.760934796463311	0.34051349574638	2.521038223888123	3.000831369038499	2.760934796463311	4.527064383708039
kanishka_GlossBERT	delta	speak	spake	54.0	spoke	47.0	pst	37(1a)	To utter words or articulate sounds with the ordinary voice. To talk.	0.485148514851485	0.4861	0.0	no_cond	0.47007666614829646	10.960846073390622	18.641662030970398	14.80125405218051	0.47007666614829646	10.960846073390622	18.641662030970398	14.80125405218051	33.072433640018204
kanishka_GlossBERT	delta	speak	spake	3.0	spoke	22.0	pst	37(1b)	"To express thoughts, opinions, or feelings orally. To extend a greeting. To be friendly enough to engage in conversation. ""still were not speaking after the dispute"""	14.44	0.0001	0.2347	cat	0.240972771149805	18.876123113502768	0.0	9.438061556751384	0.422497810998146	7.626645949908958	14.103969754982602	10.86530785244578	19.89484557775834
kanishka_GlossBERT	delta	speak	spake	20.0	spoke	2.0	pst	37(8c)	"To express orally. To delcare. ""free to speak their minds"""	14.7272727272727	0.0001	0.4884	cat	0.014942660777528817	6.146780531562212	15.808119885942832	10.977450208752522	0.4464948189812036	11.170708387552338	7.206481469981463	9.1885949287669	15.700733142728327
kanishka_GlossBERT	delta	speed	speeded	2.0	sped	20.0	ppt	38(1a)	"To make haste. ""sped to her bedside"""	14.7272727272727	0.0001	0.4884	cat	0.1390605546732908	0.0	5.0691809831185894	2.5345904915592947	0.3682891740405635	2.770200097152136	4.084992484818211	3.4275962909851736	5.232378699466367
kanishka_GlossBERT	delta	speed	speeded	16.0	sped	12.0	ppt	38(2a)	"To move, work, or take place faster. To accelerate. ""the heart speeds up"""	0.571428571428571	0.4497	0.0001	no_cond	0.4887091243514899	3.3624227273147658	3.745217116280448	3.553819921797607	0.4887091243514899	3.3624227273147658	3.745217116280448	3.553819921797607	8.725687919450696
kanishka_GlossBERT	delta	speed	speeded	81.0	sped	64.0	ppt	38(4b)	To increase the speed of. To accelerate.	1.99310344827586	0.158	0.0	no_cond	0.39630193423558113	4.090801036780725	4.3086266484472	4.199713842613963	0.39630193423558113	4.090801036780725	4.3086266484472	4.199713842613963	7.841612490279053
kanishka_GlossBERT	delta	speed	speeded	3.0	sped	71.0	pst	38(1a)	"To make haste. ""sped to her bedside"""	62.4864864864865	0.0	0.2449	cat	0.409457075282078	4.922733795822703	3.803907785138699	4.363320790480701	0.409457075282078	3.803907785138699	4.922733795822703	4.363320790480701	5.6564023464122455
kanishka_GlossBERT	delta	speed	speeded	29.0	sped	14.0	pst	38(2a)	"To move, work, or take place faster. To accelerate. ""the heart speeds up"""	5.23255813953488	0.0222	0.0	prob	0.4296526367146105	3.984663354299713	3.7255842898058797	3.8551238220527964	0.4296526367146105	3.984663354299713	3.7255842898058797	3.8551238220527964	7.702262955099486
kanishka_GlossBERT	delta	speed	speeded	61.0	sped	14.0	pst	38(4b)	To increase the speed of. To accelerate.	29.4533333333333	0.0	0.0001	prob	0.06854237332642382	3.938981229965827	6.079448063711649	5.009214646838737	0.3281692682183601	4.742444743317023	2.8733459667816743	3.8078953550493484	6.202665588051498
kanishka_GlossBERT	delta	spell	spelt	18.0	spelled	2.0	ppt	39(5a)	To name the letters of in order. To write or print the letters of in order.	12.8	0.0003	0.4872	cat	0.4485676396353031	8.40228470237837	2.7899829059337358	5.596133804156053	0.4485676396353031	8.40228470237837	2.7899829059337358	5.596133804156053	11.75914229573349
kanishka_GlossBERT	delta	spell	spelt	39.0	spelled	21.0	ppt	39(5b)	To write or print the letters of in a particular way.	5.4	0.0201	0.0	prob	0.44666668997777537	7.872838247169827	8.73414414989664	8.303491198533234	0.44666668997777537	7.872838247169827	8.73414414989664	8.303491198533234	16.832066667737678
kanishka_GlossBERT	delta	spell	spelt	14.0	spelled	43.0	ppt	39(7a)	"To find out by study. To come to understand. Often used with 'out'. ""It requires some pains to spell out those decorations."" (I used as 'to explain', kind of)"	14.7543859649123	0.0001	0.0	prob	0.06319357281915854	6.013503625955554	12.661801694865245	9.337652660410399	0.4730911907405146	6.440945285794581	6.495361457082037	6.468153371438309	12.848252412591673
kanishka_GlossBERT	delta	spill	spilt	0.0	spilled	16.0	ppt	40(2a)	"To spread profusely or beyond bounds. ""Crowds spilled into the streets."""	16.0	0.0001	1.0	cat	0.05430869313348888	4.7337864153972555	6.70122612644343	5.717506270920342			7.089903902183706		7.089903902183706
kanishka_GlossBERT	delta	spill	spilt	72.0	spilled	54.0	ppt	40(5a)	To cause or allow especially accidentally or unintentionally to fall, flow, or run out so as to be lost or wasted.	2.57142857142857	0.1088	0.0	no_cond	0.497782204516352	9.789338656098536	10.121740205059663	9.9555394305791	0.497782204516352	9.789338656098536	10.121740205059663	9.9555394305791	24.20681070630616
kanishka_GlossBERT	delta	spill	spilt	7.0	spilled	10.0	pst	40(1a)	"To flow, run, or fall out, over, or off and become wasted, scattered, or lost. ""water spilling over the dam"""	0.529411764705882	0.4669	0.0072	no_cond	0.47693634215782504	9.793092326310228	8.722484994426583	9.257788660368405	0.47693634215782504	9.793092326310228	8.722484994426583	9.257788660368405	22.920086123382237
kanishka_GlossBERT	delta	spill	spilt	0.0	spilled	18.0	pst	40(2a)	"To spread profusely or beyond bounds. ""Crowds spilled into the streets."""	18.0	0.0	1.0	cat	0.06338886619945189	7.952504414959998	8.092495634795911	8.022500024877955			8.747811962579526		8.747811962579526
kanishka_GlossBERT	delta	spill	spilt	49.0	spilled	17.0	pst	40(5a)	To cause or allow especially accidentally or unintentionally to fall, flow, or run out so as to be lost or wasted.	15.5151515151515	0.0001	0.0	prob	0.5351694377778756	11.279262834093347	9.964075686467938	10.621669260280642	0.5351694377778756	11.279262834093347	9.964075686467938	10.621669260280642	27.348151755445613
kanishka_GlossBERT	delta	spill	spilt	2.0	spilled	18.0	pst	40(7a)	"To let out. To divulge. ""spill a secret"""	12.8	0.0003	0.4872	cat	0.09273082757988502	17.060385327592094	11.583029330432536	14.321707329012316	0.42502237587955555	4.576560191014396	12.220384964667769	8.398472577841083	16.401257772003124
kanishka_GlossBERT	delta	spit	spit	64.0	spat	66.0	ppt	41(1a)	To eject saliva as an expression of aversion or contempt.	0.0307692307692308	0.8608	0.0	no_cond	0.489037467910434	5.361929960995593	6.393417161866791	5.877673561431193	0.489037467910434	5.361929960995593	6.393417161866791	5.877673561431193	14.19019125513743
kanishka_GlossBERT	delta	spit	spit	12.0	spat	10.0	ppt	41(4a)	To eject (something) from the mouth. To expectorate.	0.181818181818182	0.6698	0.0005	no_cond	0.3268918923335807	5.53664197789665	7.001751028095437	6.269196502996044	0.3268918923335807	5.53664197789665	7.001751028095437	6.269196502996044	10.194581458993353
kanishka_GlossBERT	delta	spit	spit	18.0	spat	20.0	ppt	41(4d)	"To emit as if by spitting. Especially to emit (precipitation) in driving particles or in flurries. ""spit rain"""	0.105263157894737	0.7456	0.0	no_cond	0.387908047843184	2.968743900063488	3.134933494333995	3.0518386971987415	0.387908047843184	2.968743900063488	3.134933494333995	3.0518386971987415	5.8115625792989665
kanishka_GlossBERT	delta	spit	spit	32.0	spat	19.0	pst	41(1a)	To eject saliva as an expression of aversion or contempt.	3.31372549019608	0.0687	0.0	no_cond	0.41028225021552045	5.95909438975608	5.736455367533978	5.847774878645029	0.41028225021552045	5.95909438975608	5.736455367533978	5.847774878645029	10.219197906230114
kanishka_GlossBERT	delta	spit	spit	22.0	spat	11.0	pst	41(1c)	To eject matter (such as salive) from the mouth. To expectorate.	3.66666666666667	0.0555	0.0004	no_cond	0.4271686600926101	5.2319812408138535	3.1471169865046638	4.189549113659258	0.4271686600926101	5.2319812408138535	3.1471169865046638	4.189549113659258	8.442530984151512
kanishka_GlossBERT	delta	spit	spit	12.0	spat	34.0	pst	41(4d)	"To emit as if by spitting. Especially to emit (precipitation) in driving particles or in flurries. ""spit rain"""	10.5217391304348	0.0012	0.0002	prob	0.1718391565798975	3.613577155581096	0.756254336547524	2.18491574606431	0.38213564017298174	1.892821324628515	2.7928907648507324	2.342856044739624	3.7879105519938183
kanishka_GlossBERT	delta	spring	sprung	17.0	sprang	20.0	pst	43(3b)	"To issue by birth or descent. ""sprang from the upper class"""	0.243243243243243	0.6219	0.0	no_cond	0.32379327975557853	2.4449798953171884	3.5488307101910666	2.9969053027541275	0.32379327975557853	2.4449798953171884	3.5488307101910666	2.9969053027541275	4.889834445524208
kanishka_GlossBERT	delta	spring	sprung	34.0	sprang	42.0	pst	43(3c)	"To come into being. To arise. ""Towns sprang up across the plains."""	0.842105263157895	0.3588	0.0	no_cond	0.39980587479245366	3.4481650269820836	2.9534935895120094	3.2008293082470463	0.39980587479245366	3.4481650269820836	2.9534935895120094	3.2008293082470463	5.950290555697978
kanishka_GlossBERT	delta	spring	sprung	10.0	sprang	9.0	pst	43(7a)	"To quickly start working. ""Firefighters are ready to leap/spring/swing into action at a moment's notice."" To become suddenly very active and energetic. ""They sprang into action as soon as they received their orders."" ""The crowd sprang to life after the first goal was scored."""	0.0526315789473684	0.8185	0.0011	no_cond	0.4750941051900593	2.5617766708463803	1.7482269375567467	2.1550018042015635	0.4750941051900593	2.5617766708463803	1.7482269375567467	2.1550018042015635	5.430855583846933
kanishka_GlossBERT	delta	strive	strived	95.0	striven	86.0	ppt	44(1a)	"To devote serious effort or energy to. To endevor. ""strive to finish a project"""	0.447513812154696	0.5035	0.0	no_cond	0.4542294773611424	1.9982717443162294	2.043711390965216	2.0209915676407224	0.4542294773611424	1.9982717443162294	2.043711390965216	2.0209915676407224	4.3644319461453955
kanishka_GlossBERT	delta	strive	strived	5.0	striven	14.0	ppt	44(2a)	To struggle in opposition. To contend.	4.26315789473684	0.0389	0.0463	prob	-0.008469445944698223	0.0	3.565904534296959	1.7829522671484794	0.4242958320845835	1.1814757619697127	2.1051233760218553	1.643299568995784	3.5898408219754683
kanishka_GlossBERT	delta	strive	strived	97.0	strove	82.0	pst	44(1a)	"To devote serious effort or energy to. To endevor. ""strive to finish a project"""	1.25698324022346	0.2622	0.0	no_cond	0.48843942521325895	4.73253457284001	3.869257840405015	4.300896206622513	0.48843942521325895	4.73253457284001	3.869257840405015	4.300896206622513	10.456053320971382
kanishka_GlossBERT	delta	strive	strived	3.0	strove	18.0	pst	44(2a)	To struggle in opposition. To contend.	10.7142857142857	0.0011	0.2317	cat	0.49207389573149257	4.980118878570008	4.501666568309738	4.740892723439873	0.49207389573149257	4.501666568309738	4.980118878570008	4.740892723439873	8.817438961315386
kanishka_GlossBERT	delta	take	took	9.0	taken	10.0	ppt	47(18b)	"To use up (space, time, etc.) ""takes a long time to dry"""	0.0526315789473684	0.8185	0.0011	no_cond	0.1650341806369411	2.3700892134429656	2.165720881919616	2.2679050476812908	0.18390317542135312	2.112098309518685	1.9983108754755183	2.055204592497102	2.7528068933302787
kanishka_GlossBERT	delta	take	took	8.0	taken	9.0	ppt	47(24a)	"To remove. ""take eggs from a nest"" To put an end to (life). To remove by death. ""was taken in his prime"" To subtract. ""take two from four"" To exact. ""The weather took its toll."""	0.0588235294117647	0.8084	0.0027	no_cond	0.1489379092214462	3.1261785415736982	1.6693722138097276	2.397775377691713	0.13162494606317895	3.040237310363019	2.4113769209196265	2.725807115641323	3.3745263518704967
kanishka_GlossBERT	delta	take	took	9.0	taken	26.0	ppt	47(25a)	"To undertake and make, do, or perform. ""take a walk"" ""take aim"" ""take legal action"" ""take a test"" ""take a look"" To participate in. ""take a meeting"""	8.25714285714286	0.0041	0.0022	prob	0.7807896784989957	1.6612563722403784	0.0	0.8306281861201892	0.050989576988530606	1.2154800341756793	4.26263016415715	2.7390550991664147	3.747624009679355
kanishka_GlossBERT	delta	take	took	12.0	taken	15.0	ppt	47(29a)	Phrases: take a back seat, take advantage of, take after, take a hike/walk, take care of, take charge of, take for, take into account, take in vain, take no prisoners, take the floor, take to court, take to task, take a chance, take notice of, take pity on, take as, take by surprise, take in, take the trouble to, take over, take down	0.333333333333333	0.5637	0.0001	no_cond	0.15229017552248492	1.3076099606913665	1.9819644599409747	1.6447872103161707	0.15229017552248492	1.3076099606913665	1.9819644599409747	1.6447872103161707	2.083133736122863
kanishka_GlossBERT	delta	take	took	15.0	taken	6.0	ppt	47(8b)	Phrases: take care, take charge, take effect, take five, take hold, take part, take place, take turns, take control, take notice, take for granted, take a toll, take off, take aback	3.85714285714286	0.0495	0.0207	prob	0.5611473731952399	5.068327153814232	0.0	2.534163576907116	0.025692591124965008	7.285338164759188	1.576089752817215	4.430713958788202	6.10733165280947
kanishka_GlossBERT	delta	take	took	15.0	taken	6.0	ppt	47(9a)	"To get into one's hands or into one's possession, power or control. To seize or capture physically. ""took them as prisoners"" To get possession of (fish or game) by killing or capturing. To acquire by eminent domain."	3.85714285714286	0.0495	0.0207	prob	0.17116460699842242	2.1627995062085246	1.9163076471347	2.0395535766716124	0.17116460699842242	2.1627995062085246	1.9163076471347	2.0395535766716124	2.566467829611952
kanishka_GlossBERT	delta	tear	tore	4.0	torn	14.0	ppt	48(4a)	"To divide or disrupt by the pull of contrary forces. ""a mind torn with doubts"""	5.55555555555556	0.0184	0.1039	cat	0.013754282218506718	3.6813232001800285	2.7767522178725184	3.229037709026273	0.27691068883947295	2.358655793127492	2.778280275928712	2.568468034528102	3.7716273018653887
kanishka_GlossBERT	delta	tear	tore	14.0	torn	21.0	ppt	48(5a)	"To remove by force. To wrench. Often used with 'off'. ""tear a cover off a box"""	1.4	0.2367	0.0	no_cond	0.3179001264060359	2.583913966357921	3.243565352596921	2.9137396594774208	0.3179001264060359	2.583913966357921	3.243565352596921	2.9137396594774208	4.801600393614061
kanishka_GlossBERT	delta	tear	tore	25.0	torn	13.0	ppt	48(7a)	"To damage, remove, or effect an opening in. ""tore up the street to lay a new water main"""	3.78947368421053	0.0516	0.0001	no_cond	0.25931579437773206	4.0870223087066915	2.537664252324052	3.3123432805153716	0.25931579437773206	4.0870223087066915	2.537664252324052	3.3123432805153716	5.092828602183625
kanishka_GlossBERT	delta	throw	throwed	6.0	threw	10.0	pst	46(1a)	Phrases: throw cold water on, throw money at, throw one's weight around, throw to the wolves, throw together	1.0	0.3173	0.0177	no_cond	0.31564371750630976	3.62356176350083	4.21844568698749	3.92100372524416	0.31564371750630976	3.62356176350083	4.21844568698749	3.92100372524416	6.651163148027095
kanishka_GlossBERT	delta	throw	throwed	9.0	threw	24.0	pst	46(3a)	"To propel through the air by a forward motion of the hand and arm. ""throw a baseball"""	6.81818181818182	0.009	0.0021	prob	0.29077775673114403	7.566213713418802	3.037951377607522	5.302082545513162	0.29077775673114403	3.037951377607522	7.566213713418802	5.302082545513162	9.13685353473881
kanishka_GlossBERT	delta	throw	throwed	14.0	threw	4.0	pst	46(5b)	"To drive or impel violently. ""The ship was thrown on a reef."""	5.55555555555556	0.0184	0.1039	cat	0.41916740613040293	3.0028576354228256	3.692134684505863	3.3474961599643445	0.41916740613040293	3.0028576354228256	3.692134684505863	3.3474961599643445	5.669068114242864
kanishka_GlossBERT	delta	throw	throwed	16.0	threw	3.0	pst	46(6a)	"To put in a particular position or condition. ""threw her arms around him"" / ""thrown into chaos"" / ""threw him into prison"""	8.89473684210526	0.0029	0.2297	cat	0.33800655296409454	4.002797036423629	3.160577421113731	3.58168722876868	0.33800655296409454	4.002797036423629	3.160577421113731	3.58168722876868	5.533328172998059
kanishka_GlossBERT	delta	tread	trod	16.0	trodden	3.0	ppt	49(1a)	"To move or proceed on or as if on foot. ""must tread lightly"""	8.89473684210526	0.0029	0.2297	cat	0.43401724905948713	5.4588214714809595	8.43599445995727	6.947407965719115	0.43401724905948713	5.4588214714809595	8.43599445995727	6.947407965719115	9.90420382223818
kanishka_GlossBERT	delta	tread	trod	27.0	trodden	19.0	ppt	49(5a)	"To step or walk on or over. (I used as ""to travel"")"	1.39130434782609	0.2382	0.0	no_cond	0.43113506448432715	5.703393032925637	5.245340135916725	5.474366584421181	0.43113506448432715	5.703393032925637	5.245340135916725	5.474366584421181	11.462302801712376
kanishka_GlossBERT	delta	tread	trod	24.0	trodden	14.0	ppt	49(5b)	"To walk or proceed along. To follow. ""treading a fine line between tradition and innovation"""	2.63157894736842	0.1048	0.0	no_cond	0.409942441789656	4.8506329523505425	5.03669073936558	4.9436618458580615	0.409942441789656	4.8506329523505425	5.03669073936558	4.9436618458580615	9.581566614281643
kanishka_GlossBERT	delta	tread	trod	23.0	trodden	52.0	ppt	49(7a)	To beat or press with the feet. To trample.	11.2133333333333	0.0008	0.0	prob	0.4297387624152727	5.982343166068867	4.974613965712701	5.478478565890784	0.4297387624152727	4.974613965712701	5.982343166068867	5.478478565890784	10.930849842269561
kanishka_GlossBERT	delta	tread	treaded	26.0	trod	29.0	pst	49(1a)	"To move or proceed on or as if on foot. ""must tread lightly"""	0.163636363636364	0.6858	0.0	no_cond	0.4383042146499971	8.492724529594803	7.5018176842051565	7.99727110689998	0.4383042146499971	8.492724529594803	7.5018176842051565	7.99727110689998	17.134444265091396
kanishka_GlossBERT	delta	tread	treaded	50.0	trod	6.0	pst	49(4a)	Phrases: tread on one's toes, tread water	34.5714285714286	0.0	0.0271	prob	0.4836021243634025	8.843782131136845	6.680171161887471	7.761976646512158	0.4836021243634025	8.843782131136845	6.680171161887471	7.761976646512158	13.561616722971166
kanishka_GlossBERT	delta	tread	treaded	3.0	trod	14.0	pst	49(5a)	To step or walk on or over	7.11764705882353	0.0076	0.2273	cat	0.07802026375464875	13.441127388157929	0.0	6.720563694078964	0.4509143861606126	5.928993165752797	7.872677008398086	6.900835087075441	13.758866977031573
kanishka_GlossBERT	delta	tread	treaded	5.0	trod	20.0	pst	49(5b)	"To walk or proceed along. To follow. ""treading a fine line between tradition and innovation"""	9.0	0.0027	0.0502	cat	0.37912949346737934	6.863878069365791	4.071295232804005	5.467586651084898	0.37912949346737934	4.071295232804005	6.863878069365791	5.467586651084898	10.131669084904875
kanishka_GlossBERT	delta	wake	woke	45.0	woken	33.0	ppt	52(2a)	"To awake. To wake up. ""They woke early."""	1.84615384615385	0.1742	0.0	no_cond	0.43936335446305197	1.8422846762298275	2.091251743308808	1.9667682097693178	0.43936335446305197	1.8422846762298275	2.091251743308808	1.9667682097693178	3.8199181479594566
kanishka_GlossBERT	delta	wake	woke	8.0	woken	21.0	ppt	52(3a)	Intransitive 4c.	5.82758620689655	0.0158	0.0045	prob	0.4929335810182997	1.2753256581598804	1.4102716401914575	1.342798649175669	0.4929335810182997	1.4102716401914575	1.2753256581598804	1.342798649175669	2.9719258481200144
kanishka_GlossBERT	delta	wake	woke	42.0	woken	33.0	ppt	52(5a)	"To rouse from or as if from sleep. To awake. To wake up. ""Something woke her in the middle of the night."""	1.08	0.2987	0.0	no_cond	0.43754390816738503	1.7468698198412895	1.8814095819554335	1.8141397008983615	0.43754390816738503	1.7468698198412895	1.8814095819554335	1.8141397008983615	3.752638845719335
kanishka_GlossBERT	delta	wear	wore	27.0	worn	39.0	ppt	53(5a)	"To bear or have on the person. ""wore a coat"""	2.18181818181818	0.1396	0.0	no_cond	0.2274963323127901	3.2519636577950357	5.661964829696156	4.456964243745596	0.2274963323127901	3.2519636577950357	5.661964829696156	4.456964243745596	6.079431775017142
kanishka_GlossBERT	delta	weave	weaved	8.0	woven	7.0	ppt	50(5a)	To form (cloth) by interlacing strands (as of yarn).	0.0666666666666667	0.7963	0.0063	no_cond	0.43333351698654465	4.25386820468977	6.6153279887011776	5.434598096695474	0.43333351698654465	4.25386820468977	6.6153279887011776	5.434598096695474	12.129544684600505
kanishka_GlossBERT	delta	weave	weaved	7.0	woven	17.0	ppt	50(5b)	To interlace (threads) into cloth.	4.16666666666667	0.0412	0.0094	prob	0.45820818925037815	6.393592065375088	5.578765927369237	5.986178996372162	0.45820818925037815	6.393592065375088	5.578765927369237	5.986178996372162	12.324203952218934
kanishka_GlossBERT	delta	weave	weaved	7.0	woven	9.0	ppt	50(8a)	To produce by elaborately combining elements. To contrive.	0.25	0.6171	0.0068	no_cond	0.42938888370169004	5.5032120814240155	5.879277888981269	5.691244985202642	0.42938888370169004	5.5032120814240155	5.879277888981269	5.691244985202642	12.787539600494616
kanishka_GlossBERT	delta	weave	weaved	18.0	woven	20.0	ppt	50(8c)	To introduce as an appopriate element. To work in. Usually used with in or into.	0.105263157894737	0.7456	0.0	no_cond	0.5307426072180772	4.984954817900944	4.172322625324049	4.578638721612497	0.5307426072180772	4.984954817900944	4.172322625324049	4.578638721612497	13.03583241430786
kanishka_GlossBERT	delta	weave	weaved	65.0	wove	16.0	pst	50(3a)	To move in a devious, winding, or zigzag course especially to avoid obstacles.	29.641975308642	0.0	0.0	prob	0.5221862217087246	6.740235344721987	5.1956497540021065	5.967942549362046	0.5221862217087246	6.740235344721987	5.1956497540021065	5.967942549362046	13.541681629458557
kanishka_GlossBERT	delta	weave	weaved	11.0	wove	12.0	pst	50(8a)	To produce by elaborately combining elements. To contrive.	0.0434782608695652	0.8348	0.0002	no_cond	0.5258458237419618	5.188899527280893	4.759531781640107	4.9742156544605	0.5258458237419618	5.188899527280893	4.759531781640107	4.9742156544605	14.4963478807277
kanishka_GlossBERT	delta	weave	weaved	6.0	wove	15.0	pst	50(8b)	To unite in a coherent whole.	3.85714285714286	0.0495	0.0207	prob	0.5317360393340413	4.7972651389430405	4.309693622203834	4.553479380573437	0.5317360393340413	4.309693622203834	4.7972651389430405	4.553479380573437	12.363511917249092
kanishka_GlossBERT	delta	weave	weaved	5.0	wove	23.0	pst	50(8c)	To introduce as an appopriate element. To work in. Usually used with in or into.	11.5714285714286	0.0007	0.0515	cat	0.5426671680900658	4.474624446668547	4.276820542881995	4.375722494775271	0.5426671680900658	4.276820542881995	4.474624446668547	4.375722494775271	9.86351807824943
kanishka_GlossBERT	delta	wet	wetted	30.0	wet	14.0	pst	51(4a)	To make wet.	5.81818181818182	0.0159	0.0	prob	0.34852960931533494	5.840834925657708	4.689621333051595	5.265228129354652	0.34852960931533494	5.840834925657708	4.689621333051595	5.265228129354652	8.983099033623104
kanishka_GlossBERT	delta	wet	wetted	6.0	wet	24.0	pst	51(5a)	"To urinate in or on. ""wet his pants"""	10.8	0.001	0.0237	prob	0.36596539772032516	4.474933703846639	7.621779938013049	6.048356820929843	0.36596539772032516	4.474933703846639	7.621779938013049	6.048356820929843	9.97140475005554
kanishka_GlossBERT	delta	write	wrote	70.0	written	75.0	ppt	54(5b)	"To be the author of. To compose. ""writes poems and essays"" To compose in musical form. ""write a string quartet"""	0.172413793103448	0.678	0.0	no_cond	0.23395795015888052	2.352797292806947	2.758054428545691	2.555425860676319	0.2335017826324054	2.554577571726862	2.5961881202023447	2.5753828459646035	3.3671678980291038
kanishka_GlossBERT	delta	write	wrote	21.0	written	7.0	ppt	54(6a)	To make a permanent impression of.	7.0	0.0082	0.0102	prob	0.28986070619291276	2.3250776095383108	3.4073074558611616	2.866192532699736	0.28986070619291276	2.3250776095383108	3.4073074558611616	2.866192532699736	3.5269012064522305
kanishka_GlossBERT	orig	begin	began	16.0	begun	20.0	ppt	2(1a)	"To do the first part of an action. To go into the first part of a process. To start. ""Began by introducing herself"" ""will have to begin again"""	0.444444444444444	0.505	0.0	no_cond	0.12302520333533279	19.217693595573927	13.496509433335858	16.357101514454893	0.023798158621334095	18.16482940658215	12.356885621890877	15.260857514236513	15.54945845426915
kanishka_GlossBERT	orig	begin	began	76.0	begun	64.0	ppt	2(4a)	"To set about the activity of. To start. ""They began the lecture at 10:00."" ""have already begun construction"""	1.02857142857143	0.3105	0.0	no_cond	0.116763305826694	16.890195581190568	15.089477179596434	15.989836380393502	0.008260459343575603	17.136942258325217	16.333482596027956	16.735212427176585	17.04599436798848
kanishka_GlossBERT	orig	begin	began	8.0	begun	14.0	ppt	2(5a)	"To bring into being. To found. ""credited with beginning the movement"" ""In 1819, he married the daughter of É chief and began a dynasty that would last for nearly 200 years."""	1.63636363636364	0.2008	0.0036	no_cond	0.07451741871107977	12.36222928470746	14.282424306229622	13.322326795468541	0.01016246206958898	11.430943229605319	15.616833874927226	13.523888552266271	15.106820019631813
kanishka_GlossBERT	orig	bid	bidden	1.0	bid	41.0	ppt	3(3a)	"To offer (a price) whether for payment or acceptance. ""The contractor bid $10,000 less than his nearest competitor."""	38.0952380952381	0.0	1.0	cat	0.09382909891032376	17.976641384054524	23.716100470554036	20.846370927304278	-0.06128032703383985	0.0	23.96064260481385	11.980321302406924	23.82758021680253
kanishka_GlossBERT	orig	bid	bidden	57.0	bid	25.0	ppt	3(4a)	"To issue an order to. To tell. ""did as I was bid"""	12.4878048780488	0.0004	0.0	prob	0.15940487519278235	17.92360151379934	24.290944796146768	21.107273154973054	0.16623546535233577	16.59195121653395	26.561804569158248	21.5768778928461	22.417058777772592
kanishka_GlossBERT	orig	bid	bidden	17.0	bid	0.0	ppt	3(4b)	"To request to come. To invite. ""were bidden to the wedding"""	17.0	0.0	1.0	cat	0.1501861559548212	13.396518961396469	0.0	6.698259480698234		14.080120718750749			14.080120718750749
kanishka_GlossBERT	orig	bid	bidden	10.0	bid	10.0	ppt	3(5a)	"To give expression to. ""bade a tearful farewell"""	0.0	1.0	0.0004	no_cond	0.16946482673118218	17.02261928482488	8.316420440210468	12.669519862517674	0.0782376547494419	14.801944774638994	18.47574679918787	16.638845786913432	19.122705529973842
kanishka_GlossBERT	orig	bid	bid	16.0	bade	0.0	pst	3(3a)	"To offer (a price) whether for payment or acceptance. ""The contractor bid $10,000 less than his nearest competitor."""	16.0	0.0001	1.0	cat	0.39295520397135925	18.33862623590502	0.0	9.16931311795251		22.637492300540508			22.637492300540508
kanishka_GlossBERT	orig	bid	bid	25.0	bade	67.0	pst	3(4a)	"To issue an order to. To tell. ""did as I was bid"""	19.1739130434783	0.0	0.0	prob	0.19271494363573033	12.840425998975817	17.746383196231697	15.293404597603757	0.19271494363573033	17.746383196231697	12.840425998975817	15.293404597603757	16.77708347221153
kanishka_GlossBERT	orig	bid	bid	33.0	bade	27.0	pst	3(5a)	"To give expression to. ""bade a tearful farewell"""	0.6	0.4386	0.0	no_cond	0.14492212259619291	20.18678670437859	13.874776630856534	17.03078166761756	0.14492212259619291	20.18678670437859	13.874776630856534	17.03078166761756	20.74926508066613
kanishka_GlossBERT	orig	break	broke	19.0	broken	7.0	ppt	4(10b)	"To become inoperative because of damage, wear, or strain. ""The pump broke."""	5.53846153846154	0.0186	0.0098	prob	0.1530379508110791	17.28915628918507	10.93289568577737	14.11102598748122	0.08197713856453546	15.92141514399814	22.607973285170605	19.264694214584374	19.137778687188202
kanishka_GlossBERT	orig	break	broke	9.0	broken	14.0	ppt	4(17a)	"To separate into parts with suddenness or violence. ""broke the plate"" ""Break the chocolate bar in half."""	1.08695652173913	0.2971	0.0015	no_cond	0.065030852166377	21.567818709117056	16.935658132466408	19.25173842079173	0.04692536817911395	21.932722155325447	16.74486785824381	19.33879500678463	20.333715514303094
kanishka_GlossBERT	orig	break	broke	5.0	broken	20.0	ppt	4(18a)	"To violate. To transgress. ""break the law"" ""break a promise"" ""breaking conventions"""	9.0	0.0027	0.0502	cat	0.11241744901760414	13.168599507296049	12.17529023042155	12.6719448688588	0.023007358577295266	13.675197325955082	14.56419519483373	14.119696260394406	15.138978515233402
kanishka_GlossBERT	orig	break	broke	7.0	broken	13.0	ppt	4(26a)	"To split into smaller units, parts, or processes. To divide. ""break the grammar lesson into digestible chunks."" ""break a word at the end of a line"""	1.8	0.1797	0.0083	no_cond	0.04803855294314258	22.831644297049227	21.095230437433965	21.963437367241596	0.0457050154772848	18.06792008476314	24.244786156133937	21.15635312044854	24.680074640331505
kanishka_GlossBERT	orig	break	broke	9.0	broken	6.0	ppt	4(29a)	"To exceed. To surpass. ""break the record"""	0.6	0.4386	0.0169	no_cond	0.17117601418862963	13.727156505572056	11.846021200543627	12.786588853057841	0.022459063169531262	14.16812662528944	12.363339736751966	13.265733181020703	14.791065671549637
kanishka_GlossBERT	orig	break	broke	9.0	broken	8.0	ppt	4(7a)	"To end a relationship, connection, or agreement; usually used with with or from. ""break with tradition"" ""broke with the leadership"""	0.0588235294117647	0.8084	0.0027	no_cond	0.1683614870338542	18.801897870195436	20.371151873310147	19.586524871752793	0.011147995534598418	22.2633954105326	26.033053078538813	24.148224244535704	25.901822459642286
kanishka_GlossBERT	orig	bring	brung	34.0	brought	31.0	pst	5(3a)	"To convey, lead, carry, or cause to come along with one toward the place from which the action is being regarded. ""brought a bottle of wine to the party"""	0.138461538461538	0.7098	0.0	no_cond	0.251190881993173	12.021091917718683	20.243442617943998	16.13226726783134	0.251190881993173	12.021091917718683	20.243442617943998	16.13226726783134	22.720171679123112
kanishka_GlossBERT	orig	bring	brung	55.0	brought	14.0	pst	5(3e)	"(Dialect) To escort. To accompany. ""May I bring you home?"""	24.3623188405797	0.0	0.0001	prob	0.32689299781072456	12.491118341959863	20.042632276714517	16.26687530933719	0.32689299781072456	12.491118341959863	20.042632276714517	16.26687530933719	19.05660582470451
kanishka_GlossBERT	orig	bring	brung	8.0	brought	39.0	pst	5(4a)	"To cause to exist or occur. Such as: To be the occasion of. ""Winter brings snow."" To result in. ""The drug brought immediate relief."" ""brought tears to her eyes"" To institute. ""bring legal action"" To adduce. ""bring an argument"""	20.4468085106383	0.0	0.0056	prob	0.10043156151641665	17.552931264670406	19.723436201727583	18.638183733198993	0.13083055949845268	10.895849374218704	19.90847907173765	15.402164222978175	21.01735990647519
kanishka_GlossBERT	orig	bring	brung	3.0	brought	16.0	pst	5(7a)	Phrases: bring forth, bring forward, bring home, bring to account, bring to bear, bring to book, bring to light, bring to mind, bring to terms	8.89473684210526	0.0029	0.2297	cat	0.13957342042064025	13.057235614909116	21.85817420347651	17.457704909192813	0.17447367043878248	9.883655077248173	21.547473660334383	15.715564368791277	23.83365439924367
kanishka_GlossBERT	orig	burn	burnt	12.0	burned	18.0	ppt	6(10b)	"To subject to misfortune, mistreatment, or deception. Often used in passive. ""has been burned in love"""	1.2	0.2733	0.0001	no_cond	0.045039328536532024	12.609990637942516	13.557210606743716	13.083600622343116	0.06293617499780411	12.0639442680043	13.194163651109257	12.629053959556778	14.100369508551271
kanishka_GlossBERT	orig	burn	burnt	47.0	burned	39.0	ppt	6(7a)	"To cause to undergo combustion. Especially, to destroy by fire. ""burned the trash"""	0.744186046511628	0.3883	0.0	no_cond	0.07621630864184221	16.272140879777787	14.127299226689825	15.199720053233806	0.030437331989044858	17.047643525231862	15.25112499127387	16.149384258252866	17.000211810118685
kanishka_GlossBERT	orig	burn	burnt	15.0	burned	6.0	ppt	6(7b)	"To use as fuel. ""This furnace burns gas"""	3.85714285714286	0.0495	0.0207	prob	0.1066861519096401	6.523494205619439	14.19845105451202	10.36097263006573	0.03692414792447726	14.034907728841258	12.845552577973335	13.440230153407295	14.857895337156073
kanishka_GlossBERT	orig	burn	burnt	5.0	burned	11.0	ppt	6(9a)	"To injure or damage by or as if by exposure to fire, heat, or radiation. To scorch. ""burned his hand"""	2.25	0.1336	0.0434	no_cond	0.11394285725899525	15.06118925515589	16.191119775017857	15.626154515086874	0.07760317615208387	17.534610477975622	16.288159122405904	16.911384800190763	19.135744861459546
kanishka_GlossBERT	orig	burn	burnt	6.0	burned	12.0	pst	6(3a)	"To undergo alteration or destruction by the action of fire or heat. ""The house burned down."" ""The potatoes burned to a crisp."""	2.0	0.1573	0.0191	no_cond	0.1451196411600022	13.91976186126169	12.41818281907897	13.168972340170331	0.06441989625220022	12.549736886254317	14.79800264818241	13.673869767218363	15.967798869069393
kanishka_GlossBERT	orig	burn	burnt	39.0	burned	50.0	pst	6(7a)	"To cause to undergo combustion. Especially, to destroy by fire. ""burned the trash"""	1.35955056179775	0.2436	0.0	no_cond	0.07687529288494398	14.329262044018087	12.76711143867942	13.548186741348754	0.04309386743481069	13.62363490178423	14.39946069808997	14.0115477999371	14.899341913738242
kanishka_GlossBERT	orig	burn	burnt	20.0	burned	3.0	pst	6(9a)	"To injure or damage by or as if by exposure to fire, heat, or radiation. To scorch. ""burned his hand"""	12.5652173913043	0.0004	0.2333	cat	0.04613400999795659	14.42878769201537	10.103085272260623	12.265936482137995	0.11986990643584101	13.552208126488946	13.418627722982455	13.4854179247357	14.849299160391826
kanishka_GlossBERT	orig	creep	creeped	3.0	crept	25.0	ppt	7(2a)	"To go very slowly. ""The hours crept by."""	17.2857142857143	0.0	0.2364	cat	0.1884449578137358	17.202346188069146	12.852223350212837	15.02728476914099	-0.019630998069979207	5.928371981798224	17.251615236099354	11.58999360894879	16.91893176483746
kanishka_GlossBERT	orig	creep	creeped	10.0	crept	63.0	ppt	7(2c)	"To enter or advance gradually so as to be almost unnoticed. ""Age creeps up on us."" ""A note of irritation crept into her voice."""	38.4794520547945	0.0	0.0014	prob	0.19494367466583395	0.0	12.3503677762693	6.17518388813465	0.14736762530398223	11.427079885236854	11.43139316949848	11.429236527367667	12.529933153478291
kanishka_GlossBERT	orig	creep	creeped	72.0	crept	0.0	ppt	7(6a)	"To cause (someone) to have an uncomfortable feeling of nervousness or hear. To give (someone) the creeps. ""That guy really creeps me out."" ""I felt creeped out being alone in the office at night."""	72.0	0.0	1.0	cat	0.10718242614122232	12.033546860966524	11.55513963694113	11.794343248953826		13.383312404330828			13.383312404330828
kanishka_GlossBERT	orig	creep	creeped	2.0	crept	32.0	pst	7(2a)	"To go very slowly. ""The hours crept by."""	26.4705882352941	0.0	0.4925	cat	0.04936803843923336	16.324257035152474	13.906467803710175	15.115362419431325	0.005940049319000793	6.187533151195781	16.989307738620333	11.588420444908056	17.013967157087006
kanishka_GlossBERT	orig	creep	creeped	4.0	crept	32.0	pst	7(2b)	"To go timidly or cautiously so as to escape notice. ""She crept away from the festive scene."""	21.7777777777778	0.0	0.1145	cat	0.07349007939293951	13.513693334299063	16.570732593736164	15.042212964017613	0.034393640501321834	9.618387506956273	17.331005111478113	13.474696309217194	17.469777883545838
kanishka_GlossBERT	orig	creep	creeped	6.0	crept	36.0	pst	7(2c)	"To enter or advance gradually so as to be almost unnoticed. ""Age creeps up on us."" ""A note of irritation crept into her voice."""	21.4285714285714	0.0	0.0258	prob	0.0381938907172297	13.325665738056793	13.363017012699617	13.344341375378205	0.10796301606086646	12.397754071444702	13.203703520114534	12.800728795779618	14.136967719050228
kanishka_GlossBERT	orig	creep	creeped	81.0	crept	0.0	pst	7(6a)	"To cause (someone) to have an uncomfortable feeling of nervousness or hear. To give (someone) the creeps. ""That guy really creeps me out."" ""I felt creeped out being alone in the office at night."""	81.0	0.0	1.0	cat	0.07702200676083364	10.296468989208865	9.7162562340722	10.006362611640533		10.511445718864891			10.511445718864891
kanishka_GlossBERT	orig	disprove	disproven	100.0	disproved	100.0	ppt	8(1a)	"To prove to be false or wrong. To refute. ""disprove a theory"""	0.0	1.0	0.0	no_cond	0.09663058657455345	8.207043207610383	8.974947619102904	8.590995413356644	0.09714667582981713	7.999361678679828	9.185188484594558	8.592275081637194	9.602614728387355
kanishka_GlossBERT	orig	dive	dived	28.0	dove	15.0	pst	9(1a)	To plunge into water intentionally	3.93023255813953	0.0474	0.0	prob	0.10655677236238496	13.785026213130365	15.265131976779093	14.52507909495473	0.10655677236238496	13.785026213130365	15.265131976779093	14.52507909495473	16.28922419107065
kanishka_GlossBERT	orig	dive	dived	25.0	dove	49.0	pst	9(3a)	To plunge into some matter or activity	7.78378378378378	0.0053	0.0	prob	0.14635244807127784	11.439651085119023	13.160999153409445	12.300325119264233	0.14614821026906072	12.314181693823937	11.978153684397453	12.146167689110694	14.29946232690936
kanishka_GlossBERT	orig	dive	dived	34.0	dove	33.0	pst	9(3b)	To plunge or dash for some place, expecially to seize something	0.0149253731343284	0.9028	0.0	no_cond	0.10957698032019823	16.77761846933332	14.16502646379843	15.471322466565875	0.10893422307918574	16.91143238838165	13.940337379664141	15.425884884022896	17.689149899931085
kanishka_GlossBERT	orig	dream	dreamt	59.0	dreamed	53.0	ppt	11(2a)	"To indulge in daydreams or fantasies. ""dreaming of a better future"""	0.321428571428571	0.5708	0.0	no_cond	0.19232062878067024	13.490325749399425	12.907155149964055	13.19874044968174	0.1886967559909989	12.94383319495358	13.790070949072962	13.366952072013271	16.989418479910217
kanishka_GlossBERT	orig	dream	dreamt	20.0	dreamed	28.0	ppt	11(5a)	"To consider as a possibility. To imagine. ""never dreamed I would become a teacher"""	1.33333333333333	0.2482	0.0	no_cond	0.13818355386837294	12.301191570827655	17.314416037497278	14.807803804162466	0.1394911907357938	12.964177385224684	17.237764480187398	15.10097093270604	18.642819877143978
kanishka_GlossBERT	orig	dream	dreamt	7.0	dreamed	15.0	ppt	11(8a)	"To come up with the idea for. Often, the phrase ""dream up""."	2.90909090909091	0.0881	0.0089	no_cond	0.005084756002931041	6.297885459725226	13.799377116922852	10.048631288324039	0.14699091783670315	9.596327259646758	11.978408199244772	10.787367729445766	13.866613048401994
kanishka_GlossBERT	orig	dream	dreamt	25.0	dreamed	44.0	pst	11(2a)	"To indulge in daydreams or fantasies. ""dreaming of a better future"""	5.23188405797101	0.0222	0.0	prob	0.14586847818654955	14.001047439946781	13.839171837464782	13.920109638705782	0.14877334088437996	11.97713265066074	14.948727513060856	13.462930081860797	16.655008901346815
kanishka_GlossBERT	orig	dream	dreamt	56.0	dreamed	15.0	pst	11(4a)	"To have a dream of. ""dreamt that he was running in the woods"""	23.6760563380282	0.0	0.0	prob	0.17329672907136476	10.937948438616145	12.304095759217564	11.621022098916853	0.17329672907136476	10.937948438616145	12.304095759217564	11.621022098916853	13.002671050007912
kanishka_GlossBERT	orig	dream	dreamt	6.0	dreamed	20.0	pst	11(5a)	"To consider as a possibility. To imagine. ""never dreamed I would become a teacher"""	7.53846153846154	0.006	0.0226	prob	0.2606782175440476	11.17647081239225	15.044368750063814	13.110419781228032	0.1886773993215847	8.86315295011857	16.72557752099397	12.79436523555627	18.74959909530771
kanishka_GlossBERT	orig	dream	dreamt	7.0	dreamed	20.0	pst	11(8a)	"To come up with the idea for. Often, the phrase ""dream up""."	6.25925925925926	0.0124	0.01	prob	0.09490620261808413	9.430357079469225	12.276078885420938	10.85321798244508	0.17177255017963156	10.887680032408268	10.540796743522378	10.714238387965324	12.921548109841822
kanishka_GlossBERT	orig	drink	drank	17.0	drunk	11.0	ppt	10(2a)	"To partake of alcoholic beverages. ""has quit drinking"""	1.28571428571429	0.2568	0.0003	no_cond	0.07407729676339739	12.324274727090595	13.805541225293375	13.064907976191986	0.09654647123992284	12.549275615151425	13.776707583800741	13.162991599476083	14.997931882475271
kanishka_GlossBERT	orig	drink	drank	59.0	drunk	45.0	ppt	10(4a)	"To swallow. To imbibe. ""drink a glass of water"""	1.88461538461538	0.1698	0.0	no_cond	0.07213578527732077	15.580228185114056	16.334619702410667	15.957423943762361	0.0730803760232238	15.908909239927878	16.21975704708874	16.06433314350831	17.48215180104033
kanishka_GlossBERT	orig	drink	drank	17.0	drunk	34.0	ppt	10(7a)	Phrase: drink the Kool-Aid	5.66666666666667	0.0173	0.0	prob	0.0823621257081549	9.586651419696311	9.161877692820687	9.374264556258499	0.1008237472359518	8.361067529362199	9.322909707847236	8.841988618604717	10.205465987664482
kanishka_GlossBERT	orig	drive	drove	0.0	driven	25.0	ppt	12(11a)	"To give shape or impulse to. ""factors that drive the business cycle"" ""the ideas that have driven history"""	25.0	0.0	1.0	cat	0.1111208746089782	9.12390345775696	10.853161236199021	9.98853234697799			11.397867552523167		11.397867552523167
kanishka_GlossBERT	orig	drive	drove	27.0	driven	4.0	ppt	12(2a)	"To operate a vehicle. ""learned to drive at the age of seventeen"""	17.0645161290323	0.0	0.1128	cat	0.10215968910117311	8.59731393978024	15.416876305557238	12.007095122668739	0.07809021932061823	15.320135836577135	11.310386539950612	13.315261188263873	16.02327759838234
kanishka_GlossBERT	orig	drive	drove	12.0	driven	3.0	ppt	12(7b)	"To operate the mechanism and controls and direct the course of (a vehicle). ""drive a car"""	5.4	0.0201	0.2241	cat	0.1482253904856205	14.024040937176695	14.60499727282688	14.314519105001787	0.047650661835692366	18.031297665845127	10.984152179107255	14.507724922476191	18.70148486910533
kanishka_GlossBERT	orig	drive	drove	0.0	driven	24.0	ppt	12(8a)	"To exert inescapable or coescive pressure on. To force. ""driven by his passions"""	24.0	0.0	1.0	cat	0.1531251977403097	15.570587688224512	4.876967746610896	10.223777717417704			16.49000087079776		16.49000087079776
kanishka_GlossBERT	orig	eat	ate	22.0	eaten	8.0	ppt	1(1a)	To take food or a meal.	6.53333333333333	0.0106	0.0046	prob	0.2401883705913504	13.322508098333701	2.1511636623404824	7.736835880337091	0.07710293089883638	12.908970542029476	13.79910967352217	13.354040107775823	14.487904485818065
kanishka_GlossBERT	orig	eat	ate	61.0	eaten	81.0	ppt	1(3a)	To take in through the mouth as food. To ingest, chew, and swallow in turn.	2.8169014084507	0.0933	0.0	no_cond	0.10652113207011865	16.726492654202982	17.695367848737064	17.210930251470025	0.045228515427062285	17.045513167057955	19.936845645246585	18.49117940615227	19.712808369265517
kanishka_GlossBERT	orig	fall	fell	10.0	fallen	21.0	ppt	13(12a)	Phrases: fall apart, fall behind, fall between two stools, fall flat, fall for, fall from grace, fall home, fall into line, fall on, fall on one's face, fall on one's sword, fall short	3.90322580645161	0.0482	0.0008	prob	0.04482644261072755	19.459852185318205	16.29213184989652	17.875992017607363	0.03879858525054917	19.291914589452894	18.525745309870768	18.90882994966183	20.00299688877936
kanishka_GlossBERT	orig	fall	fell	40.0	fallen	11.0	ppt	13(1a)	"To descend freely by the force of gravity. ""The apple fell from the tree."""	16.4901960784314	0.0	0.0005	prob	0.10009967713453419	17.62817337101651	19.97881143628376	18.803492403650132	0.07095234820973355	19.55044235514033	21.26355266177968	20.406997508460005	21.202355256559066
kanishka_GlossBERT	orig	fall	fell	4.0	fallen	30.0	ppt	13(6c)	"To decline in quality, activity, or quantity. ""Production fell off."""	19.8823529411765	0.0	0.1139	cat	0.09490711756098696	17.598595101348973	12.342347401212045	14.97047125128051	0.08584103365856299	12.940197295063275	17.050370727039226	14.99528401105125	17.818729403347362
kanishka_GlossBERT	orig	fall	fell	30.0	fallen	5.0	ppt	13(9a)	"To pass suddenly and passively into a state or body of mind or a new state or condition. ""fall asleep"" / ""fall in love"""	17.8571428571429	0.0	0.0536	cat	0.23271697970596728	15.614955174462223	16.623382127630084	16.119168651046152	0.06927144276169588	20.397904396124847	21.634742938276474	21.01632366720066	21.69571620752175
kanishka_GlossBERT	orig	fly	flied	2.0	flew	16.0	pst	14(1a)	"To move in or pass through the air with wings. ""bees flying around the hive"""	10.8888888888889	0.001	0.4857	cat	0.15698367673197353	15.155411320238413	12.691734494909742	13.923572907574076	0.30188104069094085	0.9106204837136891	14.680227963502938	7.795424223608314	17.13938654746162
kanishka_GlossBERT	orig	fly	flied	0.0	flew	52.0	pst	14(5a)	"To operate or travel in an airplane or spacecraft. ""They flew to Florida for their vacation."""	52.0	0.0	1.0	cat	0.08059389608068018	0.0	13.080600611634095	6.5403003058170475			13.17848939576748		13.17848939576748
kanishka_GlossBERT	orig	fly	flied	96.0	flew	7.0	pst	14(7a)	To hit a fly in baseball.	76.9029126213592	0.0	0.0141	prob	0.15017957675942614	14.99390557595505	10.41825681062841	12.70608119329173	0.314391999113025	12.572123640088856	12.108692366503854	12.340408003296355	14.253246162552553
kanishka_GlossBERT	orig	forget	forgot	41.0	forgotten	49.0	ppt	15(3a)	"To lose the remembrance of. To be unable to think of or recall. ""I forgot his name."""	0.711111111111111	0.3991	0.0	no_cond	0.061979522443148444	13.844883563415168	15.539909096219931	14.69239632981755	0.04125986391273306	15.28615313446919	15.463988698688091	15.37507091657864	16.20758184100467
kanishka_GlossBERT	orig	forget	forgot	28.0	forgotten	39.0	ppt	15(4a)	"To treat with inattention or disregard. ""forgot their old friends"" ""He's now a forgotten hero."""	1.80597014925373	0.179	0.0	no_cond	0.12034610334160742	15.794990973647614	14.04193465507297	14.918462814360293	0.02869332010523848	16.24939623679175	16.64608304943965	16.4477396431157	17.221748999089105
kanishka_GlossBERT	orig	forget	forgot	16.0	forgotten	11.0	ppt	15(5a)	"To disregard intentionally. To overlook. Usually used in the imperative. ""I shouldn't have said that, so just forget it."""	0.925925925925926	0.3359	0.0003	no_cond	0.18452688569524345	19.96548129316078	13.075898629255617	16.5206899612082	0.02461619336951579	17.557464310620762	12.140464078850584	14.848964194735673	16.596355451200807
kanishka_GlossBERT	orig	hang	hanged	1.0	hung	15.0	ppt	16(12a)	"(Informal) To pass time idly or in relaxing or socializing. To hang around. To hang out. ""hanging with friends"" ""hanging at the beach"""	12.25	0.0005	1.0	cat	0.15095352012743724	16.51906514431478	17.31730360757418	16.918184375944477	0.006013363968892297	0.0	21.884033709177967	10.942016854588983	21.983130531597162
kanishka_GlossBERT	orig	hang	hanged	0.0	hung	20.0	ppt	16(14a)	Phrases: hang fire, hang it up, hang loose, hang one on, hang out to dry, hang one's hat (on), hang ten, hang tough	20.0	0.0	1.0	cat	0.12915175575471807	18.422199055474575	19.10789216668231	18.765045611078442			22.347470836544115		22.347470836544115
kanishka_GlossBERT	orig	hang	hanged	1.0	hung	30.0	ppt	16(15a)	"To fasten to some elevated point without support from below. To suspend. ""hang a picture on the wall"""	27.1290322580645	0.0	1.0	cat	0.04540515881016732	18.72561215316738	18.854994506678388	18.790303329922885	0.03735626222243374	0.0	20.153383491886853	10.076691745943426	20.270824750060097
kanishka_GlossBERT	orig	hang	hanged	98.0	hung	26.0	ppt	16(15b)	"To suspend by the neck until dead; often hanged in the past; often used as a mild oath. ""I'll be hanged"""	41.8064516129032	0.0	0.0	prob	0.08897854398686822	14.050179373321958	16.472236302409765	15.26120783786586	0.1419652180305449	14.001126618079747	19.143270025746837	16.57219832191329	16.326843922842826
kanishka_GlossBERT	orig	hang	hanged	4.0	hung	27.0	pst	16(12a)	"(Informal) To pass time idly or in relaxing or socializing. To hang around. To hang out. ""hanging with friends"" ""hanging at the beach"""	17.0645161290323	0.0	0.1128	cat	0.11174792213640637	16.96321866245935	17.07789651454486	17.020557588502108	0.07024943184814922	10.191613032764911	19.626043191349805	14.908828112057357	20.10444231068694
kanishka_GlossBERT	orig	hang	hanged	0.0	hung	22.0	pst	16(14a)	Phrases: hang fire, hang it up, hang loose, hang one on, hang out to dry, hang one's hat (on), hang ten, hang tough	22.0	0.0	1.0	cat	0.19380991311205337	19.507097253285846	22.887632568831908	21.197364911058877			27.688638319359434		27.688638319359434
kanishka_GlossBERT	orig	hang	hanged	1.0	hung	20.0	pst	16(15a)	"To fasten to some elevated point without support from below. To suspend. ""hang a picture on the wall"""	17.1904761904762	0.0	1.0	cat	0.12778285469163023	19.838569910909314	17.255662587352013	18.547116249130664	0.1655559960823013	0.0	20.734416674092387	10.367208337046193	21.66777721796559
kanishka_GlossBERT	orig	hang	hanged	94.0	hung	3.0	pst	16(15b)	"To suspend by the neck until dead; often hanged in the past; often used as a mild oath. ""I'll be hanged"""	85.3711340206186	0.0	0.2461	cat	0.17785090282910312	11.386129817756158	10.942391676430802	11.16426074709348	0.11406489849517003	13.705357597332254	11.8801727126721	12.792765155002177	13.941174782276862
kanishka_GlossBERT	orig	heave	hove	10.0	heaved	7.0	pst	17(2c)	"To move in an indicated way. (Past tense usually 'hove') ""The ship hove into view."""	0.529411764705882	0.4669	0.0072	no_cond	0.26708391243681096	16.783778424676267	13.54494010236071	15.164359263518488	0.26708391243681096	16.783778424676267	13.54494010236071	15.164359263518488	23.85421358173675
kanishka_GlossBERT	orig	heave	hove	36.0	heaved	0.0	pst	17(2d)	Phrase: heave into view, heave into sight.	36.0	0.0	1.0	cat	0.04200163932634142	13.794448443668882	16.508480268849453	15.151464356259169		16.907708726265692			16.907708726265692
kanishka_GlossBERT	orig	heave	hove	5.0	heaved	12.0	pst	17(8a)	"To throw. To cast. ""heaved her books on the floor"""	2.88235294117647	0.0896	0.0445	no_cond	0.16547260654912735	22.400860676357865	12.044513081950491	17.22268687915418	0.21848376382783438	12.85331876982409	17.229295131780102	15.041306950802095	21.64889060171996
kanishka_GlossBERT	orig	heave	hove	0.0	heaved	22.0	pst	17(9a)	"To utter with obvious effort or with a deep breath. ""heaved a sigh of relief"""	22.0	0.0	1.0	cat	0.05175499528672534	11.23941461685039	10.574593105206764	10.907003861028578			12.188902391692626		12.188902391692626
kanishka_GlossBERT	orig	kneel	kneeled	40.0	knelt	50.0	pst	18(1a)	"To position the body so that one or both knees rest on the floor. ""The prisoners were ordered to kneel."""	1.11111111111111	0.2918	0.0	no_cond	0.13609077568266414	11.56837983493906	11.858852593323098	11.71361621413108	0.13609077568266414	11.56837983493906	11.858852593323098	11.71361621413108	13.822134966904205
kanishka_GlossBERT	orig	kneel	kneeled	60.0	knelt	50.0	pst	18(2a)	"To fall or rest on the knees. ""She kneeled on the floor next to the child."""	0.909090909090909	0.3404	0.0	no_cond	0.14720036086982016	11.974276771629095	12.53692019193238	12.255598481780737	0.14720036086982016	11.974276771629095	12.53692019193238	12.255598481780737	14.561977141622204
kanishka_GlossBERT	orig	knit	knitted	67.0	knit	43.0	ppt	19(3a)	To form by interlacing yarn or thread in a series of connected loops with needles	5.23636363636364	0.0221	0.0	prob	0.10233546444515419	18.632373519652656	16.53068144993174	17.581527484792197	0.09502834688814232	16.01021264330118	22.24569683916105	19.127954741231115	20.160652211247367
kanishka_GlossBERT	orig	knit	knitted	23.0	knit	45.0	ppt	19(4a)	"To link firmly or closely. ""knitted my hands"""	7.11764705882353	0.0076	0.0	prob	0.1214581323277223	14.64453527401141	12.09841979085236	13.371477532431886	0.08487738945832056	13.209945677220624	12.900413929959301	13.055179803589962	14.332074698692898
kanishka_GlossBERT	orig	knit	knitted	12.0	knit	6.0	pst	19(1a)	To make knitted fabrics or objects.	2.0	0.1573	0.0191	no_cond	0.15080730893090014	15.302615058532087	10.63096274316191	12.966788900846998	0.1200419524438619	13.372544666530006	16.992450490806764	15.182497578668386	17.247492728537694
kanishka_GlossBERT	orig	knit	knitted	57.0	knit	29.0	pst	19(3a)	To form by interlacing yarn or thread in a series of connected loops with needles	9.11627906976744	0.0025	0.0	prob	0.10478450645001988	15.08755275499203	20.44009703640291	17.76382489569747	0.10478450645001988	15.08755275499203	20.44009703640291	17.76382489569747	18.49658827191956
kanishka_GlossBERT	orig	knit	knitted	5.0	knit	16.0	pst	19(4a)	"To link firmly or closely. ""knitted my hands"""	5.76190476190476	0.0164	0.0478	prob	0.23426282896848613	12.252437323363374	10.228310067460017	11.240373695411694	0.08192796211226486	12.881625122317558	14.822228454041516	13.851926788179536	16.183324851299783
kanishka_GlossBERT	orig	knit	knitted	10.0	knit	24.0	pst	19(4c)	"To contract into wrinkles. ""knitted her brow"""	5.76470588235294	0.0164	0.0009	prob	0.10477787752863327	12.01279312982648	12.869244002173097	12.441018565999789	0.08537063999095167	9.825855514143074	13.97532409119168	11.900589802667376	14.464133485582414
kanishka_GlossBERT	orig	know	knowed	42.0	knew	63.0	pst	20(4a)	"To perceive directly. To have direct cognition of. To have understanding of. ""importance of knowing oneself"""	4.2	0.0404	0.0	prob	0.07480124598074862	18.714278762662406	17.63470596846349	18.174492365562948	0.07514182437695964	14.770857618546259	20.104980263389695	17.437918940967975	19.7809980678234
kanishka_GlossBERT	orig	know	knowed	26.0	knew	9.0	pst	20(4c)	To recognize as being the same as something previously known. To be acquainted or familiar with. To have experience of.	8.25714285714286	0.0041	0.0022	prob	0.05181346468701755	18.319393589108145	18.41958582394738	18.369489706527762	0.12204416334626249	16.161943801943515	23.763247565023036	19.962595683483276	19.8818331457263
kanishka_GlossBERT	orig	know	knowed	26.0	knew	25.0	pst	20(5a)	To be aware of the truth or factuality of. To be convinced or certain of.	0.0196078431372549	0.8886	0.0	no_cond	0.15246437319945713	14.352315004608611	14.819738256351771	14.586026630480191	0.14499049196967273	13.063307665040604	16.33029566598061	14.696801665510607	17.777748006418722
kanishka_GlossBERT	orig	lay	lain	0.0	laid	18.0	ppt	21(19b)	"To submit for examination and judgment. ""laid her case before the commission"" (I used it more like ""to show for examination"")"	18.0	0.0	1.0	cat	0.1808009802450801	0.0	16.15110064689503	8.075550323447516			17.149068133823477		17.149068133823477
kanishka_GlossBERT	orig	lay	lain	7.0	laid	13.0	ppt	21(20a)	(Often vulgar) To copulate with.	1.8	0.1797	0.0083	no_cond	0.4017058912431571	9.822329411146624	9.883191077042925	9.852760244094775	0.4017058912431571	9.883191077042925	9.822329411146624	9.852760244094775	19.06510024600633
kanishka_GlossBERT	orig	lay	lain	70.0	laid	3.0	ppt	21(2a)	"(Nonstandard) To be or to stay at rest in a horizontal position. To be prostrate. To rest. To recline. ""lie motionless"" ""lie asleep"""	61.4931506849315	0.0	0.2448	cat	0.12823283609099295	17.792491776736604	18.577897506236148	18.185194641486376	0.1557765544283798	20.912413922825532	22.185069897222053	21.548741910023793	21.631368637539286
kanishka_GlossBERT	orig	lay	lain	12.0	laid	34.0	ppt	21(6a)	Phrases: lay an egg, lay eyes on, lay into, lay on the table	10.5217391304348	0.0012	0.0002	prob	0.21009044294784426	15.840891431346392	22.987275106625	19.414083268985696	0.1392920231084435	13.568262837781207	24.91149505143696	19.239878944609085	25.975191012164814
kanishka_GlossBERT	orig	lay	laid	17.0	lay	0.0	pst	21(13a)	"To dispose or spread over or on a surface. ""lay track"" ""lay plaster"""	17.0	0.0	1.0	cat	0.24263732784743888	12.285897115189517	10.686580162517023	11.48623863885327		14.514751538083672			14.514751538083672
kanishka_GlossBERT	orig	lay	laid	34.0	lay	1.0	pst	21(16a)	"To prepare. To contrive. ""a well-laid plan"""	31.1142857142857	0.0	1.0	cat	0.13359464238812366	12.585510800548619	11.343036460426285	11.964273630487451	-0.009438876297003844	14.428381544985676	0.0	7.214190772492838	14.433337765609473
kanishka_GlossBERT	orig	lay	laid	15.0	lay	0.0	pst	21(21a)	Phrases: lay off, lay eyes on, lay the basis	15.0	0.0001	1.0	cat	0.06416133654203265	21.491434236333472	27.663137507456714	24.577285871895093		27.093476963921315			27.093476963921315
kanishka_GlossBERT	orig	lay	laid	10.0	lay	61.0	pst	21(2a)	"(Nonstandard) To be or to stay at rest in a horizontal position. To be prostrate. To rest. To recline. ""lie motionless"" ""lie asleep"""	36.6338028169014	0.0	0.0014	prob	0.09967832610068343	21.54970366364125	18.72105375258765	20.13537870811445	0.027488273979947263	18.548118115123447	22.934331454633334	20.74122478487839	23.220318505293676
kanishka_GlossBERT	orig	lay	laid	0.0	lay	26.0	pst	21(6b)	To have place. To exist.	26.0	0.0	1.0	cat	0.08722386382493051	15.544377926385296	18.00840380174375	16.776390864064524			19.345152171377983		19.345152171377983
kanishka_GlossBERT	orig	lead	lead	28.0	led	22.0	ppt	22(5b)	"To direct on a course or in a direction. ""a road leading the traveler to the heart of the city"""	0.72	0.3961	0.0	no_cond	0.13413519556084122	19.495067077703123	16.040909468069348	17.767988272886235	0.0021246412154731858	20.981903239646122	19.327586741392906	20.154744990519514	20.76388643061838
kanishka_GlossBERT	orig	lead	lead	8.0	led	43.0	ppt	22(7a)	"To direct the operations, activity, or performance of. ""lead an orchestra"" To have charge of. ""lead a campaign"""	24.0196078431373	0.0	0.0058	prob	0.09242443653352078	22.2381061634079	22.665787373402285	22.451946768405094	0.03594911827641286	17.498803549895065	24.926353290551024	21.212578420223046	25.218927715671516
kanishka_GlossBERT	orig	lead	lead	54.0	led	29.0	ppt	22(8a)	"To bring to some conclusion or condition. ""led to believe otherwise"""	7.53012048192771	0.0061	0.0	prob	0.28500285919549667	21.476450202997512	12.885317553203837	17.180883878100673	0.010276339226441344	18.662592406641263	16.717659726619033	17.69012606663015	18.43816021487068
kanishka_GlossBERT	orig	lead	lead	15.0	led	5.0	pst	22(5a)	"To guide on a way especially by going in advance. ""led the officers to his hiding place"""	5.0	0.0253	0.0471	prob	0.13430904315002926	26.522699010486647	22.412028585836243	24.467363798161443	0.09565232986211696	25.4671887562359	28.361445196932074	26.914316976583986	29.287842428207377
kanishka_GlossBERT	orig	lead	lead	15.0	led	23.0	pst	22(5b)	"To direct on a course or in a direction. ""a road leading the traveler to the heart of the city"""	1.68421052631579	0.1944	0.0	no_cond	0.09354722609444581	18.980646375155946	18.492733943838044	18.736690159496995	0.04469336950693835	21.207356617153902	18.939377655844563	20.073367136499233	21.203375852462997
kanishka_GlossBERT	orig	lead	lead	17.0	led	11.0	pst	22(7a)	"To direct the operations, activity, or performance of. ""lead an orchestra"" To have charge of. ""lead a campaign"""	1.28571428571429	0.2568	0.0003	no_cond	0.10111506649781302	18.5732617665459	5.635355881894808	12.104308824220354	0.017839568275258753	17.998969585448506	18.39815796836646	18.198563776907484	19.14067732310542
kanishka_GlossBERT	orig	lead	lead	17.0	led	17.0	pst	22(7c)	"To go at the head of. ""lead a parade"" To be first in or among. ""lead the league"" To have a margain over. ""led his opponent"""	0.0	1.0	0.0	no_cond	0.15510214882520912	20.157423220503198	16.78045878270493	18.468941001604065	0.10658811455581167	15.304095547196663	25.339255484326728	20.321675515761697	23.095792545860913
kanishka_GlossBERT	orig	lead	lead	34.0	led	37.0	pst	22(8a)	"To bring to some conclusion or condition. ""led to believe otherwise"""	0.126760563380282	0.7218	0.0	no_cond	0.15795273044758243	14.606316430658763	15.096427730562397	14.851372080610581	0.04169906606140563	14.75006417158936	16.896131382295028	15.823097776942195	16.785866091922394
kanishka_GlossBERT	orig	leap	leapt	55.0	leaped	56.0	ppt	23(1a)	"To spring free from or as if from the ground. To jump. ""leap over a fence"" ""A fish leaps out of the water."""	0.009009009009009	0.9244	0.0	no_cond	0.08564137168555498	15.899961520523332	16.9122567032675	16.406109111895415	0.014218897366640398	17.127417210674412	18.21379121584649	17.670604213260454	18.081067081189882
kanishka_GlossBERT	orig	leap	leapt	22.0	leaped	23.0	ppt	23(2a)	"To pass abruptly from one state or topic to another. ""the difficult leap from college to the workplace"""	0.0222222222222222	0.8815	0.0	no_cond	0.15143890140217592	13.374923445137023	9.961935152463584	11.668429298800303	0.019046945103673135	13.672540397728563	14.157525378535821	13.915032888132192	14.485869527251369
kanishka_GlossBERT	orig	leap	leapt	21.0	leaped	17.0	ppt	23(2b)	"To act precipitately. ""leaped at the chance"". I used it like 'to move quickly'"	0.421052631578947	0.5164	0.0	no_cond	0.1490990267315394	14.599240730273703	15.476839951891032	15.038040341082368	0.03128860993056969	15.419661730556854	15.672757534366049	15.546209632461451	16.483164548227734
kanishka_GlossBERT	orig	leap	leapt	84.0	leaped	78.0	pst	23(1a)	"To spring free from or as if from the ground. To jump. ""leap over a fence"" ""A fish leaps out of the water."""	0.222222222222222	0.6374	0.0	no_cond	0.06576701266140553	18.46888415448781	14.191989450893432	16.33043680269062	0.013267295540063534	18.769462786700803	18.265673031656885	18.517567909178844	18.902812646724815
kanishka_GlossBERT	orig	leap	leapt	10.0	leaped	9.0	pst	23(2a)	"To pass abruptly from one state or topic to another. ""the difficult leap from college to the workplace"""	0.0526315789473684	0.8185	0.0011	no_cond	0.11610191429951792	0.0	15.059057053211594	7.529528526605797	0.024602703519970837	15.068710756723672	13.413753057619727	14.241231907171699	15.574107102824897
kanishka_GlossBERT	orig	leap	leapt	6.0	leaped	10.0	pst	23(2b)	"To act precipitately. ""leaped at the chance"""	1.0	0.3173	0.0177	no_cond	0.143552672888077	9.731745397380775	12.182761063121465	10.95725323025112	0.04396676106094463	11.442388279022124	13.041362785726571	12.241875532374348	13.931552949457796
kanishka_GlossBERT	orig	learn	learnt	36.0	learned	28.0	ppt	24(2a)	"To gain knowledge or understanding of or skill in by study, instruction, or experience. ""learn a trade"" ""learned to play chess"""	1.0	0.3173	0.0	no_cond	0.08996662704537714	17.25760186625919	21.260115361322622	19.258858613790906	0.07909626808850251	17.76319153931071	20.691307433359686	19.227249486335197	20.9487519814768
kanishka_GlossBERT	orig	learn	learnt	15.0	learned	12.0	ppt	24(2c)	"To come to be able to. ""learn to dance"""	0.333333333333333	0.5637	0.0001	no_cond	0.26473667296138226	18.160454683814574	0.0	9.080227341907287	0.10649364682889567	13.81709101863662	19.745181723117692	16.781136370877157	19.469377448792343
kanishka_GlossBERT	orig	learn	learnt	37.0	learned	55.0	ppt	24(2d)	"To come to realize. ""learned that honesty paid"""	3.52173913043478	0.0606	0.0	no_cond	0.07317645825444065	20.95874769656275	18.466728709841107	19.71273820320193	0.08869535317246421	20.176749687635574	18.362335064034376	19.269542375834973	21.124495541716573
kanishka_GlossBERT	orig	learn	learnt	51.0	learned	39.0	pst	24(2a)	"To gain knowledge or understanding of or skill in by study, instruction, or experience. ""learn a trade"" ""learned to play chess"""	1.6	0.2059	0.0	no_cond	0.05860340515986339	16.209714144148197	19.997819011116878	18.103766577632538	0.07163040211015867	18.101880395813993	19.599798899607066	18.85083964771053	20.432141656696835
kanishka_GlossBERT	orig	learn	learnt	6.0	learned	16.0	pst	24(2c)	"To come to be able to. ""learn to dance"""	4.54545454545455	0.033	0.0211	prob	0.16068122605672872	13.804795166383801	7.910829221775792	10.857812194079797	0.10458906308238057	10.731229625680337	13.611061838779719	12.171145732230027	14.933009191266763
kanishka_GlossBERT	orig	learn	learnt	37.0	learned	29.0	pst	24(2d)	"To come to realize. ""learned that honesty paid"""	0.96969696969697	0.3248	0.0	no_cond	0.08486892850906062	15.972365020744988	16.444503240218268	16.208434130481628	0.0718075362000056	16.972781147824165	15.857616973723497	16.41519906077383	18.110480231062947
kanishka_GlossBERT	orig	learn	learnt	6.0	learned	14.0	pst	24(4a)	"To come to know. To hear. ""We just learned that he was ill."""	3.2	0.0736	0.0202	no_cond	0.08893253062409648	18.6290916653453	16.332222207536518	17.48065693644091	0.07953426436064201	16.052571912204872	18.779364599425698	17.415968255815287	20.559473036863835
kanishka_GlossBERT	orig	light	lighted	45.0	lit	36.0	ppt	25(8a)	To set fire to.	1.0	0.3173	0.0	no_cond	0.10460437603163736	16.33567079081276	15.172153891594412	15.753912341203586	0.04229781223006657	16.453438278475915	18.007662147877724	17.23055021317682	18.095376751531116
kanishka_GlossBERT	orig	light	lighted	48.0	lit	52.0	ppt	25(9b)	"To illuminate. ""Rockets lit up the sky."""	0.16	0.6892	0.0	no_cond	0.09926576795933824	18.0591547355047	17.335927275037093	17.697541005270896	0.03612240698100719	20.925027194132735	17.52215162496	19.223589409546367	20.00069409756595
kanishka_GlossBERT	orig	light	lighted	14.0	lit	34.0	pst	25(1a)	"To become bright / brighten. ""Her face lit up."""	8.33333333333333	0.0039	0.0	prob	0.1434135031056728	14.763560600168185	14.91655644600566	14.840058523086924	0.023653544277972217	12.468177195141712	17.355279857369077	14.911728526255395	16.897490674645052
kanishka_GlossBERT	orig	light	lighted	48.0	lit	47.0	pst	25(8a)	To set fire to.	0.0105263157894737	0.9183	0.0	no_cond	0.12850527985451587	15.327424160163451	14.207163393129742	14.767293776646596	0.04353437107148779	16.240407560160875	17.008627172544568	16.62451736635272	17.569893454558873
kanishka_GlossBERT	orig	light	lighted	17.0	lit	14.0	pst	25(9b)	"To illuminate. ""Rockets lit up the sky."""	0.290322580645161	0.59	0.0	no_cond	0.1276250942628719	13.44803282370659	13.097847856902453	13.272940340304523	0.040518013430387474	13.977812112501413	14.193694795991982	14.085753454246698	15.136452747186619
kanishka_GlossBERT	orig	plead	pled	83.0	pleaded	70.0	ppt	26(3a)	"To make a plea of a specific nature. ""Plead not guilty"""	1.10457516339869	0.2933	0.0	no_cond	0.30197842229725885	11.181130503863097	14.282694769503152	12.731912636683123	0.2981677729734843	10.608496600810986	15.102263894666752	12.855380247738868	18.90075238394208
kanishka_GlossBERT	orig	plead	pled	4.0	pleaded	21.0	ppt	26(4b)	To entreat or appeal earnestly.	11.56	0.0007	0.1099	cat	0.16018068682046446	11.763723402558911	17.889016976607657	14.826370189583283	0.1361945926246227	8.3341503469913	18.17222606516778	13.25318820607954	19.348550901476358
kanishka_GlossBERT	orig	plead	pled	91.0	pleaded	73.0	pst	26(3a)	"To make a plea of a specific nature. ""Plead not guilty"""	1.97560975609756	0.1599	0.0	no_cond	0.26879618064532296	11.695365988943694	14.399600611221379	13.047483300082536	0.2689038816009101	11.248605782193993	14.929488510188062	13.089047146191028	18.187823846955247
kanishka_GlossBERT	orig	plead	pled	5.0	pleaded	24.0	pst	26(4b)	To entreat or appeal earnestly.	12.448275862069	0.0004	0.0518	cat	0.05766952339248265	18.290481826234764	12.687149610947007	15.488815718590885	0.17282834170784894	11.07045104265712	16.27996569802187	13.675208370339494	18.300500401139537
kanishka_GlossBERT	orig	prove	proved	36.0	proven	19.0	ppt	27(1a)	"To turn out, especially after trial or test. ""The new drug proved effective."""	5.25454545454545	0.0219	0.0	prob	0.1174744244310403	15.709930693108733	0.0	7.8549653465543665	0.05111679088700118	14.226236585570083	16.519754565430162	15.372995575500124	15.871064346741417
kanishka_GlossBERT	orig	prove	proved	40.0	proven	60.0	ppt	27(2a)	"To establish the existence, truth, or validity of (as by evidence or logic). ""prove a theorem"" ""The charges were never proved in court."""	4.0	0.0455	0.0	prob	0.08265260772141199	18.810605796518193	17.054203918933982	17.932404857726087	0.03273740690862104	19.045111680783343	19.011010191418514	19.02806093610093	19.827000931405447
kanishka_GlossBERT	orig	prove	proved	19.0	proven	20.0	ppt	27(2b)	"To demonstrate as having a particular quality or worth. ""proved herself a great actress"" ""The vaccine has been proven effective after years of tests."""	0.0256410256410256	0.8728	0.0	no_cond	0.10449708084674443	18.331400660291546	12.399119002434238	15.365259831362891	0.023688775674988016	18.159491883750622	16.478549458646906	17.319020671198764	18.254857016503017
kanishka_GlossBERT	orig	ring	ringed	0.0	rung	42.0	ppt	28(10a)	To cause to sound, especially by striking.	42.0	0.0	1.0	cat	0.13720407188798642	13.18376154726933	16.501448066058124	14.842604806663728			16.151560627336085		16.151560627336085
kanishka_GlossBERT	orig	ring	ringed	91.0	rung	0.0	ppt	28(16a)	To place or form a ring around; to encircle.	91.0	0.0	1.0	cat	0.07118254985795072	12.478391791951063	17.09058082838405	14.784486310167555		16.366734493124			16.366734493124
kanishka_GlossBERT	orig	ring	ringed	0.0	rung	18.0	ppt	28(1a)	To sound resonantly or sonorously.	18.0	0.0	1.0	cat	0.2068317220486688	13.011864263614582	13.667198038153717	13.339531150884149			18.3223952901052		18.3223952901052
kanishka_GlossBERT	orig	see	saw	54.0	seen	34.0	ppt	29(6a)	To perceive by the eye.	4.54545454545455	0.033	0.0	prob	0.1300050416197601	29.307363670310355	22.6337889443269	25.970576307318627	0.0327002030005664	25.686196576028347	26.965269362212048	26.325732969120196	27.319733262756834
kanishka_GlossBERT	orig	see	saw	18.0	seen	19.0	ppt	29(7a)	"To be aware of. To recognize. ""sees only our faults"""	0.027027027027027	0.8694	0.0	no_cond	0.10191095147978184	22.387397512981035	18.507151327102676	20.447274420041857	0.045648581053287195	23.05405234272419	20.099968490057197	21.577010416390692	23.334681390000867
kanishka_GlossBERT	orig	see	saw	2.0	seen	17.0	ppt	29(7d)	To perceive the meaning or importance of. To understand.	11.8421052631579	0.0006	0.4865	cat	0.14326192007052813	19.1057952295978	17.458986709106515	18.282390969352157	0.08820044777601682	10.986640813285202	21.855399144219497	16.421019978752348	22.84231304945723
kanishka_GlossBERT	orig	see	saw	7.0	seen	8.0	ppt	29(8a)	To come to know. To discover.	0.0666666666666667	0.7963	0.0063	no_cond	0.03981165564863868	13.239027244307762	23.31216140063328	18.27559432247052	0.021174004769693278	20.92650910312496	22.61861557307181	21.772562338098385	24.024204962909728
kanishka_GlossBERT	orig	see	saw	16.0	seen	21.0	ppt	29(8c)	"To have experience of. To undergo. ""see army service"""	0.675675675675676	0.4111	0.0	no_cond	0.10302921895961445	20.314332115737272	18.387907363489152	19.35111973961321	0.025272959611880728	19.391587481669887	19.668144407118824	19.529865944394356	20.634994539014603
kanishka_GlossBERT	orig	see	seen	65.0	saw	39.0	pst	29(6a)	To perceive by the eye.	6.5	0.0108	0.0	prob	0.08195262350843312	24.92298451869502	17.57403151193279	21.248508015313906	0.04644436824566317	21.09155247705658	22.321780391118196	21.70666643408739	22.695756233815615
kanishka_GlossBERT	orig	see	seen	11.0	saw	4.0	pst	29(7a)	"To be aware of. To recognize. ""sees only our faults"""	3.26666666666667	0.0707	0.0996	no_cond	0.13843889242326987	21.908885781859283	0.0	10.954442890929641	0.10013913481678535	19.24490704948924	22.397997139104326	20.82145209429678	23.100159009986303
kanishka_GlossBERT	orig	see	seen	15.0	saw	18.0	pst	29(8a)	To come to know. To discover.	0.272727272727273	0.6015	0.0	no_cond	0.2041497781468366	10.088355163779081	19.92591689846855	15.007136031123816	0.07270817858915435	18.120338822633663	20.003698980627785	19.062018901630722	21.333063555058683
kanishka_GlossBERT	orig	see	seen	7.0	saw	24.0	pst	29(8c)	"To have experience of. To undergo. ""see army service"""	9.32258064516129	0.0023	0.0107	prob	0.07554311066517468	20.91414407461857	12.119017449315088	16.51658076196683	0.05879439862649916	14.522808744340088	18.886642933923742	16.704725839131914	19.455762317436978
kanishka_GlossBERT	orig	sew	sewed	35.0	sewn	53.0	ppt	30(4a)	To unite or fasten by stitches.	3.68181818181818	0.055	0.0	no_cond	0.09391023710982703	15.767803709784731	14.935139714464215	15.351471712124473	0.06823309112002138	15.473158182510243	16.143188926299526	15.808173554404885	17.234372228910903
kanishka_GlossBERT	orig	sew	sewed	20.0	sewn	13.0	ppt	30(4b)	To create via sewing.	1.48484848484848	0.223	0.0001	no_cond	0.10689129103962387	14.4766730582821	16.352477590261707	15.414575324271905	0.03961643960952046	16.512877110672115	16.36497298581006	16.43892504824109	17.567465287814436
kanishka_GlossBERT	orig	sew	sewed	40.0	sewn	13.0	ppt	30(5a)	"To close or enclose by sewing. ""sew the money in the bag"""	13.7547169811321	0.0002	0.0001	prob	0.13325482389497523	10.461150901925045	15.402268640735985	12.931709771330514	0.07339537526758781	13.68361665736698	12.729240638622336	13.206428647994658	14.540375831614355
kanishka_GlossBERT	orig	sew	sewed	1.0	sewn	17.0	ppt	30(6a)	To scatter (seed) upon the earth for growth. To plant.	14.2222222222222	0.0002	1.0	cat	0.11509769769910856	10.845163984465515	7.081808910631918	8.963486447548716	0.0020392712323332647	0.0	11.43382977183658	5.71691488591829	11.477881956049265
kanishka_GlossBERT	orig	shake	shook	10.0	shaken	14.0	ppt	32(10a)	To cause to quake, quiver, or tremble.	0.666666666666667	0.4142	0.0006	no_cond	0.060321513792041585	22.83085308622197	22.467832417282118	22.649342751752044	0.01496232256531946	20.32090931932479	25.642186125354993	22.98154772233989	24.97854314344545
kanishka_GlossBERT	orig	shake	shook	1.0	shaken	26.0	ppt	32(12a)	"To lessen the stability of. To weaken. ""shake one's faith"""	23.1481481481481	0.0	1.0	cat	0.18662860878638515	10.053546396224878	10.862156492618606	10.457851444421742	0.007304096463033715	0.0	13.494604089782104	6.747302044891052	13.52954425622753
kanishka_GlossBERT	orig	shake	shook	59.0	shaken	42.0	ppt	32(16a)	"To stir the feelings of. To upset. To agitate. ""shook her up"""	2.86138613861386	0.0907	0.0	no_cond	0.12430120302878574	13.00767991709387	22.046585604667044	17.527132760880455	0.1188779621127583	18.578967898981343	19.58556462070854	19.082266259844943	21.69337650138207
kanishka_GlossBERT	orig	shine	shone	25.0	shined	3.0	ppt	31(1a)	To emit rays of light	17.2857142857143	0.0	0.2364	cat	0.11002443839738689	16.894976216576303	11.158631697248602	14.026803956912453	0.014897469041735084	17.695375494097124	8.138839921253622	12.917107707675374	17.67569856629801
kanishka_GlossBERT	orig	shine	shone	8.0	shined	15.0	ppt	31(3b)	"To perform extremely well; ""The stocks really shined last week"""	2.1304347826087	0.1444	0.0038	no_cond	0.1308493442743123	12.782487578933575	13.918885230834961	13.350686404884268	0.1522468355684945	14.262021318315048	12.900809106703571	13.58141521250931	16.460003008985904
kanishka_GlossBERT	orig	shine	shone	19.0	shined	8.0	ppt	31(6b)	To throw or direct the light of	4.48148148148148	0.0343	0.0043	prob	0.10735914869505571	13.580482787159532	11.831823102368498	12.706152944764014	0.062060826642520335	14.429003370816675	11.59037577627116	13.009689573543916	15.126886261455061
kanishka_GlossBERT	orig	shine	shone	0.0	shined	38.0	ppt	31(7a)	To make bright by polishing	38.0	0.0	1.0	cat	0.11147088689371144	10.828392123872506	10.321223156978897	10.574807640425702			12.118775848987454		12.118775848987454
kanishka_GlossBERT	orig	shine	shone	20.0	shined	16.0	ppt	31(8b)	To highlight; to bring attention to	0.444444444444444	0.505	0.0	no_cond	0.19984669945886552	10.884555427924143	9.725425078320953	10.304990253122547	0.07626163036466187	12.045661274413707	11.145564149793428	11.595612712103566	12.946933554586723
kanishka_GlossBERT	orig	shine	shined	18.0	shone	34.0	pst	31(1a)	To emit rays of light	4.92307692307692	0.0265	0.0	prob	0.0884228743151613	13.485646476365503	16.7176599101088	15.101653193237151	0.05215923648889008	15.88784222103884	16.76392535268073	16.325883786859784	17.659489261347296
kanishka_GlossBERT	orig	shine	shined	3.0	shone	18.0	pst	31(2a)	To be bright by reflection of light	10.7142857142857	0.0011	0.2317	cat	0.10116308558186446	16.19358391172526	14.747366613266413	15.470475262495835	0.07801391619649002	16.93752522610089	17.05641123397094	16.996968230035918	18.39023107822455
kanishka_GlossBERT	orig	shine	shined	12.0	shone	9.0	pst	31(3a)	"To be eminent, conspicuous, or distinguished; ""She shines in math"""	0.428571428571429	0.5127	0.0013	no_cond	0.1304657978536951	11.817751171887137	9.558430431776035	10.688090801831585	0.1304657978536951	11.817751171887137	9.558430431776035	10.688090801831585	13.387894968500271
kanishka_GlossBERT	orig	shine	shined	33.0	shone	7.0	pst	31(3b)	"To perform extremely well; ""The stocks really shined last week"""	16.9	0.0	0.0117	prob	0.12808166403793608	15.074362172163873	14.928889548684172	15.001625860424022	0.1643403980725521	15.573791758831645	14.420580520533504	14.997186139682574	17.7065621138825
kanishka_GlossBERT	orig	shine	shined	11.0	shone	5.0	pst	31(8b)	To highlight; to bring attention to	2.25	0.1336	0.0434	no_cond	0.059509704603042266	8.064637326526595	9.905885563815115	8.985261445170856	0.14210895295181253	7.922486596326163	9.889365907196943	8.905926251761553	10.41123934812154
kanishka_GlossBERT	orig	show	shown	54.0	showed	46.0	ppt	33(15a)	"To demonstrate or establish by argument or reasoning. ""show a plan to be faulty."""	0.64	0.4237	0.0	no_cond	0.12040967276713305	17.689730881855787	16.717767585342038	17.203749233598913	0.013780758547392328	20.20978413144348	17.88620534052626	19.047994735984872	19.65021206672106
kanishka_GlossBERT	orig	show	shown	25.0	showed	24.0	ppt	33(7a)	"To cause or permit to be seen. To exhibit. ""showed pictures of the baby"""	0.0204081632653061	0.8864	0.0	no_cond	0.08455178487124101	22.134502379353563	18.346685525715337	20.24059395253445	0.052793530625962676	21.32387214940347	21.168611119247966	21.24624163432572	23.027765469508566
kanishka_GlossBERT	orig	sink	sunk	14.0	sank	1.0	pst	45(15a)	To invest.	11.2666666666667	0.0008	1.0	cat	0.09403961743932203	9.089627839704898	6.671329717236761	7.880478778470829	0.124338606030178	9.524324136224111	0.0	4.762162068112056	9.989765269177859
kanishka_GlossBERT	orig	sink	sunk	11.0	sank	26.0	pst	45(1a)	To go to the bottom. To submerge.	6.08108108108108	0.0137	0.0004	prob	-0.003967417974046941	19.1568136906237	8.885622529001726	14.021218109812713	0.07788715921533788	16.99866957659957	17.10690638603674	17.052787981318154	18.92579113591759
kanishka_GlossBERT	orig	sink	sunk	12.0	sank	8.0	pst	45(3b)	"To become impressively known or felt. ""The lesson sunk in."""	0.8	0.3711	0.0033	no_cond	0.15280568352309312	10.124433741583422	12.486039973069794	11.305236857326609	0.07928120131919957	10.562853367961479	16.542570685904174	13.552712026932827	14.405520042845543
kanishka_GlossBERT	orig	sink	sunk	7.0	sank	12.0	pst	45(5a)	To go downward in quality, state, or condition.	1.31578947368421	0.2513	0.008	no_cond	0.04101777714373793	15.969266471467712	0.0	7.984633235733856	0.06842745927042176	10.828171679145912	15.943752044650152	13.385961861898032	16.165386550315553
kanishka_GlossBERT	orig	sink	sunk	3.0	sank	13.0	pst	45(6b)	To become depressed.	6.25	0.0124	0.2258	cat	0.05903599214921499	5.943128900898259	13.965220275735575	9.954174588316917	0.22728604830481153	10.413141274262832	11.376153246124996	10.894647260193913	14.265662281205909
kanishka_GlossBERT	orig	sink	sunk	20.0	sank	6.0	pst	45(7a)	"To cause to sink. ""sink a battleship"""	7.53846153846154	0.006	0.0226	prob	0.1520708505372306	10.664517110793431	11.367176712765165	11.015846911779299	0.1485222199108531	9.730619702792861	12.568179185473399	11.149399444133131	12.438560473040509
kanishka_GlossBERT	orig	slink	slinked	64.0	slunk	69.0	pst	34(1a)	To go or move stealthily or furtively (as in fear or shame). To steal.	0.18796992481203	0.6646	0.0	no_cond	0.08141392968576966	15.367788920620793	16.062579896131478	15.715184408376135	0.03566386081323292	15.483892861501179	17.561149225253878	16.52252104337753	17.312068584671966
kanishka_GlossBERT	orig	sneak	sneaked	62.0	snuck	59.0	ppt	36(1a)	"To go stealthily or furtively. To slink. ""snuck out early"""	0.0743801652892562	0.7851	0.0	no_cond	0.10787485575985896	15.602588804487835	14.16687189024658	14.884730347367206	0.10459605216736496	13.783211216383773	15.973079573108805	14.878145394746289	16.885162504951683
kanishka_GlossBERT	orig	sneak	sneaked	29.0	snuck	30.0	ppt	36(4a)	"To put, bring, or take in a furtive or artful manner. ""sneak a smoke"""	0.0169491525423729	0.8964	0.0	no_cond	0.11137228046757523	14.342328734739654	18.851350121020612	16.596839427880134	0.11281607942234086	18.311978481974094	15.261882930941836	16.786930706457966	19.480205719740642
kanishka_GlossBERT	orig	sneak	sneaked	9.0	snuck	11.0	ppt	36(5a)	Phrases: sneak up on	0.2	0.6547	0.0012	no_cond	0.21738662984530546	12.527773018875811	10.870590022279705	11.699181520577758	0.1374107588634005	10.614499758487176	13.337269383225296	11.975884570856236	14.561676249440998
kanishka_GlossBERT	orig	sneak	snuck	65.0	sneaked	75.0	pst	36(1a)	"To go stealthily or furtively. To slink. ""snuck out early"""	0.714285714285714	0.398	0.0	no_cond	0.10240426588356304	15.221328411311692	14.861985502194294	15.041656956752993	0.10238765728858554	15.78848583689702	14.398158502604929	15.093322169750975	16.88572522556614
kanishka_GlossBERT	orig	sneak	snuck	29.0	sneaked	19.0	pst	36(4a)	"To put, bring, or take in a furtive or artful manner. ""sneak a smoke"""	2.08333333333333	0.1489	0.0	no_cond	0.23426621205805845	14.788116327642218	9.38188892454528	12.085002626093749	0.12339852689068913	12.854716594587668	16.07719371529795	14.465955154942808	16.403359466736006
kanishka_GlossBERT	orig	speak	spoke	20.0	spoken	7.0	ppt	42(1a)	To utter words or articulate sounds with the ordinary voice. To talk.	6.25925925925926	0.0124	0.01	prob	0.12733647696897352	16.21681776392915	13.811369517890993	15.014093640910072	0.08629309247915004	15.478003137003489	22.55121065293579	19.01460689496964	18.48540531300845
kanishka_GlossBERT	orig	speak	spoke	11.0	spoken	23.0	ppt	42(1b)	"To express thoughts, opinions, or feelings orally. To extend a greeting. To be friendly enough to engage in conversation. ""still were not speaking after the dispute"""	4.23529411764706	0.0396	0.0004	prob	0.07558091243410141	16.612775019825353	14.8762403340432	15.744507676934276	0.03111561503712162	16.820087300499928	16.12512618253366	16.472606741516792	17.27017164970573
kanishka_GlossBERT	orig	speak	spoke	6.0	spoken	15.0	ppt	42(8a)	To to utter with the speaking voice. To pronounce.	3.85714285714286	0.0495	0.0207	prob	0.07946665673933723	14.304671689600202	13.16977799142236	13.737224840511281	0.03250946249273666	11.695931433029813	15.698018278539498	13.696974855784656	16.043987011613147
kanishka_GlossBERT	orig	speak	spoke	20.0	spoken	14.0	ppt	42(8b)	To give a recitation of. To declaim.	1.05882352941176	0.3035	0.0	no_cond	0.06369226238429335	15.677119529360482	13.184040274142944	14.430579901751713	0.02913778645858694	14.78760604170318	13.906171418339616	14.346888730021398	15.379010971327455
kanishka_GlossBERT	orig	speak	spoke	37.0	spoken	31.0	ppt	42(8d)	To address. To accost.	0.529411764705882	0.4669	0.0	no_cond	0.10242953613080653	15.856357118547468	18.740268491341634	17.29831280494455	0.031810385479131294	17.490060303572104	21.03958906049418	19.264824682033144	19.941075865091147
kanishka_GlossBERT	orig	speak	spake	54.0	spoke	47.0	pst	37(1a)	To utter words or articulate sounds with the ordinary voice. To talk.	0.485148514851485	0.4861	0.0	no_cond	0.2903609882593564	10.257602721653756	21.149006659869396	15.703304690761577	0.28884860836790643	9.649981081776023	21.638697011402726	15.644339046589375	22.279624452972804
kanishka_GlossBERT	orig	speak	spake	3.0	spoke	22.0	pst	37(1b)	"To express thoughts, opinions, or feelings orally. To extend a greeting. To be friendly enough to engage in conversation. ""still were not speaking after the dispute"""	14.44	0.0001	0.2347	cat	0.04101640416997739	17.697644192294703	8.284010367398702	12.990827279846702	0.23911852572274717	6.130552929837514	14.841787225256262	10.486170077546888	16.860208421415468
kanishka_GlossBERT	orig	speak	spake	20.0	spoke	2.0	pst	37(8c)	"To express orally. To delcare. ""free to speak their minds"""	14.7272727272727	0.0001	0.4884	cat	0.013041852833472678	5.171530811917269	10.233855036207133	7.702692924062202	0.345407835510677	7.989828819437349	9.788221762671194	8.88902529105427	10.231026698781143
kanishka_GlossBERT	orig	speed	speeded	2.0	sped	20.0	ppt	38(1a)	"To make haste. ""sped to her bedside"""	14.7272727272727	0.0001	0.4884	cat	0.24169198015351592	0.0	19.114250893621794	9.557125446810897	0.007648559233352423	7.409040383183467	20.431084866687748	13.920062624935607	20.491788629512175
kanishka_GlossBERT	orig	speed	speeded	16.0	sped	12.0	ppt	38(2a)	"To move, work, or take place faster. To accelerate. ""the heart speeds up"""	0.571428571428571	0.4497	0.0001	no_cond	0.2307588549086961	12.223964998792747	15.940363499286136	14.08216424903944	0.07884700333202802	13.148411208392162	15.120177340348093	14.134294274370127	15.648635313679877
kanishka_GlossBERT	orig	speed	speeded	81.0	sped	64.0	ppt	38(4b)	To increase the speed of. To accelerate.	1.99310344827586	0.158	0.0	no_cond	0.09539537715948028	11.359013104405875	14.99087987905989	13.174946491732882	0.06747793347404643	12.82663984138774	15.772417898400791	14.299528869894266	15.157654755486039
kanishka_GlossBERT	orig	speed	speeded	3.0	sped	71.0	pst	38(1a)	"To make haste. ""sped to her bedside"""	62.4864864864865	0.0	0.2449	cat	0.09901652993601785	17.600499084092444	17.364786985816355	17.4826430349544	0.061830449876995194	13.40850060895423	19.52839834251743	16.46844947573583	19.76524085403043
kanishka_GlossBERT	orig	speed	speeded	29.0	sped	14.0	pst	38(2a)	"To move, work, or take place faster. To accelerate. ""the heart speeds up"""	5.23255813953488	0.0222	0.0	prob	0.15982023614534244	13.38085034598386	15.34450202768858	14.362676186836222	0.0988331728581814	15.544484781206107	16.432250382850814	15.98836758202846	17.888969238406084
kanishka_GlossBERT	orig	speed	speeded	61.0	sped	14.0	pst	38(4b)	To increase the speed of. To accelerate.	29.4533333333333	0.0	0.0001	prob	0.2836423507462735	14.544988764564247	19.49414901446587	17.019568889515057	0.012734901046829814	17.476724840493816	12.163739118448495	14.820231979471156	17.205662409487953
kanishka_GlossBERT	orig	spell	spelt	18.0	spelled	2.0	ppt	39(5a)	To name the letters of in order. To write or print the letters of in order.	12.8	0.0003	0.4872	cat	0.0734108840496949	11.53953457892096	14.381754674825867	12.960644626873414	0.16366041103008233	14.338223468219383	4.68851377252658	9.513368620372981	15.392233436556953
kanishka_GlossBERT	orig	spell	spelt	39.0	spelled	21.0	ppt	39(5b)	To write or print the letters of in a particular way.	5.4	0.0201	0.0	prob	0.13892259833231577	16.861036540330826	16.58578007889706	16.723408309613944	0.12461541498647656	16.71099382750503	19.20730735792457	17.9591505927148	20.134639732868287
kanishka_GlossBERT	orig	spell	spelt	14.0	spelled	43.0	ppt	39(7a)	"To find out by study. To come to understand. Often used with 'out'. ""It requires some pains to spell out those decorations."" (I used as 'to explain', kind of)"	14.7543859649123	0.0001	0.0	prob	0.12356904276562984	16.0882054288671	13.799824925354	14.94401517711055	0.12376693398572694	9.910423942012324	13.83376643513718	11.872095188574752	14.814583239809583
kanishka_GlossBERT	orig	spill	spilt	0.0	spilled	16.0	ppt	40(2a)	"To spread profusely or beyond bounds. ""Crowds spilled into the streets."""	16.0	0.0001	1.0	cat	0.07264040341109224	8.98038928853779	8.92595967763461	8.953174483086201			10.351797528076887		10.351797528076887
kanishka_GlossBERT	orig	spill	spilt	72.0	spilled	54.0	ppt	40(5a)	To cause or allow especially accidentally or unintentionally to fall, flow, or run out so as to be lost or wasted.	2.57142857142857	0.1088	0.0	no_cond	0.20207611661114006	13.009078636603686	17.27265855056342	15.140868593583553	0.20207611661114006	13.009078636603686	17.27265855056342	15.140868593583553	18.892632394818403
kanishka_GlossBERT	orig	spill	spilt	7.0	spilled	10.0	pst	40(1a)	"To flow, run, or fall out, over, or off and become wasted, scattered, or lost. ""water spilling over the dam"""	0.529411764705882	0.4669	0.0072	no_cond	0.06805448782064831	19.81722314611325	14.212170551760309	17.01469684893678	0.143641286282674	15.833066467299643	16.571295789919922	16.202181128609784	20.591526162025126
kanishka_GlossBERT	orig	spill	spilt	0.0	spilled	18.0	pst	40(2a)	"To spread profusely or beyond bounds. ""Crowds spilled into the streets."""	18.0	0.0	1.0	cat	0.05166120287644278	14.844935106229661	12.194146227443037	13.519540666836349			15.57212663946943		15.57212663946943
kanishka_GlossBERT	orig	spill	spilt	49.0	spilled	17.0	pst	40(5a)	To cause or allow especially accidentally or unintentionally to fall, flow, or run out so as to be lost or wasted.	15.5151515151515	0.0001	0.0	prob	0.2190494342526854	15.644051722688788	17.778660655050043	16.711356188869416	0.2190494342526854	15.644051722688788	17.778660655050043	16.711356188869416	20.382796078429717
kanishka_GlossBERT	orig	spill	spilt	2.0	spilled	18.0	pst	40(7a)	"To let out. To divulge. ""spill a secret"""	12.8	0.0003	0.4872	cat	0.029585551165289527	13.599185855310187	15.751548731643663	14.675367293476924	0.13233947316774908	5.428721550390363	15.62239025013587	10.525555900263116	16.454718474447002
kanishka_GlossBERT	orig	spit	spit	64.0	spat	66.0	ppt	41(1a)	To eject saliva as an expression of aversion or contempt.	0.0307692307692308	0.8608	0.0	no_cond	0.11614555345518252	17.238450550087137	14.360068265923523	15.79925940800533	0.10897076664931481	15.418512310793863	17.23235124978429	16.325431780289076	18.52952454232455
kanishka_GlossBERT	orig	spit	spit	12.0	spat	10.0	ppt	41(4a)	To eject (something) from the mouth. To expectorate.	0.181818181818182	0.6698	0.0005	no_cond	0.08016077784443339	21.13704247626287	22.511446652511285	21.82424456438708	0.03544697695531675	20.652008510385812	25.51762232720379	23.0848154187948	24.7901715639063
kanishka_GlossBERT	orig	spit	spit	18.0	spat	20.0	ppt	41(4d)	"To emit as if by spitting. Especially to emit (precipitation) in driving particles or in flurries. ""spit rain"""	0.105263157894737	0.7456	0.0	no_cond	0.04884802781997273	16.997581463744435	16.02765277600982	16.512617119877127	0.04331010823140433	15.342859260247767	17.885183291207955	16.61402127572786	17.95372325637981
kanishka_GlossBERT	orig	spit	spit	32.0	spat	19.0	pst	41(1a)	To eject saliva as an expression of aversion or contempt.	3.31372549019608	0.0687	0.0	no_cond	0.07414246777697743	15.509888176272142	16.82241642503007	16.166152300651106	0.0818544062672466	15.702719874571832	16.833684685864046	16.26820228021794	17.80638470193296
kanishka_GlossBERT	orig	spit	spit	22.0	spat	11.0	pst	41(1c)	To eject matter (such as salive) from the mouth. To expectorate.	3.66666666666667	0.0555	0.0004	no_cond	0.08810230573152496	15.537954388530032	16.615963788911184	16.076959088720606	0.08810230573152496	15.537954388530032	16.615963788911184	16.076959088720606	17.72045688479133
kanishka_GlossBERT	orig	spit	spit	12.0	spat	34.0	pst	41(4d)	"To emit as if by spitting. Especially to emit (precipitation) in driving particles or in flurries. ""spit rain"""	10.5217391304348	0.0012	0.0002	prob	0.2452296957279078	16.14290083969502	4.066350784778491	10.104625812236755	0.02420638895259451	12.775805917898992	17.485577098799425	15.130691508349209	17.786754118812564
kanishka_GlossBERT	orig	spring	sprung	17.0	sprang	20.0	pst	43(3b)	"To issue by birth or descent. ""sprang from the upper class"""	0.243243243243243	0.6219	0.0	no_cond	0.12348308954668322	16.905627400654513	23.36352790755696	20.134577654105737	0.018111288112234888	24.179735698507596	19.162916277756363	21.67132598813198	22.365436630087938
kanishka_GlossBERT	orig	spring	sprung	34.0	sprang	42.0	pst	43(3c)	"To come into being. To arise. ""Towns sprang up across the plains."""	0.842105263157895	0.3588	0.0	no_cond	0.09645512434657598	18.310957251844158	15.523527442206358	16.917242347025258	0.0384754480334927	17.521299216006476	17.97897744079718	17.750138328401828	18.723685521777075
kanishka_GlossBERT	orig	spring	sprung	10.0	sprang	9.0	pst	43(7a)	"To quickly start working. ""Firefighters are ready to leap/spring/swing into action at a moment's notice."" To become suddenly very active and energetic. ""They sprang into action as soon as they received their orders."" ""The crowd sprang to life after the first goal was scored."""	0.0526315789473684	0.8185	0.0011	no_cond	0.07657976415915936	11.559278224602325	14.524249744603898	13.041763984603111	0.05564326103626936	15.466255007887693	11.417847728935904	13.442051368411798	15.292352631925326
kanishka_GlossBERT	orig	strive	strived	95.0	striven	86.0	ppt	44(1a)	"To devote serious effort or energy to. To endevor. ""strive to finish a project"""	0.447513812154696	0.5035	0.0	no_cond	0.11284600587117846	11.699013363472735	12.27302815505571	11.986020759264223	0.052216376153686524	11.544380983967674	13.638683536835781	12.591532260401728	13.266622518660922
kanishka_GlossBERT	orig	strive	strived	5.0	striven	14.0	ppt	44(2a)	To struggle in opposition. To contend.	4.26315789473684	0.0389	0.0463	prob	0.06053095152926368	9.670553692059437	12.557356419155894	11.113955055607665	0.02769010934224871	9.154704784976435	12.970491500567542	11.06259814277199	13.118036893005131
kanishka_GlossBERT	orig	strive	strived	97.0	strove	82.0	pst	44(1a)	"To devote serious effort or energy to. To endevor. ""strive to finish a project"""	1.25698324022346	0.2622	0.0	no_cond	0.10699448268967307	14.244220820410112	12.37785134809388	13.311036084251995	0.10699448268967307	14.244220820410112	12.37785134809388	13.311036084251995	15.168802627175404
kanishka_GlossBERT	orig	strive	strived	3.0	strove	18.0	pst	44(2a)	To struggle in opposition. To contend.	10.7142857142857	0.0011	0.2317	cat	0.031951666841979184	10.602259091948811	11.908600970608417	11.255430031278614	0.22083198017737996	9.584927546227112	10.411730733062871	9.99832913964499	12.458902083968088
kanishka_GlossBERT	orig	take	took	9.0	taken	10.0	ppt	47(18b)	"To use up (space, time, etc.) ""takes a long time to dry"""	0.0526315789473684	0.8185	0.0011	no_cond	0.18321142046466052	23.23560267821864	23.143084069644438	23.18934337393154	0.0049030959645193556	26.17615208901356	30.428276080650797	28.30221408483218	30.376963927869838
kanishka_GlossBERT	orig	take	took	8.0	taken	9.0	ppt	47(24a)	"To remove. ""take eggs from a nest"" To put an end to (life). To remove by death. ""was taken in his prime"" To subtract. ""take two from four"" To exact. ""The weather took its toll."""	0.0588235294117647	0.8084	0.0027	no_cond	0.12722715014181005	20.788658294259434	21.766832939697338	21.277745616978386	0.022125356534275605	21.70434833631011	24.65068716329601	23.17751774980306	25.44923427316037
kanishka_GlossBERT	orig	take	took	9.0	taken	26.0	ppt	47(25a)	"To undertake and make, do, or perform. ""take a walk"" ""take aim"" ""take legal action"" ""take a test"" ""take a look"" To participate in. ""take a meeting"""	8.25714285714286	0.0041	0.0022	prob	0.03461950602912113	25.800089129960586	18.36397355398036	22.082031341970474	0.06702809329168775	29.886249373636108	21.31516289814467	25.60070613589039	25.023576073812233
kanishka_GlossBERT	orig	take	took	12.0	taken	15.0	ppt	47(29a)	Phrases: take a back seat, take advantage of, take after, take a hike/walk, take care of, take charge of, take for, take into account, take in vain, take no prisoners, take the floor, take to court, take to task, take a chance, take notice of, take pity on, take as, take by surprise, take in, take the trouble to, take over, take down	0.333333333333333	0.5637	0.0001	no_cond	0.056294737139197776	24.58043468494151	15.24579564390156	19.913115164421534	0.02459415977059939	20.363382629164207	24.72265925974219	22.543020944453197	24.289029249732543
kanishka_GlossBERT	orig	take	took	15.0	taken	6.0	ppt	47(8b)	Phrases: take care, take charge, take effect, take five, take hold, take part, take place, take turns, take control, take notice, take for granted, take a toll, take off, take aback	3.85714285714286	0.0495	0.0207	prob	0.1502338407332391	24.00061751736173	9.112401421649412	16.55650946950557	0.007076521626557338	24.757760160295785	23.02106192245998	23.889411041377883	25.560067108380352
kanishka_GlossBERT	orig	take	took	15.0	taken	6.0	ppt	47(9a)	"To get into one's hands or into one's possession, power or control. To seize or capture physically. ""took them as prisoners"" To get possession of (fish or game) by killing or capturing. To acquire by eminent domain."	3.85714285714286	0.0495	0.0207	prob	0.05602937383812432	18.693845680435466	17.84731855286754	18.270582116651504	0.008736824319412747	19.681833722011582	17.399683869388124	18.54075879569985	20.19864774730947
kanishka_GlossBERT	orig	tear	tore	4.0	torn	14.0	ppt	48(4a)	"To divide or disrupt by the pull of contrary forces. ""a mind torn with doubts"""	5.55555555555556	0.0184	0.1039	cat	0.07539806878825822	14.033725879548152	15.981318702223271	15.007522290885712	0.045631347550118405	15.434365896758363	16.32251741189854	15.878441654328451	17.57166409865453
kanishka_GlossBERT	orig	tear	tore	14.0	torn	21.0	ppt	48(5a)	"To remove by force. To wrench. Often used with 'off'. ""tear a cover off a box"""	1.4	0.2367	0.0	no_cond	0.16177511337561667	16.993900813010562	12.152020397335948	14.572960605173254	0.06312806464450034	16.850523941779517	17.70132781932806	17.27592588055379	19.138297687234797
kanishka_GlossBERT	orig	tear	tore	25.0	torn	13.0	ppt	48(7a)	"To damage, remove, or effect an opening in. ""tore up the street to lay a new water main"""	3.78947368421053	0.0516	0.0001	no_cond	0.05737449124634617	16.84817184677063	15.842128098871154	16.34514997282089	0.033469405953586766	17.91116886863798	14.375538407525458	16.14335363808172	17.87192422612119
kanishka_GlossBERT	orig	throw	throwed	6.0	threw	10.0	pst	46(1a)	Phrases: throw cold water on, throw money at, throw one's weight around, throw to the wolves, throw together	1.0	0.3173	0.0177	no_cond	0.20414114360408067	0.0	17.546275974131085	8.773137987065542	-0.0039037262963846223	11.011689956816491	20.511543408701556	15.761616682759023	19.02951653091456
kanishka_GlossBERT	orig	throw	throwed	9.0	threw	24.0	pst	46(3a)	"To propel through the air by a forward motion of the hand and arm. ""throw a baseball"""	6.81818181818182	0.009	0.0021	prob	0.1765586477517557	23.879254331437174	18.15994673720448	21.019600534320826	0.058042345851475725	12.703038769456919	27.84026728538423	20.271653027420573	26.71027926725002
kanishka_GlossBERT	orig	throw	throwed	14.0	threw	4.0	pst	46(5b)	"To drive or impel violently. ""The ship was thrown on a reef."""	5.55555555555556	0.0184	0.1039	cat	0.041597056784938656	11.325353551288687	17.495293927467987	14.410323739378338	0.13623041136414543	12.771122897535317	18.23803437683716	15.504578637186238	15.922622779085025
kanishka_GlossBERT	orig	throw	throwed	16.0	threw	3.0	pst	46(6a)	"To put in a particular position or condition. ""threw her arms around him"" / ""thrown into chaos"" / ""threw him into prison"""	8.89473684210526	0.0029	0.2297	cat	0.23263325110405525	15.439472385379725	0.0	7.719736192689862	0.16069362145742913	13.79060960025604	20.018594312901193	16.904601956578617	16.75167807901779
kanishka_GlossBERT	orig	tread	trod	16.0	trodden	3.0	ppt	49(1a)	"To move or proceed on or as if on foot. ""must tread lightly"""	8.89473684210526	0.0029	0.2297	cat	0.09493167694920712	13.847315752462409	12.893787898059372	13.37055182526089	0.04715009409014248	15.610498787405989	7.1345971109517095	11.372547949178848	15.767084131475137
kanishka_GlossBERT	orig	tread	trod	27.0	trodden	19.0	ppt	49(5a)	"To step or walk on or over. (I used as ""to travel"")"	1.39130434782609	0.2382	0.0	no_cond	0.10598805639919241	13.404755837957648	14.05132451825462	13.728040178106134	0.09347529604644661	14.874683745840269	12.530998387868479	13.702841066854374	15.851561453517837
kanishka_GlossBERT	orig	tread	trod	24.0	trodden	14.0	ppt	49(5b)	"To walk or proceed along. To follow. ""treading a fine line between tradition and innovation"""	2.63157894736842	0.1048	0.0	no_cond	0.09752052140695062	11.582363483582506	13.63595630605622	12.609159894819364	0.08824191334305424	13.990997767406801	11.444748917789626	12.717873342598214	14.756282883556558
kanishka_GlossBERT	orig	tread	trod	23.0	trodden	52.0	ppt	49(7a)	To beat or press with the feet. To trample.	11.2133333333333	0.0008	0.0	prob	0.10943076187567854	14.372946940882855	15.250109445234228	14.811528193058543	0.11693635528451685	16.949599652776406	13.482907798891818	15.216253725834111	16.155562011789236
kanishka_GlossBERT	orig	tread	treaded	26.0	trod	29.0	pst	49(1a)	"To move or proceed on or as if on foot. ""must tread lightly"""	0.163636363636364	0.6858	0.0	no_cond	0.13481208091212835	16.654543686901526	14.674075477668364	15.664309582284945	0.13538711694732286	16.007059977603983	15.30312227073967	15.655091124171827	18.53627241065204
kanishka_GlossBERT	orig	tread	treaded	50.0	trod	6.0	pst	49(4a)	Phrases: tread on one's toes, tread water	34.5714285714286	0.0	0.0271	prob	0.14990897764927705	11.957525918696948	14.912555263311466	13.435040591004206	0.17740523435295488	15.093826966174856	10.997514569693003	13.04567076793393	16.50284574198707
kanishka_GlossBERT	orig	tread	treaded	3.0	trod	14.0	pst	49(5a)	To step or walk on or over	7.11764705882353	0.0076	0.2273	cat	0.07001860897255466	15.126220425036573	18.43284188233516	16.779531153685866	0.11466369288339905	13.240579950470249	17.29813587760078	15.269357914035515	19.08133298271091
kanishka_GlossBERT	orig	tread	treaded	5.0	trod	20.0	pst	49(5b)	"To walk or proceed along. To follow. ""treading a fine line between tradition and innovation"""	9.0	0.0027	0.0502	cat	0.09499762167125195	12.837764310112053	15.52101481744028	14.179389563776166	0.07224608131770204	10.905458819223389	15.648578566057926	13.277018692640658	16.370755530760714
kanishka_GlossBERT	orig	wake	woke	45.0	woken	33.0	ppt	52(2a)	"To awake. To wake up. ""They woke early."""	1.84615384615385	0.1742	0.0	no_cond	0.07390039581421369	12.674653139779707	11.670866822476848	12.172759981128277	0.03413512937607689	13.427471987453817	12.035704488752163	12.73158823810299	13.489170044648468
kanishka_GlossBERT	orig	wake	woke	8.0	woken	21.0	ppt	52(3a)	Intransitive 4c.	5.82758620689655	0.0158	0.0045	prob	0.07992022503746643	8.436212473460639	9.43722827367258	8.93672037356661	0.044184816368233945	10.39981444988528	9.385855915808596	9.892835182846937	10.232632141944405
kanishka_GlossBERT	orig	wake	woke	42.0	woken	33.0	ppt	52(5a)	"To rouse from or as if from sleep. To awake. To wake up. ""Something woke her in the middle of the night."""	1.08	0.2987	0.0	no_cond	0.08705289439885523	13.770034902887751	13.123146531250608	13.44659071706918	0.05787748569831305	14.629573370443875	13.199009692123017	13.914291531283446	15.032969974808074
kanishka_GlossBERT	orig	wear	wore	27.0	worn	39.0	ppt	53(5a)	"To bear or have on the person. ""wore a coat"""	2.18181818181818	0.1396	0.0	no_cond	0.07704389486267302	20.32492351670511	22.523140152822155	21.424031834763632	0.03997573458835745	18.30707878876721	24.211137688035546	21.259108238401378	23.284520167880626
kanishka_GlossBERT	orig	weave	weaved	8.0	woven	7.0	ppt	50(5a)	To form (cloth) by interlacing strands (as of yarn).	0.0666666666666667	0.7963	0.0063	no_cond	0.32197561945675784	15.345307685111452	11.583736154967518	13.464521920039484	0.14138634007577727	11.294175349682876	21.707873708353066	16.501024529017972	20.587239416086593
kanishka_GlossBERT	orig	weave	weaved	7.0	woven	17.0	ppt	50(5b)	To interlace (threads) into cloth.	4.16666666666667	0.0412	0.0094	prob	0.19670422763487752	18.293919949643914	15.998481825688067	17.14620088766599	0.07988427351994122	13.740791939469394	18.909840181983867	16.32531606072663	19.64876136091274
kanishka_GlossBERT	orig	weave	weaved	7.0	woven	9.0	ppt	50(8a)	To produce by elaborately combining elements. To contrive.	0.25	0.6171	0.0068	no_cond	0.11885794801946255	13.082830380401658	12.758598234491645	12.920714307446652	0.1133505059446515	12.63539298284006	13.340716592010246	12.988054787425153	15.984287497792385
kanishka_GlossBERT	orig	weave	weaved	18.0	woven	20.0	ppt	50(8c)	To introduce as an appopriate element. To work in. Usually used with in or into.	0.105263157894737	0.7456	0.0	no_cond	0.16048463994166087	9.95191722304176	10.356549724984205	10.154233474012983	0.16048463994166087	9.95191722304176	10.356549724984205	10.154233474012983	12.626341099470263
kanishka_GlossBERT	orig	weave	weaved	65.0	wove	16.0	pst	50(3a)	To move in a devious, winding, or zigzag course especially to avoid obstacles.	29.641975308642	0.0	0.0	prob	0.1185995068066269	15.096038955974937	16.766218524168508	15.931128740071722	0.13941031741270027	16.69845401509215	15.047791577528304	15.873122796310227	18.40707461932544
kanishka_GlossBERT	orig	weave	weaved	11.0	wove	12.0	pst	50(8a)	To produce by elaborately combining elements. To contrive.	0.0434782608695652	0.8348	0.0002	no_cond	0.13428455820168042	11.082815169789276	11.141245155494696	11.112030162641986	0.14289744696010234	11.71661210054267	10.291527488718751	11.00406979463071	13.571807349710367
kanishka_GlossBERT	orig	weave	weaved	6.0	wove	15.0	pst	50(8b)	To unite in a coherent whole.	3.85714285714286	0.0495	0.0207	prob	0.061871055526061904	7.645646278584716	10.518451987519608	9.082049133052163	0.17741975426739914	8.27721238804712	8.877921287792587	8.577566837919854	11.012531193898585
kanishka_GlossBERT	orig	weave	weaved	5.0	wove	23.0	pst	50(8c)	To introduce as an appopriate element. To work in. Usually used with in or into.	11.5714285714286	0.0007	0.0515	cat	0.04378186594898189	8.03503362404304	9.412203625624919	8.723618624833978	0.1805935306463322	8.297753068794309	8.299539336582791	8.29864620268855	9.80395570256695
kanishka_GlossBERT	orig	wet	wetted	30.0	wet	14.0	pst	51(4a)	To make wet.	5.81818181818182	0.0159	0.0	prob	0.11446284595728096	19.860655302002023	14.937103656745558	17.39887947937379	0.06911050948024608	19.279367757289865	20.23548725660616	19.757427506948012	21.197540490131953
kanishka_GlossBERT	orig	wet	wetted	6.0	wet	24.0	pst	51(5a)	"To urinate in or on. ""wet his pants"""	10.8	0.001	0.0237	prob	0.11495696952122164	16.57113676967798	19.421429637819895	17.996283203748938	0.029734901603048782	13.80258236416495	21.631451041360464	17.717016702762706	21.46577375608039
kanishka_GlossBERT	orig	write	wrote	70.0	written	75.0	ppt	54(5b)	"To be the author of. To compose. ""writes poems and essays"" To compose in musical form. ""write a string quartet"""	0.172413793103448	0.678	0.0	no_cond	0.09911416133033978	20.054566317247158	14.774839966304748	17.414703141775952	0.024492854885900046	16.428535752274197	19.677422160729485	18.05297895650184	18.741875328945092
kanishka_GlossBERT	orig	write	wrote	21.0	written	7.0	ppt	54(6a)	To make a permanent impression of.	7.0	0.0082	0.0102	prob	0.11450331016164707	13.284018707567114	17.85095882635771	15.567488766962413	0.046769869093611076	16.241386984767658	17.177296958784858	16.709341971776258	17.571349235635747
transfo-xl-wt103	delta	begin	began	16.0	begun	20.0	ppt	2(1a)	"To do the first part of an action. To go into the first part of a process. To start. ""Began by introducing herself"" ""will have to begin again"""	0.444444444444444	0.505	0.0	no_cond	0.24261228374552382	1.0904100766518898	0.3495971237341973	0.7200036001930435	0.24261228374552382	1.0904100766518898	0.3495971237341973	0.7200036001930435	0.9260157266465938
transfo-xl-wt103	delta	begin	began	76.0	begun	64.0	ppt	2(4a)	"To set about the activity of. To start. ""They began the lecture at 10:00."" ""have already begun construction"""	1.02857142857143	0.3105	0.0	no_cond	0.2176787474817696	0.4964992306084273	0.8358237926595966	0.6661615116340119	0.2176787474817696	0.4964992306084273	0.8358237926595966	0.6661615116340119	0.8248754440427216
transfo-xl-wt103	delta	begin	began	8.0	begun	14.0	ppt	2(5a)	"To bring into being. To found. ""credited with beginning the movement"" ""In 1819, he married the daughter of É chief and began a dynasty that would last for nearly 200 years."""	1.63636363636364	0.2008	0.0036	no_cond	0.2791111790739651	0.0	1.1750126940984635	0.5875063470492318	0.19026433742634596	0.85507775700569	1.042098646992355	0.9485882019990225	1.2559305332965869
transfo-xl-wt103	delta	bid	bidden	1.0	bid	41.0	ppt	3(3a)	"To offer (a price) whether for payment or acceptance. ""The contractor bid $10,000 less than his nearest competitor."""	38.0952380952381	0.0	1.0	cat	0.140077191152331	9.501390319971378	13.399722027558907	11.450556173765143	0.4933850110574045	0.0	11.452846242817984	5.726423121408992	13.186903696726894
transfo-xl-wt103	delta	bid	bidden	57.0	bid	25.0	ppt	3(4a)	"To issue an order to. To tell. ""did as I was bid"""	12.4878048780488	0.0004	0.0	prob	0.5649453476014398	9.941980460796684	8.182992875394088	9.062486668095385	0.5649453476014398	9.941980460796684	8.182992875394088	9.062486668095385	27.63183532131109
transfo-xl-wt103	delta	bid	bidden	17.0	bid	0.0	ppt	3(4b)	"To request to come. To invite. ""were bidden to the wedding"""	17.0	0.0	1.0	cat	0.1300212817194455	9.035304936708467	5.792254800174298	7.413779868441383		9.864549309215379			9.864549309215379
transfo-xl-wt103	delta	bid	bidden	10.0	bid	10.0	ppt	3(5a)	"To give expression to. ""bade a tearful farewell"""	0.0	1.0	0.0004	no_cond	0.5045060955571545	9.042259745319376	10.191406938507301	9.616833341913338	0.5045060955571545	9.042259745319376	10.191406938507301	9.616833341913338	27.201900395418942
transfo-xl-wt103	delta	bid	bid	16.0	bade	0.0	pst	3(3a)	"To offer (a price) whether for payment or acceptance. ""The contractor bid $10,000 less than his nearest competitor."""	16.0	0.0001	1.0	cat	0.433997577393881	0.0	9.770109036200383	4.885054518100191		12.240252659198745			12.240252659198745
transfo-xl-wt103	delta	bid	bid	25.0	bade	67.0	pst	3(4a)	"To issue an order to. To tell. ""did as I was bid"""	19.1739130434783	0.0	0.0	prob	0.457034792985415	4.505124330736665	6.532947971705999	5.519036151221332	0.457034792985415	4.505124330736665	6.532947971705999	5.519036151221332	11.67383846916857
transfo-xl-wt103	delta	bid	bid	33.0	bade	27.0	pst	3(5a)	"To give expression to. ""bade a tearful farewell"""	0.6	0.4386	0.0	no_cond	0.49856658154932865	4.645382355594766	5.265500082067077	4.955441218830922	0.49856658154932865	4.645382355594766	5.265500082067077	4.955441218830922	11.921990611676726
transfo-xl-wt103	delta	break	broke	19.0	broken	7.0	ppt	4(10b)	"To become inoperative because of damage, wear, or strain. ""The pump broke."""	5.53846153846154	0.0186	0.0098	prob	0.15393272421344228	1.587023442350244	2.4199951504205206	2.003509296385382	0.17548944220869786	2.2098710087685807	1.4885427388708448	1.8492068738197127	2.5739213075913594
transfo-xl-wt103	delta	break	broke	9.0	broken	14.0	ppt	4(17a)	"To separate into parts with suddenness or violence. ""broke the plate"" ""Break the chocolate bar in half."""	1.08695652173913	0.2971	0.0015	no_cond	0.6163650446380854	4.331092477469372	0.0	2.165546238734686	0.10175659040245369	4.095926495612861	6.570419031327032	5.333172763469946	6.264821450504748
transfo-xl-wt103	delta	break	broke	5.0	broken	20.0	ppt	4(18a)	"To violate. To transgress. ""break the law"" ""break a promise"" ""breaking conventions"""	9.0	0.0027	0.0502	cat	-0.04068599830438299	0.0	1.7449143375752503	0.8724571687876251	0.20072960036140755	0.9942883031655153	1.5342397402427892	1.2642640217041523	1.7261278261991944
transfo-xl-wt103	delta	break	broke	7.0	broken	13.0	ppt	4(26a)	"To split into smaller units, parts, or processes. To divide. ""break the grammar lesson into digestible chunks."" ""break a word at the end of a line"""	1.8	0.1797	0.0083	no_cond	0.4389592389839619	5.223790468535841	3.016521245356861	4.120155856946351	0.136892680625107	1.1929601788626074	4.984326955660771	3.0886435672616894	4.5674514273463895
transfo-xl-wt103	delta	break	broke	9.0	broken	6.0	ppt	4(29a)	"To exceed. To surpass. ""break the record"""	0.6	0.4386	0.0169	no_cond	0.17253061774182724	1.3208672929017982	0.36438859607836455	0.8426279444900814	0.17253061774182724	1.3208672929017982	0.36438859607836455	0.8426279444900814	1.2384900262781808
transfo-xl-wt103	delta	break	broke	9.0	broken	8.0	ppt	4(7a)	"To end a relationship, connection, or agreement; usually used with with or from. ""break with tradition"" ""broke with the leadership"""	0.0588235294117647	0.8084	0.0027	no_cond	0.3692408976378755	2.897960316376265	0.0	1.4489801581881325	0.1772773719357687	2.728229004353981	2.146819887786555	2.437524446070268	3.3973317459704213
transfo-xl-wt103	delta	burn	burnt	12.0	burned	18.0	ppt	6(10b)	"To subject to misfortune, mistreatment, or deception. Often used in passive. ""has been burned in love"""	1.2	0.2733	0.0001	no_cond	0.4560577000852484	0.6895949049272356	0.7328011562031622	0.7111980305651989	0.4560577000852484	0.6895949049272356	0.7328011562031622	0.7111980305651989	1.6308023356623622
transfo-xl-wt103	delta	burn	burnt	47.0	burned	39.0	ppt	6(7a)	"To cause to undergo combustion. Especially, to destroy by fire. ""burned the trash"""	0.744186046511628	0.3883	0.0	no_cond	0.3624198274504259	1.5405183235403106	1.4671039543651427	1.5038111389527267	0.3624198274504259	1.5405183235403106	1.4671039543651427	1.5038111389527267	2.1604504089408203
transfo-xl-wt103	delta	burn	burnt	15.0	burned	6.0	ppt	6(7b)	"To use as fuel. ""This furnace burns gas"""	3.85714285714286	0.0495	0.0207	prob	0.4089972300761711	0.7574571042546333	0.5043277413623478	0.6308924228084906	0.4089972300761711	0.7574571042546333	0.5043277413623478	0.6308924228084906	1.3159631099266826
transfo-xl-wt103	delta	burn	burnt	5.0	burned	11.0	ppt	6(9a)	"To injure or damage by or as if by exposure to fire, heat, or radiation. To scorch. ""burned his hand"""	2.25	0.1336	0.0434	no_cond	0.6129467623750177	1.223697064130326	0.0	0.611848532065163	0.30661848512783185	0.49025820039052875	2.1111778987077576	1.3007180495491433	2.2478166956139347
transfo-xl-wt103	delta	burn	burnt	6.0	burned	12.0	pst	6(3a)	"To undergo alteration or destruction by the action of fire or heat. ""The house burned down."" ""The potatoes burned to a crisp."""	2.0	0.1573	0.0191	no_cond	0.34290201681845306	0.8702555421162964	1.7651173419986215	1.317686442057459	0.34290201681845306	1.7651173419986215	0.8702555421162964	1.317686442057459	1.8379474361553543
transfo-xl-wt103	delta	burn	burnt	39.0	burned	50.0	pst	6(7a)	"To cause to undergo combustion. Especially, to destroy by fire. ""burned the trash"""	1.35955056179775	0.2436	0.0	no_cond	0.4024737845397153	0.6758708745824134	0.7816254036926504	0.7287481391375319	0.4024737845397153	0.6758708745824134	0.7816254036926504	0.7287481391375319	1.4154547857511974
transfo-xl-wt103	delta	burn	burnt	20.0	burned	3.0	pst	6(9a)	"To injure or damage by or as if by exposure to fire, heat, or radiation. To scorch. ""burned his hand"""	12.5652173913043	0.0004	0.2333	cat	0.4356603060017249	0.6704442610208692	0.476973493632852	0.5737088773268606	0.4356603060017249	0.6704442610208692	0.476973493632852	0.5737088773268606	1.0071392061234008
transfo-xl-wt103	delta	creep	creeped	3.0	crept	25.0	ppt	7(2a)	"To go very slowly. ""The hours crept by."""	17.2857142857143	0.0	0.2364	cat	0.5990780758490145	5.281740809147845	3.656901395448365	4.469321102298105	0.5990780758490145	3.656901395448365	5.281740809147845	4.469321102298105	10.942893949399947
transfo-xl-wt103	delta	creep	creeped	10.0	crept	63.0	ppt	7(2c)	"To enter or advance gradually so as to be almost unnoticed. ""Age creeps up on us."" ""A note of irritation crept into her voice."""	38.4794520547945	0.0	0.0014	prob	0.6078997230104499	4.803945616676847	4.807205468112221	4.805575542394534	0.6078997230104499	4.803945616676847	4.807205468112221	4.805575542394534	11.380801211747414
transfo-xl-wt103	delta	creep	creeped	72.0	crept	0.0	ppt	7(6a)	"To cause (someone) to have an uncomfortable feeling of nervousness or hear. To give (someone) the creeps. ""That guy really creeps me out."" ""I felt creeped out being alone in the office at night."""	72.0	0.0	1.0	cat	0.19674220967240708	5.373853483911544	3.875403933624662	4.624628708768103		5.429916404740813			5.429916404740813
transfo-xl-wt103	delta	creep	creeped	2.0	crept	32.0	pst	7(2a)	"To go very slowly. ""The hours crept by."""	26.4705882352941	0.0	0.4925	cat	0.2299071673086553	4.1264449282538305	8.865077649358858	6.495761288806344	0.5505853897172063	2.803576451692881	5.145308203096381	3.9744423273946308	7.509144427969001
transfo-xl-wt103	delta	creep	creeped	4.0	crept	32.0	pst	7(2b)	"To go timidly or cautiously so as to escape notice. ""She crept away from the festive scene."""	21.7777777777778	0.0	0.1145	cat	0.6172534485926979	4.64592493847215	3.808715676333857	4.227320307403003	0.6172534485926979	3.808715676333857	4.64592493847215	4.227320307403003	10.258444430276395
transfo-xl-wt103	delta	creep	creeped	6.0	crept	36.0	pst	7(2c)	"To enter or advance gradually so as to be almost unnoticed. ""Age creeps up on us."" ""A note of irritation crept into her voice."""	21.4285714285714	0.0	0.0258	prob	0.6200936172239848	4.640669524124032	4.039583713843164	4.340126618983598	0.6200936172239848	4.039583713843164	4.640669524124032	4.340126618983598	11.75873328301119
transfo-xl-wt103	delta	creep	creeped	81.0	crept	0.0	pst	7(6a)	"To cause (someone) to have an uncomfortable feeling of nervousness or hear. To give (someone) the creeps. ""That guy really creeps me out."" ""I felt creeped out being alone in the office at night."""	81.0	0.0	1.0	cat	0.18667925623815598	4.133928348492242	4.077170652502672	4.105549500497457		5.0422793556903525			5.0422793556903525
transfo-xl-wt103	delta	disprove	disproven	100.0	disproved	100.0	ppt	8(1a)	"To prove to be false or wrong. To refute. ""disprove a theory"""	0.0	1.0	0.0	no_cond	0.3056637455702561	2.762673656238685	2.401156718545038	2.5819151873918615	0.30594727098566105	2.4251171916499445	2.7358233216663708	2.580470256658158	3.686488050920156
transfo-xl-wt103	delta	dive	dived	28.0	dove	15.0	pst	9(1a)	To plunge into water intentionally	3.93023255813953	0.0474	0.0	prob	0.508408522509314	4.226701769864554	4.072745251021874	4.149723510443214	0.508408522509314	4.226701769864554	4.072745251021874	4.149723510443214	10.221579808091239
transfo-xl-wt103	delta	dive	dived	25.0	dove	49.0	pst	9(3a)	To plunge into some matter or activity	7.78378378378378	0.0053	0.0	prob	0.5404746809559325	4.491656061257937	4.06130227573785	4.276479168497893	0.5404746809559325	4.491656061257937	4.06130227573785	4.276479168497893	11.343875429876462
transfo-xl-wt103	delta	dive	dived	34.0	dove	33.0	pst	9(3b)	To plunge or dash for some place, expecially to seize something	0.0149253731343284	0.9028	0.0	no_cond	0.4945906386858189	5.1746745019104186	3.241788927868731	4.208231714889575	0.4945906386858189	5.1746745019104186	3.241788927868731	4.208231714889575	10.364328005251423
transfo-xl-wt103	delta	dream	dreamt	59.0	dreamed	53.0	ppt	11(2a)	"To indulge in daydreams or fantasies. ""dreaming of a better future"""	0.321428571428571	0.5708	0.0	no_cond	0.4020178504146672	1.3967011229360573	1.0793778216153582	1.2380394722757078	0.4020178504146672	1.3967011229360573	1.0793778216153582	1.2380394722757078	2.193636647512507
transfo-xl-wt103	delta	dream	dreamt	20.0	dreamed	28.0	ppt	11(5a)	"To consider as a possibility. To imagine. ""never dreamed I would become a teacher"""	1.33333333333333	0.2482	0.0	no_cond	0.4136853334606232	1.1521876866668403	1.1991246197221006	1.1756561531944705	0.4136853334606232	1.1521876866668403	1.1991246197221006	1.1756561531944705	2.3552007350297686
transfo-xl-wt103	delta	dream	dreamt	7.0	dreamed	15.0	ppt	11(8a)	"To come up with the idea for. Often, the phrase ""dream up""."	2.90909090909091	0.0881	0.0089	no_cond	0.34650229190974746	1.2650491336856082	1.1923840786180198	1.228716606151814	0.34650229190974746	1.1923840786180198	1.2650491336856082	1.228716606151814	2.1243667749613397
transfo-xl-wt103	delta	dream	dreamt	25.0	dreamed	44.0	pst	11(2a)	"To indulge in daydreams or fantasies. ""dreaming of a better future"""	5.23188405797101	0.0222	0.0	prob	0.41945079421227666	0.7920619535919865	1.0787566374863808	0.9354092955391837	0.41945079421227666	0.7920619535919865	1.0787566374863808	0.9354092955391837	1.872697491157527
transfo-xl-wt103	delta	dream	dreamt	56.0	dreamed	15.0	pst	11(4a)	"To have a dream of. ""dreamt that he was running in the woods"""	23.6760563380282	0.0	0.0	prob	0.37670484154931816	2.005695211503656	0.954134119948553	1.4799146657261046	0.37670484154931816	2.005695211503656	0.954134119948553	1.4799146657261046	2.4025796862175546
transfo-xl-wt103	delta	dream	dreamt	6.0	dreamed	20.0	pst	11(5a)	"To consider as a possibility. To imagine. ""never dreamed I would become a teacher"""	7.53846153846154	0.006	0.0226	prob	0.4516658304913115	1.1103036986375832	0.9686664335082142	1.0394850660728987	0.4516658304913115	1.1103036986375832	0.9686664335082142	1.0394850660728987	1.9234113701372269
transfo-xl-wt103	delta	dream	dreamt	7.0	dreamed	20.0	pst	11(8a)	"To come up with the idea for. Often, the phrase ""dream up""."	6.25925925925926	0.0124	0.01	prob	0.4073103052924825	1.5346713475065006	0.9998389698185441	1.2672551586625223	0.4073103052924825	1.5346713475065006	0.9998389698185441	1.2672551586625223	1.9636314811324254
transfo-xl-wt103	delta	drink	drank	17.0	drunk	11.0	ppt	10(2a)	"To partake of alcoholic beverages. ""has quit drinking"""	1.28571428571429	0.2568	0.0003	no_cond	0.40803540620364054	5.346019533269022	4.25337422089406	4.799696877081541	0.40803540620364054	5.346019533269022	4.25337422089406	4.799696877081541	9.592713046465866
transfo-xl-wt103	delta	drink	drank	59.0	drunk	45.0	ppt	10(4a)	"To swallow. To imbibe. ""drink a glass of water"""	1.88461538461538	0.1698	0.0	no_cond	0.40613581747181576	5.307759360026921	4.826568385448892	5.067163872737907	0.40613581747181576	5.307759360026921	4.826568385448892	5.067163872737907	9.811807809336488
transfo-xl-wt103	delta	drink	drank	17.0	drunk	34.0	ppt	10(7a)	Phrase: drink the Kool-Aid	5.66666666666667	0.0173	0.0	prob	0.48441328136669903	4.942646278271415	6.108469841550537	5.525558059910976	0.48441328136669903	4.942646278271415	6.108469841550537	5.525558059910976	13.138625657487538
transfo-xl-wt103	delta	drive	drove	0.0	driven	25.0	ppt	12(11a)	"To give shape or impulse to. ""factors that drive the business cycle"" ""the ideas that have driven history"""	25.0	0.0	1.0	cat	0.18871439023733072	9.029976930909038	5.18114711946965	7.105562025189345			7.825084648245308		7.825084648245308
transfo-xl-wt103	delta	drive	drove	27.0	driven	4.0	ppt	12(2a)	"To operate a vehicle. ""learned to drive at the age of seventeen"""	17.0645161290323	0.0	0.1128	cat	0.30857326134899155	4.453697769382292	2.402908705792527	3.42830323758741	0.25887846707898643	3.013724196559728	1.3072007487882549	2.1604624726739914	3.4789755424744992
transfo-xl-wt103	delta	drive	drove	12.0	driven	3.0	ppt	12(7b)	"To operate the mechanism and controls and direct the course of (a vehicle). ""drive a car"""	5.4	0.0201	0.2241	cat	0.3814506430945893	1.5421792535889791	1.7504568042004136	1.6463180288946964	0.3814506430945893	1.5421792535889791	1.7504568042004136	1.6463180288946964	2.650092220534724
transfo-xl-wt103	delta	drive	drove	0.0	driven	24.0	ppt	12(8a)	"To exert inescapable or coescive pressure on. To force. ""driven by his passions"""	24.0	0.0	1.0	cat	0.21425810715669052	4.364065732563139	3.836045071238209	4.100055401900674			4.518323925109732		4.518323925109732
transfo-xl-wt103	delta	eat	ate	22.0	eaten	8.0	ppt	1(1a)	To take food or a meal.	6.53333333333333	0.0106	0.0046	prob	0.35679976144527553	2.6562304116709856	4.259020406999639	3.4576254093353125	0.35679976144527553	2.6562304116709856	4.259020406999639	3.4576254093353125	4.752617070052126
transfo-xl-wt103	delta	eat	ate	61.0	eaten	81.0	ppt	1(3a)	To take in through the mouth as food. To ingest, chew, and swallow in turn.	2.8169014084507	0.0933	0.0	no_cond	0.3268111613880491	3.484938194978632	4.919908512303906	4.202423353641269	0.3268111613880491	3.484938194978632	4.919908512303906	4.202423353641269	6.631362527399925
transfo-xl-wt103	delta	fall	fell	10.0	fallen	21.0	ppt	13(12a)	Phrases: fall apart, fall behind, fall between two stools, fall flat, fall for, fall from grace, fall home, fall into line, fall on, fall on one's face, fall on one's sword, fall short	3.90322580645161	0.0482	0.0008	prob	0.07864364797109487	0.1639129546367937	0.4821752613137946	0.32304410797529415	0.20772589259654312	0.24615670222327793	0.4595701906460838	0.35286344643468087	0.48425175047452496
transfo-xl-wt103	delta	fall	fell	40.0	fallen	11.0	ppt	13(1a)	"To descend freely by the force of gravity. ""The apple fell from the tree."""	16.4901960784314	0.0	0.0005	prob	0.3525835758498012	0.6278215885334402	0.0	0.3139107942667201	0.1566089711360916	0.7040954114376767	0.17056863362878902	0.4373320225332329	0.634833629783872
transfo-xl-wt103	delta	fall	fell	4.0	fallen	30.0	ppt	13(6c)	"To decline in quality, activity, or quantity. ""Production fell off."""	19.8823529411765	0.0	0.1139	cat	0.2870348615737479	0.19799035928848674	0.0	0.09899517964424337	0.337967428892497	0.25962315434355177	0.15560131513822797	0.20761223474088986	0.20758011759037906
transfo-xl-wt103	delta	fall	fell	30.0	fallen	5.0	ppt	13(9a)	"To pass suddenly and passively into a state or body of mind or a new state or condition. ""fall asleep"" / ""fall in love"""	17.8571428571429	0.0	0.0536	cat	0.19700991939930107	0.15035058114103347	0.053516182603611184	0.10193338187232233	0.19700991939930107	0.15035058114103347	0.053516182603611184	0.10193338187232233	0.16333250687375322
transfo-xl-wt103	delta	fly	flied	2.0	flew	16.0	pst	14(1a)	"To move in or pass through the air with wings. ""bees flying around the hive"""	10.8888888888889	0.001	0.4857	cat	0.5091483913600656	5.111186854026035	12.406718055595547	8.75895245481079	0.6012273602395947	0.7663582886650498	6.422646389975329	3.594502339320189	12.691840884473686
transfo-xl-wt103	delta	fly	flied	0.0	flew	52.0	pst	14(5a)	"To operate or travel in an airplane or spacecraft. ""They flew to Florida for their vacation."""	52.0	0.0	1.0	cat	0.15786000958718455	4.772667516955439	6.430069664009785	5.601368590482612			6.4828944232130015		6.4828944232130015
transfo-xl-wt103	delta	fly	flied	96.0	flew	7.0	pst	14(7a)	To hit a fly in baseball.	76.9029126213592	0.0	0.0141	prob	0.700573182739099	5.052359795669236	3.761776213462851	4.407068004566044	0.700573182739099	5.052359795669236	3.761776213462851	4.407068004566044	11.418429180087827
transfo-xl-wt103	delta	forget	forgot	41.0	forgotten	49.0	ppt	15(3a)	"To lose the remembrance of. To be unable to think of or recall. ""I forgot his name."""	0.711111111111111	0.3991	0.0	no_cond	0.37827720127278497	3.1408368178021755	2.7070316621239137	2.9239342399630446	0.37827720127278497	3.1408368178021755	2.7070316621239137	2.9239342399630446	4.956504287093091
transfo-xl-wt103	delta	forget	forgot	28.0	forgotten	39.0	ppt	15(4a)	"To treat with inattention or disregard. ""forgot their old friends"" ""He's now a forgotten hero."""	1.80597014925373	0.179	0.0	no_cond	0.38006725974375993	2.8738360913818	3.3399486918298953	3.1068923916058475	0.38006725974375993	2.8738360913818	3.3399486918298953	3.1068923916058475	5.688200685715297
transfo-xl-wt103	delta	forget	forgot	16.0	forgotten	11.0	ppt	15(5a)	"To disregard intentionally. To overlook. Usually used in the imperative. ""I shouldn't have said that, so just forget it."""	0.925925925925926	0.3359	0.0003	no_cond	0.37900494481084335	2.683163657996484	4.105534856475963	3.3943492572362235	0.37900494481084335	2.683163657996484	4.105534856475963	3.3943492572362235	6.061752613738867
transfo-xl-wt103	delta	hang	hanged	1.0	hung	15.0	ppt	16(12a)	"(Informal) To pass time idly or in relaxing or socializing. To hang around. To hang out. ""hanging with friends"" ""hanging at the beach"""	12.25	0.0005	1.0	cat	0.13812104455134147	6.468232381484177	9.561046840524334	8.014639611004256	0.45927099121293763	0.0	7.680065500253781	3.8400327501268907	10.48960494201593
transfo-xl-wt103	delta	hang	hanged	0.0	hung	20.0	ppt	16(14a)	Phrases: hang fire, hang it up, hang loose, hang one on, hang out to dry, hang one's hat (on), hang ten, hang tough	20.0	0.0	1.0	cat	0.1004399540338952	7.51353477860664	6.285356896923478	6.899445837765059			8.140022448161456		8.140022448161456
transfo-xl-wt103	delta	hang	hanged	1.0	hung	30.0	ppt	16(15a)	"To fasten to some elevated point without support from below. To suspend. ""hang a picture on the wall"""	27.1290322580645	0.0	1.0	cat	0.16789042466712162	13.290785318000728	7.664611193000375	10.47769825550055	0.4442879677804308	0.0	8.671062181799808	4.335531090899904	10.011298356577017
transfo-xl-wt103	delta	hang	hanged	98.0	hung	26.0	ppt	16(15b)	"To suspend by the neck until dead; often hanged in the past; often used as a mild oath. ""I'll be hanged"""	41.8064516129032	0.0	0.0	prob	0.45427070574636974	9.0133002136286	8.346691020305302	8.679995616966952	0.45427070574636974	9.0133002136286	8.346691020305302	8.679995616966952	15.770200279920475
transfo-xl-wt103	delta	hang	hanged	4.0	hung	27.0	pst	16(12a)	"(Informal) To pass time idly or in relaxing or socializing. To hang around. To hang out. ""hanging with friends"" ""hanging at the beach"""	17.0645161290323	0.0	0.1128	cat	0.49989523652466034	6.960553484724244	9.529923827887737	8.24523865630599	0.49989523652466034	6.960553484724244	9.529923827887737	8.24523865630599	16.3855279671831
transfo-xl-wt103	delta	hang	hanged	0.0	hung	22.0	pst	16(14a)	Phrases: hang fire, hang it up, hang loose, hang one on, hang out to dry, hang one's hat (on), hang ten, hang tough	22.0	0.0	1.0	cat	0.05174175811080375	7.682782450853673	7.817276707674915	7.750029579264294			8.60777192115477		8.60777192115477
transfo-xl-wt103	delta	hang	hanged	1.0	hung	20.0	pst	16(15a)	"To fasten to some elevated point without support from below. To suspend. ""hang a picture on the wall"""	17.1904761904762	0.0	1.0	cat	0.033139779511977406	6.8106512574031	11.93357019900144	9.37211072820227	0.5523101922458805	0.0	8.21796709336457	4.108983546682285	11.915030894827849
transfo-xl-wt103	delta	hang	hanged	94.0	hung	3.0	pst	16(15b)	"To suspend by the neck until dead; often hanged in the past; often used as a mild oath. ""I'll be hanged"""	85.3711340206186	0.0	0.2461	cat	0.19191958836851777	15.852359303987106	8.808288930221531	12.330324117104318	0.4973036744091026	9.975887022001807	8.489106488702225	9.232496755352017	11.759781790315714
transfo-xl-wt103	delta	heave	hove	10.0	heaved	7.0	pst	17(2c)	"To move in an indicated way. (Past tense usually 'hove') ""The ship hove into view."""	0.529411764705882	0.4669	0.0072	no_cond	0.6135476832340981	11.255598207523292	7.905415478894388	9.58050684320884	0.6135476832340981	11.255598207523292	7.905415478894388	9.58050684320884	42.31113203758914
transfo-xl-wt103	delta	heave	hove	36.0	heaved	0.0	pst	17(2d)	Phrase: heave into view, heave into sight.	36.0	0.0	1.0	cat	0.33957998207631024	4.332826152925025	8.292193796487659	6.312509974706343		10.889593166489682			10.889593166489682
transfo-xl-wt103	delta	heave	hove	5.0	heaved	12.0	pst	17(8a)	"To throw. To cast. ""heaved her books on the floor"""	2.88235294117647	0.0896	0.0445	no_cond	0.6709811790017738	7.710666244089892	7.662887288450937	7.686776766270414	0.6709811790017738	7.662887288450937	7.710666244089892	7.686776766270414	37.62028826623424
transfo-xl-wt103	delta	heave	hove	0.0	heaved	22.0	pst	17(9a)	"To utter with obvious effort or with a deep breath. ""heaved a sigh of relief"""	22.0	0.0	1.0	cat	0.29721159795382757	5.069031129129385	7.309911754922687	6.189471442026036			9.583180400975811		9.583180400975811
transfo-xl-wt103	delta	kneel	kneeled	40.0	knelt	50.0	pst	18(1a)	"To position the body so that one or both knees rest on the floor. ""The prisoners were ordered to kneel."""	1.11111111111111	0.2918	0.0	no_cond	0.5375196231835396	1.9397296384208318	1.874916376599781	1.9073230075103065	0.5375196231835396	1.9397296384208318	1.874916376599781	1.9073230075103065	5.316753940435957
transfo-xl-wt103	delta	kneel	kneeled	60.0	knelt	50.0	pst	18(2a)	"To fall or rest on the knees. ""She kneeled on the floor next to the child."""	0.909090909090909	0.3404	0.0	no_cond	0.6295606915650599	1.402523419723122	1.3372713011713813	1.3698973604472515	0.6295606915650599	1.402523419723122	1.3372713011713813	1.3698973604472515	5.788529850725587
transfo-xl-wt103	delta	knit	knitted	67.0	knit	43.0	ppt	19(3a)	To form by interlacing yarn or thread in a series of connected loops with needles	5.23636363636364	0.0221	0.0	prob	0.38787647233738637	3.100528398340679	2.6307576304666633	2.865643014403671	0.38787647233738637	3.100528398340679	2.6307576304666633	2.865643014403671	5.088260779505113
transfo-xl-wt103	delta	knit	knitted	23.0	knit	45.0	ppt	19(4a)	"To link firmly or closely. ""knitted my hands"""	7.11764705882353	0.0076	0.0	prob	0.42583666851235347	3.661862027610321	3.5994009203921364	3.6306314740012287	0.42583666851235347	3.5994009203921364	3.661862027610321	3.6306314740012287	7.211881121456264
transfo-xl-wt103	delta	knit	knitted	12.0	knit	6.0	pst	19(1a)	To make knitted fabrics or objects.	2.0	0.1573	0.0191	no_cond	0.42069988678836034	4.522564269476964	3.0088034967394512	3.765683883108208	0.42069988678836034	4.522564269476964	3.0088034967394512	3.765683883108208	7.438778756834212
transfo-xl-wt103	delta	knit	knitted	57.0	knit	29.0	pst	19(3a)	To form by interlacing yarn or thread in a series of connected loops with needles	9.11627906976744	0.0025	0.0	prob	0.39773415680775925	3.938914830462287	2.702859290793437	3.3208870606278618	0.39773415680775925	3.938914830462287	2.702859290793437	3.3208870606278618	5.889575124323003
transfo-xl-wt103	delta	knit	knitted	5.0	knit	16.0	pst	19(4a)	"To link firmly or closely. ""knitted my hands"""	5.76190476190476	0.0164	0.0478	prob	0.4584218638026795	3.5126007096261773	2.280880487669022	2.8967405986475994	0.4584218638026795	2.280880487669022	3.5126007096261773	2.8967405986475994	6.570889031098088
transfo-xl-wt103	delta	knit	knitted	10.0	knit	24.0	pst	19(4c)	"To contract into wrinkles. ""knitted her brow"""	5.76470588235294	0.0164	0.0009	prob	0.48272373162168297	2.1344586369987577	2.770183009196297	2.4523208230975273	0.48272373162168297	2.1344586369987577	2.770183009196297	2.4523208230975273	5.828680835558798
transfo-xl-wt103	delta	know	knowed	42.0	knew	63.0	pst	20(4a)	"To perceive directly. To have direct cognition of. To have understanding of. ""importance of knowing oneself"""	4.2	0.0404	0.0	prob	0.5540213568517618	7.389954047444157	9.285411796885207	8.337682922164682	0.5540213568517618	7.389954047444157	9.285411796885207	8.337682922164682	25.00974095605506
transfo-xl-wt103	delta	know	knowed	26.0	knew	9.0	pst	20(4c)	To recognize as being the same as something previously known. To be acquainted or familiar with. To have experience of.	8.25714285714286	0.0041	0.0022	prob	0.5489422681049428	8.856708070005542	7.621021015731902	8.238864542868722	0.5489422681049428	8.856708070005542	7.621021015731902	8.238864542868722	22.193381673283664
transfo-xl-wt103	delta	know	knowed	26.0	knew	25.0	pst	20(5a)	To be aware of the truth or factuality of. To be convinced or certain of.	0.0196078431372549	0.8886	0.0	no_cond	0.6138566038704192	6.113480439578932	6.5742092230455365	6.343844831312234	0.6138566038704192	6.113480439578932	6.5742092230455365	6.343844831312234	25.05275790412458
transfo-xl-wt103	delta	lay	lain	0.0	laid	18.0	ppt	21(19b)	"To submit for examination and judgment. ""laid her case before the commission"" (I used it more like ""to show for examination"")"	18.0	0.0	1.0	cat	0.12084667440031842	5.455288632228345	10.753218419272827	8.104253525750586			11.045555509421181		11.045555509421181
transfo-xl-wt103	delta	lay	lain	7.0	laid	13.0	ppt	21(20a)	(Often vulgar) To copulate with.	1.8	0.1797	0.0083	no_cond	0.5097109851118422	7.775083307193523	6.762242429860459	7.268662868526991	0.5097109851118422	6.762242429860459	7.775083307193523	7.268662868526991	20.05040997166524
transfo-xl-wt103	delta	lay	lain	70.0	laid	3.0	ppt	21(2a)	"(Nonstandard) To be or to stay at rest in a horizontal position. To be prostrate. To rest. To recline. ""lie motionless"" ""lie asleep"""	61.4931506849315	0.0	0.2448	cat	0.11118383598815708	10.389599807651281	12.279264855982557	11.33443233181692	0.38192892338838547	11.339337085462756	6.677270271527724	9.00830367849524	12.838647947794618
transfo-xl-wt103	delta	lay	lain	12.0	laid	34.0	ppt	21(6a)	Phrases: lay an egg, lay eyes on, lay into, lay on the table	10.5217391304348	0.0012	0.0002	prob	0.451245345382547	10.652042970296066	10.044952736277512	10.348497853286789	0.451245345382547	10.044952736277512	10.652042970296066	10.348497853286789	20.73706349103785
transfo-xl-wt103	delta	lay	laid	17.0	lay	0.0	pst	21(13a)	"To dispose or spread over or on a surface. ""lay track"" ""lay plaster"""	17.0	0.0	1.0	cat	0.12384793364589157	6.9564521355544935	7.308983428389144	7.132717781971818		8.182442798854883			8.182442798854883
transfo-xl-wt103	delta	lay	laid	34.0	lay	1.0	pst	21(16a)	"To prepare. To contrive. ""a well-laid plan"""	31.1142857142857	0.0	1.0	cat	0.08314351697762544	8.689228826031897	12.907525714198238	10.798377270115068	0.4928671984505311	10.796169077044546	0.0	5.398084538522273	12.773689223954756
transfo-xl-wt103	delta	lay	laid	15.0	lay	0.0	pst	21(21a)	Phrases: lay off, lay eyes on, lay the basis	15.0	0.0001	1.0	cat	0.033138518899884124	10.715928625890937	4.49774752046397	7.606838073177453		10.72291656691944			10.72291656691944
transfo-xl-wt103	delta	lay	laid	10.0	lay	61.0	pst	21(2a)	"(Nonstandard) To be or to stay at rest in a horizontal position. To be prostrate. To rest. To recline. ""lie motionless"" ""lie asleep"""	36.6338028169014	0.0	0.0014	prob	0.40806218228039903	6.259097766790961	11.698476795580284	8.978787281185623	0.40806218228039903	6.259097766790961	11.698476795580284	8.978787281185623	16.175339440120094
transfo-xl-wt103	delta	lay	laid	0.0	lay	26.0	pst	21(6b)	To have place. To exist.	26.0	0.0	1.0	cat	0.1554689390533102	9.712936080442779	11.155177817030594	10.434056948736686			12.280593260093466		12.280593260093466
transfo-xl-wt103	delta	lead	lead	28.0	led	22.0	ppt	22(5b)	"To direct on a course or in a direction. ""a road leading the traveler to the heart of the city"""	0.72	0.3961	0.0	no_cond	0.2177732818913468	11.382962999138224	11.54844393377669	11.465703466457457	0.2177732818913468	11.382962999138224	11.54844393377669	11.465703466457457	15.661984933580186
transfo-xl-wt103	delta	lead	lead	8.0	led	43.0	ppt	22(7a)	"To direct the operations, activity, or performance of. ""lead an orchestra"" To have charge of. ""lead a campaign"""	24.0196078431373	0.0	0.0058	prob	0.15383268322422342	17.171418565637317	18.343994571026794	17.757706568332054	0.2971406167990024	13.821877330305954	16.867601959607548	15.34473964495675	22.089451406993412
transfo-xl-wt103	delta	lead	lead	54.0	led	29.0	ppt	22(8a)	"To bring to some conclusion or condition. ""led to believe otherwise"""	7.53012048192771	0.0061	0.0	prob	0.2702098043372446	9.096886155800961	5.81635377668199	7.456619966241476	0.2702098043372446	9.096886155800961	5.81635377668199	7.456619966241476	11.559094039765162
transfo-xl-wt103	delta	lead	lead	15.0	led	5.0	pst	22(5a)	"To guide on a way especially by going in advance. ""led the officers to his hiding place"""	5.0	0.0253	0.0471	prob	0.42994265847412166	4.583415882315457	4.86187133838229	4.722643610348873	0.356538241187493	3.1230202309388755	7.692429658946852	5.4077249449428635	6.506957978431712
transfo-xl-wt103	delta	lead	lead	15.0	led	23.0	pst	22(5b)	"To direct on a course or in a direction. ""a road leading the traveler to the heart of the city"""	1.68421052631579	0.1944	0.0	no_cond	0.2726043375537829	5.255999435529187	6.18426183937027	5.720130637449729	0.2131921896519342	6.839301908983681	4.076572532022162	5.457937220502922	6.652050566213617
transfo-xl-wt103	delta	lead	lead	17.0	led	11.0	pst	22(7a)	"To direct the operations, activity, or performance of. ""lead an orchestra"" To have charge of. ""lead a campaign"""	1.28571428571429	0.2568	0.0003	no_cond	0.23937918543962192	3.1793703753001568	3.006231456927371	3.092800916113764	0.23937918543962192	3.1793703753001568	3.006231456927371	3.092800916113764	4.342051466211278
transfo-xl-wt103	delta	lead	lead	17.0	led	17.0	pst	22(7c)	"To go at the head of. ""lead a parade"" To be first in or among. ""lead the league"" To have a margain over. ""led his opponent"""	0.0	1.0	0.0	no_cond	0.2069398535630056	7.815629574533758	7.18039203243636	7.498010803485059	0.2071816170613628	8.337708065508236	6.694930729991375	7.516319397749806	9.77400537693488
transfo-xl-wt103	delta	lead	lead	34.0	led	37.0	pst	22(8a)	"To bring to some conclusion or condition. ""led to believe otherwise"""	0.126760563380282	0.7218	0.0	no_cond	0.26436858272106106	1.8027689938618219	4.480910574133615	3.1418397839977183	0.26436858272106106	1.8027689938618219	4.480910574133615	3.1418397839977183	4.5228684947992095
transfo-xl-wt103	delta	leap	leapt	55.0	leaped	56.0	ppt	23(1a)	"To spring free from or as if from the ground. To jump. ""leap over a fence"" ""A fish leaps out of the water."""	0.009009009009009	0.9244	0.0	no_cond	0.4162711291876004	0.317051464730523	0.5926929674138313	0.4548722160721771	0.4162711291876004	0.317051464730523	0.5926929674138313	0.4548722160721771	0.7721829730022034
transfo-xl-wt103	delta	leap	leapt	22.0	leaped	23.0	ppt	23(2a)	"To pass abruptly from one state or topic to another. ""the difficult leap from college to the workplace"""	0.0222222222222222	0.8815	0.0	no_cond	0.3676997079477866	0.6256408920330551	0.547717461555541	0.586679176794298	0.3676997079477866	0.6256408920330551	0.547717461555541	0.586679176794298	1.0613625024618143
transfo-xl-wt103	delta	leap	leapt	21.0	leaped	17.0	ppt	23(2b)	"To act precipitately. ""leaped at the chance"". I used it like 'to move quickly'"	0.421052631578947	0.5164	0.0	no_cond	0.351802273655114	1.5377566615940401	0.3449009978071487	0.9413288297005944	0.351802273655114	1.5377566615940401	0.3449009978071487	0.9413288297005944	1.4082144158564556
transfo-xl-wt103	delta	leap	leapt	84.0	leaped	78.0	pst	23(1a)	"To spring free from or as if from the ground. To jump. ""leap over a fence"" ""A fish leaps out of the water."""	0.222222222222222	0.6374	0.0	no_cond	0.40237943829134715	0.3038577214229205	0.7280193435115853	0.5159385324672529	0.40237943829134715	0.3038577214229205	0.7280193435115853	0.5159385324672529	0.8019387032536776
transfo-xl-wt103	delta	leap	leapt	10.0	leaped	9.0	pst	23(2a)	"To pass abruptly from one state or topic to another. ""the difficult leap from college to the workplace"""	0.0526315789473684	0.8185	0.0011	no_cond	0.40753791303348735	0.307105914416976	0.5376186412525018	0.4223622778347389	0.40753791303348735	0.307105914416976	0.5376186412525018	0.4223622778347389	0.8665118201663226
transfo-xl-wt103	delta	leap	leapt	6.0	leaped	10.0	pst	23(2b)	"To act precipitately. ""leaped at the chance"""	1.0	0.3173	0.0177	no_cond	0.4002548482682809	0.24862747121724085	0.37391046896408026	0.31126897009066057	0.4002548482682809	0.24862747121724085	0.37391046896408026	0.31126897009066057	0.655583068715376
transfo-xl-wt103	delta	learn	learnt	36.0	learned	28.0	ppt	24(2a)	"To gain knowledge or understanding of or skill in by study, instruction, or experience. ""learn a trade"" ""learned to play chess"""	1.0	0.3173	0.0	no_cond	0.2686456992858328	0.7246410800673081	1.1736146210156195	0.9491278505414638	0.2447865401071076	1.4055824106924966	0.2995462655797595	0.8525643381361281	1.0949806198085401
transfo-xl-wt103	delta	learn	learnt	15.0	learned	12.0	ppt	24(2c)	"To come to be able to. ""learn to dance"""	0.333333333333333	0.5637	0.0001	no_cond	0.38156907719340716	0.1668058842044354	0.24435896289888784	0.20558242355166162	0.38156907719340716	0.1668058842044354	0.24435896289888784	0.20558242355166162	0.3857667847910868
transfo-xl-wt103	delta	learn	learnt	37.0	learned	55.0	ppt	24(2d)	"To come to realize. ""learned that honesty paid"""	3.52173913043478	0.0606	0.0	no_cond	0.2985664250668967	0.8543341823109867	0.5972699283982695	0.725802055354628	0.2985664250668967	0.8543341823109867	0.5972699283982695	0.725802055354628	0.860177195294457
transfo-xl-wt103	delta	learn	learnt	51.0	learned	39.0	pst	24(2a)	"To gain knowledge or understanding of or skill in by study, instruction, or experience. ""learn a trade"" ""learned to play chess"""	1.6	0.2059	0.0	no_cond	0.31145315348029956	0.268620842651935	1.0550026403803334	0.6618117415161342	0.31145315348029956	0.268620842651935	1.0550026403803334	0.6618117415161342	0.7999225148468841
transfo-xl-wt103	delta	learn	learnt	6.0	learned	16.0	pst	24(2c)	"To come to be able to. ""learn to dance"""	4.54545454545455	0.033	0.0211	prob	0.3870331027469234	0.2998895610691973	0.260433363518476	0.28016146229383665	0.3870331027469234	0.260433363518476	0.2998895610691973	0.28016146229383665	0.5099115756835144
transfo-xl-wt103	delta	learn	learnt	37.0	learned	29.0	pst	24(2d)	"To come to realize. ""learned that honesty paid"""	0.96969696969697	0.3248	0.0	no_cond	0.7742906183583159	1.0068043951133037	0.0	0.5034021975566518	0.2968898014493738	0.3162381829569661	2.1532478327221507	1.2347430078395585	1.4079720721202498
transfo-xl-wt103	delta	learn	learnt	6.0	learned	14.0	pst	24(4a)	"To come to know. To hear. ""We just learned that he was ill."""	3.2	0.0736	0.0202	no_cond	0.3732716728465303	0.23718823273062473	0.35398594831990815	0.29558709052526644	0.3732716728465303	0.23718823273062473	0.35398594831990815	0.29558709052526644	0.5723028826857969
transfo-xl-wt103	delta	light	lighted	45.0	lit	36.0	ppt	25(8a)	To set fire to.	1.0	0.3173	0.0	no_cond	0.41090052033683677	3.7672359048965194	4.227444439068879	3.9973401719826995	0.41090052033683677	3.7672359048965194	4.227444439068879	3.9973401719826995	7.658499290818663
transfo-xl-wt103	delta	light	lighted	48.0	lit	52.0	ppt	25(9b)	"To illuminate. ""Rockets lit up the sky."""	0.16	0.6892	0.0	no_cond	0.40772373278364715	5.0172925226178196	4.07297417622781	4.545133349422815	0.40772373278364715	5.0172925226178196	4.07297417622781	4.545133349422815	8.631695135888025
transfo-xl-wt103	delta	light	lighted	14.0	lit	34.0	pst	25(1a)	"To become bright / brighten. ""Her face lit up."""	8.33333333333333	0.0039	0.0	prob	0.4797180557647048	5.066143633447874	4.528518529080252	4.797331081264063	0.4797180557647048	4.528518529080252	5.066143633447874	4.797331081264063	10.82966055025575
transfo-xl-wt103	delta	light	lighted	48.0	lit	47.0	pst	25(8a)	To set fire to.	0.0105263157894737	0.9183	0.0	no_cond	0.46037283054818323	4.280392382321494	5.576647456410037	4.928519919365765	0.46037283054818323	4.280392382321494	5.576647456410037	4.928519919365765	10.90435451367111
transfo-xl-wt103	delta	light	lighted	17.0	lit	14.0	pst	25(9b)	"To illuminate. ""Rockets lit up the sky."""	0.290322580645161	0.59	0.0	no_cond	0.4427930797264598	4.6785510031782565	4.25860298333702	4.4685769932576385	0.4427930797264598	4.6785510031782565	4.25860298333702	4.4685769932576385	9.998891232199867
transfo-xl-wt103	delta	plead	pled	83.0	pleaded	70.0	ppt	26(3a)	"To make a plea of a specific nature. ""Plead not guilty"""	1.10457516339869	0.2933	0.0	no_cond	0.6147406858400206	9.25304409004787	8.95347820229332	9.103261146170595	0.6147406858400206	9.25304409004787	8.95347820229332	9.103261146170595	35.59939393288359
transfo-xl-wt103	delta	plead	pled	4.0	pleaded	21.0	ppt	26(4b)	To entreat or appeal earnestly.	11.56	0.0007	0.1099	cat	0.5993520328816353	7.436169164939399	6.176926314177325	6.806547739558361	0.5993520328816353	6.176926314177325	7.436169164939399	6.806547739558361	18.705652273059243
transfo-xl-wt103	delta	plead	pled	91.0	pleaded	73.0	pst	26(3a)	"To make a plea of a specific nature. ""Plead not guilty"""	1.97560975609756	0.1599	0.0	no_cond	0.5806655395209798	12.169464939231057	12.854085879939204	12.51177540958513	0.5806655395209798	12.169464939231057	12.854085879939204	12.51177540958513	41.68778124535512
transfo-xl-wt103	delta	plead	pled	5.0	pleaded	24.0	pst	26(4b)	To entreat or appeal earnestly.	12.448275862069	0.0004	0.0518	cat	0.5569479911964217	10.482992113516291	9.769003932870348	10.125998023193318	0.5569479911964217	9.769003932870348	10.482992113516291	10.125998023193318	24.058019399537102
transfo-xl-wt103	delta	prove	proved	36.0	proven	19.0	ppt	27(1a)	"To turn out, especially after trial or test. ""The new drug proved effective."""	5.25454545454545	0.0219	0.0	prob	0.31029190812124957	0.7122562211113153	0.7185656375341818	0.7154109293227485	0.31029190812124957	0.7122562211113153	0.7185656375341818	0.7154109293227485	1.004947479427167
transfo-xl-wt103	delta	prove	proved	40.0	proven	60.0	ppt	27(2a)	"To establish the existence, truth, or validity of (as by evidence or logic). ""prove a theorem"" ""The charges were never proved in court."""	4.0	0.0455	0.0	prob	0.2611797426384018	1.7570062399651885	1.42718161364672	1.5920939268059542	0.2611797426384018	1.7570062399651885	1.42718161364672	1.5920939268059542	2.166116019631508
transfo-xl-wt103	delta	prove	proved	19.0	proven	20.0	ppt	27(2b)	"To demonstrate as having a particular quality or worth. ""proved herself a great actress"" ""The vaccine has been proven effective after years of tests."""	0.0256410256410256	0.8728	0.0	no_cond	0.2790568344125295	1.2787175858915336	1.3779914388556835	1.3283545123736085	0.2790568344125295	1.2787175858915336	1.3779914388556835	1.3283545123736085	2.045222220463288
transfo-xl-wt103	delta	ring	ringed	0.0	rung	42.0	ppt	28(10a)	To cause to sound, especially by striking.	42.0	0.0	1.0	cat	0.2520588518738716	6.859060898264036	4.573490969408431	5.716275933836234			7.495434427878807		7.495434427878807
transfo-xl-wt103	delta	ring	ringed	91.0	rung	0.0	ppt	28(16a)	To place or form a ring around; to encircle.	91.0	0.0	1.0	cat	0.2812762996359641	10.880066788773624	5.153742986229731	8.016904887501678		6.743606491424516			6.743606491424516
transfo-xl-wt103	delta	ring	ringed	0.0	rung	18.0	ppt	28(1a)	To sound resonantly or sonorously.	18.0	0.0	1.0	cat	0.0922618134685916	10.885216378592506	8.577448480818868	9.731332429705688			11.546712446155889		11.546712446155889
transfo-xl-wt103	delta	see	saw	54.0	seen	34.0	ppt	29(6a)	To perceive by the eye.	4.54545454545455	0.033	0.0	prob	0.627341189738724	4.90911801264419	7.0955610538744445	6.002339533259317	0.14588757322429755	4.6923853757641485	6.211413510289239	5.451899443026694	5.849511150134067
transfo-xl-wt103	delta	see	saw	18.0	seen	19.0	ppt	29(7a)	"To be aware of. To recognize. ""sees only our faults"""	0.027027027027027	0.8694	0.0	no_cond	0.6625214854305378	3.809603493329261	0.0	1.9048017466646305	0.1319965327614613	5.935512178641113	2.656313424883029	4.295912801762071	4.681346311853496
transfo-xl-wt103	delta	see	saw	2.0	seen	17.0	ppt	29(7d)	To perceive the meaning or importance of. To understand.	11.8421052631579	0.0006	0.4865	cat	0.12812904104680542	1.498867976373191	1.8774719315848454	1.6881699539790183	0.004808428204608714	0.17717537172747033	2.067815688181497	1.1224955299544837	2.026388399328188
transfo-xl-wt103	delta	see	saw	7.0	seen	8.0	ppt	29(8a)	To come to know. To discover.	0.0666666666666667	0.7963	0.0063	no_cond	0.5857289455981145	3.2040503118185755	0.0	1.6020251559092877	0.17632879718187564	0.514866269013325	7.492151564678366	4.0035089168458455	5.173348996365123
transfo-xl-wt103	delta	see	saw	16.0	seen	21.0	ppt	29(8c)	"To have experience of. To undergo. ""see army service"""	0.675675675675676	0.4111	0.0	no_cond	0.12452516049838777	1.728326105067107	3.213073821198588	2.4706999631328475	0.12452516049838777	1.728326105067107	3.213073821198588	2.4706999631328475	2.996789761598901
transfo-xl-wt103	delta	see	seen	65.0	saw	39.0	pst	29(6a)	To perceive by the eye.	6.5	0.0108	0.0	prob	0.2857708004567753	7.497394551291574	5.338836450726542	6.4181155010090585	0.2857708004567753	7.497394551291574	5.338836450726542	6.4181155010090585	9.961093148826798
transfo-xl-wt103	delta	see	seen	11.0	saw	4.0	pst	29(7a)	"To be aware of. To recognize. ""sees only our faults"""	3.26666666666667	0.0707	0.0996	no_cond	0.3352296154779595	5.574326138656496	10.051758128103776	7.8130421333801365	0.3352296154779595	5.574326138656496	10.051758128103776	7.8130421333801365	10.809882594226362
transfo-xl-wt103	delta	see	seen	15.0	saw	18.0	pst	29(8a)	To come to know. To discover.	0.272727272727273	0.6015	0.0	no_cond	0.3350105212162861	5.848230750329634	9.669949270526669	7.759090010428151	0.3350105212162861	5.848230750329634	9.669949270526669	7.759090010428151	13.428019371792073
transfo-xl-wt103	delta	see	seen	7.0	saw	24.0	pst	29(8c)	"To have experience of. To undergo. ""see army service"""	9.32258064516129	0.0023	0.0107	prob	0.21054371005921205	11.368208692629427	17.56680901327702	14.467508852953223	0.206044045480171	4.327870836910626	15.134312758040487	9.731091797475557	16.688792009599894
transfo-xl-wt103	delta	sew	sewed	35.0	sewn	53.0	ppt	30(4a)	To unite or fasten by stitches.	3.68181818181818	0.055	0.0	no_cond	0.3399588235122126	3.15025439804745	2.565460381353156	2.8578573897003032	0.32520316452424414	1.5686974450193234	3.711150704683159	2.6399240748512414	4.1195360200185895
transfo-xl-wt103	delta	sew	sewed	20.0	sewn	13.0	ppt	30(4b)	To create via sewing.	1.48484848484848	0.223	0.0001	no_cond	0.40858993725918846	1.3020705736671805	2.7423535358928746	2.0222120547800273	0.40858993725918846	1.3020705736671805	2.7423535358928746	2.0222120547800273	3.398908093683139
transfo-xl-wt103	delta	sew	sewed	40.0	sewn	13.0	ppt	30(5a)	"To close or enclose by sewing. ""sew the money in the bag"""	13.7547169811321	0.0002	0.0001	prob	0.3455187213532339	3.3970089829865593	1.6493291649190884	2.5231690739528236	0.3455187213532339	3.3970089829865593	1.6493291649190884	2.5231690739528236	4.605162040959382
transfo-xl-wt103	delta	sew	sewed	1.0	sewn	17.0	ppt	30(6a)	To scatter (seed) upon the earth for growth. To plant.	14.2222222222222	0.0002	1.0	cat	0.13836682065174413	0.9599295018543712	1.5927807844962034	1.2763551431752873	0.3971420383262942	0.0	1.3892330265270623	0.6946165132635311	1.70932192482079
transfo-xl-wt103	delta	shake	shook	10.0	shaken	14.0	ppt	32(10a)	To cause to quake, quiver, or tremble.	0.666666666666667	0.4142	0.0006	no_cond	0.4488949227630217	5.5133246024220695	6.006439090742661	5.759881846582365	0.4488949227630217	5.5133246024220695	6.006439090742661	5.759881846582365	13.389282458028495
transfo-xl-wt103	delta	shake	shook	1.0	shaken	26.0	ppt	32(12a)	"To lessen the stability of. To weaken. ""shake one's faith"""	23.1481481481481	0.0	1.0	cat	0.1047658634924905	5.096161875889353	4.353052928685609	4.724607402287481	0.4178533811204324	0.0	4.483617289011027	2.2418086445055136	5.131592797557134
transfo-xl-wt103	delta	shake	shook	59.0	shaken	42.0	ppt	32(16a)	"To stir the feelings of. To upset. To agitate. ""shook her up"""	2.86138613861386	0.0907	0.0	no_cond	0.490405483985201	6.784846125533672	6.481289233888808	6.633067679711241	0.490405483985201	6.784846125533672	6.481289233888808	6.633067679711241	16.41023896158977
transfo-xl-wt103	delta	shine	shone	25.0	shined	3.0	ppt	31(1a)	To emit rays of light	17.2857142857143	0.0	0.2364	cat	0.4634538175064412	1.7617237007746545	1.3335642135845704	1.5476439571796123	0.4634538175064412	1.7617237007746545	1.3335642135845704	1.5476439571796123	2.656565989848862
transfo-xl-wt103	delta	shine	shone	8.0	shined	15.0	ppt	31(3b)	"To perform extremely well; ""The stocks really shined last week"""	2.1304347826087	0.1444	0.0038	no_cond	0.48781870607728467	2.563805866043153	2.547696181520888	2.5557510237820207	0.48781870607728467	2.563805866043153	2.547696181520888	2.5557510237820207	6.338661424653342
transfo-xl-wt103	delta	shine	shone	19.0	shined	8.0	ppt	31(6b)	To throw or direct the light of	4.48148148148148	0.0343	0.0043	prob	0.4598922170851656	1.8626680166913352	1.3594511129784739	1.6110595648349046	0.4598922170851656	1.8626680166913352	1.3594511129784739	1.6110595648349046	3.6287360891138016
transfo-xl-wt103	delta	shine	shone	0.0	shined	38.0	ppt	31(7a)	To make bright by polishing	38.0	0.0	1.0	cat	0.06394181499434637	2.5410675270187837	4.032852609616404	3.286960068317594			3.5888983215874632		3.5888983215874632
transfo-xl-wt103	delta	shine	shone	20.0	shined	16.0	ppt	31(8b)	To highlight; to bring attention to	0.444444444444444	0.505	0.0	no_cond	0.434529285413859	2.445265768992789	2.999017569867994	2.7221416694303917	0.434529285413859	2.445265768992789	2.999017569867994	2.7221416694303917	5.698160587774702
transfo-xl-wt103	delta	shine	shined	18.0	shone	34.0	pst	31(1a)	To emit rays of light	4.92307692307692	0.0265	0.0	prob	0.4817579220078014	1.915373807634145	1.2501311023596617	1.5827524549969034	0.4817579220078014	1.2501311023596617	1.915373807634145	1.5827524549969034	3.615077227784816
transfo-xl-wt103	delta	shine	shined	3.0	shone	18.0	pst	31(2a)	To be bright by reflection of light	10.7142857142857	0.0011	0.2317	cat	0.15337063038394252	2.5645280950094027	1.2772342349572776	1.9208811649833402	0.4473140140472824	1.415130276485085	1.480635822877477	1.447883049681281	2.4825715897696066
transfo-xl-wt103	delta	shine	shined	12.0	shone	9.0	pst	31(3a)	"To be eminent, conspicuous, or distinguished; ""She shines in math"""	0.428571428571429	0.5127	0.0013	no_cond	0.5308868804099459	1.727659805420255	1.2477472700385013	1.4877035377293781	0.5308868804099459	1.727659805420255	1.2477472700385013	1.4877035377293781	4.510700248034315
transfo-xl-wt103	delta	shine	shined	33.0	shone	7.0	pst	31(3b)	"To perform extremely well; ""The stocks really shined last week"""	16.9	0.0	0.0117	prob	0.46400445821309555	2.4874972059288165	2.131459073589394	2.309478139759105	0.46400445821309555	2.4874972059288165	2.131459073589394	2.309478139759105	4.408138806075639
transfo-xl-wt103	delta	shine	shined	11.0	shone	5.0	pst	31(8b)	To highlight; to bring attention to	2.25	0.1336	0.0434	no_cond	0.464277759265586	2.382673118089185	1.2921374104090029	1.8374052642490941	0.464277759265586	2.382673118089185	1.2921374104090029	1.8374052642490941	4.819969491635236
transfo-xl-wt103	delta	show	shown	54.0	showed	46.0	ppt	33(15a)	"To demonstrate or establish by argument or reasoning. ""show a plan to be faulty."""	0.64	0.4237	0.0	no_cond	0.6190260484018332	10.976187227441311	1.6638150112684997	6.320001119354906	0.1739337008574881	2.366826179208798	1.6356889365067184	2.001257557857758	2.35533995328101
transfo-xl-wt103	delta	show	shown	25.0	showed	24.0	ppt	33(7a)	"To cause or permit to be seen. To exhibit. ""showed pictures of the baby"""	0.0204081632653061	0.8864	0.0	no_cond	0.2583621757416173	8.39376369330361	4.218869018011374	6.306316355657492	0.15131718693838658	7.016290168730405	4.026850909781711	5.521570539256058	6.415798750557845
transfo-xl-wt103	delta	sink	sunk	14.0	sank	1.0	pst	45(15a)	To invest.	11.2666666666667	0.0008	1.0	cat	0.45128328753723435	0.5440889559640465	0.0	0.27204447798202325	0.45128328753723435	0.5440889559640465	0.0	0.27204447798202325	0.7429091691760658
transfo-xl-wt103	delta	sink	sunk	11.0	sank	26.0	pst	45(1a)	To go to the bottom. To submerge.	6.08108108108108	0.0137	0.0004	prob	0.2663921603785045	1.7940834960220853	0.8169753168426079	1.3055294064323466	0.3011815053584281	2.358223551942746	1.0850161114856827	1.7216198317142144	1.8968468305803077
transfo-xl-wt103	delta	sink	sunk	12.0	sank	8.0	pst	45(3b)	"To become impressively known or felt. ""The lesson sunk in."""	0.8	0.3711	0.0033	no_cond	0.6685331282986755	1.0993115933134079	0.0	0.5496557966567039	0.3233984247280705	0.4713274886275817	3.255225831904836	1.8632766602662088	2.1383727425410357
transfo-xl-wt103	delta	sink	sunk	7.0	sank	12.0	pst	45(5a)	To go downward in quality, state, or condition.	1.31578947368421	0.2513	0.008	no_cond	0.2220036554436315	1.3315237702917855	0.0	0.6657618851458927	0.32099793603232135	0.577700745340022	1.028901253224747	0.8033009992823845	1.43161975601507
transfo-xl-wt103	delta	sink	sunk	3.0	sank	13.0	pst	45(6b)	To become depressed.	6.25	0.0124	0.2258	cat	0.049690199388541856	0.744221961827411	0.12490858151278214	0.43456527167009656	0.486063120520701	0.4542540723383759	0.36348304822076266	0.4088685602795693	0.754571125099785
transfo-xl-wt103	delta	sink	sunk	20.0	sank	6.0	pst	45(7a)	"To cause to sink. ""sink a battleship"""	7.53846153846154	0.006	0.0226	prob	0.3506684073758956	0.6255841264045109	3.3435424759461254	1.984563301175318	0.2907467454716679	1.8896466271629955	0.7931228884874381	1.3413847578252167	2.051591288221009
transfo-xl-wt103	delta	sneak	sneaked	62.0	snuck	59.0	ppt	36(1a)	"To go stealthily or furtively. To slink. ""snuck out early"""	0.0743801652892562	0.7851	0.0	no_cond	0.6762160923464576	0.0	0.9702214530690987	0.48511072653454934	0.46522532452314097	0.3301757651779423	0.8289217990331875	0.5795487821055649	1.0863449123557107
transfo-xl-wt103	delta	sneak	sneaked	29.0	snuck	30.0	ppt	36(4a)	"To put, bring, or take in a furtive or artful manner. ""sneak a smoke"""	0.0169491525423729	0.8964	0.0	no_cond	0.45538018023915094	0.5569151886804736	0.46246983491458393	0.5096925117975288	0.45538018023915094	0.46246983491458393	0.5569151886804736	0.5096925117975288	1.1308253680301104
transfo-xl-wt103	delta	sneak	sneaked	9.0	snuck	11.0	ppt	36(5a)	Phrases: sneak up on	0.2	0.6547	0.0012	no_cond	0.4490401515647635	0.6023542504765216	0.7137879935595332	0.6580711220180273	0.4490401515647635	0.7137879935595332	0.6023542504765216	0.6580711220180273	1.5215985539793304
transfo-xl-wt103	delta	sneak	snuck	65.0	sneaked	75.0	pst	36(1a)	"To go stealthily or furtively. To slink. ""snuck out early"""	0.714285714285714	0.398	0.0	no_cond	0.4508426210259063	0.3881927570029554	0.7785408112763624	0.5833667841396589	0.45280997990108773	0.7728746426537636	0.46199079584828534	0.6174327192510245	1.1246943106250058
transfo-xl-wt103	delta	sneak	snuck	29.0	sneaked	19.0	pst	36(4a)	"To put, bring, or take in a furtive or artful manner. ""sneak a smoke"""	2.08333333333333	0.1489	0.0	no_cond	0.4904318215087063	0.39684322824179824	0.32893444574155484	0.3628888369916765	0.4904318215087063	0.39684322824179824	0.32893444574155484	0.3628888369916765	0.8947251946762479
transfo-xl-wt103	delta	speak	spoke	20.0	spoken	7.0	ppt	42(1a)	To utter words or articulate sounds with the ordinary voice. To talk.	6.25925925925926	0.0124	0.01	prob	0.3411110166990016	3.282821201217274	5.854035903622235	4.568428552419755	0.3411110166990016	3.282821201217274	5.854035903622235	4.568428552419755	5.86042814146328
transfo-xl-wt103	delta	speak	spoke	11.0	spoken	23.0	ppt	42(1b)	"To express thoughts, opinions, or feelings orally. To extend a greeting. To be friendly enough to engage in conversation. ""still were not speaking after the dispute"""	4.23529411764706	0.0396	0.0004	prob	0.35639829831992625	1.297971056252924	2.1566609231620264	1.7273159897074752	0.35639829831992625	2.1566609231620264	1.297971056252924	1.7273159897074752	2.565546394381124
transfo-xl-wt103	delta	speak	spoke	6.0	spoken	15.0	ppt	42(8a)	To to utter with the speaking voice. To pronounce.	3.85714285714286	0.0495	0.0207	prob	0.25135578603672515	5.143997303876832	4.563894906555001	4.8539461052159165	0.32058003643440974	3.5455110399031002	4.338130250812167	3.941820645357634	6.846537921950126
transfo-xl-wt103	delta	speak	spoke	20.0	spoken	14.0	ppt	42(8b)	To give a recitation of. To declaim.	1.05882352941176	0.3035	0.0	no_cond	0.2731343879147207	3.030117041910417	3.0253440642940275	3.0277305531022223	0.2731343879147207	3.030117041910417	3.0253440642940275	3.0277305531022223	4.374953148801958
transfo-xl-wt103	delta	speak	spoke	37.0	spoken	31.0	ppt	42(8d)	To address. To accost.	0.529411764705882	0.4669	0.0	no_cond	0.32359111137259977	2.1033324219230907	3.3829335212303673	2.743132971576729	0.32359111137259977	2.1033324219230907	3.3829335212303673	2.743132971576729	4.221996786195868
transfo-xl-wt103	delta	speak	spake	54.0	spoke	47.0	pst	37(1a)	To utter words or articulate sounds with the ordinary voice. To talk.	0.485148514851485	0.4861	0.0	no_cond	0.5138108111537147	7.688893480353228	7.557351064485645	7.623122272419437	0.5138108111537147	7.688893480353228	7.557351064485645	7.623122272419437	20.376951738353945
transfo-xl-wt103	delta	speak	spake	3.0	spoke	22.0	pst	37(1b)	"To express thoughts, opinions, or feelings orally. To extend a greeting. To be friendly enough to engage in conversation. ""still were not speaking after the dispute"""	14.44	0.0001	0.2347	cat	0.09671250366599118	15.055553822590745	13.190768671709677	14.123161247150211	0.4686474439648055	4.772839465170203	10.237225862259598	7.5050326637149	15.03571604237833
transfo-xl-wt103	delta	speak	spake	20.0	spoke	2.0	pst	37(8c)	"To express orally. To delcare. ""free to speak their minds"""	14.7272727272727	0.0001	0.4884	cat	0.33574972542922416	0.0	11.868593073029169	5.9342965365145846	0.46946303084121443	9.263154894795838	4.393227164716272	6.828191029756055	13.06810840874954
transfo-xl-wt103	delta	speed	speeded	2.0	sped	20.0	ppt	38(1a)	"To make haste. ""sped to her bedside"""	14.7272727272727	0.0001	0.4884	cat	0.22015685563937604	4.222649906976795	8.645344343980797	6.433997125478796	0.45400718771788695	2.592018358831901	6.446997667793636	4.519508013312769	9.131142201927032
transfo-xl-wt103	delta	speed	speeded	16.0	sped	12.0	ppt	38(2a)	"To move, work, or take place faster. To accelerate. ""the heart speeds up"""	0.571428571428571	0.4497	0.0001	no_cond	0.5165872431248257	4.362943501555009	4.48409997087026	4.423521736212635	0.5165872431248257	4.362943501555009	4.48409997087026	4.423521736212635	12.311266994296707
transfo-xl-wt103	delta	speed	speeded	81.0	sped	64.0	ppt	38(4b)	To increase the speed of. To accelerate.	1.99310344827586	0.158	0.0	no_cond	0.5057567836954258	3.623354149309052	4.031967753382292	3.8276609513456723	0.5057567836954258	3.623354149309052	4.031967753382292	3.8276609513456723	9.667060178012733
transfo-xl-wt103	delta	speed	speeded	3.0	sped	71.0	pst	38(1a)	"To make haste. ""sped to her bedside"""	62.4864864864865	0.0	0.2449	cat	0.2738015362573676	4.943986456605119	10.356018134963973	7.650002295784546	0.5854025203547014	4.139809899755669	5.872502725698288	5.006156312726978	8.194572688785437
transfo-xl-wt103	delta	speed	speeded	29.0	sped	14.0	pst	38(2a)	"To move, work, or take place faster. To accelerate. ""the heart speeds up"""	5.23255813953488	0.0222	0.0	prob	0.5281222800222111	7.060318525508982	5.681569445892122	6.370943985700552	0.5281222800222111	5.681569445892122	7.060318525508982	6.370943985700552	16.44625471678469
transfo-xl-wt103	delta	speed	speeded	61.0	sped	14.0	pst	38(4b)	To increase the speed of. To accelerate.	29.4533333333333	0.0	0.0001	prob	0.5135134410986669	5.483535878594884	4.521976020645112	5.002755949619997	0.5135134410986669	5.483535878594884	4.521976020645112	5.002755949619997	10.737538962266873
transfo-xl-wt103	delta	spell	spelt	18.0	spelled	2.0	ppt	39(5a)	To name the letters of in order. To write or print the letters of in order.	12.8	0.0003	0.4872	cat	0.3010425510191157	1.5707867156475177	3.5035657789021495	2.5371762472748336	0.3010425510191157	3.5035657789021495	1.5707867156475177	2.5371762472748336	4.062393789669443
transfo-xl-wt103	delta	spell	spelt	39.0	spelled	21.0	ppt	39(5b)	To write or print the letters of in a particular way.	5.4	0.0201	0.0	prob	0.3609736916175639	2.5928026924023335	4.802356449549765	3.6975795709760493	0.3609736916175639	2.5928026924023335	4.802356449549765	3.6975795709760493	5.143556443350333
transfo-xl-wt103	delta	spell	spelt	14.0	spelled	43.0	ppt	39(7a)	"To find out by study. To come to understand. Often used with 'out'. ""It requires some pains to spell out those decorations."" (I used as 'to explain', kind of)"	14.7543859649123	0.0001	0.0	prob	0.37949585762699967	2.3630243242326543	2.391049437187015	2.3770368807098343	0.37949585762699967	2.3630243242326543	2.391049437187015	2.3770368807098343	3.8927747097883403
transfo-xl-wt103	delta	spill	spilt	0.0	spilled	16.0	ppt	40(2a)	"To spread profusely or beyond bounds. ""Crowds spilled into the streets."""	16.0	0.0001	1.0	cat	0.10733059742262291	0.0	1.7709076635764651	0.8854538317882326			1.8360015409967705		1.8360015409967705
transfo-xl-wt103	delta	spill	spilt	72.0	spilled	54.0	ppt	40(5a)	To cause or allow especially accidentally or unintentionally to fall, flow, or run out so as to be lost or wasted.	2.57142857142857	0.1088	0.0	no_cond	0.38788642351522934	2.390047091593725	1.4950542934921813	1.9425506925429532	0.38788642351522934	2.390047091593725	1.4950542934921813	1.9425506925429532	3.347218762216428
transfo-xl-wt103	delta	spill	spilt	7.0	spilled	10.0	pst	40(1a)	"To flow, run, or fall out, over, or off and become wasted, scattered, or lost. ""water spilling over the dam"""	0.529411764705882	0.4669	0.0072	no_cond	0.4021566686615473	1.3641386991929336	1.2767917476966928	1.3204652234448133	0.4021566686615473	1.3641386991929336	1.2767917476966928	1.3204652234448133	2.6852096841914594
transfo-xl-wt103	delta	spill	spilt	0.0	spilled	18.0	pst	40(2a)	"To spread profusely or beyond bounds. ""Crowds spilled into the streets."""	18.0	0.0	1.0	cat	0.045981178646579225	1.4252105849701964	1.6580564063566114	1.541633495663404			1.7616396735554638		1.7616396735554638
transfo-xl-wt103	delta	spill	spilt	49.0	spilled	17.0	pst	40(5a)	To cause or allow especially accidentally or unintentionally to fall, flow, or run out so as to be lost or wasted.	15.5151515151515	0.0001	0.0	prob	0.4849953239549092	1.7826322297274348	1.3576024395589936	1.5701173346432142	0.4849953239549092	1.7826322297274348	1.3576024395589936	1.5701173346432142	3.4543586521312473
transfo-xl-wt103	delta	spill	spilt	2.0	spilled	18.0	pst	40(7a)	"To let out. To divulge. ""spill a secret"""	12.8	0.0003	0.4872	cat	0.5036848806419771	1.6742707610992285	9.890081115194116	5.782175938146672	0.45727186195990255	1.240185371848122	3.397227141594576	2.318706256721349	4.416684879024164
transfo-xl-wt103	delta	spit	spit	64.0	spat	66.0	ppt	41(1a)	To eject saliva as an expression of aversion or contempt.	0.0307692307692308	0.8608	0.0	no_cond	0.41473478757533827	5.2691033963549705	5.743566307242008	5.506334851798489	0.41473478757533827	5.2691033963549705	5.743566307242008	5.506334851798489	10.98777883587207
transfo-xl-wt103	delta	spit	spit	12.0	spat	10.0	ppt	41(4a)	To eject (something) from the mouth. To expectorate.	0.181818181818182	0.6698	0.0005	no_cond	0.29907339392234616	7.523099675608866	6.076352121009984	6.7997258983094255	0.29907339392234616	7.523099675608866	6.076352121009984	6.7997258983094255	10.263562180868652
transfo-xl-wt103	delta	spit	spit	18.0	spat	20.0	ppt	41(4d)	"To emit as if by spitting. Especially to emit (precipitation) in driving particles or in flurries. ""spit rain"""	0.105263157894737	0.7456	0.0	no_cond	0.3907609783317692	4.116498699084581	4.522565245075414	4.319531972079998	0.3907609783317692	4.116498699084581	4.522565245075414	4.319531972079998	8.509931055104948
transfo-xl-wt103	delta	spit	spit	32.0	spat	19.0	pst	41(1a)	To eject saliva as an expression of aversion or contempt.	3.31372549019608	0.0687	0.0	no_cond	0.4479861877566521	3.8465239234968545	4.731954444794887	4.28923918414587	0.4479861877566521	3.8465239234968545	4.731954444794887	4.28923918414587	7.59091386194729
transfo-xl-wt103	delta	spit	spit	22.0	spat	11.0	pst	41(1c)	To eject matter (such as salive) from the mouth. To expectorate.	3.66666666666667	0.0555	0.0004	no_cond	0.46619838052460216	3.8554008902579913	4.161646105277573	4.008523497767782	0.46619838052460216	3.8554008902579913	4.161646105277573	4.008523497767782	7.084266496433587
transfo-xl-wt103	delta	spit	spit	12.0	spat	34.0	pst	41(4d)	"To emit as if by spitting. Especially to emit (precipitation) in driving particles or in flurries. ""spit rain"""	10.5217391304348	0.0012	0.0002	prob	0.33938419230222217	2.6176661676230406	11.030762888998618	6.824214528310829	0.43273288283663297	1.3308911553093854	4.273770781115261	2.802330968212323	5.728585333817107
transfo-xl-wt103	delta	spring	sprung	17.0	sprang	20.0	pst	43(3b)	"To issue by birth or descent. ""sprang from the upper class"""	0.243243243243243	0.6219	0.0	no_cond	0.3679501155264025	1.3313255153046903	1.2190649624929342	1.2751952388988124	0.3679501155264025	1.3313255153046903	1.2190649624929342	1.2751952388988124	2.3355567572025744
transfo-xl-wt103	delta	spring	sprung	34.0	sprang	42.0	pst	43(3c)	"To come into being. To arise. ""Towns sprang up across the plains."""	0.842105263157895	0.3588	0.0	no_cond	0.3407427296117251	2.50117685774936	1.1703031970729536	1.8357400274111568	0.3407427296117251	2.50117685774936	1.1703031970729536	1.8357400274111568	2.6791454828634813
transfo-xl-wt103	delta	spring	sprung	10.0	sprang	9.0	pst	43(7a)	"To quickly start working. ""Firefighters are ready to leap/spring/swing into action at a moment's notice."" To become suddenly very active and energetic. ""They sprang into action as soon as they received their orders."" ""The crowd sprang to life after the first goal was scored."""	0.0526315789473684	0.8185	0.0011	no_cond	0.3708340160420141	1.2945038128023103	1.9122379601335824	1.6033708864679463	0.3708340160420141	1.2945038128023103	1.9122379601335824	1.6033708864679463	3.0491750602435586
transfo-xl-wt103	delta	strive	strived	95.0	striven	86.0	ppt	44(1a)	"To devote serious effort or energy to. To endevor. ""strive to finish a project"""	0.447513812154696	0.5035	0.0	no_cond	0.48584986011794534	0.8512505477320067	0.80749758529227	0.8293740665121383	0.48584986011794534	0.8512505477320067	0.80749758529227	0.8293740665121383	1.932615717158534
transfo-xl-wt103	delta	strive	strived	5.0	striven	14.0	ppt	44(2a)	To struggle in opposition. To contend.	4.26315789473684	0.0389	0.0463	prob	0.5289195108015722	0.6391268000093348	0.6478926273220929	0.6435097136657137	0.5289195108015722	0.6391268000093348	0.6478926273220929	0.6435097136657137	1.6688655555494278
transfo-xl-wt103	delta	strive	strived	97.0	strove	82.0	pst	44(1a)	"To devote serious effort or energy to. To endevor. ""strive to finish a project"""	1.25698324022346	0.2622	0.0	no_cond	0.5258724069994578	0.6829815819872747	0.6822297189661923	0.6826056504767335	0.5258724069994578	0.6829815819872747	0.6822297189661923	0.6826056504767335	1.8763234600091212
transfo-xl-wt103	delta	strive	strived	3.0	strove	18.0	pst	44(2a)	To struggle in opposition. To contend.	10.7142857142857	0.0011	0.2317	cat	0.5143668550392483	0.3086922885779067	0.686865206994583	0.49777874778624487	0.5143668550392483	0.3086922885779067	0.686865206994583	0.49777874778624487	1.2323479403976418
transfo-xl-wt103	delta	take	took	9.0	taken	10.0	ppt	47(18b)	"To use up (space, time, etc.) ""takes a long time to dry"""	0.0526315789473684	0.8185	0.0011	no_cond	0.6359698333747911	2.315750842991702	3.06472874807663	2.690239795534166	0.08615262540082629	2.225929758649466	5.284334655659216	3.7551322071543414	4.699066510862991
transfo-xl-wt103	delta	take	took	8.0	taken	9.0	ppt	47(24a)	"To remove. ""take eggs from a nest"" To put an end to (life). To remove by death. ""was taken in his prime"" To subtract. ""take two from four"" To exact. ""The weather took its toll."""	0.0588235294117647	0.8084	0.0027	no_cond	0.3365745971755994	6.7499537762376605	10.902290314807072	8.826122045522366	0.1330193844779225	7.8172689538583935	8.61022152395834	8.213745238908366	10.34445164868441
transfo-xl-wt103	delta	take	took	9.0	taken	26.0	ppt	47(25a)	"To undertake and make, do, or perform. ""take a walk"" ""take aim"" ""take legal action"" ""take a test"" ""take a look"" To participate in. ""take a meeting"""	8.25714285714286	0.0041	0.0022	prob	0.5577427742443705	2.400093060727341	0.0	1.2000465303636705	-0.09294784753568432	0.1578120755037573	3.3966450307242897	1.7772285531140235	2.6937410428718165
transfo-xl-wt103	delta	take	took	12.0	taken	15.0	ppt	47(29a)	Phrases: take a back seat, take advantage of, take after, take a hike/walk, take care of, take charge of, take for, take into account, take in vain, take no prisoners, take the floor, take to court, take to task, take a chance, take notice of, take pity on, take as, take by surprise, take in, take the trouble to, take over, take down	0.333333333333333	0.5637	0.0001	no_cond	0.4015952808281084	3.3168381177413453	6.111316564173599	4.714077340957472	0.13714813538038403	3.712133822912532	4.312832393328558	4.012483108120545	5.237275219518631
transfo-xl-wt103	delta	take	took	15.0	taken	6.0	ppt	47(8b)	Phrases: take care, take charge, take effect, take five, take hold, take part, take place, take turns, take control, take notice, take for granted, take a toll, take off, take aback	3.85714285714286	0.0495	0.0207	prob	0.343950400915232	4.4893520000979015	7.251819107554937	5.8705855538264196	0.08184534400558185	5.9932131008238265	3.9681058413198684	4.9806594710718475	6.0696869375030165
transfo-xl-wt103	delta	take	took	15.0	taken	6.0	ppt	47(9a)	"To get into one's hands or into one's possession, power or control. To seize or capture physically. ""took them as prisoners"" To get possession of (fish or game) by killing or capturing. To acquire by eminent domain."	3.85714285714286	0.0495	0.0207	prob	0.4265056390602831	3.9401107398078765	5.548118878115389	4.7441148089616325	0.2645292633893551	3.3315274653004816	5.589679505129998	4.460603485215239	5.397422314263222
transfo-xl-wt103	delta	tear	tore	4.0	torn	14.0	ppt	48(4a)	"To divide or disrupt by the pull of contrary forces. ""a mind torn with doubts"""	5.55555555555556	0.0184	0.1039	cat	0.25427221647111514	7.3976181805500785	5.929575351231643	6.66359676589086	0.45166007716055034	5.205690070314253	5.43007802937617	5.317884049845212	10.299261557553347
transfo-xl-wt103	delta	tear	tore	14.0	torn	21.0	ppt	48(5a)	"To remove by force. To wrench. Often used with 'off'. ""tear a cover off a box"""	1.4	0.2367	0.0	no_cond	0.30817657996471415	2.57215966958208	5.296023944272655	3.934091806927367	0.30817657996471415	2.57215966958208	5.296023944272655	3.934091806927367	6.505776726574316
transfo-xl-wt103	delta	tear	tore	25.0	torn	13.0	ppt	48(7a)	"To damage, remove, or effect an opening in. ""tore up the street to lay a new water main"""	3.78947368421053	0.0516	0.0001	no_cond	0.33764498635939394	5.8709007816704775	3.75066827097623	4.810784526323354	0.33764498635939394	5.8709007816704775	3.75066827097623	4.810784526323354	8.201401436482621
transfo-xl-wt103	delta	tread	trod	16.0	trodden	3.0	ppt	49(1a)	"To move or proceed on or as if on foot. ""must tread lightly"""	8.89473684210526	0.0029	0.2297	cat	0.4967665426625024	1.7080089337158693	3.5783382462697753	2.643173589992822	0.4967665426625024	1.7080089337158693	3.5783382462697753	2.643173589992822	3.7655097026878925
transfo-xl-wt103	delta	tread	trod	27.0	trodden	19.0	ppt	49(5a)	"To step or walk on or over. (I used as ""to travel"")"	1.39130434782609	0.2382	0.0	no_cond	0.40627993695804315	2.6381135631092083	2.0897486057973698	2.363931084453289	0.40627993695804315	2.6381135631092083	2.0897486057973698	2.363931084453289	4.768214032697738
transfo-xl-wt103	delta	tread	trod	24.0	trodden	14.0	ppt	49(5b)	"To walk or proceed along. To follow. ""treading a fine line between tradition and innovation"""	2.63157894736842	0.1048	0.0	no_cond	0.41932857353266495	2.3430569854800436	1.8601969638115965	2.10162697464582	0.41932857353266495	2.3430569854800436	1.8601969638115965	2.10162697464582	4.347985272363635
transfo-xl-wt103	delta	tread	trod	23.0	trodden	52.0	ppt	49(7a)	To beat or press with the feet. To trample.	11.2133333333333	0.0008	0.0	prob	0.4531750519371932	2.1118794708667283	3.048762674679685	2.5803210727732067	0.4531750519371932	3.048762674679685	2.1118794708667283	2.5803210727732067	4.683261833028528
transfo-xl-wt103	delta	tread	treaded	26.0	trod	29.0	pst	49(1a)	"To move or proceed on or as if on foot. ""must tread lightly"""	0.163636363636364	0.6858	0.0	no_cond	0.5621412734939512	10.03719745937322	10.09322934744042	10.065213403406819	0.5621412734939512	10.03719745937322	10.09322934744042	10.065213403406819	32.28298582800851
transfo-xl-wt103	delta	tread	treaded	50.0	trod	6.0	pst	49(4a)	Phrases: tread on one's toes, tread water	34.5714285714286	0.0	0.0271	prob	0.5803549869423638	8.55299413093215	6.449299884539048	7.501147007735599	0.5803549869423638	8.55299413093215	6.449299884539048	7.501147007735599	16.293892444288783
transfo-xl-wt103	delta	tread	treaded	3.0	trod	14.0	pst	49(5a)	To step or walk on or over	7.11764705882353	0.0076	0.2273	cat	0.5820003063716411	8.71969013861263	4.639932126867922	6.6798111327402765	0.5820003063716411	4.639932126867922	8.71969013861263	6.6798111327402765	21.0987503504998
transfo-xl-wt103	delta	tread	treaded	5.0	trod	20.0	pst	49(5b)	"To walk or proceed along. To follow. ""treading a fine line between tradition and innovation"""	9.0	0.0027	0.0502	cat	0.519484968920817	9.946826822509713	6.261513183906126	8.10417000320792	0.519484968920817	6.261513183906126	9.946826822509713	8.10417000320792	20.664271804648237
transfo-xl-wt103	delta	wake	woke	45.0	woken	33.0	ppt	52(2a)	"To awake. To wake up. ""They woke early."""	1.84615384615385	0.1742	0.0	no_cond	0.4449233706184839	0.8762686771849242	1.6494067295612442	1.2628377033730842	0.4449233706184839	0.8762686771849242	1.6494067295612442	1.2628377033730842	2.0952707559637975
transfo-xl-wt103	delta	wake	woke	8.0	woken	21.0	ppt	52(3a)	Intransitive 4c.	5.82758620689655	0.0158	0.0045	prob	0.49741129084268865	0.5826046418220384	0.6751720884630232	0.6288883651425308	0.49741129084268865	0.6751720884630232	0.5826046418220384	0.6288883651425308	1.4061096049231303
transfo-xl-wt103	delta	wake	woke	42.0	woken	33.0	ppt	52(5a)	"To rouse from or as if from sleep. To awake. To wake up. ""Something woke her in the middle of the night."""	1.08	0.2987	0.0	no_cond	0.4471225469175814	0.510230787640913	0.5828198370508577	0.5465253123458853	0.4471225469175814	0.510230787640913	0.5828198370508577	0.5465253123458853	1.1715842164601333
transfo-xl-wt103	delta	wear	wore	27.0	worn	39.0	ppt	53(5a)	"To bear or have on the person. ""wore a coat"""	2.18181818181818	0.1396	0.0	no_cond	0.26556299766536323	5.162691809818913	5.205590677815684	5.184141243817299	0.2625244548734654	3.748285670885887	6.1380517478568875	4.943168709371387	7.303532412211576
transfo-xl-wt103	delta	weave	weaved	8.0	woven	7.0	ppt	50(5a)	To form (cloth) by interlacing strands (as of yarn).	0.0666666666666667	0.7963	0.0063	no_cond	0.48143073802510983	2.9263495159030235	2.986909276866224	2.9566293963846237	0.48143073802510983	2.9263495159030235	2.986909276866224	2.9566293963846237	7.594278306315317
transfo-xl-wt103	delta	weave	weaved	7.0	woven	17.0	ppt	50(5b)	To interlace (threads) into cloth.	4.16666666666667	0.0412	0.0094	prob	0.49210812951218275	3.254612086744335	2.5781843424296937	2.9163982145870144	0.49210812951218275	3.254612086744335	2.5781843424296937	2.9163982145870144	6.597319696450948
transfo-xl-wt103	delta	weave	weaved	7.0	woven	9.0	ppt	50(8a)	To produce by elaborately combining elements. To contrive.	0.25	0.6171	0.0068	no_cond	0.44884806396811583	3.105170980112844	3.149969316072557	3.1275701480927003	0.44884806396811583	3.105170980112844	3.149969316072557	3.1275701480927003	7.560508486955689
transfo-xl-wt103	delta	weave	weaved	18.0	woven	20.0	ppt	50(8c)	To introduce as an appopriate element. To work in. Usually used with in or into.	0.105263157894737	0.7456	0.0	no_cond	0.5011489361369644	2.6846273357970905	2.7562839605959057	2.720455648196498	0.5011489361369644	2.6846273357970905	2.7562839605959057	2.720455648196498	7.135917946318898
transfo-xl-wt103	delta	weave	weaved	65.0	wove	16.0	pst	50(3a)	To move in a devious, winding, or zigzag course especially to avoid obstacles.	29.641975308642	0.0	0.0	prob	0.4749506220337179	1.7915256682087988	1.8360357117322725	1.8137806899705358	0.4749506220337179	1.7915256682087988	1.8360357117322725	1.8137806899705358	3.2515042244788024
transfo-xl-wt103	delta	weave	weaved	11.0	wove	12.0	pst	50(8a)	To produce by elaborately combining elements. To contrive.	0.0434782608695652	0.8348	0.0002	no_cond	0.4227547060062797	1.5491287474959334	1.4799959926610249	1.5145623700784792	0.4227547060062797	1.5491287474959334	1.4799959926610249	1.5145623700784792	3.260176546113011
transfo-xl-wt103	delta	weave	weaved	6.0	wove	15.0	pst	50(8b)	To unite in a coherent whole.	3.85714285714286	0.0495	0.0207	prob	0.4523304686563913	1.4199162020838334	1.6420690951898183	1.530992648636826	0.4523304686563913	1.6420690951898183	1.4199162020838334	1.530992648636826	3.1124045712675996
transfo-xl-wt103	delta	weave	weaved	5.0	wove	23.0	pst	50(8c)	To introduce as an appopriate element. To work in. Usually used with in or into.	11.5714285714286	0.0007	0.0515	cat	0.4657368595600229	1.2453860742759693	1.4269839575052938	1.3361850158906314	0.4657368595600229	1.4269839575052938	1.2453860742759693	1.3361850158906314	2.3247749332877317
transfo-xl-wt103	delta	wet	wetted	30.0	wet	14.0	pst	51(4a)	To make wet.	5.81818181818182	0.0159	0.0	prob	0.45513050409912864	8.931243416962424	9.059125738639954	8.99518457780119	0.45513050409912864	8.931243416962424	9.059125738639954	8.99518457780119	18.90730498975668
transfo-xl-wt103	delta	wet	wetted	6.0	wet	24.0	pst	51(5a)	"To urinate in or on. ""wet his pants"""	10.8	0.001	0.0237	prob	0.43254457722228157	9.722554213384099	6.035470095278353	7.879012154331226	0.43254457722228157	6.035470095278353	9.722554213384099	7.879012154331226	16.106602576762736
transfo-xl-wt103	delta	write	wrote	70.0	written	75.0	ppt	54(5b)	"To be the author of. To compose. ""writes poems and essays"" To compose in musical form. ""write a string quartet"""	0.172413793103448	0.678	0.0	no_cond	0.17880436787560927	2.739618444644981	3.2997172961363623	3.0196678703906716	0.17880436787560927	2.739618444644981	3.2997172961363623	3.0196678703906716	3.606784638823467
transfo-xl-wt103	delta	write	wrote	21.0	written	7.0	ppt	54(6a)	To make a permanent impression of.	7.0	0.0082	0.0102	prob	0.5635456678636277	3.409385682046306	0.0	1.704692841023153	0.30533599328810584	1.8892828877954475	7.699460294773077	4.794371591284262	4.232223604116243
transfo-xl-wt103	orig	begin	began	16.0	begun	20.0	ppt	2(1a)	"To do the first part of an action. To go into the first part of a process. To start. ""Began by introducing herself"" ""will have to begin again"""	0.444444444444444	0.505	0.0	no_cond	0.049960059968053555	12.673916912244325	15.542545009733784	14.108230960989054	0.004926401141801218	16.95701247540452	13.499828320760786	15.228420398082655	15.49089608313982
transfo-xl-wt103	orig	begin	began	76.0	begun	64.0	ppt	2(4a)	"To set about the activity of. To start. ""They began the lecture at 10:00."" ""have already begun construction"""	1.02857142857143	0.3105	0.0	no_cond	0.0986895402536997	17.027960477412105	16.14905053547744	16.588505506444772	0.010852247564841171	16.663537882047507	18.131551189410395	17.39754453572895	17.60237584738422
transfo-xl-wt103	orig	begin	began	8.0	begun	14.0	ppt	2(5a)	"To bring into being. To found. ""credited with beginning the movement"" ""In 1819, he married the daughter of É chief and began a dynasty that would last for nearly 200 years."""	1.63636363636364	0.2008	0.0036	no_cond	0.20848276068137428	0.0	15.459300865700511	7.7296504328502555	0.0025601977858806953	14.372033882815693	16.12458500088804	15.248309441851866	16.37382905976997
transfo-xl-wt103	orig	bid	bidden	1.0	bid	41.0	ppt	3(3a)	"To offer (a price) whether for payment or acceptance. ""The contractor bid $10,000 less than his nearest competitor."""	38.0952380952381	0.0	1.0	cat	0.14456447850371257	12.47840255336292	17.298218443429523	14.888310498396223	0.17522756557654576	0.0	16.340572961849254	8.170286480924627	16.72251671394466
transfo-xl-wt103	orig	bid	bidden	57.0	bid	25.0	ppt	3(4a)	"To issue an order to. To tell. ""did as I was bid"""	12.4878048780488	0.0004	0.0	prob	0.3063871849191008	11.008350103644494	11.43669935077243	11.222524727208462	0.3026351885165177	10.729367225266616	12.22023147890205	11.474799352084332	16.143549467818744
transfo-xl-wt103	orig	bid	bidden	17.0	bid	0.0	ppt	3(4b)	"To request to come. To invite. ""were bidden to the wedding"""	17.0	0.0	1.0	cat	0.047026741554857004	8.953245650652699	10.201777387529487	9.577511519091093		10.927225772610925			10.927225772610925
transfo-xl-wt103	orig	bid	bidden	10.0	bid	10.0	ppt	3(5a)	"To give expression to. ""bade a tearful farewell"""	0.0	1.0	0.0004	no_cond	0.19098790578322228	11.53791990248483	16.99370462228966	14.265812262387245	0.19098790578322228	11.53791990248483	16.99370462228966	14.265812262387245	19.023127691471238
transfo-xl-wt103	orig	bid	bid	16.0	bade	0.0	pst	3(3a)	"To offer (a price) whether for payment or acceptance. ""The contractor bid $10,000 less than his nearest competitor."""	16.0	0.0001	1.0	cat	0.2564546785145651	0.0	14.401065246637081	7.200532623318541		15.939304251046883			15.939304251046883
transfo-xl-wt103	orig	bid	bid	25.0	bade	67.0	pst	3(4a)	"To issue an order to. To tell. ""did as I was bid"""	19.1739130434783	0.0	0.0	prob	0.1029294211345501	12.990975979286922	14.384687752638536	13.687831865962728	0.10584840189393817	13.546946808342206	14.18362235082312	13.865284579582664	15.491351681320328
transfo-xl-wt103	orig	bid	bid	33.0	bade	27.0	pst	3(5a)	"To give expression to. ""bade a tearful farewell"""	0.6	0.4386	0.0	no_cond	0.17349090600850964	10.67587792185999	14.110498519156407	12.393188220508199	0.17349090600850964	10.67587792185999	14.110498519156407	12.393188220508199	15.056794398694649
transfo-xl-wt103	orig	break	broke	19.0	broken	7.0	ppt	4(10b)	"To become inoperative because of damage, wear, or strain. ""The pump broke."""	5.53846153846154	0.0186	0.0098	prob	0.05169756817610641	15.011053585483479	14.263454963589004	14.637254274536241	0.03357981561348064	14.998564027705987	16.199294975071453	15.59892950138872	16.210962972847007
transfo-xl-wt103	orig	break	broke	9.0	broken	14.0	ppt	4(17a)	"To separate into parts with suddenness or violence. ""broke the plate"" ""Break the chocolate bar in half."""	1.08695652173913	0.2971	0.0015	no_cond	0.19780698966046778	11.492032594016932	15.078911884962064	13.285472239489497	0.056806722518715165	17.735670457633418	15.555446435055885	16.64555844634465	18.10034076540566
transfo-xl-wt103	orig	break	broke	5.0	broken	20.0	ppt	4(18a)	"To violate. To transgress. ""break the law"" ""break a promise"" ""breaking conventions"""	9.0	0.0027	0.0502	cat	0.09990900104223727	17.971181217057364	7.772259348822647	12.871720282940005	0.020864642593590003	18.252301658436757	17.774935030134117	18.013618344285437	18.626686611978194
transfo-xl-wt103	orig	break	broke	7.0	broken	13.0	ppt	4(26a)	"To split into smaller units, parts, or processes. To divide. ""break the grammar lesson into digestible chunks."" ""break a word at the end of a line"""	1.8	0.1797	0.0083	no_cond	0.03950888736049833	14.990369597019281	10.723625002913815	12.856997299966547	0.06633848743819196	15.40695893890303	13.026816401306998	14.216887670105013	15.445979757989383
transfo-xl-wt103	orig	break	broke	9.0	broken	6.0	ppt	4(29a)	"To exceed. To surpass. ""break the record"""	0.6	0.4386	0.0169	no_cond	0.19936731486078738	17.226258211282207	10.894146380698977	14.060202295990592	0.05407276499598377	19.755770440306826	11.73589277370768	15.745831607007254	19.095783597866753
transfo-xl-wt103	orig	break	broke	9.0	broken	8.0	ppt	4(7a)	"To end a relationship, connection, or agreement; usually used with with or from. ""break with tradition"" ""broke with the leadership"""	0.0588235294117647	0.8084	0.0027	no_cond	0.10378216403654013	14.52197161424986	14.050763304862635	14.286367459556248	0.0219701293361808	15.852276372793703	15.4580901100523	15.655183241423002	17.153728507883525
transfo-xl-wt103	orig	burn	burnt	12.0	burned	18.0	ppt	6(10b)	"To subject to misfortune, mistreatment, or deception. Often used in passive. ""has been burned in love"""	1.2	0.2733	0.0001	no_cond	0.1997568638443226	9.901754865639528	0.0	4.950877432819764	0.022360778234155648	9.326920438871534	9.913710671642177	9.620315555256855	10.297112815603201
transfo-xl-wt103	orig	burn	burnt	47.0	burned	39.0	ppt	6(7a)	"To cause to undergo combustion. Especially, to destroy by fire. ""burned the trash"""	0.744186046511628	0.3883	0.0	no_cond	0.0548331383770683	12.970368483438925	11.351229976014402	12.160799229726663	0.011222275216924777	13.077432822894895	12.460017934615827	12.768725378755361	13.105416611025017
transfo-xl-wt103	orig	burn	burnt	15.0	burned	6.0	ppt	6(7b)	"To use as fuel. ""This furnace burns gas"""	3.85714285714286	0.0495	0.0207	prob	0.114290327280618	9.442901671175814	9.18557764991106	9.314239660543437	-0.011325551201107628	10.590914693839107	7.827638700396823	9.209276697117964	10.342893902540501
transfo-xl-wt103	orig	burn	burnt	5.0	burned	11.0	ppt	6(9a)	"To injure or damage by or as if by exposure to fire, heat, or radiation. To scorch. ""burned his hand"""	2.25	0.1336	0.0434	no_cond	0.11660907229824084	9.831646740264473	6.74315012867842	8.287398434471447	0.044459962067436534	8.472527268220615	10.177277478085797	9.324902373153206	10.820516782535368
transfo-xl-wt103	orig	burn	burnt	6.0	burned	12.0	pst	6(3a)	"To undergo alteration or destruction by the action of fire or heat. ""The house burned down."" ""The potatoes burned to a crisp."""	2.0	0.1573	0.0191	no_cond	0.05147301220772946	0.0	14.161214256283518	7.080607128141759	0.006531872374656314	10.203397129400253	14.801000654055242	12.502198891727748	14.386781585219078
transfo-xl-wt103	orig	burn	burnt	39.0	burned	50.0	pst	6(7a)	"To cause to undergo combustion. Especially, to destroy by fire. ""burned the trash"""	1.35955056179775	0.2436	0.0	no_cond	0.10791924213954368	12.193555169146455	14.780697129179968	13.487126149163212	0.018770166994684336	13.142302767483047	13.78773869678771	13.465020732135379	13.915867762065524
transfo-xl-wt103	orig	burn	burnt	20.0	burned	3.0	pst	6(9a)	"To injure or damage by or as if by exposure to fire, heat, or radiation. To scorch. ""burned his hand"""	12.5652173913043	0.0004	0.2333	cat	0.01682830554743605	10.21257240940269	12.460166334490344	11.336369371946518	0.046220468550277644	11.854736412815843	10.017882928856938	10.93630967083639	12.380252459421664
transfo-xl-wt103	orig	creep	creeped	3.0	crept	25.0	ppt	7(2a)	"To go very slowly. ""The hours crept by."""	17.2857142857143	0.0	0.2364	cat	0.07490727035222636	9.782971117046333	9.051002872030747	9.41698699453854	0.2514527916741111	5.799117106468702	9.291827472874017	7.545472289671359	10.584492218502122
transfo-xl-wt103	orig	creep	creeped	10.0	crept	63.0	ppt	7(2c)	"To enter or advance gradually so as to be almost unnoticed. ""Age creeps up on us."" ""A note of irritation crept into her voice."""	38.4794520547945	0.0	0.0014	prob	0.25262855523542843	7.063830840121861	9.195238886353325	8.129534863237593	0.25262855523542843	7.063830840121861	9.195238886353325	8.129534863237593	10.654333457205253
transfo-xl-wt103	orig	creep	creeped	72.0	crept	0.0	ppt	7(6a)	"To cause (someone) to have an uncomfortable feeling of nervousness or hear. To give (someone) the creeps. ""That guy really creeps me out."" ""I felt creeped out being alone in the office at night."""	72.0	0.0	1.0	cat	0.23297337805551446	11.85468696797412	4.410018390722412	8.132352679348266		8.64800915657664			8.64800915657664
transfo-xl-wt103	orig	creep	creeped	2.0	crept	32.0	pst	7(2a)	"To go very slowly. ""The hours crept by."""	26.4705882352941	0.0	0.4925	cat	0.08379661834681473	5.853416431456944	10.19977290869958	8.026594670078262	0.21801658269400065	4.892200907513984	9.20587460288576	7.049037755199873	9.849122915129698
transfo-xl-wt103	orig	creep	creeped	4.0	crept	32.0	pst	7(2b)	"To go timidly or cautiously so as to escape notice. ""She crept away from the festive scene."""	21.7777777777778	0.0	0.1145	cat	0.21877225701396505	5.789535782608289	11.173404499624965	8.481470141116628	0.31224595116968507	6.14287183572558	6.954403936606516	6.548637886166048	8.476804275368773
transfo-xl-wt103	orig	creep	creeped	6.0	crept	36.0	pst	7(2c)	"To enter or advance gradually so as to be almost unnoticed. ""Age creeps up on us."" ""A note of irritation crept into her voice."""	21.4285714285714	0.0	0.0258	prob	0.2874991000961974	12.183233394724963	5.197960936638071	8.690597165681517	0.31248039894350377	6.5032693740508165	7.163142737268198	6.833206055659508	8.992173619293238
transfo-xl-wt103	orig	creep	creeped	81.0	crept	0.0	pst	7(6a)	"To cause (someone) to have an uncomfortable feeling of nervousness or hear. To give (someone) the creeps. ""That guy really creeps me out."" ""I felt creeped out being alone in the office at night."""	81.0	0.0	1.0	cat	0.21480430837349762	11.552014698997104	5.694349036362689	8.623181867679897		8.695470509538655			8.695470509538655
transfo-xl-wt103	orig	disprove	disproven	100.0	disproved	100.0	ppt	8(1a)	"To prove to be false or wrong. To refute. ""disprove a theory"""	0.0	1.0	0.0	no_cond	0.18785549842345245	11.762755536324876	14.189106305050904	12.97593092068789	0.024449623135667217	12.712171098078858	13.662143718972112	13.187157408525486	13.557491241929766
transfo-xl-wt103	orig	dive	dived	28.0	dove	15.0	pst	9(1a)	To plunge into water intentionally	3.93023255813953	0.0474	0.0	prob	0.18722636528236672	6.548573265573549	8.078723865796526	7.313648565685037	0.18722636528236672	6.548573265573549	8.078723865796526	7.313648565685037	8.714818462064866
transfo-xl-wt103	orig	dive	dived	25.0	dove	49.0	pst	9(3a)	To plunge into some matter or activity	7.78378378378378	0.0053	0.0	prob	0.27206705179242563	16.778789414404564	8.446433993706492	12.612611704055528	0.16778492761433336	6.413071209737527	10.28630778093363	8.349689495335578	10.811557082543562
transfo-xl-wt103	orig	dive	dived	34.0	dove	33.0	pst	9(3b)	To plunge or dash for some place, expecially to seize something	0.0149253731343284	0.9028	0.0	no_cond	0.2128810536779888	7.921399480117888	10.233880754784213	9.07764011745105	0.16158079620637014	6.73791012723901	7.6403414561165475	7.189125791677778	8.66543512091406
transfo-xl-wt103	orig	dream	dreamt	59.0	dreamed	53.0	ppt	11(2a)	"To indulge in daydreams or fantasies. ""dreaming of a better future"""	0.321428571428571	0.5708	0.0	no_cond	0.13247763496550474	12.817978074997475	6.611484838019775	9.714731456508625	0.02711970491424945	10.670663437618074	10.48551138287209	10.578087410245082	10.940463493094605
transfo-xl-wt103	orig	dream	dreamt	20.0	dreamed	28.0	ppt	11(5a)	"To consider as a possibility. To imagine. ""never dreamed I would become a teacher"""	1.33333333333333	0.2482	0.0	no_cond	0.15734969462990997	7.50640605807027	13.91586050130115	10.71113327968571	0.06518570011128799	12.56414934529154	9.045413599222064	10.804781472256803	11.255293088526651
transfo-xl-wt103	orig	dream	dreamt	7.0	dreamed	15.0	ppt	11(8a)	"To come up with the idea for. Often, the phrase ""dream up""."	2.90909090909091	0.0881	0.0089	no_cond	0.07581775567464123	9.857527705482733	11.263355671253684	10.560441688368208	0.10283422362870694	13.671097273985641	9.571932941296389	11.621515107641015	12.071209923362575
transfo-xl-wt103	orig	dream	dreamt	25.0	dreamed	44.0	pst	11(2a)	"To indulge in daydreams or fantasies. ""dreaming of a better future"""	5.23188405797101	0.0222	0.0	prob	0.17723450047383715	8.223765446742572	13.321057231282142	10.772411339012358	0.023489515850080526	10.881152370767541	11.073696884084391	10.977424627425966	11.375418843793527
transfo-xl-wt103	orig	dream	dreamt	56.0	dreamed	15.0	pst	11(4a)	"To have a dream of. ""dreamt that he was running in the woods"""	23.6760563380282	0.0	0.0	prob	0.1914513109330817	11.468161728192044	8.061256108708175	9.76470891845011	0.018848641831975894	10.1330085447486	8.272238220658917	9.20262338270376	10.134597235773068
transfo-xl-wt103	orig	dream	dreamt	6.0	dreamed	20.0	pst	11(5a)	"To consider as a possibility. To imagine. ""never dreamed I would become a teacher"""	7.53846153846154	0.006	0.0226	prob	0.20472953080774758	8.491853000146207	10.164546814445277	9.328199907295742	0.03620901760587624	9.10190037465039	9.9893069505823	9.545603662616344	10.403370152106877
transfo-xl-wt103	orig	dream	dreamt	7.0	dreamed	20.0	pst	11(8a)	"To come up with the idea for. Often, the phrase ""dream up""."	6.25925925925926	0.0124	0.01	prob	0.11181240551480963	10.707295915026018	10.663635936796053	10.685465925911036	0.032696109676619296	12.60013643289905	10.867870943222195	11.734003688060623	11.797184544294893
transfo-xl-wt103	orig	drink	drank	17.0	drunk	11.0	ppt	10(2a)	"To partake of alcoholic beverages. ""has quit drinking"""	1.28571428571429	0.2568	0.0003	no_cond	0.06304151475196876	9.153750513430115	13.961215565255921	11.557483039343019	0.10308658186388989	11.725411788308266	13.721721111763758	12.723566450036012	14.336600782898037
transfo-xl-wt103	orig	drink	drank	59.0	drunk	45.0	ppt	10(4a)	"To swallow. To imbibe. ""drink a glass of water"""	1.88461538461538	0.1698	0.0	no_cond	0.12882724573733012	17.37444842102773	11.824278902261822	14.599363661644777	0.08509369295211609	13.165280241079644	15.228151805237339	14.19671602315849	15.355787361464731
transfo-xl-wt103	orig	drink	drank	17.0	drunk	34.0	ppt	10(7a)	Phrase: drink the Kool-Aid	5.66666666666667	0.0173	0.0	prob	0.15930242906927486	14.227105729118724	11.628525892579928	12.927815810849326	0.12698994541863604	10.059576968140911	13.337817657248838	11.698697312694875	14.303968400491353
transfo-xl-wt103	orig	drive	drove	0.0	driven	25.0	ppt	12(11a)	"To give shape or impulse to. ""factors that drive the business cycle"" ""the ideas that have driven history"""	25.0	0.0	1.0	cat	0.08421557257091798	8.493132990786743	9.957772617568807	9.225452804177774			10.72639249954184		10.72639249954184
transfo-xl-wt103	orig	drive	drove	27.0	driven	4.0	ppt	12(2a)	"To operate a vehicle. ""learned to drive at the age of seventeen"""	17.0645161290323	0.0	0.1128	cat	0.0698792361011691	0.0	12.426279494584994	6.213139747292497	0.08052049818381812	11.884805964997511	11.600359655937298	11.742582810467404	12.568185867031007
transfo-xl-wt103	orig	drive	drove	12.0	driven	3.0	ppt	12(7b)	"To operate the mechanism and controls and direct the course of (a vehicle). ""drive a car"""	5.4	0.0201	0.2241	cat	0.01207528496443232	9.108159823246728	13.277376996887028	11.19276841006688	0.08507248310761437	12.316692349185017	10.488117152769133	11.402404750977075	13.526575644730203
transfo-xl-wt103	orig	drive	drove	0.0	driven	24.0	ppt	12(8a)	"To exert inescapable or coescive pressure on. To force. ""driven by his passions"""	24.0	0.0	1.0	cat	0.2794120376613046	11.708942777395924	8.771957619601888	10.240450198498905			13.613999998606978		13.613999998606978
transfo-xl-wt103	orig	eat	ate	22.0	eaten	8.0	ppt	1(1a)	To take food or a meal.	6.53333333333333	0.0106	0.0046	prob	0.14873830844423583	10.719643001860785	11.044482081027146	10.882062541443965	0.05405020457062682	11.72469023772045	13.806866803588038	12.765778520654244	13.072777422378763
transfo-xl-wt103	orig	eat	ate	61.0	eaten	81.0	ppt	1(3a)	To take in through the mouth as food. To ingest, chew, and swallow in turn.	2.8169014084507	0.0933	0.0	no_cond	0.08456940641685999	15.150055297621472	14.087802070306967	14.61892868396422	0.08743866048747263	13.400846221890024	14.648998502474706	14.024922362182366	15.597985048549592
transfo-xl-wt103	orig	fall	fell	10.0	fallen	21.0	ppt	13(12a)	Phrases: fall apart, fall behind, fall between two stools, fall flat, fall for, fall from grace, fall home, fall into line, fall on, fall on one's face, fall on one's sword, fall short	3.90322580645161	0.0482	0.0008	prob	0.0465848641138443	3.4419791370106583	13.667315875535705	8.55464750627318	0.015068934214903063	13.561417398769146	13.088233123506402	13.324825261137775	13.797273794889636
transfo-xl-wt103	orig	fall	fell	40.0	fallen	11.0	ppt	13(1a)	"To descend freely by the force of gravity. ""The apple fell from the tree."""	16.4901960784314	0.0	0.0005	prob	0.0824847738747776	10.725830269927615	12.17629642861584	11.451063349271728	0.03136149610396286	12.26461276072781	13.64952545885211	12.957069109789959	12.911367226325341
transfo-xl-wt103	orig	fall	fell	4.0	fallen	30.0	ppt	13(6c)	"To decline in quality, activity, or quantity. ""Production fell off."""	19.8823529411765	0.0	0.1139	cat	0.1110891413384504	15.982715678208494	9.386403341575964	12.684559509892228	0.03173135732327897	12.292805500219815	16.226257096908412	14.259531298564113	16.499713092843894
transfo-xl-wt103	orig	fall	fell	30.0	fallen	5.0	ppt	13(9a)	"To pass suddenly and passively into a state or body of mind or a new state or condition. ""fall asleep"" / ""fall in love"""	17.8571428571429	0.0	0.0536	cat	0.14804940492883634	10.21865224465015	12.86467752473753	11.54166488469384	-0.04380748720461164	13.198356453010101	7.773019232251265	10.485687842630682	12.768357524614919
transfo-xl-wt103	orig	fly	flied	2.0	flew	16.0	pst	14(1a)	"To move in or pass through the air with wings. ""bees flying around the hive"""	10.8888888888889	0.001	0.4857	cat	0.28806163590609973	8.827328926603371	0.0	4.413664463301686	0.31427958019306146	0.16051099309638753	8.648894219908946	4.404702606502667	9.94690029078891
transfo-xl-wt103	orig	fly	flied	0.0	flew	52.0	pst	14(5a)	"To operate or travel in an airplane or spacecraft. ""They flew to Florida for their vacation."""	52.0	0.0	1.0	cat	0.08803066981790923	6.763993154906267	11.721672405435882	9.242832780171074			9.925046575163142		9.925046575163142
transfo-xl-wt103	orig	fly	flied	96.0	flew	7.0	pst	14(7a)	To hit a fly in baseball.	76.9029126213592	0.0	0.0141	prob	0.07942912647771687	2.874874807728739	7.494107316133487	5.184491061931113	0.4861817738757556	5.053203627816056	4.68688426575852	4.870043946787288	6.724991836549729
transfo-xl-wt103	orig	forget	forgot	41.0	forgotten	49.0	ppt	15(3a)	"To lose the remembrance of. To be unable to think of or recall. ""I forgot his name."""	0.711111111111111	0.3991	0.0	no_cond	0.17158966551922156	11.35481792486501	10.852670126071686	11.103744025468348	0.041418678017782054	11.325966624780687	12.362006219108913	11.8439864219448	12.56606277121816
transfo-xl-wt103	orig	forget	forgot	28.0	forgotten	39.0	ppt	15(4a)	"To treat with inattention or disregard. ""forgot their old friends"" ""He's now a forgotten hero."""	1.80597014925373	0.179	0.0	no_cond	0.14985002492655175	11.818419783758062	8.431865742859243	10.125142763308652	0.046488259493214154	10.780532446535174	13.008448193052981	11.894490319794077	12.919040107256553
transfo-xl-wt103	orig	forget	forgot	16.0	forgotten	11.0	ppt	15(5a)	"To disregard intentionally. To overlook. Usually used in the imperative. ""I shouldn't have said that, so just forget it."""	0.925925925925926	0.3359	0.0003	no_cond	0.16684781125516224	10.391575220079446	10.593243210509133	10.49240921529429	0.0888095464917927	10.943974326828782	12.421848597652748	11.682911462240764	13.15730321153454
transfo-xl-wt103	orig	hang	hanged	1.0	hung	15.0	ppt	16(12a)	"(Informal) To pass time idly or in relaxing or socializing. To hang around. To hang out. ""hanging with friends"" ""hanging at the beach"""	12.25	0.0005	1.0	cat	0.1807230405469496	8.112963246556989	11.660792009580906	9.886877628068948	0.18543849821273561	0.0	11.86551724220575	5.932758621102875	12.772451329195267
transfo-xl-wt103	orig	hang	hanged	0.0	hung	20.0	ppt	16(14a)	Phrases: hang fire, hang it up, hang loose, hang one on, hang out to dry, hang one's hat (on), hang ten, hang tough	20.0	0.0	1.0	cat	0.16627659842827977	11.515098150035604	10.569944283761307	11.042521216898455			12.267706088714473		12.267706088714473
transfo-xl-wt103	orig	hang	hanged	1.0	hung	30.0	ppt	16(15a)	"To fasten to some elevated point without support from below. To suspend. ""hang a picture on the wall"""	27.1290322580645	0.0	1.0	cat	0.13989399476123518	9.336433008424356	12.254304678055927	10.79536884324014	0.06420069915742152	0.0	13.284832262854874	6.642416131427437	13.41151004925793
transfo-xl-wt103	orig	hang	hanged	98.0	hung	26.0	ppt	16(15b)	"To suspend by the neck until dead; often hanged in the past; often used as a mild oath. ""I'll be hanged"""	41.8064516129032	0.0	0.0	prob	0.10790444963468886	15.714824141232214	10.764624558977163	13.239724350104687	0.1904963919768038	11.64466549069935	12.45352967425292	12.049097582476135	13.628523955999883
transfo-xl-wt103	orig	hang	hanged	4.0	hung	27.0	pst	16(12a)	"(Informal) To pass time idly or in relaxing or socializing. To hang around. To hang out. ""hanging with friends"" ""hanging at the beach"""	17.0645161290323	0.0	0.1128	cat	0.17210950528450317	8.297492415781498	13.969615382964223	11.13355389937286	0.24179771465597155	9.71277914903502	11.19287123095269	10.452825189993856	13.21222894282022
transfo-xl-wt103	orig	hang	hanged	0.0	hung	22.0	pst	16(14a)	Phrases: hang fire, hang it up, hang loose, hang one on, hang out to dry, hang one's hat (on), hang ten, hang tough	22.0	0.0	1.0	cat	0.1592417055699209	11.428343728186299	7.7252875324561785	9.576815630321239			11.289648980099273		11.289648980099273
transfo-xl-wt103	orig	hang	hanged	1.0	hung	20.0	pst	16(15a)	"To fasten to some elevated point without support from below. To suspend. ""hang a picture on the wall"""	17.1904761904762	0.0	1.0	cat	0.018396959295765975	11.583580544935128	11.997903276654714	11.790741910794921	0.21646467148411824	0.0	11.923711935765416	5.961855967882708	12.66780221212963
transfo-xl-wt103	orig	hang	hanged	94.0	hung	3.0	pst	16(15b)	"To suspend by the neck until dead; often hanged in the past; often used as a mild oath. ""I'll be hanged"""	85.3711340206186	0.0	0.2461	cat	0.08898521326977737	14.938134517845661	13.53060213707735	14.234368327461507	0.19050727269550546	14.19078654831571	9.27056398468311	11.73067526649941	14.631444571193356
transfo-xl-wt103	orig	heave	hove	10.0	heaved	7.0	pst	17(2c)	"To move in an indicated way. (Past tense usually 'hove') ""The ship hove into view."""	0.529411764705882	0.4669	0.0072	no_cond	0.4178143660693546	7.082104760520855	9.41480059680428	8.248452678662568	0.3985552373486121	9.02767370711594	7.933461576584007	8.480567641849973	16.545976381818427
transfo-xl-wt103	orig	heave	hove	36.0	heaved	0.0	pst	17(2d)	Phrase: heave into view, heave into sight.	36.0	0.0	1.0	cat	0.5287517708894581	12.339224806753643	3.3583503220056867	7.8487875643796645		8.631761547826802			8.631761547826802
transfo-xl-wt103	orig	heave	hove	5.0	heaved	12.0	pst	17(8a)	"To throw. To cast. ""heaved her books on the floor"""	2.88235294117647	0.0896	0.0445	no_cond	0.42168928975007697	3.813748564567252	8.884197510447315	6.3489730375072835	0.42168928975007697	3.813748564567252	8.884197510447315	6.3489730375072835	14.653304042811467
transfo-xl-wt103	orig	heave	hove	0.0	heaved	22.0	pst	17(9a)	"To utter with obvious effort or with a deep breath. ""heaved a sigh of relief"""	22.0	0.0	1.0	cat	0.1243576531765854	6.652794225309328	8.312982771508162	7.4828884984087445			9.022111572463045		9.022111572463045
transfo-xl-wt103	orig	kneel	kneeled	40.0	knelt	50.0	pst	18(1a)	"To position the body so that one or both knees rest on the floor. ""The prisoners were ordered to kneel."""	1.11111111111111	0.2918	0.0	no_cond	0.24645459425002525	13.09357434077763	6.55637199402201	9.82497316739982	0.12903731541291089	9.047460581716361	7.646418388564228	8.346939485140295	9.398594858231844
transfo-xl-wt103	orig	kneel	kneeled	60.0	knelt	50.0	pst	18(2a)	"To fall or rest on the knees. ""She kneeled on the floor next to the child."""	0.909090909090909	0.3404	0.0	no_cond	0.1689469562479913	6.708344401420006	4.47277545201765	5.590559926718829	0.17139512116783856	6.120392877252171	5.3005777878072085	5.710485332529689	6.8948786821263015
transfo-xl-wt103	orig	knit	knitted	67.0	knit	43.0	ppt	19(3a)	To form by interlacing yarn or thread in a series of connected loops with needles	5.23636363636364	0.0221	0.0	prob	0.12020147945883466	11.238977082109706	13.119170751149143	12.179073916629424	0.060289180361675784	12.099059612546473	13.506310601871393	12.802685107208934	13.456164381236212
transfo-xl-wt103	orig	knit	knitted	23.0	knit	45.0	ppt	19(4a)	"To link firmly or closely. ""knitted my hands"""	7.11764705882353	0.0076	0.0	prob	0.11235525379399969	12.297104384021052	13.687694152990897	12.992399268505974	0.061672717310469256	10.793699144295486	14.041990118802492	12.417844631548988	14.071490025609846
transfo-xl-wt103	orig	knit	knitted	12.0	knit	6.0	pst	19(1a)	To make knitted fabrics or objects.	2.0	0.1573	0.0191	no_cond	0.049743754389811434	10.034486648966162	10.438925997367873	10.236706323167017	0.0643990314518598	10.836074582363715	8.497749047961774	9.666911815162745	11.422714821321634
transfo-xl-wt103	orig	knit	knitted	57.0	knit	29.0	pst	19(3a)	To form by interlacing yarn or thread in a series of connected loops with needles	9.11627906976744	0.0025	0.0	prob	0.11038499369636086	14.536042155569882	10.71639361143386	12.626217883501871	0.058684165816935065	12.547496505364975	13.393260612162504	12.97037855876374	13.621943744242946
transfo-xl-wt103	orig	knit	knitted	5.0	knit	16.0	pst	19(4a)	"To link firmly or closely. ""knitted my hands"""	5.76190476190476	0.0164	0.0478	prob	0.09415524802786142	12.226661572215823	6.795385614074823	9.511023593145323	0.034573456713863526	7.1502683386922286	12.904563197075598	10.027415767883912	12.771184698500033
transfo-xl-wt103	orig	knit	knitted	10.0	knit	24.0	pst	19(4c)	"To contract into wrinkles. ""knitted her brow"""	5.76470588235294	0.0164	0.0009	prob	0.21952402203620555	7.999151357042885	11.72538529204964	9.862268324546264	0.06092310666240947	8.055660637876795	12.804557191125996	10.430108914501396	12.626879624309431
transfo-xl-wt103	orig	know	knowed	42.0	knew	63.0	pst	20(4a)	"To perceive directly. To have direct cognition of. To have understanding of. ""importance of knowing oneself"""	4.2	0.0404	0.0	prob	0.25425265740696995	7.975762731427189	13.792261179189131	10.88401195530816	0.25425265740696995	7.975762731427189	13.792261179189131	10.88401195530816	15.864505064764984
transfo-xl-wt103	orig	know	knowed	26.0	knew	9.0	pst	20(4c)	To recognize as being the same as something previously known. To be acquainted or familiar with. To have experience of.	8.25714285714286	0.0041	0.0022	prob	0.28902871946005393	9.507975153280759	13.066723739805742	11.28734944654325	0.28902871946005393	9.507975153280759	13.066723739805742	11.28734944654325	14.26631677606738
transfo-xl-wt103	orig	know	knowed	26.0	knew	25.0	pst	20(5a)	To be aware of the truth or factuality of. To be convinced or certain of.	0.0196078431372549	0.8886	0.0	no_cond	0.338628347855703	6.0222088036378745	10.52064167802014	8.271425240829007	0.338628347855703	6.0222088036378745	10.52064167802014	8.271425240829007	13.358862008433409
transfo-xl-wt103	orig	lay	lain	0.0	laid	18.0	ppt	21(19b)	"To submit for examination and judgment. ""laid her case before the commission"" (I used it more like ""to show for examination"")"	18.0	0.0	1.0	cat	0.18711405968423234	0.0	13.708036372750396	6.854018186375198			14.580319416174238		14.580319416174238
transfo-xl-wt103	orig	lay	lain	7.0	laid	13.0	ppt	21(20a)	(Often vulgar) To copulate with.	1.8	0.1797	0.0083	no_cond	0.12135471244268356	5.552394321686258	17.505848379495543	11.5291213505909	0.2603617846708702	10.942085580436602	11.798775064775839	11.370430322606222	16.759256588172
transfo-xl-wt103	orig	lay	lain	70.0	laid	3.0	ppt	21(2a)	"(Nonstandard) To be or to stay at rest in a horizontal position. To be prostrate. To rest. To recline. ""lie motionless"" ""lie asleep"""	61.4931506849315	0.0	0.2448	cat	0.14327519263542673	12.20534841986346	16.208300009593447	14.206824214728453	0.17666829856820554	14.973286726500916	13.272995669162333	14.123141197831625	15.569641485276643
transfo-xl-wt103	orig	lay	lain	12.0	laid	34.0	ppt	21(6a)	Phrases: lay an egg, lay eyes on, lay into, lay on the table	10.5217391304348	0.0012	0.0002	prob	0.10050587177450003	14.078995561416017	21.259311375440948	17.669153468428483	0.1685833161662606	14.679652452516285	18.903306249629622	16.791479351072955	21.573777426643133
transfo-xl-wt103	orig	lay	laid	17.0	lay	0.0	pst	21(13a)	"To dispose or spread over or on a surface. ""lay track"" ""lay plaster"""	17.0	0.0	1.0	cat	0.16633053002881137	10.576471666457378	13.514863999799752	12.045667833128565		15.137473941887526			15.137473941887526
transfo-xl-wt103	orig	lay	laid	34.0	lay	1.0	pst	21(16a)	"To prepare. To contrive. ""a well-laid plan"""	31.1142857142857	0.0	1.0	cat	0.11749306621348007	15.09330700712248	17.782660150074836	16.437983578598658	0.1868338513997948	17.462954635075963	0.0	8.731477317537982	18.017761688141526
transfo-xl-wt103	orig	lay	laid	15.0	lay	0.0	pst	21(21a)	Phrases: lay off, lay eyes on, lay the basis	15.0	0.0001	1.0	cat	0.02889277024230821	10.269993798516879	16.752879639083417	13.511436718800148		16.75394652452354			16.75394652452354
transfo-xl-wt103	orig	lay	laid	10.0	lay	61.0	pst	21(2a)	"(Nonstandard) To be or to stay at rest in a horizontal position. To be prostrate. To rest. To recline. ""lie motionless"" ""lie asleep"""	36.6338028169014	0.0	0.0014	prob	0.13064778783635977	12.730934617239996	19.71810334430751	16.22451898077375	0.13034166956734225	11.115595056013095	16.07887774083616	13.597236398424627	17.057397336936695
transfo-xl-wt103	orig	lay	laid	0.0	lay	26.0	pst	21(6b)	To have place. To exist.	26.0	0.0	1.0	cat	0.06399434627714429	0.0	19.449721486369196	9.724860743184598			19.69092635221365		19.69092635221365
transfo-xl-wt103	orig	lead	lead	28.0	led	22.0	ppt	22(5b)	"To direct on a course or in a direction. ""a road leading the traveler to the heart of the city"""	0.72	0.3961	0.0	no_cond	0.06801353561010019	19.601252097404117	19.512626514340887	19.556939305872504	0.049188907593097506	20.05992279725699	19.28666355922713	19.673293178242062	21.20874895342148
transfo-xl-wt103	orig	lead	lead	8.0	led	43.0	ppt	22(7a)	"To direct the operations, activity, or performance of. ""lead an orchestra"" To have charge of. ""lead a campaign"""	24.0196078431373	0.0	0.0058	prob	0.14845822824864788	11.49716208838714	23.64859012015911	17.572876104273124	0.18018788821106968	22.956013659685848	17.749826821673693	20.352920240679772	20.712444653806713
transfo-xl-wt103	orig	lead	lead	54.0	led	29.0	ppt	22(8a)	"To bring to some conclusion or condition. ""led to believe otherwise"""	7.53012048192771	0.0061	0.0	prob	0.17088590291874697	21.525397905965917	13.163633162806942	17.34451553438643	0.049978509872863494	19.0515836634555	15.598875426737054	17.325229545096278	19.167775365783918
transfo-xl-wt103	orig	lead	lead	15.0	led	5.0	pst	22(5a)	"To guide on a way especially by going in advance. ""led the officers to his hiding place"""	5.0	0.0253	0.0471	prob	0.04666785779515141	17.565062336128108	17.93943308811361	17.75224771212086	0.002441047565377169	19.12272443071974	15.859327772482914	17.491026101601328	19.406304031321536
transfo-xl-wt103	orig	lead	lead	15.0	led	23.0	pst	22(5b)	"To direct on a course or in a direction. ""a road leading the traveler to the heart of the city"""	1.68421052631579	0.1944	0.0	no_cond	0.08224223461205263	11.521857279942251	17.42369518789089	14.47277623391657	0.043710047870355345	18.64299880341043	15.5056739764323	17.074336389921363	17.921210918950166
transfo-xl-wt103	orig	lead	lead	17.0	led	11.0	pst	22(7a)	"To direct the operations, activity, or performance of. ""lead an orchestra"" To have charge of. ""lead a campaign"""	1.28571428571429	0.2568	0.0003	no_cond	0.04789800120674657	20.04419017840545	18.917496752243235	19.48084346532434	0.016608142645969992	19.991192690718332	20.782780693638923	20.386986692178628	21.426969656730385
transfo-xl-wt103	orig	lead	lead	17.0	led	17.0	pst	22(7c)	"To go at the head of. ""lead a parade"" To be first in or among. ""lead the league"" To have a margain over. ""led his opponent"""	0.0	1.0	0.0	no_cond	0.06799179811534305	20.109159047016384	24.667628863414407	22.388393955215395	0.050345140738327625	22.029641599492578	23.339881991940896	22.68476179571674	24.61551138633152
transfo-xl-wt103	orig	lead	lead	34.0	led	37.0	pst	22(8a)	"To bring to some conclusion or condition. ""led to believe otherwise"""	0.126760563380282	0.7218	0.0	no_cond	0.07939012793491941	14.414987012286309	10.801766242398037	12.608376627342173	0.037457535947683904	13.520546197811454	12.857237804330008	13.18889200107073	13.88782073470551
transfo-xl-wt103	orig	leap	leapt	55.0	leaped	56.0	ppt	23(1a)	"To spring free from or as if from the ground. To jump. ""leap over a fence"" ""A fish leaps out of the water."""	0.009009009009009	0.9244	0.0	no_cond	0.1934153616830988	10.951392000436819	5.455219222191852	8.203305611314335	0.012290254900626936	8.146336918170375	7.988568065300905	8.06745249173564	8.234461786013789
transfo-xl-wt103	orig	leap	leapt	22.0	leaped	23.0	ppt	23(2a)	"To pass abruptly from one state or topic to another. ""the difficult leap from college to the workplace"""	0.0222222222222222	0.8815	0.0	no_cond	0.07845861937040179	8.4314770034872	10.905055408262728	9.668266205874964	0.004949039366870396	11.101702085653875	10.540894976621917	10.821298531137895	11.11439973782413
transfo-xl-wt103	orig	leap	leapt	21.0	leaped	17.0	ppt	23(2b)	"To act precipitately. ""leaped at the chance"". I used it like 'to move quickly'"	0.421052631578947	0.5164	0.0	no_cond	0.17868659052855906	10.896167407576035	6.305078233540759	8.600622820558398	0.008006220972235287	9.7588898990155	7.665823889271489	8.712356894143495	9.17934792950743
transfo-xl-wt103	orig	leap	leapt	84.0	leaped	78.0	pst	23(1a)	"To spring free from or as if from the ground. To jump. ""leap over a fence"" ""A fish leaps out of the water."""	0.222222222222222	0.6374	0.0	no_cond	0.2024758127270958	5.617584954564435	10.879101834720826	8.248343394642632	0.016239345657423906	7.382225982807491	8.477036288314793	7.9296311355611415	8.05771476065329
transfo-xl-wt103	orig	leap	leapt	10.0	leaped	9.0	pst	23(2a)	"To pass abruptly from one state or topic to another. ""the difficult leap from college to the workplace"""	0.0526315789473684	0.8185	0.0011	no_cond	0.1596877441941494	11.147697775404154	6.481381637146801	8.814539706275477	0.014415951401897928	8.246725915383527	9.429386621258553	8.83805626832104	9.414197985922664
transfo-xl-wt103	orig	leap	leapt	6.0	leaped	10.0	pst	23(2b)	"To act precipitately. ""leaped at the chance"""	1.0	0.3173	0.0177	no_cond	0.07660622752594395	8.789470273826874	8.55637114622166	8.672920710024266	0.04724687673261953	9.41407247099965	8.291686904951261	8.852879687975456	9.669066472605184
transfo-xl-wt103	orig	learn	learnt	36.0	learned	28.0	ppt	24(2a)	"To gain knowledge or understanding of or skill in by study, instruction, or experience. ""learn a trade"" ""learned to play chess"""	1.0	0.3173	0.0	no_cond	0.1640134652545889	12.292297443081157	11.693060771206651	11.992679107143903	0.005343589307209318	13.411754255811793	15.345374769849697	14.378564512830746	14.507626521269806
transfo-xl-wt103	orig	learn	learnt	15.0	learned	12.0	ppt	24(2c)	"To come to be able to. ""learn to dance"""	0.333333333333333	0.5637	0.0001	no_cond	0.053494612221193075	9.52182618800561	11.07620122169954	10.299013704852575	0.013875266162222191	9.88987617810172	12.164588636418747	11.027232407260232	11.590098885993022
transfo-xl-wt103	orig	learn	learnt	37.0	learned	55.0	ppt	24(2d)	"To come to realize. ""learned that honesty paid"""	3.52173913043478	0.0606	0.0	no_cond	0.20381819167471865	10.233070049348221	12.291941608746106	11.262505829047164	0.013626986362535398	14.595739130149123	13.42317956604201	14.009459348095568	14.128172680307745
transfo-xl-wt103	orig	learn	learnt	51.0	learned	39.0	pst	24(2a)	"To gain knowledge or understanding of or skill in by study, instruction, or experience. ""learn a trade"" ""learned to play chess"""	1.6	0.2059	0.0	no_cond	0.1672580209285336	14.956297817622328	8.464876131166868	11.710586974394598	0.005005405872748753	13.548256103215195	13.168397075802451	13.358326589508824	13.630272445087536
transfo-xl-wt103	orig	learn	learnt	6.0	learned	16.0	pst	24(2c)	"To come to be able to. ""learn to dance"""	4.54545454545455	0.033	0.0211	prob	0.05556954866187391	10.417661184143395	9.06149992406993	9.739580554106663	-0.02591999249435886	8.766929030652564	11.341213674241484	10.054071352447025	11.050450964727371
transfo-xl-wt103	orig	learn	learnt	37.0	learned	29.0	pst	24(2d)	"To come to realize. ""learned that honesty paid"""	0.96969696969697	0.3248	0.0	no_cond	0.2204111693675977	11.10454735987044	10.682216323245003	10.893381841557721	-0.002181107615535957	13.815189809409116	12.577819828673942	13.196504819041529	13.462595129750422
transfo-xl-wt103	orig	learn	learnt	6.0	learned	14.0	pst	24(4a)	"To come to know. To hear. ""We just learned that he was ill."""	3.2	0.0736	0.0202	no_cond	0.263352322130456	4.8702255029852095	11.61028432425334	8.240254913619275	-0.022465087904553687	8.683095917668732	14.354758026220479	11.518926971944605	13.411001491880416
transfo-xl-wt103	orig	light	lighted	45.0	lit	36.0	ppt	25(8a)	To set fire to.	1.0	0.3173	0.0	no_cond	0.20565295062755912	13.578773057765105	11.072854169661838	12.325813613713471	0.07630507860653114	12.80237968717408	14.237430845103631	13.519905266138856	14.65313297521022
transfo-xl-wt103	orig	light	lighted	48.0	lit	52.0	ppt	25(9b)	"To illuminate. ""Rockets lit up the sky."""	0.16	0.6892	0.0	no_cond	0.143726580487844	10.183083231865728	16.56829533048923	13.375689281177479	0.07889596778673325	11.469208660249286	13.269879000677763	12.369543830463524	13.530207590811031
transfo-xl-wt103	orig	light	lighted	14.0	lit	34.0	pst	25(1a)	"To become bright / brighten. ""Her face lit up."""	8.33333333333333	0.0039	0.0	prob	0.10510042791862295	12.974889493116038	11.49730492573498	12.236097209425509	0.12026649097318108	11.087570010009172	12.897597507176435	11.992583758592804	14.160096968671397
transfo-xl-wt103	orig	light	lighted	48.0	lit	47.0	pst	25(8a)	To set fire to.	0.0105263157894737	0.9183	0.0	no_cond	0.10215947889056456	14.237852631869396	10.34827774834509	12.293065190107242	0.10634283021907659	12.08183858936313	13.749498934795342	12.915668762079235	14.542873210054978
transfo-xl-wt103	orig	light	lighted	17.0	lit	14.0	pst	25(9b)	"To illuminate. ""Rockets lit up the sky."""	0.290322580645161	0.59	0.0	no_cond	0.06322180035207275	12.748964834530707	14.960967068822528	13.854965951676618	0.0815507805406524	12.525131334590432	14.15181631381489	13.338473824202662	14.877300318975593
transfo-xl-wt103	orig	plead	pled	83.0	pleaded	70.0	ppt	26(3a)	"To make a plea of a specific nature. ""Plead not guilty"""	1.10457516339869	0.2933	0.0	no_cond	0.3516710248475826	12.483617955298508	8.90930919014356	10.696463572721033	0.3516710248475826	12.483617955298508	8.90930919014356	10.696463572721033	17.96862228461869
transfo-xl-wt103	orig	plead	pled	4.0	pleaded	21.0	ppt	26(4b)	To entreat or appeal earnestly.	11.56	0.0007	0.1099	cat	0.31918559531864915	10.36662578855146	10.482565383648334	10.424595586099898	0.31918559531864915	10.482565383648334	10.36662578855146	10.424595586099898	14.072138412673091
transfo-xl-wt103	orig	plead	pled	91.0	pleaded	73.0	pst	26(3a)	"To make a plea of a specific nature. ""Plead not guilty"""	1.97560975609756	0.1599	0.0	no_cond	0.3202326434599399	14.852910805852522	9.904840753278652	12.378875779565586	0.3202326434599399	14.852910805852522	9.904840753278652	12.378875779565586	19.66916022100477
transfo-xl-wt103	orig	plead	pled	5.0	pleaded	24.0	pst	26(4b)	To entreat or appeal earnestly.	12.448275862069	0.0004	0.0518	cat	0.3031993432490573	13.828259150295949	12.457093079597895	13.142676114946923	0.3031993432490573	13.828259150295949	12.457093079597895	13.142676114946923	16.82659668122008
transfo-xl-wt103	orig	prove	proved	36.0	proven	19.0	ppt	27(1a)	"To turn out, especially after trial or test. ""The new drug proved effective."""	5.25454545454545	0.0219	0.0	prob	0.12375261138002845	14.097598903797014	13.184927632519024	13.641263268158019	0.007440344640872699	14.67368981736565	14.342294516939026	14.507992167152338	14.92678363519848
transfo-xl-wt103	orig	prove	proved	40.0	proven	60.0	ppt	27(2a)	"To establish the existence, truth, or validity of (as by evidence or logic). ""prove a theorem"" ""The charges were never proved in court."""	4.0	0.0455	0.0	prob	0.07550064793971954	16.243232300516137	16.364657377928737	16.30394483922244	0.006051742013448769	18.154824826914915	17.21955078135907	17.687187804136993	17.819756478636688
transfo-xl-wt103	orig	prove	proved	19.0	proven	20.0	ppt	27(2b)	"To demonstrate as having a particular quality or worth. ""proved herself a great actress"" ""The vaccine has been proven effective after years of tests."""	0.0256410256410256	0.8728	0.0	no_cond	0.09785981284070798	14.738065896381135	12.886721468670522	13.81239368252583	0.025313500033197277	14.89775513584772	15.610462979041586	15.254109057444653	16.080838475487173
transfo-xl-wt103	orig	ring	ringed	0.0	rung	42.0	ppt	28(10a)	To cause to sound, especially by striking.	42.0	0.0	1.0	cat	0.24821348588970266	8.685469330052845	13.15403921302373	10.919754271538288			11.801465641495419		11.801465641495419
transfo-xl-wt103	orig	ring	ringed	91.0	rung	0.0	ppt	28(16a)	To place or form a ring around; to encircle.	91.0	0.0	1.0	cat	0.14819693825369207	12.210495984143696	6.095070842929716	9.152783413536707		9.242981471728207			9.242981471728207
transfo-xl-wt103	orig	ring	ringed	0.0	rung	18.0	ppt	28(1a)	To sound resonantly or sonorously.	18.0	0.0	1.0	cat	0.11741497311759828	8.789053166758364	7.940790019121209	8.364921592939787			9.947829234568342		9.947829234568342
transfo-xl-wt103	orig	see	saw	54.0	seen	34.0	ppt	29(6a)	To perceive by the eye.	4.54545454545455	0.033	0.0	prob	0.04765497203531854	20.274847860475795	12.795371256977056	16.535109558726425	0.03162905846234415	16.927147549515432	19.39103570809105	18.15909162880324	18.477507608406487
transfo-xl-wt103	orig	see	saw	18.0	seen	19.0	ppt	29(7a)	"To be aware of. To recognize. ""sees only our faults"""	0.027027027027027	0.8694	0.0	no_cond	0.1318769896241853	21.594999313117963	14.556708173436554	18.075853743277257	0.020115562366968487	20.735013209089008	16.07357579984006	18.404294504464534	19.106892677002495
transfo-xl-wt103	orig	see	saw	2.0	seen	17.0	ppt	29(7d)	To perceive the meaning or importance of. To understand.	11.8421052631579	0.0006	0.4865	cat	0.11631171524588482	11.27929950708577	15.480232947076399	13.379766227081085	0.1566556126220451	9.162523842912439	14.928184990078295	12.045354416495368	16.284558696200797
transfo-xl-wt103	orig	see	saw	7.0	seen	8.0	ppt	29(8a)	To come to know. To discover.	0.0666666666666667	0.7963	0.0063	no_cond	0.18082897244550633	15.27489605428146	13.412233213004066	14.343564633642764	0.0924397506171822	13.992977654807516	17.834692488770635	15.913835071789077	19.238209528290653
transfo-xl-wt103	orig	see	saw	16.0	seen	21.0	ppt	29(8c)	"To have experience of. To undergo. ""see army service"""	0.675675675675676	0.4111	0.0	no_cond	0.09078102405516461	13.068577221557627	17.722998723641673	15.39578797259965	-0.00330402945402426	16.956753374355653	18.922503966505364	17.93962867043051	18.613855539515164
transfo-xl-wt103	orig	see	seen	65.0	saw	39.0	pst	29(6a)	To perceive by the eye.	6.5	0.0108	0.0	prob	0.05256213032830329	11.732352514282972	18.246681540441873	14.989517027362423	0.07708813070049024	14.717403459813582	18.714184681890977	16.71579407085228	17.38086653079233
transfo-xl-wt103	orig	see	seen	11.0	saw	4.0	pst	29(7a)	"To be aware of. To recognize. ""sees only our faults"""	3.26666666666667	0.0707	0.0996	no_cond	0.08739175823708449	12.852021009991233	13.955500258325843	13.403760634158537	0.070097490476092	13.730422758426943	15.004444236647444	14.367433497537194	15.779964719055219
transfo-xl-wt103	orig	see	seen	15.0	saw	18.0	pst	29(8a)	To come to know. To discover.	0.272727272727273	0.6015	0.0	no_cond	0.15908674354771318	15.129423586185286	8.96419650269649	12.046810044440889	0.11138220047172122	12.32917556770143	15.551765122377954	13.940470345039692	16.446400964113497
transfo-xl-wt103	orig	see	seen	7.0	saw	24.0	pst	29(8c)	"To have experience of. To undergo. ""see army service"""	9.32258064516129	0.0023	0.0107	prob	0.11088433252264969	18.471519478285163	17.352169808597857	17.911844643441512	0.059073573394988976	10.2198694296185	20.81073069259983	15.515300061109166	20.62327207541013
transfo-xl-wt103	orig	sew	sewed	35.0	sewn	53.0	ppt	30(4a)	To unite or fasten by stitches.	3.68181818181818	0.055	0.0	no_cond	0.10164663253125404	10.776581601036415	13.049276603828321	11.912929102432368	0.046551531352805535	11.87052226344056	11.858875477184704	11.864698870312631	12.522683381296012
transfo-xl-wt103	orig	sew	sewed	20.0	sewn	13.0	ppt	30(4b)	To create via sewing.	1.48484848484848	0.223	0.0001	no_cond	0.09426199837334084	10.956906617776703	7.169107128868739	9.06300687332272	0.056961783414330586	10.190250453578297	11.262266125754117	10.726258289666207	11.468483680844969
transfo-xl-wt103	orig	sew	sewed	40.0	sewn	13.0	ppt	30(5a)	"To close or enclose by sewing. ""sew the money in the bag"""	13.7547169811321	0.0002	0.0001	prob	0.12490244851794965	10.41340975175466	9.994294645569042	10.203852198661851	0.07986937673074625	11.476741265912523	9.241561285432509	10.359151275672517	12.013115195801605
transfo-xl-wt103	orig	sew	sewed	1.0	sewn	17.0	ppt	30(6a)	To scatter (seed) upon the earth for growth. To plant.	14.2222222222222	0.0002	1.0	cat	0.19527099560944572	9.041400885529505	8.58778770444856	8.814594294989032	0.1192712240016065	0.0	10.09378975653705	5.046894878268525	10.454093039991285
transfo-xl-wt103	orig	shake	shook	10.0	shaken	14.0	ppt	32(10a)	To cause to quake, quiver, or tremble.	0.666666666666667	0.4142	0.0006	no_cond	0.14394324326120586	13.98646452032433	12.998545356607902	13.492504938466116	0.13251357248817425	15.319977569343305	12.038315665635706	13.679146617489504	16.002117141284522
transfo-xl-wt103	orig	shake	shook	1.0	shaken	26.0	ppt	32(12a)	"To lessen the stability of. To weaken. ""shake one's faith"""	23.1481481481481	0.0	1.0	cat	0.21163661261825542	9.367206719616041	12.439493471761837	10.903350095688939	0.19909505915629122	0.0	13.920948632120922	6.960474316060461	14.482500477007129
transfo-xl-wt103	orig	shake	shook	59.0	shaken	42.0	ppt	32(16a)	"To stir the feelings of. To upset. To agitate. ""shook her up"""	2.86138613861386	0.0907	0.0	no_cond	0.19067183322959885	12.79445110400126	10.666124620857119	11.73028786242919	0.1882567474362193	12.700285032862787	10.867285799547947	11.783785416205367	14.997173898992065
transfo-xl-wt103	orig	shine	shone	25.0	shined	3.0	ppt	31(1a)	To emit rays of light	17.2857142857143	0.0	0.2364	cat	0.1594085397426672	10.671725905134702	12.022682928869443	11.347204417002072	0.0004936197856247824	12.677243457127501	7.301211897758583	9.989227677443042	12.670243339549737
transfo-xl-wt103	orig	shine	shone	8.0	shined	15.0	ppt	31(3b)	"To perform extremely well; ""The stocks really shined last week"""	2.1304347826087	0.1444	0.0038	no_cond	0.12028669470090744	11.281766579553356	11.452717066888619	11.367241823220986	0.08784497401724167	12.636467993432676	10.75572118409141	11.696094588762044	12.874785011469838
transfo-xl-wt103	orig	shine	shone	19.0	shined	8.0	ppt	31(6b)	To throw or direct the light of	4.48148148148148	0.0343	0.0043	prob	0.13655307892154728	10.987472629487808	8.358771066685616	9.673121848086712	0.020172537409521702	10.777962660499096	7.400140544445788	9.089051602472441	10.604127434767783
transfo-xl-wt103	orig	shine	shone	0.0	shined	38.0	ppt	31(7a)	To make bright by polishing	38.0	0.0	1.0	cat	0.20906532380273588	9.457415647969233	0.0	4.7287078239846165			9.742948540507461		9.742948540507461
transfo-xl-wt103	orig	shine	shone	20.0	shined	16.0	ppt	31(8b)	To highlight; to bring attention to	0.444444444444444	0.505	0.0	no_cond	0.11784192610999779	12.275659741915618	12.876983039770474	12.576321390843045	0.04347702612824655	13.72924123538316	12.895496216796554	13.312368726089858	14.382428353279822
transfo-xl-wt103	orig	shine	shined	18.0	shone	34.0	pst	31(1a)	To emit rays of light	4.92307692307692	0.0265	0.0	prob	0.08335566817150368	10.97510393007336	6.926110164573182	8.95060704732327	0.05298244366717578	8.364553063197592	9.824001942218354	9.094277502707973	10.022793032862127
transfo-xl-wt103	orig	shine	shined	3.0	shone	18.0	pst	31(2a)	To be bright by reflection of light	10.7142857142857	0.0011	0.2317	cat	0.17392722982069703	11.967298534580777	9.119333251235496	10.543315892908137	-0.000413961503004686	8.29322864559134	12.472644796680594	10.382936721135966	12.51908426435189
transfo-xl-wt103	orig	shine	shined	12.0	shone	9.0	pst	31(3a)	"To be eminent, conspicuous, or distinguished; ""She shines in math"""	0.428571428571429	0.5127	0.0013	no_cond	0.14294098058422933	10.482323824508525	5.238032231995428	7.860178028251976	0.11692079307838255	10.220610347054954	6.884408437726888	8.55250939239092	10.660136479542563
transfo-xl-wt103	orig	shine	shined	33.0	shone	7.0	pst	31(3b)	"To perform extremely well; ""The stocks really shined last week"""	16.9	0.0	0.0117	prob	0.18082293488237644	12.430979286290953	10.750191172501529	11.59058522939624	0.05876236683947964	12.435831831523776	9.758068102770563	11.09694996714717	12.812180280958165
transfo-xl-wt103	orig	shine	shined	11.0	shone	5.0	pst	31(8b)	To highlight; to bring attention to	2.25	0.1336	0.0434	no_cond	0.05443101805788865	6.4912884720131725	13.057145161392127	9.77421681670265	0.06471302216283858	12.302967667826548	9.853097666722611	11.07803266727458	13.14377340433503
transfo-xl-wt103	orig	show	shown	54.0	showed	46.0	ppt	33(15a)	"To demonstrate or establish by argument or reasoning. ""show a plan to be faulty."""	0.64	0.4237	0.0	no_cond	0.12805630407125343	18.024997479805194	15.984130109806442	17.00456379480582	0.01814859027903272	18.374958751508455	16.42147630816995	17.3982175298392	18.00963154453129
transfo-xl-wt103	orig	show	shown	25.0	showed	24.0	ppt	33(7a)	"To cause or permit to be seen. To exhibit. ""showed pictures of the baby"""	0.0204081632653061	0.8864	0.0	no_cond	0.14136936974017636	16.177012440691446	16.68521877451855	16.431115607604998	0.09938306134760677	16.6839560254553	17.9361374360178	17.31004673073655	19.727290781914398
transfo-xl-wt103	orig	sink	sunk	14.0	sank	1.0	pst	45(15a)	To invest.	11.2666666666667	0.0008	1.0	cat	0.21758647849091162	8.056065534976115	6.905190792971533	7.480628163973824	0.2297429267825902	8.751535510488647	0.0	4.375767755244324	9.650275729356185
transfo-xl-wt103	orig	sink	sunk	11.0	sank	26.0	pst	45(1a)	To go to the bottom. To submerge.	6.08108108108108	0.0137	0.0004	prob	0.07401270254358068	11.435242762656719	10.246462751520891	10.840852757088804	0.014544982019463937	7.333914269806223	12.31605138793994	9.82498282887308	11.594892002725553
transfo-xl-wt103	orig	sink	sunk	12.0	sank	8.0	pst	45(3b)	"To become impressively known or felt. ""The lesson sunk in."""	0.8	0.3711	0.0033	no_cond	0.19890859676423486	9.074536849600555	7.5506839218528174	8.312610385726686	0.07710631721342329	7.366134597693725	11.966123622390459	9.666129110042093	10.174140952722764
transfo-xl-wt103	orig	sink	sunk	7.0	sank	12.0	pst	45(5a)	To go downward in quality, state, or condition.	1.31578947368421	0.2513	0.008	no_cond	0.12730232801433644	10.16588844118847	11.549315643079545	10.857602042134008	0.10402787617404353	7.9660525644957625	12.697457734324528	10.331755149410146	13.120105640006889
transfo-xl-wt103	orig	sink	sunk	3.0	sank	13.0	pst	45(6b)	To become depressed.	6.25	0.0124	0.2258	cat	0.12052175305157536	5.722239397630393	5.615151724110563	5.668695560870478	0.19153218583417495	4.548282795204343	5.750437308499097	5.14936005185172	6.797651549158983
transfo-xl-wt103	orig	sink	sunk	20.0	sank	6.0	pst	45(7a)	"To cause to sink. ""sink a battleship"""	7.53846153846154	0.006	0.0226	prob	0.09166173429097267	7.139946803659225	12.437326376684084	9.788636590171654	0.06507874079950729	11.960978067902392	11.784028282781932	11.872503175342162	13.085500375189177
transfo-xl-wt103	orig	sneak	sneaked	62.0	snuck	59.0	ppt	36(1a)	"To go stealthily or furtively. To slink. ""snuck out early"""	0.0743801652892562	0.7851	0.0	no_cond	0.1527065000943612	11.696546588240286	7.789213259244661	9.742879923742473	0.01682017252153027	9.401219318789808	10.002201613845257	9.701710466317532	9.949800360936642
transfo-xl-wt103	orig	sneak	sneaked	29.0	snuck	30.0	ppt	36(4a)	"To put, bring, or take in a furtive or artful manner. ""sneak a smoke"""	0.0169491525423729	0.8964	0.0	no_cond	0.16950241736889493	9.508837966332917	12.182004372077508	10.845421169205213	0.02783895395271048	9.630572538216544	11.012699667416275	10.32163610281641	10.757372335457525
transfo-xl-wt103	orig	sneak	sneaked	9.0	snuck	11.0	ppt	36(5a)	Phrases: sneak up on	0.2	0.6547	0.0012	no_cond	0.109730281903757	8.311364397427152	10.069176944823061	9.190270671125106	0.002954202817869791	9.772260836784739	10.638540470464669	10.205400653624704	10.747656341778349
transfo-xl-wt103	orig	sneak	snuck	65.0	sneaked	75.0	pst	36(1a)	"To go stealthily or furtively. To slink. ""snuck out early"""	0.714285714285714	0.398	0.0	no_cond	0.17754565912876508	7.344741602165095	12.735109188630881	10.039925395397988	0.021173242767144884	9.213376080171997	10.500095158699104	9.85673561943555	10.202148205753078
transfo-xl-wt103	orig	sneak	snuck	29.0	sneaked	19.0	pst	36(4a)	"To put, bring, or take in a furtive or artful manner. ""sneak a smoke"""	2.08333333333333	0.1489	0.0	no_cond	0.21100815782009544	7.131028204077722	11.068887675480088	9.099957939778905	0.01650315377946592	8.481988559056706	8.641794890582432	8.561891724819569	8.843085709740846
transfo-xl-wt103	orig	speak	spoke	20.0	spoken	7.0	ppt	42(1a)	To utter words or articulate sounds with the ordinary voice. To talk.	6.25925925925926	0.0124	0.01	prob	0.13870773692451172	14.434449250112813	2.4005049781564245	8.417477114134618	0.11983727985879095	12.587821721284971	15.600238096244365	14.094029908764668	14.942675641574855
transfo-xl-wt103	orig	speak	spoke	11.0	spoken	23.0	ppt	42(1b)	"To express thoughts, opinions, or feelings orally. To extend a greeting. To be friendly enough to engage in conversation. ""still were not speaking after the dispute"""	4.23529411764706	0.0396	0.0004	prob	0.08570662342460963	12.958198315218697	6.46791044252279	9.713054378870744	0.013109649053582343	10.703808763313733	11.84909307224183	11.276450917777781	11.99965698861445
transfo-xl-wt103	orig	speak	spoke	6.0	spoken	15.0	ppt	42(8a)	To to utter with the speaking voice. To pronounce.	3.85714285714286	0.0495	0.0207	prob	0.07519059742085542	7.812840791646812	15.631393309020423	11.722117050333617	0.061628578583367635	11.348776192414954	15.672574368412947	13.51067528041395	16.279153979752873
transfo-xl-wt103	orig	speak	spoke	20.0	spoken	14.0	ppt	42(8b)	To give a recitation of. To declaim.	1.05882352941176	0.3035	0.0	no_cond	0.15760025365820637	10.42444902682471	15.71088880420723	13.06766891551597	0.08130408234634938	10.675360525334492	15.242123529355528	12.95874202734501	13.89985134289752
transfo-xl-wt103	orig	speak	spoke	37.0	spoken	31.0	ppt	42(8d)	To address. To accost.	0.529411764705882	0.4669	0.0	no_cond	0.10853836054076595	10.758392803116829	15.430532272823363	13.094462537970095	0.03706722862026219	11.653695409572903	14.960751481200123	13.307223445386512	13.781708828316038
transfo-xl-wt103	orig	speak	spake	54.0	spoke	47.0	pst	37(1a)	To utter words or articulate sounds with the ordinary voice. To talk.	0.485148514851485	0.4861	0.0	no_cond	0.24001165523354737	9.95807807193796	12.43009630980838	11.19408719087317	0.24001165523354737	9.95807807193796	12.43009630980838	11.19408719087317	14.906250279140822
transfo-xl-wt103	orig	speak	spake	3.0	spoke	22.0	pst	37(1b)	"To express thoughts, opinions, or feelings orally. To extend a greeting. To be friendly enough to engage in conversation. ""still were not speaking after the dispute"""	14.44	0.0001	0.2347	cat	0.09493007711498827	10.591116767373556	13.194034860587976	11.892575813980766	0.184533988219807	6.740097755249057	12.937531683290064	9.83881471926956	14.082669380841871
transfo-xl-wt103	orig	speak	spake	20.0	spoke	2.0	pst	37(8c)	"To express orally. To delcare. ""free to speak their minds"""	14.7272727272727	0.0001	0.4884	cat	0.28353254468237304	0.0	9.922425179765536	4.961212589882768	0.30452982767482806	8.878667989827175	9.956774488734501	9.417721239280837	10.77803687113751
transfo-xl-wt103	orig	speed	speeded	2.0	sped	20.0	ppt	38(1a)	"To make haste. ""sped to her bedside"""	14.7272727272727	0.0001	0.4884	cat	0.15984625004090727	7.786056107062037	12.713807576560209	10.249931841811122	0.10428979339524029	5.9027152048892635	12.055725639176705	8.979220422032984	12.552991776608042
transfo-xl-wt103	orig	speed	speeded	16.0	sped	12.0	ppt	38(2a)	"To move, work, or take place faster. To accelerate. ""the heart speeds up"""	0.571428571428571	0.4497	0.0001	no_cond	0.22132241390316001	6.849345415694279	11.15007544629493	8.999710430994604	0.22132241390316001	6.849345415694279	11.15007544629493	8.999710430994604	11.515059875152742
transfo-xl-wt103	orig	speed	speeded	81.0	sped	64.0	ppt	38(4b)	To increase the speed of. To accelerate.	1.99310344827586	0.158	0.0	no_cond	0.12820349051000968	8.107412870486897	11.531591786819092	9.819502328652995	0.1348386459165603	8.857826701419828	10.85075476469286	9.854290733056345	11.206938299997741
transfo-xl-wt103	orig	speed	speeded	3.0	sped	71.0	pst	38(1a)	"To make haste. ""sped to her bedside"""	62.4864864864865	0.0	0.2449	cat	0.208183020645445	9.458404721827149	7.723627590315119	8.591016156071134	0.22536361051460335	4.372432048161041	9.566454524369489	6.969443286265265	10.039105423453591
transfo-xl-wt103	orig	speed	speeded	29.0	sped	14.0	pst	38(2a)	"To move, work, or take place faster. To accelerate. ""the heart speeds up"""	5.23255813953488	0.0222	0.0	prob	0.2549951221116073	11.582985166650545	7.8234068950650535	9.7031960308578	0.2549951221116073	7.8234068950650535	11.582985166650545	9.7031960308578	12.049773177665639
transfo-xl-wt103	orig	speed	speeded	61.0	sped	14.0	pst	38(4b)	To increase the speed of. To accelerate.	29.4533333333333	0.0	0.0001	prob	0.2510285098926803	7.732714897550327	11.473940550096282	9.603327723823305	0.2510285098926803	7.732714897550327	11.473940550096282	9.603327723823305	10.047106431794823
transfo-xl-wt103	orig	spell	spelt	18.0	spelled	2.0	ppt	39(5a)	To name the letters of in order. To write or print the letters of in order.	12.8	0.0003	0.4872	cat	0.11679302368038766	0.0	13.71837967025531	6.859189835127655	0.04738098512084868	13.65508701082176	9.009997355841502	11.33254218333163	14.139883229052765
transfo-xl-wt103	orig	spell	spelt	39.0	spelled	21.0	ppt	39(5b)	To write or print the letters of in a particular way.	5.4	0.0201	0.0	prob	0.13446842835164802	16.423420785861804	8.4367555101858	12.430088148023803	0.055550391227242674	11.696860416791157	15.081460701167327	13.389160558979242	13.506313456108241
transfo-xl-wt103	orig	spell	spelt	14.0	spelled	43.0	ppt	39(7a)	"To find out by study. To come to understand. Often used with 'out'. ""It requires some pains to spell out those decorations."" (I used as 'to explain', kind of)"	14.7543859649123	0.0001	0.0	prob	0.1267262106431097	13.302388879271112	11.506370659216522	12.404379769243818	0.03427259897915327	11.902386960027211	13.199412193593622	12.550899576810416	13.46147427662671
transfo-xl-wt103	orig	spill	spilt	0.0	spilled	16.0	ppt	40(2a)	"To spread profusely or beyond bounds. ""Crowds spilled into the streets."""	16.0	0.0001	1.0	cat	0.10138062109674648	3.6353966436877574	7.912261953509775	5.773829298598766			8.278065577465856		8.278065577465856
transfo-xl-wt103	orig	spill	spilt	72.0	spilled	54.0	ppt	40(5a)	To cause or allow especially accidentally or unintentionally to fall, flow, or run out so as to be lost or wasted.	2.57142857142857	0.1088	0.0	no_cond	0.06007297408328218	9.36806093314705	12.937341230680126	11.152701081913587	0.03320659998578019	12.073445387765393	13.348101541372667	12.71077346456903	13.077415462366039
transfo-xl-wt103	orig	spill	spilt	7.0	spilled	10.0	pst	40(1a)	"To flow, run, or fall out, over, or off and become wasted, scattered, or lost. ""water spilling over the dam"""	0.529411764705882	0.4669	0.0072	no_cond	0.02076182379246284	11.12271631191594	11.036492511268222	11.079604411592081	0.011799531069619498	10.5219044094999	11.282480710245128	10.902192559872514	11.863959634673927
transfo-xl-wt103	orig	spill	spilt	0.0	spilled	18.0	pst	40(2a)	"To spread profusely or beyond bounds. ""Crowds spilled into the streets."""	18.0	0.0	1.0	cat	0.009168355482776567	8.503881589423647	10.465286726347385	9.484584157885516			10.492417379257068		10.492417379257068
transfo-xl-wt103	orig	spill	spilt	49.0	spilled	17.0	pst	40(5a)	To cause or allow especially accidentally or unintentionally to fall, flow, or run out so as to be lost or wasted.	15.5151515151515	0.0001	0.0	prob	0.10279435357504103	7.338091778370739	13.443073219011481	10.39058249869111	0.08711334771845128	9.30252655135247	11.305229510233591	10.30387803079303	10.508773824835945
transfo-xl-wt103	orig	spill	spilt	2.0	spilled	18.0	pst	40(7a)	"To let out. To divulge. ""spill a secret"""	12.8	0.0003	0.4872	cat	0.08983104457492715	7.17662640045086	10.30902411318811	8.742825256819485	0.15121192851826695	6.242535801840594	9.33946524230556	7.791000522073077	10.109773101539348
transfo-xl-wt103	orig	spit	spit	64.0	spat	66.0	ppt	41(1a)	To eject saliva as an expression of aversion or contempt.	0.0307692307692308	0.8608	0.0	no_cond	0.11247565874582087	10.054425461456807	12.671774037689056	11.363099749572932	0.12593591920480207	14.6203285096191	9.029166702653447	11.824747606136274	13.396405299021517
transfo-xl-wt103	orig	spit	spit	12.0	spat	10.0	ppt	41(4a)	To eject (something) from the mouth. To expectorate.	0.181818181818182	0.6698	0.0005	no_cond	0.0780174062351501	13.907244949331076	13.819728150166158	13.863486549748618	0.043688231602605904	15.17843499494411	12.096076102768821	13.637255548856466	15.155074059076087
transfo-xl-wt103	orig	spit	spit	18.0	spat	20.0	ppt	41(4d)	"To emit as if by spitting. Especially to emit (precipitation) in driving particles or in flurries. ""spit rain"""	0.105263157894737	0.7456	0.0	no_cond	0.11706499213528376	15.743053242694891	10.378192595627766	13.060622919161329	0.09420163817586033	15.046342496961367	10.370281475012023	12.708311985986695	14.152077173341473
transfo-xl-wt103	orig	spit	spit	32.0	spat	19.0	pst	41(1a)	To eject saliva as an expression of aversion or contempt.	3.31372549019608	0.0687	0.0	no_cond	0.10578496289944862	6.320488025559854	12.42753647948689	9.374012252523372	0.10648343558897372	8.926386222449914	10.019833046988298	9.473109634719105	10.397725589244896
transfo-xl-wt103	orig	spit	spit	22.0	spat	11.0	pst	41(1c)	To eject matter (such as salive) from the mouth. To expectorate.	3.66666666666667	0.0555	0.0004	no_cond	0.20316408196121283	8.67938098221801	11.14331710618639	9.9113490442022	0.10229854245841802	8.855696679021584	9.781516461097864	9.318606570059725	10.201053187780916
transfo-xl-wt103	orig	spit	spit	12.0	spat	34.0	pst	41(4d)	"To emit as if by spitting. Especially to emit (precipitation) in driving particles or in flurries. ""spit rain"""	10.5217391304348	0.0012	0.0002	prob	0.1894888223723249	9.30672962598538	3.4905147697006007	6.3986221978429905	0.03748626793937894	4.571079696582449	9.92127716050239	7.24617842854242	9.970160703173658
transfo-xl-wt103	orig	spring	sprung	17.0	sprang	20.0	pst	43(3b)	"To issue by birth or descent. ""sprang from the upper class"""	0.243243243243243	0.6219	0.0	no_cond	0.1771819591907947	10.813456101225176	19.60699706127264	15.210226581248907	0.012527663126350603	16.62027655256165	14.549546373753211	15.584911463157429	16.08132926531558
transfo-xl-wt103	orig	spring	sprung	34.0	sprang	42.0	pst	43(3c)	"To come into being. To arise. ""Towns sprang up across the plains."""	0.842105263157895	0.3588	0.0	no_cond	0.10574220878034818	10.540051614239188	18.151757695805586	14.345904655022387	0.013770719259769842	16.325526789509265	14.90049422849976	15.613010509004512	15.899255333418024
transfo-xl-wt103	orig	spring	sprung	10.0	sprang	9.0	pst	43(7a)	"To quickly start working. ""Firefighters are ready to leap/spring/swing into action at a moment's notice."" To become suddenly very active and energetic. ""They sprang into action as soon as they received their orders."" ""The crowd sprang to life after the first goal was scored."""	0.0526315789473684	0.8185	0.0011	no_cond	0.1351883084339041	0.0	14.569796284194322	7.284898142097161	0.004827320855827925	15.501423484002098	12.810717961172397	14.156070722587248	15.162174463408567
transfo-xl-wt103	orig	strive	strived	95.0	striven	86.0	ppt	44(1a)	"To devote serious effort or energy to. To endevor. ""strive to finish a project"""	0.447513812154696	0.5035	0.0	no_cond	0.06154716389285158	10.277635479370161	6.042131146423961	8.159883312897062	0.04361257688550733	8.897780195115315	11.108868377890433	10.003324286502874	10.384373194375863
transfo-xl-wt103	orig	strive	strived	5.0	striven	14.0	ppt	44(2a)	To struggle in opposition. To contend.	4.26315789473684	0.0389	0.0463	prob	0.0745080025146879	7.0933125082164254	9.083073700208981	8.088193104212703	0.004524085519097859	7.064230730415302	9.2952285921217	8.179729661268501	9.384092130837905
transfo-xl-wt103	orig	strive	strived	97.0	strove	82.0	pst	44(1a)	"To devote serious effort or energy to. To endevor. ""strive to finish a project"""	1.25698324022346	0.2622	0.0	no_cond	0.23486043698673864	6.849055538744148	13.766952564835492	10.308004051789819	0.03255373126812013	9.412442574895035	8.478092930935523	8.945267752915278	9.296001428125537
transfo-xl-wt103	orig	strive	strived	3.0	strove	18.0	pst	44(2a)	To struggle in opposition. To contend.	10.7142857142857	0.0011	0.2317	cat	0.15356230012392583	4.268339140962338	7.188155914606818	5.728247527784578	0.035729255800579986	4.2564255315637745	7.557936113958253	5.907180822761013	7.717625018593475
transfo-xl-wt103	orig	take	took	9.0	taken	10.0	ppt	47(18b)	"To use up (space, time, etc.) ""takes a long time to dry"""	0.0526315789473684	0.8185	0.0011	no_cond	0.15990169047927724	12.861423389784926	14.340617272317282	13.601020331051103	0.004256139875415535	14.942854024371107	17.35893238571864	16.150893205044873	17.31212322606925
transfo-xl-wt103	orig	take	took	8.0	taken	9.0	ppt	47(24a)	"To remove. ""take eggs from a nest"" To put an end to (life). To remove by death. ""was taken in his prime"" To subtract. ""take two from four"" To exact. ""The weather took its toll."""	0.0588235294117647	0.8084	0.0027	no_cond	0.1291113081865093	14.018170414707575	13.777975523668276	13.898072969187925	0.10104717691509496	13.370702893122694	15.40858447007707	14.389643681599882	17.303549597078717
transfo-xl-wt103	orig	take	took	9.0	taken	26.0	ppt	47(25a)	"To undertake and make, do, or perform. ""take a walk"" ""take aim"" ""take legal action"" ""take a test"" ""take a look"" To participate in. ""take a meeting"""	8.25714285714286	0.0041	0.0022	prob	0.14801484220454356	17.688632442111807	15.424770497003118	16.556701469557463	-0.00446754396237989	16.477068882961255	20.80512148526492	18.641095184113087	20.432438910325477
transfo-xl-wt103	orig	take	took	12.0	taken	15.0	ppt	47(29a)	Phrases: take a back seat, take advantage of, take after, take a hike/walk, take care of, take charge of, take for, take into account, take in vain, take no prisoners, take the floor, take to court, take to task, take a chance, take notice of, take pity on, take as, take by surprise, take in, take the trouble to, take over, take down	0.333333333333333	0.5637	0.0001	no_cond	0.12724819834749995	16.206023482455176	14.34871168373968	15.277367583097428	0.046763398343392965	16.163182199181833	17.552083730667295	16.857632964924562	18.569853408209152
transfo-xl-wt103	orig	take	took	15.0	taken	6.0	ppt	47(8b)	Phrases: take care, take charge, take effect, take five, take hold, take part, take place, take turns, take control, take notice, take for granted, take a toll, take off, take aback	3.85714285714286	0.0495	0.0207	prob	0.12684542655144138	18.39563878851698	12.138142830013775	15.266890809265377	0.05707476388279172	17.72023881362447	19.44869366790083	18.58446624076265	19.897906183911736
transfo-xl-wt103	orig	take	took	15.0	taken	6.0	ppt	47(9a)	"To get into one's hands or into one's possession, power or control. To seize or capture physically. ""took them as prisoners"" To get possession of (fish or game) by killing or capturing. To acquire by eminent domain."	3.85714285714286	0.0495	0.0207	prob	0.10856031105549313	11.801863909204863	14.756685574032701	13.279274741618782	0.035781376690375295	15.290134630195565	13.786351849433368	14.538243239814467	16.167450325265026
transfo-xl-wt103	orig	tear	tore	4.0	torn	14.0	ppt	48(4a)	"To divide or disrupt by the pull of contrary forces. ""a mind torn with doubts"""	5.55555555555556	0.0184	0.1039	cat	0.21244646882754242	8.428236968369736	12.69137167017163	10.559804319270683	0.08284559444957423	10.258105426278194	13.92651205461438	12.092308740446287	14.981295912353525
transfo-xl-wt103	orig	tear	tore	14.0	torn	21.0	ppt	48(5a)	"To remove by force. To wrench. Often used with 'off'. ""tear a cover off a box"""	1.4	0.2367	0.0	no_cond	0.10671697272559907	14.109910389219253	7.926552000298227	11.01823119475874	0.07653276271759359	11.257774574771299	11.485299085345194	11.371536830058247	12.782219362985927
transfo-xl-wt103	orig	tear	tore	25.0	torn	13.0	ppt	48(7a)	"To damage, remove, or effect an opening in. ""tore up the street to lay a new water main"""	3.78947368421053	0.0516	0.0001	no_cond	0.1249371454314593	9.024792429084652	11.707647406309588	10.36621991769712	0.09139355527795089	10.545191521384574	11.893913458585889	11.219552489985231	12.268580113987522
transfo-xl-wt103	orig	tread	trod	16.0	trodden	3.0	ppt	49(1a)	"To move or proceed on or as if on foot. ""must tread lightly"""	8.89473684210526	0.0029	0.2297	cat	0.15550378425039765	14.054565081083158	10.80316663458754	12.42886585783535	0.03880454160118855	13.5965994638043	9.89169404472119	11.744146754262744	14.057765234781398
transfo-xl-wt103	orig	tread	trod	27.0	trodden	19.0	ppt	49(5a)	"To step or walk on or over. (I used as ""to travel"")"	1.39130434782609	0.2382	0.0	no_cond	0.111107335125504	13.029851673877687	13.217561064840494	13.123706369359091	0.04477899884378479	14.86060245576703	12.208282901335348	13.534442678551189	14.8131048497138
transfo-xl-wt103	orig	tread	trod	24.0	trodden	14.0	ppt	49(5b)	"To walk or proceed along. To follow. ""treading a fine line between tradition and innovation"""	2.63157894736842	0.1048	0.0	no_cond	0.10454294411580457	13.341393928831712	12.66083359504953	13.001113761940621	0.0594719477447936	15.121123043368883	11.070984063960449	13.096053553664666	14.977019072053853
transfo-xl-wt103	orig	tread	trod	23.0	trodden	52.0	ppt	49(7a)	To beat or press with the feet. To trample.	11.2133333333333	0.0008	0.0	prob	0.15638483701405273	8.810909936912196	13.259593728288337	11.035251832600267	0.08264049223622078	12.296611051143874	10.1862202463908	11.241415648767337	11.588457648021679
transfo-xl-wt103	orig	tread	treaded	26.0	trod	29.0	pst	49(1a)	"To move or proceed on or as if on foot. ""must tread lightly"""	0.163636363636364	0.6858	0.0	no_cond	0.2556141171187126	13.077971432932156	13.403405265075211	13.240688349003683	0.2556141171187126	13.077971432932156	13.403405265075211	13.240688349003683	18.73482610967954
transfo-xl-wt103	orig	tread	treaded	50.0	trod	6.0	pst	49(4a)	Phrases: tread on one's toes, tread water	34.5714285714286	0.0	0.0271	prob	0.06774822709872257	12.190094121474466	13.59847135929329	12.89428274038388	0.24836486575114095	12.524712896860196	10.166182678725212	11.345447787792704	14.32765158699743
transfo-xl-wt103	orig	tread	treaded	3.0	trod	14.0	pst	49(5a)	To step or walk on or over	7.11764705882353	0.0076	0.2273	cat	0.1333114254962966	13.739176436373453	12.072771864089873	12.905974150231664	0.22076940135400033	6.290730253124367	13.322633201426765	9.806681727275565	15.466054447229643
transfo-xl-wt103	orig	tread	treaded	5.0	trod	20.0	pst	49(5b)	"To walk or proceed along. To follow. ""treading a fine line between tradition and innovation"""	9.0	0.0027	0.0502	cat	0.1870671843452663	7.921252192528336	16.839528336932748	12.380390264730542	0.20652473198910173	9.366914059630734	14.028449068300542	11.697681563965638	16.357490481539674
transfo-xl-wt103	orig	wake	woke	45.0	woken	33.0	ppt	52(2a)	"To awake. To wake up. ""They woke early."""	1.84615384615385	0.1742	0.0	no_cond	0.038282541609306366	10.363114179863397	9.464855725937694	9.913984952900545	0.017740063243096335	10.761921341075647	9.673588003904127	10.217754672489887	10.630388298757087
transfo-xl-wt103	orig	wake	woke	8.0	woken	21.0	ppt	52(3a)	Intransitive 4c.	5.82758620689655	0.0158	0.0045	prob	0.18876802754407476	9.420970503283039	5.5584680418297765	7.489719272556408	0.035562167197195904	10.211675174157689	9.338469008432584	9.775072091295137	10.06909478924777
transfo-xl-wt103	orig	wake	woke	42.0	woken	33.0	ppt	52(5a)	"To rouse from or as if from sleep. To awake. To wake up. ""Something woke her in the middle of the night."""	1.08	0.2987	0.0	no_cond	0.09977064329850993	10.988367613532619	8.259665524728101	9.62401656913036	0.07508450510449781	9.599415959590987	10.084448086413175	9.84193202300208	10.745881884615509
transfo-xl-wt103	orig	wear	wore	27.0	worn	39.0	ppt	53(5a)	"To bear or have on the person. ""wore a coat"""	2.18181818181818	0.1396	0.0	no_cond	0.19092107959128787	12.766963907802927	14.448963072200776	13.60796349000185	0.09925373109674161	13.55384341877004	16.578413980754846	15.066128699762443	17.467750721777975
transfo-xl-wt103	orig	weave	weaved	8.0	woven	7.0	ppt	50(5a)	To form (cloth) by interlacing strands (as of yarn).	0.0666666666666667	0.7963	0.0063	no_cond	0.05561375809835664	11.075250390525426	9.264262297169081	10.169756343847254	0.09560903416582564	9.83726272414093	9.997090164737374	9.917176444439152	11.778764456391489
transfo-xl-wt103	orig	weave	weaved	7.0	woven	17.0	ppt	50(5b)	To interlace (threads) into cloth.	4.16666666666667	0.0412	0.0094	prob	0.19144118040805924	14.007187298443878	7.353658121796328	10.680422710120103	0.1430668528604975	11.308254723302642	8.959503268452718	10.13387899587768	11.253725062577745
transfo-xl-wt103	orig	weave	weaved	7.0	woven	9.0	ppt	50(8a)	To produce by elaborately combining elements. To contrive.	0.25	0.6171	0.0068	no_cond	0.11349502543902323	11.760787221247424	10.147973789363874	10.95438050530565	0.079888306290756	12.45182046398766	9.99704324230207	11.224431853144864	13.084951467957858
transfo-xl-wt103	orig	weave	weaved	18.0	woven	20.0	ppt	50(8c)	To introduce as an appopriate element. To work in. Usually used with in or into.	0.105263157894737	0.7456	0.0	no_cond	0.12488446428672526	5.997241776200685	10.885359011937705	8.441300394069195	0.12135189354790893	9.849208480757778	9.425324236802862	9.63726635878032	11.216210578843919
transfo-xl-wt103	orig	weave	weaved	65.0	wove	16.0	pst	50(3a)	To move in a devious, winding, or zigzag course especially to avoid obstacles.	29.641975308642	0.0	0.0	prob	0.08217737256912667	12.89700621710572	9.720675661827899	11.308840939466808	0.05627799628941395	11.032756752852984	11.051968985436545	11.042362869144764	11.538023111225353
transfo-xl-wt103	orig	weave	weaved	11.0	wove	12.0	pst	50(8a)	To produce by elaborately combining elements. To contrive.	0.0434782608695652	0.8348	0.0002	no_cond	0.028587875400969482	9.922788120485931	13.815806774835476	11.869297447660703	0.012079764401878282	12.954708896974807	12.986150607332023	12.970429752153414	13.752045037664915
transfo-xl-wt103	orig	weave	weaved	6.0	wove	15.0	pst	50(8b)	To unite in a coherent whole.	3.85714285714286	0.0495	0.0207	prob	0.12364063397102001	9.918386787951196	11.095417175000344	10.506901981475771	0.033150803232757584	9.678716946889528	11.501623026822793	10.59016998685616	11.943785310517294
transfo-xl-wt103	orig	weave	weaved	5.0	wove	23.0	pst	50(8c)	To introduce as an appopriate element. To work in. Usually used with in or into.	11.5714285714286	0.0007	0.0515	cat	0.02089922452798976	11.038686848839838	12.461308294426988	11.749997571633413	0.052322181725142324	11.07948199757135	12.116655595117443	11.598068796344396	12.726864843023554
transfo-xl-wt103	orig	wet	wetted	30.0	wet	14.0	pst	51(4a)	To make wet.	5.81818181818182	0.0159	0.0	prob	0.22205020663655228	11.321979335164347	17.032814182677807	14.177396758921077	0.20986030636940683	11.10078373584139	17.459402881724092	14.28009330878274	16.247179645401435
transfo-xl-wt103	orig	wet	wetted	6.0	wet	24.0	pst	51(5a)	"To urinate in or on. ""wet his pants"""	10.8	0.001	0.0237	prob	0.17883186747617363	17.42500339222273	0.0	8.712501696111365	0.08496994302472469	7.567793616663604	17.833988322796916	12.70089096973026	18.01378270006943
transfo-xl-wt103	orig	write	wrote	70.0	written	75.0	ppt	54(5b)	"To be the author of. To compose. ""writes poems and essays"" To compose in musical form. ""write a string quartet"""	0.172413793103448	0.678	0.0	no_cond	0.12124344991458777	14.212966524494437	16.29683137195992	15.25489894822718	0.030359620203035523	16.340373687864346	17.8397880882143	17.090080888039324	17.792844674226192
transfo-xl-wt103	orig	write	wrote	21.0	written	7.0	ppt	54(6a)	To make a permanent impression of.	7.0	0.0082	0.0102	prob	0.1020623824530161	14.059760355617158	15.311275828064074	14.685518091840617	0.05495125283562606	15.644288356502216	16.137804103653743	15.89104623007798	16.947918564360428
