aggregation	silhouette	davies_bouldin	calinski_harabasz	dunn	intra_inter_ratio	centroid_separation	nearest_centroid_loo_acc	total_samples	distance	model	head_indices	embedding_source
macro	-0.35722056770054894	6.067955173228501	7.647501179673191	0.05585326822268592	0.8590449051873521	1.0258815232146543	0.3623968299805911		cosine	answerdotai_ModernBERT-base	4	head
micro	-0.36443063682413657	6.64630989464302	8.577260418852239	0.05406953335057604	0.8649458404058493	1.0264646079607844	0.34756184756184755	14183.0	cosine	answerdotai_ModernBERT-base	4	head
macro	-0.2009404749442922	6.067955173228501	7.647501179673191	0.17957584768459414	0.9033243703687356	3.024128238345978	0.28464483507287724		euclidean	answerdotai_ModernBERT-base	4	head
micro	-0.20353452514170373	6.64630989464302	8.577260418852239	0.17385971582143173	0.9058497399527466	2.9892988477425155	0.2694837694837695	14183.0	euclidean	answerdotai_ModernBERT-base	4	head
macro	-0.3635126747453319	6.208551136551544	6.838154579350488	0.03973060360434873	0.8647879695080731	1.0332438960006445	0.342131427998848		cosine	answerdotai_ModernBERT-base	1	head
micro	-0.36763921064153154	6.819650774842802	7.643819329568587	0.03738492081480303	0.8721099701236347	1.0310435021139635	0.33004433004433004	14183.0	cosine	answerdotai_ModernBERT-base	1	head
macro	-0.21023382424346332	6.208551136551544	6.838154579350488	0.12190166190107495	0.9037086180047005	3.315926912453793	0.2709003209912549		euclidean	answerdotai_ModernBERT-base	1	head
micro	-0.21105616203878336	6.819650774842802	7.643819329568587	0.11687522391925961	0.9067046489216635	3.2789538281361996	0.2518232518232518	14183.0	euclidean	answerdotai_ModernBERT-base	1	head
macro	-0.34935675171247443	6.059745137708999	6.995946620634801	0.05966107959393244	0.8648258188619192	1.026102872398693	0.37027214735778424		cosine	answerdotai_ModernBERT-base	6	head
micro	-0.3558351961726913	6.625733798911997	7.906541909910604	0.058055747375665906	0.8717794057200541	1.0263588333935902	0.3562848562848563	14183.0	cosine	answerdotai_ModernBERT-base	6	head
macro	-0.19499811573548553	6.059745137708999	6.995946620634801	0.1852958489527154	0.9064460171026789	2.817886440799219	0.29571593150114556		euclidean	answerdotai_ModernBERT-base	6	head
micro	-0.19725689841125152	6.625733798911997	7.906541909910604	0.17953724999023282	0.9090255179281403	2.7715289751232937	0.2794937794937795	14183.0	euclidean	answerdotai_ModernBERT-base	6	head
macro	-0.36449917186647546	6.093894957741602	7.415017019649126	0.05702752034011378	0.85907953739145	1.0289066075424238	0.36554555194239957		cosine	answerdotai_ModernBERT-base	7	head
micro	-0.3690786931323715	6.6971751918614615	8.346726197747863	0.05518720000405003	0.8657290334446562	1.0283977719468118	0.3507793507793508	14183.0	cosine	answerdotai_ModernBERT-base	7	head
macro	-0.20471779262249068	6.093894957741602	7.415017019649126	0.18206170026220964	0.9035382545970507	3.032362038693464	0.2861664956188327		euclidean	answerdotai_ModernBERT-base	7	head
micro	-0.20595848212813161	6.6971751918614615	8.346726197747863	0.17517481156927958	0.9064623697211057	2.9787711710160396	0.2724867724867725	14183.0	euclidean	answerdotai_ModernBERT-base	7	head
macro	-0.3579425548915156	6.035171143019523	7.324789316327111	0.05526549309231464	0.8592266075235806	1.0279578381872325	0.36600809402480944		cosine	answerdotai_ModernBERT-base	2	head
micro	-0.36221728790412966	6.624848588264421	8.246440494894893	0.05352537835296863	0.865847461328725	1.028272289093606	0.3534963534963535	14183.0	cosine	answerdotai_ModernBERT-base	2	head
macro	-0.20329174310383832	6.035171143019523	7.324789316327111	0.1758150263806752	0.9030419695012838	3.0352816217244007	0.28959193473029415		euclidean	answerdotai_ModernBERT-base	2	head
micro	-0.20485283363373732	6.624848588264421	8.246440494894893	0.16915547329838532	0.9066061694677305	2.985566357144184	0.27377377377377377	14183.0	euclidean	answerdotai_ModernBERT-base	2	head
macro	-0.3433011810130801	6.076585025639114	7.197140208858215	0.05790509165830398	0.862221797608131	1.0238879839869774	0.3704155072356071		cosine	answerdotai_ModernBERT-base	3	head
micro	-0.3472126991467366	6.686256792989247	7.963331745189058	0.057166150090754334	0.8696351534753958	1.0245941128115938	0.3584298584298584	14183.0	cosine	answerdotai_ModernBERT-base	3	head
macro	-0.19141049206531813	6.076585025639114	7.197140208858215	0.180915851468012	0.905709686421511	2.893793543761508	0.29707414101377444		euclidean	answerdotai_ModernBERT-base	3	head
micro	-0.19348369566960077	6.686256792989247	7.963331745189058	0.17524558144757107	0.9100770123287673	2.8301809575589565	0.2827827827827828	14183.0	euclidean	answerdotai_ModernBERT-base	3	head
macro	-0.3535643834810153	5.954669507208916	6.954158978531831	0.05475605655643996	0.8627893417106135	1.0317532708267583	0.3679835024927928		cosine	answerdotai_ModernBERT-base	0	head
micro	-0.35810377439613683	6.527444554432888	7.803172721689884	0.05304763162558173	0.8703623493123719	1.029459890921698	0.35514085514085514	14183.0	cosine	answerdotai_ModernBERT-base	0	head
macro	-0.2001691762434808	5.954669507208916	6.954158978531831	0.1775716674633065	0.9074295631637166	2.881144423657515	0.2913723682342089		euclidean	answerdotai_ModernBERT-base	0	head
micro	-0.20137932195191305	6.527444554432888	7.803172721689884	0.1706624164876487	0.9106953716481878	2.826620765816545	0.27892177892177894	14183.0	euclidean	answerdotai_ModernBERT-base	0	head
macro	-0.3615959586004755	6.11461658552492	7.287085255650431	0.056045239463861765	0.8566944780564955	1.0357692317919818	0.3705409924812245		cosine	answerdotai_ModernBERT-base	5	head
micro	-0.3674498278072054	6.724913909922586	8.245495179920077	0.05392997577022754	0.8617751275734964	1.033888845455896	0.35478335478335477	14183.0	cosine	answerdotai_ModernBERT-base	5	head
macro	-0.20661233014562427	6.11461658552492	7.287085255650431	0.18170772388217976	0.9035017072258877	2.998799170534354	0.28815156845784		euclidean	answerdotai_ModernBERT-base	5	head
micro	-0.20850928219392528	6.724913909922586	8.245495179920077	0.1748358843594251	0.9054827668340248	2.947242119209784	0.2709137709137709	14183.0	euclidean	answerdotai_ModernBERT-base	5	head
macro	-0.3512474061120155	6.066570111159633	7.409229915559781	0.059186442920678234	0.8596661151767547	1.032637496641813	0.37261766650137135		cosine	answerdotai_ModernBERT-base	9	head
micro	-0.3561447147757335	6.672817308442193	8.275160071904894	0.05733946606583437	0.866346512199308	1.0318819868652116	0.3605748605748606	14183.0	cosine	answerdotai_ModernBERT-base	9	head
macro	-0.19392738799092657	6.066570111159633	7.409229915559781	0.1862395323398847	0.9010756996702569	2.9016265292496644	0.2891535426873732		euclidean	answerdotai_ModernBERT-base	9	head
micro	-0.19573286661168274	6.672817308442193	8.275160071904894	0.17965951157589016	0.9045322418689431	2.852654450621556	0.2744887744887745	14183.0	euclidean	answerdotai_ModernBERT-base	9	head
macro	-0.34517508946009057	6.048163017520635	6.949294790159268	0.05854610282971594	0.8647759029558922	1.0325250914874071	0.3686815057372911		cosine	answerdotai_ModernBERT-base	8	head
micro	-0.3487400716207441	6.606948785071297	7.7709375928343984	0.0573575937767036	0.8713829337203534	1.0296264056955349	0.35728585728585727	14183.0	cosine	answerdotai_ModernBERT-base	8	head
macro	-0.1929673621680381	6.048163017520635	6.949294790159268	0.18592069655965496	0.9087593277346593	2.817930121514809	0.2958748539754128		euclidean	answerdotai_ModernBERT-base	8	head
micro	-0.19345630842988237	6.606948785071297	7.7709375928343984	0.18023979005349774	0.9117713485637383	2.7594431291373973	0.27913627913627914	14183.0	euclidean	answerdotai_ModernBERT-base	8	head
macro	-0.3522322706745244	5.980340688222951	7.66255927736607	0.0557753226172475	0.8601241439246455	1.026713123782274	0.37219139744049945		cosine	answerdotai_ModernBERT-base	10	head
micro	-0.3555328688331619	6.58227234597494	8.596556185942532	0.05340154322879763	0.866459289677102	1.0266792566300145	0.3611468611468611	14183.0	cosine	answerdotai_ModernBERT-base	10	head
macro	-0.19731631385392479	5.980340688222951	7.66255927736607	0.18007974869730778	0.9031502697934808	2.9060289266588297	0.2894893691464038		euclidean	answerdotai_ModernBERT-base	10	head
micro	-0.19865220275878395	6.58227234597494	8.596556185942532	0.1741549266755364	0.9063201122999094	2.855375933862583	0.27405977405977405	14183.0	euclidean	answerdotai_ModernBERT-base	10	head
macro	-0.3576636376833054	6.0608231047538945	7.624016072852199	0.0545368814164024	0.8564971499581682	1.0333978103655017	0.36337406814734624		cosine	answerdotai_ModernBERT-base	11	head
micro	-0.3585217580961636	6.627038883143508	8.604878591441992	0.05342630448491159	0.8629598256455564	1.0330617254009145	0.3494923494923495	14183.0	cosine	answerdotai_ModernBERT-base	11	head
macro	-0.2006973293773324	6.0608231047538945	7.624016072852199	0.1813946761544769	0.9027565244129894	2.9818623083378375	0.28550949520269		euclidean	answerdotai_ModernBERT-base	11	head
micro	-0.19946210813106263	6.627038883143508	8.604878591441992	0.17773462464922227	0.9055039459002795	2.9176589428363826	0.2742027742027742	14183.0	euclidean	answerdotai_ModernBERT-base	11	head
macro	-0.3538374226277521	6.022306900356471	7.188652663982564	0.04953261610743742	0.8624434330971661	1.035202040084322	0.3522047464255754		cosine	answerdotai_ModernBERT-base	0,1	head
micro	-0.3582765188064318	6.617429348975378	8.117865440012652	0.04697658957523342	0.8694037868233057	1.0323430947844752	0.33969683969683967	14183.0	cosine	answerdotai_ModernBERT-base	0,1	head
macro	-0.20070643701889418	6.022306900356471	7.188652663982564	0.14660149132056927	0.9027231121301367	2.1720982759275578	0.2794732928534667		euclidean	answerdotai_ModernBERT-base	0,1	head
micro	-0.201567849355708	6.617429348975378	8.117865440012652	0.14189605593942964	0.9050900815123898	2.1450444494673664	0.26304876304876307	14183.0	euclidean	answerdotai_ModernBERT-base	0,1	head
macro	-0.3541937748896276	5.994801240690058	6.906510950581076	0.05771841234001551	0.8602700606540243	1.031251750875217	0.3691480238541347		cosine	answerdotai_ModernBERT-base	0,2	head
micro	-0.35819057104381996	6.533106654620819	7.697374980204952	0.05537539009079887	0.867596495225122	1.0306826989252265	0.3579293579293579	14183.0	cosine	answerdotai_ModernBERT-base	0,2	head
macro	-0.20015522595135463	5.994801240690058	6.906510950581076	0.17652922311872038	0.9046034240280612	2.0954071215144614	0.2927180657099512		euclidean	answerdotai_ModernBERT-base	0,2	head
micro	-0.20125147255169296	6.533106654620819	7.697374980204952	0.1692016324095514	0.9087088049922392	2.0544369536863942	0.2781352781352781	14183.0	euclidean	answerdotai_ModernBERT-base	0,2	head
macro	-0.35086274132263245	5.964445003040902	7.292996273504705	0.058743396900308685	0.8613526997570935	1.0307430008158804	0.3680752528724215		cosine	answerdotai_ModernBERT-base	0,4	head
micro	-0.35673058623767634	6.528308994393122	8.263947971927548	0.05734290503297945	0.8674234800190695	1.030506616923003	0.3527813527813528	14183.0	cosine	answerdotai_ModernBERT-base	0,4	head
macro	-0.19663038858675388	5.964445003040902	7.292996273504705	0.18243187556075974	0.9049138611742416	2.0572624323305266	0.2909951904556572		euclidean	answerdotai_ModernBERT-base	0,4	head
micro	-0.19835357663900424	6.528308994393122	8.263947971927548	0.17733467816483858	0.9075400980126633	2.0274191016546697	0.27641927641927644	14183.0	euclidean	answerdotai_ModernBERT-base	0,4	head
macro	-0.3512195099755256	6.027118176199943	6.989706120049992	0.0585852605595027	0.8622647839254983	1.0297942358013616	0.3685675288148324		cosine	answerdotai_ModernBERT-base	0,3	head
micro	-0.3557774537868343	6.6238170801002685	7.8352172115844105	0.05673145204971963	0.8694357871840667	1.0283395694754154	0.35814385814385813	14183.0	cosine	answerdotai_ModernBERT-base	0,3	head
macro	-0.1972973356862608	6.027118176199943	6.989706120049992	0.17999319930396782	0.9055837198985116	2.0541283137000543	0.2943791333602416		euclidean	answerdotai_ModernBERT-base	0,3	head
micro	-0.19958879015740214	6.6238170801002685	7.8352172115844105	0.17391418179103998	0.909061608080935	2.014699258201249	0.27913627913627914	14183.0	euclidean	answerdotai_ModernBERT-base	0,3	head
macro	-0.35569694129035423	6.011636722391703	7.059884722086612	0.05731162357832209	0.8611227660554424	1.033960841054727	0.3738946194141144		cosine	answerdotai_ModernBERT-base	0,5	head
micro	-0.36084664463272964	6.5838182997682555	8.029765923372844	0.0545733769513331	0.866890730678242	1.0315631416311923	0.3602173602173602	14183.0	cosine	answerdotai_ModernBERT-base	0,5	head
macro	-0.2017986509815891	6.011636722391703	7.059884722086612	0.18172695528623645	0.9076888099206445	2.051221393669919	0.28925577544367764		euclidean	answerdotai_ModernBERT-base	0,5	head
micro	-0.20285411295519282	6.5838182997682555	8.029765923372844	0.1743248056226513	0.9101544346032833	2.019957818818158	0.2724152724152724	14183.0	euclidean	answerdotai_ModernBERT-base	0,5	head
macro	-0.357522257694515	6.024934251791842	7.216014358181413	0.05702064833246777	0.8616839512784437	1.0316850378496094	0.3639886206076165		cosine	answerdotai_ModernBERT-base	0,7	head
micro	-0.3628159163701592	6.628103140957856	8.074984918210859	0.05474774657073964	0.8685516401535714	1.0301413795400827	0.3512798512798513	14183.0	cosine	answerdotai_ModernBERT-base	0,7	head
macro	-0.19954968482078522	6.024934251791842	7.216014358181413	0.18378954417774523	0.9066894911022104	2.093793082869817	0.2916994347821712		euclidean	answerdotai_ModernBERT-base	0,7	head
micro	-0.20139431964325777	6.628103140957856	8.074984918210859	0.17640214018157524	0.9095688667622179	2.0639300774730396	0.2772772772772773	14183.0	euclidean	answerdotai_ModernBERT-base	0,7	head
macro	-0.3476799690549709	5.976172184070232	6.722936393823985	0.06021009435671158	0.865741862432208	1.0284344500209408	0.3676855302883254		cosine	answerdotai_ModernBERT-base	0,6	head
micro	-0.35114242025309006	6.530330411421826	7.493565870842663	0.05880546088468501	0.8734505268232553	1.0262768299583822	0.3557128557128557	14183.0	cosine	answerdotai_ModernBERT-base	0,6	head
macro	-0.19416794259274595	5.976172184070232	6.722936393823985	0.1854475405954208	0.9065235567872981	1.9775920057502374	0.2924700184157923		euclidean	answerdotai_ModernBERT-base	0,6	head
micro	-0.19535063171981584	6.530330411421826	7.493565870842663	0.18072669485399837	0.9096998499591267	1.9346699664344014	0.27734877734877733	14183.0	euclidean	answerdotai_ModernBERT-base	0,6	head
macro	-0.344356551615841	6.067656162602692	6.80549062981666	0.0589225381791117	0.863498502467694	1.0291627342527678	0.37010673870787253		cosine	answerdotai_ModernBERT-base	0,8	head
micro	-0.34624745231738474	6.679238065510399	7.556036503877603	0.057855389301088134	0.8709021425649714	1.026810412736434	0.3595023595023595	14183.0	cosine	answerdotai_ModernBERT-base	0,8	head
macro	-0.1936055642481765	6.067656162602692	6.80549062981666	0.18325947784988467	0.908304109150126	1.9752229297930983	0.2993724060890823		euclidean	answerdotai_ModernBERT-base	0,8	head
micro	-0.19364252095327797	6.679238065510399	7.556036503877603	0.17749661213486695	0.9116079486700239	1.9292099983340236	0.28585728585728587	14183.0	euclidean	answerdotai_ModernBERT-base	0,8	head
macro	-0.3502588511677894	5.993572456161013	6.8539679956492705	0.059348529987234236	0.8634239185244049	1.0345218214617276	0.3713871304423547		cosine	answerdotai_ModernBERT-base	0,9	head
micro	-0.35517362315485346	6.581125161858016	7.680079947083056	0.057949582820151495	0.8699813612354067	1.034130774144538	0.3595023595023595	14183.0	cosine	answerdotai_ModernBERT-base	0,9	head
macro	-0.19540581997430329	5.993572456161013	6.8539679956492705	0.18731190864543704	0.906339728006757	2.018871894428305	0.29261946199783745		euclidean	answerdotai_ModernBERT-base	0,9	head
micro	-0.19728651436809036	6.581125161858016	7.680079947083056	0.18144584901823108	0.9093445745005408	1.9823860293024362	0.27834977834977837	14183.0	euclidean	answerdotai_ModernBERT-base	0,9	head
macro	-0.3490533784547107	5.9233219604877	7.613074175831775	0.055654122856309954	0.8598279080227956	1.0306412167666879	0.3688151133640147		cosine	answerdotai_ModernBERT-base	0,10	head
micro	-0.3528940557553732	6.526563621447931	8.598047147871597	0.05334685299245519	0.8663591275582533	1.0308876559990092	0.35742885742885744	14183.0	cosine	answerdotai_ModernBERT-base	0,10	head
macro	-0.1954973127792653	5.9233219604877	7.613074175831775	0.17929342619024616	0.9037282310417253	2.0535117675575973	0.28960630531692394		euclidean	answerdotai_ModernBERT-base	0,10	head
micro	-0.1968151015336947	6.526563621447931	8.598047147871597	0.1732037298421902	0.9067606310751326	2.0200870823119312	0.2755612755612756	14183.0	euclidean	answerdotai_ModernBERT-base	0,10	head
macro	-0.3529247680378714	6.075249474355217	6.91299810739478	0.04876854371140056	0.8647801735875889	1.02823210641115	0.3489871783021797		cosine	answerdotai_ModernBERT-base	1,2	head
micro	-0.3571970425437993	6.66643309414398	7.773277244346998	0.04675587564142038	0.8719151394646971	1.0271280483603575	0.33676533676533676	14183.0	cosine	answerdotai_ModernBERT-base	1,2	head
macro	-0.200972097276445	6.075249474355217	6.91299810739478	0.1474824547738968	0.9055436858057854	2.196596365691128	0.27453619498825527		euclidean	answerdotai_ModernBERT-base	1,2	head
micro	-0.2028780768683288	6.66643309414398	7.773277244346998	0.1415132594864678	0.9086665662148203	2.1621396887929216	0.2576147576147576	14183.0	euclidean	answerdotai_ModernBERT-base	1,2	head
macro	-0.35457269255161916	6.008004753441943	6.913308310145853	0.055159895706062126	0.8607479858097865	1.0315576462125287	0.3673242436351663		cosine	answerdotai_ModernBERT-base	0,11	head
micro	-0.3559331399050556	6.56390885866301	7.643923047966144	0.05399003063091266	0.8690940082522631	1.0310373843574452	0.3537823537823538	14183.0	cosine	answerdotai_ModernBERT-base	0,11	head
macro	-0.19930871223233163	6.008004753441943	6.913308310145853	0.1814026658778522	0.9060205801109582	2.062938819673821	0.2865453971621533		euclidean	answerdotai_ModernBERT-base	0,11	head
micro	-0.198434740072812	6.56390885866301	7.643923047966144	0.17627302522121358	0.9100379335770381	2.020272343470141	0.27634777634777635	14183.0	euclidean	answerdotai_ModernBERT-base	0,11	head
macro	-0.35232847016869706	6.079435389644557	7.098894837540917	0.04962971791768599	0.8629701826654956	1.0324700007056942	0.3572158320443886		cosine	answerdotai_ModernBERT-base	1,3	head
micro	-0.35732170995732304	6.678224338678819	7.81014081808615	0.04738533614629125	0.8710058108343574	1.0306635825532646	0.34384384384384387	14183.0	cosine	answerdotai_ModernBERT-base	1,3	head
macro	-0.19952443807913503	6.079435389644557	7.098894837540917	0.14543256997897472	0.9023848946815285	2.2036858989455306	0.2834513620766985		euclidean	answerdotai_ModernBERT-base	1,3	head
micro	-0.20090109487501048	6.678224338678819	7.81014081808615	0.1401582489261376	0.9061850866470164	2.164773332128036	0.26648076648076646	14183.0	euclidean	answerdotai_ModernBERT-base	1,3	head
macro	-0.36330551809703115	6.165070320788946	7.060613399250174	0.04792888209470809	0.8620367950946238	1.0319215659260537	0.35449410673108334		cosine	answerdotai_ModernBERT-base	1,4	head
micro	-0.36849215817138675	6.786804999137291	7.940711835093964	0.04529483823622391	0.8681879329415974	1.0314844076812089	0.34134134134134136	14183.0	cosine	answerdotai_ModernBERT-base	1,4	head
macro	-0.20892213061820925	6.165070320788946	7.060613399250174	0.14508603674404452	0.9046483047203343	2.251538847332579	0.2739023303946924		euclidean	answerdotai_ModernBERT-base	1,4	head
micro	-0.21036798653834027	6.786804999137291	7.940711835093964	0.13916641400715696	0.9068546187433159	2.233044053352928	0.2571857571857572	14183.0	euclidean	answerdotai_ModernBERT-base	1,4	head
macro	-0.3637448556815638	6.2102300267202315	7.060890498285955	0.04862935998186975	0.8603258171416142	1.0344244261836946	0.3575075659943785		cosine	answerdotai_ModernBERT-base	1,5	head
micro	-0.36645134902892224	6.820893724634249	7.891196063318473	0.04717272814076158	0.867684168429939	1.0327079077959749	0.34527384527384525	14183.0	cosine	answerdotai_ModernBERT-base	1,5	head
macro	-0.20823577037244906	6.2102300267202315	7.060890498285955	0.1471869882619922	0.9024975215799675	2.2306686473723993	0.2774559287232758		euclidean	answerdotai_ModernBERT-base	1,5	head
micro	-0.20831804375021595	6.820893724634249	7.891196063318473	0.14321814262170762	0.9058683539303174	2.1863914924789847	0.2603317603317603	14183.0	euclidean	answerdotai_ModernBERT-base	1,5	head
macro	-0.36566333670075907	6.1866679702300145	7.0002808509512136	0.0478429453520894	0.8626921286316467	1.0329731869683652	0.35329420246655646		cosine	answerdotai_ModernBERT-base	1,7	head
micro	-0.37207275835812426	6.841996816853798	7.794845604516627	0.04569591744568655	0.8699889107361142	1.029705025077833	0.3404118404118404	14183.0	cosine	answerdotai_ModernBERT-base	1,7	head
macro	-0.20899853824801953	6.1866679702300145	7.0002808509512136	0.14742191582987554	0.9046686706681342	2.251304374065929	0.27508874150660095		euclidean	answerdotai_ModernBERT-base	1,7	head
micro	-0.21205839112527544	6.841996816853798	7.794845604516627	0.14110801622736013	0.9086046412155674	2.226155023180524	0.2574717574717575	14183.0	euclidean	answerdotai_ModernBERT-base	1,7	head
macro	-0.3593691405647109	6.110265262443539	6.944529580986801	0.0480378381310325	0.8638152390206421	1.0279697591140509	0.35836432113672956		cosine	answerdotai_ModernBERT-base	1,6	head
micro	-0.36373338826546875	6.71128544779416	7.79063084464324	0.045502732789180766	0.8704216628426621	1.026708219431855	0.34412984412984415	14183.0	cosine	answerdotai_ModernBERT-base	1,6	head
macro	-0.2038620463822756	6.110265262443539	6.944529580986801	0.14681664800162533	0.9040868221780176	2.2006402490221415	0.2846226766276963		euclidean	answerdotai_ModernBERT-base	1,6	head
micro	-0.2042024759845145	6.71128544779416	7.79063084464324	0.14103589926227625	0.9063547080699634	2.1775217247177485	0.26655226655226655	14183.0	euclidean	answerdotai_ModernBERT-base	1,6	head
macro	-0.35788043423047616	6.107341782124432	7.052702254975616	0.047133898418183225	0.862219740487493	1.0331688512187183	0.35463868463965986		cosine	answerdotai_ModernBERT-base	1,9	head
micro	-0.3620911385512922	6.719989560523804	7.901185320297409	0.04515101131203151	0.869466696292807	1.0326382976514183	0.34384384384384387	14183.0	cosine	answerdotai_ModernBERT-base	1,9	head
macro	-0.20389491676879692	6.107341782124432	7.052702254975616	0.14478509077382962	0.9022144701300617	2.225418050485964	0.279756736369075		euclidean	answerdotai_ModernBERT-base	1,9	head
micro	-0.20477860529963798	6.719989560523804	7.901185320297409	0.1392431082991014	0.9057119836301951	2.19872516902311	0.2629057629057629	14183.0	euclidean	answerdotai_ModernBERT-base	1,9	head
macro	-0.35565220796196384	6.117614984733814	7.033417654063493	0.050033109741812	0.863931715772628	1.0339354458897956	0.35269804265558713		cosine	answerdotai_ModernBERT-base	1,8	head
micro	-0.35907883584811484	6.718234130471563	7.836445228578451	0.0475355085611485	0.871484676008191	1.0309961500377376	0.33955383955383955	14183.0	cosine	answerdotai_ModernBERT-base	1,8	head
macro	-0.20304119103650867	6.117614984733814	7.033417654063493	0.14971520373861671	0.9043174240407142	2.174130365538664	0.2777653238141334		euclidean	answerdotai_ModernBERT-base	1,8	head
micro	-0.20301354834826896	6.718234130471563	7.836445228578451	0.1444038967120329	0.9073793781802939	2.1418260149725286	0.26204776204776203	14183.0	euclidean	answerdotai_ModernBERT-base	1,8	head
macro	-0.3551681392074692	6.052125232984678	7.16259570997122	0.04764605736719667	0.8634200471937193	1.0273066384681853	0.3616226744511263		cosine	answerdotai_ModernBERT-base	1,10	head
micro	-0.3602806316861218	6.666059625924032	8.047436648954232	0.04491459106045948	0.8697291146815396	1.0272106369199514	0.34756184756184755	14183.0	cosine	answerdotai_ModernBERT-base	1,10	head
macro	-0.20243317730745025	6.052125232984678	7.16259570997122	0.14471405529802628	0.9041447333109917	2.19965670299935	0.28008927924784416		euclidean	answerdotai_ModernBERT-base	1,10	head
micro	-0.20498434850132946	6.666059625924032	8.047436648954232	0.13852620246326694	0.9065632631402395	2.1779659959416047	0.2601887601887602	14183.0	euclidean	answerdotai_ModernBERT-base	1,10	head
macro	-0.3637416210784484	6.123822182810238	7.26162330831237	0.045706119911428846	0.8604426856425577	1.0340836951786534	0.3504828796730112		cosine	answerdotai_ModernBERT-base	1,11	head
micro	-0.36684430581859484	6.728682567450678	8.173765393830411	0.04380052438346021	0.8674354970770458	1.0327489980104514	0.338981838981839	14183.0	cosine	answerdotai_ModernBERT-base	1,11	head
macro	-0.20765072273365204	6.123822182810238	7.26162330831237	0.14045113467747655	0.9016694897870949	2.2813063767641335	0.27195754431367136		euclidean	answerdotai_ModernBERT-base	1,11	head
micro	-0.20750308381063384	6.728682567450678	8.173765393830411	0.13516028411141867	0.9043549845833546	2.249594475182913	0.2574717574717575	14183.0	euclidean	answerdotai_ModernBERT-base	1,11	head
macro	-0.34976262190585683	6.119413589619264	6.881027119789162	0.05893459932959179	0.8633891455561316	1.0259827276182465	0.36541160478575807		cosine	answerdotai_ModernBERT-base	2,3	head
micro	-0.35313675328110905	6.751843957347169	7.606688277987883	0.0573998460348426	0.8708501550837775	1.0251715057162727	0.3534963534963535	14183.0	cosine	answerdotai_ModernBERT-base	2,3	head
macro	-0.1957894983596602	6.119413589619264	6.881027119789162	0.18279926583298994	0.9068430195093414	2.094688322994852	0.29173327709528374		euclidean	answerdotai_ModernBERT-base	2,3	head
micro	-0.19707694029577047	6.751843957347169	7.606688277987883	0.17583682630667066	0.9114213661553774	2.049227165007402	0.2775632775632776	14183.0	euclidean	answerdotai_ModernBERT-base	2,3	head
macro	-0.3543766609316793	6.000344428062532	7.520573978684014	0.05512824071605415	0.8601849226980428	1.028036288764759	0.3637618110913187		cosine	answerdotai_ModernBERT-base	2,4	head
micro	-0.3606841795909023	6.574951697949456	8.428093698487997	0.05305078251174484	0.866530375541718	1.028297921715299	0.35006435006435005	14183.0	cosine	answerdotai_ModernBERT-base	2,4	head
macro	-0.19966099876757568	6.000344428062532	7.520573978684014	0.1783828311175884	0.9034091429907731	2.1266695073981183	0.28693687532277107		euclidean	answerdotai_ModernBERT-base	2,4	head
micro	-0.20154804259700945	6.574951697949456	8.428093698487997	0.17156076480629345	0.9061816282035667	2.1039571411207416	0.2707707707707708	14183.0	euclidean	answerdotai_ModernBERT-base	2,4	head
macro	-0.36067716326878685	6.090928640239818	7.5339196060835105	0.054951100687791264	0.8574162336530424	1.0337857928618666	0.3672823160013929		cosine	answerdotai_ModernBERT-base	2,5	head
micro	-0.3661323601792564	6.690452933142946	8.560081394973022	0.053333782396782575	0.863030483635161	1.034586531463835	0.3534963534963535	14183.0	cosine	answerdotai_ModernBERT-base	2,5	head
macro	-0.20439013543693288	6.090928640239818	7.5339196060835105	0.17794646826456956	0.903923127555665	2.154199643225662	0.2873574087012937		euclidean	answerdotai_ModernBERT-base	2,5	head
micro	-0.2059644811821834	6.690452933142946	8.560081394973022	0.17135997553603563	0.906622047829406	2.1188689776086886	0.27127127127127126	14183.0	euclidean	answerdotai_ModernBERT-base	2,5	head
macro	-0.35823559187721965	5.960190324404345	7.33588399163387	0.057417282349336726	0.8592907473818268	1.0282146228085496	0.37015925854325954		cosine	answerdotai_ModernBERT-base	2,7	head
micro	-0.3620387551867107	6.504018512697402	8.315122324822799	0.055568710749209084	0.865992338365746	1.0266063219016428	0.3584298584298584	14183.0	cosine	answerdotai_ModernBERT-base	2,7	head
macro	-0.20343559505850378	5.960190324404345	7.33588399163387	0.18046675325267275	0.9040608348391193	2.1391035308773088	0.28961626486002695		euclidean	answerdotai_ModernBERT-base	2,7	head
micro	-0.20377935151937615	6.504018512697402	8.315122324822799	0.17435775459980365	0.9066709875732292	2.107394418492926	0.2754897754897755	14183.0	euclidean	answerdotai_ModernBERT-base	2,7	head
macro	-0.36036853864811175	6.036949372809833	7.4786547516896045	0.05680195601965488	0.8612487127950073	1.0262878540568106	0.36837106601903397		cosine	answerdotai_ModernBERT-base	2,6	head
micro	-0.3668063731765956	6.600966319195142	8.530216853248488	0.05446491934762982	0.8667058541549508	1.0264240548865489	0.3552123552123552	14183.0	cosine	answerdotai_ModernBERT-base	2,6	head
macro	-0.20491838352333444	6.036949372809833	7.4786547516896045	0.18063316378305608	0.9031992329551348	2.096601411451002	0.2923116209288072		euclidean	answerdotai_ModernBERT-base	2,6	head
micro	-0.207772443680502	6.600966319195142	8.530216853248488	0.1746125780918591	0.9054306453324017	2.072755240759053	0.27706277706277704	14183.0	euclidean	answerdotai_ModernBERT-base	2,6	head
macro	-0.34530859487641347	6.010555908771242	7.128672656951587	0.058120089293949836	0.8609527912986867	1.03038397279806	0.3651921535522048		cosine	answerdotai_ModernBERT-base	2,8	head
micro	-0.34794638554237634	6.587370523388033	7.975704817531612	0.0563598934258008	0.8676949652014738	1.0289318930127647	0.35413985413985416	14183.0	cosine	answerdotai_ModernBERT-base	2,8	head
macro	-0.1947154338332947	6.010555908771242	7.128672656951587	0.18044463685962653	0.9043998192837157	2.0498758060862112	0.2932792078861754		euclidean	answerdotai_ModernBERT-base	2,8	head
micro	-0.19484703908102138	6.587370523388033	7.975704817531612	0.17472497453725366	0.9079916101697628	2.007866098077638	0.27877877877877877	14183.0	euclidean	answerdotai_ModernBERT-base	2,8	head
macro	-0.3522447194270317	6.033576182074698	7.201575434642193	0.05863097838443139	0.860802340502413	1.0304655845992892	0.36908301101004554		cosine	answerdotai_ModernBERT-base	2,9	head
micro	-0.3545543376718913	6.591195339548226	8.100451841545418	0.0575489638693553	0.8673444563163915	1.0284676136100614	0.3564993564993565	14183.0	cosine	answerdotai_ModernBERT-base	2,9	head
macro	-0.19592162422140239	6.033576182074698	7.201575434642193	0.184275512348189	0.9037080635586446	2.0763298946476114	0.29082222800143026		euclidean	answerdotai_ModernBERT-base	2,9	head
micro	-0.19596241693629618	6.591195339548226	8.100451841545418	0.17944352110838155	0.9075296936694109	2.0365985057709253	0.2774202774202774	14183.0	euclidean	answerdotai_ModernBERT-base	2,9	head
macro	-0.3549607323909643	6.061085609339949	7.393689427090591	0.055439714956240525	0.860089756313502	1.0277082021819575	0.3695854520115407		cosine	answerdotai_ModernBERT-base	2,10	head
micro	-0.3588650687295635	6.6817929762474275	8.292525743718484	0.05287910263205996	0.8667571754228931	1.027046056586586	0.3582153582153582	14183.0	cosine	answerdotai_ModernBERT-base	2,10	head
macro	-0.20177911756512104	6.061085609339949	7.393689427090591	0.17830009593784132	0.9040092094601726	2.099142830051316	0.2882995504493334		euclidean	answerdotai_ModernBERT-base	2,10	head
micro	-0.2032504893434355	6.6817929762474275	8.292525743718484	0.17142188997113555	0.9076239302367666	2.0646110245487286	0.27184327184327184	14183.0	euclidean	answerdotai_ModernBERT-base	2,10	head
macro	-0.3605511221422708	6.053223956624731	7.4178548203027646	0.05506385044764502	0.8582990248744701	1.030800088391365	0.36386586984409813		cosine	answerdotai_ModernBERT-base	2,11	head
micro	-0.36337162258624045	6.626495217039986	8.37142369948897	0.05464670729135299	0.8653774393331449	1.0301564174139024	0.3512083512083512	14183.0	cosine	answerdotai_ModernBERT-base	2,11	head
macro	-0.2046887459581767	6.053223956624731	7.4178548203027646	0.1794664107767854	0.9029997986824494	2.1684993990842227	0.29156871836546155		euclidean	answerdotai_ModernBERT-base	2,11	head
micro	-0.20508940501254708	6.626495217039986	8.37142369948897	0.1751563600102294	0.9062461986597936	2.1285762636645984	0.2774917774917775	14183.0	euclidean	answerdotai_ModernBERT-base	2,11	head
macro	-0.3478614843527677	6.002462330693489	7.4750346161882675	0.059796096342827905	0.8614819347583904	1.0289950487589883	0.3697111045598165		cosine	answerdotai_ModernBERT-base	3,4	head
micro	-0.35345318720737406	6.578005256246253	8.353989626986465	0.0583347089663893	0.8681877289913348	1.0294182338262858	0.3577148577148577	14183.0	cosine	answerdotai_ModernBERT-base	3,4	head
macro	-0.19247892017879087	6.002462330693489	7.4750346161882675	0.18001287649922093	0.90486544423466	2.085125372512022	0.29966967598396094		euclidean	answerdotai_ModernBERT-base	3,4	head
micro	-0.1948766131623828	6.578005256246253	8.353989626986465	0.17412152478073115	0.9079762626961682	2.050100384344923	0.28314028314028317	14183.0	euclidean	answerdotai_ModernBERT-base	3,4	head
macro	-0.35461422920665986	6.240474264166621	7.334201783921331	0.05580825464140098	0.8575389469841317	1.0294238848687327	0.3727520919317357		cosine	answerdotai_ModernBERT-base	3,5	head
micro	-0.3597073355998535	6.8948426753973076	8.168210760405254	0.054339836702862035	0.8644095855984942	1.0284242489617916	0.35735735735735735	14183.0	cosine	answerdotai_ModernBERT-base	3,5	head
macro	-0.19973449180155128	6.240474264166621	7.334201783921331	0.17885750998293856	0.9033711450887648	2.1124020549658264	0.2935767170267617		euclidean	answerdotai_ModernBERT-base	3,5	head
micro	-0.2018223504723859	6.8948426753973076	8.168210760405254	0.172981904027193	0.9073777545718469	2.0650204298414567	0.2779207779207779	14183.0	euclidean	answerdotai_ModernBERT-base	3,5	head
macro	-0.3482371016365703	6.061292136401495	7.155947602092153	0.05791796512710981	0.8630562181189763	1.0256818956263134	0.3687120445634164		cosine	answerdotai_ModernBERT-base	3,6	head
micro	-0.35273165797719086	6.6355365869274845	8.028437747241737	0.05622457578414597	0.8704531503017194	1.026838096239529	0.3560703560703561	14183.0	cosine	answerdotai_ModernBERT-base	3,6	head
macro	-0.1937497370795324	6.061292136401495	7.155947602092153	0.1840281084791132	0.9048777036071397	2.0387888825964975	0.29225084538200347		euclidean	answerdotai_ModernBERT-base	3,6	head
micro	-0.19553118027960917	6.6355365869274845	8.028437747241737	0.17836029479826732	0.9078685232368799	1.9966363422128868	0.27863577863577865	14183.0	euclidean	answerdotai_ModernBERT-base	3,6	head
macro	-0.3560158104693564	6.052079722169859	7.435556631870198	0.05785381370192699	0.8601212421344402	1.0225924449810617	0.3702563678866688		cosine	answerdotai_ModernBERT-base	3,7	head
micro	-0.3592067250044519	6.644900739754542	8.261672388552588	0.05698079499409796	0.8674590335458544	1.022466758416835	0.35442585442585445	14183.0	cosine	answerdotai_ModernBERT-base	3,7	head
macro	-0.20067205306005778	6.052079722169859	7.435556631870198	0.18079273977540236	0.9039905584619554	2.096245541164654	0.2885165273593653		euclidean	answerdotai_ModernBERT-base	3,7	head
micro	-0.2020290129540877	6.644900739754542	8.261672388552588	0.17554935769997954	0.9078925553850808	2.049816857853409	0.27613327613327615	14183.0	euclidean	answerdotai_ModernBERT-base	3,7	head
macro	-0.34169540732444237	6.063967362497317	7.255498442051618	0.05908610024491119	0.862960416983095	1.0285422549584018	0.3727898981166585		cosine	answerdotai_ModernBERT-base	3,8	head
micro	-0.34572752414265856	6.635139478689051	8.070957689028784	0.05821179891278346	0.8705092375761504	1.0268300691899477	0.36221936221936224	14183.0	cosine	answerdotai_ModernBERT-base	3,8	head
macro	-0.19020797686857355	6.063967362497317	7.255498442051618	0.1850411054795657	0.9068593502559334	2.0154017622008897	0.29503745776707285		euclidean	answerdotai_ModernBERT-base	3,8	head
micro	-0.19172129634470383	6.635139478689051	8.070957689028784	0.17926923402029293	0.910922921342137	1.9694238699170192	0.2797082797082797	14183.0	euclidean	answerdotai_ModernBERT-base	3,8	head
macro	-0.3516612376566821	6.074591380634931	7.50697968365998	0.05812046165342261	0.8619098838170967	1.0294671698598412	0.37390653394098994		cosine	answerdotai_ModernBERT-base	3,9	head
micro	-0.35627207893073504	6.693720675278139	8.383493584079647	0.05672371499378671	0.8688663728896098	1.0289851711785374	0.36221936221936224	14183.0	cosine	answerdotai_ModernBERT-base	3,9	head
macro	-0.19561588142018208	6.074591380634931	7.50697968365998	0.18045185005077863	0.9037502007614258	2.060834169587634	0.2928899415332109		euclidean	answerdotai_ModernBERT-base	3,9	head
micro	-0.19710840483367278	6.693720675278139	8.383493584079647	0.17473364841645656	0.9068010697953519	2.028939216634443	0.27935077935077934	14183.0	euclidean	answerdotai_ModernBERT-base	3,9	head
macro	-0.346308897841056	6.007026883971056	7.5122478903369405	0.057752272419602936	0.8613890344933689	1.0273780115120226	0.37428650682167663		cosine	answerdotai_ModernBERT-base	3,10	head
micro	-0.34859267462825133	6.578209118658934	8.421954528986403	0.057037965176759235	0.868297531913165	1.0269876360861283	0.3638638638638639	14183.0	cosine	answerdotai_ModernBERT-base	3,10	head
macro	-0.19637694173554976	6.007026883971056	7.5122478903369405	0.1812634781031276	0.9044301244443272	2.0516240898834903	0.2935315628500335		euclidean	answerdotai_ModernBERT-base	3,10	head
micro	-0.19768821622558982	6.578209118658934	8.421954528986403	0.17624005276742802	0.9082531440828614	2.0059396525734807	0.2797797797797798	14183.0	euclidean	answerdotai_ModernBERT-base	3,10	head
macro	-0.3574367529499527	6.012067330356913	7.308484785949732	0.056531805075347705	0.8603954497413314	1.032914278961224	0.3709049821643602		cosine	answerdotai_ModernBERT-base	3,11	head
micro	-0.35985458307275625	6.569679010724107	8.12691654349308	0.05592480434216841	0.8678294791396908	1.0311783494962865	0.355998855998856	14183.0	cosine	answerdotai_ModernBERT-base	3,11	head
macro	-0.19859104007213058	6.012067330356913	7.308484785949732	0.1830004523701666	0.9049633201623851	2.102455062527084	0.2873389972182564		euclidean	answerdotai_ModernBERT-base	3,11	head
micro	-0.19860893181826111	6.569679010724107	8.12691654349308	0.17871363517902703	0.908748561418784	2.058983627851806	0.2755612755612756	14183.0	euclidean	answerdotai_ModernBERT-base	3,11	head
macro	-0.3666459386572645	6.1492106875819506	7.698700871319421	0.05404178589411854	0.8550927490175485	1.0295968540491198	0.364441864411982		cosine	answerdotai_ModernBERT-base	4,5	head
micro	-0.3728600973201623	6.757443060410539	8.742137739848328	0.052968339020537485	0.860277105403027	1.0262393397994034	0.35027885027885025	14183.0	cosine	answerdotai_ModernBERT-base	4,5	head
macro	-0.20787604720677924	6.1492106875819506	7.698700871319421	0.17790251227779136	0.9008976751630822	2.16789024607733	0.28521848251945225		euclidean	answerdotai_ModernBERT-base	4,5	head
micro	-0.2097009430593113	6.757443060410539	8.742137739848328	0.17283720462606436	0.9032537167765604	2.1301241588594357	0.26884026884026885	14183.0	euclidean	answerdotai_ModernBERT-base	4,5	head
macro	-0.36055166736431316	6.075406424601291	7.629008575655934	0.05507523333132462	0.8586166445073974	1.0229273221049928	0.36709763240398413		cosine	answerdotai_ModernBERT-base	4,6	head
micro	-0.3658660702359629	6.637668466354954	8.590382979276644	0.053847921614951166	0.8650237536608866	1.0242678546207953	0.3511368511368511	14183.0	cosine	answerdotai_ModernBERT-base	4,6	head
macro	-0.20259729403127333	6.075406424601291	7.629008575655934	0.18034863043049873	0.9032931793867025	2.0986506276246057	0.2872618070349454		euclidean	answerdotai_ModernBERT-base	4,6	head
micro	-0.2035669155148127	6.637668466354954	8.590382979276644	0.17535721312038233	0.905854691303149	2.0697520273874	0.27155727155727155	14183.0	euclidean	answerdotai_ModernBERT-base	4,6	head
macro	-0.3607895639089426	6.070399728665422	7.472438745791987	0.057408883037766735	0.8585804567575887	1.0272384018311307	0.36320799759672473		cosine	answerdotai_ModernBERT-base	4,7	head
micro	-0.3667266758817445	6.658699565020129	8.386215112270724	0.056162142252182384	0.8649396148876243	1.0254405643332853	0.3481338481338481	14183.0	cosine	answerdotai_ModernBERT-base	4,7	head
macro	-0.20236281775140197	6.070399728665422	7.472438745791987	0.18346272049751544	0.9032984790373031	2.1466060438652397	0.2881445152650968		euclidean	answerdotai_ModernBERT-base	4,7	head
micro	-0.20437177202415888	6.658699565020129	8.386215112270724	0.17775656342817175	0.9062165958074333	2.116594409396076	0.2724867724867725	14183.0	euclidean	answerdotai_ModernBERT-base	4,7	head
macro	-0.3527094821503084	6.150046888153496	7.017176760411175	0.05688481383303994	0.8627201211807933	1.0318502612294724	0.363290348571749		cosine	answerdotai_ModernBERT-base	4,8	head
micro	-0.3574643100979458	6.730953281936106	7.813396642965954	0.055698625487249194	0.8692038981402129	1.0291618845275858	0.35035035035035034	14183.0	cosine	answerdotai_ModernBERT-base	4,8	head
macro	-0.19586704029836616	6.150046888153496	7.017176760411175	0.1843313015712161	0.9068808143522695	2.0432995654463757	0.29190994251967606		euclidean	answerdotai_ModernBERT-base	4,8	head
micro	-0.19690474162021482	6.730953281936106	7.813396642965954	0.178641719134488	0.9097271035744634	2.01463286005936	0.2780637780637781	14183.0	euclidean	answerdotai_ModernBERT-base	4,8	head
macro	-0.3555632135542861	6.112278369117707	7.390912014902919	0.05759439470595585	0.8584749085985911	1.0295043323809165	0.3689865913339843		cosine	answerdotai_ModernBERT-base	4,9	head
micro	-0.36230850515084995	6.723529734737282	8.322557577789214	0.05544672456344949	0.8647922267369953	1.0286787293259225	0.35735735735735735	14183.0	cosine	answerdotai_ModernBERT-base	4,9	head
macro	-0.198057865486005	6.112278369117707	7.390912014902919	0.18161099407490566	0.9025544272350019	2.0862499548439684	0.2857772080374815		euclidean	answerdotai_ModernBERT-base	4,9	head
micro	-0.19988607638479886	6.723529734737282	8.322557577789214	0.17487924781515504	0.9052412988237613	2.0574195561147848	0.2705562705562706	14183.0	euclidean	answerdotai_ModernBERT-base	4,9	head
macro	-0.3536845441625372	6.030169174633452	7.835225068338973	0.05491997359598985	0.8583294350079959	1.0279265442884318	0.3667753476255318		cosine	answerdotai_ModernBERT-base	4,10	head
micro	-0.36064797999517967	6.615561685563425	8.849252317781115	0.05192992773580345	0.8645142187317538	1.0271929772831494	0.3512798512798513	14183.0	cosine	answerdotai_ModernBERT-base	4,10	head
macro	-0.19816137950396825	6.030169174633452	7.835225068338973	0.18119519956383323	0.902779642454701	2.102271171103161	0.287605965014504		euclidean	answerdotai_ModernBERT-base	4,10	head
micro	-0.20166006552765905	6.615561685563425	8.849252317781115	0.17465498121309062	0.9055670740822762	2.0822045649016947	0.2701987701987702	14183.0	euclidean	answerdotai_ModernBERT-base	4,10	head
macro	-0.35559849813311406	6.044333271791272	7.36511945099563	0.055852737083366646	0.8590671701417031	1.0311695355500292	0.3673787384909398		cosine	answerdotai_ModernBERT-base	4,11	head
micro	-0.3575545583848487	6.595876031120553	8.32204258466106	0.05504448734938993	0.8652108336683048	1.0307869279692163	0.35478335478335477	14183.0	cosine	answerdotai_ModernBERT-base	4,11	head
macro	-0.20090638091482704	6.044333271791272	7.36511945099563	0.18337444193744842	0.9046233107904738	2.1015985974198075	0.28543722193481863		euclidean	answerdotai_ModernBERT-base	4,11	head
micro	-0.2002444477386581	6.595876031120553	8.32204258466106	0.17862008673059523	0.9073320047121626	2.0579819511825885	0.2729157729157729	14183.0	euclidean	answerdotai_ModernBERT-base	4,11	head
macro	-0.36203499305833753	6.1354178320394315	7.189450981389587	0.05584370635210759	0.8601057900881622	1.0327304325731093	0.3657670808346806		cosine	answerdotai_ModernBERT-base	5,6	head
micro	-0.3671244733513315	6.716912538982463	8.147129128518127	0.054402062890675694	0.8659087624645234	1.0338377651467754	0.34963534963534965	14183.0	cosine	answerdotai_ModernBERT-base	5,6	head
macro	-0.2041726120676799	6.1354178320394315	7.189450981389587	0.18208114582950377	0.9042699823572478	2.0836460362728726	0.28650068105375126		euclidean	answerdotai_ModernBERT-base	5,6	head
micro	-0.20594747906711303	6.716912538982463	8.147129128518127	0.17598281400780194	0.9069270187051784	2.0504124039118716	0.270985270985271	14183.0	euclidean	answerdotai_ModernBERT-base	5,6	head
macro	-0.36453091330557597	6.103264272720003	7.414966140621985	0.05626358019200216	0.8569191345926144	1.0319395837907872	0.3618828084963138		cosine	answerdotai_ModernBERT-base	5,7	head
micro	-0.3707862732212253	6.71686326708968	8.359475188747394	0.053524348187005105	0.8628029938126156	1.0303103494492158	0.3456313456313456	14183.0	cosine	answerdotai_ModernBERT-base	5,7	head
macro	-0.20665209796276335	6.103264272720003	7.414966140621985	0.18314842844606177	0.9021224773143678	2.154340976915029	0.28168922301843213		euclidean	answerdotai_ModernBERT-base	5,7	head
micro	-0.20873594606719964	6.71686326708968	8.359475188747394	0.17594954683605454	0.9044757060089594	2.118798995071369	0.26397826397826396	14183.0	euclidean	answerdotai_ModernBERT-base	5,7	head
macro	-0.3533988470526417	6.139207075108802	6.914217770054726	0.05702644881806783	0.8617349443600394	1.0326350089112604	0.37191183126362576		cosine	answerdotai_ModernBERT-base	5,8	head
micro	-0.3594287639853933	6.745036545754189	7.774316184185567	0.054524518602777426	0.8669828383885084	1.0303104119690627	0.358000858000858	14183.0	cosine	answerdotai_ModernBERT-base	5,8	head
macro	-0.19774601212478385	6.139207075108802	6.914217770054726	0.1818437956297174	0.9075480886217441	2.0259885887036697	0.28906875957266237		euclidean	answerdotai_ModernBERT-base	5,8	head
micro	-0.19916707113077908	6.745036545754189	7.774316184185567	0.17411057654704115	0.9094956966708035	2.0001128092575446	0.2722007722007722	14183.0	euclidean	answerdotai_ModernBERT-base	5,8	head
macro	-0.3642632985771227	6.053504731109947	7.85027005127974	0.052142637973572374	0.8559244174065923	1.0336210991290147	0.3752416048254776		cosine	answerdotai_ModernBERT-base	5,10	head
micro	-0.36884613214262296	6.663387846681196	8.857770624588582	0.05055235183110255	0.8616527594297557	1.0320988582971553	0.363005863005863	14183.0	cosine	answerdotai_ModernBERT-base	5,10	head
macro	-0.20693946547942974	6.053504731109947	7.85027005127974	0.17551080396453755	0.9018977438659145	2.1169604629053014	0.2879524267583441		euclidean	answerdotai_ModernBERT-base	5,10	head
micro	-0.208407231483036	6.663387846681196	8.857770624588582	0.16900817736513657	0.9041532330342598	2.0830164441727583	0.27177177177177175	14183.0	euclidean	answerdotai_ModernBERT-base	5,10	head
macro	-0.3562339102106649	6.117197298979116	7.085195527737546	0.056432843620717495	0.859523727494526	1.0357923475897497	0.36736973551171764		cosine	answerdotai_ModernBERT-base	5,9	head
micro	-0.36279510952906463	6.751510783978688	7.922177098764741	0.05469373067708163	0.8661438080270047	1.0338909524453044	0.352995852995853	14183.0	cosine	answerdotai_ModernBERT-base	5,9	head
macro	-0.2011096832322128	6.117197298979116	7.085195527737546	0.18170573227670414	0.9030329841510039	2.1013385478304616	0.2904473137603921		euclidean	answerdotai_ModernBERT-base	5,9	head
micro	-0.20423751119757905	6.751510783978688	7.922177098764741	0.17519076790864238	0.9065867234121431	2.061405597913452	0.27413127413127414	14183.0	euclidean	answerdotai_ModernBERT-base	5,9	head
macro	-0.3665075864663786	6.091215268272284	7.5668578871424845	0.053009881498737706	0.8551363368080861	1.0352881715815736	0.3641027271991763		cosine	answerdotai_ModernBERT-base	5,11	head
micro	-0.36995439593718454	6.674109693109308	8.558517383220025	0.05130748925890519	0.8602709002812544	1.0355852513723514	0.3506363506363506	14183.0	cosine	answerdotai_ModernBERT-base	5,11	head
macro	-0.207307455209996	6.091215268272284	7.5668578871424845	0.18156450860721207	0.9005473738674752	2.155256728889511	0.28555588509409524		euclidean	answerdotai_ModernBERT-base	5,11	head
micro	-0.20789201793669917	6.674109693109308	8.558517383220025	0.1761373732366956	0.9025705139657102	2.117007243993674	0.2699127699127699	14183.0	euclidean	answerdotai_ModernBERT-base	5,11	head
macro	-0.35999436175430394	6.071063721452367	6.983866409267375	0.05607337721102554	0.8624103021381507	1.0272736312726458	0.36213279255180725		cosine	answerdotai_ModernBERT-base	6,7	head
micro	-0.3649970994780709	6.670248536393663	7.805521597384549	0.05414215769101352	0.8697247220503491	1.0284143475830039	0.3481338481338481	14183.0	cosine	answerdotai_ModernBERT-base	6,7	head
macro	-0.2033191641816083	6.071063721452367	6.983866409267375	0.18238227611467492	0.9050653370748561	2.0929859740662846	0.2904090419204341		euclidean	answerdotai_ModernBERT-base	6,7	head
micro	-0.20527592973937922	6.670248536393663	7.805521597384549	0.1764369964903015	0.9083811404976521	2.0551882910255337	0.2778492778492779	14183.0	euclidean	answerdotai_ModernBERT-base	6,7	head
macro	-0.34066651073905163	5.956496850065124	6.856115709224422	0.06264070307795301	0.8655453574069761	1.029881102631391	0.3681684685771265		cosine	answerdotai_ModernBERT-base	6,8	head
micro	-0.34654958822005094	6.493129763799062	7.755476794544236	0.059942656791338686	0.8716687195794894	1.0297836359869783	0.35585585585585583	14183.0	cosine	answerdotai_ModernBERT-base	6,8	head
macro	-0.19025299124974066	5.956496850065124	6.856115709224422	0.1878502194968045	0.9077626802400575	1.9651367309290562	0.29706819947049556		euclidean	answerdotai_ModernBERT-base	6,8	head
micro	-0.19209711748282512	6.493129763799062	7.755476794544236	0.18155240455914304	0.9100872438163731	1.9372078057625228	0.28156728156728156	14183.0	euclidean	answerdotai_ModernBERT-base	6,8	head
macro	-0.35151976610971125	6.027045620391148	7.127808973630388	0.056696218152313474	0.8627257875898052	1.0305653191274438	0.370985271714386		cosine	answerdotai_ModernBERT-base	6,9	head
micro	-0.3575998889633064	6.620560816990686	8.020791640502132	0.05452106263536227	0.8688763987940589	1.0300595430800512	0.3625053625053625	14183.0	cosine	answerdotai_ModernBERT-base	6,9	head
macro	-0.1946807392930777	6.027045620391148	7.127808973630388	0.18309775834047418	0.9046399620710873	2.019383295171774	0.29008468654937264		euclidean	answerdotai_ModernBERT-base	6,9	head
micro	-0.19706186676829845	6.620560816990686	8.020791640502132	0.17635166215295442	0.9071703318121158	1.986175606664309	0.2734162734162734	14183.0	euclidean	answerdotai_ModernBERT-base	6,9	head
macro	-0.343151151814293	5.9863352359782365	7.248636764843208	0.0581410602106559	0.8629324221617416	1.0255694828865742	0.3706690597767277		cosine	answerdotai_ModernBERT-base	6,10	head
micro	-0.3492412705256806	6.557712333650145	8.183609953765282	0.055416268206969786	0.8694571702825873	1.0263023425876239	0.35757185757185755	14183.0	cosine	answerdotai_ModernBERT-base	6,10	head
macro	-0.19169498369173418	5.9863352359782365	7.248636764843208	0.1835552551317292	0.9052377576319988	2.019865656461657	0.2936603867877611		euclidean	answerdotai_ModernBERT-base	6,10	head
micro	-0.19435200118561555	6.557712333650145	8.183609953765282	0.17691211432150486	0.9079027975524829	1.988666928363601	0.27706277706277704	14183.0	euclidean	answerdotai_ModernBERT-base	6,10	head
macro	-0.3578180868062175	6.027883666858581	7.643624691157094	0.05483816359383738	0.8585981983052335	1.0290558384378221	0.3614236264231448		cosine	answerdotai_ModernBERT-base	6,11	head
micro	-0.36289185947493213	6.590094072527345	8.675473242751588	0.05382547890106222	0.8650312782082303	1.0278033515045717	0.34477334477334476	14183.0	cosine	answerdotai_ModernBERT-base	6,11	head
macro	-0.20241837589069395	6.027883666858581	7.643624691157094	0.18343520093226814	0.9028581725694534	2.0566051525428812	0.2847885393618886		euclidean	answerdotai_ModernBERT-base	6,11	head
micro	-0.20425603465315084	6.590094072527345	8.675473242751588	0.17847626634900768	0.9057381668270955	2.0227517835309117	0.2671957671957672	14183.0	euclidean	answerdotai_ModernBERT-base	6,11	head
macro	-0.355889785746787	6.09920794559282	7.417617868032853	0.058294752030438296	0.8619249798362045	1.0301557377709416	0.3638029913728301		cosine	answerdotai_ModernBERT-base	7,8	head
micro	-0.35908727817629493	6.67420478289887	8.37625310663994	0.056077875841589374	0.8685229884215532	1.0269851712552356	0.3511368511368511	14183.0	cosine	answerdotai_ModernBERT-base	7,8	head
macro	-0.19844796093895523	6.09920794559282	7.417617868032853	0.18386633133441216	0.906110032267149	2.079635451193278	0.2878279421296982		euclidean	answerdotai_ModernBERT-base	7,8	head
micro	-0.1990326839161333	6.67420478289887	8.37625310663994	0.17634565127843685	0.9087414256133903	2.03946604279537	0.271986271986272	14183.0	euclidean	answerdotai_ModernBERT-base	7,8	head
macro	-0.35312379322623955	6.00277080744797	7.710569632149118	0.05916340084114165	0.8581530144612606	1.0325709808394778	0.3603149940189189		cosine	answerdotai_ModernBERT-base	7,9	head
micro	-0.358009157142253	6.581379280204944	8.644092153304857	0.057113159371672495	0.8643710101063254	1.031217303973211	0.34477334477334476	14183.0	cosine	answerdotai_ModernBERT-base	7,9	head
macro	-0.19651498859826277	6.00277080744797	7.710569632149118	0.1842006986915655	0.9015201054199588	2.0981766860189355	0.286303399302783		euclidean	answerdotai_ModernBERT-base	7,9	head
micro	-0.1980440758433254	6.581379280204944	8.644092153304857	0.17847902664028473	0.9045929195906045	2.0586177354694724	0.2704132704132704	14183.0	euclidean	answerdotai_ModernBERT-base	7,9	head
macro	-0.36215613629104926	6.10722151051839	7.647992215114091	0.05545932753897483	0.8601448404882349	1.0313967644139104	0.36949305619407985		cosine	answerdotai_ModernBERT-base	7,10	head
micro	-0.36742781734532654	6.745921136295558	8.737690918346027	0.05322438182620311	0.8656860709861628	1.0333989155854684	0.35471185471185473	14183.0	cosine	answerdotai_ModernBERT-base	7,10	head
macro	-0.2028869613654406	6.10722151051839	7.647992215114091	0.18073282583728006	0.9039500234322843	2.118526499588774	0.2904113302926761		euclidean	answerdotai_ModernBERT-base	7,10	head
micro	-0.20441873586187823	6.745921136295558	8.737690918346027	0.1735880415331538	0.9059335273205169	2.0932701856536235	0.2762047762047762	14183.0	euclidean	answerdotai_ModernBERT-base	7,10	head
macro	-0.35664006828712697	6.038727244325115	7.6389855008035425	0.0565906596973477	0.8576537749276055	1.0306337293597756	0.36705960468342		cosine	answerdotai_ModernBERT-base	7,11	head
micro	-0.36066071795157806	6.642573085062695	8.64865832505808	0.05450458852583944	0.8639828350374197	1.0310945050309828	0.35306735306735304	14183.0	cosine	answerdotai_ModernBERT-base	7,11	head
macro	-0.20027680951041701	6.038727244325115	7.6389855008035425	0.18403619985262035	0.9034597267899562	2.129660446032493	0.2870771880955748		euclidean	answerdotai_ModernBERT-base	7,11	head
micro	-0.20105863050034706	6.642573085062695	8.64865832505808	0.178487739812222	0.9061096291903943	2.093970756719697	0.27391677391677394	14183.0	euclidean	answerdotai_ModernBERT-base	7,11	head
macro	-0.34778511096264253	6.092376047265827	7.216634433891339	0.0588141289561014	0.8620994086062436	1.0289527660985665	0.36746993046480697		cosine	answerdotai_ModernBERT-base	8,9	head
micro	-0.3525320352555119	6.669649237851289	8.131430764172519	0.05673843636327813	0.86866791931298	1.0290506971237339	0.35456885456885456	14183.0	cosine	answerdotai_ModernBERT-base	8,9	head
macro	-0.1942334489112514	6.092376047265827	7.216634433891339	0.1891686849535336	0.9054463088459539	2.038670414810719	0.29361068445433847		euclidean	answerdotai_ModernBERT-base	8,9	head
micro	-0.19585405983696616	6.669649237851289	8.131430764172519	0.18143061196177382	0.9085314476326398	2.0038253348072272	0.27863577863577865	14183.0	euclidean	answerdotai_ModernBERT-base	8,9	head
macro	-0.3547364230665375	6.063111908938501	7.307164978276696	0.054445550043663755	0.8608183081828322	1.0303782675032511	0.3715650062248864		cosine	answerdotai_ModernBERT-base	8,10	head
micro	-0.3581348850089041	6.650552773203751	8.185249348757553	0.05254345910230013	0.8672641299285555	1.0289841679617886	0.35978835978835977	14183.0	cosine	answerdotai_ModernBERT-base	8,10	head
macro	-0.20035001936558494	6.063111908938501	7.307164978276696	0.1801539523314967	0.9045298232559115	2.0518454665280124	0.29383472481815287		euclidean	answerdotai_ModernBERT-base	8,10	head
micro	-0.20141426441597549	6.650552773203751	8.185249348757553	0.17453992638160223	0.9075820690904172	2.0119374999958732	0.2777777777777778	14183.0	euclidean	answerdotai_ModernBERT-base	8,10	head
macro	-0.3527396557438085	6.099016811518515	7.720215487899359	0.056343066431096725	0.8582796742412454	1.031130910755792	0.37108266098647663		cosine	answerdotai_ModernBERT-base	8,11	head
micro	-0.3556287179321054	6.66657058431468	8.67794896833962	0.055218242929615184	0.864565271633819	1.0296517512665582	0.35914485914485916	14183.0	cosine	answerdotai_ModernBERT-base	8,11	head
macro	-0.1975404806270497	6.099016811518515	7.720215487899359	0.18087985752268695	0.9031326795837854	2.076477006560312	0.2878176367188497		euclidean	answerdotai_ModernBERT-base	8,11	head
micro	-0.19750764158895937	6.66657058431468	8.67794896833962	0.17621743775113236	0.9061803071664115	2.0388313342992213	0.27391677391677394	14183.0	euclidean	answerdotai_ModernBERT-base	8,11	head
macro	-0.35415639582325603	6.058523953471724	7.347457954663795	0.059094514900209116	0.8612292732353419	1.0287835097950355	0.3740184565214647		cosine	answerdotai_ModernBERT-base	9,10	head
micro	-0.35564728013076197	6.672502865415455	8.196544612418002	0.0574898758544616	0.8680381180743255	1.027360660348001	0.3635778635778636	14183.0	cosine	answerdotai_ModernBERT-base	9,10	head
macro	-0.1981480641770509	6.058523953471724	7.347457954663795	0.1880689474566338	0.9035409125437025	2.035202556251269	0.29278043744712723		euclidean	answerdotai_ModernBERT-base	9,10	head
micro	-0.19876774213558085	6.672502865415455	8.196544612418002	0.18238852809736583	0.9073395749685349	1.9925617207787212	0.2774202774202774	14183.0	euclidean	answerdotai_ModernBERT-base	9,10	head
macro	-0.35106615900886734	6.0711807317911015	7.443674148388009	0.05829766264176688	0.8600831154596487	1.027681705643325	0.36923002019611056		cosine	answerdotai_ModernBERT-base	9,11	head
micro	-0.35364797651168817	6.651105475844404	8.470808350564452	0.05643372604720896	0.8658149165357167	1.0291414981358884	0.3565708565708566	14183.0	cosine	answerdotai_ModernBERT-base	9,11	head
macro	-0.19505837092130698	6.0711807317911015	7.443674148388009	0.1885099911391269	0.9032681758335415	2.063740192331841	0.29199196242402775		euclidean	answerdotai_ModernBERT-base	9,11	head
micro	-0.19531736619053533	6.651105475844404	8.470808350564452	0.18256162637884987	0.9053182841845258	2.0276791010559903	0.2774917774917775	14183.0	euclidean	answerdotai_ModernBERT-base	9,11	head
macro	-0.3490115976188464	6.028535249511295	7.267018369244382	0.05650402594829492	0.859451329998309	1.0266286468129502	0.3718169245539767		cosine	answerdotai_ModernBERT-base	10,11	head
micro	-0.3517972687143211	6.603278588534997	8.118030191693943	0.05505607938111736	0.8660141475635965	1.0260261528467005	0.35964535964535965	14183.0	cosine	answerdotai_ModernBERT-base	10,11	head
macro	-0.19683700098091872	6.028535249511295	7.267018369244382	0.18464445816442618	0.9049401774323351	2.049338140217678	0.2856061590969426		euclidean	answerdotai_ModernBERT-base	10,11	head
micro	-0.1975765491042697	6.603278588534997	8.118030191693943	0.1794268700163887	0.9081058571434728	2.0126122922346044	0.2724867724867725	14183.0	euclidean	answerdotai_ModernBERT-base	10,11	head
macro	-0.3493679012666338	5.998731241482421	7.018396033826351	0.05319835754053489	0.8626040949040925	1.0322659001419159	0.35548310692837504		cosine	answerdotai_ModernBERT-base	0,1,2	head
micro	-0.35356604787990004	6.562048900102489	7.9003934478298765	0.050600848157168275	0.8695767570617837	1.0308069697308548	0.34262834262834263	14183.0	cosine	answerdotai_ModernBERT-base	0,1,2	head
macro	-0.19684232202354515	5.998731241482421	7.018396033826351	0.16142251147571646	0.9038412346331561	1.7383503426555704	0.28209916192086076		euclidean	answerdotai_ModernBERT-base	0,1,2	head
micro	-0.19813438602464567	6.562048900102489	7.9003934478298765	0.15509475634939734	0.9069626353708141	1.7098710833103374	0.26583726583726586	14183.0	euclidean	answerdotai_ModernBERT-base	0,1,2	head
macro	-0.35090532977541933	6.004441604145926	7.217399817999099	0.0532736826125731	0.8614827470558267	1.0354758379714435	0.35936306649699773		cosine	answerdotai_ModernBERT-base	0,1,3	head
micro	-0.3558662078294298	6.601953665515831	8.063609810834068	0.05070702652106774	0.8689032571180852	1.0328001973532224	0.3457743457743458	14183.0	cosine	answerdotai_ModernBERT-base	0,1,3	head
macro	-0.19762659642685365	6.004441604145926	7.217399817999099	0.158434783168717	0.9015090961867558	1.7451936568021333	0.2849178517844945		euclidean	answerdotai_ModernBERT-base	0,1,3	head
micro	-0.19914165539033296	6.601953665515831	8.063609810834068	0.15357124360844138	0.904459447951903	1.7174357037868437	0.2679107679107679	14183.0	euclidean	answerdotai_ModernBERT-base	0,1,3	head
macro	-0.35487997442098757	6.024934665713715	7.230470474251755	0.051989755014769275	0.8618867993555626	1.0352555164385149	0.3578594324159561		cosine	answerdotai_ModernBERT-base	0,1,4	head
micro	-0.3602315033209977	6.61095465642247	8.220922587792993	0.049403116527058956	0.8677397449159924	1.0340753398469973	0.34441584441584444	14183.0	cosine	answerdotai_ModernBERT-base	0,1,4	head
macro	-0.2010973166326069	6.024934665713715	7.230470474251755	0.15967164968642208	0.9034576561590579	1.7497209586718496	0.27966191640304017		euclidean	answerdotai_ModernBERT-base	0,1,4	head
micro	-0.20238389120459646	6.61095465642247	8.220922587792993	0.15445665502743924	0.9052618619297014	1.733515090866193	0.26404976404976405	14183.0	euclidean	answerdotai_ModernBERT-base	0,1,4	head
macro	-0.3570055170860156	6.075325291034304	7.212502170568734	0.053711132998877656	0.8608793531757185	1.0358110108835197	0.36414371891117053		cosine	answerdotai_ModernBERT-base	0,1,5	head
micro	-0.360314868048877	6.668206609875333	8.160197955345101	0.05155933467349883	0.86771748596884	1.0335191231468757	0.3510653510653511	14183.0	cosine	answerdotai_ModernBERT-base	0,1,5	head
macro	-0.20236874106235275	6.075325291034304	7.212502170568734	0.16172519851189276	0.9034716305685145	1.7392601812137511	0.2821699517146409		euclidean	answerdotai_ModernBERT-base	0,1,5	head
micro	-0.20241087018064524	6.668206609875333	8.160197955345101	0.15763813762018505	0.9063334244050928	1.710402118457658	0.26354926354926356	14183.0	euclidean	answerdotai_ModernBERT-base	0,1,5	head
macro	-0.3527081701114734	6.0192370354477385	7.035108458794749	0.05373243065788376	0.8631391681679095	1.0309080092669138	0.35761654957054423		cosine	answerdotai_ModernBERT-base	0,1,6	head
micro	-0.3564335891836196	6.599442603269983	7.896153563891	0.05130076093343411	0.8699517122780785	1.028371547425198	0.3429143429143429	14183.0	cosine	answerdotai_ModernBERT-base	0,1,6	head
macro	-0.19749119870214957	6.0192370354477385	7.035108458794749	0.1586975768296815	0.9026231263553891	1.7199599751346248	0.28492786883354204		euclidean	answerdotai_ModernBERT-base	0,1,6	head
micro	-0.19778777396278605	6.599442603269983	7.896153563891	0.1541756235599283	0.904811904478204	1.6961619745532326	0.2678392678392678	14183.0	euclidean	answerdotai_ModernBERT-base	0,1,6	head
macro	-0.34895920389184104	6.061510675076245	7.143311147154875	0.05503474814856486	0.862423177950784	1.0329693160478164	0.3585754831192258		cosine	answerdotai_ModernBERT-base	0,1,8	head
micro	-0.35141951348441464	6.677808521247796	7.988562285572973	0.05208111182459074	0.869786436209468	1.0300751203624947	0.3462033462033462	14183.0	cosine	answerdotai_ModernBERT-base	0,1,8	head
macro	-0.19746159574819996	6.061510675076245	7.143311147154875	0.1621441847462838	0.9035503010782467	1.70197037856896	0.2846003132051785		euclidean	answerdotai_ModernBERT-base	0,1,8	head
micro	-0.19711496793878813	6.677808521247796	7.988562285572973	0.15632633393669235	0.9061748295688817	1.6740954047585097	0.2699127699127699	14183.0	euclidean	answerdotai_ModernBERT-base	0,1,8	head
macro	-0.35739016747520747	6.069427435447257	7.209392349741491	0.05441921181280773	0.8622495765112543	1.0355496368592616	0.35646853046753463		cosine	answerdotai_ModernBERT-base	0,1,7	head
micro	-0.36393488632390675	6.699000745475916	8.073834029296009	0.052003652531572436	0.869144463005488	1.0323287855224987	0.3426998426998427	14183.0	cosine	answerdotai_ModernBERT-base	0,1,7	head
macro	-0.20172884968034716	6.069427435447257	7.209392349741491	0.15909495333669904	0.9046111860765915	1.7661271046595268	0.283579699302896		euclidean	answerdotai_ModernBERT-base	0,1,7	head
micro	-0.20461808132567075	6.699000745475916	8.073834029296009	0.15326735956110432	0.907750184521059	1.7492333542130294	0.26633776633776635	14183.0	euclidean	answerdotai_ModernBERT-base	0,1,7	head
macro	-0.35240966772946014	6.008212317400936	7.0515985172459885	0.05351004741688807	0.8626073634061249	1.0357131877678685	0.3599597391585616		cosine	answerdotai_ModernBERT-base	0,1,9	head
micro	-0.35640430759308567	6.605068411848953	7.953178225732341	0.05128816293214087	0.8693846531460246	1.0349451593577386	0.34777634777634775	14183.0	cosine	answerdotai_ModernBERT-base	0,1,9	head
macro	-0.1989680907262903	6.008212317400936	7.0515985172459885	0.16004708075087137	0.9029856485413943	1.7389331452457877	0.28494070247883757		euclidean	answerdotai_ModernBERT-base	0,1,9	head
micro	-0.19981849752023256	6.605068411848953	7.953178225732341	0.15541373677029519	0.9057574936604027	1.7163616232745862	0.2682682682682683	14183.0	euclidean	answerdotai_ModernBERT-base	0,1,9	head
macro	-0.3495498433207834	5.961066970859296	7.4947616075677805	0.05246477199345864	0.8612228750242233	1.0310645522152806	0.36052948614995617		cosine	answerdotai_ModernBERT-base	0,1,10	head
micro	-0.35461263519828584	6.5729708604303285	8.495910949575928	0.049435486265930716	0.8673373231523821	1.0309707354736588	0.3464893464893465	14183.0	cosine	answerdotai_ModernBERT-base	0,1,10	head
macro	-0.1964968774556538	5.961066970859296	7.4947616075677805	0.158569174814622	0.9023227258425854	1.7416916638323758	0.2845296598433312		euclidean	answerdotai_ModernBERT-base	0,1,10	head
micro	-0.1984894652406589	6.5729708604303285	8.495910949575928	0.15351560859153043	0.904447281719511	1.7242798957867658	0.2651937651937652	14183.0	euclidean	answerdotai_ModernBERT-base	0,1,10	head
macro	-0.3564469515628773	6.032831403528742	7.1617089767128785	0.05053648942457822	0.8606159111909982	1.0349974406995477	0.356253618233589		cosine	answerdotai_ModernBERT-base	0,1,11	head
micro	-0.35925373289808565	6.629445929197155	8.021262074585458	0.04888362121755537	0.8682332771191852	1.0331526287175647	0.34427284427284427	14183.0	cosine	answerdotai_ModernBERT-base	0,1,11	head
macro	-0.20164709936148023	6.032831403528742	7.1617089767128785	0.15444037484765516	0.9021805206120598	1.7774571737015776	0.27828583496189074		euclidean	answerdotai_ModernBERT-base	0,1,11	head
micro	-0.20113957261200502	6.629445929197155	8.021262074585458	0.1503387298274729	0.9051578336287718	1.7522263718887265	0.2648362648362648	14183.0	euclidean	answerdotai_ModernBERT-base	0,1,11	head
macro	-0.35137407086677896	6.068604783774628	6.6539580575495245	0.059046050886210226	0.8629407829230751	1.029930830707635	0.3695433702391737		cosine	answerdotai_ModernBERT-base	0,2,3	head
micro	-0.3548470112336651	6.660037182972497	7.370316179191091	0.05685613035389922	0.8704212118927648	1.0287107407021174	0.3585728585728586	14183.0	cosine	answerdotai_ModernBERT-base	0,2,3	head
macro	-0.19729880816596193	6.068604783774628	6.6539580575495245	0.17939499196739886	0.9064114110481614	1.7018708677758159	0.29369792875208717		euclidean	answerdotai_ModernBERT-base	0,2,3	head
micro	-0.19879647244783416	6.660037182972497	7.370316179191091	0.17217246783508472	0.9108502649608076	1.665711068073186	0.27913627913627914	14183.0	euclidean	answerdotai_ModernBERT-base	0,2,3	head
macro	-0.3504029342636696	5.940155272919755	7.192922559434941	0.0578419147201905	0.8608269503890894	1.031602233087714	0.3666378183420409		cosine	answerdotai_ModernBERT-base	0,2,4	head
micro	-0.3559985813830055	6.48248183214216	8.08444072205944	0.05563934024011437	0.8673042682187918	1.0314856392153473	0.35192335192335195	14183.0	cosine	answerdotai_ModernBERT-base	0,2,4	head
macro	-0.19611159615649038	5.940155272919755	7.192922559434941	0.18096073213694555	0.9038597258705958	1.6974610017645941	0.2921087107876971		euclidean	answerdotai_ModernBERT-base	0,2,4	head
micro	-0.19758806513982882	6.48248183214216	8.08444072205944	0.17396109706187374	0.9070506843529408	1.6732037580617072	0.27677677677677676	14183.0	euclidean	answerdotai_ModernBERT-base	0,2,4	head
macro	-0.3560574429229331	6.019329967822998	7.1710788504898595	0.05782449130004671	0.8598028728963201	1.0341067082901534	0.37746459672415633		cosine	answerdotai_ModernBERT-base	0,2,5	head
micro	-0.36066840503510583	6.567719895456576	8.129376763334506	0.055891964485583354	0.8658601591511736	1.0338779168720338	0.3655083655083655	14183.0	cosine	answerdotai_ModernBERT-base	0,2,5	head
macro	-0.20113261845463667	6.019329967822998	7.1710788504898595	0.1799105976919025	0.9061713967809383	1.7133236727278722	0.2911699928886193		euclidean	answerdotai_ModernBERT-base	0,2,5	head
micro	-0.20189441192245744	6.567719895456576	8.129376763334506	0.1731463998862223	0.9094342864266223	1.6843394733254686	0.2762047762047762	14183.0	euclidean	answerdotai_ModernBERT-base	0,2,5	head
macro	-0.35656109408250486	5.987151724032615	7.04160121000391	0.05841931467499912	0.861901693018863	1.02815644108761	0.3711208315201468		cosine	answerdotai_ModernBERT-base	0,2,6	head
micro	-0.3609014307869319	6.513261981806303	7.912713922658563	0.05610392690275463	0.8683791069805039	1.027302968328735	0.3595023595023595	14183.0	cosine	answerdotai_ModernBERT-base	0,2,6	head
macro	-0.20056029564687028	5.987151724032615	7.04160121000391	0.18123480084910615	0.9034634567652694	1.6791043148995084	0.2956704949982436		euclidean	answerdotai_ModernBERT-base	0,2,6	head
micro	-0.20236358551619918	6.513261981806303	7.912713922658563	0.1740752632365358	0.9066209863445231	1.6497716676032628	0.2804947804947805	14183.0	euclidean	answerdotai_ModernBERT-base	0,2,6	head
macro	-0.354893458265056	5.953162116976827	7.0794189383428625	0.058173222821427	0.8604097174579081	1.0321778847666445	0.3712748109699428		cosine	answerdotai_ModernBERT-base	0,2,7	head
micro	-0.3592488199806378	6.4833374207261345	7.9371449071050755	0.05575910868581241	0.8674335692730213	1.0301233887544354	0.36007436007436006	14183.0	cosine	answerdotai_ModernBERT-base	0,2,7	head
macro	-0.19985317004837674	5.953162116976827	7.0794189383428625	0.17987946969346694	0.9056639453210347	1.7218429467433916	0.2935435856852979		euclidean	answerdotai_ModernBERT-base	0,2,7	head
micro	-0.20083069816619736	6.4833374207261345	7.9371449071050755	0.17364842051292087	0.9087899595721852	1.6964799996381492	0.27963677963677963	14183.0	euclidean	answerdotai_ModernBERT-base	0,2,7	head
macro	-0.3501117835845984	5.992041638297133	6.731065270061852	0.059540995534989295	0.8627806668177767	1.033020163308869	0.3719935419776948		cosine	answerdotai_ModernBERT-base	0,2,9	head
micro	-0.35270237788923137	6.5283876868959405	7.524378231831787	0.05826308062414283	0.869487176819477	1.0323378635380225	0.35914485914485916	14183.0	cosine	answerdotai_ModernBERT-base	0,2,9	head
macro	-0.19487722495048562	5.992041638297133	6.731065270061852	0.1828251477192875	0.9059237301256892	1.6725088158475923	0.2942369931259453		euclidean	answerdotai_ModernBERT-base	0,2,9	head
micro	-0.19531038028135644	6.5283876868959405	7.524378231831787	0.17750938579585124	0.909826725296498	1.638104189887571	0.2803517803517804	14183.0	euclidean	answerdotai_ModernBERT-base	0,2,9	head
macro	-0.3437914044467315	6.013970026362615	6.796988986146695	0.06026439242972993	0.861169014623179	1.029404216451858	0.3723609870847253		cosine	answerdotai_ModernBERT-base	0,2,8	head
micro	-0.34536964616801813	6.584569642299803	7.521088779978474	0.058544367288730206	0.8684638423113716	1.0282998632938047	0.36236236236236236	14183.0	cosine	answerdotai_ModernBERT-base	0,2,8	head
macro	-0.19372354934094788	6.013970026362615	6.796988986146695	0.18156370971109143	0.9052654463665001	1.6503492270935078	0.2976020857210855		euclidean	answerdotai_ModernBERT-base	0,2,8	head
micro	-0.1935829678577963	6.584569642299803	7.521088779978474	0.17419976493273986	0.909257398206262	1.6115299429305616	0.28356928356928357	14183.0	euclidean	answerdotai_ModernBERT-base	0,2,8	head
macro	-0.3527531588338142	6.0003541556848585	7.309257533489605	0.05619768325180604	0.859548260630558	1.0307546808970498	0.372320303734376		cosine	answerdotai_ModernBERT-base	0,2,10	head
micro	-0.3565211984857643	6.586415168733025	8.199624532580208	0.0536845689259898	0.8662772921671081	1.0311436933149702	0.36043186043186043	14183.0	cosine	answerdotai_ModernBERT-base	0,2,10	head
macro	-0.19856064436101598	6.0003541556848585	7.309257533489605	0.17537166216302838	0.9036812098778976	1.703861173786072	0.2904908124519557		euclidean	answerdotai_ModernBERT-base	0,2,10	head
micro	-0.19989817638316673	6.586415168733025	8.199624532580208	0.16902612064485414	0.9074437368521384	1.674405066486404	0.2753467753467754	14183.0	euclidean	answerdotai_ModernBERT-base	0,2,10	head
macro	-0.35780394940322363	6.023320081463733	6.874492082607015	0.05609708666234357	0.8601694983662623	1.030748185497888	0.36928332747552156		cosine	answerdotai_ModernBERT-base	0,2,11	head
micro	-0.3598104222468813	6.56303660390149	7.613188229809989	0.05484596576940337	0.8683855782507471	1.0308640718199886	0.35785785785785784	14183.0	cosine	answerdotai_ModernBERT-base	0,2,11	head
macro	-0.20170276351727787	6.023320081463733	6.874492082607015	0.17837209928515854	0.9047537830600394	1.7321105640888481	0.29009284812714903		euclidean	answerdotai_ModernBERT-base	0,2,11	head
micro	-0.20155031453453878	6.56303660390149	7.613188229809989	0.1725803395024584	0.9091285607503462	1.696993563585302	0.27913627913627914	14183.0	euclidean	answerdotai_ModernBERT-base	0,2,11	head
macro	-0.34843666761925446	5.953829142575414	7.244657369137083	0.05955984924443663	0.8619481912967916	1.0320992280263495	0.36733550714198615		cosine	answerdotai_ModernBERT-base	0,3,4	head
micro	-0.3540674007871546	6.51860329703453	8.195499808805286	0.05765070034614655	0.8683457563976308	1.031536755520064	0.3556413556413556	14183.0	cosine	answerdotai_ModernBERT-base	0,3,4	head
macro	-0.1938526256902019	5.953829142575414	7.244657369137083	0.17895579246049878	0.9047572484813045	1.679431388024179	0.2958088453817529		euclidean	answerdotai_ModernBERT-base	0,3,4	head
micro	-0.19633714578343925	6.51860329703453	8.195499808805286	0.17423603187085426	0.9075408128364781	1.6521754757951306	0.28113828113828115	14183.0	euclidean	answerdotai_ModernBERT-base	0,3,4	head
macro	-0.35489786988675986	6.137412680293364	7.105880972445176	0.057701415596150045	0.8603930040830695	1.0316254628904007	0.37055496214203515		cosine	answerdotai_ModernBERT-base	0,3,5	head
micro	-0.3599030547512977	6.753366598061008	8.020296397911263	0.05487678421847806	0.8668081529492808	1.0297519475588286	0.3582153582153582	14183.0	cosine	answerdotai_ModernBERT-base	0,3,5	head
macro	-0.20032354921299197	6.137412680293364	7.105880972445176	0.17913322463252224	0.9056833735727554	1.6957227998475517	0.29087228442168095		euclidean	answerdotai_ModernBERT-base	0,3,5	head
micro	-0.20220113001280332	6.753366598061008	8.020296397911263	0.17203673474698272	0.9090522052672725	1.6642717033506604	0.27434577434577434	14183.0	euclidean	answerdotai_ModernBERT-base	0,3,5	head
macro	-0.3493222783265304	6.0260007256595465	6.867416941784558	0.058431537908005995	0.8641451738183205	1.029040134898056	0.36802303404685854		cosine	answerdotai_ModernBERT-base	0,3,6	head
micro	-0.3529520109356321	6.595422386281954	7.690104942815686	0.0566882783036216	0.8716966435145808	1.0280233972957848	0.3562848562848563	14183.0	cosine	answerdotai_ModernBERT-base	0,3,6	head
macro	-0.19466209929458034	6.0260007256595465	6.867416941784558	0.182391631803262	0.9047573332705253	1.6499526405983178	0.29307633993416116		euclidean	answerdotai_ModernBERT-base	0,3,6	head
micro	-0.19638267466821308	6.595422386281954	7.690104942815686	0.1771957671251698	0.9077438356057422	1.6140762361723637	0.2777777777777778	14183.0	euclidean	answerdotai_ModernBERT-base	0,3,6	head
macro	-0.3562639229077544	6.037365059075398	7.237273987868732	0.058243138598702164	0.8611954155968662	1.0274239707347543	0.36846525261921026		cosine	answerdotai_ModernBERT-base	0,3,7	head
micro	-0.36059489971680686	6.639663168536234	8.072128468723218	0.0559008116063359	0.8683798633047682	1.026230576331881	0.3552123552123552	14183.0	cosine	answerdotai_ModernBERT-base	0,3,7	head
macro	-0.2000286664659258	6.037365059075398	7.237273987868732	0.1828095506288074	0.9053071539587325	1.7030453574624878	0.2919152982430025		euclidean	answerdotai_ModernBERT-base	0,3,7	head
micro	-0.20221277125933454	6.639663168536234	8.072128468723218	0.17678829848362268	0.9087072330532913	1.6727669895822124	0.27656227656227655	14183.0	euclidean	answerdotai_ModernBERT-base	0,3,7	head
macro	-0.34401211488127487	6.090077222918068	7.010377609190531	0.05959976431394994	0.8624424150880741	1.0289271533393292	0.370540535488462		cosine	answerdotai_ModernBERT-base	0,3,8	head
micro	-0.3473073523737389	6.700507700674541	7.816660311847775	0.05811888028134706	0.8699026512274988	1.0266595061810098	0.36064636064636063	14183.0	cosine	answerdotai_ModernBERT-base	0,3,8	head
macro	-0.19268362037368827	6.090077222918068	7.010377609190531	0.18341803056281225	0.9063735981132882	1.6363641828518534	0.2933663528172944		euclidean	answerdotai_ModernBERT-base	0,3,8	head
micro	-0.19420909985923002	6.700507700674541	7.816660311847775	0.17706262381438215	0.9099660272446435	1.5992872790559063	0.27892177892177894	14183.0	euclidean	answerdotai_ModernBERT-base	0,3,8	head
macro	-0.3537372154829346	6.041753541712776	7.058296199822046	0.05814441993096848	0.8631972411965922	1.032901758078746	0.3713621133570951		cosine	answerdotai_ModernBERT-base	0,3,9	head
micro	-0.35845682372284143	6.652140244827495	7.935299669331074	0.05641494856236684	0.8698291754217354	1.0321182611876263	0.35957385957385957	14183.0	cosine	answerdotai_ModernBERT-base	0,3,9	head
macro	-0.19785977174160274	6.041753541712776	7.058296199822046	0.18141948845639727	0.9054913060519477	1.6693063933601588	0.2939794009273973		euclidean	answerdotai_ModernBERT-base	0,3,9	head
micro	-0.19975685622200878	6.652140244827495	7.935299669331074	0.17563172488957357	0.9082052903431204	1.642742284314989	0.27892177892177894	14183.0	euclidean	answerdotai_ModernBERT-base	0,3,9	head
macro	-0.3496264453991468	5.969754189946572	7.4757796158638055	0.05648690087839768	0.8604089794983995	1.0306834096101825	0.3728033085317124		cosine	answerdotai_ModernBERT-base	0,3,10	head
micro	-0.35319153120633284	6.5542058963113705	8.451290118612778	0.05537290930214956	0.8671648815070135	1.0303107583873186	0.36214786214786215	14183.0	cosine	answerdotai_ModernBERT-base	0,3,10	head
macro	-0.19734515397037736	5.969754189946572	7.4757796158638055	0.17992179351629412	0.9036206535563777	1.682909972061592	0.29118958075025314		euclidean	answerdotai_ModernBERT-base	0,3,10	head
micro	-0.19936206184821856	6.5542058963113705	8.451290118612778	0.1753735067773174	0.9070595505650607	1.6506028443347234	0.27677677677677676	14183.0	euclidean	answerdotai_ModernBERT-base	0,3,10	head
macro	-0.357318165148551	6.0102956296691685	6.886314676811305	0.05524701517606349	0.8617716443210545	1.033192503638119	0.3719765017320704		cosine	answerdotai_ModernBERT-base	0,3,11	head
micro	-0.3599973441740022	6.574426892669434	7.610799165599695	0.05427437230499398	0.8701141239844662	1.0314651385450748	0.3587873587873588	14183.0	cosine	answerdotai_ModernBERT-base	0,3,11	head
macro	-0.19965588632474265	6.0102956296691685	6.886314676811305	0.17819278142224107	0.9057488676379818	1.6999284137558632	0.2900751598173311		euclidean	answerdotai_ModernBERT-base	0,3,11	head
micro	-0.19987008799276182	6.574426892669434	7.610799165599695	0.17439004677223716	0.909921239055808	1.666548479299358	0.27899327899327897	14183.0	euclidean	answerdotai_ModernBERT-base	0,3,11	head
macro	-0.35792898398890266	6.030015315920883	7.396631493603949	0.05784296416647088	0.8593423904853743	1.0314549519979683	0.3657371742736746		cosine	answerdotai_ModernBERT-base	0,4,5	head
micro	-0.36399428357524133	6.600556152789829	8.474080225686183	0.0557948315751488	0.8644211596657989	1.028139234524473	0.35220935220935223	14183.0	cosine	answerdotai_ModernBERT-base	0,4,5	head
macro	-0.20187077253504912	6.030015315920883	7.396631493603949	0.1827396087823786	0.9044684303392645	1.7022527657341675	0.2903370364303171		euclidean	answerdotai_ModernBERT-base	0,4,5	head
micro	-0.20318702859015025	6.600556152789829	8.474080225686183	0.1780762756165442	0.9068073449843448	1.6756840085558538	0.2744887744887745	14183.0	euclidean	answerdotai_ModernBERT-base	0,4,5	head
macro	-0.35213484749703616	5.9772365576036695	7.258661442080072	0.05684319587119464	0.8611165018411587	1.0277879912385088	0.36654118721762086		cosine	answerdotai_ModernBERT-base	0,4,6	head
micro	-0.3558755754537632	6.516538855221195	8.173337438040068	0.056616862998630245	0.8678923987070222	1.0273192741877508	0.35192335192335195	14183.0	cosine	answerdotai_ModernBERT-base	0,4,6	head
macro	-0.19688516578090925	5.9772365576036695	7.258661442080072	0.18382894674497646	0.9037687988787256	1.6606021712403154	0.2896945623552918		euclidean	answerdotai_ModernBERT-base	0,4,6	head
micro	-0.19747835780565012	6.516538855221195	8.173337438040068	0.18016108858940977	0.9066175617085698	1.6312518724625806	0.27405977405977405	14183.0	euclidean	answerdotai_ModernBERT-base	0,4,6	head
macro	-0.3548019200112449	5.991345391273335	7.31279736632048	0.05864210427367811	0.8610396279161259	1.03092316268603	0.36584314589593786		cosine	answerdotai_ModernBERT-base	0,4,7	head
micro	-0.36088253579570095	6.569389523395872	8.240746406650178	0.05702106344764266	0.867157550328841	1.0295493727442955	0.3517088517088517	14183.0	cosine	answerdotai_ModernBERT-base	0,4,7	head
macro	-0.19691847214997893	5.991345391273335	7.31279736632048	0.18374018419039234	0.905300852581822	1.7071695584842201	0.29131500229918067		euclidean	answerdotai_ModernBERT-base	0,4,7	head
micro	-0.19895165817402521	6.569389523395872	8.240746406650178	0.17789925735176898	0.9079223199418446	1.6863273310403153	0.27663377663377664	14183.0	euclidean	answerdotai_ModernBERT-base	0,4,7	head
macro	-0.3459785882091081	6.076048698902375	6.885408635926291	0.058528355020700924	0.8632076367373772	1.0309706583755895	0.36711389106608183		cosine	answerdotai_ModernBERT-base	0,4,8	head
micro	-0.34936490906952333	6.669572431596688	7.700850593626544	0.05735482516773041	0.8698518119331583	1.0291043860901334	0.35435435435435436	14183.0	cosine	answerdotai_ModernBERT-base	0,4,8	head
macro	-0.19223549484075506	6.076048698902375	6.885408635926291	0.18470476639827874	0.9070413687879235	1.6267794660663788	0.29704626028188813		euclidean	answerdotai_ModernBERT-base	0,4,8	head
micro	-0.19266076402464372	6.669572431596688	7.700850593626544	0.17858288029240796	0.90988776600165	1.598445180306977	0.28364078364078366	14183.0	euclidean	answerdotai_ModernBERT-base	0,4,8	head
macro	-0.3483363430417429	5.9457690194010935	7.715650544704914	0.05728516197891817	0.8592935063297436	1.0308125371795958	0.3672631615034545		cosine	answerdotai_ModernBERT-base	0,4,10	head
micro	-0.3545366956516392	6.527037084655998	8.782061222545616	0.0546429901862533	0.8653283930001691	1.0306625258460222	0.3527813527813528	14183.0	cosine	answerdotai_ModernBERT-base	0,4,10	head
macro	-0.19434432049853656	5.9457690194010935	7.715650544704914	0.1805259264004639	0.9032693550032396	1.6852725224463352	0.29170981755842534		euclidean	answerdotai_ModernBERT-base	0,4,10	head
micro	-0.1969180562078151	6.527037084655998	8.782061222545616	0.17485729233683683	0.9059051173216108	1.6670765343921712	0.2757042757042757	14183.0	euclidean	answerdotai_ModernBERT-base	0,4,10	head
macro	-0.35072208631624896	6.004180327466289	7.018502718707996	0.059814905177444935	0.8618698877540881	1.0333316272676902	0.36954987037790876		cosine	answerdotai_ModernBERT-base	0,4,9	head
micro	-0.3569401982235863	6.5878618576008705	7.958148195218315	0.058979780025587424	0.8678081310317689	1.0331072793026759	0.3552123552123552	14183.0	cosine	answerdotai_ModernBERT-base	0,4,9	head
macro	-0.19561300961660094	6.004180327466289	7.018502718707996	0.18620819025352536	0.9053360858351465	1.658080410404265	0.29033093858025644		euclidean	answerdotai_ModernBERT-base	0,4,9	head
micro	-0.19740455200853188	6.5878618576008705	7.958148195218315	0.18006795079159102	0.9077900945869491	1.6328959144950097	0.2757757757757758	14183.0	euclidean	answerdotai_ModernBERT-base	0,4,9	head
macro	-0.35190315176950293	5.985200158682513	6.973326025833133	0.05875197162336114	0.8612212344223205	1.0320894747683773	0.36729871242833756		cosine	answerdotai_ModernBERT-base	0,4,11	head
micro	-0.3532509299820186	6.527078345957209	7.818981149125644	0.0582841149182865	0.8685242163234098	1.0317161415506984	0.3535678535678536	14183.0	cosine	answerdotai_ModernBERT-base	0,4,11	head
macro	-0.1974200415998098	5.985200158682513	6.973326025833133	0.18530030875838163	0.9057718353051001	1.676489231065442	0.28623134316545196		euclidean	answerdotai_ModernBERT-base	0,4,11	head
micro	-0.19641231157415753	6.527078345957209	7.818981149125644	0.18135655985005175	0.9092870840866951	1.6422031171989284	0.2759187759187759	14183.0	euclidean	answerdotai_ModernBERT-base	0,4,11	head
macro	-0.35558369488014036	6.033678039343638	6.9132233237398015	0.05877207228462522	0.8633420330887769	1.0321448567587952	0.3676956466597448		cosine	answerdotai_ModernBERT-base	0,5,6	head
micro	-0.35922278112302497	6.5896530331192995	7.809169306441834	0.05647665942089203	0.8697947830242357	1.031242675069579	0.3524953524953525	14183.0	cosine	answerdotai_ModernBERT-base	0,5,6	head
macro	-0.19963834636046435	6.033678039343638	6.9132233237398015	0.18820536375048558	0.9066381762589971	1.6527765522760203	0.28818812002641286		euclidean	answerdotai_ModernBERT-base	0,5,6	head
micro	-0.2005791094199488	6.5896530331192995	7.809169306441834	0.18182485551821348	0.9096584872473562	1.6235988233240795	0.2719147719147719	14183.0	euclidean	answerdotai_ModernBERT-base	0,5,6	head
macro	-0.35905126337429566	6.040523372734962	7.251967833324813	0.05829971990017321	0.8599999231685713	1.0329772627567457	0.3665273973935585		cosine	answerdotai_ModernBERT-base	0,5,7	head
micro	-0.36516786385485484	6.636367097735467	8.186741197043041	0.05554861443781329	0.8659464324419088	1.0304387852592198	0.351994851994852	14183.0	cosine	answerdotai_ModernBERT-base	0,5,7	head
macro	-0.20186741384839074	6.040523372734962	7.251967833324813	0.18455239193206638	0.9059547443119065	1.7143851580223457	0.28667389536354143		euclidean	answerdotai_ModernBERT-base	0,5,7	head
micro	-0.20374547478081548	6.636367097735467	8.186741197043041	0.17725258535362998	0.9083555877628035	1.6925188902607267	0.2696982696982697	14183.0	euclidean	answerdotai_ModernBERT-base	0,5,7	head
macro	-0.3491146001046204	6.090197646794868	6.77846426239265	0.0595149745034412	0.8631716593857741	1.030192846409091	0.372040329828459		cosine	answerdotai_ModernBERT-base	0,5,8	head
micro	-0.3530584644495354	6.698893069355317	7.621072703310485	0.057159188615978754	0.8690441188620842	1.027864792660126	0.35993135993135994	14183.0	cosine	answerdotai_ModernBERT-base	0,5,8	head
macro	-0.19587036362856017	6.090197646794868	6.77846426239265	0.18475848304091952	0.9094047131725126	1.6193969144057088	0.2943607427590881		euclidean	answerdotai_ModernBERT-base	0,5,8	head
micro	-0.19632250978049323	6.698893069355317	7.621072703310485	0.177866524788124	0.9117813220692348	1.595203610192326	0.27935077935077934	14183.0	euclidean	answerdotai_ModernBERT-base	0,5,8	head
macro	-0.35223902948118224	6.0278828738523735	6.790717478118075	0.05957767630072392	0.8630582732131544	1.0360006097709447	0.3697109040558638		cosine	answerdotai_ModernBERT-base	0,5,9	head
micro	-0.358204174512123	6.624848425153368	7.6534461163326775	0.05793751068639362	0.8692738405301602	1.0342600180673849	0.35721435721435724	14183.0	cosine	answerdotai_ModernBERT-base	0,5,9	head
macro	-0.19890645365942558	6.0278828738523735	6.790717478118075	0.18399715612070872	0.9074364591901758	1.6690165765043667	0.28833041068498066		euclidean	answerdotai_ModernBERT-base	0,5,9	head
micro	-0.2012374740080442	6.624848425153368	7.6534461163326775	0.17720632318311175	0.9105579280888435	1.6403039333117433	0.2722007722007722	14183.0	euclidean	answerdotai_ModernBERT-base	0,5,9	head
macro	-0.3574160460411457	5.9738812444200216	7.707104348220894	0.05595977141616049	0.8581751015957182	1.0335124789047598	0.37466199877368744		cosine	answerdotai_ModernBERT-base	0,5,10	head
micro	-0.3614550567425622	6.570229638266365	8.757470713630337	0.05359206154049618	0.8640671676531133	1.0323496257212552	0.36314886314886313	14183.0	cosine	answerdotai_ModernBERT-base	0,5,10	head
macro	-0.20170745134630946	5.9738812444200216	7.707104348220894	0.17808805295590838	0.904109174903729	1.6967582288183902	0.28932404722973726		euclidean	answerdotai_ModernBERT-base	0,5,10	head
micro	-0.20260921824127853	6.570229638266365	8.757470713630337	0.17174017932297128	0.9066001048716434	1.6722602658466972	0.27405977405977405	14183.0	euclidean	answerdotai_ModernBERT-base	0,5,10	head
macro	-0.354694516067816	6.0106883070626305	6.81096950742031	0.05872092354985237	0.8644767873796795	1.0299703483326248	0.36468817014895005		cosine	answerdotai_ModernBERT-base	0,6,7	head
micro	-0.3589263801403882	6.595328028081469	7.537962596746527	0.05670370754272651	0.8720533094418595	1.0293222474231407	0.3524953524953525	14183.0	cosine	answerdotai_ModernBERT-base	0,6,7	head
macro	-0.19870067407741424	6.0106883070626305	6.81096950742031	0.183527123727897	0.9065768436308779	1.6751486651416878	0.29538356960235773		euclidean	answerdotai_ModernBERT-base	0,6,7	head
micro	-0.20052167595245174	6.595328028081469	7.537962596746527	0.1779077856247705	0.9099115386864325	1.644844098324532	0.28135278135278136	14183.0	euclidean	answerdotai_ModernBERT-base	0,6,7	head
macro	-0.3613277248607934	6.050028394261897	7.100793429184909	0.05519693895948907	0.8588077207330591	1.034306398454889	0.36932490753954617		cosine	answerdotai_ModernBERT-base	0,5,11	head
micro	-0.36428000309566055	6.618122432316279	7.969970188651442	0.05276915791624359	0.8652686565837494	1.0337769857155839	0.3564993564993565	14183.0	cosine	answerdotai_ModernBERT-base	0,5,11	head
macro	-0.20363547236429017	6.050028394261897	7.100793429184909	0.18205053454896764	0.904606125585201	1.7085000971683482	0.28615890023014995		euclidean	answerdotai_ModernBERT-base	0,5,11	head
micro	-0.2034768179572394	6.618122432316279	7.969970188651442	0.17595738516008166	0.9076052589232023	1.68009214733342	0.2724867724867725	14183.0	euclidean	answerdotai_ModernBERT-base	0,5,11	head
macro	-0.3386456518497409	5.972173698016072	6.617643043190289	0.06199623936105037	0.8656323209932627	1.028818934687905	0.3670943919771598		cosine	answerdotai_ModernBERT-base	0,6,8	head
micro	-0.34140217474196766	6.535963332232195	7.361007861785181	0.060515966175582546	0.8729176599250307	1.02734933128154	0.35664235664235666	14183.0	cosine	answerdotai_ModernBERT-base	0,6,8	head
macro	-0.18888452544623785	5.972173698016072	6.617643043190289	0.18591266696762643	0.9074200119952766	1.5816521930284502	0.2986667643689633		euclidean	answerdotai_ModernBERT-base	0,6,8	head
micro	-0.18975631519918934	6.535963332232195	7.361007861785181	0.18032427658376174	0.9104184506019979	1.5482569253332534	0.2853567853567854	14183.0	euclidean	answerdotai_ModernBERT-base	0,6,8	head
macro	-0.3479265503874111	5.970988252324637	6.674496453294883	0.06080784500345958	0.8656486599725702	1.031863665233031	0.37105405932241753		cosine	answerdotai_ModernBERT-base	0,6,9	head
micro	-0.35234228421213204	6.544293078853934	7.453411859465582	0.05975758048274343	0.8722987014405665	1.0309203812616463	0.3607178607178607	14183.0	cosine	answerdotai_ModernBERT-base	0,6,9	head
macro	-0.19262845318329017	5.970988252324637	6.674496453294883	0.1879236193137335	0.9066080649445644	1.6182123749062227	0.2916382964415623		euclidean	answerdotai_ModernBERT-base	0,6,9	head
micro	-0.1946246230213441	6.544293078853934	7.453411859465582	0.1826139331304809	0.9093614738747241	1.5856056887396255	0.2752037752037752	14183.0	euclidean	answerdotai_ModernBERT-base	0,6,9	head
macro	-0.3421632090792801	5.933195309658914	7.20456540428079	0.05944274867410937	0.8628769548169516	1.0280664330925728	0.37104234398542446		cosine	answerdotai_ModernBERT-base	0,6,10	head
micro	-0.34668229933914796	6.4984228670414845	8.106879602543934	0.05725654953094315	0.869700327682891	1.028058508924049	0.3592163592163592	14183.0	cosine	answerdotai_ModernBERT-base	0,6,10	head
macro	-0.19049066965419037	5.933195309658914	7.20456540428079	0.1847158679839271	0.9045393385108446	1.6381628501971268	0.29500707473632476		euclidean	answerdotai_ModernBERT-base	0,6,10	head
micro	-0.1924797521299972	6.4984228670414845	8.106879602543934	0.178632039935831	0.9074067966086946	1.6088975757795392	0.27963677963677963	14183.0	euclidean	answerdotai_ModernBERT-base	0,6,10	head
macro	-0.3532568496349378	5.992062464602376	7.034904229573401	0.057521484814794216	0.8617115463449205	1.028040145389918	0.3652581995711222		cosine	answerdotai_ModernBERT-base	0,6,11	head
micro	-0.3562965867655542	6.540030486230944	7.829604531602547	0.05625562148633855	0.8695716673651389	1.0262353567223177	0.34977834977834976	14183.0	cosine	answerdotai_ModernBERT-base	0,6,11	head
macro	-0.19903994697025645	5.992062464602376	7.034904229573401	0.18379037946474	0.9044949890844907	1.6473738284283672	0.28938061694614897		euclidean	answerdotai_ModernBERT-base	0,6,11	head
micro	-0.19995634836879808	6.540030486230944	7.829604531602547	0.17856426572576686	0.908329863475368	1.614440002434259	0.27456027456027454	14183.0	euclidean	answerdotai_ModernBERT-base	0,6,11	head
macro	-0.35126150069274725	6.088408645997514	7.199743052002702	0.058378328221710296	0.8627133390492525	1.0299478252489471	0.3656093895372657		cosine	answerdotai_ModernBERT-base	0,7,8	head
micro	-0.35402907235404923	6.700879561249124	8.056916996981766	0.05636101980767845	0.869585011339882	1.0269989251577458	0.3536393536393536	14183.0	cosine	answerdotai_ModernBERT-base	0,7,8	head
macro	-0.19503474543762606	6.088408645997514	7.199743052002702	0.1828757965917836	0.9073960179984666	1.6671479069195163	0.2951782239569746		euclidean	answerdotai_ModernBERT-base	0,7,8	head
micro	-0.1957831098737044	6.700879561249124	8.056916996981766	0.17574672395515537	0.9101478165898043	1.6363588962806483	0.2799227799227799	14183.0	euclidean	answerdotai_ModernBERT-base	0,7,8	head
macro	-0.35129735629778946	5.970733413971039	7.28219283293648	0.059384326767084356	0.8615666712700318	1.0348431291511118	0.3628139631707139		cosine	answerdotai_ModernBERT-base	0,7,9	head
micro	-0.35696272354902886	6.555281298620704	8.15266661327683	0.0576838962631602	0.8676564183357401	1.0338169955333927	0.3486343486343486	14183.0	cosine	answerdotai_ModernBERT-base	0,7,9	head
macro	-0.1950202867809431	5.970733413971039	7.28219283293648	0.187257930342646	0.9054274050900436	1.683981294948551	0.29186342615089544		euclidean	answerdotai_ModernBERT-base	0,7,9	head
micro	-0.19709426488809031	6.555281298620704	8.15266661327683	0.18212838892244662	0.9081681238687023	1.657093994530969	0.27606177606177607	14183.0	euclidean	answerdotai_ModernBERT-base	0,7,9	head
macro	-0.3555408147201664	6.022224990778623	7.62805256128088	0.05655845009751356	0.8609433022553652	1.0331502039463065	0.36667442672064704		cosine	answerdotai_ModernBERT-base	0,7,10	head
micro	-0.36095076186952807	6.6541308913912784	8.677858368693048	0.05419354331168634	0.8665864423938037	1.0342132644413156	0.352995852995853	14183.0	cosine	answerdotai_ModernBERT-base	0,7,10	head
macro	-0.1979026356365724	6.022224990778623	7.62805256128088	0.18120145724136064	0.9051766815204303	1.7123835524050006	0.2924647050571155		euclidean	answerdotai_ModernBERT-base	0,7,10	head
micro	-0.19972976531987968	6.6541308913912784	8.677858368693048	0.17464324185747143	0.9072360000584635	1.6947187919067328	0.27863577863577865	14183.0	euclidean	answerdotai_ModernBERT-base	0,7,10	head
macro	-0.35422840967391317	6.004973777912624	7.1917451608013545	0.05660902993013025	0.860551864442052	1.0320213205324413	0.3679052565273845		cosine	answerdotai_ModernBERT-base	0,7,11	head
micro	-0.3580963264834395	6.598248279138619	8.012957293930688	0.05502836162240406	0.8680059005728072	1.0318450478430865	0.3555698555698556	14183.0	cosine	answerdotai_ModernBERT-base	0,7,11	head
macro	-0.19813571203878821	6.004973777912624	7.1917451608013545	0.18404322349927255	0.9062379030065869	1.709730578764358	0.2893610137575254		euclidean	answerdotai_ModernBERT-base	0,7,11	head
micro	-0.1989657869539089	6.598248279138619	8.012957293930688	0.1772477513507395	0.9096615852891652	1.6840799400477142	0.2778492778492779	14183.0	euclidean	answerdotai_ModernBERT-base	0,7,11	head
macro	-0.3458093784435057	6.080913288861323	6.824083933123258	0.06002684570873247	0.8637737286577095	1.0294909489838995	0.3691871351841805		cosine	answerdotai_ModernBERT-base	0,8,9	head
micro	-0.34913460635964394	6.682582750765128	7.646110936506385	0.05847215060086113	0.8704638464832717	1.0299391619753413	0.3562133562133562	14183.0	cosine	answerdotai_ModernBERT-base	0,8,9	head
macro	-0.19396650425872713	6.080913288861323	6.824083933123258	0.18807618759829856	0.9076877770574302	1.6287228571163515	0.294259750699865		euclidean	answerdotai_ModernBERT-base	0,8,9	head
micro	-0.1950509682115896	6.682582750765128	7.646110936506385	0.18114453634007968	0.9106555226675467	1.595975880706696	0.2807807807807808	14183.0	euclidean	answerdotai_ModernBERT-base	0,8,9	head
macro	-0.3498961819838049	6.053607094726804	7.298719819887291	0.05570514296981887	0.8603243188141939	1.0288966285443288	0.3724731587542486		cosine	answerdotai_ModernBERT-base	0,8,10	head
micro	-0.35238153543402956	6.682965622251477	8.175965145869943	0.05392251403150965	0.866991277182167	1.0282111280871395	0.3611468611468611	14183.0	cosine	answerdotai_ModernBERT-base	0,8,10	head
macro	-0.19694127494333438	6.053607094726804	7.298719819887291	0.1816041000652356	0.9045630798253832	1.65425357211523	0.29772413829247174		euclidean	answerdotai_ModernBERT-base	0,8,10	head
micro	-0.19766702557974844	6.682965622251477	8.175965145869943	0.1756191275954509	0.9076578751075434	1.620759902211473	0.2832117832117832	14183.0	euclidean	answerdotai_ModernBERT-base	0,8,10	head
macro	-0.34901460885863594	6.090556085037699	7.135423115909211	0.05723509847544538	0.8603494698797901	1.0279343088051494	0.37226181795201013		cosine	answerdotai_ModernBERT-base	0,8,11	head
micro	-0.35018529671097726	6.677005654780428	7.892654045090949	0.055853755851186716	0.8681163287588671	1.026809944826926	0.35978835978835977	14183.0	cosine	answerdotai_ModernBERT-base	0,8,11	head
macro	-0.19585747905045472	6.090556085037699	7.135423115909211	0.18339253159449978	0.905345803725405	1.657489127178952	0.2929418993563008		euclidean	answerdotai_ModernBERT-base	0,8,11	head
micro	-0.19517299637284913	6.677005654780428	7.892654045090949	0.17817766159755935	0.9092259260489702	1.6229737845911598	0.2812097812097812	14183.0	euclidean	answerdotai_ModernBERT-base	0,8,11	head
macro	-0.3507250034355067	5.9918944929485045	7.2277818842682615	0.05904363768888825	0.8619664143017318	1.0320878823357156	0.37278865768178715		cosine	answerdotai_ModernBERT-base	0,9,10	head
micro	-0.3533019740612019	6.601619936617291	8.125089911267416	0.05700968313504	0.8683048679755554	1.0321856524159334	0.3617188617188617	14183.0	cosine	answerdotai_ModernBERT-base	0,9,10	head
macro	-0.19558129945095393	5.9918944929485045	7.2277818842682615	0.18604283716380127	0.904908646273684	1.653333771808255	0.2930808572156621		euclidean	answerdotai_ModernBERT-base	0,9,10	head
micro	-0.19681596054247388	6.601619936617291	8.125089911267416	0.18132194805524207	0.9081789883789223	1.6215007796260301	0.277992277992278	14183.0	euclidean	answerdotai_ModernBERT-base	0,9,10	head
macro	-0.3501804621021028	6.015825714924983	6.839201298217291	0.058873096473564715	0.8632361043262691	1.0295936267553822	0.3712514670393154		cosine	answerdotai_ModernBERT-base	0,9,11	head
micro	-0.352610803159568	6.5730258752985185	7.675212056115018	0.05753961694963463	0.8700836671530372	1.031431421134509	0.3595023595023595	14183.0	cosine	answerdotai_ModernBERT-base	0,9,11	head
macro	-0.19529395776141406	6.015825714924983	6.839201298217291	0.18946346213336185	0.9067042021710441	1.6582804144351628	0.2916362193424272		euclidean	answerdotai_ModernBERT-base	0,9,11	head
micro	-0.19544576896996052	6.5730258752985185	7.675212056115018	0.18428971550156686	0.9095346764124125	1.6280335131748336	0.27999427999428	14183.0	euclidean	answerdotai_ModernBERT-base	0,9,11	head
macro	-0.34822842846971225	6.097995990639181	6.834373442373011	0.05317892237229056	0.8654540122687442	1.0289503489831853	0.3569094019390263		cosine	answerdotai_ModernBERT-base	1,2,3	head
micro	-0.3527667784923161	6.706715134059643	7.540732021357555	0.05094505460727189	0.8733845326005448	1.0268365551505165	0.3433433433433433	14183.0	cosine	answerdotai_ModernBERT-base	1,2,3	head
macro	-0.1956183284888728	6.097995990639181	6.834373442373011	0.16110620210716073	0.9057342665720429	1.751419944541765	0.2849402771501159		euclidean	answerdotai_ModernBERT-base	1,2,3	head
micro	-0.19739742013068462	6.706715134059643	7.540732021357555	0.15543799610451725	0.9098265405172548	1.7158858981423366	0.26876876876876876	14183.0	euclidean	answerdotai_ModernBERT-base	1,2,3	head
macro	-0.34753764839976714	5.987392055483912	7.106625647204928	0.055276044735595775	0.8603684112472885	1.0278015885081742	0.3725156533208211		cosine	answerdotai_ModernBERT-base	0,10,11	head
micro	-0.350447711982918	6.56863962879169	7.896614784290992	0.05384737655083972	0.8678260425390342	1.0282675757292115	0.35971685971685974	14183.0	cosine	answerdotai_ModernBERT-base	0,10,11	head
macro	-0.19514368780722677	5.987392055483912	7.106625647204928	0.1826852471300549	0.9054221545098622	1.6681312832492852	0.287154021883323		euclidean	answerdotai_ModernBERT-base	0,10,11	head
micro	-0.1957374055387243	6.56863962879169	7.896614784290992	0.17765025887324937	0.909122046489411	1.6397586819423347	0.27584727584727586	14183.0	euclidean	answerdotai_ModernBERT-base	0,10,11	head
macro	-0.3543010177914432	6.064857937333216	7.081464715449964	0.05201352831398195	0.8636179198288116	1.029018185198438	0.351069722371703		cosine	answerdotai_ModernBERT-base	1,2,4	head
micro	-0.359563564040447	6.662739361696012	7.968804790067914	0.04988381445388639	0.8699263343827098	1.0286367366168998	0.338981838981839	14183.0	cosine	answerdotai_ModernBERT-base	1,2,4	head
macro	-0.20165005602383168	6.064857937333216	7.081464715449964	0.15927957300866596	0.9056394556282836	1.771062899643148	0.2776486151098938		euclidean	answerdotai_ModernBERT-base	1,2,4	head
micro	-0.20359704188405212	6.662739361696012	7.968804790067914	0.15187125915022773	0.9079697210055618	1.7532094130410736	0.2602602602602603	14183.0	euclidean	answerdotai_ModernBERT-base	1,2,4	head
macro	-0.358278147710731	6.123457060719285	7.205421004675547	0.05243834140621011	0.861209205911872	1.0314158998451182	0.35859623109811645		cosine	answerdotai_ModernBERT-base	1,2,5	head
micro	-0.36198747611833193	6.719957650628835	8.121625679897429	0.050731779708510664	0.8682045892895642	1.0309791504116257	0.34713284713284714	14183.0	cosine	answerdotai_ModernBERT-base	1,2,5	head
macro	-0.20268895773698298	6.123457060719285	7.205421004675547	0.16017275685687588	0.904371567105987	1.7797797990166961	0.28120108272317784		euclidean	answerdotai_ModernBERT-base	1,2,5	head
micro	-0.2036013510498373	6.719957650628835	8.121625679897429	0.1548003900867131	0.907699423306859	1.744577955314715	0.2636922636922637	14183.0	euclidean	answerdotai_ModernBERT-base	1,2,5	head
macro	-0.3587289553615126	6.072452669793974	7.189310436357464	0.051661185818714324	0.8632596218662832	1.0260410341040858	0.35850736789495224		cosine	answerdotai_ModernBERT-base	1,2,6	head
micro	-0.36435228629612865	6.656205539053676	8.152263707290176	0.049351912963135854	0.8690232988040882	1.0250223641034588	0.34491634491634493	14183.0	cosine	answerdotai_ModernBERT-base	1,2,6	head
macro	-0.20341857658779938	6.072452669793974	7.189310436357464	0.15604728719655722	0.9042496428341418	1.765861548627464	0.2827880852317264		euclidean	answerdotai_ModernBERT-base	1,2,6	head
micro	-0.20547548640531998	6.656205539053676	8.152263707290176	0.14980695219338827	0.906320421768866	1.747106829390556	0.2646217646217646	14183.0	euclidean	answerdotai_ModernBERT-base	1,2,6	head
macro	-0.3561545396917168	6.0530601685028484	6.988875768137006	0.053322358935459654	0.8632983697764806	1.0305462819027444	0.360554332261582		cosine	answerdotai_ModernBERT-base	1,2,7	head
micro	-0.361854454937734	6.64590209048891	7.853206809089277	0.05073494762984024	0.8705732229990235	1.0272587959715422	0.34956384956384956	14183.0	cosine	answerdotai_ModernBERT-base	1,2,7	head
macro	-0.20296854570183848	6.0530601685028484	6.988875768137006	0.16190550004769916	0.9061284991738806	1.7771375721974325	0.28019549014222533		euclidean	answerdotai_ModernBERT-base	1,2,7	head
micro	-0.2056269349083396	6.64590209048891	7.853206809089277	0.15483846319984718	0.9096413135842767	1.7545639476556472	0.2646217646217646	14183.0	euclidean	answerdotai_ModernBERT-base	1,2,7	head
macro	-0.3463983867456121	6.049144156132048	7.021182777161166	0.05371701857417213	0.8636399879368872	1.030466514320823	0.3574530783846765		cosine	answerdotai_ModernBERT-base	1,2,8	head
micro	-0.3495375047916901	6.6449454815699225	7.845581850411606	0.0511977869028883	0.87105227769405	1.0282751297723554	0.34405834405834407	14183.0	cosine	answerdotai_ModernBERT-base	1,2,8	head
macro	-0.19635636337029178	6.049144156132048	7.021182777161166	0.15983013699263585	0.9045535137848404	1.7252986225070914	0.28436665485404594		euclidean	answerdotai_ModernBERT-base	1,2,8	head
micro	-0.19693179215420323	6.6449454815699225	7.845581850411606	0.15446427084886574	0.9078991717709797	1.6937930073599827	0.26662376662376663	14183.0	euclidean	answerdotai_ModernBERT-base	1,2,8	head
macro	-0.3507118586819983	6.056037374230597	6.938866350217166	0.054085936231362715	0.8638670102927326	1.029635143564293	0.35758545879811643		cosine	answerdotai_ModernBERT-base	1,2,9	head
micro	-0.35400429938432565	6.638094173557594	7.81111660372335	0.052308065662833546	0.8709201086259557	1.0280913238544807	0.34534534534534533	14183.0	cosine	answerdotai_ModernBERT-base	1,2,9	head
macro	-0.19765456903803952	6.056037374230597	6.938866350217166	0.16069463039602178	0.9049719675786575	1.7529618686457626	0.28375358253986255		euclidean	answerdotai_ModernBERT-base	1,2,9	head
micro	-0.19851023921117963	6.638094173557594	7.81111660372335	0.15465819000383324	0.9086285368436838	1.7241634281878897	0.2681252681252681	14183.0	euclidean	answerdotai_ModernBERT-base	1,2,9	head
macro	-0.3521888346586295	6.035527230846278	7.056582220837078	0.05170370907598788	0.8640400745885308	1.0261395473205384	0.359445353114135		cosine	answerdotai_ModernBERT-base	1,2,10	head
micro	-0.3572705208344306	6.644396247557177	7.938083803502386	0.04920618590873738	0.8706045981326324	1.0255178118327941	0.34677534677534677	14183.0	cosine	answerdotai_ModernBERT-base	1,2,10	head
macro	-0.19990165323475884	6.035527230846278	7.056582220837078	0.15886104721532973	0.9060334285185042	1.7511188442220234	0.2812706463974823		euclidean	answerdotai_ModernBERT-base	1,2,10	head
micro	-0.20272245131179886	6.644396247557177	7.938083803502386	0.1516231679196454	0.9088910729987209	1.7286446070857449	0.2624767624767625	14183.0	euclidean	answerdotai_ModernBERT-base	1,2,10	head
macro	-0.3590310715274792	6.059492800479721	7.167327949134314	0.04950478766717417	0.8619568606428154	1.0305302641837566	0.3529625101473653		cosine	answerdotai_ModernBERT-base	1,2,11	head
micro	-0.3636012912917838	6.649183435897178	8.091723730555048	0.04811219014597707	0.8691401486589561	1.0296087190482652	0.3406263406263406	14183.0	cosine	answerdotai_ModernBERT-base	1,2,11	head
macro	-0.20458423294890044	6.059492800479721	7.167327949134314	0.15469971633295623	0.9036412344573388	1.8193831425482803	0.2778953061488345		euclidean	answerdotai_ModernBERT-base	1,2,11	head
micro	-0.20592214196312358	6.649183435897178	8.091723730555048	0.1488820760108926	0.9065966227411669	1.7911996454469241	0.2623337623337623	14183.0	euclidean	answerdotai_ModernBERT-base	1,2,11	head
macro	-0.35382091965496126	6.0813128539103865	7.217441896550279	0.05237426070513207	0.862005175875066	1.0345863373454873	0.3606562360533928		cosine	answerdotai_ModernBERT-base	1,3,4	head
micro	-0.35893147129203457	6.687980066240835	8.02659779921182	0.05008760532649612	0.8690521008671956	1.0338152766103574	0.34727584727584726	14183.0	cosine	answerdotai_ModernBERT-base	1,3,4	head
macro	-0.20005009831741363	6.0813128539103865	7.217441896550279	0.156381924765935	0.9034242665638395	1.7804553467276965	0.2856918896572374		euclidean	answerdotai_ModernBERT-base	1,3,4	head
micro	-0.20157311272065412	6.687980066240835	8.02659779921182	0.14956075991189965	0.9062438043853844	1.7559351325646926	0.26998426998427	14183.0	euclidean	answerdotai_ModernBERT-base	1,3,4	head
macro	-0.35852292028732197	6.224888647406656	7.2416925547222695	0.05165695900136642	0.8593339409225111	1.03306325903249	0.3620351116824666		cosine	answerdotai_ModernBERT-base	1,3,5	head
micro	-0.362227401127378	6.844481583165702	7.9788643316404135	0.04985708859177918	0.8676052559475836	1.031526043433623	0.3487773487773488	14183.0	cosine	answerdotai_ModernBERT-base	1,3,5	head
macro	-0.20319065143347093	6.224888647406656	7.2416925547222695	0.15689694173883428	0.9011143001498567	1.7872649275488952	0.2836375887067587		euclidean	answerdotai_ModernBERT-base	1,3,5	head
micro	-0.20380219891166446	6.844481583165702	7.9788643316404135	0.15246207466331446	0.9054839624440352	1.7454761880477199	0.2676962676962677	14183.0	euclidean	answerdotai_ModernBERT-base	1,3,5	head
macro	-0.3542714438732616	6.061079560346875	7.134038089340558	0.051383284946058226	0.8625420897509012	1.0295729062345738	0.35948280377102854		cosine	answerdotai_ModernBERT-base	1,3,6	head
micro	-0.3585839925737016	6.648414508922194	7.921190850587066	0.04900737668451227	0.8700307566157491	1.0287250392575946	0.34505934505934505	14183.0	cosine	answerdotai_ModernBERT-base	1,3,6	head
macro	-0.19894465973149314	6.061079560346875	7.134038089340558	0.15645776007432882	0.9023372516870529	1.7654894393651699	0.28631705306377603		euclidean	answerdotai_ModernBERT-base	1,3,6	head
micro	-0.19963366972084118	6.648414508922194	7.921190850587066	0.1507195784912979	0.9050962027490502	1.7370865254185033	0.26998426998427	14183.0	euclidean	answerdotai_ModernBERT-base	1,3,6	head
macro	-0.35962058410805137	6.106371837608341	7.205915859875654	0.05249640230916957	0.8617655795750161	1.0300434544622064	0.3611186568423059		cosine	answerdotai_ModernBERT-base	1,3,7	head
micro	-0.36499338558054933	6.727693147201103	7.922625038982216	0.050449107510289505	0.8696956365630787	1.027390390553259	0.3464893464893465	14183.0	cosine	answerdotai_ModernBERT-base	1,3,7	head
macro	-0.20462760689112025	6.106371837608341	7.205915859875654	0.15691193857928523	0.9031481925415872	1.783457458564418	0.28146790578834013		euclidean	answerdotai_ModernBERT-base	1,3,7	head
micro	-0.2070257154472479	6.727693147201103	7.922625038982216	0.1514862915183677	0.9075770725234991	1.752830140120114	0.2656227656227656	14183.0	euclidean	answerdotai_ModernBERT-base	1,3,7	head
macro	-0.34838805686801055	6.0778691621529655	7.273066872544439	0.05378174380353679	0.8628710414772385	1.0336926199850645	0.3609341206859956		cosine	answerdotai_ModernBERT-base	1,3,8	head
micro	-0.3532534675308499	6.666801812003108	8.028215859004646	0.05144884015890132	0.8710079178857352	1.0311371001174923	0.34784784784784784	14183.0	cosine	answerdotai_ModernBERT-base	1,3,8	head
macro	-0.19684789508338463	6.0778691621529655	7.273066872544439	0.15735228176586188	0.9032095960771083	1.7383884103745	0.2859183481599623		euclidean	answerdotai_ModernBERT-base	1,3,8	head
micro	-0.19770673016381216	6.666801812003108	8.028215859004646	0.15189321843359502	0.9069679180021224	1.7055047766838753	0.2705562705562706	14183.0	euclidean	answerdotai_ModernBERT-base	1,3,8	head
macro	-0.3556824533033537	6.066112207975674	7.307755015041722	0.051797459164689544	0.8621306654754112	1.0324728136629169	0.36009508064339624		cosine	answerdotai_ModernBERT-base	1,3,9	head
micro	-0.3605305621675428	6.675083670353631	8.122671997489917	0.049575989057640726	0.8697647346788647	1.0312142495571939	0.346989846989847	14183.0	cosine	answerdotai_ModernBERT-base	1,3,9	head
macro	-0.20089289785572143	6.066112207975674	7.307755015041722	0.15448820232273414	0.901837737776328	1.7765744904167518	0.2847078027431787		euclidean	answerdotai_ModernBERT-base	1,3,9	head
micro	-0.2019786446033289	6.675083670353631	8.122671997489917	0.14899865988944552	0.905151717081934	1.7521159446360683	0.2681252681252681	14183.0	euclidean	answerdotai_ModernBERT-base	1,3,9	head
macro	-0.350567977704145	6.01198359119093	7.309611956679488	0.052948042053082976	0.8626039087901497	1.0297479533045315	0.36494735231376924		cosine	answerdotai_ModernBERT-base	1,3,10	head
micro	-0.35509627446739134	6.599784208760588	8.150219732316309	0.05080014770247648	0.8695961950432908	1.0288613798704633	0.3532103532103532	14183.0	cosine	answerdotai_ModernBERT-base	1,3,10	head
macro	-0.19954675150096757	6.01198359119093	7.309611956679488	0.1573219690801191	0.9033126998219831	1.7558199860856667	0.28375031641021126		euclidean	answerdotai_ModernBERT-base	1,3,10	head
micro	-0.201686199228201	6.599784208760588	8.150219732316309	0.1519932413385498	0.9064733191550535	1.727348308279898	0.26576576576576577	14183.0	euclidean	answerdotai_ModernBERT-base	1,3,10	head
macro	-0.3602479289133551	6.05713310179638	7.256954022582212	0.05068624126473739	0.8610076499258744	1.0350022355118158	0.35895447911786393		cosine	answerdotai_ModernBERT-base	1,3,11	head
micro	-0.3648767749835746	6.643700342379865	8.040796589458855	0.049125335800467226	0.8687854539912809	1.032595024210537	0.34384384384384387	14183.0	cosine	answerdotai_ModernBERT-base	1,3,11	head
macro	-0.20333437430153425	6.05713310179638	7.256954022582212	0.15339982558646595	0.9018725932995545	1.8136975037605494	0.27830369283064493		euclidean	answerdotai_ModernBERT-base	1,3,11	head
micro	-0.20386730262654323	6.643700342379865	8.040796589458855	0.14870180821558016	0.9052845199084117	1.7832712456206083	0.26455026455026454	14183.0	euclidean	answerdotai_ModernBERT-base	1,3,11	head
macro	-0.3686018581103528	6.236674313230618	7.315586056381378	0.05102066723597036	0.8578094038117483	1.0329056204719795	0.36220887246527		cosine	answerdotai_ModernBERT-base	1,4,5	head
micro	-0.3723340849655531	6.866298075953544	8.25023257666813	0.05038042486649954	0.8641585101215687	1.0306011194684925	0.34977834977834976	14183.0	cosine	answerdotai_ModernBERT-base	1,4,5	head
macro	-0.21120133462116988	6.236674313230618	7.315586056381378	0.1571972920380262	0.9017014228228949	1.8187298599253592	0.2817339037526391		euclidean	answerdotai_ModernBERT-base	1,4,5	head
micro	-0.21175797505717467	6.866298075953544	8.25023257666813	0.153016109589807	0.9045007231757831	1.7881915699689805	0.2646217646217646	14183.0	euclidean	answerdotai_ModernBERT-base	1,4,5	head
macro	-0.36508330189843274	6.133750208213905	7.240009385046604	0.0505172863066804	0.8603691169903823	1.0264735626945127	0.3576567022576639		cosine	answerdotai_ModernBERT-base	1,4,6	head
micro	-0.36939093725710637	6.734642832813965	8.14234317819514	0.04856699955137868	0.8664650987435799	1.02671701130022	0.34248534248534246	14183.0	cosine	answerdotai_ModernBERT-base	1,4,6	head
macro	-0.20784798641578192	6.133750208213905	7.240009385046604	0.1572715180136351	0.9037148341895891	1.7978319948697097	0.28006259885455426		euclidean	answerdotai_ModernBERT-base	1,4,6	head
micro	-0.20827775217492678	6.734642832813965	8.14234317819514	0.15151003392107423	0.9057261960527516	1.7822226495450317	0.26362076362076364	14183.0	euclidean	answerdotai_ModernBERT-base	1,4,6	head
macro	-0.3634837893665305	6.165945855537572	7.08587621171974	0.052615489773237344	0.8607780726975792	1.0322725540115323	0.35654410750130994		cosine	answerdotai_ModernBERT-base	1,4,7	head
micro	-0.36989745512228306	6.806857586413865	7.921435935252471	0.05019522041780989	0.8673324250672861	1.0293459212970202	0.34441584441584444	14183.0	cosine	answerdotai_ModernBERT-base	1,4,7	head
macro	-0.20760867358553048	6.165945855537572	7.08587621171974	0.1583110001229483	0.9045089363160383	1.8131176154646815	0.27638321331513693		euclidean	answerdotai_ModernBERT-base	1,4,7	head
micro	-0.21051534877147324	6.806857586413865	7.921435935252471	0.15288423368179624	0.907694468772288	1.7971436408683992	0.2604032604032604	14183.0	euclidean	answerdotai_ModernBERT-base	1,4,7	head
macro	-0.35773822859303706	6.171291491950088	6.955479051594973	0.053171702368949525	0.8630258233099908	1.0343569501912464	0.3544747788898699		cosine	answerdotai_ModernBERT-base	1,4,8	head
micro	-0.36202379077921165	6.786840981731866	7.7603704393655075	0.050865852040553126	0.8697960224438449	1.0320898611153433	0.34134134134134136	14183.0	cosine	answerdotai_ModernBERT-base	1,4,8	head
macro	-0.20335035261433457	6.171291491950088	6.955479051594973	0.15847887786711168	0.9055542099807982	1.7548036451232032	0.28068435942543773		euclidean	answerdotai_ModernBERT-base	1,4,8	head
micro	-0.20397252263649968	6.786840981731866	7.7603704393655075	0.15345071284427642	0.9080927951564968	1.736715038597123	0.264979264979265	14183.0	euclidean	answerdotai_ModernBERT-base	1,4,8	head
macro	-0.3601854467042628	6.158544740751115	7.0741444395006745	0.05155173632027276	0.8604170680327338	1.0321231268016722	0.3611716716644342		cosine	answerdotai_ModernBERT-base	1,4,9	head
micro	-0.3656462008240705	6.800021995338149	7.980823909295151	0.04927681074457493	0.8668408606721221	1.0314451060832643	0.3506363506363506	14183.0	cosine	answerdotai_ModernBERT-base	1,4,9	head
macro	-0.20520266600404233	6.158544740751115	7.0741444395006745	0.15677491079002412	0.9033563846670256	1.7910293004263833	0.27875417849202977		euclidean	answerdotai_ModernBERT-base	1,4,9	head
micro	-0.20640236797040495	6.800021995338149	7.980823909295151	0.15016587767827472	0.9059252495382654	1.7742398172191893	0.2621192621192621	14183.0	euclidean	answerdotai_ModernBERT-base	1,4,9	head
macro	-0.3583527731570761	6.092307955956314	7.344862076829287	0.05027628451723249	0.8610966990407021	1.0288243959662766	0.35892852154805954		cosine	answerdotai_ModernBERT-base	1,4,10	head
micro	-0.3650737610417084	6.702644409943913	8.312349671954546	0.0477983196081502	0.8668228363143847	1.0287100931883038	0.3456313456313456	14183.0	cosine	answerdotai_ModernBERT-base	1,4,10	head
macro	-0.2039972019767241	6.092307955956314	7.344862076829287	0.15659954275135787	0.9042091596385831	1.7845795270908982	0.2811231974531807		euclidean	answerdotai_ModernBERT-base	1,4,10	head
micro	-0.20734130401056056	6.702644409943913	8.312349671954546	0.15028944966437163	0.9062213387196109	1.775304283521834	0.26076076076076077	14183.0	euclidean	answerdotai_ModernBERT-base	1,4,10	head
macro	-0.36286423022629233	6.1161258501782845	7.119671475438503	0.05024686424802206	0.8606711073116371	1.0339799734039534	0.36069861490074556		cosine	answerdotai_ModernBERT-base	1,4,11	head
micro	-0.3658087010547269	6.721256824149035	8.046452825518214	0.0485360976242326	0.8669609835630323	1.033256683263645	0.3482053482053482	14183.0	cosine	answerdotai_ModernBERT-base	1,4,11	head
macro	-0.20814349955683906	6.1161258501782845	7.119671475438503	0.15538521614708023	0.9039475121982143	1.815618812637335	0.27407689894106846		euclidean	answerdotai_ModernBERT-base	1,4,11	head
micro	-0.20797714253353666	6.721256824149035	8.046452825518214	0.14908323763115658	0.9061963980052937	1.790833683981396	0.26004576004576	14183.0	euclidean	answerdotai_ModernBERT-base	1,4,11	head
macro	-0.3657971163825733	6.18866115455125	7.093259329036621	0.05049480720372872	0.860920709617791	1.0313070358974603	0.3612341632219133		cosine	answerdotai_ModernBERT-base	1,5,6	head
micro	-0.3689423139644858	6.791425635660257	7.959899273267987	0.04877279701002014	0.8676644573619317	1.0312858139744303	0.34763334763334763	14183.0	cosine	answerdotai_ModernBERT-base	1,5,6	head
macro	-0.20754649031752753	6.18866115455125	7.093259329036621	0.15858919174404312	0.9028002265546655	1.7834649220816912	0.28104844385960026		euclidean	answerdotai_ModernBERT-base	1,5,6	head
micro	-0.2077933954166309	6.791425635660257	7.959899273267987	0.15255796272787597	0.9058197928878644	1.754476099963934	0.264979264979265	14183.0	euclidean	answerdotai_ModernBERT-base	1,5,6	head
macro	-0.36768356679730235	6.202648237600906	7.146116296722245	0.0522056350555202	0.8596710675868938	1.0344591189903847	0.3585991501565662		cosine	answerdotai_ModernBERT-base	1,5,7	head
micro	-0.37323341620810124	6.841591152586703	7.96506200219905	0.05039322497394582	0.8668488102302666	1.0314058019411398	0.34555984555984554	14183.0	cosine	answerdotai_ModernBERT-base	1,5,7	head
macro	-0.2098048840327029	6.202648237600906	7.146116296722245	0.15921960218278855	0.9028534884318261	1.810109543996591	0.27545815418240843		euclidean	answerdotai_ModernBERT-base	1,5,7	head
micro	-0.21203403284591585	6.841591152586703	7.96506200219905	0.15415825356403612	0.9066867235465899	1.7805573337536214	0.25804375804375806	14183.0	euclidean	answerdotai_ModernBERT-base	1,5,7	head
macro	-0.35876675077506337	6.228285758847388	7.017944500781619	0.052915305210643	0.8616192633785166	1.0340010350573425	0.3613713407596013		cosine	answerdotai_ModernBERT-base	1,5,8	head
micro	-0.3622015316054372	6.846371067946683	7.821137874332843	0.05120216393327556	0.8687471149594039	1.0318282200787512	0.3485628485628486	14183.0	cosine	answerdotai_ModernBERT-base	1,5,8	head
macro	-0.20320026184338666	6.228285758847388	7.017944500781619	0.1625203821555288	0.9040644795009657	1.7385038370914065	0.2827697100582273		euclidean	answerdotai_ModernBERT-base	1,5,8	head
micro	-0.20310597910626046	6.846371067946683	7.821137874332843	0.1578284765120324	0.9071248758695156	1.7107105592320897	0.26612326612326614	14183.0	euclidean	answerdotai_ModernBERT-base	1,5,8	head
macro	-0.3611555536891444	6.163637943515349	6.98491123897147	0.052177282851685144	0.8609560318370459	1.034798104377764	0.35919828452033187		cosine	answerdotai_ModernBERT-base	1,5,9	head
micro	-0.365191379920695	6.79989954885735	7.794443523322967	0.0512897331627535	0.868748397524647	1.033628840636507	0.3464178464178464	14183.0	cosine	answerdotai_ModernBERT-base	1,5,9	head
macro	-0.2058088031874741	6.163637943515349	6.98491123897147	0.15692762686666617	0.9024270620922751	1.7920519252490072	0.27920935521173873		euclidean	answerdotai_ModernBERT-base	1,5,9	head
micro	-0.20705586533852294	6.79989954885735	7.794443523322967	0.15324771667181106	0.9065834232745598	1.758068620945761	0.2616902616902617	14183.0	euclidean	answerdotai_ModernBERT-base	1,5,9	head
macro	-0.36377790780237806	6.116453836509166	7.457720337846276	0.04946490619336822	0.8590407713718841	1.0316466213798199	0.36605179293703827		cosine	answerdotai_ModernBERT-base	1,5,10	head
micro	-0.36741025581959846	6.731532728522978	8.379152616944404	0.04812706832926329	0.8656775187176055	1.0307423666329376	0.3534248534248534	14183.0	cosine	answerdotai_ModernBERT-base	1,5,10	head
macro	-0.20712403298795787	6.116453836509166	7.457720337846276	0.15584643735203513	0.9021834477748896	1.7856569543358813	0.281907754331649		euclidean	answerdotai_ModernBERT-base	1,5,10	head
micro	-0.2083145600842606	6.731532728522978	8.379152616944404	0.15155644046004962	0.9048702310227108	1.7578376449220465	0.26304876304876307	14183.0	euclidean	answerdotai_ModernBERT-base	1,5,10	head
macro	-0.3679796763763821	6.1534185262540895	7.3676268335057085	0.049229504753321204	0.8576195856021405	1.035790465926378	0.36118196125935736		cosine	answerdotai_ModernBERT-base	1,5,11	head
micro	-0.3712292368898841	6.760803704025956	8.279604079147553	0.04743276466794935	0.8643833581810845	1.035200065038867	0.3474903474903475	14183.0	cosine	answerdotai_ModernBERT-base	1,5,11	head
macro	-0.2098611244723781	6.1534185262540895	7.3676268335057085	0.15608859935053257	0.8998942623508142	1.8376998598443974	0.27711809191495973		euclidean	answerdotai_ModernBERT-base	1,5,11	head
micro	-0.20986761654859576	6.760803704025956	8.279604079147553	0.1507857627374718	0.902726069004482	1.8051720737051185	0.26118976118976117	14183.0	euclidean	answerdotai_ModernBERT-base	1,5,11	head
macro	-0.3521340988537408	6.019010167058264	6.97894138321387	0.05369841125760226	0.8638800743454548	1.030648159316438	0.3606890255860892		cosine	answerdotai_ModernBERT-base	1,6,8	head
micro	-0.35665113710474566	6.596736878051771	7.832418130086907	0.05164654545182004	0.8704150428228861	1.0291762507021562	0.34713284713284714	14183.0	cosine	answerdotai_ModernBERT-base	1,6,8	head
macro	-0.19930205392019154	6.019010167058264	6.97894138321387	0.15905564689830495	0.9046189732655588	1.7247891298035574	0.28566859828032426		euclidean	answerdotai_ModernBERT-base	1,6,8	head
micro	-0.199389842121016	6.596736878051771	7.832418130086907	0.1536715253191833	0.9068361406072285	1.7066475728560198	0.2694837694837695	14183.0	euclidean	answerdotai_ModernBERT-base	1,6,8	head
macro	-0.3652048827868012	6.1465042086445445	6.881090404565921	0.05148421795984606	0.8629437482910771	1.029245664850747	0.35610966465724153		cosine	answerdotai_ModernBERT-base	1,6,7	head
micro	-0.3705884106670346	6.794327354682249	7.639111984753288	0.04885781510257048	0.8701626900078842	1.0276505090127277	0.3435578435578436	14183.0	cosine	answerdotai_ModernBERT-base	1,6,7	head
macro	-0.20782849037688822	6.1465042086445445	6.881090404565921	0.15746619568384415	0.904724129203199	1.7933768486629194	0.2808382464113494		euclidean	answerdotai_ModernBERT-base	1,6,7	head
micro	-0.21008041466619756	6.794327354682249	7.639111984753288	0.15079068373698776	0.9083532622694189	1.772436605600851	0.2651222651222651	14183.0	euclidean	answerdotai_ModernBERT-base	1,6,7	head
macro	-0.3588009654414692	6.061536853325358	7.029355947721797	0.050935616849467596	0.8625835637054957	1.0300983532632744	0.36206048557939197		cosine	answerdotai_ModernBERT-base	1,6,9	head
micro	-0.3639531379320842	6.664317246869086	7.908837883968736	0.04814661321427129	0.8687729981541248	1.0292916716655343	0.3510653510653511	14183.0	cosine	answerdotai_ModernBERT-base	1,6,9	head
macro	-0.20221558120781058	6.061536853325358	7.029355947721797	0.1562307609251506	0.9035028018567642	1.7663105241376356	0.284285659920652		euclidean	answerdotai_ModernBERT-base	1,6,9	head
micro	-0.20317387376581084	6.664317246869086	7.908837883968736	0.1500247558388632	0.9058762789000031	1.7473190111237855	0.26476476476476474	14183.0	euclidean	answerdotai_ModernBERT-base	1,6,9	head
macro	-0.3509342011181774	6.027586083529723	7.096157909019723	0.05129248347124579	0.8633668749014056	1.0245860201623527	0.3656658071750618		cosine	answerdotai_ModernBERT-base	1,6,10	head
micro	-0.35709975959199447	6.622353840895597	7.992717268236024	0.04817614414085345	0.8693045786276153	1.025061379141967	0.351994851994852	14183.0	cosine	answerdotai_ModernBERT-base	1,6,10	head
macro	-0.19777555795007623	6.027586083529723	7.096157909019723	0.1568597716968746	0.904641564802623	1.7507372148360418	0.28591588594713896		euclidean	answerdotai_ModernBERT-base	1,6,10	head
micro	-0.20017570388951975	6.622353840895597	7.992717268236024	0.1494934482828536	0.9065914221440876	1.735402064190148	0.2656227656227656	14183.0	euclidean	answerdotai_ModernBERT-base	1,6,10	head
macro	-0.3635153217238077	6.092399419531554	7.411036189201041	0.04826953596052792	0.8599105792232602	1.0295077574483442	0.3575189376296147		cosine	answerdotai_ModernBERT-base	1,6,11	head
micro	-0.36805766129603923	6.69149884131207	8.369814899260032	0.04660197183696426	0.8664267646908886	1.0277594047034837	0.34055484055484053	14183.0	cosine	answerdotai_ModernBERT-base	1,6,11	head
macro	-0.2074279957580965	6.092399419531554	7.411036189201041	0.15281199980513777	0.9016521954658405	1.8006708942210876	0.27513657683853737		euclidean	answerdotai_ModernBERT-base	1,6,11	head
micro	-0.20819350640759862	6.69149884131207	8.369814899260032	0.14763665448352578	0.9041636681549431	1.7805958474644892	0.2589017589017589	14183.0	euclidean	answerdotai_ModernBERT-base	1,6,11	head
macro	-0.36003798488559663	6.172940100817375	7.233744474825435	0.05248490459522079	0.8628351876410117	1.0332721901120954	0.3569785916664476		cosine	answerdotai_ModernBERT-base	1,7,8	head
micro	-0.36453335227270167	6.802627887316878	8.079565068980624	0.05056896990494975	0.8702683605087852	1.0288993154757895	0.34234234234234234	14183.0	cosine	answerdotai_ModernBERT-base	1,7,8	head
macro	-0.2045440487492939	6.172940100817375	7.233744474825435	0.1608853980365678	0.9048934652281713	1.773037744670918	0.277385524411058		euclidean	answerdotai_ModernBERT-base	1,7,8	head
micro	-0.20596297664648505	6.802627887316878	8.079565068980624	0.15405734503724172	0.908449515799131	1.7486006761749548	0.26118976118976117	14183.0	euclidean	answerdotai_ModernBERT-base	1,7,8	head
macro	-0.35897300321979064	6.0959991637412925	7.29237881018958	0.05241323311670972	0.8604493198090668	1.0341233552387727	0.3565680664621642		cosine	answerdotai_ModernBERT-base	1,7,9	head
micro	-0.3646346596150242	6.723755879975986	8.146787945972534	0.049771349317222977	0.8674103703782131	1.03158030441274	0.3433433433433433	14183.0	cosine	answerdotai_ModernBERT-base	1,7,9	head
macro	-0.2036394281984165	6.0959991637412925	7.29237881018958	0.1590012460859334	0.9025145844126772	1.7967274970161538	0.28001672808585903		euclidean	answerdotai_ModernBERT-base	1,7,9	head
micro	-0.20606276825221306	6.723755879975986	8.146787945972534	0.1527297203560859	0.9064237129475389	1.773822066870947	0.26140426140426143	14183.0	euclidean	answerdotai_ModernBERT-base	1,7,9	head
macro	-0.36136723188112796	6.175655274283541	7.25079704801682	0.05097361077644213	0.8628683456074059	1.0306719058339495	0.3615996697596586		cosine	answerdotai_ModernBERT-base	1,7,10	head
micro	-0.36855444584220454	6.850991093384894	8.204676617790431	0.048144318816593985	0.868736239178596	1.0303355032817505	0.3474903474903475	14183.0	cosine	answerdotai_ModernBERT-base	1,7,10	head
macro	-0.2055504047374523	6.175655274283541	7.25079704801682	0.15659115537142268	0.9050261154747018	1.790654967110831	0.2797826690585945		euclidean	answerdotai_ModernBERT-base	1,7,10	head
micro	-0.20925171800351738	6.850991093384894	8.204676617790431	0.14925411052531404	0.9075777571230302	1.778428496464475	0.26140426140426143	14183.0	euclidean	answerdotai_ModernBERT-base	1,7,10	head
macro	-0.3621119531420423	6.134538789283114	7.335546126061611	0.051007753481005474	0.8599455413160573	1.0334000398095167	0.35848510992681626		cosine	answerdotai_ModernBERT-base	1,7,11	head
micro	-0.3678357586549391	6.786194478365976	8.243124856310086	0.049256763864043825	0.86681237154495	1.0316183104258727	0.34741884741884743	14183.0	cosine	answerdotai_ModernBERT-base	1,7,11	head
macro	-0.20649951299910832	6.134538789283114	7.335546126061611	0.15551908819035673	0.9030562837143007	1.8287324308324397	0.27521912254817293		euclidean	answerdotai_ModernBERT-base	1,7,11	head
micro	-0.2085195278400192	6.786194478365976	8.243124856310086	0.1499741145457678	0.9064031004773728	1.8077672836380205	0.2601887601887602	14183.0	euclidean	answerdotai_ModernBERT-base	1,7,11	head
macro	-0.3547693747412958	6.104331678025283	7.148382680268109	0.052326614101955556	0.8622273619048262	1.0311650673084451	0.3577518184766984		cosine	answerdotai_ModernBERT-base	1,8,9	head
micro	-0.3584235687620555	6.708134158272259	8.024041328230005	0.050058308118451515	0.8696377863014028	1.0308538016746387	0.3456313456313456	14183.0	cosine	answerdotai_ModernBERT-base	1,8,9	head
macro	-0.20161544903462547	6.104331678025283	7.148382680268109	0.1591695434489647	0.9034851984958924	1.7617532700123502	0.28100896770224265		euclidean	answerdotai_ModernBERT-base	1,8,9	head
micro	-0.2021905213533911	6.708134158272259	8.024041328230005	0.1537062679867309	0.9068072289045375	1.7379023854192666	0.26605176605176606	14183.0	euclidean	answerdotai_ModernBERT-base	1,8,9	head
macro	-0.3566758427471944	6.083959444292527	7.2040583660907105	0.05187433363801307	0.8623123460541056	1.0301111210736327	0.3613535568789589		cosine	answerdotai_ModernBERT-base	1,8,10	head
micro	-0.36086602903571885	6.69097009926162	8.061894978484878	0.0496334592410751	0.8689855194694301	1.0288092824631212	0.34756184756184755	14183.0	cosine	answerdotai_ModernBERT-base	1,8,10	head
macro	-0.20289864672597271	6.083959444292527	7.2040583660907105	0.15810061339723702	0.9036155046101726	1.7537624167810857	0.28401172668851926		euclidean	answerdotai_ModernBERT-base	1,8,10	head
micro	-0.20429124440061863	6.69097009926162	8.061894978484878	0.15294117924771095	0.9062519149325491	1.7308832647531918	0.264979264979265	14183.0	euclidean	answerdotai_ModernBERT-base	1,8,10	head
macro	-0.3592293893000749	6.122830335893885	7.534187826660998	0.0504744710804103	0.8598045780472268	1.0330914145406405	0.359466490591006		cosine	answerdotai_ModernBERT-base	1,8,11	head
micro	-0.3623799996198251	6.725441983086285	8.447597249141443	0.04867594963046059	0.8668652265189419	1.0308005394372022	0.3454883454883455	14183.0	cosine	answerdotai_ModernBERT-base	1,8,11	head
macro	-0.20398211436116812	6.122830335893885	7.534187826660998	0.155151949259114	0.9010816904654069	1.7979093534815802	0.2760058255112491		euclidean	answerdotai_ModernBERT-base	1,8,11	head
micro	-0.20350815316151155	6.725441983086285	8.447597249141443	0.14974344496978856	0.9040396398719992	1.7727839121608406	0.2623337623337623	14183.0	euclidean	answerdotai_ModernBERT-base	1,8,11	head
macro	-0.3565624020199424	6.042621662427613	7.099620795272765	0.0524911094587551	0.8629110546067855	1.02801916795299	0.3652414184239604		cosine	answerdotai_ModernBERT-base	1,9,10	head
micro	-0.3598116654867727	6.657481290010172	7.9583185425256	0.05023896208294168	0.8697206776462171	1.0278610102664936	0.35306735306735304	14183.0	cosine	answerdotai_ModernBERT-base	1,9,10	head
macro	-0.2024224864563691	6.042621662427613	7.099620795272765	0.1564703749058318	0.9039873141274692	1.759200584685065	0.28349995678971895		euclidean	answerdotai_ModernBERT-base	1,9,10	head
micro	-0.2041381792108691	6.657481290010172	7.9583185425256	0.15064446955368296	0.907314173334182	1.7358236108313216	0.2631917631917632	14183.0	euclidean	answerdotai_ModernBERT-base	1,9,10	head
macro	-0.35814635809269507	6.0961420462212175	7.25849314318537	0.050051350433758905	0.861054814358078	1.0305494308168837	0.35839788767858927		cosine	answerdotai_ModernBERT-base	1,9,11	head
micro	-0.3615440790902132	6.69528041088928	8.234175154220896	0.04779102922808502	0.867543839306686	1.0311949339912554	0.34677534677534677	14183.0	cosine	answerdotai_ModernBERT-base	1,9,11	head
macro	-0.20309543044095527	6.0961420462212175	7.25849314318537	0.15402636663816385	0.9019438976402919	1.8048141292411328	0.2807114856347321		euclidean	answerdotai_ModernBERT-base	1,9,11	head
micro	-0.20329829777618896	6.69528041088928	8.234175154220896	0.14780891185713815	0.9043268070242674	1.7819256957027267	0.2653367653367653	14183.0	euclidean	answerdotai_ModernBERT-base	1,9,11	head
macro	-0.35560137675201536	6.060419651634145	7.144595528919225	0.05095267279550424	0.8611515307240504	1.0278486684470456	0.3661026086073077		cosine	answerdotai_ModernBERT-base	1,10,11	head
micro	-0.3607085815076552	6.66363899144548	8.019512334391024	0.04876494725904304	0.8675901053977737	1.0272042778455501	0.3524953524953525	14183.0	cosine	answerdotai_ModernBERT-base	1,10,11	head
macro	-0.2026246499015937	6.060419651634145	7.144595528919225	0.15414272603747806	0.9036850964102184	1.7822336225485027	0.2802520590046975		euclidean	answerdotai_ModernBERT-base	1,10,11	head
micro	-0.20451995553266333	6.66363899144548	8.019512334391024	0.14871222544952956	0.9061919224452313	1.762761086647678	0.2629057629057629	14183.0	euclidean	answerdotai_ModernBERT-base	1,10,11	head
macro	-0.34830797028428084	6.026019430319052	7.20068995178543	0.057858541659846385	0.8632792319911786	1.0294382994540567	0.36832333537549766		cosine	answerdotai_ModernBERT-base	2,3,4	head
micro	-0.3533956882073008	6.627572956602276	8.005344201797406	0.05600822109631517	0.870293476081797	1.0289581527079008	0.35535535535535534	14183.0	cosine	answerdotai_ModernBERT-base	2,3,4	head
macro	-0.19350709427663232	6.026019430319052	7.20068995178543	0.17868356873003308	0.9062113090629368	1.70899163324388	0.29319321474695303		euclidean	answerdotai_ModernBERT-base	2,3,4	head
micro	-0.1952429615801969	6.627572956602276	8.005344201797406	0.17135876122192217	0.9097480916772739	1.6813374029558497	0.2776347776347776	14183.0	euclidean	answerdotai_ModernBERT-base	2,3,4	head
macro	-0.35578617493691306	6.189875318356204	7.253752004125241	0.056574048490289304	0.8594290634742949	1.0305169096391227	0.3712978699874857		cosine	answerdotai_ModernBERT-base	2,3,5	head
micro	-0.36055478096273613	6.825794815468828	8.10537165557732	0.05504533701798193	0.8663884433040178	1.030460916329909	0.35721435721435724	14183.0	cosine	answerdotai_ModernBERT-base	2,3,5	head
macro	-0.1995897541238881	6.189875318356204	7.253752004125241	0.18039597162332952	0.9051777342957024	1.7441205706375398	0.29366507742151515		euclidean	answerdotai_ModernBERT-base	2,3,5	head
micro	-0.20104212236668434	6.825794815468828	8.10537165557732	0.17421966176063564	0.9093554986028374	1.7063823673961116	0.27856427856427857	14183.0	euclidean	answerdotai_ModernBERT-base	2,3,5	head
macro	-0.35372819640487063	6.037089569795741	7.127917607733773	0.05840965370300867	0.8619622657186276	1.0242171917402685	0.37205221560441104		cosine	answerdotai_ModernBERT-base	2,3,7	head
micro	-0.3561154618450918	6.622117910091291	7.949379384753765	0.056732601302081534	0.8692719408906563	1.0224205708655896	0.35935935935935936	14183.0	cosine	answerdotai_ModernBERT-base	2,3,7	head
macro	-0.20019727600045828	6.037089569795741	7.127917607733773	0.18317001795123897	0.9059068470127526	1.7200303499772647	0.29016032917184814		euclidean	answerdotai_ModernBERT-base	2,3,7	head
micro	-0.20054873535553136	6.622117910091291	7.949379384753765	0.17727860074509497	0.9096061521796664	1.6851242877078791	0.2781352781352781	14183.0	euclidean	answerdotai_ModernBERT-base	2,3,7	head
macro	-0.35515555180700303	6.092691787570053	7.188141454165218	0.05751871512233172	0.8629796135228494	1.0256949393636827	0.36669241296028504		cosine	answerdotai_ModernBERT-base	2,3,6	head
micro	-0.3598602639283154	6.688486229337283	8.102872833095939	0.055306928044131884	0.8693259558613797	1.0257270587144154	0.3554983554983555	14183.0	cosine	answerdotai_ModernBERT-base	2,3,6	head
macro	-0.19922681739342749	6.092691787570053	7.188141454165218	0.18302661400855735	0.904976134281029	1.707293395464735	0.2919445003531365		euclidean	answerdotai_ModernBERT-base	2,3,6	head
micro	-0.20131295924370618	6.688486229337283	8.102872833095939	0.1766752891341644	0.9078406333896314	1.6779505603040101	0.2784212784212784	14183.0	euclidean	answerdotai_ModernBERT-base	2,3,6	head
macro	-0.35125864224776915	6.092325849112864	7.084381019146802	0.05940799972301566	0.8637680800200249	1.0288092479457869	0.3719442495812838		cosine	answerdotai_ModernBERT-base	2,3,9	head
micro	-0.3537585823495224	6.698840150068977	7.9050987902013325	0.05824880739372605	0.8708460726313303	1.0265319264334831	0.3602888602888603	14183.0	cosine	answerdotai_ModernBERT-base	2,3,9	head
macro	-0.19520273740838812	6.092325849112864	7.084381019146802	0.1833445771806247	0.9061662048266592	1.6917850190503954	0.2922915419249939		euclidean	answerdotai_ModernBERT-base	2,3,9	head
micro	-0.19521732388808194	6.698840150068977	7.9050987902013325	0.17781052352527155	0.9099689930178784	1.659169615506296	0.27913627913627914	14183.0	euclidean	answerdotai_ModernBERT-base	2,3,9	head
macro	-0.34186744480239284	6.09496117675349	7.004418000087232	0.05918784744536647	0.8628793323446632	1.0279259641587504	0.3725981428469		cosine	answerdotai_ModernBERT-base	2,3,8	head
micro	-0.34449300813211625	6.697954066727669	7.7589974218692745	0.05799852331253592	0.870425168763563	1.026191160978562	0.36207636207636207	14183.0	cosine	answerdotai_ModernBERT-base	2,3,8	head
macro	-0.19088307979727775	6.09496117675349	7.004418000087232	0.183617465063329	0.906425739779775	1.6684960508089994	0.2955919375922619		euclidean	answerdotai_ModernBERT-base	2,3,8	head
micro	-0.19138799706523918	6.697954066727669	7.7589974218692745	0.17760007531520028	0.9109454491627842	1.6291742791711359	0.28106678106678107	14183.0	euclidean	answerdotai_ModernBERT-base	2,3,8	head
macro	-0.348975067384673	6.10743149051201	7.126800460224311	0.05782713500427532	0.8628169415059334	1.0271826644019342	0.3723380577316753		cosine	answerdotai_ModernBERT-base	2,3,10	head
micro	-0.35179620543593443	6.728343655770743	7.950072465549684	0.057055645733568174	0.869928437154516	1.025333060883559	0.362004862004862	14183.0	cosine	answerdotai_ModernBERT-base	2,3,10	head
macro	-0.1982653750245811	6.10743149051201	7.126800460224311	0.17981064457665102	0.9064571998654519	1.6981460484158375	0.29190942858031627		euclidean	answerdotai_ModernBERT-base	2,3,10	head
micro	-0.19964913933194048	6.728343655770743	7.950072465549684	0.1737978598442808	0.9106754361321123	1.6617075204465979	0.2780637780637781	14183.0	euclidean	answerdotai_ModernBERT-base	2,3,10	head
macro	-0.35794159243070417	6.063285953130338	7.017669995984723	0.056586283362806654	0.862219680987419	1.0315334804855143	0.36647042691559256		cosine	answerdotai_ModernBERT-base	2,3,11	head
micro	-0.36059977063987486	6.652664348738458	7.797217351479972	0.056296436328002235	0.8700470571076612	1.0294854482491915	0.3535678535678536	14183.0	cosine	answerdotai_ModernBERT-base	2,3,11	head
macro	-0.20102730939941982	6.063285953130338	7.017669995984723	0.18091745499957151	0.9061644586868293	1.7492308996882289	0.29266131735293405		euclidean	answerdotai_ModernBERT-base	2,3,11	head
micro	-0.2014460909958437	6.652664348738458	7.797217351479972	0.17627472093177168	0.9103486748536145	1.713321769773417	0.2800657800657801	14183.0	euclidean	answerdotai_ModernBERT-base	2,3,11	head
macro	-0.3617367359421362	6.060583175780551	7.737516627512188	0.05508168296737256	0.857038262343358	1.031331620117576	0.3660562829531948		cosine	answerdotai_ModernBERT-base	2,4,5	head
micro	-0.36781018748635047	6.653396137167826	8.780583148004208	0.05352946178087206	0.8625706685866905	1.0302688829905107	0.3514228514228514	14183.0	cosine	answerdotai_ModernBERT-base	2,4,5	head
macro	-0.2038256559972686	6.060583175780551	7.737516627512188	0.1789267159698474	0.9022353552988196	1.7666493846992748	0.28636418384069356		euclidean	answerdotai_ModernBERT-base	2,4,5	head
micro	-0.20526881083782808	6.653396137167826	8.780583148004208	0.17351962456590364	0.9047768377385262	1.7407082320709304	0.2699127699127699	14183.0	euclidean	answerdotai_ModernBERT-base	2,4,5	head
macro	-0.3616561808000781	6.035872549125931	7.751704481014253	0.0545863446718805	0.8593227453746667	1.0238763993423452	0.3661966755331324		cosine	answerdotai_ModernBERT-base	2,4,6	head
micro	-0.3678988647141244	6.592768797492369	8.776828404460023	0.05221071914938964	0.8649921971999212	1.0248003350356532	0.3504218504218504	14183.0	cosine	answerdotai_ModernBERT-base	2,4,6	head
macro	-0.20447799265843217	6.035872549125931	7.751704481014253	0.1771358596521257	0.9023770506286806	1.7316938722739414	0.2896722193302269		euclidean	answerdotai_ModernBERT-base	2,4,6	head
micro	-0.20618629136390937	6.592768797492369	8.776828404460023	0.17079197365760077	0.9045214682149736	1.7158258519002652	0.27484627484627483	14183.0	euclidean	answerdotai_ModernBERT-base	2,4,6	head
macro	-0.35689270899420816	5.96030342825071	7.422361907858012	0.05628372540108117	0.8596853090045491	1.0284470304531883	0.37052087244801446		cosine	answerdotai_ModernBERT-base	2,4,7	head
micro	-0.3621515950792158	6.51150616662421	8.36630400746018	0.05434328716098366	0.8661159986823951	1.0266131286400282	0.3562848562848563	14183.0	cosine	answerdotai_ModernBERT-base	2,4,7	head
macro	-0.20108249524427352	5.96030342825071	7.422361907858012	0.18027118203479092	0.9039118164894812	1.7405113602091595	0.290073370546969		euclidean	answerdotai_ModernBERT-base	2,4,7	head
micro	-0.202134852741298	6.51150616662421	8.36630400746018	0.17409420464624284	0.9063856654971894	1.7214209040120694	0.2744887744887745	14183.0	euclidean	answerdotai_ModernBERT-base	2,4,7	head
macro	-0.3475839202027991	6.046006883549576	7.139404624939928	0.058234870661240265	0.861867876030523	1.0307814251260388	0.363784021950544		cosine	answerdotai_ModernBERT-base	2,4,8	head
micro	-0.3521086061473577	6.631755134139561	7.9535164846276025	0.056099032137247255	0.8684370259756353	1.0289211549774808	0.3502073502073502	14183.0	cosine	answerdotai_ModernBERT-base	2,4,8	head
macro	-0.19402593437607443	6.046006883549576	7.139404624939928	0.1822441585913412	0.9048133438132295	1.6765344582220378	0.2927292062923297		euclidean	answerdotai_ModernBERT-base	2,4,8	head
micro	-0.19450014162894383	6.631755134139561	7.9535164846276025	0.17573634484480147	0.9078265991663965	1.653391806042495	0.27713427713427713	14183.0	euclidean	answerdotai_ModernBERT-base	2,4,8	head
macro	-0.35280839492411264	6.043980416255023	7.278690035008816	0.05760945243375791	0.8605658465177579	1.0299983834760624	0.3680923007116937		cosine	answerdotai_ModernBERT-base	2,4,9	head
micro	-0.35777556989499226	6.622528224210627	8.196212217152853	0.05610572411525977	0.8670183904490415	1.028325904637334	0.3557843557843558	14183.0	cosine	answerdotai_ModernBERT-base	2,4,9	head
macro	-0.19628132304754403	6.043980416255023	7.278690035008816	0.18280984540703663	0.904034993519441	1.6978799166459573	0.28994588316119263		euclidean	answerdotai_ModernBERT-base	2,4,9	head
micro	-0.1968468916702295	6.622528224210627	8.196212217152853	0.1772968116016499	0.9070338716256795	1.6738701024886242	0.27405977405977405	14183.0	euclidean	answerdotai_ModernBERT-base	2,4,9	head
macro	-0.35274938985390664	6.032167721498812	7.604039917905082	0.05659313887716991	0.860114137564894	1.0285768222622278	0.3666690160074341		cosine	answerdotai_ModernBERT-base	2,4,10	head
micro	-0.3593326649983721	6.633032285342223	8.556929716473158	0.054158049611675	0.8664866521797742	1.0278690221020166	0.3527813527813528	14183.0	cosine	answerdotai_ModernBERT-base	2,4,10	head
macro	-0.1988526053174729	6.032167721498812	7.604039917905082	0.18006827003662523	0.9040087777018329	1.7172888133840658	0.28619519894996776		euclidean	answerdotai_ModernBERT-base	2,4,10	head
micro	-0.2016422958098963	6.633032285342223	8.556929716473158	0.17243557007904362	0.9070291504372491	1.7012608481661315	0.26898326898326896	14183.0	euclidean	answerdotai_ModernBERT-base	2,4,10	head
macro	-0.3564466073362732	6.016095146120384	7.344501009510618	0.055779677977965694	0.8599870904779485	1.0310032117230719	0.3671243426625891		cosine	answerdotai_ModernBERT-base	2,4,11	head
micro	-0.3598263398325206	6.573938630009982	8.282943343171054	0.055043912344670966	0.8666667804102381	1.0303990840054937	0.35413985413985416	14183.0	cosine	answerdotai_ModernBERT-base	2,4,11	head
macro	-0.20197844355911151	6.016095146120384	7.344501009510618	0.18154135099449087	0.904324675817122	1.742020173155906	0.28732514067885		euclidean	answerdotai_ModernBERT-base	2,4,11	head
micro	-0.2019591122803866	6.573938630009982	8.282943343171054	0.1764306513550866	0.9071958555286481	1.7130515395018204	0.2730587730587731	14183.0	euclidean	answerdotai_ModernBERT-base	2,4,11	head
macro	-0.3662209805221645	6.090235317155507	7.57632481931671	0.0552886407767234	0.8593326776502329	1.0313385904525174	0.36607732008366983		cosine	answerdotai_ModernBERT-base	2,5,6	head
micro	-0.37229447732279414	6.665060111497271	8.665580719933121	0.05295947018328675	0.8643242571713954	1.0330189147243343	0.35256685256685255	14183.0	cosine	answerdotai_ModernBERT-base	2,5,6	head
macro	-0.20705396971215662	6.090235317155507	7.57632481931671	0.18058690521887472	0.9034401770416465	1.7436439968061184	0.2897331287253307		euclidean	answerdotai_ModernBERT-base	2,5,6	head
micro	-0.2094309498894011	6.665060111497271	8.665580719933121	0.17412983016095526	0.905755727070123	1.7222268196577408	0.27484627484627483	14183.0	euclidean	answerdotai_ModernBERT-base	2,5,6	head
macro	-0.3613505951236835	6.011669070973606	7.513494444163966	0.05701725128582502	0.8574319086455249	1.0323544338520505	0.36779043646899157		cosine	answerdotai_ModernBERT-base	2,5,7	head
micro	-0.366733505271702	6.579918652332315	8.543469599754648	0.05444424526860383	0.8633523927437937	1.031051178287051	0.35456885456885456	14183.0	cosine	answerdotai_ModernBERT-base	2,5,7	head
macro	-0.20480850423449037	6.011669070973606	7.513494444163966	0.17968037388296748	0.9033353938684543	1.7640892153660597	0.2909812759625595		euclidean	answerdotai_ModernBERT-base	2,5,7	head
micro	-0.2059527583262995	6.579918652332315	8.543469599754648	0.1742009830121943	0.9055568583278185	1.738197155014049	0.2755612755612756	14183.0	euclidean	answerdotai_ModernBERT-base	2,5,7	head
macro	-0.35329515509656895	6.095319671383044	7.237948789800816	0.05785312849636766	0.8597481976847468	1.0320969652160181	0.3671452712794911		cosine	answerdotai_ModernBERT-base	2,5,8	head
micro	-0.35842495379283246	6.697861754856384	8.173547789604532	0.05590717196978063	0.8653367678362375	1.031610935938154	0.3552123552123552	14183.0	cosine	answerdotai_ModernBERT-base	2,5,8	head
macro	-0.19819818143470103	6.095319671383044	7.237948789800816	0.17953474423304147	0.9053005870887064	1.6890156844482749	0.29167891083352265		euclidean	answerdotai_ModernBERT-base	2,5,8	head
micro	-0.19900837206739858	6.697861754856384	8.173547789604532	0.1729444027921509	0.9078643399695333	1.663765403548716	0.2749177749177749	14183.0	euclidean	answerdotai_ModernBERT-base	2,5,8	head
macro	-0.3567354833006241	6.0632987399157185	7.227542472632138	0.056512387930540205	0.8597884699957917	1.0355794688816324	0.368395428865657		cosine	answerdotai_ModernBERT-base	2,5,9	head
micro	-0.3612987791733324	6.653442459144504	8.160852197361054	0.05466706679631601	0.8661248150842727	1.0345897101977106	0.35506935506935505	14183.0	cosine	answerdotai_ModernBERT-base	2,5,9	head
macro	-0.20062076738984216	6.0632987399157185	7.227542472632138	0.1827051238499011	0.904518215150212	1.7268722767145166	0.29009860743797283		euclidean	answerdotai_ModernBERT-base	2,5,9	head
micro	-0.2019015810561953	6.653442459144504	8.160852197361054	0.17638484228494472	0.9081941341398176	1.6934577673079445	0.274989274989275	14183.0	euclidean	answerdotai_ModernBERT-base	2,5,9	head
macro	-0.36276190156189714	6.076108602995674	7.747032008046692	0.053959915705980945	0.857367059218621	1.0335309352363284	0.37300652782133253		cosine	answerdotai_ModernBERT-base	2,5,10	head
micro	-0.3675379960638165	6.690932723068989	8.762888105148527	0.052269096367978884	0.8633449652979401	1.0331644951240937	0.3617188617188617	14183.0	cosine	answerdotai_ModernBERT-base	2,5,10	head
macro	-0.20625911898358515	6.076108602995674	7.747032008046692	0.1761031710333666	0.903620202885645	1.7456775493318224	0.28978489946075436		euclidean	answerdotai_ModernBERT-base	2,5,10	head
micro	-0.20745081398897594	6.690932723068989	8.762888105148527	0.16980091183460183	0.9064092031947719	1.7183728480883833	0.27391677391677394	14183.0	euclidean	answerdotai_ModernBERT-base	2,5,10	head
macro	-0.3659972108519026	6.100164378684514	7.614250768678143	0.05376054263232847	0.8562097244936895	1.033476794307401	0.36419605972057306		cosine	answerdotai_ModernBERT-base	2,5,11	head
micro	-0.37028320914439355	6.693046873122866	8.64525741903533	0.05234601317083126	0.8619682734311315	1.034269628379641	0.3510653510653511	14183.0	cosine	answerdotai_ModernBERT-base	2,5,11	head
macro	-0.20746675627716443	6.100164378684514	7.614250768678143	0.1811698447045963	0.9017594224333186	1.7906542101219132	0.29141304119800143		euclidean	answerdotai_ModernBERT-base	2,5,11	head
micro	-0.20846004483174208	6.693046873122866	8.64525741903533	0.1752131402693253	0.9042730756856766	1.7605936803651325	0.2755612755612756	14183.0	euclidean	answerdotai_ModernBERT-base	2,5,11	head
macro	-0.3620141588125547	5.995973632365774	7.320541382227635	0.05643814997745856	0.8606670566457933	1.0264131954240852	0.3696130403701678		cosine	answerdotai_ModernBERT-base	2,6,7	head
micro	-0.36714879373002957	6.555639068370098	8.31852248025584	0.05398407620630532	0.8667569995876716	1.0263364141622284	0.3562848562848563	14183.0	cosine	answerdotai_ModernBERT-base	2,6,7	head
macro	-0.20682497762782429	5.995973632365774	7.320541382227635	0.17937696981245094	0.9038043841787662	1.7343860925792323	0.2938408462692169		euclidean	answerdotai_ModernBERT-base	2,6,7	head
micro	-0.2084559977648759	6.555639068370098	8.31852248025584	0.17274385409681406	0.9061713568574211	1.7128231055672427	0.2800657800657801	14183.0	euclidean	answerdotai_ModernBERT-base	2,6,7	head
macro	-0.34701602651715446	5.956063755402255	7.240956555869981	0.05925842338568556	0.8623752668681767	1.027639099093298	0.3702354340638714		cosine	answerdotai_ModernBERT-base	2,6,8	head
micro	-0.3524000131543457	6.501713102192332	8.233724070789146	0.0563162509356923	0.8676947127580162	1.027789160656757	0.35728585728585727	14183.0	cosine	answerdotai_ModernBERT-base	2,6,8	head
macro	-0.1964205451387523	5.956063755402255	7.240956555869981	0.18210787481282129	0.9041611890658595	1.657892799793673	0.2977094408582707		euclidean	answerdotai_ModernBERT-base	2,6,8	head
micro	-0.1985116768512279	6.501713102192332	8.233724070789146	0.1757941866006924	0.9064621778563893	1.6368716178066332	0.2827827827827828	14183.0	euclidean	answerdotai_ModernBERT-base	2,6,8	head
macro	-0.3572560039256406	6.017275577076565	7.3010379315753	0.057377112249646194	0.8618065974812162	1.028776400347278	0.3694447183058849		cosine	answerdotai_ModernBERT-base	2,6,9	head
micro	-0.36200478211814624	6.580414229969217	8.297564106112192	0.05544277349979602	0.867216953898259	1.027100286613702	0.35835835835835833	14183.0	cosine	answerdotai_ModernBERT-base	2,6,9	head
macro	-0.19985366949485217	6.017275577076565	7.3010379315753	0.18547197396377335	0.9040656510630651	1.6856687679531837	0.28921202027329757		euclidean	answerdotai_ModernBERT-base	2,6,9	head
micro	-0.2015650419736643	6.580414229969217	8.297564106112192	0.1798815135952977	0.9065940064060117	1.6608986145236333	0.27434577434577434	14183.0	euclidean	answerdotai_ModernBERT-base	2,6,9	head
macro	-0.35262590372841185	6.042887729418007	7.421638822695049	0.05671036386360773	0.8618619479098109	1.0250789072103126	0.36917668793163805		cosine	answerdotai_ModernBERT-base	2,6,10	head
micro	-0.359056511836218	6.628943794612972	8.429535506680503	0.053961848071732356	0.867501586850472	1.0251107352399995	0.3567138567138567	14183.0	cosine	answerdotai_ModernBERT-base	2,6,10	head
macro	-0.19988771457968607	6.042887729418007	7.421638822695049	0.18071772469861228	0.9042131548708086	1.6969243781829169	0.29142831592915963		euclidean	answerdotai_ModernBERT-base	2,6,10	head
micro	-0.202903285817274	6.628943794612972	8.429535506680503	0.1730956880214083	0.9067166711351787	1.6766540964773904	0.2754897754897755	14183.0	euclidean	answerdotai_ModernBERT-base	2,6,10	head
macro	-0.36448035395842526	6.05248389382102	7.69933801254702	0.05452702634065421	0.8583343777808938	1.0279675826779147	0.36235316181926513		cosine	answerdotai_ModernBERT-base	2,6,11	head
micro	-0.370033205391477	6.616707356816299	8.779709968470177	0.05343439443441004	0.8644452765711792	1.026987625415846	0.34806234806234804	14183.0	cosine	answerdotai_ModernBERT-base	2,6,11	head
macro	-0.20831419314353228	6.05248389382102	7.69933801254702	0.17958175128209847	0.9019093211929202	1.7405237825939517	0.28924389852174415		euclidean	answerdotai_ModernBERT-base	2,6,11	head
micro	-0.21080067956372636	6.616707356816299	8.779709968470177	0.17390476857989776	0.904660050041887	1.7177461400576168	0.2729157729157729	14183.0	euclidean	answerdotai_ModernBERT-base	2,6,11	head
macro	-0.349603209799776	6.0009331421669465	7.348085035918062	0.058277884932505034	0.8606696473654524	1.0290726265351886	0.3618572448371963		cosine	answerdotai_ModernBERT-base	2,7,8	head
micro	-0.35205740490986087	6.554102126867537	8.31315370318023	0.056441389223305216	0.8673609102245022	1.026012548449571	0.35027885027885025	14183.0	cosine	answerdotai_ModernBERT-base	2,7,8	head
macro	-0.19716263461008715	6.0009331421669465	7.348085035918062	0.18115648689880393	0.9048221423331104	1.70116530581243	0.291289920568562		euclidean	answerdotai_ModernBERT-base	2,7,8	head
micro	-0.19679848492217794	6.554102126867537	8.31315370318023	0.1743995269042195	0.9075174159263062	1.6708164202436777	0.2769197769197769	14183.0	euclidean	answerdotai_ModernBERT-base	2,7,8	head
macro	-0.3516453474858807	5.918578513245041	7.443731097732998	0.05853964357744135	0.8594997324664758	1.0309756311392173	0.37042347608848897		cosine	answerdotai_ModernBERT-base	2,7,9	head
micro	-0.35474846703661683	6.435919177676255	8.412951471727148	0.05691835998296694	0.8657914270999435	1.0280784142607924	0.35728585728585727	14183.0	cosine	answerdotai_ModernBERT-base	2,7,9	head
macro	-0.19680165113718026	5.918578513245041	7.443731097732998	0.1855488500002241	0.9035188092736313	1.7099766070107187	0.2910982128305899		euclidean	answerdotai_ModernBERT-base	2,7,9	head
micro	-0.19668123779322236	6.435919177676255	8.412951471727148	0.1807508948034704	0.9065681369965551	1.6791728952090943	0.2769197769197769	14183.0	euclidean	answerdotai_ModernBERT-base	2,7,9	head
macro	-0.35748842667471864	5.97159613211715	7.470126462331862	0.05637135911369304	0.8585136919116837	1.029996449918872	0.36806062227720704		cosine	answerdotai_ModernBERT-base	2,7,11	head
micro	-0.36122891896098624	6.532813024355939	8.479548641624225	0.05565516295640115	0.8653708461907592	1.0291253623301868	0.35685685685685686	14183.0	cosine	answerdotai_ModernBERT-base	2,7,11	head
macro	-0.20299979378713465	5.97159613211715	7.470126462331862	0.18035170270295012	0.9038335020800005	1.7631403618410673	0.28889635549217546		euclidean	answerdotai_ModernBERT-base	2,7,11	head
micro	-0.20348926328584743	6.532813024355939	8.479548641624225	0.1754376782344291	0.9065463788244358	1.7364852796390935	0.27398827398827397	14183.0	euclidean	answerdotai_ModernBERT-base	2,7,11	head
macro	-0.3585517189334102	6.059169088775056	7.447862918212697	0.055149358664444655	0.8604310709320959	1.0301339855928335	0.37118207207058085		cosine	answerdotai_ModernBERT-base	2,7,10	head
micro	-0.3630247602768324	6.6669311901094215	8.50064078301126	0.05357616256806015	0.8663664008618627	1.0302920710549541	0.3586443586443586	14183.0	cosine	answerdotai_ModernBERT-base	2,7,10	head
macro	-0.20368374812754553	6.059169088775056	7.447862918212697	0.18097652452985694	0.9048771078513173	1.7325799133570845	0.2909690546438172		euclidean	answerdotai_ModernBERT-base	2,7,10	head
micro	-0.20452384283711414	6.6669311901094215	8.50064078301126	0.17408672164089473	0.907105077208784	1.7125954056976767	0.275990275990276	14183.0	euclidean	answerdotai_ModernBERT-base	2,7,10	head
macro	-0.34506761020366494	6.044619229503754	7.134825603278624	0.06125443208064336	0.861488499243126	1.0282758593005932	0.37040745578992484		cosine	answerdotai_ModernBERT-base	2,8,9	head
micro	-0.34704994352631563	6.604571577341188	8.039630382355533	0.05976958262659158	0.8680415603305712	1.0271572736188521	0.35714285714285715	14183.0	cosine	answerdotai_ModernBERT-base	2,8,9	head
macro	-0.1931248960124045	6.044619229503754	7.134825603278624	0.18575550205426344	0.9049651859577429	1.669503497250194	0.29577718446038676		euclidean	answerdotai_ModernBERT-base	2,8,9	head
micro	-0.19304268257826557	6.604571577341188	8.039630382355533	0.1796047618299022	0.9086247779620247	1.6361586595005755	0.28178178178178176	14183.0	euclidean	answerdotai_ModernBERT-base	2,8,9	head
macro	-0.3523356252137526	6.078545065163396	7.22535759370217	0.055748268911856684	0.8603055243783962	1.0300546930218566	0.37055037378799327		cosine	answerdotai_ModernBERT-base	2,8,10	head
micro	-0.3556948683292533	6.688882352382296	8.081750650715462	0.05414874988077278	0.8669049942354884	1.0281468536519358	0.35764335764335764	14183.0	cosine	answerdotai_ModernBERT-base	2,8,10	head
macro	-0.20010346919476668	6.078545065163396	7.22535759370217	0.17810639578539883	0.9040129110132239	1.6892745486934377	0.2951730571093508		euclidean	answerdotai_ModernBERT-base	2,8,10	head
micro	-0.2009062844047884	6.688882352382296	8.081750650715462	0.17327792667570227	0.9075379206603381	1.6568628194578847	0.2780637780637781	14183.0	euclidean	answerdotai_ModernBERT-base	2,8,10	head
macro	-0.3533790046686	6.057343919134971	7.545407603106474	0.05537608764687037	0.8583517564669829	1.0294474627991579	0.36839690340792947		cosine	answerdotai_ModernBERT-base	2,8,11	head
micro	-0.3561098553629678	6.6284349904778646	8.475841992438335	0.054745805037222914	0.8652314205334207	1.0282299180211056	0.3563563563563564	14183.0	cosine	answerdotai_ModernBERT-base	2,8,11	head
macro	-0.1994854364035067	6.057343919134971	7.545407603106474	0.17791811710989697	0.9021443705795196	1.7266091409016302	0.29126484776682393		euclidean	answerdotai_ModernBERT-base	2,8,11	head
micro	-0.19943564596861993	6.6284349904778646	8.475841992438335	0.17387021750361498	0.9056240953716458	1.694754032053729	0.2772772772772773	14183.0	euclidean	answerdotai_ModernBERT-base	2,8,11	head
macro	-0.3540753925682912	6.070881360517461	7.15851248172615	0.0594876475079285	0.8616590354168759	1.0287243310704537	0.37318742398692645		cosine	answerdotai_ModernBERT-base	2,9,10	head
micro	-0.35562612687590683	6.66410600914503	8.017059528048383	0.05801136426045849	0.8683792424586143	1.0259867685503905	0.3615758615758616	14183.0	cosine	answerdotai_ModernBERT-base	2,9,10	head
macro	-0.19906860212106148	6.070881360517461	7.15851248172615	0.18615007433531078	0.9050241118597099	1.6778732450459901	0.2913926159837152		euclidean	answerdotai_ModernBERT-base	2,9,10	head
micro	-0.19921833655643031	6.66410600914503	8.017059528048383	0.18050237726402868	0.9090978930325984	1.6434916003640112	0.2759187759187759	14183.0	euclidean	answerdotai_ModernBERT-base	2,9,10	head
macro	-0.3541217421100976	6.040390989125503	7.26193256771507	0.057399445613331185	0.8610448599658448	1.027960261301518	0.36984832612682716		cosine	answerdotai_ModernBERT-base	2,9,11	head
micro	-0.35605768235518653	6.589197390502919	8.258387483778906	0.056663270438559024	0.8674562466868064	1.0277566415021673	0.35785785785785784	14183.0	cosine	answerdotai_ModernBERT-base	2,9,11	head
macro	-0.19791044614007702	6.040390989125503	7.26193256771507	0.18459507847463968	0.9044388539566129	1.7180616092431755	0.29348183271421313		euclidean	answerdotai_ModernBERT-base	2,9,11	head
micro	-0.1976756031170046	6.589197390502919	8.258387483778906	0.18039458547150408	0.907305676260851	1.6864874489455812	0.27935077935077934	14183.0	euclidean	answerdotai_ModernBERT-base	2,9,11	head
macro	-0.354784117478012	6.0622029441238405	7.183862581273102	0.05511018721502286	0.8599045737808991	1.0270148897790923	0.3693409993524663		cosine	answerdotai_ModernBERT-base	2,10,11	head
micro	-0.3582754845604792	6.656052615502481	8.039822521462785	0.053608147095428105	0.8669948721689067	1.0260312117100296	0.35714285714285715	14183.0	cosine	answerdotai_ModernBERT-base	2,10,11	head
macro	-0.20237584726238625	6.0622029441238405	7.183862581273102	0.18005290724428816	0.9049663140574796	1.721801749208711	0.29008107933284893		euclidean	answerdotai_ModernBERT-base	2,10,11	head
micro	-0.20347735845972556	6.656052615502481	8.039822521462785	0.17458916848176093	0.9085180500031454	1.6927253843414012	0.2756327756327756	14183.0	euclidean	answerdotai_ModernBERT-base	2,10,11	head
macro	-0.35380715428835374	6.030302372314495	7.545188609433428	0.05718797432078466	0.8602891302509297	1.0264110176952177	0.368842019916655		cosine	answerdotai_ModernBERT-base	3,4,6	head
micro	-0.35881094367083766	6.594058172953908	8.48575447759538	0.05608619715217942	0.8672509023120164	1.0276862667444415	0.35485485485485485	14183.0	cosine	answerdotai_ModernBERT-base	3,4,6	head
macro	-0.1968264859856887	6.030302372314495	7.545188609433428	0.17962899199054846	0.903631587638022	1.7046302779007985	0.2951059419300442		euclidean	answerdotai_ModernBERT-base	3,4,6	head
micro	-0.1983577517993843	6.594058172953908	8.48575447759538	0.1733707043856851	0.9062599235555369	1.674864451123134	0.2799227799227799	14183.0	euclidean	answerdotai_ModernBERT-base	3,4,6	head
macro	-0.35861240399251504	6.176486588519757	7.638199231429865	0.057094212327755675	0.8566100296576453	1.031226292334358	0.371181934707291		cosine	answerdotai_ModernBERT-base	3,4,5	head
micro	-0.3641047590786313	6.808174701685694	8.593272454953405	0.05584566648694245	0.8630181295218241	1.0292434161663309	0.35835835835835833	14183.0	cosine	answerdotai_ModernBERT-base	3,4,5	head
macro	-0.2004052641169337	6.176486588519757	7.638199231429865	0.17653143860061976	0.9018321866174125	1.7491547002205412	0.2946518078973948		euclidean	answerdotai_ModernBERT-base	3,4,5	head
micro	-0.2021869260931679	6.808174701685694	8.593272454953405	0.17116539236856254	0.9051827313545848	1.7128946783355008	0.27906477906477906	14183.0	euclidean	answerdotai_ModernBERT-base	3,4,5	head
macro	-0.3542760083617892	5.99997399743384	7.51063560158585	0.05734684782998692	0.8602457260190204	1.0267049862441213	0.3742429661550452		cosine	answerdotai_ModernBERT-base	3,4,7	head
micro	-0.35903225707227404	6.573893375811509	8.38434084812621	0.0565058577996378	0.8672518677040071	1.0258531561633861	0.35993135993135994	14183.0	cosine	answerdotai_ModernBERT-base	3,4,7	head
macro	-0.1978595190755121	5.99997399743384	7.51063560158585	0.18089206229231702	0.9039930310763359	1.7219555656734467	0.2919302198493888		euclidean	answerdotai_ModernBERT-base	3,4,7	head
micro	-0.19994208507223327	6.573893375811509	8.38434084812621	0.17665629582596182	0.9073784911613522	1.6906887668732458	0.2777062777062777	14183.0	euclidean	answerdotai_ModernBERT-base	3,4,7	head
macro	-0.3454707852041952	6.05925823846045	7.250973111331701	0.05932767585250355	0.8626805432191973	1.0318200368064967	0.3701579368405708		cosine	answerdotai_ModernBERT-base	3,4,8	head
micro	-0.3504012887328843	6.628181870540612	8.083253570283754	0.05839724394522878	0.8697832391437572	1.0299297917817836	0.3586443586443586	14183.0	cosine	answerdotai_ModernBERT-base	3,4,8	head
macro	-0.19006201543068568	6.05925823846045	7.250973111331701	0.1821443008964501	0.9064373952473097	1.6630049274176726	0.29562137527181664		euclidean	answerdotai_ModernBERT-base	3,4,8	head
micro	-0.19166768881953564	6.628181870540612	8.083253570283754	0.1769566141141689	0.9097093851816916	1.6338027880674686	0.2809237809237809	14183.0	euclidean	answerdotai_ModernBERT-base	3,4,8	head
macro	-0.35219759265210754	6.042050796284014	7.505434260696804	0.058695606280454886	0.860750860110493	1.0306658724412412	0.3696157447414149		cosine	answerdotai_ModernBERT-base	3,4,9	head
micro	-0.358286339118206	6.648054433069406	8.443015982691797	0.05718095710666579	0.8674522712598568	1.0303345570275797	0.3584298584298584	14183.0	cosine	answerdotai_ModernBERT-base	3,4,9	head
macro	-0.19508434846260814	6.042050796284014	7.505434260696804	0.17928434666306475	0.9037914646767606	1.6944945850941269	0.2946599562048424		euclidean	answerdotai_ModernBERT-base	3,4,9	head
micro	-0.19675481400280792	6.648054433069406	8.443015982691797	0.17283079302920676	0.9062532431746773	1.6706251450178322	0.27942227942227943	14183.0	euclidean	answerdotai_ModernBERT-base	3,4,9	head
macro	-0.3479774234641503	5.971544138806696	7.694669864342277	0.057970747514039384	0.860635151045803	1.0310504952605604	0.3688051764269026		cosine	answerdotai_ModernBERT-base	3,4,10	head
micro	-0.3529285191573962	6.524730127343191	8.683694403995151	0.05614912658517806	0.8673078339008409	1.0307619426363988	0.35714285714285715	14183.0	cosine	answerdotai_ModernBERT-base	3,4,10	head
macro	-0.1948461874841878	5.971544138806696	7.694669864342277	0.17989868897187744	0.9042225108462146	1.6971534309085312	0.2946281119729661		euclidean	answerdotai_ModernBERT-base	3,4,10	head
micro	-0.19764047226217932	6.524730127343191	8.683694403995151	0.1732156368838678	0.9073867957498134	1.6711397017262928	0.2782782782782783	14183.0	euclidean	answerdotai_ModernBERT-base	3,4,10	head
macro	-0.3543174261028348	5.977241644720617	7.275132705204328	0.058303797402544086	0.8614504380622725	1.0341926911209236	0.371800091022079		cosine	answerdotai_ModernBERT-base	3,4,11	head
micro	-0.3567615063417035	6.520451258331549	8.152214932381897	0.05710795598990752	0.8683728070767189	1.032639615200217	0.35978835978835977	14183.0	cosine	answerdotai_ModernBERT-base	3,4,11	head
macro	-0.1968963946139867	5.977241644720617	7.275132705204328	0.18180925769682668	0.9057354663070221	1.7103987679288626	0.2921876032596671		euclidean	answerdotai_ModernBERT-base	3,4,11	head
micro	-0.1967636445335575	6.520451258331549	8.152214932381897	0.17695730338141832	0.9089558502856869	1.674958537600731	0.27927927927927926	14183.0	euclidean	answerdotai_ModernBERT-base	3,4,11	head
macro	-0.35854114619910427	6.18164749236801	7.2886649431243615	0.0556758105388844	0.8592708827872322	1.0303119427952163	0.3662330109394963		cosine	answerdotai_ModernBERT-base	3,5,6	head
micro	-0.36335548233255655	6.787377313467268	8.180804799185202	0.05428661018619073	0.8663673694693462	1.0314157404275122	0.3517803517803518	14183.0	cosine	answerdotai_ModernBERT-base	3,5,6	head
macro	-0.2009767114921128	6.18164749236801	7.2886649431243615	0.18114724756688977	0.9031725480713365	1.7173725579424413	0.290605102590301		euclidean	answerdotai_ModernBERT-base	3,5,6	head
micro	-0.2028244240287691	6.787377313467268	8.180804799185202	0.17505280016398947	0.9068054747081978	1.6815637428153078	0.2767052767052767	14183.0	euclidean	answerdotai_ModernBERT-base	3,5,6	head
macro	-0.35088658039563175	6.218111346532195	7.212472836114333	0.05679130026379052	0.8599816666409758	1.029189933702209	0.373842080519574		cosine	answerdotai_ModernBERT-base	3,5,8	head
micro	-0.3565367449458796	6.847848685721841	8.045913541680262	0.055288684663808214	0.8667468135107693	1.027439507654167	0.3607893607893608	14183.0	cosine	answerdotai_ModernBERT-base	3,5,8	head
macro	-0.19564128911267692	6.218111346532195	7.212472836114333	0.18108471762024275	0.9057352649499163	1.6741769075321644	0.2914437371723212		euclidean	answerdotai_ModernBERT-base	3,5,8	head
micro	-0.19732041604712006	6.847848685721841	8.045913541680262	0.1741628821752713	0.9092647496514998	1.6428353682769805	0.2754182754182754	14183.0	euclidean	answerdotai_ModernBERT-base	3,5,8	head
macro	-0.3598029523303326	6.15639669517791	7.484905651815581	0.05630067267686218	0.8572928045853202	1.0268698467522523	0.3721182213388238		cosine	answerdotai_ModernBERT-base	3,5,7	head
micro	-0.3646094217821725	6.784508909565844	8.337066871719443	0.05484402098123158	0.8643676567814668	1.0255860293602492	0.3552123552123552	14183.0	cosine	answerdotai_ModernBERT-base	3,5,7	head
macro	-0.20400016920204414	6.15639669517791	7.484905651815581	0.18029217370825557	0.9021937825125086	1.7450200895103847	0.28946837349622007		euclidean	answerdotai_ModernBERT-base	3,5,7	head
micro	-0.20592171625937136	6.784508909565844	8.337066871719443	0.17422476905604012	0.9059312522361117	1.7073516173201901	0.27463177463177463	14183.0	euclidean	answerdotai_ModernBERT-base	3,5,7	head
macro	-0.3562480680073525	6.20703343605871	7.32032320902122	0.05597565063962409	0.8597950382813314	1.032154697362508	0.3725922521859485		cosine	answerdotai_ModernBERT-base	3,5,9	head
micro	-0.36210773566090915	6.869955364118477	8.147414649016676	0.05456361290143984	0.8672921078876932	1.0307407065091307	0.3585013585013585	14183.0	cosine	answerdotai_ModernBERT-base	3,5,9	head
macro	-0.20025794089760465	6.20703343605871	7.32032320902122	0.17758199798891544	0.9032397744483988	1.7221137641812423	0.2948838278979059		euclidean	answerdotai_ModernBERT-base	3,5,9	head
micro	-0.2026167533740655	6.869955364118477	8.147414649016676	0.170737549045127	0.907167066553536	1.68831917220593	0.2800657800657801	14183.0	euclidean	answerdotai_ModernBERT-base	3,5,9	head
macro	-0.358392610040809	6.122157290159251	7.740241654036205	0.05421759821406139	0.8570176572159427	1.0318242016369346	0.3740118750425797		cosine	answerdotai_ModernBERT-base	3,5,10	head
micro	-0.3622202713596399	6.734077200865366	8.688315650051278	0.053410606449291964	0.8637702467747049	1.0306800462672505	0.36271986271986273	14183.0	cosine	answerdotai_ModernBERT-base	3,5,10	head
macro	-0.2041884166318611	6.122157290159251	7.740241654036205	0.17907648856235037	0.9023895475196071	1.725814125457786	0.2935856897892667		euclidean	answerdotai_ModernBERT-base	3,5,10	head
micro	-0.20579149537653785	6.734077200865366	8.688315650051278	0.17310953640666907	0.9059077866394615	1.6889852871028663	0.27942227942227943	14183.0	euclidean	answerdotai_ModernBERT-base	3,5,10	head
macro	-0.3646401111117174	6.133786940209354	7.45404801967372	0.05389160942438628	0.8567994229289143	1.0340640022476746	0.36947828208201156		cosine	answerdotai_ModernBERT-base	3,5,11	head
micro	-0.3681938264973049	6.733516037673294	8.327167663090465	0.0520823917296366	0.8632982543196188	1.033066880992909	0.35464035464035465	14183.0	cosine	answerdotai_ModernBERT-base	3,5,11	head
macro	-0.2047895353136845	6.133786940209354	7.45404801967372	0.17888972529880176	0.9016724776156202	1.7591627226999291	0.2903968190151143		euclidean	answerdotai_ModernBERT-base	3,5,11	head
micro	-0.20563869065043378	6.733516037673294	8.327167663090465	0.17379799627462192	0.9050841112320366	1.7233312157189753	0.2752037752037752	14183.0	euclidean	answerdotai_ModernBERT-base	3,5,11	head
macro	-0.35708730992825516	6.059756080710457	7.192748013508663	0.05763143156686339	0.8616279094647753	1.0239639099076698	0.365511562784388		cosine	answerdotai_ModernBERT-base	3,6,7	head
micro	-0.360636737696641	6.652246801198926	8.009577082129983	0.05604744031988534	0.8693639179931532	1.0254824030289682	0.34992134992134993	14183.0	cosine	answerdotai_ModernBERT-base	3,6,7	head
macro	-0.201673749618104	6.059756080710457	7.192748013508663	0.183624559256266	0.9040117034776978	1.707305097806394	0.2879527357358037		euclidean	answerdotai_ModernBERT-base	3,6,7	head
micro	-0.20325012145035182	6.652246801198926	8.009577082129983	0.17759134403831883	0.9075583434200007	1.67016187966816	0.2753467753467754	14183.0	euclidean	answerdotai_ModernBERT-base	3,6,7	head
macro	-0.34006364808740697	6.000792566317372	7.126525381892165	0.059852962230704715	0.8637189136714092	1.027896578307046	0.3688525010156812		cosine	answerdotai_ModernBERT-base	3,6,8	head
micro	-0.34512856307073847	6.54507057483009	8.020480400853383	0.058371206515454487	0.8708613883654515	1.0281238747891495	0.35685685685685686	14183.0	cosine	answerdotai_ModernBERT-base	3,6,8	head
macro	-0.18938933852715495	6.000792566317372	7.126525381892165	0.18520290032797965	0.9059971271080436	1.6343398848050907	0.2949905949175482		euclidean	answerdotai_ModernBERT-base	3,6,8	head
micro	-0.19124260867948567	6.54507057483009	8.020480400853383	0.17897523331921386	0.9089014082741941	1.6034403637044208	0.2801372801372801	14183.0	euclidean	answerdotai_ModernBERT-base	3,6,8	head
macro	-0.3529130244214586	6.048081591512712	7.320207684435035	0.056599335183281314	0.8630269815590932	1.029372908055985	0.3731839345060951		cosine	answerdotai_ModernBERT-base	3,6,9	head
micro	-0.35808661517930956	6.648099562870253	8.23380136605888	0.055154019156807906	0.8697554749189672	1.0296867562300196	0.3625053625053625	14183.0	cosine	answerdotai_ModernBERT-base	3,6,9	head
macro	-0.19582075691384987	6.048081591512712	7.320207684435035	0.18143176332868988	0.9046775430365408	1.672282582319753	0.29108623134378653		euclidean	answerdotai_ModernBERT-base	3,6,9	head
micro	-0.19761119969280558	6.648099562870253	8.23380136605888	0.17543364030156275	0.9070181035012962	1.6446928847872935	0.27634777634777635	14183.0	euclidean	answerdotai_ModernBERT-base	3,6,9	head
macro	-0.34368494142868894	6.00230012983307	7.306244618666019	0.058985798649504165	0.8628485053621617	1.0265991853462662	0.3690011825080863		cosine	answerdotai_ModernBERT-base	3,6,10	head
micro	-0.3478712688456782	6.5577676895860915	8.25260092051564	0.05789541372265667	0.8698080564350588	1.0272037206517663	0.3579293579293579	14183.0	cosine	answerdotai_ModernBERT-base	3,6,10	head
macro	-0.19380760341222159	6.00230012983307	7.306244618666019	0.18482072650007902	0.9050395397159376	1.6666165895152019	0.2921803660074565		euclidean	answerdotai_ModernBERT-base	3,6,10	head
micro	-0.19603001280425286	6.5577676895860915	8.25260092051564	0.179088382130635	0.9080217027319196	1.6328859473157518	0.2777062777062777	14183.0	euclidean	answerdotai_ModernBERT-base	3,6,10	head
macro	-0.3583454165064233	6.003702813234729	7.4638697767387505	0.05501776289826564	0.8603393032630399	1.0306539944068047	0.36576592351686493		cosine	answerdotai_ModernBERT-base	3,6,11	head
micro	-0.3630118899108947	6.5538162774036905	8.402787827198171	0.05445784634019944	0.8675003072002511	1.0291105532732645	0.3504933504933505	14183.0	cosine	answerdotai_ModernBERT-base	3,6,11	head
macro	-0.20076052812467554	6.003702813234729	7.4638697767387505	0.18267045072472496	0.9036493433792294	1.6991222590709998	0.2883261074082341		euclidean	answerdotai_ModernBERT-base	3,6,11	head
micro	-0.2024345305722161	6.5538162774036905	8.402787827198171	0.17914243657665954	0.9067905280877193	1.6683585775988703	0.27384527384527385	14183.0	euclidean	answerdotai_ModernBERT-base	3,6,11	head
macro	-0.3516270686037256	6.06977220514979	7.533693948441908	0.059136675652290784	0.8614471728638773	1.0245947411485306	0.37048528215031884		cosine	answerdotai_ModernBERT-base	3,7,8	head
micro	-0.3543640083625656	6.633227769184861	8.423733578111896	0.057478567347362536	0.868873623449259	1.0223389140455608	0.35742885742885744	14183.0	cosine	answerdotai_ModernBERT-base	3,7,8	head
macro	-0.19698859199010135	6.06977220514979	7.533693948441908	0.1828673018399184	0.9053999838128506	1.6868585881920324	0.2862500499043058		euclidean	answerdotai_ModernBERT-base	3,7,8	head
micro	-0.1979666557837396	6.633227769184861	8.423733578111896	0.1767280895705996	0.908998667164902	1.6487710584337216	0.2719147719147719	14183.0	euclidean	answerdotai_ModernBERT-base	3,7,8	head
macro	-0.3546068041450778	6.018329766457375	7.7532491456402495	0.057928830413878016	0.8599139156857697	1.0277419721707526	0.3719196545736506		cosine	answerdotai_ModernBERT-base	3,7,9	head
micro	-0.35832490924617344	6.605283203547279	8.655512013341173	0.057146064154610314	0.8666410434589008	1.0269308623422544	0.3582153582153582	14183.0	cosine	answerdotai_ModernBERT-base	3,7,9	head
macro	-0.19901570036746968	6.018329766457375	7.7532491456402495	0.1795695647266959	0.9027989100108242	1.7053111419451552	0.28834326592808274		euclidean	answerdotai_ModernBERT-base	3,7,9	head
micro	-0.19989436502519775	6.605283203547279	8.655512013341173	0.17498725352057742	0.9058876741733167	1.6732515764607532	0.2751322751322751	14183.0	euclidean	answerdotai_ModernBERT-base	3,7,9	head
macro	-0.356363984333583	6.065408962617211	7.633973776846099	0.05543436986049989	0.8607589693095316	1.0275072795686038	0.3716943318543092		cosine	answerdotai_ModernBERT-base	3,7,10	head
micro	-0.3598550635932302	6.660848454769756	8.641312642008014	0.05388095890804265	0.867127354012071	1.028556570698546	0.35692835692835695	14183.0	cosine	answerdotai_ModernBERT-base	3,7,10	head
macro	-0.20248231660117755	6.065408962617211	7.633973776846099	0.18198513889036752	0.9043176155736615	1.7105629254980157	0.2902604754029741		euclidean	answerdotai_ModernBERT-base	3,7,10	head
micro	-0.20399708079118353	6.660848454769756	8.641312642008014	0.1764734258683942	0.9073503366680405	1.679339645608563	0.2778492778492779	14183.0	euclidean	answerdotai_ModernBERT-base	3,7,10	head
macro	-0.3575198857849265	5.996636439690482	7.4972953421338016	0.056194192287177716	0.8598532592088843	1.0278103877917695	0.3728712718182391		cosine	answerdotai_ModernBERT-base	3,7,11	head
micro	-0.3608873518570042	6.576734096093486	8.372215579956121	0.054975681648036345	0.8671281208444127	1.0273464462345414	0.35728585728585727	14183.0	cosine	answerdotai_ModernBERT-base	3,7,11	head
macro	-0.2003076831856278	5.996636439690482	7.4972953421338016	0.1840193633144233	0.904447342239895	1.729449609040765	0.2860588946073374		euclidean	answerdotai_ModernBERT-base	3,7,11	head
micro	-0.20116877912470568	6.576734096093486	8.372215579956121	0.17919497808844373	0.9080605369214828	1.6958654760533933	0.27377377377377377	14183.0	euclidean	answerdotai_ModernBERT-base	3,7,11	head
macro	-0.3471689857340323	6.079223654789422	7.4548811336858165	0.05746033143301749	0.8627622274699672	1.0274397975136946	0.37441000800313634		cosine	answerdotai_ModernBERT-base	3,8,9	head
micro	-0.35208229243424294	6.664170125156913	8.374975855225584	0.055638671795470114	0.8698108002527883	1.0272950558750924	0.36257686257686256	14183.0	cosine	answerdotai_ModernBERT-base	3,8,9	head
macro	-0.19396592259075296	6.079223654789422	7.4548811336858165	0.184421507903407	0.9056714223668189	1.6702692449061705	0.29091021600121664		euclidean	answerdotai_ModernBERT-base	3,8,9	head
micro	-0.19552579534435388	6.664170125156913	8.374975855225584	0.17738682360863112	0.9087968533783211	1.642305326354837	0.27656227656227655	14183.0	euclidean	answerdotai_ModernBERT-base	3,8,9	head
macro	-0.34920256528350274	6.042830599566127	7.442926091667929	0.055853559504925585	0.8612810046143349	1.0293419253469576	0.3725092619091624		cosine	answerdotai_ModernBERT-base	3,8,10	head
micro	-0.35244216495990904	6.605229093595595	8.344334222878535	0.05473105911578071	0.8682370526849944	1.0277153212412362	0.3617903617903618	14183.0	cosine	answerdotai_ModernBERT-base	3,8,10	head
macro	-0.19770281502715295	6.042830599566127	7.442926091667929	0.17952965680765362	0.9049432035744692	1.6723032604156727	0.29532831493381073		euclidean	answerdotai_ModernBERT-base	3,8,10	head
micro	-0.1991351141538226	6.605229093595595	8.344334222878535	0.17439666424794809	0.9086022811002593	1.6344376144802233	0.27963677963677963	14183.0	euclidean	answerdotai_ModernBERT-base	3,8,10	head
macro	-0.35264505253032297	6.056970682131175	7.58931977295541	0.05702627496554695	0.8600765061453586	1.0321513586901807	0.3762318453085479		cosine	answerdotai_ModernBERT-base	3,8,11	head
micro	-0.35594990767613927	6.611739226379393	8.461763750220452	0.056592134032843154	0.8673365111450746	1.0299855727618934	0.3640783640783641	14183.0	cosine	answerdotai_ModernBERT-base	3,8,11	head
macro	-0.19649758369861553	6.056970682131175	7.58931977295541	0.18372113631652087	0.9043939744304812	1.6988330534507174	0.2903155363980894		euclidean	answerdotai_ModernBERT-base	3,8,11	head
micro	-0.19686293816301192	6.611739226379393	8.461763750220452	0.17964032413206033	0.908233330869802	1.6657276621989927	0.27713427713427713	14183.0	euclidean	answerdotai_ModernBERT-base	3,8,11	head
macro	-0.3529034160215697	6.053439430367204	7.484912772903296	0.059106517824028856	0.8625808456725275	1.0296687648633176	0.37553476676802416		cosine	answerdotai_ModernBERT-base	3,9,10	head
micro	-0.3548703510331882	6.645375217715576	8.39050476701578	0.058450787074209344	0.8694632395045749	1.0282269056764743	0.3657228657228657	14183.0	cosine	answerdotai_ModernBERT-base	3,9,10	head
macro	-0.19889773379210968	6.053439430367204	7.484912772903296	0.18427345606213444	0.9046487867258061	1.6709539143002512	0.2943236872326954		euclidean	answerdotai_ModernBERT-base	3,9,10	head
micro	-0.19964667544340797	6.645375217715576	8.39050476701578	0.1784782905724026	0.9079895515889463	1.6373954182460633	0.27935077935077934	14183.0	euclidean	answerdotai_ModernBERT-base	3,9,10	head
macro	-0.35634597811388247	6.048014192515875	7.422474856991877	0.05797999724081697	0.8620966917053138	1.0296232978717723	0.3721534880138086		cosine	answerdotai_ModernBERT-base	3,9,11	head
micro	-0.359091676867929	6.6251476224718315	8.363661745416572	0.056640189527982686	0.8686804803679853	1.029581084911996	0.3584298584298584	14183.0	cosine	answerdotai_ModernBERT-base	3,9,11	head
macro	-0.19770849323996595	6.048014192515875	7.422474856991877	0.18140729667053654	0.9048565888890396	1.7001909825125763	0.2919883002862158		euclidean	answerdotai_ModernBERT-base	3,9,11	head
micro	-0.19792033526687303	6.6251476224718315	8.363661745416572	0.17630867440568748	0.9073496307870297	1.673250951092293	0.27892177892177894	14183.0	euclidean	answerdotai_ModernBERT-base	3,9,11	head
macro	-0.35169444895171914	5.98823539452042	7.236723286554122	0.056228370593435516	0.861321230519677	1.0293171526642313	0.37357792199833717		cosine	answerdotai_ModernBERT-base	3,10,11	head
micro	-0.35419967686993103	6.535526052246998	8.071649830285093	0.05523704907435786	0.8683926914942683	1.0277489786510008	0.3615758615758616	14183.0	cosine	answerdotai_ModernBERT-base	3,10,11	head
macro	-0.19840173546810774	5.98823539452042	7.236723286554122	0.1839927229998008	0.9055946087258983	1.6868738757332646	0.29041678533091303		euclidean	answerdotai_ModernBERT-base	3,10,11	head
micro	-0.19918264979634046	6.535526052246998	8.071649830285093	0.1796173106211551	0.909293178031855	1.653275092522381	0.2776347776347776	14183.0	euclidean	answerdotai_ModernBERT-base	3,10,11	head
macro	-0.36984931648111696	6.17521114235619	7.690634906237159	0.05423780619654905	0.8559438983998641	1.0281953141607323	0.3657608541389071		cosine	answerdotai_ModernBERT-base	4,5,6	head
micro	-0.3740102517420822	6.767698863815639	8.725998738741705	0.05319533483834852	0.8617676088546693	1.0276602660583756	0.348991848991849	14183.0	cosine	answerdotai_ModernBERT-base	4,5,6	head
macro	-0.2088808711725746	6.17521114235619	7.690634906237159	0.1790298818383134	0.9012869077864457	1.7548285214658133	0.286818009631629		euclidean	answerdotai_ModernBERT-base	4,5,6	head
micro	-0.20946931263495763	6.767698863815639	8.725998738741705	0.17384125242136475	0.9040440323189082	1.7254718054083273	0.270985270985271	14183.0	euclidean	answerdotai_ModernBERT-base	4,5,6	head
macro	-0.3669520610889769	6.128728966874705	7.619516518235235	0.0549406634754509	0.8552674887789802	1.029488704010434	0.360989328263661		cosine	answerdotai_ModernBERT-base	4,5,7	head
micro	-0.3733824983071409	6.743605181996019	8.618935925494783	0.05360919281023704	0.860899204924547	1.0255664517691574	0.34470184470184473	14183.0	cosine	answerdotai_ModernBERT-base	4,5,7	head
macro	-0.207073096366207	6.128728966874705	7.619516518235235	0.1795165353883189	0.9007158410363789	1.7787855081617454	0.282970740431502		euclidean	answerdotai_ModernBERT-base	4,5,7	head
micro	-0.2090821474122543	6.743605181996019	8.618935925494783	0.17462321579866463	0.9032866381031914	1.7498714027237534	0.26633776633776635	14183.0	euclidean	answerdotai_ModernBERT-base	4,5,7	head
macro	-0.3601120028572679	6.222966512398104	7.148950913984516	0.05596943274829147	0.8593083852586421	1.031049749933522	0.36612527932764316		cosine	answerdotai_ModernBERT-base	4,5,8	head
micro	-0.3654519272406977	6.840191384404008	8.05255829938614	0.0544934705726468	0.8648156287343163	1.026904112328424	0.35256685256685255	14183.0	cosine	answerdotai_ModernBERT-base	4,5,8	head
macro	-0.20098650202038654	6.222966512398104	7.148950913984516	0.18206105466334993	0.905015248873797	1.694486007463799	0.28798464618000197		euclidean	answerdotai_ModernBERT-base	4,5,8	head
micro	-0.20192373277860576	6.840191384404008	8.05255829938614	0.17666485283293903	0.9073025728517569	1.6714025791378762	0.2727727727727728	14183.0	euclidean	answerdotai_ModernBERT-base	4,5,8	head
macro	-0.36305868666394664	6.1839664715560145	7.347821435007551	0.054835523503787315	0.8568861157908608	1.0319095423642812	0.36486135573608386		cosine	answerdotai_ModernBERT-base	4,5,9	head
micro	-0.369983429173943	6.832471406448377	8.308635099697504	0.0536962419785061	0.8629825601094445	1.0284535971257025	0.3517088517088517	14183.0	cosine	answerdotai_ModernBERT-base	4,5,9	head
macro	-0.2041744837072486	6.1839664715560145	7.347821435007551	0.17684863635205944	0.9016188622524959	1.7416322053968694	0.2862685747518953		euclidean	answerdotai_ModernBERT-base	4,5,9	head
micro	-0.206536478358201	6.832471406448377	8.308635099697504	0.1716549161936654	0.9046645062421481	1.7095390313999048	0.26876876876876876	14183.0	euclidean	answerdotai_ModernBERT-base	4,5,9	head
macro	-0.36608978272273246	6.106858645371256	8.030665321950066	0.053587287596325514	0.8546310117766989	1.031406164783714	0.3711252175738944		cosine	answerdotai_ModernBERT-base	4,5,10	head
micro	-0.3721652695841844	6.717495580867709	9.125652505476355	0.05191987348665834	0.8602942368684053	1.0281178555439534	0.35735735735735735	14183.0	cosine	answerdotai_ModernBERT-base	4,5,10	head
macro	-0.2068284728779182	6.106858645371256	8.030665321950066	0.17786698850672655	0.9005204901910828	1.7579154246977597	0.28804282517563096		euclidean	answerdotai_ModernBERT-base	4,5,10	head
micro	-0.20925182794578684	6.717495580867709	9.125652505476355	0.17190400668024403	0.9029301888425235	1.7338954450064163	0.2701987701987702	14183.0	euclidean	answerdotai_ModernBERT-base	4,5,10	head
macro	-0.3671393284159279	6.106548357282185	7.567531912871905	0.05477990249063344	0.855540131542675	1.0327988769382535	0.36587500439474846		cosine	answerdotai_ModernBERT-base	4,5,11	head
micro	-0.3705557869024066	6.68843988824414	8.608228855705116	0.05366369470848326	0.8606296835330496	1.0309862293115852	0.3529243529243529	14183.0	cosine	answerdotai_ModernBERT-base	4,5,11	head
macro	-0.20786448924287093	6.106548357282185	7.567531912871905	0.18120937712977742	0.9010552842974764	1.763497349670429	0.2874973674664616		euclidean	answerdotai_ModernBERT-base	4,5,11	head
micro	-0.20787883002222882	6.68843988824414	8.608228855705116	0.17610240228380314	0.9033064473447814	1.7276171841224282	0.272987272987273	14183.0	euclidean	answerdotai_ModernBERT-base	4,5,11	head
macro	-0.3635497946098257	6.074324814740189	7.3631150047872085	0.055757643642474625	0.8588831375292995	1.0252048078971918	0.3628897960558949		cosine	answerdotai_ModernBERT-base	4,6,7	head
micro	-0.36848281771788627	6.661496507517017	8.235780200243035	0.05438846713995715	0.8658161814249541	1.0254110529066278	0.3487058487058487	14183.0	cosine	answerdotai_ModernBERT-base	4,6,7	head
macro	-0.20524190523243818	6.074324814740189	7.3631150047872085	0.1817458320953665	0.9033539777910504	1.7409801012267845	0.2874496753909636		euclidean	answerdotai_ModernBERT-base	4,6,7	head
micro	-0.20659189341872536	6.661496507517017	8.235780200243035	0.17668304937592177	0.9065667252041442	1.7141662771848256	0.27463177463177463	14183.0	euclidean	answerdotai_ModernBERT-base	4,6,7	head
macro	-0.35331619517252183	6.047262585850868	7.14053958849029	0.05714536380531087	0.8618015514219669	1.0278417972292282	0.3648256140397316		cosine	answerdotai_ModernBERT-base	4,6,8	head
micro	-0.3577266338479651	6.59297621440153	8.028351648829764	0.05528310268599653	0.8679522759721284	1.0271336666643784	0.3517803517803518	14183.0	cosine	answerdotai_ModernBERT-base	4,6,8	head
macro	-0.19658948010786975	6.047262585850868	7.14053958849029	0.18401525987701678	0.9058086908950393	1.657968894274635	0.2924358781487266		euclidean	answerdotai_ModernBERT-base	4,6,8	head
micro	-0.19719973431970042	6.59297621440153	8.028351648829764	0.17833145998195124	0.9082297688716072	1.6379598609253596	0.27863577863577865	14183.0	euclidean	answerdotai_ModernBERT-base	4,6,8	head
macro	-0.3596156812913499	6.070839145258538	7.403368526761485	0.05555116082663107	0.8588872906964049	1.027260613726722	0.36775090142296335		cosine	answerdotai_ModernBERT-base	4,6,9	head
micro	-0.36514761076465324	6.662667673558217	8.352909827121351	0.054034652524384434	0.8651894201547523	1.0272561673905989	0.3560703560703561	14183.0	cosine	answerdotai_ModernBERT-base	4,6,9	head
macro	-0.20040215915444232	6.070839145258538	7.403368526761485	0.17871800714570038	0.903384333351348	1.6934487423381595	0.28440758024752244		euclidean	answerdotai_ModernBERT-base	4,6,9	head
micro	-0.20152130135472796	6.662667673558217	8.352909827121351	0.17267810696994518	0.9057939908822897	1.668894734194752	0.26862576862576865	14183.0	euclidean	answerdotai_ModernBERT-base	4,6,9	head
macro	-0.3526406243919104	6.036630235567587	7.70191343376179	0.05766994284469779	0.8588027381996296	1.0245300692971917	0.3645941405418865		cosine	answerdotai_ModernBERT-base	4,6,10	head
micro	-0.3595089861120753	6.602673766051918	8.72507525107912	0.05456479476480294	0.8650487910176284	1.0252510033910158	0.34906334906334907	14183.0	cosine	answerdotai_ModernBERT-base	4,6,10	head
macro	-0.19756460642184456	6.036630235567587	7.70191343376179	0.18289130613490198	0.9034825882066166	1.7010800331856861	0.2894046146464364		euclidean	answerdotai_ModernBERT-base	4,6,10	head
micro	-0.20040223576885663	6.602673766051918	8.72507525107912	0.17638582094282734	0.9059579328322606	1.68318649690797	0.27234377234377233	14183.0	euclidean	answerdotai_ModernBERT-base	4,6,10	head
macro	-0.3612918731141198	6.057918723553692	7.664292468282001	0.05502447844857994	0.8577996636531464	1.0266716134200136	0.3664677399376697		cosine	answerdotai_ModernBERT-base	4,6,11	head
micro	-0.3644031977726268	6.608321395186268	8.696811485436346	0.054373547730992296	0.8639756722367968	1.0262506502409552	0.34984984984984985	14183.0	cosine	answerdotai_ModernBERT-base	4,6,11	head
macro	-0.20523283155691424	6.057918723553692	7.664292468282001	0.1800895980243407	0.9032315233387543	1.7061620968218614	0.28555104126939646		euclidean	answerdotai_ModernBERT-base	4,6,11	head
micro	-0.20546235677458974	6.608321395186268	8.696811485436346	0.17502567899883475	0.9060684149831478	1.6761442393402557	0.27134277134277135	14183.0	euclidean	answerdotai_ModernBERT-base	4,6,11	head
macro	-0.3554862321143729	6.1492866486719135	7.2838622336930055	0.0568172797305645	0.8612237883637247	1.0295390282477954	0.35929048805778135		cosine	answerdotai_ModernBERT-base	4,7,8	head
micro	-0.3597177195526375	6.734760164820957	8.182041627678831	0.05488335186585889	0.8676964242344491	1.0250913479966657	0.34527384527384525	14183.0	cosine	answerdotai_ModernBERT-base	4,7,8	head
macro	-0.19750525676149255	6.1492866486719135	7.2838622336930055	0.1845753157526526	0.9055899575395188	1.703539051923055	0.28996925917472705		euclidean	answerdotai_ModernBERT-base	4,7,8	head
micro	-0.19850931657507898	6.734760164820957	8.182041627678831	0.178176455763502	0.9082656915089222	1.6779520634607858	0.2750607750607751	14183.0	euclidean	answerdotai_ModernBERT-base	4,7,8	head
macro	-0.35466536112662467	6.031351364253524	7.556192148638331	0.058279537501577876	0.8576626716569146	1.0296700557005642	0.3625668365111245		cosine	answerdotai_ModernBERT-base	4,7,9	head
micro	-0.360658818654613	6.616370316190055	8.498638398184083	0.05673149293141159	0.8637920011228903	1.0275413798383273	0.34677534677534677	14183.0	cosine	answerdotai_ModernBERT-base	4,7,9	head
macro	-0.19784816920879666	6.031351364253524	7.556192148638331	0.18329089773491716	0.9022768244865742	1.7203136890208859	0.28607700350717363		euclidean	answerdotai_ModernBERT-base	4,7,9	head
micro	-0.19957746694271505	6.616370316190055	8.498638398184083	0.17759113723574743	0.9051207573209102	1.6933365100387754	0.2691977691977692	14183.0	euclidean	answerdotai_ModernBERT-base	4,7,9	head
macro	-0.35939613273845955	6.091556218405469	7.729897719800032	0.05493545555994396	0.8587455952381635	1.0305759151634244	0.3655205654131493		cosine	answerdotai_ModernBERT-base	4,7,10	head
micro	-0.36632495614207883	6.70524105269386	8.817025127463982	0.05211260522291942	0.864445252194019	1.0304445784987337	0.34884884884884887	14183.0	cosine	answerdotai_ModernBERT-base	4,7,10	head
macro	-0.20126911019939223	6.091556218405469	7.729897719800032	0.18061828335697644	0.9034445943469114	1.740660735861271	0.291909237014163		euclidean	answerdotai_ModernBERT-base	4,7,10	head
micro	-0.20413301950253834	6.70524105269386	8.817025127463982	0.17294030464108553	0.9057098207900179	1.7263980756345947	0.2749177749177749	14183.0	euclidean	answerdotai_ModernBERT-base	4,7,10	head
macro	-0.35666552262721574	6.035722999307394	7.435159240742399	0.05653424993432104	0.858672623750793	1.0298488370258427	0.36981975860555166		cosine	answerdotai_ModernBERT-base	4,7,11	head
micro	-0.3599705167357425	6.61478584450017	8.413150915323188	0.05502009783514098	0.8648751521839161	1.0288497385239375	0.3575003575003575	14183.0	cosine	answerdotai_ModernBERT-base	4,7,11	head
macro	-0.20065072691913893	6.035722999307394	7.435159240742399	0.18474772853542423	0.9041535213406481	1.7328783688549811	0.28671764119966725		euclidean	answerdotai_ModernBERT-base	4,7,11	head
micro	-0.20097219960143856	6.61478584450017	8.413150915323188	0.17987571892049306	0.9069388209082907	1.7025679359209245	0.27384527384527385	14183.0	euclidean	answerdotai_ModernBERT-base	4,7,11	head
macro	-0.3523455677116918	6.179853393330617	7.0787797990928745	0.057108645972521195	0.8609676589022267	1.029061168379522	0.3655580484649756		cosine	answerdotai_ModernBERT-base	4,8,9	head
micro	-0.357552984381946	6.782641736198364	7.971527238148993	0.05519944562909387	0.8674772604942713	1.0276146860905393	0.35263835263835264	14183.0	cosine	answerdotai_ModernBERT-base	4,8,9	head
macro	-0.1960818625276336	6.179853393330617	7.0787797990928745	0.1863766460670347	0.9056241592140153	1.6735729976290679	0.2923797764217797		euclidean	answerdotai_ModernBERT-base	4,8,9	head
micro	-0.19737225720141277	6.782641736198364	7.971527238148993	0.17974320515073106	0.9083545524444523	1.6503396955509242	0.27734877734877733	14183.0	euclidean	answerdotai_ModernBERT-base	4,8,9	head
macro	-0.35551002047282765	6.141705115058091	7.362232746430318	0.05562367477236952	0.8604598852627804	1.0305490744113985	0.36585084797756606		cosine	answerdotai_ModernBERT-base	4,8,10	head
micro	-0.3610873255154519	6.741029335054502	8.276840973145692	0.053169836346639264	0.8667434607603155	1.0282494286054673	0.3527098527098527	14183.0	cosine	answerdotai_ModernBERT-base	4,8,10	head
macro	-0.19837441570119066	6.141705115058091	7.362232746430318	0.18242449046902615	0.9046115718136993	1.6882431030682938	0.2925474117051578		euclidean	answerdotai_ModernBERT-base	4,8,10	head
micro	-0.20086005200320392	6.741029335054502	8.276840973145692	0.17583414939054617	0.9073728957962441	1.6681021636378255	0.27584727584727586	14183.0	euclidean	answerdotai_ModernBERT-base	4,8,10	head
macro	-0.35327200286514593	6.129631901618364	7.337117213799562	0.05694008766452644	0.8600727014384313	1.0316295826945627	0.36983962895650613		cosine	answerdotai_ModernBERT-base	4,8,11	head
micro	-0.35573723357192766	6.696763840360772	8.242156493725568	0.056487614864540535	0.8663569422928659	1.0295057779701207	0.35835835835835833	14183.0	cosine	answerdotai_ModernBERT-base	4,8,11	head
macro	-0.19764264595644995	6.129631901618364	7.337117213799562	0.18544388338547607	0.9049052830974028	1.6877068660612045	0.2880527436836094		euclidean	answerdotai_ModernBERT-base	4,8,11	head
micro	-0.1972109424765369	6.696763840360772	8.242156493725568	0.18089127902827615	0.9078631387238951	1.657780342891218	0.27606177606177607	14183.0	euclidean	answerdotai_ModernBERT-base	4,8,11	head
macro	-0.35602100624874616	6.106528053216031	7.496857428230947	0.057493451094889306	0.8588371320748683	1.0285696444484054	0.3692958430440297		cosine	answerdotai_ModernBERT-base	4,9,10	head
micro	-0.3607848521771593	6.719985698494172	8.462136020141996	0.05472732255995213	0.8652863732128454	1.0266131405052712	0.35714285714285715	14183.0	cosine	answerdotai_ModernBERT-base	4,9,10	head
macro	-0.1985299891708795	6.106528053216031	7.496857428230947	0.18461860251128975	0.9031649167735795	1.6883007730194766	0.2899174104970751		euclidean	answerdotai_ModernBERT-base	4,9,10	head
micro	-0.2003809912210016	6.719985698494172	8.462136020141996	0.1775482797413607	0.9062799135986462	1.6646401803546247	0.2722722722722723	14183.0	euclidean	answerdotai_ModernBERT-base	4,9,10	head
macro	-0.35336712427103556	6.080657594558815	7.239950585063088	0.057424061334160684	0.8601048550200786	1.028265908888026	0.3736591425211969		cosine	answerdotai_ModernBERT-base	4,9,11	head
micro	-0.3563003347787898	6.6584799310116605	8.259464352405999	0.0560840537412212	0.8659554390058706	1.0285227646689967	0.36221936221936224	14183.0	cosine	answerdotai_ModernBERT-base	4,9,11	head
macro	-0.19770047406560493	6.080657594558815	7.239950585063088	0.18737829411452825	0.9046625757889817	1.6879363896659343	0.2907205888436317		euclidean	answerdotai_ModernBERT-base	4,9,11	head
micro	-0.19747452570832444	6.6584799310116605	8.259464352405999	0.181650997234589	0.9067942396983706	1.6570191396264504	0.27613327613327615	14183.0	euclidean	answerdotai_ModernBERT-base	4,9,11	head
macro	-0.35061929073961234	6.036400562491831	7.345362559916382	0.05556575929429301	0.8593708638386764	1.0280988336934709	0.3710847484355254		cosine	answerdotai_ModernBERT-base	4,10,11	head
micro	-0.35430254451161053	6.602846713495175	8.290708081480856	0.05357935976577352	0.8655929511208366	1.0270235941663315	0.35728585728585727	14183.0	cosine	answerdotai_ModernBERT-base	4,10,11	head
macro	-0.19785388453046993	6.036400562491831	7.345362559916382	0.18382286131133257	0.9051729994245166	1.6890392633364852	0.28771159481528846		euclidean	answerdotai_ModernBERT-base	4,10,11	head
micro	-0.1992248618985944	6.602846713495175	8.290708081480856	0.17783557053813098	0.9080649803531564	1.6630181920808242	0.2707707707707708	14183.0	euclidean	answerdotai_ModernBERT-base	4,10,11	head
macro	-0.3657280117510747	6.121905033716038	7.167114784291264	0.05487336551972204	0.8594801537366757	1.031139748088944	0.3635475985285972		cosine	answerdotai_ModernBERT-base	5,6,7	head
micro	-0.3709395135614731	6.722785748409364	8.05811247797856	0.05256808727250509	0.8658707686791742	1.0321245822317822	0.3489203489203489	14183.0	cosine	answerdotai_ModernBERT-base	5,6,7	head
macro	-0.20784687506359711	6.121905033716038	7.167114784291264	0.18126612069871434	0.903180012464939	1.7423991880417529	0.2850246575334923		euclidean	answerdotai_ModernBERT-base	5,6,7	head
micro	-0.20977056768573324	6.722785748409364	8.05811247797856	0.1743988788625434	0.9061599514490128	1.713491495016889	0.2724867724867725	14183.0	euclidean	answerdotai_ModernBERT-base	5,6,7	head
macro	-0.35329966660178747	6.0644550820344145	6.900001858842226	0.058275955132798665	0.8627670393719422	1.031909394504716	0.3684189034520752		cosine	answerdotai_ModernBERT-base	5,6,8	head
micro	-0.358913531485782	6.621674429265269	7.8155186303171025	0.055954165575160794	0.8681561837683481	1.0320985230433182	0.3542113542113542	14183.0	cosine	answerdotai_ModernBERT-base	5,6,8	head
macro	-0.19735651780469018	6.0644550820344145	6.900001858842226	0.18369259379728348	0.9068588250776107	1.6451235968029008	0.28892821315082917		euclidean	answerdotai_ModernBERT-base	5,6,8	head
micro	-0.19898169495415183	6.621674429265269	7.8155186303171025	0.17762488843589697	0.909008709392232	1.6274037881078456	0.27456027456027454	14183.0	euclidean	answerdotai_ModernBERT-base	5,6,8	head
macro	-0.36049085540432824	6.1062551723519	7.025366151062632	0.05479284126271052	0.861498160351843	1.0349635555439791	0.36800832441080167		cosine	answerdotai_ModernBERT-base	5,6,9	head
micro	-0.36660784077742337	6.714697219078206	7.902155976289967	0.05319836381656407	0.8677561972849946	1.0348871193317393	0.35492635492635494	14183.0	cosine	answerdotai_ModernBERT-base	5,6,9	head
macro	-0.20219011453994512	6.1062551723519	7.025366151062632	0.1825017006786602	0.9044316163006039	1.6990043163682351	0.288075939831382		euclidean	answerdotai_ModernBERT-base	5,6,9	head
micro	-0.2049029358138353	6.714697219078206	7.902155976289967	0.17634823682504117	0.9076939384618566	1.66929051550731	0.271986271986272	14183.0	euclidean	answerdotai_ModernBERT-base	5,6,9	head
macro	-0.3585018225918754	6.066928217055047	7.529641840988303	0.05538956922512079	0.8591920005627169	1.0315686862575815	0.3686592281334381		cosine	answerdotai_ModernBERT-base	5,6,10	head
micro	-0.3636512955633776	6.649193130858572	8.522567208123622	0.05345893785820952	0.8652372995005615	1.0321716875839384	0.35506935506935505	14183.0	cosine	answerdotai_ModernBERT-base	5,6,10	head
macro	-0.20269275456263236	6.066928217055047	7.529641840988303	0.17938851240370265	0.9033463956269865	1.70643168961911	0.28826467071423434		euclidean	answerdotai_ModernBERT-base	5,6,10	head
micro	-0.20464245422564556	6.649193130858572	8.522567208123622	0.17270953711862794	0.9058549109685041	1.681126693282695	0.2734877734877735	14183.0	euclidean	answerdotai_ModernBERT-base	5,6,10	head
macro	-0.36787917636981216	6.105498987606534	7.629667276680862	0.05362827445461109	0.8566459408620504	1.0327158935375635	0.3622162468044213		cosine	answerdotai_ModernBERT-base	5,6,11	head
micro	-0.3725872852907251	6.683037384474228	8.66331782205277	0.05166826016597257	0.8621935503349961	1.0332383713182056	0.3456313456313456	14183.0	cosine	answerdotai_ModernBERT-base	5,6,11	head
macro	-0.20861714161643238	6.105498987606534	7.629667276680862	0.18115630908258967	0.9008289242630715	1.7335443795142274	0.2834128657134366		euclidean	answerdotai_ModernBERT-base	5,6,11	head
micro	-0.2105130520196439	6.683037384474228	8.66331782205277	0.17516003231593594	0.9035124471783055	1.7071259562747634	0.26626626626626626	14183.0	euclidean	answerdotai_ModernBERT-base	5,6,11	head
macro	-0.35804663476611515	6.131548416963126	7.300796760715546	0.057453903169763544	0.8600215774753219	1.0317100442087141	0.3623149275625881		cosine	answerdotai_ModernBERT-base	5,7,8	head
micro	-0.3635614902450273	6.737443265098755	8.242628224068325	0.054965959749449615	0.8658263268522995	1.0285017115776516	0.3458458458458458	14183.0	cosine	answerdotai_ModernBERT-base	5,7,8	head
macro	-0.2004800504210723	6.131548416963126	7.300796760715546	0.18305961718686153	0.905088199117001	1.7052069711391522	0.2852565083720217		euclidean	answerdotai_ModernBERT-base	5,7,8	head
micro	-0.2019032000627022	6.737443265098755	8.242628224068325	0.17539467539663825	0.9071019025330778	1.6812217142206318	0.26805376805376807	14183.0	euclidean	answerdotai_ModernBERT-base	5,7,8	head
macro	-0.3579978018243217	6.066901222525835	7.43539179136595	0.05712734791914009	0.8580227042674843	1.0343144652433027	0.3586069452725401		cosine	answerdotai_ModernBERT-base	5,7,9	head
micro	-0.3650075706847832	6.680210212357114	8.329446154121266	0.05480918298607995	0.8643486059218084	1.0323140343576422	0.34248534248534246	14183.0	cosine	answerdotai_ModernBERT-base	5,7,9	head
macro	-0.20204591115702158	6.066901222525835	7.43539179136595	0.18334809201308871	0.9017935432854903	1.7393647492340802	0.2833782739732142		euclidean	answerdotai_ModernBERT-base	5,7,9	head
micro	-0.20488262931644988	6.680210212357114	8.329446154121266	0.17770943505743053	0.9049677115002841	1.7071221234683214	0.2656942656942657	14183.0	euclidean	answerdotai_ModernBERT-base	5,7,9	head
macro	-0.36784644384076076	6.1090043204677755	7.80864284454724	0.053584018359550116	0.8566667152746883	1.0340322271933742	0.3661496216384353		cosine	answerdotai_ModernBERT-base	5,7,10	head
micro	-0.3738030339247381	6.738313443667781	8.893812144405294	0.051158415292319015	0.862007395345455	1.033957977163002	0.35228085228085226	14183.0	cosine	answerdotai_ModernBERT-base	5,7,10	head
macro	-0.20834322410442188	6.1090043204677755	7.80864284454724	0.17756013300065004	0.9018665943518587	1.7577906228302465	0.2869525953317881		euclidean	answerdotai_ModernBERT-base	5,7,10	head
micro	-0.2101392494365151	6.738313443667781	8.893812144405294	0.17030726001029353	0.9035541107327218	1.736251887677553	0.27205777205777204	14183.0	euclidean	answerdotai_ModernBERT-base	5,7,10	head
macro	-0.36406756272530877	6.065665578422078	7.649841300989471	0.053358086756462766	0.855564997527008	1.0329659631400006	0.36360418326635113		cosine	answerdotai_ModernBERT-base	5,7,11	head
micro	-0.36942788214294253	6.669514062076758	8.657666926695189	0.05129249907931773	0.8611030588602137	1.0328258920044107	0.3486343486343486	14183.0	cosine	answerdotai_ModernBERT-base	5,7,11	head
macro	-0.2057292039665574	6.065665578422078	7.649841300989471	0.18227847062566246	0.9008064537921461	1.7710116255428676	0.28487769356746484		euclidean	answerdotai_ModernBERT-base	5,7,11	head
micro	-0.20743189963505823	6.669514062076758	8.657666926695189	0.17615881080365037	0.9030036432472001	1.7436139881936736	0.2694837694837695	14183.0	euclidean	answerdotai_ModernBERT-base	5,7,11	head
macro	-0.3518860067717038	6.145119616212076	6.937789016956528	0.057114653982806025	0.8617791099222499	1.0309339743345391	0.3677087991077542		cosine	answerdotai_ModernBERT-base	5,8,9	head
micro	-0.358387588506167	6.761802264693166	7.796976432712885	0.05496804641369033	0.8681326322739353	1.0300024603220979	0.35235235235235235	14183.0	cosine	answerdotai_ModernBERT-base	5,8,9	head
macro	-0.19703311021200876	6.145119616212076	6.937789016956528	0.18454399625338125	0.9060592593930512	1.6782400701993327	0.2903262764332779		euclidean	answerdotai_ModernBERT-base	5,8,9	head
micro	-0.1997520389438038	6.761802264693166	7.796976432712885	0.17644402111071417	0.9091231340532889	1.6537086322568122	0.27405977405977405	14183.0	euclidean	answerdotai_ModernBERT-base	5,8,9	head
macro	-0.36186885886812503	6.130481284892568	7.426727141097047	0.053073761567461096	0.8587301989612587	1.0327468359880119	0.37173724072248315		cosine	answerdotai_ModernBERT-base	5,8,10	head
micro	-0.3667350949785584	6.745160461854731	8.360488790474653	0.05111586569515717	0.864313406225825	1.0308057026749098	0.3586443586443586	14183.0	cosine	answerdotai_ModernBERT-base	5,8,10	head
macro	-0.20457579538524856	6.130481284892568	7.426727141097047	0.1774325452418113	0.9042363343199861	1.6931192147909482	0.2872366756097157		euclidean	answerdotai_ModernBERT-base	5,8,10	head
micro	-0.20591113910700237	6.745160461854731	8.360488790474653	0.1716627816110458	0.9063252466499547	1.669631413084	0.2709137709137709	14183.0	euclidean	answerdotai_ModernBERT-base	5,8,10	head
macro	-0.3605298228050507	6.143823103970329	7.540788847209915	0.05434527194626985	0.8573269289502063	1.0321412344429661	0.368853356042243		cosine	answerdotai_ModernBERT-base	5,8,11	head
micro	-0.36505686384330804	6.738131954791161	8.506020566543297	0.05266448602234506	0.8623568683290989	1.0311772298924513	0.3557843557843558	14183.0	cosine	answerdotai_ModernBERT-base	5,8,11	head
macro	-0.20206144767495302	6.143823103970329	7.540788847209915	0.18187998450806056	0.9023625559861502	1.7136733820911714	0.287419634269929		euclidean	answerdotai_ModernBERT-base	5,8,11	head
micro	-0.2028749570700331	6.738131954791161	8.506020566543297	0.17598220529382097	0.9044429807604731	1.6917928621619776	0.2722722722722723	14183.0	euclidean	answerdotai_ModernBERT-base	5,8,11	head
macro	-0.3621125514281396	6.10309814096867	7.42240971626125	0.05528891843290988	0.8588289641483099	1.0337937483816249	0.3733092303287968		cosine	answerdotai_ModernBERT-base	5,9,10	head
micro	-0.3657495214215555	6.736043549739023	8.306706686927678	0.05357983679700912	0.8655076118280592	1.0315729308189237	0.3611468611468611	14183.0	cosine	answerdotai_ModernBERT-base	5,9,10	head
macro	-0.20550712096456586	6.10309814096867	7.42240971626125	0.18239769719180604	0.9029116684821857	1.7090668182217712	0.2919321169072072		euclidean	answerdotai_ModernBERT-base	5,9,10	head
micro	-0.2071339658811082	6.736043549739023	8.306706686927678	0.17561244119083663	0.9064327640215497	1.6749526359056641	0.2752752752752753	14183.0	euclidean	answerdotai_ModernBERT-base	5,9,10	head
macro	-0.36045086803214416	6.11269528097941	7.32777205207105	0.0547738053208017	0.8584038453849646	1.0318577436771303	0.3673710070278099		cosine	answerdotai_ModernBERT-base	5,9,11	head
micro	-0.3647928374029841	6.711295762751344	8.30486381843481	0.053154326662555616	0.8639505291427733	1.032919372497722	0.3542113542113542	14183.0	cosine	answerdotai_ModernBERT-base	5,9,11	head
macro	-0.20262483582096014	6.11269528097941	7.32777205207105	0.18180592482215555	0.9017486070079139	1.731699788294595	0.29025078775228186		euclidean	answerdotai_ModernBERT-base	5,9,11	head
micro	-0.20448681039681435	6.711295762751344	8.30486381843481	0.17548885783943757	0.9040961439274585	1.7013184816506304	0.27463177463177463	14183.0	euclidean	answerdotai_ModernBERT-base	5,9,11	head
macro	-0.36241679698105445	6.066528042078259	7.603762347326224	0.052504208756642606	0.8560154324437268	1.0323213015924226	0.37251314101534366		cosine	answerdotai_ModernBERT-base	5,10,11	head
micro	-0.36584240586648187	6.655765183620353	8.552121400132497	0.050736185808399246	0.8616928873614673	1.0315611635442608	0.36014586014586014	14183.0	cosine	answerdotai_ModernBERT-base	5,10,11	head
macro	-0.20561772628722963	6.066528042078259	7.603762347326224	0.18190900745471475	0.9016493203816185	1.73089560365521	0.2864287104124892		euclidean	answerdotai_ModernBERT-base	5,10,11	head
micro	-0.20663984005864341	6.655765183620353	8.552121400132497	0.17571290750457513	0.9039214503072558	1.7034777990137484	0.271986271986272	14183.0	euclidean	answerdotai_ModernBERT-base	5,10,11	head
macro	-0.3513739879527916	6.02572748794302	7.077818816357693	0.057967868624476365	0.8632607692243994	1.0289968547420494	0.36483138319152736		cosine	answerdotai_ModernBERT-base	6,7,8	head
micro	-0.35588787022230334	6.588245172787724	7.984866404966527	0.05547665765036035	0.869923916743571	1.0284301190771556	0.350993850993851	14183.0	cosine	answerdotai_ModernBERT-base	6,7,8	head
macro	-0.19723548092899199	6.02572748794302	7.077818816357693	0.18215909698775634	0.9060522814970374	1.6730147362397065	0.2926036680109027		euclidean	answerdotai_ModernBERT-base	6,7,8	head
micro	-0.19872035669877286	6.588245172787724	7.984866404966527	0.17524626961349238	0.9087819569268685	1.6458709027618283	0.27856427856427857	14183.0	euclidean	answerdotai_ModernBERT-base	6,7,8	head
macro	-0.35501634913550373	5.987430142589599	7.3002760826474615	0.05672246540883359	0.8608563961701143	1.0314710307324746	0.3602962141397018		cosine	answerdotai_ModernBERT-base	6,7,9	head
micro	-0.36021643313569435	6.569587653502766	8.170477813345464	0.05484390901115003	0.8672446174681155	1.0316013212195145	0.347990847990848	14183.0	cosine	answerdotai_ModernBERT-base	6,7,9	head
macro	-0.19877474371681456	5.987430142589599	7.3002760826474615	0.1785275439912301	0.9033851777392813	1.6964667874218777	0.2890846779923879		euclidean	answerdotai_ModernBERT-base	6,7,9	head
micro	-0.2007613340963318	6.569587653502766	8.170477813345464	0.17315231932590575	0.9063439634906644	1.6652431494146045	0.27384527384527385	14183.0	euclidean	answerdotai_ModernBERT-base	6,7,9	head
macro	-0.35486477564928276	6.071083617180007	7.246134522451576	0.0556346462414078	0.8624606417416613	1.0289178720584888	0.3652305195469993		cosine	answerdotai_ModernBERT-base	6,7,10	head
micro	-0.36106703424756165	6.685577218798673	8.234302249310558	0.053368700453046945	0.8686561688879351	1.0315879466161202	0.34884884884884887	14183.0	cosine	answerdotai_ModernBERT-base	6,7,10	head
macro	-0.1999943790132184	6.071083617180007	7.246134522451576	0.18275662524211264	0.9051902620713839	1.7053141116716637	0.2924596161096942		euclidean	answerdotai_ModernBERT-base	6,7,10	head
micro	-0.20254645502416088	6.685577218798673	8.234302249310558	0.1751166500774644	0.9075476299577769	1.6830926973816753	0.27834977834977837	14183.0	euclidean	answerdotai_ModernBERT-base	6,7,10	head
macro	-0.3585837787831948	6.027972063972887	7.539446707308413	0.05553029609702857	0.8587640122514161	1.0283252941658714	0.36429403963696727		cosine	answerdotai_ModernBERT-base	6,7,11	head
micro	-0.36415997503953307	6.6280448182418015	8.525305666522128	0.054341436382609916	0.8653506103291119	1.0285862605803688	0.3482053482053482	14183.0	cosine	answerdotai_ModernBERT-base	6,7,11	head
macro	-0.2036005332163717	6.027972063972887	7.539446707308413	0.1838996215510422	0.9031613851998386	1.717894363435608	0.28777687198979085		euclidean	answerdotai_ModernBERT-base	6,7,11	head
micro	-0.20600527458961276	6.6280448182418015	8.525305666522128	0.17835484878116703	0.9062433858282065	1.6913012357475397	0.2731302731302731	14183.0	euclidean	answerdotai_ModernBERT-base	6,7,11	head
macro	-0.3454967537019081	5.986957086131232	7.009500989574712	0.05917772535916935	0.8639107163742766	1.02929613138504	0.369804293617889		cosine	answerdotai_ModernBERT-base	6,8,9	head
micro	-0.35142607714863805	6.54716981629911	7.945545266949585	0.05659871697953174	0.8697484939539982	1.0298487445862796	0.3577863577863578	14183.0	cosine	answerdotai_ModernBERT-base	6,8,9	head
macro	-0.19274313128047954	5.986957086131232	7.009500989574712	0.1885998652142051	0.9064439034511056	1.6356915145181372	0.29317512014299274		euclidean	answerdotai_ModernBERT-base	6,8,9	head
micro	-0.19502349983951062	6.54716981629911	7.945545266949585	0.18178241539569362	0.9087184799859821	1.6129718461523466	0.2774917774917775	14183.0	euclidean	answerdotai_ModernBERT-base	6,8,9	head
macro	-0.3437557801365015	5.979410087999849	7.051394875528008	0.057741399017368855	0.863183911379296	1.029547639563144	0.3707497258996396		cosine	answerdotai_ModernBERT-base	6,8,10	head
micro	-0.3496242821688124	6.530437262469565	7.96882407232635	0.05561293649099671	0.8693058825609258	1.0294605944641755	0.35742885742885744	14183.0	cosine	answerdotai_ModernBERT-base	6,8,10	head
macro	-0.1931456464339749	5.979410087999849	7.051394875528008	0.18461160566489598	0.9056937464106264	1.641417499645584	0.29753476046018834		euclidean	answerdotai_ModernBERT-base	6,8,10	head
micro	-0.19547617386575034	6.530437262469565	7.96882407232635	0.17849379636147344	0.9081470579558046	1.6174581829574985	0.28106678106678107	14183.0	euclidean	answerdotai_ModernBERT-base	6,8,10	head
macro	-0.35049480695286017	5.994901773702592	7.634683357186185	0.05671680172038497	0.8593385184060346	1.0289740925165636	0.36864715599118997		cosine	answerdotai_ModernBERT-base	6,8,11	head
micro	-0.35569665469936035	6.537150578250465	8.65302578404561	0.05502982736493991	0.8654273286578289	1.02779177597414	0.3534963534963535	14183.0	cosine	answerdotai_ModernBERT-base	6,8,11	head
macro	-0.1977589628666894	5.994901773702592	7.634683357186185	0.18344353713731346	0.903002101369991	1.6614940221267547	0.2879239469577751		euclidean	answerdotai_ModernBERT-base	6,8,11	head
micro	-0.19944839107628373	6.537150578250465	8.65302578404561	0.17798700123470823	0.9058482931577083	1.639448333678959	0.27384527384527385	14183.0	euclidean	answerdotai_ModernBERT-base	6,8,11	head
macro	-0.3493638524307785	6.02695153323867	7.116836176450177	0.06004624125195869	0.8634207728202169	1.0277718994762017	0.3733663801143704		cosine	answerdotai_ModernBERT-base	6,9,10	head
micro	-0.353682539016381	6.619825194872714	8.004278983985964	0.05731001472728026	0.8696455573232693	1.027103887529314	0.363005863005863	14183.0	cosine	answerdotai_ModernBERT-base	6,9,10	head
macro	-0.19459565851393845	6.02695153323867	7.116836176450177	0.18701077177320893	0.9054197049814133	1.6457874135828234	0.29252784086750655		euclidean	answerdotai_ModernBERT-base	6,9,10	head
micro	-0.19653633296999132	6.619825194872714	8.004278983985964	0.1797112510341452	0.9082763367771903	1.615987403606819	0.27627627627627627	14183.0	euclidean	answerdotai_ModernBERT-base	6,9,10	head
macro	-0.353912096353348	6.01270607690148	7.467451013008825	0.05557577627546569	0.860928623540617	1.0281149639674791	0.36674068309727254		cosine	answerdotai_ModernBERT-base	6,9,11	head
micro	-0.35884438707752475	6.588890639844065	8.517066491177212	0.05437132082070567	0.8664785519791907	1.0284315257057581	0.35306735306735304	14183.0	cosine	answerdotai_ModernBERT-base	6,9,11	head
macro	-0.19855853843206378	6.01270607690148	7.467451013008825	0.18367076358820095	0.9038749738616553	1.666320747345755	0.29177759787371704		euclidean	answerdotai_ModernBERT-base	6,9,11	head
micro	-0.20038408671312835	6.588890639844065	8.517066491177212	0.1768715910665066	0.905982841083425	1.640873358538282	0.27355927355927356	14183.0	euclidean	answerdotai_ModernBERT-base	6,9,11	head
macro	-0.34679200501755153	6.018036638985046	7.35183027183739	0.05776943474839949	0.8602679517395184	1.024601241138534	0.36785147723976636		cosine	answerdotai_ModernBERT-base	6,10,11	head
micro	-0.352826320236121	6.589226028623186	8.29731703025704	0.05558652004695179	0.8666432481299616	1.0235669901355953	0.3512798512798513	14183.0	cosine	answerdotai_ModernBERT-base	6,10,11	head
macro	-0.1961852058443553	6.018036638985046	7.35183027183739	0.185925235804586	0.9046596485528646	1.6576507572956236	0.28822096189933916		euclidean	answerdotai_ModernBERT-base	6,10,11	head
micro	-0.1991239732575666	6.589226028623186	8.29731703025704	0.17905152446497058	0.9075674970754417	1.6335646666026287	0.27134277134277135	14183.0	euclidean	answerdotai_ModernBERT-base	6,10,11	head
macro	-0.3512902411946147	6.0550023499415175	7.6146949997585915	0.05791214417078167	0.8603570749429371	1.0290262563649955	0.3642461895049579		cosine	answerdotai_ModernBERT-base	7,8,9	head
micro	-0.35488545566719665	6.617032313239158	8.59838487255777	0.05559914308523658	0.8666755793125015	1.0271267417079215	0.3506363506363506	14183.0	cosine	answerdotai_ModernBERT-base	7,8,9	head
macro	-0.19589752473526056	6.0550023499415175	7.6146949997585915	0.18407694515427517	0.9043067000151171	1.6986084456878319	0.2873157166893724		euclidean	answerdotai_ModernBERT-base	7,8,9	head
micro	-0.19700648620485448	6.617032313239158	8.59838487255777	0.17743417205262185	0.9070638331780275	1.6669670338199134	0.27155727155727155	14183.0	euclidean	answerdotai_ModernBERT-base	7,8,9	head
macro	-0.3602079551406535	6.1411048477044075	7.556259412852747	0.05435262057145974	0.8608861062493693	1.032298402255108	0.366015582063092		cosine	answerdotai_ModernBERT-base	7,8,10	head
micro	-0.3644984454183895	6.75622760634367	8.610289207201548	0.05212852717720425	0.8666579914215857	1.0314344998928733	0.3508508508508508	14183.0	cosine	answerdotai_ModernBERT-base	7,8,10	head
macro	-0.20211550607304068	6.1411048477044075	7.556259412852747	0.18138984621641852	0.904778620764773	1.7156707971131924	0.29109989202437603		euclidean	answerdotai_ModernBERT-base	7,8,10	head
micro	-0.20311879625883317	6.75622760634367	8.610289207201548	0.1741135345303721	0.906807170460396	1.6896412898003788	0.2747032747032747	14183.0	euclidean	answerdotai_ModernBERT-base	7,8,10	head
macro	-0.3535253293073331	6.083473959310747	7.798006472099425	0.05620428033986154	0.8588560666695221	1.0293644764891818	0.3692545936917755		cosine	answerdotai_ModernBERT-base	7,8,11	head
micro	-0.35710316994668684	6.663345519102701	8.81805905173707	0.05467034728632924	0.8651695164287073	1.0278296376376912	0.35707135707135707	14183.0	cosine	answerdotai_ModernBERT-base	7,8,11	head
macro	-0.1978743395154243	6.083473959310747	7.798006472099425	0.18214787202906382	0.9038098237879681	1.7204390105588863	0.2860199179820927		euclidean	answerdotai_ModernBERT-base	7,8,11	head
micro	-0.19858404484406153	6.663345519102701	8.81805905173707	0.17622972283350113	0.9065359269859244	1.692377561843101	0.2721292721292721	14183.0	euclidean	answerdotai_ModernBERT-base	7,8,11	head
macro	-0.3566995042634663	6.060358022882828	7.647327553422648	0.05766915229274821	0.860089228977199	1.0325154287765324	0.3692842073417827		cosine	answerdotai_ModernBERT-base	7,9,10	head
micro	-0.36024012802861277	6.665779742514015	8.655339203602987	0.055098684304619554	0.8657704967330221	1.032597145414424	0.3542113542113542	14183.0	cosine	answerdotai_ModernBERT-base	7,9,10	head
macro	-0.19961727065107382	6.060358022882828	7.647327553422648	0.18724891364123217	0.9034351070391969	1.701740812614162	0.29191984689141665		euclidean	answerdotai_ModernBERT-base	7,9,10	head
micro	-0.20075089717841357	6.665779742514015	8.655339203602987	0.18047368596052785	0.9061017610591131	1.6731398918365648	0.27656227656227655	14183.0	euclidean	answerdotai_ModernBERT-base	7,9,10	head
macro	-0.3497612622766835	5.995527737817592	7.693961959977694	0.059525173263764566	0.8588367079134482	1.0285048850765217	0.3682245997931419		cosine	answerdotai_ModernBERT-base	7,9,11	head
micro	-0.35380094414283336	6.570573100354655	8.736053354119898	0.05861039930401854	0.8645470310237233	1.0291983996817269	0.353996853996854	14183.0	cosine	answerdotai_ModernBERT-base	7,9,11	head
macro	-0.19479918898668702	5.995527737817592	7.693961959977694	0.18611514159887338	0.9031329999443802	1.708612673045415	0.29104746006839266		euclidean	answerdotai_ModernBERT-base	7,9,11	head
micro	-0.19572423052970606	6.570573100354655	8.736053354119898	0.1814151570656225	0.9054057727181479	1.6800497295373926	0.2752752752752753	14183.0	euclidean	answerdotai_ModernBERT-base	7,9,11	head
macro	-0.35368312799436163	6.085268628065773	7.485535933177327	0.05597970111189052	0.8594570781682873	1.0292442190538782	0.3718866550070159		cosine	answerdotai_ModernBERT-base	7,10,11	head
micro	-0.3586717646291178	6.712623091524135	8.509332548509828	0.054666939015951925	0.8653031979414643	1.030931955887252	0.35728585728585727	14183.0	cosine	answerdotai_ModernBERT-base	7,10,11	head
macro	-0.19912207232981105	6.085268628065773	7.485535933177327	0.18540939823411723	0.9049453492953234	1.7113462938822255	0.28825605471232163		euclidean	answerdotai_ModernBERT-base	7,10,11	head
micro	-0.20068898434048918	6.712623091524135	8.509332548509828	0.17969615040817677	0.907221574642061	1.690552389981744	0.27377377377377377	14183.0	euclidean	answerdotai_ModernBERT-base	7,10,11	head
macro	-0.3557589715062551	6.119726793870543	7.235268782752026	0.0570617139141037	0.8613799087329829	1.028942670477218	0.37433935000549884		cosine	answerdotai_ModernBERT-base	8,9,10	head
micro	-0.35831542640298725	6.718189807181561	8.12570442246254	0.055058906579285395	0.8679946090949171	1.0280479398854188	0.3613613613613614	14183.0	cosine	answerdotai_ModernBERT-base	8,9,10	head
macro	-0.20054454350935946	6.119726793870543	7.235268782752026	0.18509471768059377	0.904700917518592	1.6748156622780432	0.29463585553519256		euclidean	answerdotai_ModernBERT-base	8,9,10	head
micro	-0.20138740010754555	6.718189807181561	8.12570442246254	0.17816151978265418	0.9080463464299848	1.6414452978219496	0.27734877734877733	14183.0	euclidean	answerdotai_ModernBERT-base	8,9,10	head
macro	-0.3498412161710608	6.113858880648284	7.573225294259047	0.058443405279596475	0.8600889317083803	1.0248954084349575	0.3731426939478268		cosine	answerdotai_ModernBERT-base	8,9,11	head
micro	-0.3530507338032979	6.682911412676855	8.603367070757216	0.056411346720003135	0.866019462769478	1.026331966375615	0.35971685971685974	14183.0	cosine	answerdotai_ModernBERT-base	8,9,11	head
macro	-0.19519809339860633	6.113858880648284	7.573225294259047	0.18535717313384825	0.9036852447378868	1.688400577615257	0.29029201901562257		euclidean	answerdotai_ModernBERT-base	8,9,11	head
micro	-0.1958638923432827	6.682911412676855	8.603367070757216	0.17945568982916438	0.9061800857253545	1.6621369957132315	0.275990275990276	14183.0	euclidean	answerdotai_ModernBERT-base	8,9,11	head
macro	-0.3534677739049197	6.101257241198767	7.450440179508187	0.05582947802355628	0.8587763997844439	1.0277347961980552	0.3739344371735313		cosine	answerdotai_ModernBERT-base	8,10,11	head
micro	-0.35666504020927675	6.675915094479684	8.329825682407375	0.0541702083521235	0.8651574787424957	1.0263747436206474	0.36164736164736166	14183.0	cosine	answerdotai_ModernBERT-base	8,10,11	head
macro	-0.19993877639838875	6.101257241198767	7.450440179508187	0.18273307965989863	0.9035591728091485	1.6868273255909467	0.29148637194010996		euclidean	answerdotai_ModernBERT-base	8,10,11	head
micro	-0.20073725934340944	6.675915094479684	8.329825682407375	0.17830710381004106	0.9067537413497411	1.6578381457805742	0.2757757757757758	14183.0	euclidean	answerdotai_ModernBERT-base	8,10,11	head
macro	-0.3487569717411065	6.087016101043782	7.139713529320011	0.05922720016412071	0.861987950213822	1.024421448061921	0.3745610411503194		cosine	answerdotai_ModernBERT-base	9,10,11	head
micro	-0.3505184330647672	6.679597160951997	8.037418764967756	0.05734675668412289	0.8680802883612919	1.0244431104737026	0.3627913627913628	14183.0	cosine	answerdotai_ModernBERT-base	9,10,11	head
macro	-0.19584160461620703	6.087016101043782	7.139713529320011	0.18917052493621941	0.9055786726818369	1.6544143422299373	0.2943370589176593		euclidean	answerdotai_ModernBERT-base	9,10,11	head
micro	-0.19649393003920168	6.679597160951997	8.037418764967756	0.18283255194326123	0.9083783981125558	1.623415101197399	0.27856427856427857	14183.0	euclidean	answerdotai_ModernBERT-base	9,10,11	head
macro	-0.2178478505602897	5.424055117263669	5.8747362372383485	0.10005040338342722	0.8910142967059935	0.9979699460450268	0.4064256260765658		cosine	bert_base_uncased	0	head
micro	-0.2214151365489765	5.931122940562791	6.830446538018938	0.09547351327844357	0.895664213202286	0.9972326027229407	0.39510939510939513	14183.0	cosine	bert_base_uncased	0	head
macro	-0.11410213026416635	5.424055117263669	5.8747362372383485	0.1666579482099884	0.913537463952305	1.382676944742689	0.37405970205252304		euclidean	bert_base_uncased	0	head
micro	-0.1173708908356448	5.931122940562791	6.830446538018938	0.16392538425102257	0.9155825544816159	1.3592881272987203	0.35413985413985416	14183.0	euclidean	bert_base_uncased	0	head
macro	-0.2053688496616116	5.372673826677413	5.297079496113474	0.10923536767564516	0.8968429902863778	0.9910215534755208	0.40968200944882294		cosine	bert_base_uncased	1	head
micro	-0.21049800676703248	5.904107395646659	6.0568119900316555	0.10265768264817153	0.9019153701731087	0.990032677650074	0.39754039754039755	14183.0	cosine	bert_base_uncased	1	head
macro	-0.1096323504274556	5.372673826677413	5.297079496113474	0.16424870699373623	0.9165259791822391	1.3424377931806921	0.3775149381213925		euclidean	bert_base_uncased	1	head
micro	-0.11374068587958473	5.904107395646659	6.0568119900316555	0.16296881382551218	0.918708908744394	1.322927121096261	0.356999856999857	14183.0	euclidean	bert_base_uncased	1	head
macro	-0.2234140523811081	5.327229601464566	4.965213792501671	0.09923994344387888	0.8968848514324217	0.9993584224363578	0.4050769994985933		cosine	bert_base_uncased	2	head
micro	-0.22610983576592641	5.810521385522485	5.5588578893622875	0.09486322357897682	0.9031621517879942	0.9961405226819124	0.3941083941083941	14183.0	cosine	bert_base_uncased	2	head
macro	-0.11814575770221383	5.327229601464566	4.965213792501671	0.16692015628749052	0.9190049813668442	1.376365972780951	0.3701897386193173		euclidean	bert_base_uncased	2	head
micro	-0.11964922884558148	5.810521385522485	5.5588578893622875	0.16510106229991567	0.9218093658206005	1.3534288226979043	0.3542828542828543	14183.0	euclidean	bert_base_uncased	2	head
macro	-0.2069765566597394	5.445263475779365	5.356157260648936	0.10692388322514487	0.8947499544222762	0.9989772617508822	0.4093363352072685		cosine	bert_base_uncased	3	head
micro	-0.21353961125718832	5.949622362249884	6.1132466499521	0.09997439379593849	0.8992985535406738	1.0005640135703142	0.4006149006149006	14183.0	cosine	bert_base_uncased	3	head
macro	-0.11043533648807834	5.445263475779365	5.356157260648936	0.1669399691540478	0.9149222416424294	1.3522440384139236	0.37455074374778086		euclidean	bert_base_uncased	3	head
micro	-0.11448441910132041	5.949622362249884	6.1132466499521	0.16293550506693782	0.9163156005087033	1.3352995543968473	0.3539253539253539	14183.0	euclidean	bert_base_uncased	3	head
macro	-0.22273065646394125	5.398040802549487	6.405577279597599	0.09024396475614342	0.8918914430336281	1.0004198526378187	0.3993538068185933		cosine	bert_base_uncased	4	head
micro	-0.2293769014415839	5.904307803977425	7.590303355997015	0.08252794009848077	0.8955255498200926	0.9993459851929332	0.38717288717288717	14183.0	cosine	bert_base_uncased	4	head
macro	-0.12288999056359856	5.398040802549487	6.405577279597599	0.15340552693711404	0.9134720518580332	1.4291124730129092	0.35982877695218735		euclidean	bert_base_uncased	4	head
micro	-0.12542924312608622	5.904307803977425	7.590303355997015	0.15051665823516014	0.9134836501345891	1.4234997034541834	0.3386958386958387	14183.0	euclidean	bert_base_uncased	4	head
macro	-0.21698665771331452	5.438456846053136	5.873244604348442	0.09879641376550721	0.8889482013617719	1.002311837010517	0.4070713002662099		cosine	bert_base_uncased	5	head
micro	-0.22343101879700913	5.96337429572302	6.740140704560842	0.09286071366686079	0.8942784116011276	0.9994492886263402	0.39282139282139283	14183.0	cosine	bert_base_uncased	5	head
macro	-0.11925256272666991	5.438456846053136	5.873244604348442	0.16871436062561668	0.9121046534492613	1.3729360086724234	0.374515550265721		euclidean	bert_base_uncased	5	head
micro	-0.12365320590677475	5.96337429572302	6.740140704560842	0.16410545976565558	0.9143330774543226	1.3518760928191211	0.35478335478335477	14183.0	euclidean	bert_base_uncased	5	head
macro	-0.20160223252870685	5.475683499207331	5.1070194414898245	0.10182169042471677	0.8961957585694414	0.9950678083115316	0.41291405012145854		cosine	bert_base_uncased	6	head
micro	-0.2079961700753319	5.982541318310466	5.826737399772957	0.09623902823553053	0.9006095044777189	0.9934545283006155	0.3993993993993994	14183.0	cosine	bert_base_uncased	6	head
macro	-0.11448162677442641	5.475683499207331	5.1070194414898245	0.16753361986394685	0.9203468016613241	1.3428299915193578	0.37978895168141313		euclidean	bert_base_uncased	6	head
micro	-0.11754899372416275	5.982541318310466	5.826737399772957	0.16266761415821482	0.9214368076138006	1.3258999920633514	0.3590733590733591	14183.0	euclidean	bert_base_uncased	6	head
macro	-0.2212676724079099	5.336594059871649	5.097310235961947	0.10505878230786209	0.8943286596399903	1.0042002688346157	0.4012284100360773		cosine	bert_base_uncased	7	head
micro	-0.22692439800507597	5.817040225860388	5.6648528888680705	0.09865404644909162	0.9002387159406271	1.0027156441989784	0.389031889031889	14183.0	cosine	bert_base_uncased	7	head
macro	-0.11713826590333015	5.336594059871649	5.097310235961947	0.16920754464116824	0.9162342951890128	1.3872999347862665	0.3718723364178315		euclidean	bert_base_uncased	7	head
micro	-0.12063710997852548	5.817040225860388	5.6648528888680705	0.16519708243276948	0.9194151085739507	1.360035129594312	0.35435435435435436	14183.0	euclidean	bert_base_uncased	7	head
macro	-0.20610965023644434	5.364175258663244	4.966498872236534	0.10862829055327337	0.8985108230315451	0.999784035581408	0.40885682950588986		cosine	bert_base_uncased	8	head
micro	-0.21253697811354727	5.901638170448354	5.541040820727597	0.10130809349735968	0.9046261859229169	0.9967035236764356	0.3988273988273988	14183.0	cosine	bert_base_uncased	8	head
macro	-0.11124741424681192	5.364175258663244	4.966498872236534	0.1660765943377457	0.9201326358808781	1.350473795257994	0.38639011697336356		euclidean	bert_base_uncased	8	head
micro	-0.11685272003922081	5.901638170448354	5.541040820727597	0.1624332076382488	0.9237972400228657	1.3273329230694262	0.366008866008866	14183.0	euclidean	bert_base_uncased	8	head
macro	-0.2232348147158484	5.530371701010886	5.121647701397228	0.10130492595232224	0.8956524689265492	0.9990090928863602	0.4072983114517206		cosine	bert_base_uncased	9	head
micro	-0.22557660562915588	6.065236197070025	5.805485714649549	0.09643736846541315	0.9007379204788187	0.9956638950258767	0.39553839553839554	14183.0	cosine	bert_base_uncased	9	head
macro	-0.11953200149626063	5.530371701010886	5.121647701397228	0.1678918031804812	0.9186383255394609	1.353777113649086	0.37176217565306313		euclidean	bert_base_uncased	9	head
micro	-0.12013082953019313	6.065236197070025	5.805485714649549	0.16463000059176824	0.9211392714240352	1.3357845052408681	0.3534248534248534	14183.0	euclidean	bert_base_uncased	9	head
macro	-0.21776319531758184	5.4725029978602056	5.238953544399633	0.10717435326233006	0.8987491674464092	0.9963267515304775	0.4023181819623697		cosine	bert_base_uncased	10	head
micro	-0.22560481442355101	6.002152996666043	6.018148869489774	0.09932622029787641	0.9032807579889119	0.9985346839680591	0.38803088803088803	14183.0	cosine	bert_base_uncased	10	head
macro	-0.11413256950124119	5.4725029978602056	5.238953544399633	0.16234118815553733	0.9180152151480641	1.3597984322857046	0.37100082504104137		euclidean	bert_base_uncased	10	head
micro	-0.11770568527718538	6.002152996666043	6.018148869489774	0.16002116836809535	0.91968473754682	1.3485890175768425	0.34956384956384956	14183.0	euclidean	bert_base_uncased	10	head
macro	-0.20755305041610142	5.3432162015637354	5.349371544856383	0.105465762259478	0.892906486293592	1.0014207289155652	0.40276431531144524		cosine	bert_base_uncased	11	head
micro	-0.21526401380347565	5.82775624164893	6.13949441899546	0.09848063742380943	0.8973926651723424	1.0002612120056154	0.3935363935363935	14183.0	cosine	bert_base_uncased	11	head
macro	-0.11682130158833236	5.3432162015637354	5.349371544856383	0.15992735641393002	0.9205907034194406	1.3433356229716236	0.3676615735251135		euclidean	bert_base_uncased	11	head
micro	-0.11922999179473978	5.82775624164893	6.13949441899546	0.15846370808127466	0.9216843256577353	1.3297753497320468	0.3486343486343486	14183.0	euclidean	bert_base_uncased	11	head
macro	-0.21704361579272152	5.341814669702253	5.9403324331958105	0.0986959964384185	0.8908670379119984	0.9983931224277789	0.40921218201738646		cosine	bert_base_uncased	0,1	head
micro	-0.2216328435602932	5.847252441298481	6.936701645820741	0.09366298119793733	0.8956070404759426	0.9972264402180182	0.3966108966108966	14183.0	cosine	bert_base_uncased	0,1	head
macro	-0.11388270699420357	5.341814669702253	5.9403324331958105	0.1635645762203461	0.9124944105944368	0.9694186498798163	0.3754216036292747		euclidean	bert_base_uncased	0,1	head
micro	-0.11717142832913066	5.847252441298481	6.936701645820741	0.16156159505832057	0.9152123029511102	0.9555635073961731	0.35664235664235666	14183.0	euclidean	bert_base_uncased	0,1	head
macro	-0.2242386004399797	5.340064055389657	5.57257266171845	0.09908117966052622	0.8928038854963037	0.996842887115397	0.40446450961332253		cosine	bert_base_uncased	0,2	head
micro	-0.22765977411734034	5.831530475624617	6.397056567247869	0.09421549952463762	0.8978240548826802	0.9941718874264305	0.39475189475189476	14183.0	cosine	bert_base_uncased	0,2	head
macro	-0.11776416783438408	5.340064055389657	5.57257266171845	0.16645960890496259	0.9153401140909475	0.9823554245114554	0.37182373615486103		euclidean	bert_base_uncased	0,2	head
micro	-0.1196195946956982	5.831530475624617	6.397056567247869	0.1645093729226695	0.9171798371296029	0.9679630811784249	0.3536393536393536	14183.0	euclidean	bert_base_uncased	0,2	head
macro	-0.2078583830424538	5.453053815901925	5.529685964424905	0.10528229503347414	0.8939658667591094	0.9970862542620889	0.4075580992180099		cosine	bert_base_uncased	0,3	head
micro	-0.21373371536732413	5.955690610912851	6.355084906664253	0.09907002376093547	0.8988324372312768	0.9976883940276486	0.3966108966108966	14183.0	cosine	bert_base_uncased	0,3	head
macro	-0.10940309186488165	5.453053815901925	5.529685964424905	0.16753255948763196	0.9150809118439909	0.9534596527926098	0.37315739671476506		euclidean	bert_base_uncased	0,3	head
micro	-0.11290732915528758	5.955690610912851	6.355084906664253	0.16483842654181394	0.9166066941669249	0.9401908111317424	0.3517803517803518	14183.0	euclidean	bert_base_uncased	0,3	head
macro	-0.20966669776135335	5.423101256409006	6.01505961707661	0.09978788922984096	0.8947204023095747	0.9963635838392649	0.4010161349397641		cosine	bert_base_uncased	0,4	head
micro	-0.2159765328300479	5.946224715756627	7.05333682691602	0.09381673810294998	0.8983608080032545	0.9974760413019045	0.38731588731588734	14183.0	cosine	bert_base_uncased	0,4	head
macro	-0.11411680837991353	5.423101256409006	6.01505961707661	0.1660877810057818	0.9148791577447617	0.9766791608039275	0.37102099845230935		euclidean	bert_base_uncased	0,4	head
micro	-0.11706846737421024	5.946224715756627	7.05333682691602	0.16288962712611826	0.9153798986238114	0.9662133927194988	0.3506363506363506	14183.0	euclidean	bert_base_uncased	0,4	head
macro	-0.21231711721374175	5.375396682262978	5.547835702517148	0.10573050823654565	0.8937609284986545	0.9980244133262866	0.4043943924166705		cosine	bert_base_uncased	0,5	head
micro	-0.21763229944896853	5.873776440515404	6.391127201223065	0.10028163677573856	0.8981354526314175	0.9972809349847278	0.39267839267839266	14183.0	cosine	bert_base_uncased	0,5	head
macro	-0.11124440257484565	5.375396682262978	5.547835702517148	0.16634459229388832	0.9139801977126639	0.9664523715167748	0.3781352993030505		euclidean	bert_base_uncased	0,5	head
micro	-0.11523675252335137	5.873776440515404	6.391127201223065	0.16264644683065255	0.9153196662106438	0.9520221216112177	0.3564993564993565	14183.0	euclidean	bert_base_uncased	0,5	head
macro	-0.20661675295206625	5.427731771211067	5.547176380351352	0.10582887298822899	0.8942892198921654	0.9933839421439837	0.4083944143757193		cosine	bert_base_uncased	0,6	head
micro	-0.21194761622431335	5.93709962831594	6.427053266570749	0.10002330335978638	0.8980208163228618	0.9934028369429775	0.39525239525239525	14183.0	cosine	bert_base_uncased	0,6	head
macro	-0.11345366865873088	5.427731771211067	5.547176380351352	0.1687492515802805	0.9178159864006038	0.9540897555391255	0.3757728768415601		euclidean	bert_base_uncased	0,6	head
micro	-0.11732651929821115	5.93709962831594	6.427053266570749	0.1646068159624837	0.9192681507697963	0.940937492905479	0.35478335478335477	14183.0	euclidean	bert_base_uncased	0,6	head
macro	-0.21699514360497518	5.357972223100522	5.204882760691547	0.10608613325465846	0.8967147760885648	1.0039226777722325	0.40011759555367526		cosine	bert_base_uncased	0,7	head
micro	-0.2200808149383221	5.830802035586896	5.9285694091569825	0.1005301837182453	0.9010790232589535	1.0034162745839603	0.39003289003289004	14183.0	cosine	bert_base_uncased	0,7	head
macro	-0.11398838927557374	5.357972223100522	5.204882760691547	0.16644627738015988	0.9176167743485356	0.9726890536161723	0.3700752215294141		euclidean	bert_base_uncased	0,7	head
micro	-0.1169029473488346	5.830802035586896	5.9285694091569825	0.16432900321906277	0.9192846210744733	0.9521819262065411	0.3524953524953525	14183.0	euclidean	bert_base_uncased	0,7	head
macro	-0.2123475988730668	5.425863077940003	5.445194303647247	0.10431868224206595	0.8938370434196581	1.000468250799663	0.40485573960161086		cosine	bert_base_uncased	0,8	head
micro	-0.21626608462505434	5.948512758701258	6.192816777554793	0.09822555479468963	0.8995690704329724	0.9975904979515264	0.39475189475189476	14183.0	cosine	bert_base_uncased	0,8	head
macro	-0.11234016864123057	5.425863077940003	5.445194303647247	0.16728799503317035	0.916285988258744	0.9716155082924156	0.37602495200650726		euclidean	bert_base_uncased	0,8	head
micro	-0.11553172654164179	5.948512758701258	6.192816777554793	0.16451001742046112	0.9189001002235756	0.9561974384758409	0.35742885742885744	14183.0	euclidean	bert_base_uncased	0,8	head
macro	-0.22519905450684824	5.49925442027086	5.687758948536009	0.09952737254239158	0.8923697466079824	0.9974501745605895	0.40911254325803026		cosine	bert_base_uncased	0,9	head
micro	-0.22974726531491005	6.019815773778647	6.604691399369681	0.09455046264779783	0.8965279633120458	0.9964708280630491	0.39725439725439726	14183.0	cosine	bert_base_uncased	0,9	head
macro	-0.11869609462009678	5.49925442027086	5.687758948536009	0.16880024456897222	0.9165919834560398	0.9769467474073188	0.36459451938753823		euclidean	bert_base_uncased	0,9	head
micro	-0.12121692123995988	6.019815773778647	6.604691399369681	0.16497423865470984	0.9191590506628602	0.9648365494026715	0.34720434720434723	14183.0	euclidean	bert_base_uncased	0,9	head
macro	-0.21728328085020143	5.442483419301751	5.459811107488691	0.10166375563988492	0.8955697927874844	0.9953702692933124	0.4042572448361811		cosine	bert_base_uncased	0,10	head
micro	-0.2226900870686575	5.951840122005225	6.32332310806827	0.09620192962472743	0.9001968374328003	0.9955719535745371	0.39031889031889033	14183.0	cosine	bert_base_uncased	0,10	head
macro	-0.11393512110231799	5.442483419301751	5.459811107488691	0.16657680672170325	0.9166118037041713	0.9663893355621885	0.3663807008804262		euclidean	bert_base_uncased	0,10	head
micro	-0.1177820726804728	5.951840122005225	6.32332310806827	0.16405867112787634	0.9183825874159006	0.9551126184330496	0.34463034463034464	14183.0	euclidean	bert_base_uncased	0,10	head
macro	-0.21454845080782003	5.421796048190294	5.54383305630168	0.09996694936832005	0.8914709337735272	1.0012045354504833	0.4054691646567977		cosine	bert_base_uncased	0,11	head
micro	-0.2184975670250036	5.938440047176282	6.350424750270112	0.09374009671442157	0.8965998891693657	0.9980244167174251	0.3965393965393965	14183.0	cosine	bert_base_uncased	0,11	head
macro	-0.11730475793347227	5.421796048190294	5.54383305630168	0.1582118514161442	0.9188527501146755	0.9708965132393067	0.37397448743347506		euclidean	bert_base_uncased	0,11	head
micro	-0.12010092676855093	5.938440047176282	6.350424750270112	0.15688463678061773	0.9215301874622291	0.9514752189894887	0.3542113542113542	14183.0	euclidean	bert_base_uncased	0,11	head
macro	-0.2123714576883758	5.307070352026604	5.242214865830249	0.10372412337035516	0.8978832671859183	0.996715687251262	0.4100051148237659		cosine	bert_base_uncased	1,2	head
micro	-0.21670188582634553	5.803409654088021	5.962644400806665	0.09896844984914042	0.9036911082484236	0.9941520377422209	0.39796939796939795	14183.0	cosine	bert_base_uncased	1,2	head
macro	-0.1144479510560838	5.307070352026604	5.242214865830249	0.16484135750277196	0.9193563606660777	0.9569359605655166	0.3743267632680621		euclidean	bert_base_uncased	1,2	head
micro	-0.11793528027233703	5.803409654088021	5.962644400806665	0.16355875761209449	0.922493958153499	0.9428537753504681	0.3567853567853568	14183.0	euclidean	bert_base_uncased	1,2	head
macro	-0.20232814569727195	5.385523931483251	5.44136718612937	0.11110864014671323	0.8947201205231656	0.9896314363348687	0.4100448120072543		cosine	bert_base_uncased	1,3	head
micro	-0.20845007817596695	5.9098950127444265	6.217619352061764	0.10233201896114685	0.8997004015134901	0.9895914238182979	0.39754039754039755	14183.0	cosine	bert_base_uncased	1,3	head
macro	-0.10710731683116236	5.385523931483251	5.44136718612937	0.16617771844236065	0.9130195926197123	0.9472274829738013	0.3780664230040599		euclidean	bert_base_uncased	1,3	head
micro	-0.11140098828923249	5.9098950127444265	6.217619352061764	0.16236673065356316	0.9148649460526063	0.9342707918112807	0.3577863577863578	14183.0	euclidean	bert_base_uncased	1,3	head
macro	-0.21151452460495557	5.370345830058297	5.8796256485847485	0.10193140409650542	0.8925233494742001	0.9950167191786501	0.40271055635067693		cosine	bert_base_uncased	1,4	head
micro	-0.21778602615020726	5.853783992330726	6.811597167581574	0.09520497143494029	0.8978135170892017	0.992995009252622	0.3893893893893894	14183.0	cosine	bert_base_uncased	1,4	head
macro	-0.1153821275290696	5.370345830058297	5.8796256485847485	0.16183024376788463	0.9137053267109816	0.9781136407796678	0.37017320880709226		euclidean	bert_base_uncased	1,4	head
micro	-0.1181229620329648	5.853783992330726	6.811597167581574	0.15919922467199027	0.9148870596503568	0.9703945144446836	0.34956384956384956	14183.0	euclidean	bert_base_uncased	1,4	head
macro	-0.2070490966130986	5.445818178881591	5.5806094561331525	0.1050414416759737	0.8937122704438536	0.9926023071349312	0.40458853407751866		cosine	bert_base_uncased	1,5	head
micro	-0.21162478303203502	5.984651147688922	6.404925254606177	0.09785625241059133	0.8993868150679659	0.9897282441716189	0.39031889031889033	14183.0	cosine	bert_base_uncased	1,5	head
macro	-0.1143130087436579	5.445818178881591	5.5806094561331525	0.16909538765683127	0.9154649027750085	0.9505564521364765	0.379904399508179		euclidean	bert_base_uncased	1,5	head
micro	-0.11731570217935733	5.984651147688922	6.404925254606177	0.16529954814443928	0.9180016055041914	0.9361841889400635	0.3608608608608609	14183.0	euclidean	bert_base_uncased	1,5	head
macro	-0.20527450973112354	5.427780329113769	5.201190293267028	0.10483056303437419	0.8967215544106832	0.9981015930126083	0.4100049590123519		cosine	bert_base_uncased	1,6	head
micro	-0.21279383852164127	5.956581679866213	5.981391686255564	0.09868851103263877	0.900940501483149	0.9973316535901847	0.3971113971113971	14183.0	cosine	bert_base_uncased	1,6	head
macro	-0.11099904056943523	5.427780329113769	5.201190293267028	0.1670436791338729	0.9193959437927975	0.9492606057263616	0.379747025332333		euclidean	bert_base_uncased	1,6	head
micro	-0.11660959578494941	5.956581679866213	5.981391686255564	0.16326226928814147	0.9208361028096226	0.9357657791779586	0.3585013585013585	14183.0	euclidean	bert_base_uncased	1,6	head
macro	-0.21081033700439283	5.411153675496886	5.169601432258677	0.10349640699833491	0.8949505371047463	0.9891624242206045	0.40314333581795		cosine	bert_base_uncased	1,7	head
micro	-0.21578127104975356	5.940856571450577	5.782754438361678	0.09759652588594034	0.9002652519860168	0.9864998866753107	0.3915343915343915	14183.0	cosine	bert_base_uncased	1,7	head
macro	-0.11168990010089293	5.411153675496886	5.169601432258677	0.16636096129815311	0.9161572761903545	0.9673905733491655	0.37721849845238065		euclidean	bert_base_uncased	1,7	head
micro	-0.11487597931480426	5.940856571450577	5.782754438361678	0.16371470726718398	0.9190718961645027	0.9472942509203685	0.35785785785785784	14183.0	euclidean	bert_base_uncased	1,7	head
macro	-0.2050759634067862	5.310813464488863	5.260161403995989	0.10547618429797988	0.8958521402482713	0.9951062447621708	0.4072350523984779		cosine	bert_base_uncased	1,8	head
micro	-0.2115374557499243	5.828335515791088	5.938721246575007	0.10011366345173792	0.9020722150143006	0.9937235126019788	0.3968968968968969	14183.0	cosine	bert_base_uncased	1,8	head
macro	-0.11114330009059228	5.310813464488863	5.260161403995989	0.1661955299991112	0.9170537156382133	0.9512841961701043	0.3771809670439934		euclidean	bert_base_uncased	1,8	head
micro	-0.11649292893129887	5.828335515791088	5.938721246575007	0.16312295561372225	0.9207243022775808	0.9324940746606533	0.3562848562848563	14183.0	euclidean	bert_base_uncased	1,8	head
macro	-0.21451797918550777	5.486154521247253	5.3108358124408435	0.10710425770655616	0.8962663140672936	0.9989047310100847	0.40772164040879855		cosine	bert_base_uncased	1,9	head
micro	-0.22045439650731755	6.047974867891181	6.066231756289943	0.10121822912199817	0.9007437824141254	0.9978441362649174	0.39475189475189476	14183.0	cosine	bert_base_uncased	1,9	head
macro	-0.11498766421230157	5.486154521247253	5.3108358124408435	0.1644812695323848	0.9181746063732543	0.9589326302762087	0.3740835379428858		euclidean	bert_base_uncased	1,9	head
micro	-0.11874395521130089	6.047974867891181	6.066231756289943	0.16167673501799804	0.92064901602238	0.9470254689498385	0.3539253539253539	14183.0	euclidean	bert_base_uncased	1,9	head
macro	-0.2062669338892027	5.4319495543203224	5.08417940663232	0.10731096555492593	0.8992792883937012	0.9929884611884071	0.4058933137295658		cosine	bert_base_uncased	1,10	head
micro	-0.21508610640033776	5.965134882981424	5.802569205818238	0.10165632017698226	0.9044368133678743	0.9924283437628705	0.39096239096239094	14183.0	cosine	bert_base_uncased	1,10	head
macro	-0.10833020624548177	5.4319495543203224	5.08417940663232	0.16831157622140347	0.9183499587730863	0.9457024355715145	0.369841278810325		euclidean	bert_base_uncased	1,10	head
micro	-0.11339638865722762	5.965134882981424	5.802569205818238	0.16565716175441228	0.9204885987358823	0.9365455396956747	0.3454168454168454	14183.0	euclidean	bert_base_uncased	1,10	head
macro	-0.21027548781392238	5.3961759517503385	5.230790409726314	0.10465774945943451	0.8932614493704594	0.9948805104945438	0.41045698573224726		cosine	bert_base_uncased	1,11	head
micro	-0.2165368402131063	5.9201655206832635	5.902718830023145	0.09796888244474218	0.8987832161814444	0.9910674583112553	0.3983268983268983	14183.0	cosine	bert_base_uncased	1,11	head
macro	-0.11378427210056294	5.3961759517503385	5.230790409726314	0.16057813173032168	0.9192390378278911	0.9563473462222674	0.3744382164820342		euclidean	bert_base_uncased	1,11	head
micro	-0.11742680143634797	5.9201655206832635	5.902718830023145	0.15908884560456255	0.9213039991235618	0.943389717150774	0.35464035464035465	14183.0	euclidean	bert_base_uncased	1,11	head
macro	-0.219015330838597	5.368788451128101	5.186383082273833	0.10194078459889719	0.8977443288638279	0.9996128915966357	0.40437384991241376		cosine	bert_base_uncased	2,3	head
micro	-0.22416197834153534	5.878939404200865	5.910760126765839	0.09766523091150468	0.9027259174208855	0.9991330457316135	0.3941798941798942	14183.0	cosine	bert_base_uncased	2,3	head
macro	-0.11487966283805918	5.368788451128101	5.186383082273833	0.16734304327016383	0.9183026171069523	0.9644007156421929	0.37248853157599066		euclidean	bert_base_uncased	2,3	head
micro	-0.11886717194347687	5.878939404200865	5.910760126765839	0.1652146217363227	0.9197841087120926	0.948032809382992	0.3538538538538539	14183.0	euclidean	bert_base_uncased	2,3	head
macro	-0.22457557075530465	5.418020015052211	5.6329446686190465	0.09901236580374725	0.8943240365199719	1.0049750898991632	0.40150291764507734		cosine	bert_base_uncased	2,4	head
micro	-0.22925143393258127	5.9084436673109275	6.559748172338615	0.09160864774887435	0.8982277635175449	1.0051327433953225	0.39067639067639065	14183.0	cosine	bert_base_uncased	2,4	head
macro	-0.12065307071046813	5.418020015052211	5.6329446686190465	0.15948239152053917	0.9163185248857316	0.9942789834554937	0.3685892650761203		euclidean	bert_base_uncased	2,4	head
micro	-0.12220407205087869	5.9084436673109275	6.559748172338615	0.15813952251130697	0.9168855790351003	0.986168413244172	0.3517803517803518	14183.0	euclidean	bert_base_uncased	2,4	head
macro	-0.2179527168974049	5.353485493100393	5.537643963262519	0.09864462770702749	0.8926727653504958	1.0021656061746165	0.4080360967034815		cosine	bert_base_uncased	2,5	head
micro	-0.22288825689967254	5.866240467346742	6.3737321981280255	0.09317905803743855	0.8985374575044544	0.9973472291942452	0.3946803946803947	14183.0	cosine	bert_base_uncased	2,5	head
macro	-0.12007790980307541	5.353485493100393	5.537643963262519	0.16839192856036758	0.9162809521262718	0.9667274727219357	0.3727768522705679		euclidean	bert_base_uncased	2,5	head
micro	-0.12206034442950667	5.866240467346742	6.3737321981280255	0.16564190485733032	0.9181700243781833	0.9531879795742815	0.3555698555698556	14183.0	euclidean	bert_base_uncased	2,5	head
macro	-0.2171856845138334	5.375570036879357	5.264430307106715	0.10140223573523065	0.8934479664329454	1.0014166077018793	0.4045070330669571		cosine	bert_base_uncased	2,6	head
micro	-0.220171008019551	5.869723188301557	5.965200015864591	0.09730878332175501	0.8989313624032754	0.9979017153675913	0.3931073931073931	14183.0	cosine	bert_base_uncased	2,6	head
macro	-0.11825059551871633	5.375570036879357	5.264430307106715	0.16380138097446933	0.9173240355756141	0.9752652395600887	0.3755379037775656		euclidean	bert_base_uncased	2,6	head
micro	-0.11921301296359514	5.869723188301557	5.965200015864591	0.1607980671308608	0.9197217080697719	0.9601804959432654	0.3585728585728586	14183.0	euclidean	bert_base_uncased	2,6	head
macro	-0.22141254166115124	5.35444680784163	5.14913861774396	0.10253981161979871	0.8952214055132068	1.0036924141757113	0.40241209328792493		cosine	bert_base_uncased	2,7	head
micro	-0.22696355275888572	5.854260629891908	5.837560366826636	0.09696361606567536	0.9005144313976331	1.0034562717210052	0.38967538967538967	14183.0	cosine	bert_base_uncased	2,7	head
macro	-0.11665673688247356	5.35444680784163	5.14913861774396	0.16613695864380837	0.9170268409574528	0.9738235189394258	0.3701242069094769		euclidean	bert_base_uncased	2,7	head
micro	-0.11856075788015186	5.854260629891908	5.837560366826636	0.1631036388567999	0.9187721164602751	0.9602923444324216	0.35206635206635206	14183.0	euclidean	bert_base_uncased	2,7	head
macro	-0.20645362751367013	5.302841050866285	4.897795466820005	0.10972598072059066	0.8988227721536236	0.9987716671604059	0.4117532571822283		cosine	bert_base_uncased	2,8	head
micro	-0.21427304634850236	5.803850378354572	5.48047984676242	0.10276065999284642	0.9043289470240319	0.9960264103286789	0.40275990275990275	14183.0	cosine	bert_base_uncased	2,8	head
macro	-0.11244654890260487	5.302841050866285	4.897795466820005	0.17123212994344963	0.9211249595335512	0.9523779541218459	0.38468421570326183		euclidean	bert_base_uncased	2,8	head
micro	-0.11670708856247583	5.803850378354572	5.48047984676242	0.16726012379637592	0.92381664852278	0.9406788289862548	0.36765336765336765	14183.0	euclidean	bert_base_uncased	2,8	head
macro	-0.22439780909600804	5.396730121597053	5.203809811981005	0.10228956044853159	0.8952078027277437	0.999423124576545	0.4015952329255421		cosine	bert_base_uncased	2,9	head
micro	-0.22452665176759937	5.895102658156428	5.852448189907635	0.09928764177109212	0.9020083464551804	0.9945050422420811	0.38981838981838984	14183.0	cosine	bert_base_uncased	2,9	head
macro	-0.11682482461802	5.396730121597053	5.203809811981005	0.16727716600322712	0.9168639482422509	0.9795772455965468	0.368469514157049		euclidean	bert_base_uncased	2,9	head
micro	-0.11744031833127214	5.895102658156428	5.852448189907635	0.16596383687399968	0.920235478051472	0.9566091234031804	0.3506363506363506	14183.0	euclidean	bert_base_uncased	2,9	head
macro	-0.22422404115236988	5.4500689447066915	5.122420096252951	0.10408377233461952	0.8960064201536689	0.9972957689233115	0.40679692570014025		cosine	bert_base_uncased	2,10	head
micro	-0.22914265123082675	5.952585075260416	5.767407045290328	0.09834456709133342	0.9015955369359465	0.9961816516399631	0.39453739453739456	14183.0	cosine	bert_base_uncased	2,10	head
macro	-0.11915381936078209	5.4500689447066915	5.122420096252951	0.16565313780181318	0.917645999523476	0.9636525462592315	0.3720466012718312		euclidean	bert_base_uncased	2,10	head
micro	-0.11968626023881165	5.952585075260416	5.767407045290328	0.1635959688233535	0.9196341671798961	0.9519351852648149	0.353996853996854	14183.0	euclidean	bert_base_uncased	2,10	head
macro	-0.2102517853785909	5.346121790363292	5.0203841974683785	0.1066794314635248	0.8974597454557216	0.99904230125062	0.405312214933728		cosine	bert_base_uncased	2,11	head
micro	-0.2145430415548164	5.825189887225262	5.682163836883689	0.10116771965481036	0.9027784561721925	0.9974055067305372	0.3963963963963964	14183.0	cosine	bert_base_uncased	2,11	head
macro	-0.11513524097921078	5.346121790363292	5.0203841974683785	0.16449269933963612	0.922098093857683	0.952224314303579	0.37676813188813085		euclidean	bert_base_uncased	2,11	head
micro	-0.11633851991018741	5.825189887225262	5.682163836883689	0.16188541993414193	0.92327429969927	0.9408542774231525	0.361003861003861	14183.0	euclidean	bert_base_uncased	2,11	head
macro	-0.225010625874576	5.403216516832605	6.217313310848987	0.09347160799253323	0.8913027807973832	1.0033557114341296	0.4025014107916963		cosine	bert_base_uncased	3,4	head
micro	-0.23119084229766496	5.896215866656312	7.348012777623998	0.08623823154154996	0.8952378881717116	1.0019029605427163	0.39253539253539255	14183.0	cosine	bert_base_uncased	3,4	head
macro	-0.1214855484495338	5.403216516832605	6.217313310848987	0.1617259778830413	0.9124244189570336	1.008348811496234	0.3629765473973148		euclidean	bert_base_uncased	3,4	head
micro	-0.12357858709558786	5.896215866656312	7.348012777623998	0.15765019327670593	0.9123000386560253	1.0018169624200692	0.3432003432003432	14183.0	euclidean	bert_base_uncased	3,4	head
macro	-0.2130739140049567	5.487831287613219	5.249544622180884	0.10385125048626362	0.8940052032480063	0.999670768960083	0.410019221022138		cosine	bert_base_uncased	3,6	head
micro	-0.21784079499439304	5.992101962751651	5.951221189493671	0.09784914433756232	0.8991922172969834	0.9990658137253758	0.4021879021879022	14183.0	cosine	bert_base_uncased	3,6	head
macro	-0.11619710729260041	5.487831287613219	5.249544622180884	0.16449582085289768	0.9180331672448901	0.970632962612812	0.36879877650762943		euclidean	bert_base_uncased	3,6	head
micro	-0.1195101633537406	5.992101962751651	5.951221189493671	0.16048091798643913	0.9194415421852059	0.957005083445366	0.3502073502073502	14183.0	euclidean	bert_base_uncased	3,6	head
macro	-0.21203853237893844	5.425222241894403	5.341299204026412	0.10796118778192781	0.8925808023783992	1.0003455634944247	0.4102037771294732		cosine	bert_base_uncased	3,5	head
micro	-0.21720583010390837	5.928736824093781	6.063997949211927	0.10042157087800697	0.897443211159651	0.9985925426798017	0.39975689975689976	14183.0	cosine	bert_base_uncased	3,5	head
macro	-0.11733731047900021	5.425222241894403	5.341299204026412	0.16746560964560706	0.9162341775822344	0.9533590118418155	0.3752842010642933		euclidean	bert_base_uncased	3,5	head
micro	-0.11914579876473018	5.928736824093781	6.063997949211927	0.16372659442677817	0.9183978949447767	0.9408226863829816	0.3562848562848563	14183.0	euclidean	bert_base_uncased	3,5	head
macro	-0.21762252261962398	5.354747371493792	4.904854950515219	0.10626017005390555	0.8957096838357491	1.0056393589765595	0.40933598925618114		cosine	bert_base_uncased	3,7	head
micro	-0.2237430145265833	5.824309149113747	5.424983377857017	0.10082683589467474	0.9019268628979432	1.0045354914526938	0.39482339482339485	14183.0	cosine	bert_base_uncased	3,7	head
macro	-0.11542201635006795	5.354747371493792	4.904854950515219	0.16888457909967786	0.916078429662082	0.9681341997509685	0.37289165301102245		euclidean	bert_base_uncased	3,7	head
micro	-0.11972554010356554	5.824309149113747	5.424983377857017	0.16468684126134575	0.9193018220231692	0.950602339657018	0.3536393536393536	14183.0	euclidean	bert_base_uncased	3,7	head
macro	-0.20649913968027547	5.41243372903535	5.233352860756444	0.1060769682834388	0.8959067538112885	1.004431130916752	0.40769147314318965		cosine	bert_base_uncased	3,8	head
micro	-0.2124919599708813	5.9470524923681625	5.930491375292159	0.09929108571304908	0.9004403008063858	1.0032372600067812	0.3981838981838982	14183.0	cosine	bert_base_uncased	3,8	head
macro	-0.10973728366157648	5.41243372903535	5.233352860756444	0.16461113251058396	0.9170616474734353	0.9659359331948226	0.374493707594404		euclidean	bert_base_uncased	3,8	head
micro	-0.11484576588523589	5.9470524923681625	5.930491375292159	0.16147026476102158	0.9191119719211318	0.9518192866504184	0.3552123552123552	14183.0	euclidean	bert_base_uncased	3,8	head
macro	-0.2187009395142388	5.458069335070255	5.151656777931683	0.10767753531524682	0.897460071617085	0.999960073051162	0.4025351597278466		cosine	bert_base_uncased	3,9	head
micro	-0.22374071105837953	5.9685263430514315	5.888470104097469	0.1017232360440915	0.9016965858654954	1.0024215261062466	0.3933933933933934	14183.0	cosine	bert_base_uncased	3,9	head
macro	-0.11596327759874912	5.458069335070255	5.151656777931683	0.16839068294439088	0.9188037043675912	0.9462648185649003	0.3751364791641356		euclidean	bert_base_uncased	3,9	head
micro	-0.11744893876157565	5.9685263430514315	5.888470104097469	0.1659787952485998	0.9202873115554946	0.9390876369218131	0.3575003575003575	14183.0	euclidean	bert_base_uncased	3,9	head
macro	-0.22018141146629855	5.449830977679581	5.423075630030447	0.1015047178727242	0.8944739458415586	0.9967791843302918	0.4043520360796217		cosine	bert_base_uncased	3,10	head
micro	-0.2284588115474809	5.9572536485357785	6.188109082710129	0.09391800432248748	0.8989270903862852	1.0004457135745597	0.39317889317889315	14183.0	cosine	bert_base_uncased	3,10	head
macro	-0.11616200097750548	5.449830977679581	5.423075630030447	0.16244996125590208	0.9161839309289284	0.9690392042571297	0.3742399174819165		euclidean	bert_base_uncased	3,10	head
micro	-0.12078919403079327	5.9572536485357785	6.188109082710129	0.1596985515305028	0.9176344671426069	0.9597611649669867	0.3536393536393536	14183.0	euclidean	bert_base_uncased	3,10	head
macro	-0.20248995369609213	5.422049638423076	5.228151354501508	0.10837117491336741	0.8941740409240138	0.9995180256028052	0.4059790741180612		cosine	bert_base_uncased	3,11	head
micro	-0.209881905346765	5.924835227717074	5.94570117380469	0.10054527036990302	0.8992211253759105	0.9995262937777574	0.3923923923923924	14183.0	cosine	bert_base_uncased	3,11	head
macro	-0.1111068241968811	5.422049638423076	5.228151354501508	0.16234234021899493	0.9187920460983169	0.951124495453201	0.3745585759031792		euclidean	bert_base_uncased	3,11	head
micro	-0.11341462778203058	5.924835227717074	5.94570117380469	0.1591045414527931	0.92005786435578	0.9392304463218096	0.355998855998856	14183.0	euclidean	bert_base_uncased	3,11	head
macro	-0.2162828971741961	5.433450990900296	5.758246807476665	0.09974808960226253	0.8932289378560371	1.0033214034070892	0.40205050921345326		cosine	bert_base_uncased	4,5	head
micro	-0.21991213323764716	5.959043130114038	6.683005543950259	0.09330110796375413	0.8980845632379411	1.0009109401905858	0.38967538967538967	14183.0	cosine	bert_base_uncased	4,5	head
macro	-0.11666088720170396	5.433450990900296	5.758246807476665	0.16304817528384488	0.9142292684855406	0.9769650992310385	0.3662002678756307		euclidean	bert_base_uncased	4,5	head
micro	-0.11943971671949614	5.959043130114038	6.683005543950259	0.15853936842027322	0.915674191838039	0.9648343296987917	0.34684684684684686	14183.0	euclidean	bert_base_uncased	4,5	head
macro	-0.21376106770692996	5.435332113447414	5.57085636009854	0.1001296056785533	0.8971050078171111	0.999497594067306	0.4039170744060531		cosine	bert_base_uncased	4,6	head
micro	-0.22125958486727743	5.951709980980648	6.5400322232227595	0.09249955405760572	0.9002347040520516	0.9978015991887561	0.3908908908908909	14183.0	cosine	bert_base_uncased	4,6	head
macro	-0.11972548135275671	5.435332113447414	5.57085636009854	0.16149412947920697	0.9203986008298677	0.9655772601755832	0.36487081636364505		euclidean	bert_base_uncased	4,6	head
micro	-0.12233267110686744	5.951709980980648	6.5400322232227595	0.15655109602578599	0.9204458048016647	0.9625415052583263	0.3426998426998427	14183.0	euclidean	bert_base_uncased	4,6	head
macro	-0.21733096288227083	5.35805228530451	5.772634505559259	0.10299422341450962	0.8931902732397732	1.001399604998069	0.40042410914346954		cosine	bert_base_uncased	4,7	head
micro	-0.22289941610716016	5.850363437968272	6.614407078490625	0.09710282036373799	0.8974157216097098	0.9980265853000451	0.391033891033891	14183.0	cosine	bert_base_uncased	4,7	head
macro	-0.1182500116629821	5.35805228530451	5.772634505559259	0.164015760706457	0.9134166631254212	0.9805408079042923	0.36870956450733466		euclidean	bert_base_uncased	4,7	head
micro	-0.1214322296090647	5.850363437968272	6.614407078490625	0.1606960194495428	0.9149810626314812	0.9656216614928865	0.34992134992134993	14183.0	euclidean	bert_base_uncased	4,7	head
macro	-0.2097528906554829	5.447796660501056	5.421782294767491	0.10385743989401336	0.8965019028762047	1.001521824287276	0.4055322388543179		cosine	bert_base_uncased	4,8	head
micro	-0.21816141266204558	5.973431430590786	6.241354338839341	0.09556463213779312	0.9010798910347236	1.0007327207305106	0.3956813956813957	14183.0	cosine	bert_base_uncased	4,8	head
macro	-0.11594301638809681	5.447796660501056	5.421782294767491	0.16501785597255986	0.9176451246838772	0.9734253854524065	0.3728937695347793		euclidean	bert_base_uncased	4,8	head
micro	-0.12011386654609739	5.973431430590786	6.241354338839341	0.16044804631403628	0.9191938412821207	0.9657507173065428	0.3531388531388531	14183.0	euclidean	bert_base_uncased	4,8	head
macro	-0.2281774348666855	5.508026754083061	6.056991053792465	0.09594911133082812	0.8910753433242123	1.0050946232724116	0.4032721171680996		cosine	bert_base_uncased	4,9	head
micro	-0.23282113865997928	6.055295823230899	7.1353176778931395	0.08933549314324558	0.8947857752020772	1.003129118742424	0.38817388817388815	14183.0	cosine	bert_base_uncased	4,9	head
macro	-0.12050157730879438	5.508026754083061	6.056991053792465	0.16090223532417872	0.9144146375011813	0.9988668261781739	0.3639262541024407		euclidean	bert_base_uncased	4,9	head
micro	-0.12177522100009355	6.055295823230899	7.1353176778931395	0.15818187706241607	0.9150555128136564	0.9903060237758079	0.34155584155584157	14183.0	euclidean	bert_base_uncased	4,9	head
macro	-0.22424633654112977	5.4322088018504635	5.909931102307297	0.09874000531367838	0.8949048742812018	0.9990850503452953	0.4035614230460664		cosine	bert_base_uncased	4,10	head
micro	-0.23230940437504186	5.933421936680085	6.978469341959004	0.09210273187101625	0.8978803764210563	0.9994406685568115	0.38974688974688976	14183.0	cosine	bert_base_uncased	4,10	head
macro	-0.12203467056093577	5.4322088018504635	5.909931102307297	0.1610960954057682	0.9165969888082748	0.984325544874735	0.3664746727376644		euclidean	bert_base_uncased	4,10	head
micro	-0.12456215551828456	5.933421936680085	6.978469341959004	0.1569622596698486	0.9166562914005579	0.9812179455981229	0.34427284427284427	14183.0	euclidean	bert_base_uncased	4,10	head
macro	-0.21303340096307807	5.366320795607128	5.932307922922533	0.1000108544188741	0.8924110633917484	1.002638522871482	0.4036152790822399		cosine	bert_base_uncased	4,11	head
micro	-0.21963608499313697	5.863678022921468	6.962379614837466	0.0917972653893158	0.8961339970631409	1.0000362824549909	0.39525239525239525	14183.0	cosine	bert_base_uncased	4,11	head
macro	-0.11982049853698483	5.366320795607128	5.932307922922533	0.15957441015258966	0.9161195784713989	0.9775738638575736	0.3645865838512575		euclidean	bert_base_uncased	4,11	head
micro	-0.12243766576591576	5.863678022921468	6.962379614837466	0.15608324562505324	0.9169572250893812	0.9696025298915181	0.3456313456313456	14183.0	euclidean	bert_base_uncased	4,11	head
macro	-0.21519253721616446	5.4456942398604475	5.418420768124236	0.10272079723388619	0.8919297521111427	1.0011240140776363	0.41113871032444077		cosine	bert_base_uncased	5,6	head
micro	-0.22136824176115036	5.941328000610052	6.171447820794351	0.09684155660818379	0.8966802787230086	0.9995858653296557	0.3983268983268983	14183.0	cosine	bert_base_uncased	5,6	head
macro	-0.1196796043531713	5.4456942398604475	5.418420768124236	0.1668409521996173	0.916408639371669	0.9634292573678618	0.371909201420158		euclidean	bert_base_uncased	5,6	head
micro	-0.12304915960693973	5.941328000610052	6.171447820794351	0.16227310097283737	0.9183404699995925	0.9527305391900945	0.3517803517803518	14183.0	euclidean	bert_base_uncased	5,6	head
macro	-0.21168708960554913	5.339186738042001	5.550654580346177	0.10546289572576875	0.8927487748817567	1.0023768513580278	0.40375837703281847		cosine	bert_base_uncased	5,7	head
micro	-0.21744202456506645	5.83331430548893	6.368148314005313	0.09863058023122251	0.89756545711997	0.9983078908844079	0.38974688974688976	14183.0	cosine	bert_base_uncased	5,7	head
macro	-0.11475423902515325	5.339186738042001	5.550654580346177	0.1696711639708404	0.9148302275769056	0.9647224988718514	0.3727354857593354		euclidean	bert_base_uncased	5,7	head
micro	-0.1189379203605307	5.83331430548893	6.368148314005313	0.16431286763966868	0.9175864585256761	0.9502691962562955	0.35263835263835264	14183.0	euclidean	bert_base_uncased	5,7	head
macro	-0.21881910757734696	5.3764514616226915	5.750901908833788	0.10188147423656109	0.8901405072540007	1.0044601607510732	0.4072176368959842		cosine	bert_base_uncased	5,8	head
micro	-0.22545141232952662	5.897613706245381	6.551872769779685	0.09479371876288108	0.8957282685272261	1.003236141821018	0.39518089518089516	14183.0	cosine	bert_base_uncased	5,8	head
macro	-0.119270675955534	5.3764514616226915	5.750901908833788	0.16538255267467447	0.9133194042472181	0.9805231660329375	0.37627914540807994		euclidean	bert_base_uncased	5,8	head
micro	-0.12467012689919829	5.897613706245381	6.551872769779685	0.1621290774905344	0.9161859900368289	0.9625633724217086	0.3557128557128557	14183.0	euclidean	bert_base_uncased	5,8	head
macro	-0.2233194020085597	5.513598741592286	5.415291783419104	0.09983527377922817	0.8939544141137413	0.9970325996571462	0.40823076974670097		cosine	bert_base_uncased	5,9	head
micro	-0.22752339575615255	6.047662187788017	6.1941226073387945	0.09553954210873819	0.8993583093554844	0.9947015824202892	0.3961818961818962	14183.0	cosine	bert_base_uncased	5,9	head
macro	-0.12002974408420346	5.513598741592286	5.415291783419104	0.1666787694035694	0.9163181314265881	0.9665239964620671	0.37459343965759007		euclidean	bert_base_uncased	5,9	head
micro	-0.12260527745964576	6.047662187788017	6.1941226073387945	0.1637744985891663	0.918119288843316	0.9530437248346703	0.3539253539253539	14183.0	euclidean	bert_base_uncased	5,9	head
macro	-0.21463356311245596	5.4448845727585775	5.399573042767009	0.108104414214228	0.8952676128648853	0.9967035401049216	0.39662133072999983		cosine	bert_base_uncased	5,10	head
micro	-0.22236171298697066	5.962304319799501	6.1512370701188015	0.1015800192843309	0.9000718844220774	0.9994066611518424	0.3798083798083798	14183.0	cosine	bert_base_uncased	5,10	head
macro	-0.11574593112984442	5.4448845727585775	5.399573042767009	0.16663076373061497	0.9162237828912935	0.9539422205494252	0.36960937058350934		euclidean	bert_base_uncased	5,10	head
micro	-0.1184452121834525	5.962304319799501	6.1512370701188015	0.1638588216354266	0.9180273054542281	0.9454579331329944	0.34720434720434723	14183.0	euclidean	bert_base_uncased	5,10	head
macro	-0.21742013254348086	5.402394611766149	5.575638148799156	0.10019781219045483	0.8918289389806103	1.001848392588595	0.4011924544246801		cosine	bert_base_uncased	5,11	head
micro	-0.22436423241683096	5.927784302296202	6.406687787950487	0.09373540196155128	0.8960070575824721	0.9994446328685218	0.39003289003289004	14183.0	cosine	bert_base_uncased	5,11	head
macro	-0.11965129433133909	5.402394611766149	5.575638148799156	0.1606071929097784	0.9178524884999051	0.9603244817008149	0.3659334050981917		euclidean	bert_base_uncased	5,11	head
micro	-0.12303902957848532	5.927784302296202	6.406687787950487	0.158342652007734	0.918693321328186	0.9509374825162782	0.3467038467038467	14183.0	euclidean	bert_base_uncased	5,11	head
macro	-0.21423900092961176	5.444165162716347	5.088884891696372	0.1082498666195116	0.8949839127224712	1.001301423372028	0.4053605949854554		cosine	bert_base_uncased	6,7	head
micro	-0.22068874832471835	5.958341016600123	5.79297084294106	0.0999381402648976	0.8994083073960086	0.9961557470789004	0.3921063921063921	14183.0	cosine	bert_base_uncased	6,7	head
macro	-0.11916646077822264	5.444165162716347	5.088884891696372	0.16645190245414107	0.9193309842393583	0.9657327257702933	0.37683771745734573		euclidean	bert_base_uncased	6,7	head
micro	-0.1220478695661949	5.958341016600123	5.79297084294106	0.1600467466951131	0.9202985103209644	0.9543483189542313	0.3575003575003575	14183.0	euclidean	bert_base_uncased	6,7	head
macro	-0.20997515229140812	5.44484021890688	5.169968584333176	0.10130458916102948	0.8957419970956112	1.0038837840791872	0.4104608556630606		cosine	bert_base_uncased	6,8	head
micro	-0.2160450854482407	5.995582124507848	5.848421088838227	0.09444401291101676	0.9013919362057262	1.0034888851750194	0.400972400972401	14183.0	cosine	bert_base_uncased	6,8	head
macro	-0.11696438987011909	5.44484021890688	5.169968584333176	0.16467134492037444	0.9186113542484986	0.9608823560994819	0.37782335669455824		euclidean	bert_base_uncased	6,8	head
micro	-0.12066128318769548	5.995582124507848	5.848421088838227	0.16031066113134793	0.9205393353821566	0.9485717370608103	0.3589303589303589	14183.0	euclidean	bert_base_uncased	6,8	head
macro	-0.2129275972836395	5.453914948858417	5.1623846394822674	0.10262781978797217	0.8951684393907198	0.9974558945355585	0.41145632925769304		cosine	bert_base_uncased	6,9	head
micro	-0.21747161712983776	5.96714663233104	5.871783566321896	0.0971167306168986	0.9000545487348399	0.9966307405783256	0.40054340054340054	14183.0	cosine	bert_base_uncased	6,9	head
macro	-0.11633601214111153	5.453914948858417	5.1623846394822674	0.16632700137478335	0.9186726486088008	0.9590185178490118	0.3728269008243137		euclidean	bert_base_uncased	6,9	head
micro	-0.11835544431686804	5.96714663233104	5.871783566321896	0.1631934823420432	0.9207443588323153	0.9466209094566563	0.3534963534963535	14183.0	euclidean	bert_base_uncased	6,9	head
macro	-0.21303514732288237	5.527577237575974	5.303327394844297	0.10646810553347094	0.8960689715633048	0.9986422723602038	0.4056060365120826		cosine	bert_base_uncased	6,10	head
micro	-0.21899333176696506	6.060061613240023	6.052020237097666	0.09930892781534217	0.9001055024864519	1.0009385610602206	0.3946088946088946	14183.0	cosine	bert_base_uncased	6,10	head
macro	-0.11481897291530194	5.527577237575974	5.303327394844297	0.16810232682454587	0.9189249122168939	0.9551249592333964	0.37523400955250313		euclidean	bert_base_uncased	6,10	head
micro	-0.11772154323919533	6.060061613240023	6.052020237097666	0.16422187346819422	0.9204353280564614	0.9433172957547905	0.35664235664235666	14183.0	euclidean	bert_base_uncased	6,10	head
macro	-0.19508095879603568	5.309239293773076	5.100820039554127	0.10781993941453262	0.8960901389433714	1.0009364784959223	0.4132443304227322		cosine	bert_base_uncased	6,11	head
micro	-0.20054256150452068	5.779174076786002	5.79242543427175	0.10205502240520543	0.9008687563186704	0.9979796812208295	0.4018304018304018	14183.0	cosine	bert_base_uncased	6,11	head
macro	-0.11238566385789135	5.309239293773076	5.100820039554127	0.16184264773762871	0.9227522926686008	0.9380943892065723	0.3750315259946494		euclidean	bert_base_uncased	6,11	head
micro	-0.11469881448337219	5.779174076786002	5.79242543427175	0.15900328897622948	0.9238138662951808	0.9244744471443299	0.35585585585585583	14183.0	euclidean	bert_base_uncased	6,11	head
macro	-0.2148304502415032	5.335633566013333	4.941169273831708	0.10719800704058494	0.8975805929306683	1.0019293769769744	0.4082604246529943		cosine	bert_base_uncased	7,8	head
micro	-0.22063492687358083	5.8511043195176216	5.473973266864219	0.10070918253295078	0.9040711889414179	0.9958886370221672	0.3988988988988989	14183.0	cosine	bert_base_uncased	7,8	head
macro	-0.11424911039137345	5.335633566013333	4.941169273831708	0.16886667303358202	0.9181595654964686	0.9677937328973034	0.3807336990529927		euclidean	bert_base_uncased	7,8	head
micro	-0.11857220371448007	5.8511043195176216	5.473973266864219	0.16500675187914943	0.9218772201999703	0.9497950398357904	0.36436436436436437	14183.0	euclidean	bert_base_uncased	7,8	head
macro	-0.22476835762036435	5.461456743242892	5.260839101790684	0.10239775184967836	0.8944897213748481	1.0033481539343652	0.40483990529842273		cosine	bert_base_uncased	7,9	head
micro	-0.2300208566082676	5.9805139479685705	5.899740842728227	0.09630926125310937	0.8994380066349663	1.0007740301006056	0.3953953953953954	14183.0	cosine	bert_base_uncased	7,9	head
macro	-0.12052324408621619	5.461456743242892	5.260839101790684	0.16767307313700602	0.915394710596334	0.9745789590546651	0.3724951049136061		euclidean	bert_base_uncased	7,9	head
micro	-0.12370556588713758	5.9805139479685705	5.899740842728227	0.16350667436791902	0.9181111366522093	0.9599106242021292	0.3552123552123552	14183.0	euclidean	bert_base_uncased	7,9	head
macro	-0.2189208492589813	5.447580631239815	5.100427029563222	0.10835453256878262	0.8961868305716025	1.002145889891787	0.40216795499471253		cosine	bert_base_uncased	7,10	head
micro	-0.2269713484299112	5.965377776823585	5.762768459050114	0.09937056351440171	0.9010820946025676	1.0025312062274165	0.39046189046189045	14183.0	cosine	bert_base_uncased	7,10	head
macro	-0.11540873598953395	5.447580631239815	5.100427029563222	0.16399914486013223	0.9157733841666994	0.9676670665157656	0.36991035682584084		euclidean	bert_base_uncased	7,10	head
micro	-0.11928151244774779	5.965377776823585	5.762768459050114	0.1594466281649655	0.9173037676051133	0.9513775823076543	0.350993850993851	14183.0	euclidean	bert_base_uncased	7,10	head
macro	-0.2167480526705967	5.29924957716456	5.282420731685788	0.10327682487990278	0.8905441237030766	1.007440817421029	0.40104253704069226		cosine	bert_base_uncased	7,11	head
micro	-0.22093669107310657	5.782317712509829	5.933898438439994	0.09667257270490709	0.8968896111004009	1.0044032786299752	0.3891748891748892	14183.0	cosine	bert_base_uncased	7,11	head
macro	-0.11859598523472838	5.29924957716456	5.282420731685788	0.16175614024927026	0.9172289448123354	0.9750454696249734	0.3703342646773868		euclidean	bert_base_uncased	7,11	head
micro	-0.11983081467000879	5.782317712509829	5.933898438439994	0.15981726402414426	0.9200404955652903	0.9551448747125799	0.350993850993851	14183.0	euclidean	bert_base_uncased	7,11	head
macro	-0.21593387789693616	5.496160185493985	4.92478224590342	0.10616190084598692	0.8996075512693955	0.992732002831716	0.40756247544254537		cosine	bert_base_uncased	8,9	head
micro	-0.2202249216469918	6.049666380051329	5.526683753623853	0.10089564461979594	0.9049225841969936	0.9919836854164051	0.3963248963248963	14183.0	cosine	bert_base_uncased	8,9	head
macro	-0.11773825146862636	5.496160185493985	4.92478224590342	0.16608120214227926	0.9213245402313469	0.9505208531367161	0.3786275654029111		euclidean	bert_base_uncased	8,9	head
micro	-0.12051672211730349	6.049666380051329	5.526683753623853	0.1628767212241651	0.9241661148703721	0.9335837340262052	0.36186186186186187	14183.0	euclidean	bert_base_uncased	8,9	head
macro	-0.2125303029470867	5.401971019628789	4.944526071346802	0.10251847137518302	0.8981001726363574	0.9939003197816364	0.4066783458016418		cosine	bert_base_uncased	8,10	head
micro	-0.21937029209362352	5.942007212715224	5.472987395577017	0.09590391631091466	0.9049455598477674	0.9901753087256886	0.3936793936793937	14183.0	cosine	bert_base_uncased	8,10	head
macro	-0.1108173216557819	5.401971019628789	4.944526071346802	0.16474429555810874	0.9187281272688317	0.9690022536834294	0.3756224991462115		euclidean	bert_base_uncased	8,10	head
micro	-0.1156931183375623	5.942007212715224	5.472987395577017	0.1618210664628221	0.9215005049392659	0.953205754414728	0.3544973544973545	14183.0	euclidean	bert_base_uncased	8,10	head
macro	-0.20548241398407407	5.327745353311471	5.119412662871074	0.10335666231107726	0.8959304290721005	0.9959306005738503	0.4151861399751233		cosine	bert_base_uncased	8,11	head
micro	-0.2124579137755738	5.821235436648804	5.7821012027434024	0.0963152151301997	0.9013670216015509	0.9943003629361653	0.4076934076934077	14183.0	cosine	bert_base_uncased	8,11	head
macro	-0.11288639950333977	5.327745353311471	5.119412662871074	0.16396864811149553	0.9223309860502356	0.9418984984445664	0.3833310119125773		euclidean	bert_base_uncased	8,11	head
micro	-0.11686797775705705	5.821235436648804	5.7821012027434024	0.1622743166552733	0.9250609858703147	0.9304434598970488	0.3663663663663664	14183.0	euclidean	bert_base_uncased	8,11	head
macro	-0.21708999488487693	5.513920674214164	5.0728020136871255	0.1080579338967951	0.8988360192828029	0.9970407769162507	0.41131625348199646		cosine	bert_base_uncased	9,10	head
micro	-0.22464865036199072	6.056783669406004	5.856326529907388	0.10082915085511589	0.90232423111748	0.994780337015648	0.39804089804089804	14183.0	cosine	bert_base_uncased	9,10	head
macro	-0.11968127268093186	5.513920674214164	5.0728020136871255	0.1653895234176555	0.9211615377693552	0.9403319198575635	0.3699050352626259		euclidean	bert_base_uncased	9,10	head
micro	-0.12135071736246932	6.056783669406004	5.856326529907388	0.16236287357018578	0.9220076628009637	0.9391061992028128	0.3481338481338481	14183.0	euclidean	bert_base_uncased	9,10	head
macro	-0.21570014214123961	5.41466971711537	5.523222653914676	0.10181671928413658	0.8925869437314671	0.9946715694531965	0.41011693967654395		cosine	bert_base_uncased	9,11	head
micro	-0.22171549191348935	5.9340963664964965	6.355455951503768	0.09572064204263993	0.8972459258135912	0.9915724973455625	0.3963248963248963	14183.0	cosine	bert_base_uncased	9,11	head
macro	-0.11906038018351824	5.41466971711537	5.523222653914676	0.16264853732453977	0.9172026361708562	0.9627827543858444	0.371842634394296		euclidean	bert_base_uncased	9,11	head
micro	-0.12109142487869355	5.9340963664964965	6.355455951503768	0.16007590644860153	0.9189273781446399	0.951186892671128	0.35135135135135137	14183.0	euclidean	bert_base_uncased	9,11	head
macro	-0.20842440804325693	5.379390381497814	5.13760063352387	0.10469150091876825	0.8968455356972324	0.9995736102756254	0.40199460417714206		cosine	bert_base_uncased	10,11	head
micro	-0.21530192923605182	5.879170615670676	5.841613066477374	0.09796013313948009	0.9014188798741154	1.0002874691849073	0.3908193908193908	14183.0	cosine	bert_base_uncased	10,11	head
macro	-0.11507999678937425	5.379390381497814	5.13760063352387	0.15895031741810156	0.9193332321660864	0.9491407864106957	0.37276778088272666		euclidean	bert_base_uncased	10,11	head
micro	-0.11759241222764748	5.879170615670676	5.841613066477374	0.15719523413574427	0.9217454506401566	0.941418939159471	0.3515658515658516	14183.0	euclidean	bert_base_uncased	10,11	head
macro	-0.22068807861191456	5.294048692728361	5.797603698206288	0.10215391122143608	0.8928421146225284	0.9988864391224769	0.40867895556529305		cosine	bert_base_uncased	0,1,2	head
micro	-0.22508513495233237	5.785855951177681	6.724865889878494	0.09708232677765957	0.8981008716802652	0.9962374677677512	0.39746889746889746	14183.0	cosine	bert_base_uncased	0,1,2	head
macro	-0.11661276685432709	5.294048692728361	5.797603698206288	0.16199053711131567	0.9150519128185303	0.7938759838794375	0.36914597620694056		euclidean	bert_base_uncased	0,1,2	head
micro	-0.11941670819058325	5.785855951177681	6.724865889878494	0.15987262973529098	0.9178745473103338	0.7833143150251258	0.3514228514228514	14183.0	euclidean	bert_base_uncased	0,1,2	head
macro	-0.2086644194198612	5.368867950725714	5.769967173495321	0.10652973628825367	0.8923717013968273	0.9940356542051977	0.4089544179223543		cosine	bert_base_uncased	0,1,3	head
micro	-0.21490237615707017	5.876629851473798	6.685587831588495	0.09925258450104998	0.8971350485146988	0.9939287417206432	0.3968253968253968	14183.0	cosine	bert_base_uncased	0,1,3	head
macro	-0.1095007009977029	5.368867950725714	5.769967173495321	0.16529873472903744	0.912176965471472	0.7774331086088608	0.3744405753098116		euclidean	bert_base_uncased	0,1,3	head
micro	-0.11301651586485754	5.876629851473798	6.685587831588495	0.16200581056664348	0.9142076488096443	0.7673966454589971	0.354997854997855	14183.0	euclidean	bert_base_uncased	0,1,3	head
macro	-0.21050022867368542	5.345721185245509	6.014614377068373	0.10339634675035515	0.8921755323324139	0.9966060269394698	0.40464204693746997		cosine	bert_base_uncased	0,1,4	head
micro	-0.2167570532473069	5.839212866733182	7.012717266065515	0.09766053150335662	0.8970694050149679	0.9965675813780711	0.389031889031889	14183.0	cosine	bert_base_uncased	0,1,4	head
macro	-0.11377173944926723	5.345721185245509	6.014614377068373	0.1651797788543918	0.912862350871621	0.7919940235121856	0.37322584550736043		euclidean	bert_base_uncased	0,1,4	head
micro	-0.116455340751268	5.839212866733182	7.012717266065515	0.1620884172942504	0.9144539312727786	0.7837026258986876	0.35163735163735166	14183.0	euclidean	bert_base_uncased	0,1,4	head
macro	-0.21071934405122134	5.346953085484627	5.710882849048195	0.10631763836922356	0.8931406465371432	0.9959749847368318	0.4043084365812135		cosine	bert_base_uncased	0,1,5	head
micro	-0.21576645753163526	5.85060588169184	6.631329631415765	0.09954001473550105	0.8979454064867107	0.994256594666634	0.3916058916058916	14183.0	cosine	bert_base_uncased	0,1,5	head
macro	-0.1123557532909678	5.346953085484627	5.710882849048195	0.16677649970565941	0.9138700033971647	0.782660200702661	0.37957366809877047		euclidean	bert_base_uncased	0,1,5	head
micro	-0.1156537074819401	5.85060588169184	6.631329631415765	0.16272676522172239	0.9161282074109725	0.7716340433900444	0.3605748605748606	14183.0	euclidean	bert_base_uncased	0,1,5	head
macro	-0.2114963285232956	5.362888647485946	5.705965423771639	0.1050064842568277	0.8929514105586525	0.9984905740556341	0.4098511215568474		cosine	bert_base_uncased	0,1,6	head
micro	-0.21786746525682057	5.877750472622131	6.664996109768609	0.09894776840038118	0.8969162585640985	0.9981637039036816	0.3965393965393965	14183.0	cosine	bert_base_uncased	0,1,6	head
macro	-0.11243567153556734	5.362888647485946	5.705965423771639	0.16561568511978386	0.9161327294938554	0.7815579827936621	0.3767264801818743		euclidean	bert_base_uncased	0,1,6	head
micro	-0.1174328082386624	5.877750472622131	6.664996109768609	0.1616997276032667	0.9181421797149236	0.7708087212345873	0.3560703560703561	14183.0	euclidean	bert_base_uncased	0,1,6	head
macro	-0.21387022957457708	5.356820762831731	5.4604602493396515	0.10468033378583864	0.8943131162386879	0.9963673729956157	0.40362433999597425		cosine	bert_base_uncased	0,1,7	head
micro	-0.21774187034717316	5.859122209326239	6.260116184467767	0.0990174602219384	0.8985916214777856	0.9940285387551253	0.3898898898898899	14183.0	cosine	bert_base_uncased	0,1,7	head
macro	-0.11221423003496277	5.356820762831731	5.4604602493396515	0.16545350699359343	0.9154919094270706	0.7922186220886529	0.3726025947151456		euclidean	bert_base_uncased	0,1,7	head
micro	-0.11523526878137925	5.859122209326239	6.260116184467767	0.16261378421568687	0.9177870328778388	0.7760364469775601	0.3532818532818533	14183.0	euclidean	bert_base_uncased	0,1,7	head
macro	-0.21344342387415705	5.321641229961405	5.729751231458833	0.10314256266104803	0.8913465845196289	0.9999186937483734	0.4091080487754147		cosine	bert_base_uncased	0,1,8	head
micro	-0.21837208181759063	5.832539638150208	6.585051589669639	0.09753977350720018	0.8971611659041847	0.9981128358718259	0.39846989846989844	14183.0	cosine	bert_base_uncased	0,1,8	head
macro	-0.11360425302600412	5.321641229961405	5.729751231458833	0.1663214319285992	0.9138315067513789	0.7903521656821896	0.3754526133038624		euclidean	bert_base_uncased	0,1,8	head
micro	-0.11700173714283399	5.832539638150208	6.585051589669639	0.1626024549785015	0.9172140689402885	0.7768747052549915	0.35492635492635494	14183.0	euclidean	bert_base_uncased	0,1,8	head
macro	-0.22232452476851094	5.435995220935518	5.856023529510679	0.10121583386382856	0.891784549617239	1.0002702669797139	0.4093256950389022		cosine	bert_base_uncased	0,1,9	head
micro	-0.22840875981597825	5.967310820448369	6.833423440001383	0.09634426145132625	0.8958077475784773	1.0000315233858184	0.39510939510939513	14183.0	cosine	bert_base_uncased	0,1,9	head
macro	-0.11727537988346552	5.435995220935518	5.856023529510679	0.16433255561066804	0.9151469729372443	0.7961177521445209	0.36900740492869366		euclidean	bert_base_uncased	0,1,9	head
micro	-0.12091999655398969	5.967310820448369	6.833423440001383	0.16098085438713045	0.9180989480160191	0.7871927892147905	0.3504218504218504	14183.0	euclidean	bert_base_uncased	0,1,9	head
macro	-0.21404013294739171	5.383403551274733	5.527587700538683	0.10006315819683644	0.8951268483180369	0.9959472561689051	0.40544933777333153		cosine	bert_base_uncased	0,1,10	head
micro	-0.22133228588579862	5.896392969249102	6.422261249723023	0.0941654788682339	0.8999968621324119	0.9948401137390154	0.3916773916773917	14183.0	cosine	bert_base_uncased	0,1,10	head
macro	-0.11182166501422332	5.383403551274733	5.527587700538683	0.16740017387567693	0.9155280648834989	0.7824963739454233	0.37084048108858547		euclidean	bert_base_uncased	0,1,10	head
micro	-0.1162891648288004	5.896392969249102	6.422261249723023	0.16429871368929524	0.9179294379501935	0.7742798742800171	0.34727584727584726	14183.0	euclidean	bert_base_uncased	0,1,10	head
macro	-0.21718448573576	5.39743410120635	5.646104798393133	0.10049774880676338	0.8901874497655606	0.9993023316303736	0.4095996606521076		cosine	bert_base_uncased	0,1,11	head
micro	-0.2215092185862439	5.9288729308310835	6.468905704309208	0.09398038144088458	0.8955296927713114	0.9949205809070443	0.3994708994708995	14183.0	cosine	bert_base_uncased	0,1,11	head
macro	-0.11650252235539356	5.39743410120635	5.646104798393133	0.15753716906536488	0.9166358484889425	0.7937172535551376	0.3704090691246653		euclidean	bert_base_uncased	0,1,11	head
micro	-0.11956642195392203	5.9288729308310835	6.468905704309208	0.1564019963967471	0.9197005452708475	0.7795195017798138	0.35306735306735304	14183.0	euclidean	bert_base_uncased	0,1,11	head
macro	-0.21808389073594783	5.372116065179601	5.455503858606546	0.10016116989328325	0.8954377522052523	0.9971173924663719	0.40442451364024995		cosine	bert_base_uncased	0,2,3	head
micro	-0.22348594948163858	5.876332711093835	6.267767943688785	0.09509914672978287	0.9002998157378638	0.9962404336845538	0.39303589303589304	14183.0	cosine	bert_base_uncased	0,2,3	head
macro	-0.11373724749043959	5.372116065179601	5.455503858606546	0.16669228380188653	0.9165335285992425	0.7872019757114886	0.3738693089843066		euclidean	bert_base_uncased	0,2,3	head
micro	-0.11709686359630553	5.876332711093835	6.267767943688785	0.16466950029194208	0.9177535131321581	0.7752771073609513	0.3532818532818533	14183.0	euclidean	bert_base_uncased	0,2,3	head
macro	-0.2182809209236911	5.415128007922958	5.707533489326651	0.10189536404760939	0.8949211724158956	0.9991591226213485	0.4001593513112715		cosine	bert_base_uncased	0,2,4	head
micro	-0.2237513143002787	5.9213076381335945	6.645058726325339	0.09510496004823	0.8985924516207046	1.0005265637695475	0.3887458887458887	14183.0	cosine	bert_base_uncased	0,2,4	head
macro	-0.11716596674045993	5.415128007922958	5.707533489326651	0.1639548038246932	0.9158855117877134	0.8008431042506088	0.36927797624387926		euclidean	bert_base_uncased	0,2,4	head
micro	-0.11907123621040668	5.9213076381335945	6.645058726325339	0.16150490726578445	0.9162756223596632	0.7928829350834404	0.35192335192335195	14183.0	euclidean	bert_base_uncased	0,2,4	head
macro	-0.2172263242666088	5.333575206588522	5.532888928712284	0.1031812585154311	0.8940804046019301	0.9981084506477959	0.4044184923945604		cosine	bert_base_uncased	0,2,5	head
micro	-0.22187986090400746	5.8353071037297575	6.392941913370751	0.09692814981382661	0.8990234983766748	0.9944291853117506	0.3931073931073931	14183.0	cosine	bert_base_uncased	0,2,5	head
macro	-0.11576302471187792	5.333575206588522	5.532888928712284	0.16802896827093858	0.9156560440955158	0.7916582630517137	0.3723918119171973		euclidean	bert_base_uncased	0,2,5	head
micro	-0.11794599992854773	5.8353071037297575	6.392941913370751	0.1650535625972677	0.9167795093960994	0.7813552328454579	0.3532818532818533	14183.0	euclidean	bert_base_uncased	0,2,5	head
macro	-0.2187627187828247	5.357278204241849	5.604431345158081	0.10283856410746715	0.8925063842113817	0.9978857038209591	0.40283161483097363		cosine	bert_base_uncased	0,2,6	head
micro	-0.2220858834202002	5.856284841878347	6.449615228422785	0.09829758239362255	0.8970346994553624	0.9952204406924803	0.39260689260689263	14183.0	cosine	bert_base_uncased	0,2,6	head
macro	-0.11801353113883149	5.357278204241849	5.604431345158081	0.166577760519378	0.9161001053133553	0.7957142326773676	0.37145209912322835		euclidean	bert_base_uncased	0,2,6	head
micro	-0.11981288070291997	5.856284841878347	6.449615228422785	0.16417613666969422	0.9178960339397	0.7846148101337443	0.3552123552123552	14183.0	euclidean	bert_base_uncased	0,2,6	head
macro	-0.2209942837732354	5.3270157814852945	5.2989174048904415	0.10291811646095872	0.8959275233217652	1.0021750338838582	0.4010738401305866		cosine	bert_base_uncased	0,2,7	head
micro	-0.22491672387998699	5.8102011323162985	6.084344788461334	0.09801051359191362	0.9001693464352207	1.0014807244203547	0.3915343915343915	14183.0	cosine	bert_base_uncased	0,2,7	head
macro	-0.11512247367832505	5.3270157814852945	5.2989174048904415	0.1657987216021452	0.9172440515403006	0.7961158873494054	0.36780581996154305		euclidean	bert_base_uncased	0,2,7	head
micro	-0.11698471001917915	5.8102011323162985	6.084344788461334	0.1634288049541486	0.9181077199343511	0.7837917058669122	0.3509223509223509	14183.0	euclidean	bert_base_uncased	0,2,7	head
macro	-0.2139262124163327	5.3435209639122645	5.35034205321745	0.10549978280521552	0.8948226821250873	0.9980542906259591	0.4106174333881537		cosine	bert_base_uncased	0,2,8	head
micro	-0.21969016584668527	5.848839046838287	6.0817967353349465	0.0993991649126536	0.8999509147207905	0.9948599876772347	0.4016874016874017	14183.0	cosine	bert_base_uncased	0,2,8	head
macro	-0.11401654964276757	5.3435209639122645	5.35034205321745	0.16987967970925505	0.9175572774140348	0.7911537587819714	0.3787827389622711		euclidean	bert_base_uncased	0,2,8	head
micro	-0.11697310292196819	5.848839046838287	6.0817967353349465	0.16647284250403632	0.9194573925008269	0.7817628350786695	0.36257686257686256	14183.0	euclidean	bert_base_uncased	0,2,8	head
macro	-0.2276346056294193	5.399092433943912	5.650639283979481	0.10028184604378468	0.8922772605694533	0.9970833557061977	0.4087764342529454		cosine	bert_base_uncased	0,2,9	head
micro	-0.23026189283273052	5.90007133749795	6.498939303826561	0.09591243731132194	0.8975813293119392	0.9938798019024454	0.39782639782639784	14183.0	cosine	bert_base_uncased	0,2,9	head
macro	-0.11806172585174096	5.399092433943912	5.650639283979481	0.1669455172872632	0.91560540646822	0.8080510353253921	0.3666603649176026		euclidean	bert_base_uncased	0,2,9	head
micro	-0.11966684435295825	5.90007133749795	6.498939303826561	0.16458310594031011	0.9183467738691138	0.7935627119028374	0.3492063492063492	14183.0	euclidean	bert_base_uncased	0,2,9	head
macro	-0.22397169749188323	5.4250079606542165	5.407916224941233	0.10049164049860848	0.8943812738048158	0.994888422550984	0.4045008685352467		cosine	bert_base_uncased	0,2,10	head
micro	-0.22828683390985366	5.923680311213479	6.186274936093572	0.09465930576150289	0.8993878416420624	0.9933584435827134	0.3935363935363935	14183.0	cosine	bert_base_uncased	0,2,10	head
macro	-0.11803021362492902	5.4250079606542165	5.407916224941233	0.1676572039823951	0.9163778992958664	0.7925958616321844	0.36845123439779953		euclidean	bert_base_uncased	0,2,10	head
micro	-0.11954440678731817	5.923680311213479	6.186274936093572	0.16454633764609458	0.9179357041915372	0.7833619604170409	0.3487058487058487	14183.0	euclidean	bert_base_uncased	0,2,10	head
macro	-0.21617190746331377	5.354218119755084	5.363159131267229	0.10398173811286145	0.8941878890295339	0.9981027933879106	0.4084498029732716		cosine	bert_base_uncased	0,2,11	head
micro	-0.2192284126308424	5.8469409672572485	6.112513977484388	0.09816771470236876	0.899386306145593	0.995333171153416	0.4011869011869012	14183.0	cosine	bert_base_uncased	0,2,11	head
macro	-0.11688481976082975	5.354218119755084	5.363159131267229	0.162705216451071	0.9197645009836182	0.7921003463718338	0.3755277695543907		euclidean	bert_base_uncased	0,2,11	head
micro	-0.11835981251115975	5.8469409672572485	6.112513977484388	0.16139565032051217	0.9216388667823089	0.7790028896031419	0.35914485914485916	14183.0	euclidean	bert_base_uncased	0,2,11	head
macro	-0.2127902888902791	5.435584979377467	5.966725620998143	0.1001632836191158	0.8937609346141028	0.998708718660162	0.40150091450786807		cosine	bert_base_uncased	0,3,4	head
micro	-0.2195469001537657	5.942802113568421	6.99628463585931	0.09301092121114077	0.8978166295064399	0.9990077593253178	0.39010439010439013	14183.0	cosine	bert_base_uncased	0,3,4	head
macro	-0.11424211508991941	5.435584979377467	5.966725620998143	0.165510614452923	0.9141408933058769	0.7986005828585038	0.3685422274232199		euclidean	bert_base_uncased	0,3,4	head
micro	-0.116759621311773	5.942802113568421	6.99628463585931	0.16229321631165516	0.9143173268756747	0.7909468063509576	0.34727584727584726	14183.0	euclidean	bert_base_uncased	0,3,4	head
macro	-0.2068442018364536	5.414426201378565	5.234654340315173	0.11034935758761986	0.8957423004877405	0.9958729310547952	0.4051506895548105		cosine	bert_base_uncased	0,3,5	head
micro	-0.21238299844221117	5.901694369516739	5.969814666199535	0.10212295662129711	0.9001673947411555	0.9951794368991054	0.3958958958958959	14183.0	cosine	bert_base_uncased	0,3,5	head
macro	-0.11017500785822223	5.414426201378565	5.234654340315173	0.16608012916838616	0.9167568014653527	0.7728844152009113	0.37338047501731275		euclidean	bert_base_uncased	0,3,5	head
micro	-0.11262764322164963	5.901694369516739	5.969814666199535	0.16363086848091193	0.918173867449845	0.7629145644861123	0.35235235235235235	14183.0	euclidean	bert_base_uncased	0,3,5	head
macro	-0.208655860850679	5.474659338448003	5.449418678327783	0.10634488049330423	0.8939744289294603	0.9960531131640278	0.40625744212225523		cosine	bert_base_uncased	0,3,6	head
micro	-0.21419797961438294	5.987077691181406	6.248476707906312	0.10007400618062001	0.8986153895028676	0.9963452128635372	0.3961103961103961	14183.0	cosine	bert_base_uncased	0,3,6	head
macro	-0.11281615445246304	5.474659338448003	5.449418678327783	0.16561959554749078	0.9174703060938991	0.7820898404668835	0.36779168786573047		euclidean	bert_base_uncased	0,3,6	head
micro	-0.11641194885765549	5.987077691181406	6.248476707906312	0.1621100602476097	0.9188506763522203	0.7715289322492663	0.3479193479193479	14183.0	euclidean	bert_base_uncased	0,3,6	head
macro	-0.211855516267229	5.377464551840483	4.970149891980591	0.10765770135027397	0.8978991089259268	1.0035675208712505	0.4038338000801758		cosine	bert_base_uncased	0,3,7	head
micro	-0.21675138132539937	5.847859881211156	5.59000374766017	0.10319392473920075	0.9030724735747542	1.0027249552896784	0.39224939224939226	14183.0	cosine	bert_base_uncased	0,3,7	head
macro	-0.11196175078213778	5.377464551840483	4.970149891980591	0.16834497715268942	0.9179461108055658	0.781689352118032	0.3708503194955712		euclidean	bert_base_uncased	0,3,7	head
micro	-0.11537323377769547	5.847859881211156	5.59000374766017	0.16606590142449362	0.9199485396466092	0.7667514009656375	0.35220935220935223	14183.0	euclidean	bert_base_uncased	0,3,7	head
macro	-0.20760802945433504	5.444755257566772	5.409396529728899	0.1060179639386382	0.894420381753962	1.0023075985417593	0.40444757676382365		cosine	bert_base_uncased	0,3,8	head
micro	-0.2121406999714731	5.96623810720576	6.161601811807988	0.09942344467794333	0.8993979284721172	1.0005950403443487	0.39475189475189476	14183.0	cosine	bert_base_uncased	0,3,8	head
macro	-0.10931874984631475	5.444755257566772	5.409396529728899	0.16608162326252426	0.9160924932838358	0.7872938390044476	0.3721987114914466		euclidean	bert_base_uncased	0,3,8	head
micro	-0.11272552053158824	5.96623810720576	6.161601811807988	0.16337410980007552	0.9178627110873465	0.7761429973107097	0.3509223509223509	14183.0	euclidean	bert_base_uncased	0,3,8	head
macro	-0.21771363078298395	5.4722798717039955	5.462425862279592	0.10521257390260376	0.8953117345974015	0.9984693246125318	0.40685448523793705		cosine	bert_base_uncased	0,3,9	head
micro	-0.22401644722974753	5.9771949596975595	6.321149376673641	0.09787001875981166	0.8993301617975781	1.0009198270672812	0.3961818961818962	14183.0	cosine	bert_base_uncased	0,3,9	head
macro	-0.1151822745191161	5.4722798717039955	5.462425862279592	0.1690314531956542	0.9180826187334671	0.7786186686868871	0.3693432630097637		euclidean	bert_base_uncased	0,3,9	head
micro	-0.11746576070031906	5.9771949596975595	6.321149376673641	0.16542990749843786	0.9197969319426699	0.7720163964493955	0.34984984984984985	14183.0	euclidean	bert_base_uncased	0,3,9	head
macro	-0.21549088918217635	5.443713068535033	5.451252884495338	0.10282225421660716	0.8944365663731365	0.995284491982308	0.4056131432269288		cosine	bert_base_uncased	0,3,10	head
micro	-0.22304331698834529	5.941841897467729	6.258288806429215	0.0951179245943787	0.8991506231921107	0.9974803100381486	0.3921778921778922	14183.0	cosine	bert_base_uncased	0,3,10	head
macro	-0.11330076383043058	5.443713068535033	5.451252884495338	0.16519998885096035	0.9163401453942602	0.7845358914019649	0.36984690423033734		euclidean	bert_base_uncased	0,3,10	head
micro	-0.11767430443401379	5.941841897467729	6.258288806429215	0.16227627464763605	0.9178351709561982	0.7761172702527472	0.34706134706134706	14183.0	euclidean	bert_base_uncased	0,3,10	head
macro	-0.20614553674937725	5.469749253480616	5.339842737286189	0.10536228169841756	0.8936153632838361	0.9998981396733798	0.40780962298492585		cosine	bert_base_uncased	0,3,11	head
micro	-0.21172931663312342	5.985110158502399	6.070138075153739	0.09883378322316853	0.8991202712621058	0.9979176128042463	0.3961818961818962	14183.0	cosine	bert_base_uncased	0,3,11	head
macro	-0.11110544850161672	5.469749253480616	5.339842737286189	0.15990821926769125	0.9188278881874582	0.7803914914803374	0.37240609089591137		euclidean	bert_base_uncased	0,3,11	head
micro	-0.11355340038857747	5.985110158502399	6.070138075153739	0.15688674182595874	0.9210754587603354	0.766288361356515	0.3527813527813528	14183.0	euclidean	bert_base_uncased	0,3,11	head
macro	-0.2061478439032386	5.398240393414786	5.4863542610420035	0.10499506300034024	0.8975767083937275	0.9980541073176487	0.3998039956021684		cosine	bert_base_uncased	0,4,5	head
micro	-0.21069438177700545	5.920003194616357	6.348764286094574	0.09981469278041401	0.9016467096078364	0.9976824317830862	0.3871013871013871	14183.0	cosine	bert_base_uncased	0,4,5	head
macro	-0.10933894721531907	5.398240393414786	5.4863542610420035	0.1651245935751334	0.9157681349080741	0.7841358649215556	0.3735891918743012		euclidean	bert_base_uncased	0,4,5	head
micro	-0.11247850652452095	5.920003194616357	6.348764286094574	0.161757281695977	0.9165736917014633	0.7733756312806678	0.3532103532103532	14183.0	euclidean	bert_base_uncased	0,4,5	head
macro	-0.20638684745175817	5.437051952560585	5.607900859850337	0.10528935193099757	0.8980250608150263	0.9948890826062585	0.4043362841509304		cosine	bert_base_uncased	0,4,6	head
micro	-0.21348247102070061	5.9644080298762745	6.572803162391881	0.09822726775312475	0.9009054153640685	0.9955031195518372	0.38981838981838984	14183.0	cosine	bert_base_uncased	0,4,6	head
macro	-0.114288437560946	5.437051952560585	5.607900859850337	0.16646606520686208	0.9199035404845921	0.7767319027227795	0.3685734698560554		euclidean	bert_base_uncased	0,4,6	head
micro	-0.11789588064490104	5.9644080298762745	6.572803162391881	0.1615626090154596	0.9202228454565947	0.7709224285011002	0.34555984555984554	14183.0	euclidean	bert_base_uncased	0,4,6	head
macro	-0.20827886003885565	5.384303684083628	5.529291216247881	0.10656208239952189	0.8971960918482562	1.0000650545558334	0.4007353289282675		cosine	bert_base_uncased	0,4,7	head
micro	-0.2128844005972207	5.8807198760543	6.350274312070358	0.10105138076038868	0.9008692588667684	0.9991108697295332	0.3896038896038896	14183.0	cosine	bert_base_uncased	0,4,7	head
macro	-0.11297246855085159	5.384303684083628	5.529291216247881	0.17073124548225677	0.916163360519486	0.7863437637694315	0.370298547431899		euclidean	bert_base_uncased	0,4,7	head
micro	-0.11611085312442039	5.8807198760543	6.350274312070358	0.1673027475278472	0.9170264580408988	0.7718508099285797	0.3527813527813528	14183.0	euclidean	bert_base_uncased	0,4,7	head
macro	-0.20593559717497303	5.461399293397279	5.488964481067596	0.10504280322985468	0.8963415432840794	0.999409118159564	0.40660420421825977		cosine	bert_base_uncased	0,4,8	head
micro	-0.21270144650625392	5.9895385742126726	6.310074723149583	0.09821496764723203	0.9010554173162582	0.9993750221443883	0.39532389532389534	14183.0	cosine	bert_base_uncased	0,4,8	head
macro	-0.1122535454117435	5.461399293397279	5.488964481067596	0.1649269257626775	0.9169078671796272	0.7889092458405399	0.37674035126788535		euclidean	bert_base_uncased	0,4,8	head
micro	-0.11533456325589701	5.9895385742126726	6.310074723149583	0.16156428661493236	0.9182409262908404	0.7803895476082056	0.35685685685685686	14183.0	euclidean	bert_base_uncased	0,4,8	head
macro	-0.22128154814230386	5.519573741985358	6.024782162773551	0.10008747542518376	0.8926116328693671	1.001014001732832	0.4014485564440366		cosine	bert_base_uncased	0,4,9	head
micro	-0.2275728996122978	6.066295617359503	7.099913542310416	0.09392832565362566	0.895928687816658	1.0020274989072413	0.38781638781638783	14183.0	cosine	bert_base_uncased	0,4,9	head
macro	-0.11734520049060973	5.519573741985358	6.024782162773551	0.166152466003375	0.915489991447137	0.8048377797940683	0.368003078098052		euclidean	bert_base_uncased	0,4,9	head
micro	-0.1198632136256227	6.066295617359503	7.099913542310416	0.1631467940412115	0.9165264935256234	0.7969451977899773	0.34706134706134706	14183.0	euclidean	bert_base_uncased	0,4,9	head
macro	-0.2154002757460056	5.435255468600429	5.7491930921233365	0.1029220602517418	0.8960557197551301	0.9958043128737408	0.40418993469163883		cosine	bert_base_uncased	0,4,10	head
micro	-0.22268203614220788	5.945075632369926	6.75260735983734	0.09657495558185307	0.8993896756437683	0.9975861770716694	0.38803088803088803	14183.0	cosine	bert_base_uncased	0,4,10	head
macro	-0.11657071982703099	5.435255468600429	5.7491930921233365	0.17022454879708232	0.917119932639661	0.790567232029065	0.3671281490071993		euclidean	bert_base_uncased	0,4,10	head
micro	-0.11965487794450876	5.945075632369926	6.75260735983734	0.16638183870070528	0.9174835516538515	0.7847395559807543	0.342985842985843	14183.0	euclidean	bert_base_uncased	0,4,10	head
macro	-0.20959303174085017	5.420904454465888	5.775405468525472	0.10196129584721263	0.893580376300826	1.001028614381672	0.4070210293317894		cosine	bert_base_uncased	0,4,11	head
micro	-0.21511054818098946	5.953804525685441	6.710295460137043	0.09467902301065734	0.8977522863818514	0.9986025790885135	0.3966823966823967	14183.0	cosine	bert_base_uncased	0,4,11	head
macro	-0.11595787010122906	5.420904454465888	5.775405468525472	0.16243652115098564	0.9173945460177476	0.7922260485504121	0.37055813751696604		euclidean	bert_base_uncased	0,4,11	head
micro	-0.11902297472020523	5.953804525685441	6.710295460137043	0.15898503568535122	0.9190502382417967	0.779674931773039	0.3504218504218504	14183.0	euclidean	bert_base_uncased	0,4,11	head
macro	-0.2102977049516675	5.39757023038722	5.397825594428375	0.10498213072281802	0.8946889269594475	0.9962215041742557	0.40785094120396465		cosine	bert_base_uncased	0,5,6	head
micro	-0.216310437812434	5.888196043397477	6.209514813158228	0.09900074278663948	0.8984250020529635	0.9966864048329243	0.39532389532389534	14183.0	cosine	bert_base_uncased	0,5,6	head
macro	-0.11355658459394621	5.39757023038722	5.397825594428375	0.16690332523171147	0.9169054522737041	0.7806298494808744	0.3772894576444118		euclidean	bert_base_uncased	0,5,6	head
micro	-0.11749094430384395	5.888196043397477	6.209514813158228	0.16290075138947271	0.9182256347584186	0.771864796898602	0.35814385814385813	14183.0	euclidean	bert_base_uncased	0,5,6	head
macro	-0.2088406245771962	5.314167935213858	5.236933476419438	0.10870406868001857	0.8979550934513232	1.0015069022965462	0.3999119038204675		cosine	bert_base_uncased	0,5,7	head
micro	-0.212916219739242	5.785185653052617	6.026514460698631	0.10260408215713886	0.9017563309747926	0.9995933345819772	0.3898898898898899	14183.0	cosine	bert_base_uncased	0,5,7	head
macro	-0.10990646029708415	5.314167935213858	5.236933476419438	0.1702025676507796	0.9173401864168552	0.7830703066648437	0.3775514024618897		euclidean	bert_base_uncased	0,5,7	head
micro	-0.11383758133612648	5.785185653052617	6.026514460698631	0.1675172891880192	0.9187494720907842	0.7697769874469592	0.3565708565708566	14183.0	euclidean	bert_base_uncased	0,5,7	head
macro	-0.21496254012682006	5.378466886822304	5.589433654808125	0.10422569239526183	0.8924945845885748	1.001570821770586	0.4040534408966531		cosine	bert_base_uncased	0,5,8	head
micro	-0.2200447609524251	5.885960691785066	6.38565750239819	0.09744038886217231	0.8976836502290124	1.0004420754420564	0.39203489203489206	14183.0	cosine	bert_base_uncased	0,5,8	head
macro	-0.11366405617553697	5.378466886822304	5.589433654808125	0.16527664760968677	0.9138775806277302	0.7981337626955854	0.3765257643988166		euclidean	bert_base_uncased	0,5,8	head
micro	-0.11784268808955442	5.885960691785066	6.38565750239819	0.16191603006774402	0.9158607238923667	0.7849492118390988	0.354997854997855	14183.0	euclidean	bert_base_uncased	0,5,8	head
macro	-0.22111971981116058	5.46920619941389	5.485391197566259	0.10277445663203805	0.8948324198740971	0.9947964417754058	0.40614894541951885		cosine	bert_base_uncased	0,5,9	head
micro	-0.22647653403737578	5.980906776699492	6.344727953572714	0.09709819615583398	0.899174671955346	0.9943697213493035	0.3965393965393965	14183.0	cosine	bert_base_uncased	0,5,9	head
macro	-0.11565365551770013	5.46920619941389	5.485391197566259	0.16811869676505992	0.9165299998689715	0.79322751099153	0.3701766103698604		euclidean	bert_base_uncased	0,5,9	head
micro	-0.11896246429711356	5.980906776699492	6.344727953572714	0.1651753405594029	0.9181008428433517	0.7834080831760079	0.35206635206635206	14183.0	euclidean	bert_base_uncased	0,5,9	head
macro	-0.21168978737901067	5.412120681477534	5.276101657475241	0.10793587962204963	0.8973610390188973	0.9947833006964004	0.3982856785078088		cosine	bert_base_uncased	0,5,10	head
micro	-0.218263516127574	5.913478120539535	6.0494628953315015	0.10116857442661899	0.901615271612151	0.9966281562763226	0.384026884026884	14183.0	cosine	bert_base_uncased	0,5,10	head
macro	-0.11104655971195211	5.412120681477534	5.276101657475241	0.16672660816469345	0.9167302985511706	0.7791032549461533	0.37166422116780534		euclidean	bert_base_uncased	0,5,10	head
micro	-0.11447202367916647	5.913478120539535	6.0494628953315015	0.16416486877132672	0.9179684662806786	0.771192389276768	0.3487773487773488	14183.0	euclidean	bert_base_uncased	0,5,10	head
macro	-0.21591850140467297	5.394946980110449	5.4130124565130195	0.10066784809381141	0.8936977825456272	0.9993105671354342	0.4029536065150143		cosine	bert_base_uncased	0,5,11	head
micro	-0.2210055421156276	5.922138655868593	6.194380888283835	0.09499319462858809	0.8981068245794118	0.9963835120760827	0.3943943943943944	14183.0	cosine	bert_base_uncased	0,5,11	head
macro	-0.1159622481869145	5.394946980110449	5.4130124565130195	0.15955240311864438	0.9182571579966934	0.7885765849908298	0.3722551362646238		euclidean	bert_base_uncased	0,5,11	head
micro	-0.11940992820359911	5.922138655868593	6.194380888283835	0.15748257436367377	0.9197506809888184	0.776030222592121	0.35256685256685255	14183.0	euclidean	bert_base_uncased	0,5,11	head
macro	-0.21202419099767134	5.414615885810262	5.210621684181384	0.10886974749283593	0.8968520385752582	0.9993198878399816	0.40465824657023214		cosine	bert_base_uncased	0,6,7	head
micro	-0.21671559040742527	5.911846641068695	6.004569653189495	0.10171662907699601	0.9002761127118518	0.9970045568519474	0.39274989274989275	14183.0	cosine	bert_base_uncased	0,6,7	head
macro	-0.11538806298667938	5.414615885810262	5.210621684181384	0.16785450638399077	0.9196741536040588	0.783575041183266	0.37332097801811703		euclidean	bert_base_uncased	0,6,7	head
micro	-0.11882978125081854	5.911846641068695	6.004569653189495	0.16303512701927833	0.920295613684416	0.7719153930877499	0.35535535535535534	14183.0	euclidean	bert_base_uncased	0,6,7	head
macro	-0.2105758418339059	5.4682693182625615	5.473312492438442	0.10638464616185891	0.8935722755086501	1.0000009312631208	0.4087958647608917		cosine	bert_base_uncased	0,6,8	head
micro	-0.21506555449429937	6.01466932696778	6.265675079526408	0.09959520333957018	0.8986208065326866	0.9996690121407588	0.39975689975689976	14183.0	cosine	bert_base_uncased	0,6,8	head
macro	-0.1156338941615549	5.4682693182625615	5.473312492438442	0.1680362475570117	0.9170110757744971	0.7869502990854813	0.37929114300346023		euclidean	bert_base_uncased	0,6,8	head
micro	-0.11880965176129644	6.01466932696778	6.265675079526408	0.16396108904333953	0.9187770499661895	0.7769618435969163	0.3605748605748606	14183.0	euclidean	bert_base_uncased	0,6,8	head
macro	-0.21518846379305748	5.467805434879031	5.565127664517369	0.10629120047686966	0.8931338893156558	0.9946385874467334	0.40817653470676996		cosine	bert_base_uncased	0,6,9	head
micro	-0.22041825339280324	5.988407790709816	6.448877545793454	0.10033945363458197	0.8970501645941924	0.9951486114953795	0.3966823966823967	14183.0	cosine	bert_base_uncased	0,6,9	head
macro	-0.11644591202493416	5.467805434879031	5.565127664517369	0.16859198801289846	0.91776120675846	0.7881054321609103	0.369794511956471		euclidean	bert_base_uncased	0,6,9	head
micro	-0.11948547044216348	5.988407790709816	6.448877545793454	0.1652997411165353	0.9200184599498524	0.7788251281409231	0.35027885027885025	14183.0	euclidean	bert_base_uncased	0,6,9	head
macro	-0.21232111410791166	5.485010327302256	5.469341780814829	0.10716647659238174	0.8956091855389131	0.9952890509512868	0.40333950214566894		cosine	bert_base_uncased	0,6,10	head
micro	-0.21749109390094198	6.01188143078056	6.313700608319341	0.10143389889159243	0.899327444646888	0.997007511653924	0.3891748891748892	14183.0	cosine	bert_base_uncased	0,6,10	head
macro	-0.1138830817159752	5.485010327302256	5.469341780814829	0.16874250570999896	0.9183008814493429	0.7792847928325225	0.36789996257501734		euclidean	bert_base_uncased	0,6,10	head
micro	-0.11751653961529006	6.01188143078056	6.313700608319341	0.1654509601004195	0.9198298943585154	0.7694767200944225	0.34706134706134706	14183.0	euclidean	bert_base_uncased	0,6,10	head
macro	-0.21480190159409113	5.358323194184029	5.082759628834599	0.10804734009540826	0.8975008359320792	1.003320868629698	0.40483334631551965		cosine	bert_base_uncased	0,7,8	head
micro	-0.21796475180753902	5.857116527684069	5.715759447642577	0.1014864223612333	0.9031498156365538	0.9985196785999012	0.3961818961818962	14183.0	cosine	bert_base_uncased	0,7,8	head
macro	-0.11341322923452019	5.358323194184029	5.082759628834599	0.16868200510902073	0.9180618092519999	0.7919690674415475	0.37992520811342295		euclidean	bert_base_uncased	0,7,8	head
micro	-0.11612279456798495	5.857116527684069	5.715759447642577	0.16637572152913396	0.9204781388329196	0.7766075818600301	0.3642928642928643	14183.0	euclidean	bert_base_uncased	0,7,8	head
macro	-0.20285917601030687	5.330571807409437	5.374681670876691	0.10581221985881414	0.8938607883214854	0.9979848668002457	0.41001335757984325		cosine	bert_base_uncased	0,6,11	head
micro	-0.20663351018084294	5.82352118016908	6.140185756252682	0.10056635459029185	0.8987058128606147	0.9949043455107662	0.3991133991133991	14183.0	cosine	bert_base_uncased	0,6,11	head
macro	-0.11368097119844761	5.330571807409437	5.374681670876691	0.1620590025586162	0.9209834962786478	0.7763778969080701	0.3755738815781521		euclidean	bert_base_uncased	0,6,11	head
micro	-0.11652418443437774	5.82352118016908	6.140185756252682	0.15995288827891394	0.9231698218213392	0.7613796586128401	0.356999856999857	14183.0	euclidean	bert_base_uncased	0,6,11	head
macro	-0.22267350061500651	5.452629645404861	5.403137100950459	0.10190181794609562	0.8952671507730471	1.0030315279506163	0.4056270608814044		cosine	bert_base_uncased	0,7,9	head
micro	-0.22742482996220528	5.953442078025244	6.184267020295294	0.09596198781704093	0.8992078951662466	1.0018387514169325	0.3966108966108966	14183.0	cosine	bert_base_uncased	0,7,9	head
macro	-0.11804615353611392	5.452629645404861	5.403137100950459	0.16666568536516785	0.9168788984514123	0.7982238359654917	0.36386722188655385		euclidean	bert_base_uncased	0,7,9	head
micro	-0.12148654090853199	5.953442078025244	6.184267020295294	0.16339099184762587	0.9189979702480817	0.7856137371948435	0.34806234806234804	14183.0	euclidean	bert_base_uncased	0,7,9	head
macro	-0.21715683554801915	5.425273123007167	5.092381510519956	0.10831558168560224	0.8983061208295955	1.001056848153298	0.4012221975522354		cosine	bert_base_uncased	0,7,10	head
micro	-0.22267759706866852	5.921479442017506	5.824882111882579	0.1009302740464582	0.9023976683527064	1.001119716523666	0.3891748891748892	14183.0	cosine	bert_base_uncased	0,7,10	head
macro	-0.11394402464624423	5.425273123007167	5.092381510519956	0.1664498938111725	0.9176803134823276	0.7873040871040237	0.36833016622204257		euclidean	bert_base_uncased	0,7,10	head
micro	-0.11766594927009255	5.921479442017506	5.824882111882579	0.16316109099505588	0.9186393011827124	0.7731928810333936	0.34884884884884887	14183.0	euclidean	bert_base_uncased	0,7,10	head
macro	-0.21670979526936282	5.346224166089802	5.245335536503206	0.10262833940231754	0.8931333882589658	1.0063325032897443	0.403124380034063		cosine	bert_base_uncased	0,7,11	head
micro	-0.218617274151884	5.8380870063303165	5.927691247857167	0.09836701416235093	0.8988583676972941	1.002397156505251	0.3937508937508937	14183.0	cosine	bert_base_uncased	0,7,11	head
macro	-0.11753198540632906	5.346224166089802	5.245335536503206	0.1615678098366925	0.9190951525817481	0.7967362619026125	0.3685303812160325		euclidean	bert_base_uncased	0,7,11	head
micro	-0.11923973600539503	5.8380870063303165	5.927691247857167	0.16063251991882446	0.921803063787969	0.7766338881812485	0.3506363506363506	14183.0	euclidean	bert_base_uncased	0,7,11	head
macro	-0.21961575586159984	5.486924159911141	5.386200456567634	0.10531272530558974	0.8951529481524431	0.9952065185473268	0.4060142599574732		cosine	bert_base_uncased	0,8,9	head
micro	-0.22361820204929364	6.020855529719763	6.156824910368502	0.10013185260371932	0.900038263702289	0.9944336244193661	0.39518089518089516	14183.0	cosine	bert_base_uncased	0,8,9	head
macro	-0.11789494555109083	5.486924159911141	5.386200456567634	0.1681356349355601	0.9186737885987929	0.7917440010971218	0.37575225178675525		euclidean	bert_base_uncased	0,8,9	head
micro	-0.12032961156055655	6.020855529719763	6.156824910368502	0.1642946923607097	0.9213510985344764	0.7798729322557129	0.3584298584298584	14183.0	euclidean	bert_base_uncased	0,8,9	head
macro	-0.21379170544492637	5.434265911344644	5.215800525888384	0.10125716593612692	0.895329692865707	0.9953014138555922	0.40522896980317646		cosine	bert_base_uncased	0,8,10	head
micro	-0.21906323631327548	5.964921157730972	5.875196087756805	0.09415889052025353	0.901593341652078	0.9915918422476322	0.3923923923923924	14183.0	cosine	bert_base_uncased	0,8,10	head
macro	-0.11155948899138593	5.434265911344644	5.215800525888384	0.16766847573979643	0.9171177356752942	0.7947893232647735	0.37036846648377153		euclidean	bert_base_uncased	0,8,10	head
micro	-0.11535406045895637	5.964921157730972	5.875196087756805	0.16494169526679592	0.9193343686341771	0.78283749512991	0.3486343486343486	14183.0	euclidean	bert_base_uncased	0,8,10	head
macro	-0.2112003299409479	5.415922487382807	5.351572998470777	0.10149205555437288	0.8934200594238356	0.9981925635321739	0.4098699166299476		cosine	bert_base_uncased	0,8,11	head
micro	-0.2150598510658094	5.932836121920805	6.057297817051849	0.09502023124632256	0.8992885951668328	0.9946347714383106	0.4021879021879022	14183.0	cosine	bert_base_uncased	0,8,11	head
macro	-0.11450554314287595	5.415922487382807	5.351572998470777	0.1619111729534559	0.9201922100012937	0.7856380978013202	0.3800129090534402		euclidean	bert_base_uncased	0,8,11	head
micro	-0.1174171985611857	5.932836121920805	6.057297817051849	0.16039660427101166	0.9232967768099863	0.7719365277003402	0.3632203632203632	14183.0	euclidean	bert_base_uncased	0,8,11	head
macro	-0.2205023057369458	5.498910288404828	5.401501073709601	0.10248881635753926	0.8959908977416087	0.9948774090032763	0.4091743421767259		cosine	bert_base_uncased	0,9,10	head
micro	-0.2272724978706926	6.027166068697409	6.303616273063264	0.09635113495477192	0.8994114697093257	0.9938021099269874	0.39553839553839554	14183.0	cosine	bert_base_uncased	0,9,10	head
macro	-0.1184602328403146	5.498910288404828	5.401501073709601	0.1676785272294947	0.9195453648759049	0.781847733637146	0.36530133299128054		euclidean	bert_base_uncased	0,9,10	head
micro	-0.12141929420213192	6.027166068697409	6.303616273063264	0.1639226516637774	0.9209094158921582	0.7784753069257464	0.34441584441584444	14183.0	euclidean	bert_base_uncased	0,9,10	head
macro	-0.22106474149635347	5.487288549034976	5.719203846671016	0.09867862415351233	0.891213887750468	0.9949423555273357	0.4098220821997277		cosine	bert_base_uncased	0,9,11	head
micro	-0.2263060200369311	6.026570462514816	6.613879974776256	0.09305377669442816	0.895860571535809	0.9921815871683812	0.3991848991848992	14183.0	cosine	bert_base_uncased	0,9,11	head
macro	-0.12030798507584937	5.487288549034976	5.719203846671016	0.16024015820091797	0.9175590804353703	0.7987771681833906	0.3700904801925843		euclidean	bert_base_uncased	0,9,11	head
micro	-0.12310662448690166	6.026570462514816	6.613879974776256	0.1576111289575232	0.9203318998221125	0.7859556456027142	0.3502073502073502	14183.0	euclidean	bert_base_uncased	0,9,11	head
macro	-0.21209962672874966	5.4045383033065715	5.279032014386605	0.10388889618432016	0.8949242887845728	0.9983191492057202	0.4012983384820969		cosine	bert_base_uncased	0,10,11	head
micro	-0.21694530483869398	5.915905220481746	6.022266326442914	0.09693124957658458	0.8999139794584016	0.9970391845987118	0.38924638924638927	14183.0	cosine	bert_base_uncased	0,10,11	head
macro	-0.11581427595496353	5.4045383033065715	5.279032014386605	0.16153616818862787	0.919081365251363	0.7851061969942099	0.36811198728577516		euclidean	bert_base_uncased	0,10,11	head
micro	-0.11898385470223347	5.915905220481746	6.022266326442914	0.1588437572335084	0.9219898336888256	0.7734762463950515	0.34734734734734735	14183.0	euclidean	bert_base_uncased	0,10,11	head
macro	-0.21028429921889155	5.334112987527809	5.374134071064674	0.10582608055034518	0.8971283234011692	0.994370708258541	0.40919585956091475		cosine	bert_base_uncased	1,2,3	head
micro	-0.21577246487907886	5.852398952741002	6.151134735801863	0.10019380478027928	0.9023454192500765	0.9931257769872938	0.39703989703989706	14183.0	cosine	bert_base_uncased	1,2,3	head
macro	-0.11135469834094561	5.334112987527809	5.374134071064674	0.1660270981407788	0.9168004768584846	0.777958214687762	0.3770290720463818		euclidean	bert_base_uncased	1,2,3	head
micro	-0.11575619616563221	5.852398952741002	6.151134735801863	0.16424876491385412	0.9189642071736146	0.765700169828447	0.35714285714285715	14183.0	euclidean	bert_base_uncased	1,2,3	head
macro	-0.216028239803768	5.365280534970403	5.589477369066075	0.10033472300359536	0.8946644716223644	1.0000780953535309	0.40749443033616256		cosine	bert_base_uncased	1,2,4	head
micro	-0.2211462246282708	5.836935567694025	6.4507883570522955	0.0939346794823764	0.8998308230860442	0.999323211205686	0.3953953953953954	14183.0	cosine	bert_base_uncased	1,2,4	head
macro	-0.1167133125615982	5.365280534970403	5.589477369066075	0.16031553279991664	0.9165236976542108	0.7959231535905774	0.37537558233257273		euclidean	bert_base_uncased	1,2,4	head
micro	-0.11948801394922963	5.836935567694025	6.4507883570522955	0.1594179700862938	0.918270536855475	0.7886216913665128	0.35735735735735735	14183.0	euclidean	bert_base_uncased	1,2,4	head
macro	-0.21052322274579804	5.358740375320024	5.534183614435124	0.10416068968866023	0.8953478859277296	0.9964062650745913	0.41021865380531125		cosine	bert_base_uncased	1,2,5	head
micro	-0.21466458235295957	5.875969964444186	6.382529820118053	0.09803619751949985	0.9014783260139553	0.9917250657308814	0.396968396968397	14183.0	cosine	bert_base_uncased	1,2,5	head
macro	-0.11737790852100899	5.358740375320024	5.534183614435124	0.16754328419971096	0.9180987965745852	0.7767333649610761	0.37915709376562573		euclidean	bert_base_uncased	1,2,5	head
micro	-0.11925866403456763	5.875969964444186	6.382529820118053	0.16539954931357753	0.9208308645916604	0.7660421342165511	0.3610753610753611	14183.0	euclidean	bert_base_uncased	1,2,5	head
macro	-0.21426596982793328	5.355201452651752	5.3550151223624685	0.10266315484249902	0.895150994769732	1.0022690532038525	0.4062514565855623		cosine	bert_base_uncased	1,2,6	head
micro	-0.21920607430014474	5.859587303582542	6.12954801225502	0.09728994877143882	0.9002483334165714	0.9995683227172594	0.3953953953953954	14183.0	cosine	bert_base_uncased	1,2,6	head
macro	-0.11543635474718114	5.355201452651752	5.3550151223624685	0.1618387042007822	0.9185616687852064	0.7872503392607471	0.375158896031246		euclidean	bert_base_uncased	1,2,6	head
micro	-0.11892666320554582	5.859587303582542	6.12954801225502	0.15945930181911905	0.9212399583823832	0.7752605758648434	0.3567853567853568	14183.0	euclidean	bert_base_uncased	1,2,6	head
macro	-0.21255690016537004	5.363104431942923	5.2415904486849305	0.10410620392225543	0.896032395447259	0.9944971000111592	0.40667160066814645		cosine	bert_base_uncased	1,2,7	head
micro	-0.21804135609342226	5.874910306179894	5.948684096988077	0.09823892673936278	0.9011297713060546	0.9929627617776212	0.3936078936078936	14183.0	cosine	bert_base_uncased	1,2,7	head
macro	-0.11301052764195559	5.363104431942923	5.2415904486849305	0.16441643610390277	0.9177756823603471	0.7870550012703773	0.37381356995808895		euclidean	bert_base_uncased	1,2,7	head
micro	-0.11584607996999913	5.874910306179894	5.948684096988077	0.162587054216004	0.9201849557491945	0.7744885397371886	0.35464035464035465	14183.0	euclidean	bert_base_uncased	1,2,7	head
macro	-0.20471081149954265	5.2627499768841375	5.1905721097788975	0.10827008243902433	0.8973598404710873	0.9960450432289384	0.41437273994174983		cosine	bert_base_uncased	1,2,8	head
micro	-0.21186195776437575	5.756168950383748	5.86777339354554	0.10275994575784077	0.9032084761941511	0.9942215173449873	0.4036179036179036	14183.0	cosine	bert_base_uncased	1,2,8	head
macro	-0.11215811677008211	5.2627499768841375	5.1905721097788975	0.16837920259907013	0.9195888010855667	0.7741382552002598	0.3818156651194036		euclidean	bert_base_uncased	1,2,8	head
micro	-0.11705615997561553	5.756168950383748	5.86777339354554	0.16596638806718378	0.9230836721723394	0.7623555103205653	0.36236236236236236	14183.0	euclidean	bert_base_uncased	1,2,8	head
macro	-0.21730425600378755	5.387360124050122	5.372181695768338	0.10040832714062292	0.8963058814658228	1.0003913145198284	0.4087457684162309		cosine	bert_base_uncased	1,2,9	head
micro	-0.22055506050111837	5.905533876317273	6.105495404065732	0.09734085723693299	0.9024485393093693	0.997584308755845	0.3963248963248963	14183.0	cosine	bert_base_uncased	1,2,9	head
macro	-0.11518637675788816	5.387360124050122	5.372181695768338	0.16414573365802057	0.9181378282323969	0.7924446527231239	0.37419897229289134		euclidean	bert_base_uncased	1,2,9	head
micro	-0.11825991340685031	5.905533876317273	6.105495404065732	0.1626715718821056	0.921774196205323	0.7772900746188598	0.3560703560703561	14183.0	euclidean	bert_base_uncased	1,2,9	head
macro	-0.21275051788097463	5.3877049635740555	5.131559827870506	0.10389047023795596	0.897973365918606	0.9965538750463853	0.40778461881232975		cosine	bert_base_uncased	1,2,10	head
micro	-0.2194365690581164	5.892396298433341	5.804880486991482	0.09825714741593228	0.9037953044280865	0.9941256197783347	0.39425139425139427	14183.0	cosine	bert_base_uncased	1,2,10	head
macro	-0.11426194885285995	5.3877049635740555	5.131559827870506	0.16708754394349024	0.918962433101888	0.7755021685915249	0.36868876481907153		euclidean	bert_base_uncased	1,2,10	head
micro	-0.1171135863085203	5.892396298433341	5.804880486991482	0.16562218914895174	0.921620280367531	0.7666753181136938	0.3507078507078507	14183.0	euclidean	bert_base_uncased	1,2,10	head
macro	-0.20959025433002007	5.340749062724488	5.117052980064336	0.10522497772019375	0.8967798373929493	0.9961096005760249	0.40798314430198973		cosine	bert_base_uncased	1,2,11	head
micro	-0.21438191834015602	5.8348090112096145	5.768578599039798	0.09922138067554517	0.9026047949478189	0.9932749925806694	0.39761189761189764	14183.0	cosine	bert_base_uncased	1,2,11	head
macro	-0.1141326540106393	5.340749062724488	5.117052980064336	0.16187495776750468	0.9217097724844828	0.7778514036499296	0.37473672925335416		euclidean	bert_base_uncased	1,2,11	head
micro	-0.11714360079141661	5.8348090112096145	5.768578599039798	0.1599233683709493	0.9240319975725397	0.7676394422136703	0.3582153582153582	14183.0	euclidean	bert_base_uncased	1,2,11	head
macro	-0.2151812240820483	5.38907421443536	6.000378553314611	0.09981604073381835	0.8912833436410429	0.9949462361736111	0.4044054932935447		cosine	bert_base_uncased	1,3,4	head
micro	-0.22187800402462188	5.876739004934116	6.991468496723471	0.09244565334256115	0.8963134773982302	0.99293385096824	0.39224939224939226	14183.0	cosine	bert_base_uncased	1,3,4	head
macro	-0.11530591996376244	5.38907421443536	6.000378553314611	0.16635826293552175	0.911314723166334	0.80308906361114	0.36943108368252214		euclidean	bert_base_uncased	1,3,4	head
micro	-0.11768499249728444	5.876739004934116	6.991468496723471	0.16223057060258333	0.9120273677016244	0.796466941766671	0.3492063492063492	14183.0	euclidean	bert_base_uncased	1,3,4	head
macro	-0.20455659385557012	5.418543100455646	5.4092303287716055	0.11224762936059822	0.8939149943935069	0.9908474119328041	0.406105801125714		cosine	bert_base_uncased	1,3,5	head
micro	-0.20916935122237887	5.9371190527900115	6.168894918972796	0.10418227929102628	0.8990841699064984	0.9886262654361111	0.3961103961103961	14183.0	cosine	bert_base_uncased	1,3,5	head
macro	-0.11330509302334525	5.418543100455646	5.4092303287716055	0.16932345193973009	0.9151859741559198	0.7690760212841722	0.380002075894329		euclidean	bert_base_uncased	1,3,5	head
micro	-0.11471354065613566	5.9371190527900115	6.168894918972796	0.16590157520268933	0.917521311703578	0.7586702288245354	0.36193336193336195	14183.0	euclidean	bert_base_uncased	1,3,5	head
macro	-0.20972452932204153	5.435362049431788	5.344886873368405	0.10405544758489126	0.8942163080127365	0.996185495092634	0.4084041108603416		cosine	bert_base_uncased	1,3,6	head
micro	-0.2160577382808397	5.955591689989757	6.104329722204192	0.09780526529550107	0.8991930193129587	0.9954285661151488	0.39846989846989844	14183.0	cosine	bert_base_uncased	1,3,6	head
macro	-0.1116942594539331	5.435362049431788	5.344886873368405	0.16536890763317683	0.916320176728811	0.7837122470706925	0.37433486635943863		euclidean	bert_base_uncased	1,3,6	head
micro	-0.11679267006495472	5.955591689989757	6.104329722204192	0.16178179690852224	0.9179848031037523	0.7722348535646865	0.35306735306735304	14183.0	euclidean	bert_base_uncased	1,3,6	head
macro	-0.20960347760008297	5.384292232787825	5.091689885862465	0.10748661446309946	0.8949745928846321	0.9906651024670855	0.4071990754377772		cosine	bert_base_uncased	1,3,7	head
micro	-0.21549628051592978	5.897200246308227	5.669721289268145	0.10048174739949105	0.9006678391722373	0.9889996849638576	0.3941083941083941	14183.0	cosine	bert_base_uncased	1,3,7	head
macro	-0.11075263193160657	5.384292232787825	5.091689885862465	0.16889512354040764	0.9143658352769853	0.7834862569421733	0.37469030988035446		euclidean	bert_base_uncased	1,3,7	head
micro	-0.11498512685518442	5.897200246308227	5.669721289268145	0.1660494437676783	0.917406999506468	0.7682154625942597	0.353996853996854	14183.0	euclidean	bert_base_uncased	1,3,7	head
macro	-0.20270127224578308	5.338473375510583	5.412964658596976	0.10696058686989283	0.8941465729893385	0.9957515980017144	0.40678230215113953		cosine	bert_base_uncased	1,3,8	head
micro	-0.2089629076450216	5.869089588424344	6.151232382843964	0.09958363078952713	0.8993241455349953	0.9948322438260944	0.39625339625339623	14183.0	cosine	bert_base_uncased	1,3,8	head
macro	-0.10823839074770783	5.338473375510583	5.412964658596976	0.1649980862060802	0.9143098080767946	0.7809104515744234	0.3770649643614424		euclidean	bert_base_uncased	1,3,8	head
micro	-0.1135183485797493	5.869089588424344	6.151232382843964	0.16182729357832537	0.9169102093853799	0.7674188303877794	0.35514085514085514	14183.0	euclidean	bert_base_uncased	1,3,8	head
macro	-0.21163842330132582	5.447964610008616	5.3415928819609055	0.11017607301351975	0.8962119142432651	0.9953948377767537	0.40618059678367957		cosine	bert_base_uncased	1,3,9	head
micro	-0.21892090514969503	5.988204472042996	6.119188017310782	0.1036443119495005	0.9006192287418704	0.9971456578061001	0.3948948948948949	14183.0	cosine	bert_base_uncased	1,3,9	head
macro	-0.11235477634460843	5.447964610008616	5.3415928819609055	0.16824755240878358	0.9164758096871941	0.7734296914497023	0.3749291627393726		euclidean	bert_base_uncased	1,3,9	head
micro	-0.11582522455540294	5.988204472042996	6.119188017310782	0.1642932944528956	0.9183979089874785	0.7663728672398379	0.3557843557843558	14183.0	euclidean	bert_base_uncased	1,3,9	head
macro	-0.20950195629106036	5.409861700506103	5.339240960033228	0.10769009421350094	0.8952285149804612	0.9905683875038603	0.40827122437219343		cosine	bert_base_uncased	1,3,10	head
micro	-0.21867273689643196	5.932926903607674	6.078977813007629	0.10017342597842527	0.9002368072496554	0.9915522362968473	0.3958958958958959	14183.0	cosine	bert_base_uncased	1,3,10	head
macro	-0.10993138098204644	5.409861700506103	5.339240960033228	0.16737420019044372	0.9151490844531391	0.7777439467276615	0.3734282891697005		euclidean	bert_base_uncased	1,3,10	head
micro	-0.1151292427946071	5.932926903607674	6.078977813007629	0.16449208848416028	0.9170481130569815	0.7698973944975737	0.34992134992134993	14183.0	euclidean	bert_base_uncased	1,3,10	head
macro	-0.20339456432190858	5.4223531004461245	5.270874742229372	0.11029078622094925	0.893300946097232	0.991940135595008	0.4057813650287763		cosine	bert_base_uncased	1,3,11	head
micro	-0.21002064586642694	5.950835206093762	5.947564996171867	0.1024368205103113	0.8988741412750186	0.9895409986292405	0.39346489346489344	14183.0	cosine	bert_base_uncased	1,3,11	head
macro	-0.10889116113700546	5.4223531004461245	5.270874742229372	0.16265702671871626	0.9165992554216166	0.7768815950545702	0.3745807259167741		euclidean	bert_base_uncased	1,3,11	head
micro	-0.11204598481549008	5.950835206093762	5.947564996171867	0.1604268272983143	0.9185466536999211	0.7659394164787328	0.3559273559273559	14183.0	euclidean	bert_base_uncased	1,3,11	head
macro	-0.2082057090814577	5.415232202527576	5.588302608913906	0.102933821181733	0.8941283404714911	0.9957557743279358	0.4053683169781994		cosine	bert_base_uncased	1,4,5	head
micro	-0.21179437041499136	5.926778599942616	6.423956338154747	0.0959251612661825	0.9001267913485097	0.9924617286125341	0.38953238953238956	14183.0	cosine	bert_base_uncased	1,4,5	head
macro	-0.11360596845892902	5.415232202527576	5.588302608913906	0.16688138687688575	0.9149060888699244	0.7834914322754268	0.3756019697846896		euclidean	bert_base_uncased	1,4,5	head
micro	-0.11562302220471458	5.926778599942616	6.423956338154747	0.16262886606509164	0.9169662279084804	0.7736491826419338	0.3555698555698556	14183.0	euclidean	bert_base_uncased	1,4,5	head
macro	-0.21021332097675957	5.416946782813934	5.477541751142943	0.10320118329357367	0.8959969139512616	0.9984705794755908	0.4065034788353979		cosine	bert_base_uncased	1,4,6	head
micro	-0.2183094158250229	5.918963748222288	6.363864727621656	0.09629690857461083	0.9003103272236729	0.9967203420316757	0.39224939224939226	14183.0	cosine	bert_base_uncased	1,4,6	head
macro	-0.11534967983131696	5.416946782813934	5.477541751142943	0.16480879570046533	0.9189241462483639	0.7823509763619574	0.37382998258523836		euclidean	bert_base_uncased	1,4,6	head
micro	-0.11922784406820525	5.918963748222288	6.363864727621656	0.16090668942912595	0.9197721367797792	0.777197131833718	0.3508508508508508	14183.0	euclidean	bert_base_uncased	1,4,6	head
macro	-0.2101434134054204	5.3805016816960425	5.58203380236716	0.10508317457888193	0.8931053327029151	0.9917137871998191	0.40162851352639284		cosine	bert_base_uncased	1,4,7	head
micro	-0.215695857727327	5.876835394795598	6.318669056527316	0.09871561058598428	0.8982317045574942	0.9877041359827524	0.3893178893178893	14183.0	cosine	bert_base_uncased	1,4,7	head
macro	-0.11405710644732467	5.3805016816960425	5.58203380236716	0.16650581602183073	0.9135185826797504	0.7915471453495658	0.37371634285481775		euclidean	bert_base_uncased	1,4,7	head
micro	-0.11695596355667293	5.876835394795598	6.318669056527316	0.16346630574488588	0.9155540102037452	0.7783203654390538	0.3539253539253539	14183.0	euclidean	bert_base_uncased	1,4,7	head
macro	-0.207103848857018	5.374997643841853	5.4505186612223575	0.10543453611941814	0.8946283669575282	0.9962890577166342	0.4071299463772994		cosine	bert_base_uncased	1,4,8	head
micro	-0.21485512577975996	5.867683355809127	6.2160477254564706	0.09870693109001871	0.9004951499385538	0.995632842326647	0.39553839553839554	14183.0	cosine	bert_base_uncased	1,4,8	head
macro	-0.11376146755857287	5.374997643841853	5.4505186612223575	0.1675232857965928	0.915715489459889	0.7864952925361675	0.3707196597317405		euclidean	bert_base_uncased	1,4,8	head
micro	-0.11762398225786876	5.867683355809127	6.2160477254564706	0.1628622703881298	0.9180967475921843	0.7771277841909788	0.3502073502073502	14183.0	euclidean	bert_base_uncased	1,4,8	head
macro	-0.21899092766308617	5.4957799309060205	5.866391060127748	0.10230654223299343	0.8919095368897053	1.002127729123241	0.4016620543454041		cosine	bert_base_uncased	1,4,9	head
micro	-0.22563083972553352	6.0331633401409865	6.825882058573208	0.09600235209374396	0.8963651511383635	1.0008619548157387	0.3858143858143858	14183.0	cosine	bert_base_uncased	1,4,9	head
macro	-0.11637017261350738	5.4957799309060205	5.866391060127748	0.16127251080478977	0.914662426907747	0.803590318139592	0.3662808861159587		euclidean	bert_base_uncased	1,4,9	head
micro	-0.1191840735323272	6.0331633401409865	6.825882058573208	0.15840551777211145	0.9160479922886398	0.796511324795148	0.34384384384384387	14183.0	euclidean	bert_base_uncased	1,4,9	head
macro	-0.21261632734409172	5.402327194622637	5.597513321125796	0.1020638303034827	0.8949219289242442	0.9953607245515251	0.40508233464599097		cosine	bert_base_uncased	1,4,10	head
micro	-0.22175134875271052	5.887667309910096	6.497719446506568	0.09612354942624717	0.8995131404769602	0.9944551747561091	0.38981838981838984	14183.0	cosine	bert_base_uncased	1,4,10	head
macro	-0.11506050045235695	5.402327194622637	5.597513321125796	0.1648163981448845	0.9162353336800546	0.7876450370914132	0.3680889916945626		euclidean	bert_base_uncased	1,4,10	head
micro	-0.11852098741653139	5.887667309910096	6.497719446506568	0.16178313488518317	0.9171673979152969	0.7839436210473228	0.34534534534534533	14183.0	euclidean	bert_base_uncased	1,4,10	head
macro	-0.2109701169283105	5.384573409330434	5.6721697795664845	0.10337465892155381	0.8916296502705426	0.9981282070039236	0.4075683058143407		cosine	bert_base_uncased	1,4,11	head
micro	-0.21768732285695602	5.881865276058573	6.516685670224267	0.09537256961654092	0.8968113559656842	0.9937560960232976	0.3953953953953954	14183.0	cosine	bert_base_uncased	1,4,11	head
macro	-0.11559441379452876	5.384573409330434	5.6721697795664845	0.1620293447553298	0.9157572375606627	0.7930293266137991	0.3717912726251107		euclidean	bert_base_uncased	1,4,11	head
micro	-0.1185468838271121	5.881865276058573	6.516685670224267	0.1588693341140209	0.9173536896024842	0.7850633195683546	0.35220935220935223	14183.0	euclidean	bert_base_uncased	1,4,11	head
macro	-0.21024561892060423	5.41797937958307	5.378678363094195	0.10429097853475852	0.8942628911955767	0.9985016851065718	0.4089834527343808		cosine	bert_base_uncased	1,5,6	head
micro	-0.21674157990281057	5.933272252224205	6.172656722097413	0.09746297701267989	0.8990167204186557	0.9968818587578133	0.3958243958243958	14183.0	cosine	bert_base_uncased	1,5,6	head
macro	-0.11527760255878625	5.41797937958307	5.378678363094195	0.16455059647404596	0.9177230438234754	0.7774747279424361	0.379147354489481		euclidean	bert_base_uncased	1,5,6	head
micro	-0.11961936579209322	5.933272252224205	6.172656722097413	0.1603630845552475	0.919821199343792	0.7675140513512205	0.3602173602173602	14183.0	euclidean	bert_base_uncased	1,5,6	head
macro	-0.2053130049150315	5.4118882401360855	5.430510575055953	0.10538236179936535	0.8946540812246498	0.9899893832242318	0.40265703837699235		cosine	bert_base_uncased	1,5,7	head
micro	-0.20976753438470472	5.939378824687918	6.1993776722911935	0.09813270414116303	0.8997022318750294	0.9854538696547687	0.39067639067639065	14183.0	cosine	bert_base_uncased	1,5,7	head
macro	-0.11241976749134232	5.4118882401360855	5.430510575055953	0.17001372059194594	0.9162654572645064	0.7790318147102953	0.3754777047699284		euclidean	bert_base_uncased	1,5,7	head
micro	-0.11529688366283695	5.939378824687918	6.1993776722911935	0.16603774579413397	0.9192231232316347	0.7654514524264239	0.3582153582153582	14183.0	euclidean	bert_base_uncased	1,5,7	head
macro	-0.21076135878689714	5.343775477459561	5.683796114830036	0.10424348071177136	0.8919726806948834	0.9974689158660373	0.40914482297439775		cosine	bert_base_uncased	1,5,8	head
micro	-0.2165848567243373	5.859330918481928	6.4878819316299765	0.09726584408633725	0.8980907844618533	0.9964254279323711	0.39596739596739594	14183.0	cosine	bert_base_uncased	1,5,8	head
macro	-0.11646884549538512	5.343775477459561	5.683796114830036	0.16796386034817967	0.9144983577690101	0.786106568445271	0.37976943629498067		euclidean	bert_base_uncased	1,5,8	head
micro	-0.1207315664829578	5.859330918481928	6.4878819316299765	0.16458271790347012	0.9178366048788226	0.7704481838585899	0.35814385814385813	14183.0	euclidean	bert_base_uncased	1,5,8	head
macro	-0.21463510969435168	5.519039359786339	5.440060425477079	0.10532834313398184	0.8952374464277537	0.9950565808901265	0.40897571558118034		cosine	bert_base_uncased	1,5,9	head
micro	-0.21990385671775178	6.077911837894169	6.241672714519723	0.09978125146793516	0.9006701940819131	0.9933357238037959	0.3944658944658945	14183.0	cosine	bert_base_uncased	1,5,9	head
macro	-0.1163466678109619	5.519039359786339	5.440060425477079	0.1667306687706656	0.917390416980125	0.7823301703899779	0.3757011807887806		euclidean	bert_base_uncased	1,5,9	head
micro	-0.11954309307917727	6.077911837894169	6.241672714519723	0.16304685977446198	0.9197036484546224	0.7718172913095609	0.356999856999857	14183.0	euclidean	bert_base_uncased	1,5,9	head
macro	-0.20501716632012912	5.453260469421877	5.242738926713368	0.10944089418984732	0.8974112553419382	0.9911148126783892	0.39791717895222567		cosine	bert_base_uncased	1,5,10	head
micro	-0.21293193314822897	5.984477257426915	5.966857384090229	0.10206487487575264	0.9030086911829253	0.9908160937231896	0.38045188045188044	14183.0	cosine	bert_base_uncased	1,5,10	head
macro	-0.11133064795649869	5.453260469421877	5.242738926713368	0.1715080825739625	0.9177484315513526	0.7672044259509943	0.37339563560398514		euclidean	bert_base_uncased	1,5,10	head
micro	-0.11433654227112758	5.984477257426915	5.966857384090229	0.16849673657306685	0.9200670203787862	0.7597662966043486	0.34992134992134993	14183.0	euclidean	bert_base_uncased	1,5,10	head
macro	-0.2121422747990391	5.453701356799341	5.410770172623592	0.10151538650444206	0.8930910817796718	0.9941319442544398	0.40478408036501795		cosine	bert_base_uncased	1,5,11	head
micro	-0.2177988952518171	6.007403561640627	6.157481614087995	0.09540092850255584	0.898363138537353	0.9894844073280936	0.39282139282139283	14183.0	cosine	bert_base_uncased	1,5,11	head
macro	-0.11612416484228948	5.453701356799341	5.410770172623592	0.16108568228234596	0.9187225814520539	0.779221890417412	0.3726582089877694		euclidean	bert_base_uncased	1,5,11	head
micro	-0.11929304436232652	6.007403561640627	6.157481614087995	0.15794396715889855	0.9204650141208875	0.7696826970918265	0.3536393536393536	14183.0	euclidean	bert_base_uncased	1,5,11	head
macro	-0.21111802337561855	5.442935147626593	5.13372047949055	0.10452144161444422	0.8955486533143634	0.9958879758683872	0.4065922192705498		cosine	bert_base_uncased	1,6,7	head
micro	-0.2178952520591478	5.980102157292675	5.84847554752458	0.09790170192881321	0.899719909703495	0.9914588963641894	0.3935363935363935	14183.0	cosine	bert_base_uncased	1,6,7	head
macro	-0.1143916290471294	5.442935147626593	5.13372047949055	0.16420758188255166	0.9190667339478508	0.7853179379077692	0.37978894061901936		euclidean	bert_base_uncased	1,6,7	head
micro	-0.11855489856068892	5.980102157292675	5.84847554752458	0.15981951338526182	0.9204484510408739	0.7730534411683533	0.35978835978835977	14183.0	euclidean	bert_base_uncased	1,6,7	head
macro	-0.2091828948289966	5.4077950090875495	5.2976193168773005	0.10309718619347587	0.8948272104748062	1.0027107578299663	0.40885589679821643		cosine	bert_base_uncased	1,6,8	head
micro	-0.21646812889678643	5.9529704770737535	6.037824979862352	0.09613335445099919	0.900420639961824	1.0025526588516431	0.3983268983268983	14183.0	cosine	bert_base_uncased	1,6,8	head
macro	-0.11419317602246151	5.4077950090875495	5.2976193168773005	0.16495509764790864	0.9177006802033076	0.7809957186164382	0.3757263740776027		euclidean	bert_base_uncased	1,6,8	head
micro	-0.11943502377434174	5.9529704770737535	6.037824979862352	0.16078379178172716	0.9201000598723138	0.7681634058648957	0.3559273559273559	14183.0	euclidean	bert_base_uncased	1,6,8	head
macro	-0.2113555829299708	5.446628666612181	5.272898896001835	0.10545984870614036	0.8958412337438444	1.0010196334185117	0.4073678867831695		cosine	bert_base_uncased	1,6,9	head
micro	-0.2183737672862878	5.986105054486621	6.047526553320168	0.09850346756376163	0.9000523393302909	1.0010656195404812	0.39475189475189476	14183.0	cosine	bert_base_uncased	1,6,9	head
macro	-0.1135645234975208	5.446628666612181	5.272898896001835	0.1643085522875239	0.9189263050310709	0.7832489651966973	0.3795194397733757		euclidean	bert_base_uncased	1,6,9	head
micro	-0.11816436097367111	5.986105054486621	6.047526553320168	0.16064004535058424	0.920975517971658	0.7732135515481809	0.35985985985985985	14183.0	euclidean	bert_base_uncased	1,6,9	head
macro	-0.2084851971876014	5.479125495956595	5.1844440937264755	0.10662670701370186	0.8973588241557463	0.9984832355638643	0.4049629561288763		cosine	bert_base_uncased	1,6,10	head
micro	-0.21696440546200946	6.0200343320718845	5.9316522257101205	0.10001200216539224	0.9016621919633154	0.9989792892165911	0.39232089232089234	14183.0	cosine	bert_base_uncased	1,6,10	head
macro	-0.1100202754902005	5.479125495956595	5.1844440937264755	0.16848904670756384	0.9195128121384465	0.7729821221976535	0.37668309005051676		euclidean	bert_base_uncased	1,6,10	head
micro	-0.11541658421194215	6.0200343320718845	5.9316522257101205	0.16418029258278552	0.9212314919674898	0.7634157631154777	0.35435435435435436	14183.0	euclidean	bert_base_uncased	1,6,10	head
macro	-0.2022972427222176	5.358352447335776	5.108497582783057	0.10566247691167209	0.8951818064218828	0.9999714174005998	0.41538991673720277		cosine	bert_base_uncased	1,6,11	head
micro	-0.20880433561909184	5.8628247890215	5.779973801028164	0.09997672908591954	0.9002879644070744	0.9963076418437535	0.40311740311740313	14183.0	cosine	bert_base_uncased	1,6,11	head
macro	-0.11114798577573079	5.358352447335776	5.108497582783057	0.1604710285770435	0.9214818782981282	0.772475632825923	0.3799984123379169		euclidean	bert_base_uncased	1,6,11	head
micro	-0.11560536860296411	5.8628247890215	5.779973801028164	0.1584789959164712	0.9231611153978835	0.7602995875890006	0.35985985985985985	14183.0	euclidean	bert_base_uncased	1,6,11	head
macro	-0.2097217546723244	5.337244858760988	5.122824410828059	0.1052095718840301	0.8955711967768851	0.992785146395203	0.4043922670156203		cosine	bert_base_uncased	1,7,8	head
micro	-0.21551514186940474	5.864335135204333	5.702765995772467	0.0991631892502106	0.901869079731689	0.9877197343792634	0.3933933933933934	14183.0	cosine	bert_base_uncased	1,7,8	head
macro	-0.11246024167987272	5.337244858760988	5.122824410828059	0.1703832166363954	0.9167144608587849	0.7859306325949884	0.37641943964436714		euclidean	bert_base_uncased	1,7,8	head
micro	-0.116641220179985	5.864335135204333	5.702765995772467	0.16680439733369715	0.9205847867192594	0.7684001407533886	0.35735735735735735	14183.0	euclidean	bert_base_uncased	1,7,8	head
macro	-0.21614044348552627	5.492126179408515	5.313033375894398	0.10401609047266201	0.8948169589567058	0.9964166989792815	0.4060482269427744		cosine	bert_base_uncased	1,7,9	head
micro	-0.2223735232287594	6.0501699674103575	5.977921938243	0.09859131058917281	0.8993910618115978	0.994059417991877	0.3941798941798942	14183.0	cosine	bert_base_uncased	1,7,9	head
macro	-0.11569156449558929	5.492126179408515	5.313033375894398	0.16558695252009412	0.916055861947169	0.7930157327915682	0.3731683440590642		euclidean	bert_base_uncased	1,7,9	head
micro	-0.1198604606809778	6.0501699674103575	5.977921938243	0.16252708579648945	0.9189109542680339	0.780024607174627	0.3537823537823538	14183.0	euclidean	bert_base_uncased	1,7,9	head
macro	-0.21003435195226608	5.456127464230972	5.010797969903886	0.10652467377095458	0.8972344658170902	0.9915777522612609	0.40551495850952957		cosine	bert_base_uncased	1,7,10	head
micro	-0.21816808095871473	5.995445569138227	5.632839641309408	0.0992821197024496	0.9023395156666327	0.9896334216899428	0.3923923923923924	14183.0	cosine	bert_base_uncased	1,7,10	head
macro	-0.11040299931818996	5.456127464230972	5.010797969903886	0.1656805737717053	0.9168776701455568	0.7809699944956745	0.37270508201069225		euclidean	bert_base_uncased	1,7,10	head
micro	-0.1147449571302678	5.995445569138227	5.632839641309408	0.16202106970800076	0.9189894653173787	0.7671937007586291	0.35192335192335195	14183.0	euclidean	bert_base_uncased	1,7,10	head
macro	-0.21351694227191717	5.400244702291644	5.193497912000415	0.10396801863747808	0.8916721869457607	0.9950940965388213	0.40356255893542453		cosine	bert_base_uncased	1,7,11	head
micro	-0.2177773486665037	5.926276609933094	5.773418468779335	0.09698363193849104	0.8980322537854528	0.9895682948095101	0.3913198913198913	14183.0	cosine	bert_base_uncased	1,7,11	head
macro	-0.11519785177308782	5.400244702291644	5.193497912000415	0.16142155706180564	0.9173992148070345	0.7935681070244064	0.37423654136469797		euclidean	bert_base_uncased	1,7,11	head
micro	-0.1171579131651341	5.926276609933094	5.773418468779335	0.16032257157458998	0.9204526254747947	0.7762658954279924	0.35514085514085514	14183.0	euclidean	bert_base_uncased	1,7,11	head
macro	-0.2126936069508131	5.421020437195225	5.200292201606777	0.10643700923090028	0.8972930919484293	0.994233510518866	0.4082851990885849		cosine	bert_base_uncased	1,8,9	head
micro	-0.21917839139612547	5.970123997710606	5.884616864848607	0.10048195912239553	0.9025862333897429	0.9946834561910247	0.3964678964678965	14183.0	cosine	bert_base_uncased	1,8,9	head
macro	-0.11554005902476915	5.421020437195225	5.200292201606777	0.16235957186690367	0.9191921132121615	0.7783620478411815	0.3751296315311371		euclidean	bert_base_uncased	1,8,9	head
micro	-0.12002735594369145	5.970123997710606	5.884616864848607	0.15851647693997478	0.922408847910386	0.7641657146245966	0.35492635492635494	14183.0	euclidean	bert_base_uncased	1,8,9	head
macro	-0.20598348574394695	5.358000465476436	5.018327235466137	0.10474422139951728	0.8974298040247841	0.9909772966428426	0.40781495806236356		cosine	bert_base_uncased	1,8,10	head
micro	-0.21406545960549828	5.893195656105402	5.592502592512103	0.09805830642962847	0.9044251203112633	0.9877221695920222	0.3958243958243958	14183.0	cosine	bert_base_uncased	1,8,10	head
macro	-0.10813039509574655	5.358000465476436	5.018327235466137	0.16594693214681794	0.9180686661176544	0.7801357694793685	0.3736012202478726		euclidean	bert_base_uncased	1,8,10	head
micro	-0.1137220649747557	5.893195656105402	5.592502592512103	0.16259859763729276	0.9213881722030763	0.7665772355039673	0.34942084942084944	14183.0	euclidean	bert_base_uncased	1,8,10	head
macro	-0.20821907324605518	5.33810341942389	5.193609923649534	0.10373609914347726	0.8940208952521953	0.9926509201885921	0.4086584225316829		cosine	bert_base_uncased	1,8,11	head
micro	-0.2142779237700029	5.846219236064794	5.825445248977195	0.09669680996718022	0.9002716960213253	0.9899680746516152	0.39997139997139997	14183.0	cosine	bert_base_uncased	1,8,11	head
macro	-0.11283522958340625	5.33810341942389	5.193609923649534	0.16438192299739007	0.9201016894994203	0.7738455292933877	0.37652862223044714		euclidean	bert_base_uncased	1,8,11	head
micro	-0.11707762959768044	5.846219236064794	5.825445248977195	0.1620420385807276	0.9234875372691833	0.761100418053999	0.3580723580723581	14183.0	euclidean	bert_base_uncased	1,8,11	head
macro	-0.21000990452795187	5.501422494281529	5.098750543930544	0.10710629564226583	0.8994242846000335	0.997324346731392	0.41027487006741403		cosine	bert_base_uncased	1,9,10	head
micro	-0.220112514358624	6.065583691229751	5.862316698761141	0.09964162499118764	0.9032778081191046	0.9953533710520255	0.39625339625339623	14183.0	cosine	bert_base_uncased	1,9,10	head
macro	-0.11421666060292456	5.501422494281529	5.098750543930544	0.16619998239940348	0.9206834827296686	0.7681046085822619	0.3682809757929096		euclidean	bert_base_uncased	1,9,10	head
micro	-0.11878363212663928	6.065583691229751	5.862316698761141	0.1623317522163918	0.9222112006422982	0.7652252343534065	0.34434434434434436	14183.0	euclidean	bert_base_uncased	1,9,10	head
macro	-0.21540677888250975	5.446852042992389	5.451481727444559	0.10363400161494883	0.8927448215732274	0.9944997341741809	0.40435609241109494		cosine	bert_base_uncased	1,9,11	head
micro	-0.22272250583989273	6.001737683715252	6.2167536689979315	0.09799048781487464	0.8976098567079972	0.9913875261645826	0.391033891033891	14183.0	cosine	bert_base_uncased	1,9,11	head
macro	-0.11628582947015727	5.446852042992389	5.451481727444559	0.1619942098275001	0.9176439142916084	0.7891710730821834	0.37047875948940645		euclidean	bert_base_uncased	1,9,11	head
micro	-0.12033054229663594	6.001737683715252	6.2167536689979315	0.15946437643449587	0.9198975499271125	0.7792537817541902	0.34963534963534965	14183.0	euclidean	bert_base_uncased	1,9,11	head
macro	-0.2067127283883083	5.4060335023913755	5.004864903244899	0.10287850226017528	0.8967140297043066	0.9954652563692452	0.40485066699664596		cosine	bert_base_uncased	1,10,11	head
micro	-0.2146740757888293	5.92441796573402	5.622679580585247	0.0958921735215278	0.9023291716424927	0.9931212055469026	0.39253539253539255	14183.0	cosine	bert_base_uncased	1,10,11	head
macro	-0.1111892421073983	5.4060335023913755	5.004864903244899	0.16156406812979676	0.9195573461226251	0.7732834531611967	0.3717391751263278		euclidean	bert_base_uncased	1,10,11	head
micro	-0.11530180339340901	5.92441796573402	5.622679580585247	0.15963143591988652	0.922402931852371	0.765590130300286	0.3492778492778493	14183.0	euclidean	bert_base_uncased	1,10,11	head
macro	-0.22818977427255288	5.415615801318674	5.768042477320531	0.09506910879207647	0.894644200683145	1.0045099563123934	0.40233370993678125		cosine	bert_base_uncased	2,3,4	head
micro	-0.23369818012249338	5.917161259513895	6.7744463051883965	0.0889455283057471	0.898285784244759	1.0045053421127532	0.39174889174889177	14183.0	cosine	bert_base_uncased	2,3,4	head
macro	-0.12111931805664199	5.415615801318674	5.768042477320531	0.16247757967759904	0.9157540092864267	0.8142784994663447	0.36426308720245804		euclidean	bert_base_uncased	2,3,4	head
micro	-0.12343205223851604	5.917161259513895	6.7744463051883965	0.1590636069343993	0.915693284072411	0.8062497029559272	0.3461318461318461	14183.0	euclidean	bert_base_uncased	2,3,4	head
macro	-0.21678773522142375	5.36889619716278	5.316332870040506	0.10376378690111179	0.8952077146431379	1.0013392205424483	0.4060063258019527		cosine	bert_base_uncased	2,3,5	head
micro	-0.2214521066820767	5.882253506921088	6.099793095077757	0.09848867247345594	0.9002888697232355	0.9977540170149011	0.39532389532389534	14183.0	cosine	bert_base_uncased	2,3,5	head
macro	-0.11887662065859766	5.36889619716278	5.316332870040506	0.1686420794015084	0.9185592520567182	0.7807003863660428	0.37429701404212506		euclidean	bert_base_uncased	2,3,5	head
micro	-0.12056352842627814	5.882253506921088	6.099793095077757	0.16648294466833813	0.9201574177959688	0.7691654537745285	0.3552838552838553	14183.0	euclidean	bert_base_uncased	2,3,5	head
macro	-0.2217833292086916	5.404403192531164	5.319616287115187	0.10004785065313868	0.8942041623811001	1.0026935498335112	0.4044930204300829		cosine	bert_base_uncased	2,3,6	head
micro	-0.2251929752902015	5.906900127624092	6.045882535840946	0.0955871943599524	0.8995430046971723	1.0003652916104102	0.3963248963248963	14183.0	cosine	bert_base_uncased	2,3,6	head
macro	-0.11885130048874254	5.404403192531164	5.319616287115187	0.1646868022088592	0.917570201816826	0.8004508140911213	0.3724975258627212		euclidean	bert_base_uncased	2,3,6	head
micro	-0.12147671988334806	5.906900127624092	6.045882535840946	0.16232635309899826	0.9193215415747173	0.7867779897433579	0.35464035464035465	14183.0	euclidean	bert_base_uncased	2,3,6	head
macro	-0.22107600350870465	5.3429582234422135	5.01254836564117	0.10408416540076583	0.8975565048894699	1.0038875343204514	0.40286040769463277		cosine	bert_base_uncased	2,3,7	head
micro	-0.2273373393298038	5.836621131577059	5.661241174454226	0.09866948383765826	0.9029212998751602	1.003665035104171	0.39017589017589016	14183.0	cosine	bert_base_uncased	2,3,7	head
macro	-0.11581046815340132	5.3429582234422135	5.01254836564117	0.16721693231452373	0.9176252229463805	0.7896497583754858	0.3694766520726729		euclidean	bert_base_uncased	2,3,7	head
micro	-0.1196182862552056	5.836621131577059	5.661241174454226	0.16501583490064772	0.9194102013280253	0.7768314716049266	0.35035035035035034	14183.0	euclidean	bert_base_uncased	2,3,7	head
macro	-0.208689679056968	5.3513471033121895	5.113732536707748	0.10807356237013366	0.8983961488733687	1.0023703051306518	0.40605044265623685		cosine	bert_base_uncased	2,3,8	head
micro	-0.21582208963280367	5.87031800054283	5.809306222146961	0.10090973126953003	0.9026582601412679	1.0007301634971568	0.3966108966108966	14183.0	cosine	bert_base_uncased	2,3,8	head
macro	-0.11108619380740213	5.3513471033121895	5.113732536707748	0.16922463846105734	0.919697329350329	0.7835883068287745	0.3777547922355427		euclidean	bert_base_uncased	2,3,8	head
micro	-0.11619810299103861	5.87031800054283	5.809306222146961	0.16515153531607946	0.9211736893639648	0.7726969525295693	0.3577863577863578	14183.0	euclidean	bert_base_uncased	2,3,8	head
macro	-0.2239125029489631	5.390968244838752	5.207513383973942	0.10086450062688465	0.8979463155178617	1.0001666866937278	0.4029154275305237		cosine	bert_base_uncased	2,3,9	head
micro	-0.22702560888160256	5.900873556112309	5.932257429543753	0.09789852581547183	0.9034111570799215	0.9996359411222909	0.39325039325039324	14183.0	cosine	bert_base_uncased	2,3,9	head
macro	-0.1157313362350291	5.390968244838752	5.207513383973942	0.16670903720319796	0.9184846327995349	0.787191202770569	0.3740106866701528		euclidean	bert_base_uncased	2,3,9	head
micro	-0.11780308428851535	5.900873556112309	5.932257429543753	0.1657233261270583	0.9205562623447815	0.7728842847870153	0.35664235664235666	14183.0	euclidean	bert_base_uncased	2,3,9	head
macro	-0.2261500471248404	5.439615132765151	5.291950359071701	0.10212494272095725	0.8956010188790849	0.9978831558173286	0.40438094756114956		cosine	bert_base_uncased	2,3,10	head
micro	-0.2323107382698994	5.94979593124564	6.001778010005134	0.09630104918391987	0.9004889342098117	0.9990486854681327	0.39274989274989275	14183.0	cosine	bert_base_uncased	2,3,10	head
macro	-0.11964324756739783	5.439615132765151	5.291950359071701	0.16562069677230695	0.9175662377906473	0.7897528906935439	0.37060102162842407		euclidean	bert_base_uncased	2,3,10	head
micro	-0.12255283011334624	5.94979593124564	6.001778010005134	0.16305745902121382	0.9189122660991796	0.7792359891659394	0.3512798512798513	14183.0	euclidean	bert_base_uncased	2,3,10	head
macro	-0.2082504800219387	5.373288367861578	5.063716605142707	0.1069238017116964	0.8980520119070903	0.9984442564154564	0.4017203722002834		cosine	bert_base_uncased	2,3,11	head
micro	-0.2138685908516753	5.866398295792842	5.7494386943695455	0.10079880176179347	0.9031589506564894	0.997793783929925	0.3898898898898899	14183.0	cosine	bert_base_uncased	2,3,11	head
macro	-0.11228385845199972	5.373288367861578	5.063716605142707	0.1656204181692793	0.9213191201072651	0.7767089918385461	0.37521206348850344		euclidean	bert_base_uncased	2,3,11	head
micro	-0.11464676249291485	5.866398295792842	5.7494386943695455	0.16311747187497883	0.9223108068251096	0.765281819398884	0.3577148577148577	14183.0	euclidean	bert_base_uncased	2,3,11	head
macro	-0.21819723509883227	5.413347823879061	5.493272688558274	0.0985740034007553	0.8949013927868917	1.0065342762390108	0.40581977629185667		cosine	bert_base_uncased	2,4,5	head
micro	-0.22195027647909468	5.92790139809549	6.385056857527198	0.09103320764662363	0.899701106786968	1.0043312905810569	0.3938223938223938	14183.0	cosine	bert_base_uncased	2,4,5	head
macro	-0.11800879204700913	5.413347823879061	5.493272688558274	0.16445307134545556	0.9167970270333589	0.7941269033228486	0.3701922972346614		euclidean	bert_base_uncased	2,4,5	head
micro	-0.11997853529552996	5.92790139809549	6.385056857527198	0.16134130953507433	0.9178885735046788	0.7850225040578291	0.3536393536393536	14183.0	euclidean	bert_base_uncased	2,4,5	head
macro	-0.22217751055036683	5.408667872286643	5.454464518973637	0.09844808409164442	0.8950836361101333	1.0059888483929365	0.40334168944323867		cosine	bert_base_uncased	2,4,6	head
micro	-0.2268750054345785	5.899514296432864	6.33772767387644	0.09144972343329406	0.8988335743514938	1.0048434239424027	0.38996138996138996	14183.0	cosine	bert_base_uncased	2,4,6	head
macro	-0.12121958125825055	5.408667872286643	5.454464518973637	0.16074918505614508	0.9186859222164969	0.7989436788705556	0.3697388751331836		euclidean	bert_base_uncased	2,4,6	head
micro	-0.1223822417021517	5.899514296432864	6.33772767387644	0.1576469146029996	0.9195504742364218	0.7932465979882419	0.3506363506363506	14183.0	euclidean	bert_base_uncased	2,4,6	head
macro	-0.22082030316385554	5.3864580554685695	5.506785249224864	0.10208628380756098	0.8946383205900185	1.004896214233893	0.3995842233916929		cosine	bert_base_uncased	2,4,7	head
micro	-0.22615724189553166	5.87984688036065	6.341454661002312	0.09558612924592562	0.8985339389914919	1.0046965858230363	0.3886743886743887	14183.0	cosine	bert_base_uncased	2,4,7	head
macro	-0.1180269861874032	5.3864580554685695	5.506785249224864	0.16160518140707789	0.9151258149068279	0.797863626100473	0.37010785980725064		euclidean	bert_base_uncased	2,4,7	head
micro	-0.12000723246189075	5.87984688036065	6.341454661002312	0.1596530606504765	0.9159272690816687	0.7883146951713589	0.35413985413985416	14183.0	euclidean	bert_base_uncased	2,4,7	head
macro	-0.2104806788594438	5.415366222571781	5.152774258404964	0.10911559910976389	0.8977065713074273	1.0023949587464993	0.4085236510813923		cosine	bert_base_uncased	2,4,8	head
micro	-0.21913220163972996	5.916919575295643	5.905694942569671	0.10051972546958997	0.9018517469105582	1.0033431078735449	0.39725439725439726	14183.0	cosine	bert_base_uncased	2,4,8	head
macro	-0.1154026013595166	5.415366222571781	5.152774258404964	0.16578044720069154	0.9194492435700183	0.7891762316388029	0.3750487526749136		euclidean	bert_base_uncased	2,4,8	head
micro	-0.11869026369058099	5.916919575295643	5.905694942569671	0.16142884960595041	0.9206222119153129	0.7838097607545524	0.35707135707135707	14183.0	euclidean	bert_base_uncased	2,4,8	head
macro	-0.22803588315590023	5.482934809360284	5.548192580083447	0.10061382653329567	0.8946850034813918	1.0025508679217106	0.40481182147179445		cosine	bert_base_uncased	2,4,10	head
micro	-0.23389274884874794	5.975079926786762	6.447990565881125	0.09374053731210508	0.8981112497079549	1.003076051598478	0.39267839267839266	14183.0	cosine	bert_base_uncased	2,4,10	head
macro	-0.12325575693231322	5.482934809360284	5.548192580083447	0.1630226091317968	0.917117286078957	0.7995529153936969	0.3663624004574545		euclidean	bert_base_uncased	2,4,10	head
micro	-0.12371705343181941	5.975079926786762	6.447990565881125	0.160493903473336	0.9173784229510823	0.7947816524420863	0.34720434720434723	14183.0	euclidean	bert_base_uncased	2,4,10	head
macro	-0.2287732858794064	5.4724634522045	5.739920305780557	0.09895476963375373	0.8925913333165135	1.0075070429528827	0.40536411186000765		cosine	bert_base_uncased	2,4,9	head
micro	-0.23117151141693568	5.9836568806311305	6.681966325997259	0.09317530334614257	0.8972056540594072	1.0059800069388838	0.3928928928928929	14183.0	cosine	bert_base_uncased	2,4,9	head
macro	-0.11822395178205165	5.4724634522045	5.739920305780557	0.16061713296639996	0.9149154897223555	0.8169960817315055	0.3666553889408504		euclidean	bert_base_uncased	2,4,9	head
micro	-0.11919719118048415	5.9836568806311305	6.681966325997259	0.15938744026510712	0.9161640736054077	0.8045038773785672	0.3467038467038467	14183.0	euclidean	bert_base_uncased	2,4,9	head
macro	-0.2150252374353648	5.3820121538073895	5.460252035389536	0.10373418226828554	0.8957639327801201	1.0039786524472325	0.4009270153491048		cosine	bert_base_uncased	2,4,11	head
micro	-0.21942186560150131	5.859614495620258	6.340907806481342	0.09532852052236843	0.8996278312739723	1.0029354911935524	0.39296439296439295	14183.0	cosine	bert_base_uncased	2,4,11	head
macro	-0.11795938007670588	5.3820121538073895	5.460252035389536	0.16233872020808432	0.9187442577414461	0.7928882393930794	0.37113670270863164		euclidean	bert_base_uncased	2,4,11	head
micro	-0.11953458590052075	5.859614495620258	6.340907806481342	0.15960871840345617	0.919279966003919	0.7858987943314343	0.3540683540683541	14183.0	euclidean	bert_base_uncased	2,4,11	head
macro	-0.22008907843670622	5.3722345866127625	5.496166124477467	0.10023223780938638	0.8916154739944494	1.0042540122081274	0.41015466095982017		cosine	bert_base_uncased	2,5,6	head
micro	-0.2242626352512917	5.87090058814293	6.296151513255232	0.09461381321660137	0.8970725186093518	1.000089286970121	0.3967538967538968	14183.0	cosine	bert_base_uncased	2,5,6	head
macro	-0.12097065760446192	5.3722345866127625	5.496166124477467	0.16483974966061032	0.9161030806232857	0.7935047895792107	0.3702024749612999		euclidean	bert_base_uncased	2,5,6	head
micro	-0.12239186560772826	5.87090058814293	6.296151513255232	0.1620861601749265	0.918209302608478	0.7838598027711392	0.3527098527098527	14183.0	euclidean	bert_base_uncased	2,5,6	head
macro	-0.2133225014151703	5.338177723221853	5.505265595458473	0.10368532457653679	0.8939879321214653	1.0024996788264213	0.402498798949148		cosine	bert_base_uncased	2,5,7	head
micro	-0.21894256541761276	5.846034691675799	6.388701088463941	0.09830606980470724	0.8989348380715261	0.9987376802932221	0.38924638924638927	14183.0	cosine	bert_base_uncased	2,5,7	head
macro	-0.11592660941318995	5.338177723221853	5.505265595458473	0.16982056783738544	0.9165236226491	0.7849995490681074	0.36898717179714485		euclidean	bert_base_uncased	2,5,7	head
micro	-0.11811724017447282	5.846034691675799	6.388701088463941	0.16674556813829375	0.918134030428304	0.7760097207148486	0.35027885027885025	14183.0	euclidean	bert_base_uncased	2,5,7	head
macro	-0.2135349767493818	5.306410411768872	5.530671467380984	0.10516317477636636	0.8927234371804856	1.0036748864178888	0.41169662283131847		cosine	bert_base_uncased	2,5,8	head
micro	-0.2209525874708444	5.8128908345180506	6.335326548615652	0.0985889530833048	0.8982090345200588	1.001178371306135	0.3988273988273988	14183.0	cosine	bert_base_uncased	2,5,8	head
macro	-0.11852080484311855	5.306410411768872	5.530671467380984	0.16792654817343705	0.9165922884851339	0.7892886990393854	0.374862112685726		euclidean	bert_base_uncased	2,5,8	head
micro	-0.12219945612079437	5.8128908345180506	6.335326548615652	0.16542758732260074	0.9186434457996709	0.778644588835258	0.354997854997855	14183.0	euclidean	bert_base_uncased	2,5,8	head
macro	-0.2230858791102793	5.414150150355495	5.445301728241556	0.10047907974919176	0.8941793800668447	0.9977645857053725	0.40776917263800055		cosine	bert_base_uncased	2,5,9	head
micro	-0.2252660518926152	5.928754953752835	6.235129116585408	0.09667518151463125	0.9007801128091291	0.9924812421460905	0.3961103961103961	14183.0	cosine	bert_base_uncased	2,5,9	head
macro	-0.11927672354779548	5.414150150355495	5.445301728241556	0.16685063222174717	0.9164435278809597	0.7956929341848179	0.3709563160531714		euclidean	bert_base_uncased	2,5,9	head
micro	-0.12054040940230358	5.928754953752835	6.235129116585408	0.16453588673351383	0.9187023548228817	0.7803309963092001	0.3537108537108537	14183.0	euclidean	bert_base_uncased	2,5,9	head
macro	-0.21890025818980713	5.417042203248676	5.347330805729561	0.1035554875489084	0.8946990661969696	0.9985238426543994	0.4050591152851291		cosine	bert_base_uncased	2,5,10	head
micro	-0.224515442443016	5.930171670025477	6.0890685850462205	0.09746867082317076	0.9002398972350185	0.997357591907209	0.3908193908193908	14183.0	cosine	bert_base_uncased	2,5,10	head
macro	-0.12014048577819542	5.417042203248676	5.347330805729561	0.17038526335288037	0.9170315975283376	0.7789963567343692	0.36969620322654495		euclidean	bert_base_uncased	2,5,10	head
micro	-0.12034108498244138	5.930171670025477	6.0890685850462205	0.16864654360926903	0.9185748463807776	0.7712939253390423	0.3512083512083512	14183.0	euclidean	bert_base_uncased	2,5,10	head
macro	-0.2143516238570523	5.36351108172918	5.352893877279117	0.1003179438532305	0.8950732732820843	0.9997505433275301	0.40368204940306873		cosine	bert_base_uncased	2,5,11	head
micro	-0.2195541513609315	5.874986579253373	6.15120888773674	0.09413700595937827	0.9000968530882537	0.9960801995782436	0.3923923923923924	14183.0	cosine	bert_base_uncased	2,5,11	head
macro	-0.1187941159773666	5.36351108172918	5.352893877279117	0.1625555603505217	0.9203856354416082	0.7790033094637141	0.36853637023974006		euclidean	bert_base_uncased	2,5,11	head
micro	-0.12052242390538985	5.874986579253373	6.15120888773674	0.16020256942025163	0.9211015630378128	0.771242310306419	0.35163735163735166	14183.0	euclidean	bert_base_uncased	2,5,11	head
macro	-0.22101090540564147	5.406955059990455	5.275092959264754	0.10078732474122816	0.8935772448412173	1.0046720374832194	0.40332376331877834		cosine	bert_base_uncased	2,6,7	head
micro	-0.2258194042038118	5.921129111114807	6.038095010408786	0.09517287378720689	0.8983145543630813	1.0009258905369203	0.39096239096239094	14183.0	cosine	bert_base_uncased	2,6,7	head
macro	-0.12000902114552951	5.406955059990455	5.275092959264754	0.16521970902853736	0.9172193357852678	0.7963095730175099	0.37130434608213714		euclidean	bert_base_uncased	2,6,7	head
micro	-0.12119112692884285	5.921129111114807	6.038095010408786	0.16120607888730734	0.9183237250439146	0.787387751966784	0.35256685256685255	14183.0	euclidean	bert_base_uncased	2,6,7	head
macro	-0.2120802677380942	5.380707099211761	5.214784519705925	0.10463337594717291	0.8945241474759322	1.0046009196863037	0.4104491886125352		cosine	bert_base_uncased	2,6,8	head
micro	-0.21788364981394698	5.904786522465831	5.892519905579301	0.09956619442272059	0.9000858241584946	1.0025861703820516	0.4006864006864007	14183.0	cosine	bert_base_uncased	2,6,8	head
macro	-0.11707845304112564	5.380707099211761	5.214784519705925	0.16873572919947843	0.9179290706199976	0.7891428461826799	0.38031686580788865		euclidean	bert_base_uncased	2,6,8	head
micro	-0.11959972231583496	5.904786522465831	5.892519905579301	0.16538246481566046	0.9201244999594882	0.779838522153266	0.3640783640783641	14183.0	euclidean	bert_base_uncased	2,6,8	head
macro	-0.22025414530829807	5.371694850712088	5.356848741664577	0.0994851726316619	0.8928503059830726	1.0012399800087606	0.40584527224025047		cosine	bert_base_uncased	2,6,9	head
micro	-0.2217957583470625	5.864573766175101	6.061831040774928	0.09628974093429579	0.8990483841720498	0.9978923948179287	0.39503789503789505	14183.0	cosine	bert_base_uncased	2,6,9	head
macro	-0.11697940660347757	5.371694850712088	5.356848741664577	0.1630845591539159	0.9158479399421166	0.802421924785302	0.37649239315314326		euclidean	bert_base_uncased	2,6,9	head
micro	-0.11763287886348495	5.864573766175101	6.061831040774928	0.1617683139770873	0.9189026519436367	0.7861427967182762	0.3586443586443586	14183.0	euclidean	bert_base_uncased	2,6,9	head
macro	-0.22213312423413692	5.466880936385374	5.354624554934424	0.10270641246280313	0.8933430839104717	1.002088781649742	0.40360918640079874		cosine	bert_base_uncased	2,6,10	head
micro	-0.22560904467019294	5.978124731731832	6.053745659298946	0.09785690374621117	0.8983752726159658	1.001322307801305	0.39296439296439295	14183.0	cosine	bert_base_uncased	2,6,10	head
macro	-0.11895118868299234	5.466880936385374	5.354624554934424	0.16640296738348276	0.9170384979141661	0.790066962847695	0.3706984924780683		euclidean	bert_base_uncased	2,6,10	head
micro	-0.11920762290893996	5.978124731731832	6.053745659298946	0.16357340196622167	0.9191150491237975	0.7788096830098894	0.3537823537823538	14183.0	euclidean	bert_base_uncased	2,6,10	head
macro	-0.2049527506470465	5.314068623536456	5.119327237770721	0.10619627452610866	0.8957446381211234	1.0020281793035861	0.41155393711404276		cosine	bert_base_uncased	2,6,11	head
micro	-0.20760386550849197	5.788536153058522	5.784647653372053	0.10097192021206601	0.9011769694229819	0.9988528744292259	0.3992563992563993	14183.0	cosine	bert_base_uncased	2,6,11	head
macro	-0.11376098786042088	5.314068623536456	5.119327237770721	0.16128533823055344	0.9212025924545139	0.7785621084282914	0.37924290806491057		euclidean	bert_base_uncased	2,6,11	head
micro	-0.1145091879719834	5.788536153058522	5.784647653372053	0.15835975094984803	0.9227808143973021	0.7666877792034595	0.36214786214786215	14183.0	euclidean	bert_base_uncased	2,6,11	head
macro	-0.2113110401021641	5.313227321313912	4.972988044811268	0.10746551705984908	0.8979555825278427	1.0018318740523087	0.4106524131766856		cosine	bert_base_uncased	2,7,8	head
micro	-0.21903025481153346	5.816787861606329	5.5948778860479305	0.10034255995558529	0.9033252753564369	0.9982415230991692	0.39982839982839985	14183.0	cosine	bert_base_uncased	2,7,8	head
macro	-0.11334881170381875	5.313227321313912	4.972988044811268	0.17213496929758984	0.9192240382747229	0.7831260887464118	0.38003593432843563		euclidean	bert_base_uncased	2,7,8	head
micro	-0.11686236376924541	5.816787861606329	5.5948778860479305	0.1679449694243337	0.9214655046343181	0.7736420247044634	0.36243386243386244	14183.0	euclidean	bert_base_uncased	2,7,8	head
macro	-0.22468633331323926	5.408314691705253	5.349664467229209	0.1043409302727274	0.8939873625123373	1.0032733906561213	0.40390062201111687		cosine	bert_base_uncased	2,7,9	head
micro	-0.22822100958727248	5.91494893838568	6.048447241100436	0.10057345984317417	0.8996296337921231	1.000999972825023	0.3921778921778922	14183.0	cosine	bert_base_uncased	2,7,9	head
macro	-0.11784999319350019	5.408314691705253	5.349664467229209	0.16605875171545204	0.9147507994177094	0.8013145620489914	0.37033980032349734		euclidean	bert_base_uncased	2,7,9	head
micro	-0.11965840178547424	5.91494893838568	6.048447241100436	0.1642052522920141	0.9171830592565984	0.786607443083106	0.351994851994852	14183.0	euclidean	bert_base_uncased	2,7,9	head
macro	-0.22358890917650584	5.465363841588796	5.140208449453918	0.10487210938350276	0.8953843948097587	1.0021307382606368	0.4040488387588653		cosine	bert_base_uncased	2,7,10	head
micro	-0.23030091215148354	5.986948159503382	5.820128571322511	0.0966817619679287	0.9004181588078637	1.0022718417203702	0.3908193908193908	14183.0	cosine	bert_base_uncased	2,7,10	head
macro	-0.11764139347745378	5.465363841588796	5.140208449453918	0.16538674532762074	0.9160468548644798	0.7879269337558934	0.3677821756458074		euclidean	bert_base_uncased	2,7,10	head
micro	-0.11885492820618586	5.986948159503382	5.820128571322511	0.16172476305336844	0.917011572247475	0.7770600685407848	0.3492778492778493	14183.0	euclidean	bert_base_uncased	2,7,10	head
macro	-0.21530507077986355	5.332416255305262	5.15697931499866	0.10306444298535919	0.8940508673806763	1.0045622002215315	0.3982845788661275		cosine	bert_base_uncased	2,7,11	head
micro	-0.21949574594683416	5.822875876597592	5.838127856414867	0.09742376650460004	0.8998266365532969	1.0031889991867438	0.3868868868868869	14183.0	cosine	bert_base_uncased	2,7,11	head
macro	-0.11694605847127641	5.332416255305262	5.15697931499866	0.1606337369853327	0.919110444675141	0.7882933398600038	0.3694019468462878		euclidean	bert_base_uncased	2,7,11	head
micro	-0.11737477811338393	5.822875876597592	5.838127856414867	0.1593238619261283	0.9206393864222555	0.776214736735286	0.35213785213785215	14183.0	euclidean	bert_base_uncased	2,7,11	head
macro	-0.2143751607443275	5.3928487385898585	5.009984889963063	0.10661906638536929	0.8980785090728349	0.9940646534365283	0.410098950208532		cosine	bert_base_uncased	2,8,9	head
micro	-0.2183429633681135	5.9052955605887325	5.614366192495036	0.10146268013816226	0.9039919582746735	0.9918107399233386	0.4014014014014014	14183.0	cosine	bert_base_uncased	2,8,9	head
macro	-0.11532151900834828	5.3928487385898585	5.009984889963063	0.16895569691686815	0.9200131671778392	0.7840471787092606	0.3789789169422487		euclidean	bert_base_uncased	2,8,9	head
micro	-0.11781814609682903	5.9052955605887325	5.614366192495036	0.16538348232246844	0.9229702048518519	0.7682412381389707	0.36271986271986273	14183.0	euclidean	bert_base_uncased	2,8,9	head
macro	-0.2143452312996642	5.393457980013346	4.910273217340054	0.10548854448451891	0.8972662679426897	0.9937748376590742	0.4100323548274055		cosine	bert_base_uncased	2,8,10	head
micro	-0.22137802609023474	5.909755593216388	5.427528318079818	0.09828465106893003	0.9037413417544925	0.9902066868214402	0.3971113971113971	14183.0	cosine	bert_base_uncased	2,8,10	head
macro	-0.11358782484189762	5.393457980013346	4.910273217340054	0.167534246403024	0.9193482041261605	0.7838784826090764	0.377766432632837		euclidean	bert_base_uncased	2,8,10	head
micro	-0.11664658377621248	5.909755593216388	5.427528318079818	0.16464301236389367	0.9216720026381003	0.7733844505304533	0.3579293579293579	14183.0	euclidean	bert_base_uncased	2,8,10	head
macro	-0.20264124538767445	5.312939334621034	4.928742299448898	0.10849631019585546	0.898380488741563	0.9946634801720227	0.41479581164331625		cosine	bert_base_uncased	2,8,11	head
micro	-0.20981513831720644	5.797214564955819	5.546935441692847	0.1012756725656257	0.9036095419257683	0.9928453966358234	0.4063349063349063	14183.0	cosine	bert_base_uncased	2,8,11	head
macro	-0.11189836442327923	5.312939334621034	4.928742299448898	0.16772382636568725	0.9237253383889653	0.7658599655076218	0.3872217927565702		euclidean	bert_base_uncased	2,8,11	head
micro	-0.1153247475970365	5.797214564955819	5.546935441692847	0.165092436659363	0.9256780377325509	0.7584572079272514	0.37237237237237236	14183.0	euclidean	bert_base_uncased	2,8,11	head
macro	-0.22337092173616657	5.461469564875619	5.167539302902751	0.10505563554065948	0.8957552046408642	0.9988833754482813	0.4092146033354773		cosine	bert_base_uncased	2,9,10	head
micro	-0.22741499804994822	5.978297291992293	5.863879854070747	0.09992719711690702	0.9012176870646706	0.9942371175833471	0.3961103961103961	14183.0	cosine	bert_base_uncased	2,9,10	head
macro	-0.12023808361925258	5.461469564875619	5.167539302902751	0.1647984039388556	0.918333350339378	0.7834759429031498	0.36636157325903007		euclidean	bert_base_uncased	2,9,10	head
micro	-0.12015389122748074	5.978297291992293	5.863879854070747	0.1629529583288096	0.9202581307090678	0.7736626232428825	0.34906334906334907	14183.0	euclidean	bert_base_uncased	2,9,10	head
macro	-0.216300610053312	5.374916967091186	5.358283121462211	0.10154309052279537	0.8944756756038779	0.9961701653420675	0.40851573201219027		cosine	bert_base_uncased	2,9,11	head
micro	-0.21898935167329556	5.876188119303063	6.1002262184302944	0.0960524356818716	0.9002920096092697	0.9926433398682417	0.39546689546689545	14183.0	cosine	bert_base_uncased	2,9,11	head
macro	-0.11669193632447675	5.374916967091186	5.358283121462211	0.16620640658163482	0.9177646481935469	0.7917723286580978	0.3714722364178448		euclidean	bert_base_uncased	2,9,11	head
micro	-0.11764600856840379	5.876188119303063	6.1002262184302944	0.16529947824172309	0.9198307150993233	0.7773410015671522	0.3534963534963535	14183.0	euclidean	bert_base_uncased	2,9,11	head
macro	-0.21372337978854988	5.405358145124767	5.004876861332931	0.10623771672119098	0.8973774187262242	0.9978533772020171	0.4035930169591878		cosine	bert_base_uncased	2,10,11	head
micro	-0.21819543784741896	5.895126091100291	5.621883279544294	0.0995559867306232	0.9027389445912182	0.9974912250137413	0.39196339196339197	14183.0	cosine	bert_base_uncased	2,10,11	head
macro	-0.11606045260397324	5.405358145124767	5.004876861332931	0.16446723849765646	0.9199655040743673	0.7747831062511203	0.3726897703943735		euclidean	bert_base_uncased	2,10,11	head
micro	-0.11665217115456653	5.895126091100291	5.621883279544294	0.16180402142107803	0.9219521170914	0.7669580711733199	0.35492635492635494	14183.0	euclidean	bert_base_uncased	2,10,11	head
macro	-0.2204244798741495	5.413946463277919	5.6823956297621825	0.10214161657424452	0.892894770518875	1.003975014379367	0.4032238909003133		cosine	bert_base_uncased	3,4,5	head
micro	-0.224186655726082	5.914267607772741	6.6080074849058095	0.09355538937016754	0.8973096765357148	1.0011326233043303	0.39196339196339197	14183.0	cosine	bert_base_uncased	3,4,5	head
macro	-0.11911355838067696	5.413946463277919	5.6823956297621825	0.164519738776855	0.9148463120299422	0.8003945068336851	0.3674422653057871		euclidean	bert_base_uncased	3,4,5	head
micro	-0.12005568589724686	5.914267607772741	6.6080074849058095	0.16063509657120612	0.9158409472113171	0.7919511604365742	0.34906334906334907	14183.0	euclidean	bert_base_uncased	3,4,5	head
macro	-0.2251961673912907	5.4469672415163055	5.7429409699462886	0.09452842902959535	0.8939622123406479	1.0032379223965688	0.40577192480488095		cosine	bert_base_uncased	3,4,6	head
micro	-0.23063329678900546	5.9468753098901015	6.727695178408457	0.08911761615373005	0.8978920633589275	1.0013538245029194	0.3964678964678965	14183.0	cosine	bert_base_uncased	3,4,6	head
macro	-0.12265174790107244	5.4469672415163055	5.7429409699462886	0.16073003554041523	0.917388982357912	0.8092569523500273	0.3607326674806396		euclidean	bert_base_uncased	3,4,6	head
micro	-0.1246853341628152	5.9468753098901015	6.727695178408457	0.15604920729196806	0.9174351517082024	0.8042373233564729	0.3404118404118404	14183.0	euclidean	bert_base_uncased	3,4,6	head
macro	-0.22347610472678156	5.34603023769378	5.657026697706407	0.10048563675664665	0.8925558567941562	1.004926147181211	0.4026266192077514		cosine	bert_base_uncased	3,4,7	head
micro	-0.22921656404540242	5.821832054135593	6.489129304523812	0.09389605879118679	0.8971603734702189	1.0012362073324266	0.3921778921778922	14183.0	cosine	bert_base_uncased	3,4,7	head
macro	-0.12013122843633961	5.34603023769378	5.657026697706407	0.16730638151075927	0.9127976369224563	0.8078383157710902	0.3671607633409529		euclidean	bert_base_uncased	3,4,7	head
micro	-0.12316643413885238	5.821832054135593	6.489129304523812	0.1634675016027531	0.9141834098908734	0.7964551038339546	0.3477048477048477	14183.0	euclidean	bert_base_uncased	3,4,7	head
macro	-0.21611219752838828	5.443036868356709	5.663323482450116	0.09883992834054224	0.8942250970945718	1.0068131309035033	0.4043514602774507		cosine	bert_base_uncased	3,4,8	head
micro	-0.22346156264434228	5.961423595527398	6.586835096735281	0.09116995522490715	0.8981192177781462	1.0054945492543677	0.3958243958243958	14183.0	cosine	bert_base_uncased	3,4,8	head
macro	-0.11643799548279203	5.443036868356709	5.663323482450116	0.16493019225896607	0.915307734589353	0.808957608748424	0.36583821668932287		euclidean	bert_base_uncased	3,4,8	head
micro	-0.12018381646786731	5.961423595527398	6.586835096735281	0.16042463074292085	0.9159374949738912	0.802363102856979	0.3458458458458458	14183.0	euclidean	bert_base_uncased	3,4,8	head
macro	-0.2307197763227544	5.473258960188276	5.9899903740194596	0.09622212398996874	0.8925837737385236	1.0060730620877854	0.4000653698673934		cosine	bert_base_uncased	3,4,9	head
micro	-0.23600237281991338	5.992182315216071	7.08004742145764	0.08943394009409456	0.8959922403353066	1.006516796726591	0.38946088946088947	14183.0	cosine	bert_base_uncased	3,4,9	head
macro	-0.12123172455800511	5.473258960188276	5.9899903740194596	0.1622637153220416	0.9147169997428196	0.811692116391334	0.36295533093871923		euclidean	bert_base_uncased	3,4,9	head
micro	-0.12211926329698186	5.992182315216071	7.08004742145764	0.1586584007434818	0.9147374315316903	0.8071720027455181	0.34305734305734303	14183.0	euclidean	bert_base_uncased	3,4,9	head
macro	-0.2306269463753285	5.4375026843832766	6.04294972862688	0.0964205111616181	0.8919486367031821	1.0007815543130247	0.40191371897959305		cosine	bert_base_uncased	3,4,10	head
micro	-0.23872467765330285	5.932627988274763	7.119630581481105	0.08871247136807867	0.8952120956386551	1.0014756609234288	0.3911768911768912	14183.0	cosine	bert_base_uncased	3,4,10	head
macro	-0.1240244966813282	5.4375026843832766	6.04294972862688	0.1632299819310948	0.9145642904812621	0.8147048736418873	0.3631788211686958		euclidean	bert_base_uncased	3,4,10	head
micro	-0.12667770719543744	5.932627988274763	7.119630581481105	0.1585036275621141	0.9144068079296404	0.8110026251137005	0.3434148434148434	14183.0	euclidean	bert_base_uncased	3,4,10	head
macro	-0.21423530368484903	5.404690745663958	5.887311567522958	0.09922774761229494	0.8916160659126682	1.0036345188971458	0.4028002958100869		cosine	bert_base_uncased	3,4,11	head
micro	-0.22077424226436915	5.904933224981232	6.894545209116572	0.09159739436235967	0.8958613434962966	1.0008745147469928	0.39253539253539255	14183.0	cosine	bert_base_uncased	3,4,11	head
macro	-0.11814437259451759	5.404690745663958	5.887311567522958	0.16262652760774973	0.9149793074763897	0.8047930701019775	0.3673662398809574		euclidean	bert_base_uncased	3,4,11	head
micro	-0.11977078604239252	5.904933224981232	6.894545209116572	0.15796572087111146	0.915477872438208	0.7972603577087026	0.34934934934934936	14183.0	euclidean	bert_base_uncased	3,4,11	head
macro	-0.21769453190762228	5.468825065754179	5.227597527827961	0.10545557859609705	0.8924771262093605	1.0017160998262613	0.40809750605988376		cosine	bert_base_uncased	3,5,6	head
micro	-0.2220372067008094	5.962949463556265	5.895438095571664	0.09900154115383718	0.8976721706948918	1.0000954498590284	0.3992563992563993	14183.0	cosine	bert_base_uncased	3,5,6	head
macro	-0.12041292058086321	5.468825065754179	5.227597527827961	0.16471278773887235	0.9180128732074005	0.7883683437674418	0.369299468792187		euclidean	bert_base_uncased	3,5,6	head
micro	-0.12234591182046704	5.962949463556265	5.895438095571664	0.161087979708774	0.9202249039006754	0.7787208295978216	0.3511368511368511	14183.0	euclidean	bert_base_uncased	3,5,6	head
macro	-0.21117688960930991	5.34236217472777	5.076951269519735	0.10729396049223412	0.895050779713329	1.0039877460820572	0.4049918543216651		cosine	bert_base_uncased	3,5,7	head
micro	-0.21632399978156544	5.815118814471786	5.716505256525242	0.10093943584000896	0.9002754990028562	1.0002138867880372	0.39203489203489206	14183.0	cosine	bert_base_uncased	3,5,7	head
macro	-0.115884538780494	5.34236217472777	5.076951269519735	0.16890001817020958	0.9171240713527126	0.7791967963576222	0.3699327973335429		euclidean	bert_base_uncased	3,5,7	head
micro	-0.11891258843406166	5.815118814471786	5.716505256525242	0.16481984869594946	0.9202992824914683	0.7675065967600984	0.35135135135135137	14183.0	euclidean	bert_base_uncased	3,5,7	head
macro	-0.21401671127488162	5.396869252423364	5.491095965731419	0.10442053859260912	0.8917584390733508	1.0054786989824147	0.4070409107548122		cosine	bert_base_uncased	3,5,8	head
micro	-0.21926252802649307	5.914880585308715	6.242383998083802	0.09750561911564712	0.8963811182298123	1.0043433563947695	0.39754039754039755	14183.0	cosine	bert_base_uncased	3,5,8	head
macro	-0.11739428583327395	5.396869252423364	5.491095965731419	0.1626271784630709	0.9153560676003998	0.7940023457886635	0.37471208099918035		euclidean	bert_base_uncased	3,5,8	head
micro	-0.1207638507370285	5.914880585308715	6.242383998083802	0.15878305132925813	0.9176537349430606	0.7814429245210139	0.3552123552123552	14183.0	euclidean	bert_base_uncased	3,5,8	head
macro	-0.22074476131371765	5.460955027839603	5.1656090874248815	0.10500133593651599	0.8962151536722103	0.9987350790237883	0.4076746220964704		cosine	bert_base_uncased	3,5,9	head
micro	-0.22529015743430927	5.972984081125547	5.893479500974902	0.09873972744917509	0.9007798360217516	0.9994910940172087	0.39732589732589735	14183.0	cosine	bert_base_uncased	3,5,9	head
macro	-0.11901686775144525	5.460955027839603	5.1656090874248815	0.16764165217813595	0.9190385885743582	0.7754911756913607	0.3710719202376173		euclidean	bert_base_uncased	3,5,9	head
micro	-0.11988342988359596	5.972984081125547	5.893479500974902	0.1646169405967087	0.9206136803837993	0.768260633660486	0.3539253539253539	14183.0	euclidean	bert_base_uncased	3,5,9	head
macro	-0.2178848254361851	5.436064582680956	5.279442645631287	0.10767270368798794	0.8945491230411193	0.9968463501859376	0.40150534150433115		cosine	bert_base_uncased	3,5,10	head
micro	-0.22507482911519408	5.930603641776954	5.971721353668914	0.10063377022931214	0.8990572287818939	0.9996013502983455	0.3891033891033891	14183.0	cosine	bert_base_uncased	3,5,10	head
macro	-0.11791296085953114	5.436064582680956	5.279442645631287	0.16591995097078124	0.9176659061330703	0.7790708810431529	0.37288417310699884		euclidean	bert_base_uncased	3,5,10	head
micro	-0.11988628986694147	5.930603641776954	5.971721353668914	0.16282543719170536	0.9195316699257059	0.7720959594010472	0.35306735306735304	14183.0	euclidean	bert_base_uncased	3,5,10	head
macro	-0.2120727267232543	5.417077754681838	5.242339790485565	0.1055795233165833	0.8935630602809983	1.0011722860224768	0.40209015505808676		cosine	bert_base_uncased	3,5,11	head
micro	-0.2180573030772978	5.9355344380846615	5.948280983403609	0.09730633410054354	0.8982484008424977	0.9983225542460463	0.39260689260689263	14183.0	cosine	bert_base_uncased	3,5,11	head
macro	-0.11656830022836283	5.417077754681838	5.242339790485565	0.16296578499252018	0.9192577415947883	0.7765288632784221	0.3713690288287716		euclidean	bert_base_uncased	3,5,11	head
micro	-0.11802240696131723	5.9355344380846615	5.948280983403609	0.16015448377850838	0.9205680034278457	0.7677826846091375	0.3531388531388531	14183.0	euclidean	bert_base_uncased	3,5,11	head
macro	-0.2184193231459423	5.455840780770662	4.9640375150260105	0.10590956745272803	0.8953118777909809	1.0046405170074224	0.4061379986895901		cosine	bert_base_uncased	3,6,7	head
micro	-0.22383596741729328	5.959456923671986	5.563260021449131	0.10032854400287707	0.9009449616366818	1.000701842182026	0.3946803946803947	14183.0	cosine	bert_base_uncased	3,6,7	head
macro	-0.11933378473546014	5.455840780770662	4.9640375150260105	0.1654023433350762	0.9186385742144358	0.7948860065628263	0.3712406753900165		euclidean	bert_base_uncased	3,6,7	head
micro	-0.12281390045814622	5.959456923671986	5.563260021449131	0.16151177994458496	0.9205077276033199	0.7834841717404373	0.3517803517803518	14183.0	euclidean	bert_base_uncased	3,6,7	head
macro	-0.21352365285863412	5.454570944487406	5.285292597448963	0.1005150278730616	0.8940235390779055	1.0069662231158314	0.4049986310152753		cosine	bert_base_uncased	3,6,8	head
micro	-0.21833086680418456	5.993548535892919	5.983101990193264	0.09502904842225143	0.8993574989379558	1.0066400097349952	0.3981123981123981	14183.0	cosine	bert_base_uncased	3,6,8	head
macro	-0.1164691983041556	5.454570944487406	5.285292597448963	0.16450316868085485	0.9174159892487458	0.7981726143601536	0.3670079204492994		euclidean	bert_base_uncased	3,6,8	head
micro	-0.12030634639581948	5.993548535892919	5.983101990193264	0.16116334942224247	0.9190227901824201	0.7872532866384856	0.3492778492778493	14183.0	euclidean	bert_base_uncased	3,6,8	head
macro	-0.218765330289989	5.477698265041562	5.184854295897891	0.10255801237832654	0.895539727349678	0.9997226891154921	0.40809834544415874		cosine	bert_base_uncased	3,6,9	head
micro	-0.22353259202222378	5.989684427578674	5.898890894893088	0.09633019437083115	0.9003787921004229	1.0015513130870708	0.3996138996138996	14183.0	cosine	bert_base_uncased	3,6,9	head
macro	-0.11761209217879506	5.477698265041562	5.184854295897891	0.16494085251110419	0.9189666515999615	0.7862359369767276	0.3683819152796616		euclidean	bert_base_uncased	3,6,9	head
micro	-0.11951374871820918	5.989684427578674	5.898890894893088	0.1628258828870594	0.9206245507090736	0.7782721715521856	0.35135135135135137	14183.0	euclidean	bert_base_uncased	3,6,9	head
macro	-0.22210235067335246	5.524708409471756	5.415765438030107	0.10442446340077396	0.8934090591656018	0.9999397499288551	0.4056606067144878		cosine	bert_base_uncased	3,6,10	head
micro	-0.22805083322734337	6.043821420249281	6.143439268271756	0.09656454797277228	0.8979096948952142	1.0030145012731269	0.3963248963248963	14183.0	cosine	bert_base_uncased	3,6,10	head
macro	-0.11851520462226005	5.524708409471756	5.415765438030107	0.16760900288486508	0.9177913372040767	0.7951078460277194	0.3699307369723736		euclidean	bert_base_uncased	3,6,10	head
micro	-0.12210352459523337	6.043821420249281	6.143439268271756	0.16366714426818985	0.9192563710308062	0.7851181071596467	0.3504933504933505	14183.0	euclidean	bert_base_uncased	3,6,10	head
macro	-0.20246337903627942	5.383669011746404	5.121953213354612	0.10581232734311861	0.8946889970457949	1.0015428541212634	0.4109939332012097		cosine	bert_base_uncased	3,6,11	head
micro	-0.20715143196838692	5.87070453914434	5.771088364812642	0.10131300104397872	0.9002611561736595	0.9994573228996777	0.40125840125840123	14183.0	cosine	bert_base_uncased	3,6,11	head
macro	-0.11239887611208012	5.383669011746404	5.121953213354612	0.16248009840955155	0.9208072472256812	0.7800457716188381	0.37421327303578344		euclidean	bert_base_uncased	3,6,11	head
micro	-0.11424631688709616	5.87070453914434	5.771088364812642	0.16027274628313004	0.9222371839787016	0.767795195977294	0.35664235664235666	14183.0	euclidean	bert_base_uncased	3,6,11	head
macro	-0.214460916955532	5.33616281828052	4.913054187629655	0.10453237935705599	0.8970342855573552	1.007213111375599	0.40400803179963823		cosine	bert_base_uncased	3,7,8	head
micro	-0.2200889948960082	5.835438488836796	5.447447598306566	0.09801818472180474	0.9029491574238199	1.0028745876228913	0.3938938938938939	14183.0	cosine	bert_base_uncased	3,7,8	head
macro	-0.11369309061817048	5.33616281828052	4.913054187629655	0.16865330325026792	0.9171803186386286	0.7919892150776986	0.3716397213197079		euclidean	bert_base_uncased	3,7,8	head
micro	-0.11844996360708739	5.835438488836796	5.447447598306566	0.16591475753362558	0.9204097634898052	0.7778793804653475	0.3540683540683541	14183.0	euclidean	bert_base_uncased	3,7,8	head
macro	-0.2231971435880619	5.423932663579517	5.023253552123309	0.10412598359527309	0.8966648616297344	1.0053086345730504	0.40431166043076416		cosine	bert_base_uncased	3,7,9	head
micro	-0.22969219140972288	5.919757233664318	5.616284587637832	0.09910295858484552	0.9017950876733853	1.0052878278876576	0.3941083941083941	14183.0	cosine	bert_base_uncased	3,7,9	head
macro	-0.1194262863079656	5.423932663579517	5.023253552123309	0.17005400652956673	0.9169338166006019	0.7847764754187803	0.3688426371589509		euclidean	bert_base_uncased	3,7,9	head
micro	-0.12275413884861518	5.919757233664318	5.616284587637832	0.16747586603738907	0.9195597034226217	0.7752614993145014	0.3504933504933505	14183.0	euclidean	bert_base_uncased	3,7,9	head
macro	-0.22175059802660904	5.434336394333169	5.037066003035445	0.10620584976868944	0.8953914806401393	1.002209011736683	0.3989556010260704		cosine	bert_base_uncased	3,7,10	head
micro	-0.2303496300979767	5.9312571519891515	5.627757142713574	0.09869207410034003	0.900765883066576	1.003688542477605	0.3868868868868869	14183.0	cosine	bert_base_uncased	3,7,10	head
macro	-0.11715494937589396	5.434336394333169	5.037066003035445	0.16488225882157173	0.9158916538782442	0.7920011459318007	0.3690033500699883		euclidean	bert_base_uncased	3,7,10	head
micro	-0.12204761716396688	5.9312571519891515	5.627757142713574	0.16106704898637123	0.9179623475204056	0.7792887878503165	0.3489203489203489	14183.0	euclidean	bert_base_uncased	3,7,10	head
macro	-0.21297563553738652	5.347030292906534	5.00735281193081	0.10341269107682866	0.8930103272861986	1.00732259868459	0.40306104574575635		cosine	bert_base_uncased	3,7,11	head
micro	-0.21835984107546624	5.831330140235553	5.557839730070495	0.09690227546454847	0.8998444041805446	1.0046842416183641	0.3885313885313885	14183.0	cosine	bert_base_uncased	3,7,11	head
macro	-0.11522230184122674	5.347030292906534	5.00735281193081	0.16137058034058535	0.9175705723549321	0.7898285811908228	0.3689331017589221		euclidean	bert_base_uncased	3,7,11	head
micro	-0.11747046524098537	5.831330140235553	5.557839730070495	0.1588572550452779	0.9206719260504937	0.7738889039533693	0.35056485056485054	14183.0	euclidean	bert_base_uncased	3,7,11	head
macro	-0.21470088903109644	5.452198157701464	5.054710673923894	0.10712497667176775	0.898926414567043	0.9982767947261457	0.4048362124924455		cosine	bert_base_uncased	3,8,9	head
micro	-0.22018809164842468	5.991871943307623	5.740485970588951	0.10059903033498246	0.9029868751917929	1.0004882001157727	0.39575289575289574	14183.0	cosine	bert_base_uncased	3,8,9	head
macro	-0.11471335930406848	5.452198157701464	5.054710673923894	0.16619002576547362	0.9203338361395557	0.7771925857238698	0.37493107873770565		euclidean	bert_base_uncased	3,8,9	head
micro	-0.11790531117104194	5.991871943307623	5.740485970588951	0.16305579442053905	0.9220563895568624	0.7676167252754738	0.358000858000858	14183.0	euclidean	bert_base_uncased	3,8,9	head
macro	-0.21591162178142229	5.419555229927694	5.204332061452235	0.10247590404228325	0.8950895349599209	0.9989771745519034	0.4015411013264084		cosine	bert_base_uncased	3,8,10	head
micro	-0.223276779810002	5.9522452025683315	5.825211272592126	0.09457897571966083	0.9005518617150324	0.9976010789687703	0.3913198913198913	14183.0	cosine	bert_base_uncased	3,8,10	head
macro	-0.11234361141701214	5.419555229927694	5.204332061452235	0.16227777487088083	0.9169857840868351	0.7988383754669622	0.3708725749317399		euclidean	bert_base_uncased	3,8,10	head
micro	-0.11778781571024147	5.9522452025683315	5.825211272592126	0.15949898825949116	0.9189179754214525	0.7874133995534013	0.3502073502073502	14183.0	euclidean	bert_base_uncased	3,8,10	head
macro	-0.20290980466736844	5.396301213937823	5.1670439612739845	0.10583544326939445	0.8951720429769326	1.0000012733606907	0.41053868704041874		cosine	bert_base_uncased	3,8,11	head
micro	-0.209087217532509	5.9111377494949116	5.843569604346302	0.09935060343331988	0.9002066330281534	0.9988676291553658	0.400972400972401	14183.0	cosine	bert_base_uncased	3,8,11	head
macro	-0.10956393822246742	5.396301213937823	5.1670439612739845	0.16367715267720273	0.9199915239733039	0.7777473147704712	0.37851053236431326		euclidean	bert_base_uncased	3,8,11	head
micro	-0.11299699447128152	5.9111377494949116	5.843569604346302	0.16079313755307786	0.9220697794290037	0.7674670712438858	0.362004862004862	14183.0	euclidean	bert_base_uncased	3,8,11	head
macro	-0.22094545665827425	5.4651375085032905	5.195823551253155	0.1064828870738758	0.8974943896186116	0.9979717491053487	0.40362888243031614		cosine	bert_base_uncased	3,9,10	head
micro	-0.22959751697347858	5.986331098903192	5.977970130350744	0.09849545155725303	0.9008904207973961	1.0003934294445491	0.39296439296439295	14183.0	cosine	bert_base_uncased	3,9,10	head
macro	-0.11999041068269972	5.4651375085032905	5.195823551253155	0.16426362924733529	0.920188627143122	0.7721696364913568	0.37068380854351507		euclidean	bert_base_uncased	3,9,10	head
micro	-0.12272640471110353	5.986331098903192	5.977970130350744	0.16175101655925408	0.9209324094729655	0.7712786013393963	0.35027885027885025	14183.0	euclidean	bert_base_uncased	3,9,10	head
macro	-0.2119296628385459	5.438658457546106	5.33303067188821	0.1048299836704559	0.894653701798478	0.9969975953378707	0.4055847703954488		cosine	bert_base_uncased	3,9,11	head
micro	-0.2188662934198264	5.961258146706066	6.114218968061827	0.09894826097920932	0.899258043093079	0.9976089518882413	0.39253539253539255	14183.0	cosine	bert_base_uncased	3,9,11	head
macro	-0.11482836545078985	5.438658457546106	5.33303067188821	0.1650187249887933	0.9181813791954384	0.7778065781905643	0.3732921617158818		euclidean	bert_base_uncased	3,9,11	head
micro	-0.11642467511746729	5.961258146706066	6.114218968061827	0.16248340251155724	0.9196122990519845	0.770343879328305	0.3552123552123552	14183.0	euclidean	bert_base_uncased	3,9,11	head
macro	-0.21060134991376983	5.418504377896879	5.211117512609868	0.1031126461415098	0.894905048988855	0.998234513412566	0.4003985165639076		cosine	bert_base_uncased	3,10,11	head
micro	-0.21846960528664622	5.9183720452803685	5.889563937359703	0.09572287776625342	0.8997442647354004	1.000410381551013	0.3885313885313885	14183.0	cosine	bert_base_uncased	3,10,11	head
macro	-0.11440711147428374	5.418504377896879	5.211117512609868	0.16002581602843188	0.918226097336563	0.7817252167181709	0.37181680095367453		euclidean	bert_base_uncased	3,10,11	head
micro	-0.11729885798413163	5.9183720452803685	5.889563937359703	0.15716887382675931	0.9203451304329527	0.773982857238031	0.35235235235235235	14183.0	euclidean	bert_base_uncased	3,10,11	head
macro	-0.2157106118780704	5.412388492251495	5.343988992216803	0.10200450254960781	0.8961321760803594	1.0035555738088477	0.409076431753731		cosine	bert_base_uncased	4,5,6	head
micro	-0.22088565407874952	5.91263885505775	6.17959349087429	0.09613276186074136	0.9002071258515584	1.001724992801913	0.39546689546689545	14183.0	cosine	bert_base_uncased	4,5,6	head
macro	-0.11822737764990118	5.412388492251495	5.343988992216803	0.16444555379430728	0.9189803373655349	0.7834034476786715	0.3675094730668291		euclidean	bert_base_uncased	4,5,6	head
micro	-0.12106174423106339	5.91263885505775	6.17959349087429	0.15991870800099006	0.9202227885269091	0.7776316900859058	0.3464893464893465	14183.0	euclidean	bert_base_uncased	4,5,6	head
macro	-0.20981649877376157	5.367443395125313	5.543388000549911	0.10553477815317429	0.8951408602549905	1.001826450602746	0.40195075030207444		cosine	bert_base_uncased	4,5,7	head
micro	-0.21374447324816948	5.8777865945910355	6.368298127590827	0.09882232492391294	0.8997621282111008	0.9969511879700875	0.3906048906048906	14183.0	cosine	bert_base_uncased	4,5,7	head
macro	-0.11353728961517272	5.367443395125313	5.543388000549911	0.16607705325848932	0.9147472832251275	0.7834746990310882	0.3705190291707614		euclidean	bert_base_uncased	4,5,7	head
micro	-0.11698614840055344	5.8777865945910355	6.368298127590827	0.16114977457476182	0.9170297746120504	0.7709029632861696	0.35163735163735166	14183.0	euclidean	bert_base_uncased	4,5,7	head
macro	-0.2153615842466436	5.429572167420625	5.495207124880797	0.10371008220040662	0.8940384122994393	1.0056887805392947	0.40758448276391296		cosine	bert_base_uncased	4,5,8	head
micro	-0.221002703628667	5.955465033152364	6.297783155499023	0.0951085096449812	0.8992594767902077	1.0048287364918727	0.3943228943228943	14183.0	cosine	bert_base_uncased	4,5,8	head
macro	-0.11740159432549163	5.429572167420625	5.495207124880797	0.1661109823417878	0.915234937135626	0.795587897505478	0.3711634210563011		euclidean	bert_base_uncased	4,5,8	head
micro	-0.12125821528693612	5.955465033152364	6.297783155499023	0.1611239935380047	0.9173170186711935	0.7845862044139225	0.3512798512798513	14183.0	euclidean	bert_base_uncased	4,5,8	head
macro	-0.22479136647728853	5.511581799147873	5.676311194733241	0.10005332713016263	0.893539924721541	1.0031360698251475	0.4053240648495256		cosine	bert_base_uncased	4,5,9	head
micro	-0.22779032547300115	6.0639120052979845	6.613168029385719	0.09354464127090345	0.8981803473920229	1.0011138498187249	0.39303589303589304	14183.0	cosine	bert_base_uncased	4,5,9	head
macro	-0.1173967002316858	5.511581799147873	5.676311194733241	0.1634988999145979	0.9153799864468956	0.8015859114310874	0.3666991117224694		euclidean	bert_base_uncased	4,5,9	head
micro	-0.11921248765026052	6.0639120052979845	6.613168029385719	0.16085897284763784	0.916435312758319	0.7915318822413315	0.3457028457028457	14183.0	euclidean	bert_base_uncased	4,5,9	head
macro	-0.21809818980748627	5.4294321837166155	5.517208044147145	0.10382345379569148	0.8962468886087294	1.000100711776241	0.4012509391211555		cosine	bert_base_uncased	4,5,10	head
micro	-0.2242081368136785	5.939108797189513	6.396665030184769	0.09712159518273994	0.900084572854249	1.0011800851762729	0.3858143858143858	14183.0	cosine	bert_base_uncased	4,5,10	head
macro	-0.1179681563363641	5.4294321837166155	5.517208044147145	0.1659712458040055	0.9170283367930078	0.785523796397849	0.3684718082145531		euclidean	bert_base_uncased	4,5,10	head
micro	-0.12001925376861158	5.939108797189513	6.396665030184769	0.16086622658791613	0.9178792482489313	0.7799197759141987	0.3461318461318461	14183.0	euclidean	bert_base_uncased	4,5,10	head
macro	-0.21590044220530083	5.390899437981918	5.617285914989575	0.09996242025932783	0.8939152227615842	1.0037556179100073	0.40095405894323205		cosine	bert_base_uncased	4,5,11	head
micro	-0.2207083781852094	5.916383684078966	6.52395033677958	0.09176570580842161	0.8979055889373199	1.000493035113313	0.39010439010439013	14183.0	cosine	bert_base_uncased	4,5,11	head
macro	-0.11834566281792538	5.390899437981918	5.617285914989575	0.1619598814082756	0.9168199162699153	0.7882206020685147	0.36634179198321815		euclidean	bert_base_uncased	4,5,11	head
micro	-0.12127587190539163	5.916383684078966	6.52395033677958	0.15831837417789882	0.917820950521395	0.7798163865400087	0.34684684684684686	14183.0	euclidean	bert_base_uncased	4,5,11	head
macro	-0.21533423055531623	5.416639568071105	5.395901642004505	0.10384072064217525	0.8961365037222335	1.0019437665450819	0.4011477241392981		cosine	bert_base_uncased	4,6,7	head
micro	-0.2219959393804884	5.930582685725231	6.234248901941456	0.09748684133368873	0.8993404525020842	0.9963045696797258	0.3898898898898899	14183.0	cosine	bert_base_uncased	4,6,7	head
macro	-0.12009945795126063	5.416639568071105	5.395901642004505	0.1643613930308174	0.9188936068218744	0.784228343679549	0.3699591451246259		euclidean	bert_base_uncased	4,6,7	head
micro	-0.12276672893677348	5.930582685725231	6.234248901941456	0.1591915645310742	0.91933738849856	0.777723678691554	0.34942084942084944	14183.0	euclidean	bert_base_uncased	4,6,7	head
macro	-0.21256723401373695	5.479681158812093	5.254972448272143	0.10059867538431568	0.8977936360832477	1.004539559777661	0.40262625789042805		cosine	bert_base_uncased	4,6,8	head
micro	-0.22049669294511992	6.027901243177063	6.062996657355834	0.09375770752881461	0.902204284523848	1.0044490345818677	0.3933933933933934	14183.0	cosine	bert_base_uncased	4,6,8	head
macro	-0.11835725850506182	5.479681158812093	5.254972448272143	0.16301863196628824	0.9201665220085776	0.7845669376143517	0.3686169050254025		euclidean	bert_base_uncased	4,6,8	head
micro	-0.12173303729105815	6.027901243177063	6.062996657355834	0.15744536314599944	0.9210355140400275	0.7806328388255377	0.3484198484198484	14183.0	euclidean	bert_base_uncased	4,6,8	head
macro	-0.2204752292328115	5.476981502096403	5.632926261090805	0.09940400118283854	0.894474660901232	1.0030875553345644	0.40551773031434846		cosine	bert_base_uncased	4,6,9	head
micro	-0.22639388505220362	6.012592224248079	6.601101214521657	0.09226396860495711	0.8979482501516448	1.0020488850356266	0.39224939224939226	14183.0	cosine	bert_base_uncased	4,6,9	head
macro	-0.11884425596633874	5.476981502096403	5.632926261090805	0.15934952779726352	0.9182728295871339	0.7968126852327783	0.3663344811102822		euclidean	bert_base_uncased	4,6,9	head
micro	-0.12075116670334277	6.012592224248079	6.601101214521657	0.15683614581255162	0.9189517032996973	0.7914846279529648	0.34427284427284427	14183.0	euclidean	bert_base_uncased	4,6,9	head
macro	-0.2204672144448659	5.4790546171454855	5.583056450087333	0.10413859403865675	0.8965174383874346	1.001149074345238	0.4043076552848313		cosine	bert_base_uncased	4,6,10	head
micro	-0.22778265542686577	5.993903982513269	6.539725277463189	0.09684856420679348	0.8990855709807274	1.0021006103938734	0.3911053911053911	14183.0	cosine	bert_base_uncased	4,6,10	head
macro	-0.12073066283683961	5.4790546171454855	5.583056450087333	0.164051522830387	0.9201541293833329	0.785687065410013	0.36296339292155505		euclidean	bert_base_uncased	4,6,10	head
micro	-0.12331824351309252	5.993903982513269	6.539725277463189	0.15910810753970664	0.9202744070681821	0.7824615477571485	0.3411983411983412	14183.0	euclidean	bert_base_uncased	4,6,10	head
macro	-0.20452286608084055	5.331362243472749	5.444297041499619	0.10514071823214725	0.8968664375324942	1.0039317418637068	0.40709770813955143		cosine	bert_base_uncased	4,6,11	head
micro	-0.2107249624273122	5.8184833715684325	6.339291150130217	0.09703575522508771	0.9003215089621812	1.0001684260111023	0.396968396968397	14183.0	cosine	bert_base_uncased	4,6,11	head
macro	-0.11586991031908818	5.331362243472749	5.444297041499619	0.16268282494164163	0.921348951284273	0.7764342556789582	0.36840986482463833		euclidean	bert_base_uncased	4,6,11	head
micro	-0.11831195955048779	5.8184833715684325	6.339291150130217	0.1586242665130495	0.9219599358635961	0.7700188609706424	0.34763334763334763	14183.0	euclidean	bert_base_uncased	4,6,11	head
macro	-0.21090423231049374	5.402283789782079	5.232725541233303	0.10787188985132104	0.8972674193331022	1.0008923128703964	0.407557026232775		cosine	bert_base_uncased	4,7,8	head
micro	-0.2179449710571905	5.920486672894502	5.903790329887728	0.10140124643456347	0.9023422929642091	0.9960118733933282	0.39761189761189764	14183.0	cosine	bert_base_uncased	4,7,8	head
macro	-0.11526564511328388	5.402283789782079	5.232725541233303	0.16909457086745047	0.9165565332172512	0.7873954606057676	0.37997445478520314		euclidean	bert_base_uncased	4,7,8	head
micro	-0.11926383309811789	5.920486672894502	5.903790329887728	0.16479819726982156	0.9189789618241884	0.7756848823720812	0.3642213642213642	14183.0	euclidean	bert_base_uncased	4,7,8	head
macro	-0.22432533367787297	5.472000607079677	5.816437775347504	0.1021032980601746	0.8921584636767371	1.0052799672572081	0.40327335079541776		cosine	bert_base_uncased	4,7,9	head
micro	-0.22994150690547568	6.003594469004506	6.695940142331833	0.09630081111282066	0.8959279874672246	1.0020555977063614	0.39260689260689263	14183.0	cosine	bert_base_uncased	4,7,9	head
macro	-0.1197879129295661	5.472000607079677	5.816437775347504	0.1652125953550446	0.912890872901689	0.8047041554321142	0.365464207413937		euclidean	bert_base_uncased	4,7,9	head
micro	-0.1228231266508729	6.003594469004506	6.695940142331833	0.16093539013363667	0.914396073168674	0.7937096494319081	0.3462748462748463	14183.0	euclidean	bert_base_uncased	4,7,9	head
macro	-0.2200528581186862	5.427752656679494	5.585032802501926	0.10501748493422727	0.8947010363655671	1.0016900657703638	0.4046584998496924		cosine	bert_base_uncased	4,7,10	head
micro	-0.2281014937000213	5.933920437397359	6.44214839950275	0.09754416228628997	0.8981277002826076	1.0001990995097978	0.3933218933218933	14183.0	cosine	bert_base_uncased	4,7,10	head
macro	-0.11957113689794269	5.427752656679494	5.585032802501926	0.1640598125779578	0.9147538924691366	0.7927889224775981	0.3655475865265634		euclidean	bert_base_uncased	4,7,10	head
micro	-0.12285569720515402	5.933920437397359	6.44214839950275	0.15967811193384499	0.9153078753175006	0.7825313941086991	0.34491634491634493	14183.0	euclidean	bert_base_uncased	4,7,10	head
macro	-0.21425580754996046	5.330954617440976	5.696655739168246	0.10192236328670588	0.8911990831449841	1.0056780996182029	0.403949130934579		cosine	bert_base_uncased	4,7,11	head
micro	-0.21900561470249794	5.819350180846726	6.522595070491474	0.09520650799990592	0.8961598470104105	1.0009529551474852	0.3946803946803947	14183.0	cosine	bert_base_uncased	4,7,11	head
macro	-0.11906023310901076	5.330954617440976	5.696655739168246	0.16355851035493488	0.9144020068415954	0.7956275037476057	0.3694398391840821		euclidean	bert_base_uncased	4,7,11	head
micro	-0.12106428238995487	5.819350180846726	6.522595070491474	0.16059776421673494	0.9165022061461879	0.7810801227117167	0.3512798512798513	14183.0	euclidean	bert_base_uncased	4,7,11	head
macro	-0.21859069152205557	5.53797337996894	5.422167115363172	0.10376585773623624	0.8960834472596768	0.9994973302648723	0.4051149595808206		cosine	bert_base_uncased	4,8,9	head
micro	-0.22515061186397473	6.095413190963277	6.26737480626598	0.09721660798372024	0.9001455067827313	0.9997104799266148	0.39303589303589304	14183.0	cosine	bert_base_uncased	4,8,9	head
macro	-0.11829181888778617	5.53797337996894	5.422167115363172	0.16313748082282029	0.9181496823846617	0.795523728266806	0.37088917893347545		euclidean	bert_base_uncased	4,8,9	head
micro	-0.12081646346791323	6.095413190963277	6.26737480626598	0.15916953613375445	0.9194642735525201	0.7865932593532445	0.3507078507078507	14183.0	euclidean	bert_base_uncased	4,8,9	head
macro	-0.2166848972440296	5.447409087086637	5.297554666932688	0.10190136729698672	0.8969296730847418	0.9974355961573201	0.403602731236473		cosine	bert_base_uncased	4,8,10	head
micro	-0.22557762166043963	5.965752511749737	6.061239546393032	0.09308940082079493	0.9015851003369818	0.9959676805991531	0.3913198913198913	14183.0	cosine	bert_base_uncased	4,8,10	head
macro	-0.11645461089803771	5.447409087086637	5.297554666932688	0.1667272894172825	0.9182674985568232	0.7963931060694756	0.3696873264286577		euclidean	bert_base_uncased	4,8,10	head
micro	-0.12060756089489966	5.965752511749737	6.061239546393032	0.1619967594382299	0.9193196732437859	0.7898811544894366	0.34684684684684686	14183.0	euclidean	bert_base_uncased	4,8,10	head
macro	-0.20732031441772877	5.40104124802455	5.400787397516781	0.1055245700012788	0.8956286160872892	0.9995296332124005	0.41139395271946433		cosine	bert_base_uncased	4,8,11	head
micro	-0.2155282686015403	5.9090345398642	6.222388522722407	0.0970955330082089	0.9000543451433252	0.9979362066063073	0.40483340483340485	14183.0	cosine	bert_base_uncased	4,8,11	head
macro	-0.11507945085178509	5.40104124802455	5.400787397516781	0.16691691830151603	0.9194146101853093	0.7813246555222518	0.37585905399237485		euclidean	bert_base_uncased	4,8,11	head
micro	-0.11875320328345397	5.9090345398642	6.222388522722407	0.16287928688468264	0.9212601260798171	0.774630694073685	0.3587158587158587	14183.0	euclidean	bert_base_uncased	4,8,11	head
macro	-0.22538902737085606	5.50773533893767	5.747104540496609	0.1005825929247118	0.8946717012055654	1.002377613386448	0.4082695183506274		cosine	bert_base_uncased	4,9,10	head
micro	-0.23312223566755724	6.044952733247702	6.8026414111595255	0.0932699319687752	0.8970999011083749	1.0008375589774612	0.3935363935363935	14183.0	cosine	bert_base_uncased	4,9,10	head
macro	-0.12224234621591726	5.50773533893767	5.747104540496609	0.16314242939720147	0.9182110117941767	0.7943279337038722	0.3638618494647654		euclidean	bert_base_uncased	4,9,10	head
micro	-0.12389071216107657	6.044952733247702	6.8026414111595255	0.1597041884730649	0.917918416158546	0.7935120682529646	0.3404833404833405	14183.0	euclidean	bert_base_uncased	4,9,10	head
macro	-0.2200686747698508	5.4439197090044935	6.036748248802874	0.1008278602633905	0.8905415390715231	1.0019716479207688	0.4043031861339544		cosine	bert_base_uncased	4,9,11	head
micro	-0.22622928245279444	5.9778296009428	7.1071201369873425	0.09280632395743772	0.8942994363823177	0.9986921634101589	0.39296439296439295	14183.0	cosine	bert_base_uncased	4,9,11	head
macro	-0.11939531978457912	5.4439197090044935	6.036748248802874	0.1616645146952302	0.9141846130971867	0.8053851105007659	0.36732159191025876		euclidean	bert_base_uncased	4,9,11	head
micro	-0.1215815022416359	5.9778296009428	7.1071201369873425	0.15855949839582065	0.9151744182064495	0.7972797055301862	0.34427284427284427	14183.0	euclidean	bert_base_uncased	4,9,11	head
macro	-0.214695345575086	5.389827411819882	5.640887409789323	0.1024536217364692	0.8951914846191577	1.0015158676890983	0.40618978225598984		cosine	bert_base_uncased	4,10,11	head
micro	-0.22177727912748926	5.886384747580671	6.586398127153764	0.09509123162825757	0.8984733984827743	1.000484842978944	0.3943228943228943	14183.0	cosine	bert_base_uncased	4,10,11	head
macro	-0.1194612358777667	5.389827411819882	5.640887409789323	0.16407580125684607	0.9175036786163353	0.7892576913649412	0.36822544909496646		euclidean	bert_base_uncased	4,10,11	head
micro	-0.1219277727333418	5.886384747580671	6.586398127153764	0.15954435628725797	0.9187465722779457	0.7848715607439793	0.34777634777634775	14183.0	euclidean	bert_base_uncased	4,10,11	head
macro	-0.21492644398470306	5.4083643242545625	5.332354826575979	0.10558577268749024	0.8934305440187208	1.0020781511303924	0.4049404030719207		cosine	bert_base_uncased	5,6,7	head
micro	-0.22082550998886122	5.909859712372981	6.127169009918036	0.0976428784438673	0.8977045747832461	0.996759420301559	0.3916058916058916	14183.0	cosine	bert_base_uncased	5,6,7	head
macro	-0.11876750682543163	5.4083643242545625	5.332354826575979	0.16610327992296667	0.917560979455385	0.78501567907754	0.3699167614145163		euclidean	bert_base_uncased	5,6,7	head
micro	-0.12218866201690093	5.909859712372981	6.127169009918036	0.16061956248226164	0.9192362534643564	0.7776369718776485	0.3492778492778493	14183.0	euclidean	bert_base_uncased	5,6,7	head
macro	-0.21988443413759975	5.392636128534107	5.580150477220803	0.10219287970658451	0.8910005092705364	1.0065989829278617	0.41085795675026077		cosine	bert_base_uncased	5,6,8	head
micro	-0.22596942424095048	5.909894102823746	6.350462882300072	0.0957075549592496	0.8962740904664543	1.007299515106865	0.3998998998998999	14183.0	cosine	bert_base_uncased	5,6,8	head
macro	-0.12131018690504863	5.392636128534107	5.580150477220803	0.16450289638837703	0.9148374277679321	0.7981906523773123	0.3694126208292016		euclidean	bert_base_uncased	5,6,8	head
micro	-0.12542956453995424	5.909894102823746	6.350462882300072	0.16195649470075615	0.9169535277094418	0.7874831017900754	0.34942084942084944	14183.0	euclidean	bert_base_uncased	5,6,8	head
macro	-0.2202343851976702	5.469236712715803	5.30314592596255	0.10131530635435257	0.893840324991085	0.997937493140966	0.4114451597673121		cosine	bert_base_uncased	5,6,9	head
micro	-0.2249337869197911	5.982785460083534	6.0438580059324165	0.0956563594255573	0.8989827938261513	0.9974251427063952	0.3991133991133991	14183.0	cosine	bert_base_uncased	5,6,9	head
macro	-0.11984714647888259	5.469236712715803	5.30314592596255	0.16293679873140482	0.9172769710747872	0.7890914491236322	0.36874813171960763		euclidean	bert_base_uncased	5,6,9	head
micro	-0.1223852312332662	5.982785460083534	6.0438580059324165	0.16062620185874887	0.9192622611448178	0.7799421264240757	0.3482768482768483	14183.0	euclidean	bert_base_uncased	5,6,9	head
macro	-0.2165440298467363	5.493500711090696	5.349402785827554	0.10694894291211678	0.8945225129114367	0.9997019524107624	0.4013648737895021		cosine	bert_base_uncased	5,6,10	head
micro	-0.22302348294412752	6.001760883646076	6.068228240374874	0.10107041633778452	0.8988072827742547	1.0025802170904345	0.3885313885313885	14183.0	cosine	bert_base_uncased	5,6,10	head
macro	-0.11750144043320027	5.493500711090696	5.349402785827554	0.16672893025959007	0.9176118141918105	0.779120942967746	0.36957292332796526		euclidean	bert_base_uncased	5,6,10	head
micro	-0.12009577937261262	6.001760883646076	6.068228240374874	0.16311137298952355	0.9194586304998116	0.7716756162665165	0.3504218504218504	14183.0	euclidean	bert_base_uncased	5,6,10	head
macro	-0.209103299137159	5.3596551820829506	5.283749233323022	0.10288017275059126	0.8939917986430633	1.00301809770785	0.4099746105601556		cosine	bert_base_uncased	5,6,11	head
micro	-0.21478105958281324	5.852609570446731	6.008007996767312	0.09679885745886385	0.8984498049626766	0.9999677853955367	0.39775489775489775	14183.0	cosine	bert_base_uncased	5,6,11	head
macro	-0.11790315809493805	5.3596551820829506	5.283749233323022	0.16130951897621346	0.9203203872592547	0.7759547637161235	0.37103273591686814		euclidean	bert_base_uncased	5,6,11	head
micro	-0.12068386574778027	5.852609570446731	6.008007996767312	0.1589772054675527	0.9214756841262157	0.7674525419239925	0.35235235235235235	14183.0	euclidean	bert_base_uncased	5,6,11	head
macro	-0.215140667782391	5.335090824956587	5.51571811753116	0.10697344901470827	0.8928898227584215	1.0047426109910542	0.40793723367387974		cosine	bert_base_uncased	5,7,8	head
micro	-0.22079012044580634	5.842044324207952	6.282132358322553	0.09880061036724049	0.8982769703001611	1.0002353040877598	0.39553839553839554	14183.0	cosine	bert_base_uncased	5,7,8	head
macro	-0.11688590479939148	5.335090824956587	5.51571811753116	0.16921579141068108	0.9147689101247587	0.7943177451390118	0.37667674499570175		euclidean	bert_base_uncased	5,7,8	head
micro	-0.1214801109749103	5.842044324207952	6.282132358322553	0.16403274056400538	0.9179040779134119	0.7806623141476763	0.355998855998856	14183.0	euclidean	bert_base_uncased	5,7,8	head
macro	-0.2192496543762316	5.441956909116427	5.448432326856452	0.10407816214859876	0.8946184140812258	0.9992961064925071	0.40718862962349334		cosine	bert_base_uncased	5,7,9	head
micro	-0.2247582752943168	5.960027640935918	6.228891932932157	0.09859196018897488	0.8994117595955298	0.9960772869926325	0.3946088946088946	14183.0	cosine	bert_base_uncased	5,7,9	head
macro	-0.11821353314492879	5.441956909116427	5.448432326856452	0.16571186653494557	0.9154978666849863	0.7899729219393229	0.373502632746437		euclidean	bert_base_uncased	5,7,9	head
micro	-0.12210723029380559	5.960027640935918	6.228891932932157	0.1616300848178947	0.917788464291993	0.7797137918401473	0.3540683540683541	14183.0	euclidean	bert_base_uncased	5,7,9	head
macro	-0.21142139789398745	5.401663244659894	5.289540048432315	0.11088979567991396	0.8958818271422584	0.9998061777581341	0.4023273260429051		cosine	bert_base_uncased	5,7,10	head
micro	-0.21928177162682833	5.90310172847853	6.03614348909222	0.10288951265231383	0.9002900318883229	0.9999998130436833	0.38824538824538823	14183.0	cosine	bert_base_uncased	5,7,10	head
macro	-0.11391210740743474	5.401663244659894	5.289540048432315	0.1656935470916165	0.9159353796505948	0.7783666014584077	0.3693163204694828		euclidean	bert_base_uncased	5,7,10	head
micro	-0.1173286886354353	5.90310172847853	6.03614348909222	0.16152742060230746	0.917663312476385	0.7684015021553282	0.3474903474903475	14183.0	euclidean	bert_base_uncased	5,7,10	head
macro	-0.2148446886785152	5.324996926757539	5.491839337896449	0.10048556174666284	0.8916227551225077	1.0037267922040418	0.4004512495298164		cosine	bert_base_uncased	5,7,11	head
micro	-0.21966423095487936	5.830062578221835	6.2834892104621485	0.09496440228709181	0.8966617081313853	0.9990666886952589	0.3887458887458887	14183.0	cosine	bert_base_uncased	5,7,11	head
macro	-0.1178449737217985	5.324996926757539	5.491839337896449	0.1622661604361363	0.9171396001997253	0.7886684441669332	0.3680993657872532		euclidean	bert_base_uncased	5,7,11	head
micro	-0.1203535823676502	5.830062578221835	6.2834892104621485	0.16010821932613237	0.9192443897161476	0.7767067982001619	0.3487773487773488	14183.0	euclidean	bert_base_uncased	5,7,11	head
macro	-0.22301403351914104	5.46133846717474	5.4113372435057805	0.10100712221324172	0.8943536302448933	0.9968244910495621	0.40698679955349787		cosine	bert_base_uncased	5,8,9	head
micro	-0.2276948650171279	5.9947646489264965	6.1579624347344275	0.09530553944283252	0.8997976336679573	0.9975548496120803	0.3943228943228943	14183.0	cosine	bert_base_uncased	5,8,9	head
macro	-0.12139865080240757	5.46133846717474	5.4113372435057805	0.16548942073611908	0.9168263264900817	0.7927509536627666	0.3707635854314277		euclidean	bert_base_uncased	5,8,9	head
micro	-0.12489583013764641	5.9947646489264965	6.1579624347344275	0.16224897368776328	0.919101533557225	0.7783903595121126	0.35220935220935223	14183.0	euclidean	bert_base_uncased	5,8,9	head
macro	-0.2173233091486768	5.387477749422899	5.375104206575374	0.1038692707470974	0.8938501883688174	0.9974425054301718	0.4038172207558188		cosine	bert_base_uncased	5,8,10	head
micro	-0.2245987869870367	5.908617158391219	6.026404081032595	0.09800905385377773	0.8998760752444251	0.997390317045405	0.38817388817388815	14183.0	cosine	bert_base_uncased	5,8,10	head
macro	-0.1156615028800186	5.387477749422899	5.375104206575374	0.1637879621567318	0.9154362519256716	0.7945868671343151	0.3722703494886325		euclidean	bert_base_uncased	5,8,10	head
micro	-0.11984495306267363	5.908617158391219	6.026404081032595	0.1611215869309864	0.9177506641314797	0.7823777474799398	0.34934934934934936	14183.0	euclidean	bert_base_uncased	5,8,10	head
macro	-0.21705882615294947	5.3630948234106945	5.5767898942868435	0.10169398424156689	0.8918760949986072	1.0009335664087147	0.4093716381041369		cosine	bert_base_uncased	5,8,11	head
micro	-0.22377283714977247	5.876122088828922	6.362959261910986	0.0943099597874706	0.8968111535339834	0.9995568746901746	0.3988988988988989	14183.0	cosine	bert_base_uncased	5,8,11	head
macro	-0.11869151564926864	5.3630948234106945	5.5767898942868435	0.16083624838847305	0.9180559900750697	0.7861997049834545	0.37405327559445084		euclidean	bert_base_uncased	5,8,11	head
micro	-0.1229538621255594	5.876122088828922	6.362959261910986	0.1593133177130684	0.9200541003359014	0.7760523733796868	0.3542828542828543	14183.0	euclidean	bert_base_uncased	5,8,11	head
macro	-0.2176727182343012	5.498788941180375	5.189544618462493	0.1071612129964812	0.897803105045191	0.9942795473736463	0.408492735733048		cosine	bert_base_uncased	5,9,10	head
micro	-0.22499335142675633	6.033198631452657	5.957064569594223	0.10159736143102635	0.9019539222305833	0.9946283340742349	0.393965393965394	14183.0	cosine	bert_base_uncased	5,9,10	head
macro	-0.11943815565557664	5.498788941180375	5.189544618462493	0.16625248371873566	0.9196628766160232	0.7710292246578122	0.37119979828202604		euclidean	bert_base_uncased	5,9,10	head
micro	-0.12120776859979872	6.033198631452657	5.957064569594223	0.1634588054833264	0.9204940388268812	0.7681564285038774	0.3484913484913485	14183.0	euclidean	bert_base_uncased	5,9,10	head
macro	-0.2215539135561883	5.46176280433008	5.558896845327715	0.10017325306375045	0.8932160140749256	0.994439956046339	0.40537602593775846		cosine	bert_base_uncased	5,9,11	head
micro	-0.22735822861587887	6.00521385280962	6.409875040550095	0.09320741987435567	0.8976965656288763	0.9912429539310179	0.393965393965394	14183.0	cosine	bert_base_uncased	5,9,11	head
macro	-0.12100219437770962	5.46176280433008	5.558896845327715	0.1631094160233867	0.917316154633383	0.7888295710004487	0.37085102042035967		euclidean	bert_base_uncased	5,9,11	head
micro	-0.12368616545278927	6.00521385280962	6.409875040550095	0.1607287797081505	0.9182803665025515	0.7802142989045019	0.3506363506363506	14183.0	euclidean	bert_base_uncased	5,9,11	head
macro	-0.2122939548955049	5.389582396805259	5.258376593271039	0.10462801879591249	0.8957960172161964	0.9998724312998029	0.39923897528069124		cosine	bert_base_uncased	5,10,11	head
micro	-0.21941703077945993	5.907479697790799	5.968095748661278	0.0977490692076616	0.9001186045765969	1.0007237434381102	0.38552838552838553	14183.0	cosine	bert_base_uncased	5,10,11	head
macro	-0.11707477578122263	5.389582396805259	5.258376593271039	0.16155910680776334	0.9186596374174508	0.7742672688762894	0.3689864745195291		euclidean	bert_base_uncased	5,10,11	head
micro	-0.11936284966787375	5.907479697790799	5.968095748661278	0.15985588403942289	0.9203987625955591	0.769153486343597	0.3477048477048477	14183.0	euclidean	bert_base_uncased	5,10,11	head
macro	-0.21686474163107514	5.420941568573539	5.07376830606537	0.1034943867818722	0.8958737543540314	1.0057760939605451	0.4083779427312399		cosine	bert_base_uncased	6,7,8	head
micro	-0.22314095526524885	5.961064742908243	5.730756829985546	0.09547775079550481	0.901285478849416	1.0000569512804731	0.3986128986128986	14183.0	cosine	bert_base_uncased	6,7,8	head
macro	-0.11978344125311623	5.420941568573539	5.07376830606537	0.16678131501831156	0.9184999888315729	0.7901165611743891	0.37897435120223977		euclidean	bert_base_uncased	6,7,8	head
micro	-0.12298534880786896	5.961064742908243	5.730756829985546	0.16174063125909405	0.9201862340580309	0.7804719738655137	0.3617903617903618	14183.0	euclidean	bert_base_uncased	6,7,8	head
macro	-0.21909209852086373	5.482331987224617	5.234659883284885	0.10379585889964299	0.8943843328112617	1.0015553473626186	0.40449265683249475		cosine	bert_base_uncased	6,7,9	head
micro	-0.2251500619481292	6.014330775798499	5.94039701696377	0.09728726764081987	0.8987783270046443	0.9979629405132406	0.3941798941798942	14183.0	cosine	bert_base_uncased	6,7,9	head
macro	-0.12038484039971328	5.482331987224617	5.234659883284885	0.1659593526918252	0.9171302249970741	0.792285899971856	0.3731694896897727		euclidean	bert_base_uncased	6,7,9	head
micro	-0.1232342077460066	6.014330775798499	5.94039701696377	0.16225696937298134	0.9187609327162147	0.7834439615639501	0.35585585585585583	14183.0	euclidean	bert_base_uncased	6,7,9	head
macro	-0.21757272488437696	5.5390963411861005	5.175446756231536	0.10755857459664667	0.8954676405018186	1.0026795726723918	0.4042775511951507		cosine	bert_base_uncased	6,7,10	head
micro	-0.22442680939933402	6.081897381922649	5.896019560480415	0.09918848660141015	0.8994430135048463	1.0013411941115415	0.39274989274989275	14183.0	cosine	bert_base_uncased	6,7,10	head
macro	-0.11757084006875008	5.5390963411861005	5.175446756231536	0.16555903558128152	0.9179081054719533	0.7853532974671897	0.372628657159873		euclidean	bert_base_uncased	6,7,10	head
micro	-0.12064048403743173	6.081897381922649	5.896019560480415	0.1604023035243351	0.9186004100760696	0.774598029234744	0.3539253539253539	14183.0	euclidean	bert_base_uncased	6,7,10	head
macro	-0.20764727173102943	5.312135153060766	5.124628104691029	0.10620454261880585	0.8932460086490116	1.00581522307447	0.40712526507833924		cosine	bert_base_uncased	6,7,11	head
micro	-0.2118609447511221	5.79636184171947	5.793166964456584	0.10052055155787344	0.8987831806301865	0.9996825472820122	0.39518089518089516	14183.0	cosine	bert_base_uncased	6,7,11	head
macro	-0.11762887572905867	5.312135153060766	5.124628104691029	0.16267369570718665	0.9203210035483805	0.7832137021448607	0.37275502366208685		euclidean	bert_base_uncased	6,7,11	head
micro	-0.11895938010174238	5.79636184171947	5.793166964456584	0.15935914393730127	0.9218505035293557	0.7697004462539556	0.3527098527098527	14183.0	euclidean	bert_base_uncased	6,7,11	head
macro	-0.21626718864733835	5.455981590845024	5.109801975039151	0.10406129909248832	0.8964787233375501	0.9984801888617105	0.4097230548256027		cosine	bert_base_uncased	6,8,9	head
micro	-0.22135965338944658	5.998701881262163	5.777740456168044	0.09754378788456762	0.9017794042957417	0.9996348728790365	0.40032890032890034	14183.0	cosine	bert_base_uncased	6,8,9	head
macro	-0.11911280832644912	5.455981590845024	5.109801975039151	0.16450005112849594	0.9191866022936535	0.7836412869193817	0.37373982709263853		euclidean	bert_base_uncased	6,8,9	head
micro	-0.12174854263960701	5.998701881262163	5.777740456168044	0.16145314619462317	0.9213639235865536	0.7721808026443616	0.3562133562133562	14183.0	euclidean	bert_base_uncased	6,8,9	head
macro	-0.21499380363984333	5.467714343117005	5.183690780480946	0.09935889593708105	0.8955514250543162	1.001087957659726	0.406496627763935		cosine	bert_base_uncased	6,8,10	head
micro	-0.22086780118910007	6.021839349587976	5.801398797888261	0.09333044950384135	0.9013607185582511	1.0008754371345085	0.39782639782639784	14183.0	cosine	bert_base_uncased	6,8,10	head
macro	-0.11510472746350334	5.467714343117005	5.183690780480946	0.16742432370395105	0.9179345597823926	0.7904124102689967	0.37409295982711666		euclidean	bert_base_uncased	6,8,10	head
micro	-0.1189005357553934	6.021839349587976	5.801398797888261	0.16369869904757187	0.9198686604127957	0.7786015049148188	0.3560703560703561	14183.0	euclidean	bert_base_uncased	6,8,10	head
macro	-0.20211732324153717	5.3220511315222145	5.119447226900609	0.1045413335934932	0.8959216430340878	1.0011856816844287	0.41585591788706255		cosine	bert_base_uncased	6,8,11	head
micro	-0.20755296356024988	5.81846304805399	5.77756169536471	0.09869455033551683	0.9014896475502525	0.9995493768326439	0.4071214071214071	14183.0	cosine	bert_base_uncased	6,8,11	head
macro	-0.11431765893238303	5.3220511315222145	5.119447226900609	0.1636678474355581	0.9221202960172317	0.7696360843287628	0.3802261096459276		euclidean	bert_base_uncased	6,8,11	head
micro	-0.11722383284602546	5.81846304805399	5.77756169536471	0.16092447560982895	0.9240525087968491	0.7595655215301289	0.3632918632918633	14183.0	euclidean	bert_base_uncased	6,8,11	head
macro	-0.21416107219595407	5.514839539295587	5.204568419789396	0.10588868855377889	0.8963630555956991	0.9982264014325868	0.4120767912024028		cosine	bert_base_uncased	6,9,10	head
micro	-0.22075088876218155	6.058249345409911	5.970572078279154	0.09951511974363864	0.9000659254717065	0.9987319434561399	0.4004004004004004	14183.0	cosine	bert_base_uncased	6,9,10	head
macro	-0.1173378206548806	5.514839539295587	5.204568419789396	0.16536841778761052	0.9201433721132393	0.7732208240749718	0.3704821088876067		euclidean	bert_base_uncased	6,9,10	head
micro	-0.1192977221319219	6.058249345409911	5.970572078279154	0.16262002286038596	0.921396765391619	0.7681307037759123	0.35242385242385244	14183.0	euclidean	bert_base_uncased	6,9,10	head
macro	-0.20517370633351567	5.327678810063857	5.332926397729617	0.10646775231289991	0.8942108710191277	0.9971945633171254	0.41398011703309245		cosine	bert_base_uncased	6,9,11	head
micro	-0.2104796810942596	5.821849210694735	6.092823690544471	0.1010049419814618	0.899018612712625	0.9946870265483928	0.40082940082940083	14183.0	cosine	bert_base_uncased	6,9,11	head
macro	-0.11513161503165052	5.327678810063857	5.332926397729617	0.16331145776789407	0.9191823725762996	0.7789875025827434	0.3752190764394493		euclidean	bert_base_uncased	6,9,11	head
micro	-0.11738015928858812	5.821849210694735	6.092823690544471	0.16106095150859506	0.920871919189322	0.7679326895243421	0.35506935506935505	14183.0	euclidean	bert_base_uncased	6,9,11	head
macro	-0.20159040290355554	5.361644668665679	5.13396390007543	0.10723704726865119	0.8967149479611168	1.00179790063075	0.4053003629731761		cosine	bert_base_uncased	6,10,11	head
micro	-0.20666561754953916	5.852225422726276	5.803166900802534	0.09984322692625111	0.9012681882374265	1.0022671702627641	0.39475189475189476	14183.0	cosine	bert_base_uncased	6,10,11	head
macro	-0.11252104173501028	5.361644668665679	5.13396390007543	0.16428971540607995	0.9208588832988595	0.7685761387818205	0.3722572509784776		euclidean	bert_base_uncased	6,10,11	head
micro	-0.11466868442871718	5.852225422726276	5.803166900802534	0.16158665216563742	0.9229391370132723	0.7584480346132502	0.3538538538538539	14183.0	euclidean	bert_base_uncased	6,10,11	head
macro	-0.22006864866649364	5.457139415424318	5.0222378720622585	0.10474316163757551	0.89845678964983	0.9980333976014699	0.4096427790923837		cosine	bert_base_uncased	7,8,9	head
micro	-0.22531389364895069	5.997341494440812	5.595342549641848	0.09886627145332162	0.9039096039081234	0.994547532247532	0.3998998998998999	14183.0	cosine	bert_base_uncased	7,8,9	head
macro	-0.119473779066817	5.457139415424318	5.0222378720622585	0.16689050106672065	0.9183947711996455	0.7872674286064533	0.3770946762990795		euclidean	bert_base_uncased	7,8,9	head
micro	-0.12311088026341852	5.997341494440812	5.595342549641848	0.1622595399691229	0.9215048133329843	0.7735413798604147	0.36186186186186187	14183.0	euclidean	bert_base_uncased	7,8,9	head
macro	-0.21640791626141537	5.394957267266862	4.875143364405225	0.10500259406974598	0.8976914932135525	0.9979918695328761	0.4024843712051573		cosine	bert_base_uncased	7,8,10	head
micro	-0.22331351429192622	5.929642040702053	5.379974890619194	0.09688202184102614	0.9044519876795929	0.9922278968474101	0.3916773916773917	14183.0	cosine	bert_base_uncased	7,8,10	head
macro	-0.11289723505318626	5.394957267266862	4.875143364405225	0.16627629581478606	0.9171999447109074	0.792133418138302	0.3740632187553413		euclidean	bert_base_uncased	7,8,10	head
micro	-0.11724727002643613	5.929642040702053	5.379974890619194	0.16203547460233697	0.9197237819167814	0.7767452232336819	0.3552123552123552	14183.0	euclidean	bert_base_uncased	7,8,10	head
macro	-0.21254886299352316	5.2998884455530595	5.087344995297331	0.10312791394410438	0.8941037720925559	1.0015505769313013	0.41128356149111844		cosine	bert_base_uncased	7,8,11	head
micro	-0.21694802222054385	5.796471228149837	5.670092312234028	0.09774912103922179	0.9008716610866878	0.9961002940266765	0.401973401973402	14183.0	cosine	bert_base_uncased	7,8,11	head
macro	-0.11584293071804544	5.2998884455530595	5.087344995297331	0.16677794823121858	0.9194635941163238	0.7850186052905793	0.3784199872417596		euclidean	bert_base_uncased	7,8,11	head
micro	-0.11823005066348735	5.796471228149837	5.670092312234028	0.16471548316060527	0.923040884911169	0.7703227864339475	0.3627913627913628	14183.0	euclidean	bert_base_uncased	7,8,11	head
macro	-0.22014396138271286	5.510163177340287	5.145440828629116	0.10821429775749739	0.8967085586659742	1.0015907865021707	0.4098442580159679		cosine	bert_base_uncased	7,9,10	head
micro	-0.22861055979025577	6.048337212499302	5.852544052668014	0.09977712811417085	0.9005312364242269	0.9996916104098316	0.399041899041899	14183.0	cosine	bert_base_uncased	7,9,10	head
macro	-0.12054014994426551	5.510163177340287	5.145440828629116	0.16372769761414735	0.9170901323630626	0.7808102979851488	0.36517429959842096		euclidean	bert_base_uncased	7,9,10	head
micro	-0.12398500590836094	6.048337212499302	5.852544052668014	0.15924271007075108	0.9181914275782641	0.773807472479904	0.3462748462748463	14183.0	euclidean	bert_base_uncased	7,9,10	head
macro	-0.22061759285418286	5.390188710422115	5.516549260688515	0.1010203811933382	0.8909532143576627	1.0014834309549687	0.4047803230204211		cosine	bert_base_uncased	7,9,11	head
micro	-0.22615182425715355	5.907400913323034	6.247340421873029	0.09553105876986835	0.8964936611263714	0.9975492491951768	0.3933933933933934	14183.0	cosine	bert_base_uncased	7,9,11	head
macro	-0.1207700830888567	5.390188710422115	5.516549260688515	0.1634217998205327	0.9147442077758146	0.7994457912275904	0.3661820225810472		euclidean	bert_base_uncased	7,9,11	head
micro	-0.12303059370528568	5.907400913323034	6.247340421873029	0.16040151958186974	0.9173608691555443	0.7857121686246294	0.34656084656084657	14183.0	euclidean	bert_base_uncased	7,9,11	head
macro	-0.21382961412861606	5.36860793096161	5.108327263343843	0.10661111142755951	0.8936750905884417	1.0055012120666507	0.3982278403819542		cosine	bert_base_uncased	7,10,11	head
micro	-0.2198675204751413	5.86882461484188	5.737582713293588	0.09917850592412637	0.8993818961067499	1.0043605118914896	0.38745888745888746	14183.0	cosine	bert_base_uncased	7,10,11	head
macro	-0.11605069624001291	5.36860793096161	5.108327263343843	0.1624300825008797	0.9166818528790365	0.7872593070591005	0.3678978183603881		euclidean	bert_base_uncased	7,10,11	head
micro	-0.11840661372769115	5.86882461484188	5.737582713293588	0.15926472786263562	0.9192352286318739	0.7731965040306528	0.34806234806234804	14183.0	euclidean	bert_base_uncased	7,10,11	head
macro	-0.21476769420093986	5.483731577364243	4.864469581468993	0.10583157165392013	0.8997789345194994	0.9901872917003817	0.40815364121897857		cosine	bert_base_uncased	8,9,10	head
micro	-0.22201610288153123	6.03389770734027	5.464915368571378	0.09931901446146292	0.9049922942337927	0.9875267172463444	0.3966108966108966	14183.0	cosine	bert_base_uncased	8,9,10	head
macro	-0.11635672583972792	5.483731577364243	4.864469581468993	0.16410530256191697	0.9218063261920661	0.77539103357418	0.3692754813145704		euclidean	bert_base_uncased	8,9,10	head
micro	-0.11953407778334112	6.03389770734027	5.464915368571378	0.16131142133526613	0.923582145465296	0.7669338945597877	0.348991848991849	14183.0	euclidean	bert_base_uncased	8,9,10	head
macro	-0.21240539350904636	5.415523348737372	5.2252353898048165	0.10515091618050212	0.8963571734963478	0.9878360243313793	0.40915319705981107		cosine	bert_base_uncased	8,9,11	head
micro	-0.21791997628483717	5.942425595172827	5.937770394732651	0.09931963600924082	0.9014114986523382	0.9866142776600167	0.3993278993278993	14183.0	cosine	bert_base_uncased	8,9,11	head
macro	-0.11757065930130908	5.415523348737372	5.2252353898048165	0.16511553210035862	0.9205128440791367	0.7748317300937456	0.3782019819075559		euclidean	bert_base_uncased	8,9,11	head
micro	-0.1204336720427792	5.942425595172827	5.937770394732651	0.16225371427146676	0.922979805223504	0.7635482406280596	0.3612183612183612	14183.0	euclidean	bert_base_uncased	8,9,11	head
macro	-0.2073500666979176	5.348026262670138	4.9477996681707825	0.10309615661406622	0.8974142787777921	0.9933968190116728	0.4087008975847223		cosine	bert_base_uncased	8,10,11	head
micro	-0.21403444743626387	5.854572441632705	5.494345336813385	0.09689462327698259	0.9035730978674733	0.9908501666099844	0.39825539825539824	14183.0	cosine	bert_base_uncased	8,10,11	head
macro	-0.11191704985981316	5.348026262670138	4.9477996681707825	0.1628393513542482	0.9208048376359209	0.7768780560057821	0.37689420114651895		euclidean	bert_base_uncased	8,10,11	head
micro	-0.11571344867601074	5.854572441632705	5.494345336813385	0.16177763732006417	0.9239458653868658	0.7670298533407668	0.35664235664235666	14183.0	euclidean	bert_base_uncased	8,10,11	head
macro	-0.21230053429984266	5.439854764845513	5.252958152935936	0.10591981863752481	0.8960315896273792	0.9954641222793101	0.4107196739505582		cosine	bert_base_uncased	9,10,11	head
micro	-0.21993567148856716	5.973132302096254	6.047785542621011	0.09940804780308722	0.8998883162382689	0.9934085577610362	0.3981838981838982	14183.0	cosine	bert_base_uncased	9,10,11	head
macro	-0.11897591730150413	5.439854764845513	5.252958152935936	0.160705203386939	0.9192350811827551	0.7720045257859479	0.37060612932137926		euclidean	bert_base_uncased	9,10,11	head
micro	-0.12094484447613865	5.973132302096254	6.047785542621011	0.15830880687369392	0.9208891899339139	0.7690358797814824	0.3492778492778493	14183.0	euclidean	bert_base_uncased	9,10,11	head
macro	-0.28613547875418205	5.875569760681482	6.374779781763175	0.05524380044293562	0.8783176231837848	1.0250138686207206	0.3136777421268329		cosine	transfo-xl-wt103	0	head
micro	-0.2860611523748961	6.341627462243139	7.322678469155425	0.05011414964051341	0.8825249996044945	1.0275984765143504	0.3058449715510234	13730.0	cosine	transfo-xl-wt103	0	head
macro	-0.1893983328634917	5.875569760681482	6.374779781763175	0.09241467448664628	0.9077239645906643	0.5548000539597661	0.29593169915961254		euclidean	transfo-xl-wt103	0	head
micro	-0.19132514423503477	6.341627462243139	7.322678469155425	0.08870223957334931	0.908917413081204	0.5443169193306602	0.2834552575186581	13730.0	euclidean	transfo-xl-wt103	0	head
macro	-0.2806289676903236	5.886907037211581	6.665697858630875	0.0519586700851638	0.877807934979521	1.017123313769122	0.3191561963071295		cosine	transfo-xl-wt103	1	head
micro	-0.28226959521658684	6.324986212069753	7.783315806979416	0.04677790282505188	0.8804112971178816	1.0227580430469514	0.31286484888790367	13730.0	cosine	transfo-xl-wt103	1	head
macro	-0.1850824223261847	5.886907037211581	6.665697858630875	0.09267085424318008	0.9043063192258444	0.533557151170027	0.2952526919832478		euclidean	transfo-xl-wt103	1	head
micro	-0.18868227546872957	6.324986212069753	7.783315806979416	0.08858396936578448	0.9040984174445281	0.528497747691412	0.2817557082686766	13730.0	euclidean	transfo-xl-wt103	1	head
macro	-0.28181169746515755	5.918840114826271	6.390046162090399	0.055761468137615504	0.8788969947903926	1.0250428790038466	0.3130495922469825		cosine	transfo-xl-wt103	2	head
micro	-0.27915618305719403	6.391423032030657	7.326384797295594	0.050833141974567356	0.8829701238582585	1.0293529493085363	0.30702726668144537	13730.0	cosine	transfo-xl-wt103	2	head
macro	-0.1867977288134541	5.918840114826271	6.390046162090399	0.09336911051652426	0.9069864169848264	0.5681324872271256	0.29595556150143276		euclidean	transfo-xl-wt103	2	head
micro	-0.1880636565610981	6.391423032030657	7.326384797295594	0.09056208832324028	0.907634195997797	0.552935381831889	0.28308579029040126	13730.0	euclidean	transfo-xl-wt103	2	head
macro	-0.2734529740018509	5.835240643854468	6.197274318756476	0.05580672353139877	0.8819529186571506	1.021703681948808	0.30811280777698546		cosine	transfo-xl-wt103	3	head
micro	-0.2717263414225234	6.289604478844159	7.158221738255764	0.05086508388006648	0.8859948553670309	1.0222274647737712	0.29941624177935416	13730.0	cosine	transfo-xl-wt103	3	head
macro	-0.1819535679309726	5.835240643854468	6.197274318756476	0.08989091304210339	0.9113506650469753	0.5297299391893934	0.29357338729201143		euclidean	transfo-xl-wt103	3	head
micro	-0.1847608181770578	6.289604478844159	7.158221738255764	0.08627448051518305	0.9117041714268603	0.5170292090021256	0.282642429616493	13730.0	euclidean	transfo-xl-wt103	3	head
macro	-0.2839907136225749	5.897891002073101	6.362781750804637	0.05604408842866139	0.8781058491601728	1.017603525561682	0.3140345196418152		cosine	transfo-xl-wt103	4	head
micro	-0.286008195225823	6.364986675260321	7.336505844538112	0.05066672748192647	0.8818808790347812	1.0220237960993912	0.3046626764206015	13730.0	cosine	transfo-xl-wt103	4	head
macro	-0.1905488936090613	5.897891002073101	6.362781750804637	0.09165634524824928	0.9056206719735749	0.560949530029796	0.28957520540257076		euclidean	transfo-xl-wt103	4	head
micro	-0.19417260129924194	6.364986675260321	7.336505844538112	0.08670639043961888	0.9052045062305645	0.5558264665395541	0.2771004211926402	13730.0	euclidean	transfo-xl-wt103	4	head
macro	-0.296583471049868	6.0314568041730645	6.832816223097436	0.05140549972129143	0.8735162954069263	1.015862845335663	0.31065058784339306		cosine	transfo-xl-wt103	5	head
micro	-0.2972928219042691	6.52122207464701	7.977444038145829	0.046740237152841924	0.8764087843743156	1.020669361663349	0.3028892337249686	13730.0	cosine	transfo-xl-wt103	5	head
macro	-0.19157305925311782	6.0314568041730645	6.832816223097436	0.08862422141601692	0.902321135825649	0.5625729564528175	0.28568454910556085		euclidean	transfo-xl-wt103	5	head
micro	-0.19550412597631178	6.52122207464701	7.977444038145829	0.08559914578342345	0.9021535701964242	0.552031944040896	0.27370132269267716	13730.0	euclidean	transfo-xl-wt103	5	head
macro	-0.29036672477683606	5.937904668506815	6.43328372829119	0.0524000822287018	0.8773000360061256	1.0172629373438173	0.31308069638753416		cosine	transfo-xl-wt103	6	head
micro	-0.29098794041245585	6.383669176606479	7.4748704342781656	0.047591312960617964	0.8802640817488215	1.022888574536108	0.3079139880292618	13730.0	cosine	transfo-xl-wt103	6	head
macro	-0.18790728772952942	5.937904668506815	6.43328372829119	0.08939511026696713	0.9044955225318329	0.5383390297647506	0.2925069679530871		euclidean	transfo-xl-wt103	6	head
micro	-0.1914736314693567	6.383669176606479	7.4748704342781656	0.08516156916145426	0.9047933357371668	0.5286539334738924	0.2827163230621444	13730.0	euclidean	transfo-xl-wt103	6	head
macro	-0.2820411564904991	5.827710629791159	6.4638226719190595	0.05640207872843318	0.8804099483298709	1.0173615477855564	0.31298152116184846		cosine	transfo-xl-wt103	7	head
micro	-0.28081851770124366	6.232049400447762	7.515773782097896	0.05182265278148922	0.8847209063662038	1.021235533958289	0.3045148895292987	13730.0	cosine	transfo-xl-wt103	7	head
macro	-0.18542345030665747	5.827710629791159	6.4638226719190595	0.09240795416216786	0.9087186066171914	0.5133036127163364	0.2886390009831577		euclidean	transfo-xl-wt103	7	head
micro	-0.18739577960121936	6.232049400447762	7.515773782097896	0.0887152749819196	0.9099383597001274	0.5024496325499894	0.2771004211926402	13730.0	euclidean	transfo-xl-wt103	7	head
macro	-0.28774809065449214	5.858604588881944	7.003476505105958	0.05342705695624578	0.8765099794663097	1.0198044681705816	0.3103301932822823		cosine	transfo-xl-wt103	8	head
micro	-0.2892028129701433	6.300633964989664	8.156262136066509	0.048744425504755905	0.8804327694493811	1.024292344546745	0.3041454223010419	13730.0	cosine	transfo-xl-wt103	8	head
macro	-0.19181453211605068	5.858604588881944	7.003476505105958	0.08472390300172038	0.9048168872154897	0.5324753865648654	0.2921417389280628		euclidean	transfo-xl-wt103	8	head
micro	-0.19454165695831593	6.300633964989664	8.156262136066509	0.08273510500327265	0.9052717149438537	0.5254392791400118	0.28027783935564915	13730.0	euclidean	transfo-xl-wt103	8	head
macro	-0.2741469721928664	5.81909106508089	6.222624904158673	0.058284539253286236	0.8825307584663548	1.021148855179524	0.312908187076857		cosine	transfo-xl-wt103	9	head
micro	-0.27198426708012974	6.26027917728362	7.216822654004462	0.053177201587296975	0.8864307253240753	1.0243057093614236	0.3054016108771152	13730.0	cosine	transfo-xl-wt103	9	head
macro	-0.18470259542971934	5.81909106508089	6.222624904158673	0.09381163774991662	0.9104883658290576	0.5561630587150785	0.29318636568359757		euclidean	transfo-xl-wt103	9	head
micro	-0.18557092635438902	6.26027917728362	7.216822654004462	0.08970487399000633	0.9105308399183109	0.5457335766767549	0.2783566097687135	13730.0	euclidean	transfo-xl-wt103	9	head
macro	-0.2987301687196733	5.9177114366785295	6.652860344031275	0.0513977201712731	0.8742298448100635	1.024546746301633	0.3135854765016059		cosine	transfo-xl-wt103	10	head
micro	-0.3003473755083432	6.364468026602549	7.6506727945341035	0.04629413447773175	0.8780170191550509	1.0268303443464715	0.30651001256188576	13730.0	cosine	transfo-xl-wt103	10	head
macro	-0.19489705288865553	5.9177114366785295	6.652860344031275	0.08760349245587648	0.9035540910151081	0.5566389063609376	0.28602582339639393		euclidean	transfo-xl-wt103	10	head
micro	-0.19736273728546455	6.364468026602549	7.6506727945341035	0.08364064285697308	0.9038156439398664	0.5491471657409938	0.2729623882361635	13730.0	euclidean	transfo-xl-wt103	10	head
macro	-0.2889440194429867	5.890537627002471	6.526354690283382	0.051487111953834215	0.8759462328719366	1.01590629098237	0.3132635105700624		cosine	transfo-xl-wt103	11	head
micro	-0.28675978516489864	6.323018544112312	7.45742475100365	0.04646036171125347	0.8808389684560725	1.0176986995670594	0.3071011601270967	13730.0	cosine	transfo-xl-wt103	11	head
macro	-0.19059983701242353	5.890537627002471	6.526354690283382	0.08821151107070606	0.9048581599354986	0.5577866953898362	0.2924775338364951		euclidean	transfo-xl-wt103	11	head
micro	-0.19286256328861623	6.323018544112312	7.45742475100365	0.08564965425212155	0.9066932164118359	0.5438640354391368	0.28434197886647455	13730.0	euclidean	transfo-xl-wt103	11	head
macro	-0.28188424107015203	5.866409424699335	6.5943279298193795	0.05810082567143432	0.8786653352944384	1.0202428357634186	0.3188713949194164		cosine	transfo-xl-wt103	0,1	head
micro	-0.2836533443569109	6.323707175932136	7.657538287495715	0.05184718830277555	0.8817915726380962	1.0249338300552382	0.31086972585531664	13730.0	cosine	transfo-xl-wt103	0,1	head
macro	-0.18505861050193292	5.866409424699335	6.5943279298193795	0.09362861370240806	0.9056105605603402	0.3833373922611026	0.2958909730184817		euclidean	transfo-xl-wt103	0,1	head
micro	-0.1881619638821178	6.323707175932136	7.657538287495715	0.08943844004676295	0.9061059311886546	0.37876901795828993	0.28375083130126355	13730.0	euclidean	transfo-xl-wt103	0,1	head
macro	-0.2857664137139575	5.869687730728868	6.44991174422823	0.057926756573888	0.8772920951342932	1.0207154150218731	0.31973299242187647		cosine	transfo-xl-wt103	0,2	head
micro	-0.28528213013477977	6.3363594546514275	7.391978721576933	0.05260730046336795	0.8812463543759507	1.0257671368732726	0.31190423409443585	13730.0	cosine	transfo-xl-wt103	0,2	head
macro	-0.18741181059617157	5.869687730728868	6.44991174422823	0.09247684014394277	0.9061555185005052	0.3982143821682696	0.29793116499266614		euclidean	transfo-xl-wt103	0,2	head
micro	-0.18884267998834717	6.3363594546514275	7.391978721576933	0.0896073083742184	0.9067390395814938	0.39031012020741984	0.2844897657577773	13730.0	euclidean	transfo-xl-wt103	0,2	head
macro	-0.27778346026956324	5.847164920464772	6.191359123500414	0.05764491213026848	0.8808125792893468	1.0194349181376132	0.3096861272256878		cosine	transfo-xl-wt103	0,3	head
micro	-0.27656003177255495	6.286898042079627	7.11979330030605	0.05278596660308761	0.8849186317590586	1.0224428961331276	0.30377595507278504	13730.0	cosine	transfo-xl-wt103	0,3	head
macro	-0.18438586571008367	5.847164920464772	6.191359123500414	0.09194751974457957	0.9108300503602512	0.38092637426140646	0.2935180413468523		euclidean	transfo-xl-wt103	0,3	head
micro	-0.18651675134980084	6.286898042079627	7.11979330030605	0.08768398468080427	0.9115698995427771	0.37378327762272634	0.28478533954038276	13730.0	euclidean	transfo-xl-wt103	0,3	head
macro	-0.2886112745121473	5.881655906071926	6.4946234023993314	0.05666457870423733	0.8777572851412794	1.021909373242629	0.31512075452700195		cosine	transfo-xl-wt103	0,4	head
micro	-0.28842920671932654	6.358873590173061	7.518403295721472	0.05201306140663077	0.8817859139846498	1.02433823428367	0.3066577994531885	13730.0	cosine	transfo-xl-wt103	0,4	head
macro	-0.19250531848715488	5.881655906071926	6.4946234023993314	0.09211350709588492	0.9060625475581646	0.3914444767320916	0.2907362918171164		euclidean	transfo-xl-wt103	0,4	head
micro	-0.19484544571255188	6.358873590173061	7.518403295721472	0.08698525934608459	0.9063821154047744	0.3838721536513478	0.2770265277469888	13730.0	euclidean	transfo-xl-wt103	0,4	head
macro	-0.28896438898965926	6.048799608347315	6.496312784670855	0.05602043012033201	0.87697131433328	1.0186887905526218	0.3103112179407062		cosine	transfo-xl-wt103	0,5	head
micro	-0.289986525187603	6.5412900579877284	7.601858737959173	0.051027262423700204	0.8794267328616945	1.0215046007167046	0.30251976649671175	13730.0	cosine	transfo-xl-wt103	0,5	head
macro	-0.19452924239127503	6.048799608347315	6.496312784670855	0.09220176550491324	0.9064283231525068	0.39174301647073456	0.2915160468787626		euclidean	transfo-xl-wt103	0,5	head
micro	-0.197476525681132	6.5412900579877284	7.601858737959173	0.08751419667534155	0.905881523442997	0.386177612666264	0.27769156875785117	13730.0	euclidean	transfo-xl-wt103	0,5	head
macro	-0.28432280200280974	5.916798438543893	6.545532824909852	0.05361007083546107	0.8768479187308925	1.0213625505261774	0.31455539055143555		cosine	transfo-xl-wt103	0,6	head
micro	-0.2823097329863386	6.372398994772081	7.539293478653179	0.048939555723490964	0.8809985158974033	1.0267497946634212	0.3079139880292618	13730.0	cosine	transfo-xl-wt103	0,6	head
macro	-0.18655031162438385	5.916798438543893	6.545532824909852	0.09000392040247278	0.9048765318179549	0.38743973730686265	0.2905973352253067		euclidean	transfo-xl-wt103	0,6	head
micro	-0.18796166309558585	6.372398994772081	7.539293478653179	0.086858712574454	0.9059489641865774	0.37751163074091126	0.28256853617084166	13730.0	euclidean	transfo-xl-wt103	0,6	head
macro	-0.27972620147892774	5.863395057135825	6.309342317462691	0.055875831089691456	0.8796133045654627	1.0239671620208732	0.3174587740576626		cosine	transfo-xl-wt103	0,7	head
micro	-0.27889292194666704	6.3169415739409995	7.228213912518463	0.05162937967067157	0.88436869506067	1.0271621786285738	0.30953964383359195	13730.0	cosine	transfo-xl-wt103	0,7	head
macro	-0.18528083964491104	5.863395057135825	6.309342317462691	0.09351136517639431	0.9085141205280255	0.3758942695078505	0.29740683322178224		euclidean	transfo-xl-wt103	0,7	head
micro	-0.18626120905106006	6.3169415739409995	7.228213912518463	0.08984644784623656	0.9104288884911175	0.3688724135766161	0.28633710189906153	13730.0	euclidean	transfo-xl-wt103	0,7	head
macro	-0.2808420445524202	5.799177806886883	6.713012521597776	0.055655176505387496	0.8779614140033629	1.0202764263308652	0.3145985762815982		cosine	transfo-xl-wt103	0,8	head
micro	-0.2824613180193665	6.235634045422605	7.82082269846065	0.05038676581769174	0.8808181706222695	1.025092178524976	0.30739673390970224	13730.0	cosine	transfo-xl-wt103	0,8	head
macro	-0.1882451897564359	5.799177806886883	6.713012521597776	0.09164313487677694	0.9075495878354984	0.3768959580394271	0.29739585643034916		euclidean	transfo-xl-wt103	0,8	head
micro	-0.1907549316576778	6.235634045422605	7.82082269846065	0.08763361696601528	0.9072653283548122	0.3735192243974844	0.2840464050838691	13730.0	euclidean	transfo-xl-wt103	0,8	head
macro	-0.2814322443913372	5.8084998287708185	6.2861918388403035	0.05807695680096789	0.8793901336661704	1.0283694951538234	0.31700420287782766		cosine	transfo-xl-wt103	0,9	head
micro	-0.2802433085983315	6.256115587045794	7.264064563569161	0.05206772928945294	0.8834933410183383	1.0329987804715464	0.30732284046405084	13730.0	cosine	transfo-xl-wt103	0,9	head
macro	-0.18584984965427426	5.8084998287708185	6.2861918388403035	0.09345333500795673	0.9091962275087657	0.39838315257974694	0.29880252628983855		euclidean	transfo-xl-wt103	0,9	head
micro	-0.1865307368942529	6.256115587045794	7.264064563569161	0.08798625818330466	0.9094953024524131	0.3923266623303066	0.2850070198773369	13730.0	euclidean	transfo-xl-wt103	0,9	head
macro	-0.2910264339796107	5.896945872291993	6.693240627699046	0.05543196428631987	0.8750839432907646	1.0247817391094551	0.31876713228534215		cosine	transfo-xl-wt103	0,10	head
micro	-0.2910207634918483	6.340366342144967	7.718074227952593	0.05054140382953534	0.8791018272037331	1.0269938036042314	0.3142688243552797	13730.0	cosine	transfo-xl-wt103	0,10	head
macro	-0.19182939940009952	5.896945872291993	6.693240627699046	0.0909702284350036	0.9048277681751454	0.39532910540867444	0.2955601527759225		euclidean	transfo-xl-wt103	0,10	head
micro	-0.19339141264053095	6.340366342144967	7.718074227952593	0.08792069285955843	0.905818488180983	0.3871230100328047	0.28389861819256634	13730.0	euclidean	transfo-xl-wt103	0,10	head
macro	-0.2905821810087065	5.8396687895503385	6.364022990791076	0.05415015817061014	0.8774690001635448	1.0219620588184886	0.31366409420524705		cosine	transfo-xl-wt103	0,11	head
micro	-0.2894128209471738	6.265167369550305	7.257153643912832	0.049506967179822545	0.8814169508042139	1.0248447182731477	0.3067316928988399	13730.0	cosine	transfo-xl-wt103	0,11	head
macro	-0.19119587469516486	5.8396687895503385	6.364022990791076	0.0907730766113443	0.9068422709739253	0.3911817998010278	0.29870377819949584		euclidean	transfo-xl-wt103	0,11	head
micro	-0.19415063385619882	6.265167369550305	7.257153643912832	0.0876133810617306	0.9083942076996031	0.38326631717887905	0.28788886425774035	13730.0	euclidean	transfo-xl-wt103	0,11	head
macro	-0.2757959115903432	5.9221928810962154	6.42089921446333	0.056452195829864056	0.878702253797815	1.024264681381017	0.3189638464184969		cosine	transfo-xl-wt103	1,2	head
micro	-0.27564496070107736	6.374557269286733	7.375005019497245	0.050860955860475135	0.8822247691037869	1.0301875017174305	0.3119781275400872	13730.0	cosine	transfo-xl-wt103	1,2	head
macro	-0.1829499478626919	5.9221928810962154	6.42089921446333	0.09458650737325792	0.9055520105240518	0.38955467925327797	0.29659592863532563		euclidean	transfo-xl-wt103	1,2	head
micro	-0.1857056080005141	6.374557269286733	7.375005019497245	0.09206500854907948	0.9061427984556863	0.38279540061562595	0.28249464272519026	13730.0	euclidean	transfo-xl-wt103	1,2	head
macro	-0.2744920310250724	5.78172316425099	6.355314598021794	0.055052728995864046	0.8805590157121791	1.0177760869789514	0.31854661304613585		cosine	transfo-xl-wt103	1,3	head
micro	-0.2767746855117151	6.21731480119962	7.467432426485768	0.04975335873583802	0.8827596774019917	1.0205547974041334	0.3104263651814084	13730.0	cosine	transfo-xl-wt103	1,3	head
macro	-0.18331151539306315	5.78172316425099	6.355314598021794	0.09310144892529794	0.9087716312753072	0.3743814064407429	0.29689959334254107		euclidean	transfo-xl-wt103	1,3	head
micro	-0.18709645690834456	6.21731480119962	7.467432426485768	0.08904141404811292	0.9073766693909928	0.3704864936160157	0.28382472474691495	13730.0	euclidean	transfo-xl-wt103	1,3	head
macro	-0.28561743106912396	5.918837727285638	6.538346822846885	0.054597870321985605	0.876259256231147	1.0166119737274326	0.3200153651547133		cosine	transfo-xl-wt103	1,4	head
micro	-0.2853168983276154	6.399564946875313	7.540128365374628	0.04945076179101583	0.8796609750621757	1.0203977080750861	0.3111652996379221	13730.0	cosine	transfo-xl-wt103	1,4	head
macro	-0.189951759800152	5.918837727285638	6.538346822846885	0.09413685457600672	0.9038313548294882	0.3863029572744835	0.292451636196524		euclidean	transfo-xl-wt103	1,4	head
micro	-0.1925535285123863	6.399564946875313	7.540128365374628	0.08974655901536219	0.9040258185912444	0.3810556922603158	0.2787999704426217	13730.0	euclidean	transfo-xl-wt103	1,4	head
macro	-0.28838013291962683	5.970377614726034	6.616567409345861	0.053064230723012785	0.8773025595974754	1.0152901552940483	0.31420274962260253		cosine	transfo-xl-wt103	1,5	head
micro	-0.2903283821175185	6.4237377450646	7.706997651970229	0.047549026838387534	0.8800271603091785	1.0200235731357101	0.30828345525751866	13730.0	cosine	transfo-xl-wt103	1,5	head
macro	-0.1900370139306768	5.970377614726034	6.616567409345861	0.09074925570746879	0.9046459028734672	0.3848859888014532	0.293153208155676		euclidean	transfo-xl-wt103	1,5	head
micro	-0.19469455867352867	6.4237377450646	7.706997651970229	0.0878805062151827	0.9041280404168182	0.37940836167481135	0.28153402793172244	13730.0	euclidean	transfo-xl-wt103	1,5	head
macro	-0.2866684480952822	5.903624403771634	6.512305300272721	0.05538332850462192	0.8784229024061713	1.01525414204998	0.318171417844356		cosine	transfo-xl-wt103	1,6	head
micro	-0.2869042894017241	6.350494490210012	7.632248803875335	0.05008459391711563	0.8803666380428655	1.0213234244828204	0.31234759476834406	13730.0	cosine	transfo-xl-wt103	1,6	head
macro	-0.18668215246548903	5.903624403771634	6.512305300272721	0.0929567255068885	0.905872389669836	0.377171779012904	0.29043628128923793		euclidean	transfo-xl-wt103	1,6	head
micro	-0.18979264562987527	6.350494490210012	7.632248803875335	0.08953139261824018	0.9057161366588848	0.37234280946741133	0.280647306583906	13730.0	euclidean	transfo-xl-wt103	1,6	head
macro	-0.283201636144629	5.928164897216288	6.491289563294202	0.054387977372150856	0.8794784581955494	1.0148678703883796	0.31825342883515684		cosine	transfo-xl-wt103	1,7	head
micro	-0.2850243197538938	6.356267602276525	7.5479491908759915	0.04985394630944821	0.8824746287206501	1.0198861735417903	0.30961353727924334	13730.0	cosine	transfo-xl-wt103	1,7	head
macro	-0.18771955101552085	5.928164897216288	6.491289563294202	0.09260593033298138	0.9058901011043707	0.37224091701831336	0.29358139545299455		euclidean	transfo-xl-wt103	1,7	head
micro	-0.190667916934427	6.356267602276525	7.5479491908759915	0.0887317327270061	0.90618558835278	0.36763369029997606	0.2813862410404197	13730.0	euclidean	transfo-xl-wt103	1,7	head
macro	-0.28012998962865276	5.8530596717144165	6.72274310976024	0.05444962842083638	0.8775725304942311	1.0192962114881123	0.3192773075451705		cosine	transfo-xl-wt103	1,8	head
micro	-0.2826367629752226	6.29771445690312	7.79107941403585	0.049746695268933716	0.881486424846394	1.02384721463614	0.31175644720313306	13730.0	cosine	transfo-xl-wt103	1,8	head
macro	-0.1878776259580718	5.8530596717144165	6.72274310976024	0.09157736039697988	0.9045784707543489	0.37311663090917024	0.2948166304622596		euclidean	transfo-xl-wt103	1,8	head
micro	-0.19120142534690085	6.29771445690312	7.79107941403585	0.08811633485485167	0.9052867689678703	0.3675159293913736	0.280056159018695	13730.0	euclidean	transfo-xl-wt103	1,8	head
macro	-0.27633880069451583	5.817731114153829	6.34700100669384	0.05763413990524416	0.8807771782461297	1.0220983611408023	0.3177075660364983		cosine	transfo-xl-wt103	1,9	head
micro	-0.27399413125550937	6.245846292459508	7.3570237089411705	0.05276115497760151	0.8843365289475908	1.0256034352965568	0.3097613241705461	13730.0	cosine	transfo-xl-wt103	1,9	head
macro	-0.18508371004506882	5.817731114153829	6.34700100669384	0.09390860404209925	0.9068213852191016	0.3842660007420773	0.29600161581215834		euclidean	transfo-xl-wt103	1,9	head
micro	-0.18702440109447033	6.245846292459508	7.3570237089411705	0.08994062738317514	0.9069010901551319	0.3778202322408189	0.2822729623882362	13730.0	euclidean	transfo-xl-wt103	1,9	head
macro	-0.28971113458741954	5.929789380464146	6.770211812436703	0.05296001163975307	0.8756029063880798	1.0180475165772225	0.31546167503517525		cosine	transfo-xl-wt103	1,10	head
micro	-0.29201280897838694	6.379562703955226	7.860396860377405	0.04739326067168909	0.8788249032823959	1.0204063688298493	0.3079878814749132	13730.0	cosine	transfo-xl-wt103	1,10	head
macro	-0.1902917913070142	5.929789380464146	6.770211812436703	0.0912424317753999	0.9035958674532204	0.38699656563903423	0.2921885032025834		euclidean	transfo-xl-wt103	1,10	head
micro	-0.19419903703728866	6.379562703955226	7.860396860377405	0.08658459786386946	0.9033918478577327	0.38281002320604324	0.28109066725781423	13730.0	euclidean	transfo-xl-wt103	1,10	head
macro	-0.28777979084651983	5.896465303972134	6.679134007443914	0.0514654517160424	0.8754836036048004	1.0097010493895153	0.32069863756121547		cosine	transfo-xl-wt103	1,11	head
micro	-0.2865748035832581	6.347892778004651	7.694131298756604	0.04635237292870479	0.8790876374513628	1.0126676381181186	0.3151555457030961	13730.0	cosine	transfo-xl-wt103	1,11	head
macro	-0.19017126595884876	5.896465303972134	6.679134007443914	0.09021811624116681	0.9033691444509425	0.385440327175025	0.29164850384328067		euclidean	transfo-xl-wt103	1,11	head
micro	-0.19347480722471494	6.347892778004651	7.694131298756604	0.087626321023297	0.9045038376374385	0.37802892146091904	0.28153402793172244	13730.0	euclidean	transfo-xl-wt103	1,11	head
macro	-0.27880543575829775	5.866227330431299	6.111261190320049	0.0603590970326116	0.8803734566555377	1.0225521308956134	0.3113497910138623		cosine	transfo-xl-wt103	2,3	head
micro	-0.27805768276303783	6.343200262534853	7.009100837864109	0.055001554481961944	0.8845539015521011	1.0252313049590427	0.30370206162713365	13730.0	cosine	transfo-xl-wt103	2,3	head
macro	-0.18346164563691356	5.866227330431299	6.111261190320049	0.09398557158482078	0.9098280375394922	0.38756088391987453	0.2929140284086406		euclidean	transfo-xl-wt103	2,3	head
micro	-0.18645648864761796	6.343200262534853	7.009100837864109	0.09107716817926942	0.9107976228910111	0.3779133174267548	0.28072120002955736	13730.0	euclidean	transfo-xl-wt103	2,3	head
macro	-0.28780603651786946	5.968847356057175	6.551860216473012	0.05521728334218233	0.8789367229307182	1.02148391845238	0.31238943793312823		cosine	transfo-xl-wt103	2,4	head
micro	-0.2889042195122282	6.431892759939161	7.615848586164631	0.05069872223961328	0.882263453329462	1.0271918281123003	0.3046626764206015	13730.0	cosine	transfo-xl-wt103	2,4	head
macro	-0.19108118227307716	5.968847356057175	6.551860216473012	0.09273286029302845	0.9062259911102215	0.39990596737509165	0.291273950476549		euclidean	transfo-xl-wt103	2,4	head
micro	-0.1944192125843726	6.431892759939161	7.615848586164631	0.0886125998178032	0.9058776949345755	0.39479981980671613	0.2763614867361265	13730.0	euclidean	transfo-xl-wt103	2,4	head
macro	-0.2873408921711471	5.950956236899961	6.550132741523096	0.054978247165378	0.8780228751103057	1.0217253610413806	0.31075522881604584		cosine	transfo-xl-wt103	2,5	head
micro	-0.2844674615967009	6.442151850851729	7.59780040738278	0.04981930484559512	0.8807275059325798	1.02488462439864	0.3031109140619227	13730.0	cosine	transfo-xl-wt103	2,5	head
macro	-0.18852529895892908	5.950956236899961	6.550132741523096	0.09327805287345602	0.9060590963374637	0.39698995732538045	0.2921469071262478		euclidean	transfo-xl-wt103	2,5	head
micro	-0.1906106135587276	6.442151850851729	7.59780040738278	0.09064605444181119	0.905987070138973	0.38747201379379215	0.27924333111653	13730.0	euclidean	transfo-xl-wt103	2,5	head
macro	-0.28989141613980446	5.887293362883416	6.387713154978478	0.055876905286389326	0.8786534113182682	1.0222626061481757	0.3177491755526235		cosine	transfo-xl-wt103	2,6	head
micro	-0.28696929497962803	6.3396866701452375	7.4480731138618035	0.051288707462983175	0.8816596809841967	1.028179805042835	0.31256927510529814	13730.0	cosine	transfo-xl-wt103	2,6	head
macro	-0.18617026402919157	5.887293362883416	6.387713154978478	0.0918764793705969	0.9066289166965109	0.39401259815586986	0.2972360257366975		euclidean	transfo-xl-wt103	2,6	head
micro	-0.188000354618614	6.3396866701452375	7.4480731138618035	0.08832352922265053	0.9068833888139552	0.3843753710792745	0.28508091332298824	13730.0	euclidean	transfo-xl-wt103	2,6	head
macro	-0.2794488821667672	5.884746972969393	6.442209971183847	0.058049546931169586	0.8801641879700802	1.0173603803753037	0.31083736458253847		cosine	transfo-xl-wt103	2,7	head
micro	-0.2783934336095698	6.344391379281192	7.4489217655382784	0.05310439176663334	0.8846473955893317	1.0226428657284303	0.30200251237715214	13730.0	cosine	transfo-xl-wt103	2,7	head
macro	-0.18428708969884722	5.884746972969393	6.442209971183847	0.09532801562083774	0.9085003985255757	0.3814091959933475	0.2982743739542655		euclidean	transfo-xl-wt103	2,7	head
micro	-0.18619437325904747	6.344391379281192	7.4489217655382784	0.0916378314635569	0.9095234448669935	0.3716126935312567	0.2834552575186581	13730.0	euclidean	transfo-xl-wt103	2,7	head
macro	-0.2870817572413577	5.880011149081201	6.675729389675697	0.05444436380434865	0.8768613674440678	1.0264175185184785	0.31577565469499613		cosine	transfo-xl-wt103	2,8	head
micro	-0.28539266384092044	6.325055630033252	7.6895181243719195	0.049964224445045294	0.8813922283049969	1.028919367002343	0.3081356683662159	13730.0	cosine	transfo-xl-wt103	2,8	head
macro	-0.19212454877188206	5.880011149081201	6.675729389675697	0.09023858143758152	0.9059971456538518	0.39189694324399577	0.2980947022168461		euclidean	transfo-xl-wt103	2,8	head
micro	-0.1933489447548016	6.325055630033252	7.6895181243719195	0.08734954808341906	0.9070616277316417	0.3816686326747886	0.2864109953447129	13730.0	euclidean	transfo-xl-wt103	2,8	head
macro	-0.2745958713467399	5.885243027973765	6.360814181938782	0.059104592894648825	0.8805971280655998	1.0221233983405649	0.3151187473668733		cosine	transfo-xl-wt103	2,9	head
micro	-0.268877129227851	6.309350187346623	7.358354255872027	0.05430887153840627	0.8848510957402241	1.0258586487422754	0.3071011601270967	13730.0	cosine	transfo-xl-wt103	2,9	head
macro	-0.18669174643596556	5.885243027973765	6.360814181938782	0.09410850834267259	0.9086457458631803	0.3954242959006943	0.29629650054414386		euclidean	transfo-xl-wt103	2,9	head
micro	-0.18618579685315167	6.309350187346623	7.358354255872027	0.09055565300330555	0.9092385687174759	0.3842932330192794	0.2836769378556122	13730.0	euclidean	transfo-xl-wt103	2,9	head
macro	-0.28993653130787145	5.917035002430452	6.496586759638277	0.054666924435369274	0.8757468470486757	1.0273983755807239	0.31497346237916846		cosine	transfo-xl-wt103	2,10	head
micro	-0.2889075463012407	6.400151148181229	7.430959600815088	0.04997802280278261	0.8801976509082963	1.030226117513609	0.3084312421488214	13730.0	cosine	transfo-xl-wt103	2,10	head
macro	-0.19104639561083447	5.917035002430452	6.496586759638277	0.09184656521519183	0.9057277713698398	0.3977087303401961	0.28853371887856205		euclidean	transfo-xl-wt103	2,10	head
micro	-0.19261629758443063	6.400151148181229	7.430959600815088	0.08879726805894389	0.9067638319300806	0.3889665284634621	0.2747358309317964	13730.0	euclidean	transfo-xl-wt103	2,10	head
macro	-0.28822637811267676	5.904366688767997	6.552088317022373	0.05507801127606741	0.8749621240200488	1.0182676032395146	0.31566347374057696		cosine	transfo-xl-wt103	2,11	head
micro	-0.2856971467654582	6.352518850182236	7.424990530102622	0.050848786374956975	0.880103789336529	1.0206504871276374	0.3096874307248947	13730.0	cosine	transfo-xl-wt103	2,11	head
macro	-0.19072971697232588	5.904366688767997	6.552088317022373	0.09254142357930208	0.9053261623591936	0.398797598653262	0.2887587351532064		euclidean	transfo-xl-wt103	2,11	head
micro	-0.1912502851079309	6.352518850182236	7.424990530102622	0.08989592184536324	0.9069628879760588	0.388581036318467	0.27902165077957586	13730.0	euclidean	transfo-xl-wt103	2,11	head
macro	-0.27731282417000824	5.87591627107752	6.258672035667038	0.057962213671942424	0.8808495700694152	1.0191046018373486	0.30795705878863877		cosine	transfo-xl-wt103	3,4	head
micro	-0.27783326524177254	6.3465192078556285	7.2340655032339765	0.052524137088619534	0.8844285151326121	1.0195995772379185	0.2975689056380699	13730.0	cosine	transfo-xl-wt103	3,4	head
macro	-0.18438703150139804	5.87591627107752	6.258672035667038	0.09321233411279191	0.9091458031359396	0.3853986385174941	0.29205868876531943		euclidean	transfo-xl-wt103	3,4	head
micro	-0.18792808704465713	6.3465192078556285	7.2340655032339765	0.08875232068221217	0.9086334686967523	0.38060081392177064	0.27857829010566765	13730.0	euclidean	transfo-xl-wt103	3,4	head
macro	-0.2850684617152368	5.910071797475049	6.607383132631366	0.05380711783693274	0.8775809488830423	1.02048804679225	0.31274944561208595		cosine	transfo-xl-wt103	3,5	head
micro	-0.28343804355247965	6.384159510916929	7.6588664824112715	0.0499391755802126	0.8817580153252169	1.0231601618995698	0.30429320919234465	13730.0	cosine	transfo-xl-wt103	3,5	head
macro	-0.18683232940494465	5.910071797475049	6.607383132631366	0.09046254578474743	0.9061020824901806	0.38919878889166765	0.29251916780314696		euclidean	transfo-xl-wt103	3,5	head
micro	-0.18960716204735717	6.384159510916929	7.6588664824112715	0.08670353538847084	0.9066637186830917	0.3787171624339273	0.28079509347520876	13730.0	euclidean	transfo-xl-wt103	3,5	head
macro	-0.2761332593985379	5.902206338304971	6.052765941439017	0.054375414566462825	0.8808457585651345	1.01853217805186	0.3118741148982569		cosine	transfo-xl-wt103	3,6	head
micro	-0.275086326031655	6.354817850248454	6.931085722698599	0.0486333386882358	0.885062619892207	1.0231670360067981	0.3076184142466563	13730.0	cosine	transfo-xl-wt103	3,6	head
macro	-0.18296646203198602	5.902206338304971	6.052765941439017	0.09292475078761903	0.9090427587022712	0.3727814945520409	0.294509769975781		euclidean	transfo-xl-wt103	3,6	head
micro	-0.185539319482261	6.354817850248454	6.931085722698599	0.0889711184374037	0.9095640394683745	0.3648047369120484	0.28338136407300674	13730.0	euclidean	transfo-xl-wt103	3,6	head
macro	-0.2798136739519816	5.83180097687906	6.248135634745017	0.05677403755547532	0.8811898658200354	1.019427066485559	0.3132581181927197		cosine	transfo-xl-wt103	3,7	head
micro	-0.2776645277865008	6.246373765055046	7.227609742314956	0.05211478440097401	0.8853444629572936	1.0218125675276732	0.3044409960836474	13730.0	cosine	transfo-xl-wt103	3,7	head
macro	-0.1832634110676897	5.83180097687906	6.248135634745017	0.09268750228808133	0.9098217535299175	0.36614920409575236	0.29105129824067666		euclidean	transfo-xl-wt103	3,7	head
micro	-0.18484146805279414	6.246373765055046	7.227609742314956	0.08867086697038387	0.9106457036563279	0.35816434137507036	0.2805734131382546	13730.0	euclidean	transfo-xl-wt103	3,7	head
macro	-0.2757032812531933	5.783803064105307	6.512775810975235	0.05711800495376377	0.8804569580836908	1.0271669037139182	0.3158660955587943		cosine	transfo-xl-wt103	3,8	head
micro	-0.27497148179195974	6.206665200459452	7.521219872623055	0.052293953010661746	0.8845890953158853	1.030184101535922	0.30680558634449123	13730.0	cosine	transfo-xl-wt103	3,8	head
macro	-0.18455996320053575	5.783803064105307	6.512775810975235	0.08802397443629342	0.9088589767169655	0.3703109757333707	0.2990054238001253		euclidean	transfo-xl-wt103	3,8	head
micro	-0.18704468416006687	6.206665200459452	7.521219872623055	0.08433157483040721	0.909553687144371	0.36291159710232374	0.28604152811645606	13730.0	euclidean	transfo-xl-wt103	3,8	head
macro	-0.2662695188448932	5.811823629680236	6.133287149909524	0.05953260312430227	0.8844853439632441	1.0212707737497109	0.31246242009832376		cosine	transfo-xl-wt103	3,9	head
micro	-0.26391952054721046	6.260875200268176	7.091707299681745	0.05383563122960262	0.8885431214068559	1.0222549945182815	0.30370206162713365	13730.0	cosine	transfo-xl-wt103	3,9	head
macro	-0.18021202599150743	5.811823629680236	6.133287149909524	0.09319654776831918	0.9129154344648079	0.38296166055035835	0.2978000121986807		euclidean	transfo-xl-wt103	3,9	head
micro	-0.1813080492463903	6.260875200268176	7.091707299681745	0.08956217393816439	0.9130252846525797	0.3746249207908774	0.2858937412251533	13730.0	euclidean	transfo-xl-wt103	3,9	head
macro	-0.28344173914190907	5.853778001482202	6.506740840380348	0.05325497972228053	0.8771656748247422	1.0261188728380883	0.30949706328570575		cosine	transfo-xl-wt103	3,10	head
micro	-0.28249682327442366	6.286533268396924	7.453064285904459	0.04745745174330234	0.8814996053690944	1.0265701584626312	0.30030296312717064	13730.0	cosine	transfo-xl-wt103	3,10	head
macro	-0.1884868027816227	5.853778001482202	6.506740840380348	0.08878229410621573	0.905487770872333	0.38547789084654854	0.28978705495939655		euclidean	transfo-xl-wt103	3,10	head
micro	-0.19061078573973203	6.286533268396924	7.453064285904459	0.08476556911535028	0.9060686487798028	0.378327154357712	0.27924333111653	13730.0	euclidean	transfo-xl-wt103	3,10	head
macro	-0.2816619342908939	5.884029297880292	6.536791436096652	0.053074778865054614	0.8775852335417441	1.0211612011709368	0.3131811611956262		cosine	transfo-xl-wt103	3,11	head
micro	-0.27877490046313647	6.3165153495563064	7.580583311353536	0.04862676063083269	0.8818120418821577	1.024037446323189	0.3054016108771152	13730.0	cosine	transfo-xl-wt103	3,11	head
macro	-0.18751364924925495	5.884029297880292	6.536791436096652	0.09132951165554037	0.9076957996000432	0.38555611588041455	0.2968429037723614		euclidean	transfo-xl-wt103	3,11	head
micro	-0.18872793599726162	6.3165153495563064	7.580583311353536	0.08826482367264554	0.9087102951957621	0.3765967005171975	0.2867065691273184	13730.0	euclidean	transfo-xl-wt103	3,11	head
macro	-0.2889164168785828	6.002057799255832	6.825046280795201	0.053166031165885384	0.8762492341042493	1.012322931029346	0.31292407377635023		cosine	transfo-xl-wt103	4,5	head
micro	-0.29109890470755406	6.493135157459578	8.01237333475755	0.04906705234338293	0.8790413629140057	1.0158673855611406	0.3046626764206015	13730.0	cosine	transfo-xl-wt103	4,5	head
macro	-0.1886548202302209	6.002057799255832	6.825046280795201	0.09004729432383442	0.9046065802404906	0.39728790426227323	0.29121726321206154		euclidean	transfo-xl-wt103	4,5	head
micro	-0.19288425567540557	6.493135157459578	8.01237333475755	0.08517856965868788	0.903854070152573	0.3936163973606743	0.2774698884208971	13730.0	euclidean	transfo-xl-wt103	4,5	head
macro	-0.2894587666310401	5.86044028613972	6.674991445247068	0.05333599889332329	0.8766356100502853	1.013237359574805	0.3146384288682302		cosine	transfo-xl-wt103	4,6	head
micro	-0.290046957624999	6.287741148224565	7.753032604867769	0.04819182585588628	0.879835024654917	1.019498577626827	0.30517993054016107	13730.0	cosine	transfo-xl-wt103	4,6	head
macro	-0.1916323657063909	5.86044028613972	6.674991445247068	0.09085841823232493	0.9037444661858162	0.393868628887091	0.28846267023475153		euclidean	transfo-xl-wt103	4,6	head
micro	-0.19547900304820842	6.287741148224565	7.753032604867769	0.08565755823697033	0.9039285524430345	0.39043627321203755	0.27621369984482375	13730.0	euclidean	transfo-xl-wt103	4,6	head
macro	-0.28240063626000156	5.855742286422272	6.388628056054147	0.05661767335867528	0.8778730480018554	1.015778596276186	0.31643580272079863		cosine	transfo-xl-wt103	4,7	head
micro	-0.28215927469113566	6.279326337644352	7.381723704342343	0.051491138493807966	0.881742616001517	1.0204805706574616	0.3092440700509865	13730.0	cosine	transfo-xl-wt103	4,7	head
macro	-0.1885891906461981	5.855742286422272	6.388628056054147	0.0929706409957318	0.9065666070177245	0.3800920757170265	0.2939534647305068		euclidean	transfo-xl-wt103	4,7	head
micro	-0.19074042906137162	6.279326337644352	7.381723704342343	0.08876078209803173	0.9066990565171364	0.37449703414603813	0.28153402793172244	13730.0	euclidean	transfo-xl-wt103	4,7	head
macro	-0.28545249973550235	5.830963295189818	6.771605647713478	0.05655507505515962	0.8767373580065121	1.0204908269525639	0.3143559848556712		cosine	transfo-xl-wt103	4,8	head
micro	-0.2865564501551051	6.274039216145749	7.834094334687681	0.05210150592142809	0.8809498060657636	1.0269337392691464	0.30732284046405084	13730.0	cosine	transfo-xl-wt103	4,8	head
macro	-0.18957838236395524	5.830963295189818	6.771605647713478	0.08882177085314165	0.9050393707611363	0.3891871824016388	0.2950217007760606		euclidean	transfo-xl-wt103	4,8	head
micro	-0.1932130001514546	6.274039216145749	7.834094334687681	0.08464106945321172	0.9054675812876123	0.3841383982826467	0.2841202985295204	13730.0	euclidean	transfo-xl-wt103	4,8	head
macro	-0.279746855454975	5.781912266026741	6.2064563974322855	0.05684159292476295	0.8817155275009875	1.0218148543137282	0.31191334068479765		cosine	transfo-xl-wt103	4,9	head
micro	-0.2789170009613533	6.23459610532046	7.165034800493632	0.052323369224777615	0.8856162808092837	1.0251080378819857	0.3036281681814823	13730.0	cosine	transfo-xl-wt103	4,9	head
macro	-0.18559946064193886	5.781912266026741	6.2064563974322855	0.09400221491811768	0.9085097195003253	0.39827124429394417	0.2936413432322454		euclidean	transfo-xl-wt103	4,9	head
micro	-0.18817116584358748	6.23459610532046	7.165034800493632	0.08991744247184133	0.9088175207463571	0.3922473161747979	0.280056159018695	13730.0	euclidean	transfo-xl-wt103	4,9	head
macro	-0.2897658326090166	5.890038049488046	6.61960356102037	0.055878405667288356	0.8752875199851445	1.02423165559935	0.31541491558379553		cosine	transfo-xl-wt103	4,10	head
micro	-0.29292736198433067	6.348881022768669	7.690332540568884	0.05026798426268848	0.8784284711972471	1.0272438269956223	0.3053277174314638	13730.0	cosine	transfo-xl-wt103	4,10	head
macro	-0.19177287047941544	5.890038049488046	6.61960356102037	0.09127842980717567	0.9047626546785504	0.3978170459526507	0.2869223029043169		euclidean	transfo-xl-wt103	4,10	head
micro	-0.19613431650098373	6.348881022768669	7.690332540568884	0.08650103093532859	0.9041823994789684	0.39479771251750856	0.27192787999704426	13730.0	euclidean	transfo-xl-wt103	4,10	head
macro	-0.28633708005040837	5.921672188465572	6.387064189116214	0.05717647573737349	0.8768216489456644	1.0144677198040957	0.31625044954860454		cosine	transfo-xl-wt103	4,11	head
micro	-0.28619677959514334	6.377324828497612	7.271767175179173	0.051173153149473315	0.8815333099730529	1.018581093864233	0.30931796349663787	13730.0	cosine	transfo-xl-wt103	4,11	head
macro	-0.18918888492150263	5.921672188465572	6.387064189116214	0.0906223604513297	0.9056109163269683	0.3938840188019485	0.2930131804687024		euclidean	transfo-xl-wt103	4,11	head
micro	-0.19195825163961633	6.377324828497612	7.271767175179173	0.08714939060159933	0.9064328639590382	0.3873476254506221	0.28308579029040126	13730.0	euclidean	transfo-xl-wt103	4,11	head
macro	-0.28949568457345154	5.971294782428783	6.628790228755481	0.05192780958811296	0.8754056448249942	1.0184845030653935	0.31156496719696386		cosine	transfo-xl-wt103	5,6	head
micro	-0.2885085138021254	6.458454545646436	7.7424693151523405	0.04732797736598725	0.8782321425861842	1.0228976378458885	0.30525382398581247	13730.0	cosine	transfo-xl-wt103	5,6	head
macro	-0.1883731135492732	5.971294782428783	6.628790228755481	0.08867104973065829	0.9041841093410189	0.38607070750364475	0.2897395855485324		euclidean	transfo-xl-wt103	5,6	head
micro	-0.19147094015549315	6.458454545646436	7.7424693151523405	0.08559356634107795	0.9040022340617553	0.3779404597799245	0.2790955442252272	13730.0	euclidean	transfo-xl-wt103	5,6	head
macro	-0.28982905640423395	5.919351790601518	6.602206084104792	0.0557920236768404	0.8763906804549255	1.0124195769084394	0.3084976763501076		cosine	transfo-xl-wt103	5,7	head
micro	-0.2897112880982499	6.36287909082062	7.709678535245067	0.05110677853082504	0.8792715412327133	1.0184153200367931	0.30340648784452817	13730.0	cosine	transfo-xl-wt103	5,7	head
macro	-0.18982989608501113	5.919351790601518	6.602206084104792	0.09143788401106873	0.9063113711395806	0.3816428955929005	0.2866058710015735		euclidean	transfo-xl-wt103	5,7	head
micro	-0.1927557612861055	6.36287909082062	7.709678535245067	0.08835481001004664	0.9063677064082768	0.37313262935738906	0.27503140471440185	13730.0	euclidean	transfo-xl-wt103	5,7	head
macro	-0.29260900206621426	5.839856427833898	7.0754081810839615	0.053665673120179024	0.8740178839452525	1.015757555861187	0.31433850258896195		cosine	transfo-xl-wt103	5,8	head
micro	-0.29369906004873747	6.2753339842404	8.258478538775327	0.04913825419249142	0.8771004080590448	1.0218608163438716	0.30857902904012413	13730.0	cosine	transfo-xl-wt103	5,8	head
macro	-0.1915477079661118	5.839856427833898	7.0754081810839615	0.08736073299113681	0.9033706424147909	0.3856834644852266	0.29111152229546833		euclidean	transfo-xl-wt103	5,8	head
micro	-0.19460057557210142	6.2753339842404	8.258478538775327	0.08495592894007868	0.9034016469571556	0.3801091080764534	0.2799083721273923	13730.0	euclidean	transfo-xl-wt103	5,8	head
macro	-0.2854000433477066	5.975333564340671	6.254738035075221	0.05591318740238756	0.8793365686708335	1.015326998206064	0.3069399984521897		cosine	transfo-xl-wt103	5,9	head
micro	-0.28505879796005595	6.439340773257239	7.170540849774471	0.05066407424237569	0.8833802887306933	1.0185147277472062	0.3005985369097761	13730.0	cosine	transfo-xl-wt103	5,9	head
macro	-0.18833407652881368	5.975333564340671	6.254738035075221	0.09063294507264297	0.9071130376263112	0.39742461949580093	0.2917124331312276		euclidean	transfo-xl-wt103	5,9	head
micro	-0.19119950179048803	6.439340773257239	7.170540849774471	0.08721167241113785	0.9079387343315795	0.38860991854060994	0.27724820808394296	13730.0	euclidean	transfo-xl-wt103	5,9	head
macro	-0.2952094461280138	6.008358892123105	6.683282530892775	0.050939161067793955	0.8750072569542534	1.0187387174012184	0.31456821868326473		cosine	transfo-xl-wt103	5,10	head
micro	-0.2971452461046531	6.478999908462553	7.785563036312844	0.046365008529835404	0.8777249839998188	1.0246692046523727	0.3092440700509865	13730.0	cosine	transfo-xl-wt103	5,10	head
macro	-0.1935628913898326	6.008358892123105	6.683282530892775	0.08966628582055762	0.9028996672468576	0.39963763820391185	0.2880144629604949		euclidean	transfo-xl-wt103	5,10	head
micro	-0.19693858131503286	6.478999908462553	7.785563036312844	0.0856826735661641	0.9024679788771737	0.39269814626509186	0.276065912953521	13730.0	euclidean	transfo-xl-wt103	5,10	head
macro	-0.29620941305204856	5.917555254796344	6.662960868188915	0.052530887081710775	0.8762807259377665	1.0143624424393685	0.3130116236831882		cosine	transfo-xl-wt103	5,11	head
micro	-0.29633218647662013	6.363166137422542	7.705966901587553	0.047132634574862955	0.8797176138107285	1.0187757871091	0.30687947979014263	13730.0	cosine	transfo-xl-wt103	5,11	head
macro	-0.1929143913291221	5.917555254796344	6.662960868188915	0.08931065368376068	0.9047280525112182	0.3973912207807613	0.2891083518194844		euclidean	transfo-xl-wt103	5,11	head
micro	-0.19603289772447433	6.363166137422542	7.705966901587553	0.08655614853213422	0.9049955675569228	0.38924899031623195	0.28035173280130055	13730.0	euclidean	transfo-xl-wt103	5,11	head
macro	-0.2852994711429992	5.865514769341232	6.361881440942436	0.05507066031113444	0.8785674771364906	1.0192814305795939	0.3154748385467055		cosine	transfo-xl-wt103	6,7	head
micro	-0.2855146571418709	6.286151012294135	7.3407599308035065	0.0501703543111743	0.882557162446246	1.0232073134937982	0.307544520801005	13730.0	cosine	transfo-xl-wt103	6,7	head
macro	-0.1858556497423964	5.865514769341232	6.361881440942436	0.09084744764707356	0.9066609481152218	0.3702904934201977	0.2949939973954667		euclidean	transfo-xl-wt103	6,7	head
micro	-0.18823154895109964	6.286151012294135	7.3407599308035065	0.08727349347000639	0.9076743559737289	0.36145074223831586	0.283233577181704	13730.0	euclidean	transfo-xl-wt103	6,7	head
macro	-0.29164871528969205	5.8046941761165645	6.734918369937346	0.055177953314151804	0.8773988119135643	1.0205630903111353	0.31179186301690703		cosine	transfo-xl-wt103	6,8	head
micro	-0.2924962249116161	6.254510701810451	7.854553465180333	0.05021048991148566	0.8807568980797438	1.026428363794071	0.3046626764206015	13730.0	cosine	transfo-xl-wt103	6,8	head
macro	-0.1937608924097411	5.8046941761165645	6.734918369937346	0.08851875623462237	0.905560505961069	0.37831135259513937	0.28876863375980005		euclidean	transfo-xl-wt103	6,8	head
micro	-0.19664207689258495	6.254510701810451	7.854553465180333	0.08559720645921905	0.9056554697488404	0.3724805276241482	0.2771004211926402	13730.0	euclidean	transfo-xl-wt103	6,8	head
macro	-0.2700331130645692	5.8123784473186	6.1505605469378715	0.0587009084430182	0.882122536984924	1.0214522650129199	0.31340559862153533		cosine	transfo-xl-wt103	6,9	head
micro	-0.266804191164819	6.26561787334887	7.13501997188209	0.05354121958198484	0.8853596194622089	1.024894648322916	0.3076923076923077	13730.0	cosine	transfo-xl-wt103	6,9	head
macro	-0.18116915318019564	5.8123784473186	6.1505605469378715	0.09354932531652867	0.9094800146432349	0.379043292455364	0.29577675341811527		euclidean	transfo-xl-wt103	6,9	head
micro	-0.18183432979769984	6.26561787334887	7.13501997188209	0.08931168126026687	0.909608695584963	0.3713491148186848	0.28301189684474987	13730.0	euclidean	transfo-xl-wt103	6,9	head
macro	-0.2978258794856856	5.955631978034157	6.8774003454373815	0.05333935740462224	0.8739389305869891	1.0209889421419516	0.3124434731006012		cosine	transfo-xl-wt103	6,10	head
micro	-0.29959196919177317	6.397760339321106	8.002675511069876	0.04808840993470947	0.8770729879766402	1.025529757259684	0.3041454223010419	13730.0	cosine	transfo-xl-wt103	6,10	head
macro	-0.19399840828154422	5.955631978034157	6.8774003454373815	0.08938294697222512	0.9028309183008932	0.3919905262760904	0.28722779117143815		euclidean	transfo-xl-wt103	6,10	head
micro	-0.19717819105801215	6.397760339321106	8.002675511069876	0.08481834697860385	0.9026967452749399	0.3875572445213973	0.27421857681223677	13730.0	euclidean	transfo-xl-wt103	6,10	head
macro	-0.2944588279158848	5.899504527973829	6.33818162711794	0.05384210576116836	0.8777873220253709	1.01660808746931	0.3135702738683796		cosine	transfo-xl-wt103	6,11	head
micro	-0.29521502500582864	6.330391604653496	7.296345065864422	0.04919486619454458	0.8822611784446289	1.0200542683092768	0.30695337323579397	13730.0	cosine	transfo-xl-wt103	6,11	head
macro	-0.19133873473545515	5.899504527973829	6.33818162711794	0.08844463897046234	0.9061673262904967	0.3883258979639438	0.29184492606503254		euclidean	transfo-xl-wt103	6,11	head
micro	-0.1945060099147851	6.330391604653496	7.296345065864422	0.08525478821050336	0.9069212149355577	0.38083228321442864	0.2827163230621444	13730.0	euclidean	transfo-xl-wt103	6,11	head
macro	-0.28342221482535684	5.80769516519191	6.879643864310791	0.05467126517725228	0.8785651775312049	1.019750704380476	0.3128232376281831		cosine	transfo-xl-wt103	7,8	head
micro	-0.28324178218688	6.239372762301411	8.031723679614753	0.050689185292854086	0.8824875788030768	1.0231580443112844	0.304367102637996	13730.0	cosine	transfo-xl-wt103	7,8	head
macro	-0.18870716872237744	5.80769516519191	6.879643864310791	0.08940822539494729	0.9066999980390945	0.3704000030435442	0.2929600864389036		euclidean	transfo-xl-wt103	7,8	head
micro	-0.19193050780048745	6.239372762301411	8.031723679614753	0.08561244165128802	0.9075638598342041	0.3648055038039612	0.2813862410404197	13730.0	euclidean	transfo-xl-wt103	7,8	head
macro	-0.2755325880477552	5.852115254937711	6.551991575153334	0.05847220784020029	0.8800732997666979	1.0142247208880353	0.313476570654496		cosine	transfo-xl-wt103	7,9	head
micro	-0.2741385517368216	6.283049928357707	7.578831820971132	0.054174070787478316	0.8848768214162273	1.0177309812936746	0.30370206162713365	13730.0	cosine	transfo-xl-wt103	7,9	head
macro	-0.18247720696471548	5.852115254937711	6.551991575153334	0.09179279057045465	0.9075311908671931	0.3794540534866527	0.28834104731026033		euclidean	transfo-xl-wt103	7,9	head
micro	-0.1837634385348265	6.283049928357707	7.578831820971132	0.08826103318176495	0.9083846844250407	0.3712391638637	0.27547476538831006	13730.0	euclidean	transfo-xl-wt103	7,9	head
macro	-0.28526016910088287	5.833417928983986	6.441352957687352	0.055416388814776535	0.8770406959469605	1.0215279104554607	0.3159941364883717		cosine	transfo-xl-wt103	7,10	head
micro	-0.28584702472570067	6.247239305959285	7.452271781548449	0.050351399473266945	0.8807996848836822	1.0234809757603112	0.30680558634449123	13730.0	cosine	transfo-xl-wt103	7,10	head
macro	-0.18768911870858104	5.833417928983986	6.441352957687352	0.09083959067307913	0.907222856070716	0.37440899167388003	0.29156758411238065		euclidean	transfo-xl-wt103	7,10	head
micro	-0.1899884574129396	6.247239305959285	7.452271781548449	0.08765866831539272	0.9078088976952743	0.36771589437796715	0.278652183551319	13730.0	euclidean	transfo-xl-wt103	7,10	head
macro	-0.2852628770825917	5.8658554786356	6.705472108004578	0.05545288551412181	0.8771408708704546	1.0164510959498916	0.3145557870647886		cosine	transfo-xl-wt103	7,11	head
micro	-0.2840240574098002	6.295906464795261	7.6824909180027525	0.050995686646355946	0.8815922015211969	1.0201099049997149	0.3066577994531885	13730.0	cosine	transfo-xl-wt103	7,11	head
macro	-0.18718802207682864	5.8658554786356	6.705472108004578	0.09039312438639358	0.9050878295727842	0.3812563498919215	0.2894596500109446		euclidean	transfo-xl-wt103	7,11	head
micro	-0.1898514472961586	6.295906464795261	7.6824909180027525	0.08757146767686644	0.9061663011515438	0.37381702803201494	0.2809428803665115	13730.0	euclidean	transfo-xl-wt103	7,11	head
macro	-0.2831851667201992	5.8254568656037184	6.652793366842468	0.05734918532082123	0.8789782032964738	1.0188745659885283	0.3125297372407157		cosine	transfo-xl-wt103	8,9	head
micro	-0.28232382084357044	6.261265590686917	7.7465710686852285	0.052513875172353994	0.88240804497552	1.0220462214035282	0.30503214364885833	13730.0	cosine	transfo-xl-wt103	8,9	head
macro	-0.18809659468795828	5.8254568656037184	6.652793366842468	0.0908344204054314	0.9066717384042264	0.3890383929799031	0.2942241008352105		euclidean	transfo-xl-wt103	8,9	head
micro	-0.19016800883564583	6.261265590686917	7.7465710686852285	0.08747933154333593	0.9071684557221354	0.38200907130864814	0.2801300524643464	13730.0	euclidean	transfo-xl-wt103	8,9	head
macro	-0.29339653377288055	5.870470345252181	7.034957723271979	0.05396850258320998	0.8743126338568299	1.0217587971466824	0.3114854935436612		cosine	transfo-xl-wt103	8,10	head
micro	-0.2927047838673219	6.331144976501543	8.189367065948291	0.049342962395021506	0.8779950583122341	1.0260087447496995	0.304367102637996	13730.0	cosine	transfo-xl-wt103	8,10	head
macro	-0.1924131286983729	5.870470345252181	7.034957723271979	0.08552203613169915	0.9022565466986275	0.3869594075480388	0.29329356338446666		euclidean	transfo-xl-wt103	8,10	head
micro	-0.1939182901740395	6.331144976501543	8.189367065948291	0.082319595096468	0.9025568959923358	0.381211601417295	0.2827163230621444	13730.0	euclidean	transfo-xl-wt103	8,10	head
macro	-0.2893687464840357	5.94574591616127	6.753416561544097	0.05303581839128231	0.8746157635986807	1.0148002379334973	0.31143610779420156		cosine	transfo-xl-wt103	8,11	head
micro	-0.2869621128977857	6.3748432703347175	7.778109818351333	0.04851278737964115	0.8794696028527522	1.0182053790464551	0.306362225670583	13730.0	cosine	transfo-xl-wt103	8,11	head
macro	-0.19296510040077744	5.94574591616127	6.753416561544097	0.08652681874577668	0.9045128151254286	0.38584906365453525	0.2895507210128396		euclidean	transfo-xl-wt103	8,11	head
micro	-0.19414132562812275	6.3748432703347175	7.778109818351333	0.08376615667471261	0.9062476894225845	0.3774269161471444	0.28072120002955736	13730.0	euclidean	transfo-xl-wt103	8,11	head
macro	-0.2877061935056744	5.88062766327581	6.587832255721229	0.0550850988724058	0.8781853963173363	1.0226145916417433	0.3138661437526739		cosine	transfo-xl-wt103	9,10	head
micro	-0.28732752422825103	6.314203408872629	7.704541590657306	0.04940098624154379	0.8813807757491705	1.025481371031189	0.3062883322249316	13730.0	cosine	transfo-xl-wt103	9,10	head
macro	-0.18959539184552807	5.88062766327581	6.587832255721229	0.09367143823588246	0.9071635723254089	0.39253038563528425	0.29401201434350316		euclidean	transfo-xl-wt103	9,10	head
micro	-0.1913943178131991	6.314203408872629	7.704541590657306	0.08877892561073734	0.9067878694408494	0.38793908950998207	0.28027783935564915	13730.0	euclidean	transfo-xl-wt103	9,10	head
macro	-0.2781537837843712	5.804883514452845	6.487650274743181	0.0560031785367646	0.8791813724140775	1.0180965683864875	0.31283167052696415		cosine	transfo-xl-wt103	9,11	head
micro	-0.27611618864585835	6.230503821962833	7.508567518716788	0.05061254778852289	0.8833997410396085	1.0206701204112234	0.3057710781053721	13730.0	cosine	transfo-xl-wt103	9,11	head
macro	-0.18676905203479816	5.804883514452845	6.487650274743181	0.09251978658923339	0.9058888636651125	0.3961788876747008	0.29435889488388023		euclidean	transfo-xl-wt103	9,11	head
micro	-0.18864380209656567	6.230503821962833	7.508567518716788	0.08881404019131617	0.9065446497778543	0.3870785987713985	0.28286410995344713	13730.0	euclidean	transfo-xl-wt103	9,11	head
macro	-0.2939599411500505	5.863644726574598	6.544011485452659	0.05436151484633538	0.8758276649276154	1.0219163738356056	0.3144040421253157		cosine	transfo-xl-wt103	10,11	head
micro	-0.29387822360648985	6.3141031681093835	7.502141651641098	0.04935560131627385	0.8805512674156902	1.0240017612719234	0.3085051355944728	13730.0	cosine	transfo-xl-wt103	10,11	head
macro	-0.19164115434065385	5.863644726574598	6.544011485452659	0.09011184154361664	0.904794981290911	0.40046476994670216	0.2932004121719558		euclidean	transfo-xl-wt103	10,11	head
micro	-0.19454545346732194	6.3141031681093835	7.502141651641098	0.0870415131595406	0.9064467137096389	0.39156916812816767	0.2836030444099608	13730.0	euclidean	transfo-xl-wt103	10,11	head
macro	-0.27994570964962273	5.874353185865139	6.512817784394031	0.05775718017618366	0.8779956692212827	1.0202258449313917	0.3209967453021017		cosine	transfo-xl-wt103	0,1,2	head
micro	-0.2808851304073226	6.336943445287832	7.490214962949681	0.05215816453454247	0.8815308442072454	1.0264443577235627	0.31441661124658243	13730.0	cosine	transfo-xl-wt103	0,1,2	head
macro	-0.18315903053478128	5.874353185865139	6.512817784394031	0.09343878328525271	0.9050402363779664	0.31847425017173053	0.2979049287414187		euclidean	transfo-xl-wt103	0,1,2	head
micro	-0.18565078927324008	6.336943445287832	7.490214962949681	0.09010871803130753	0.9056092829853041	0.3139072517389249	0.28375083130126355	13730.0	euclidean	transfo-xl-wt103	0,1,2	head
macro	-0.2764699027528587	5.816697657096431	6.350636858931909	0.05986599937499077	0.8806546138209063	1.0165211392528184	0.3168913347704985		cosine	transfo-xl-wt103	0,1,3	head
micro	-0.2785574605621545	6.25892791367434	7.412728893376436	0.0542806553560778	0.8832207644234921	1.0206501102589687	0.310943619300968	13730.0	cosine	transfo-xl-wt103	0,1,3	head
macro	-0.18327930176460147	5.816697657096431	6.350636858931909	0.09261698087578978	0.9089414611880501	0.30814972606628305	0.2971270965124787		euclidean	transfo-xl-wt103	0,1,3	head
micro	-0.18670672248665748	6.25892791367434	7.412728893376436	0.08828066081671458	0.9083442990334941	0.30511487236489687	0.28485923298603416	13730.0	euclidean	transfo-xl-wt103	0,1,3	head
macro	-0.28671654277350983	5.898482093683257	6.614578743399767	0.05754099736793404	0.8769986026442286	1.019234910415276	0.3173348943577028		cosine	transfo-xl-wt103	0,1,4	head
micro	-0.2861753166522362	6.381738634387629	7.6591182192898986	0.051958632086965495	0.8805091782637909	1.0222701079821654	0.30961353727924334	13730.0	cosine	transfo-xl-wt103	0,1,4	head
macro	-0.19004982732206738	5.898482093683257	6.614578743399767	0.09269088365069797	0.9043194464969919	0.3143724379885897	0.29143484779310314		euclidean	transfo-xl-wt103	0,1,4	head
micro	-0.1921815955390694	6.381738634387629	7.6591182192898986	0.08792931172829122	0.904801198780625	0.3087606527675408	0.27894775733392446	13730.0	euclidean	transfo-xl-wt103	0,1,4	head
macro	-0.2850288699698491	5.997146239030224	6.521391168128415	0.05777163155099801	0.8785998542718036	1.0166996021595127	0.31498492936789235		cosine	transfo-xl-wt103	0,1,5	head
micro	-0.2875826647354887	6.465356481543825	7.623552550987201	0.0518370124068009	0.8810195558660854	1.0205464352083795	0.30784009458361045	13730.0	cosine	transfo-xl-wt103	0,1,5	head
macro	-0.1915069595119955	5.997146239030224	6.521391168128415	0.09314220248524319	0.9063074220569901	0.31347117458300755	0.2940964307047421		euclidean	transfo-xl-wt103	0,1,5	head
micro	-0.19541895584962193	6.465356481543825	7.623552550987201	0.08924489373835913	0.9057083278667917	0.31000537331166395	0.28131234759476836	13730.0	euclidean	transfo-xl-wt103	0,1,5	head
macro	-0.2830557909764366	5.889804934488301	6.614122730676487	0.057545612533433634	0.8780490207855374	1.0185148671757913	0.317186092384886		cosine	transfo-xl-wt103	0,1,6	head
micro	-0.28223300423454534	6.339268829539147	7.696863791720662	0.05255148190410664	0.8809869014026569	1.0245446386411952	0.31109140619227077	13730.0	cosine	transfo-xl-wt103	0,1,6	head
macro	-0.18486603231114293	5.889804934488301	6.614122730676487	0.0917629827647773	0.9052710117595316	0.31172737647749155	0.2935275090523251		euclidean	transfo-xl-wt103	0,1,6	head
micro	-0.18714960810145526	6.339268829539147	7.696863791720662	0.08859290667347093	0.9057915370509872	0.3060112012694134	0.2835291509643095	13730.0	euclidean	transfo-xl-wt103	0,1,6	head
macro	-0.2806811448728275	5.909775758572621	6.428208440824165	0.05598055587767589	0.8796732555712787	1.0193258461627785	0.320886826575831		cosine	transfo-xl-wt103	0,1,7	head
micro	-0.28206426020483	6.367333943884268	7.414943536244996	0.05076263515428817	0.8832172911330252	1.0236676515501082	0.3127170619966009	13730.0	cosine	transfo-xl-wt103	0,1,7	head
macro	-0.18576722651283625	5.909775758572621	6.428208440824165	0.09416745268831277	0.906405132764238	0.3073851308082083	0.29373242435000724		euclidean	transfo-xl-wt103	0,1,7	head
micro	-0.18797706245343287	6.367333943884268	7.414943536244996	0.09000737787412316	0.9075267312668873	0.30360090140933066	0.2818296017143279	13730.0	euclidean	transfo-xl-wt103	0,1,7	head
macro	-0.2770991991508672	5.812109840683855	6.660537929670216	0.05823027413620503	0.8788135958383676	1.0190759681730217	0.32100782037687153		cosine	transfo-xl-wt103	0,1,8	head
micro	-0.27985855385548014	6.250847207667735	7.747540788433331	0.0530688031306258	0.8818668345759214	1.0245004263694315	0.3132343161161605	13730.0	cosine	transfo-xl-wt103	0,1,8	head
macro	-0.18565026484416358	5.812109840683855	6.660537929670216	0.09358524888084768	0.9062259515237716	0.30482893904895514	0.29822742068475944		euclidean	transfo-xl-wt103	0,1,8	head
micro	-0.18875628147445644	6.250847207667735	7.747540788433331	0.08928499287481728	0.9063914014703627	0.3018310878771383	0.28389861819256634	13730.0	euclidean	transfo-xl-wt103	0,1,8	head
macro	-0.2806305977073406	5.806415845562011	6.4129092174281395	0.05929501518352081	0.8796397127127066	1.026270639613717	0.31909737780345343		cosine	transfo-xl-wt103	0,1,9	head
micro	-0.2798541584323089	6.24492375499716	7.431606345998659	0.05308498797210498	0.8832630661020271	1.030793764205546	0.3106480455183625	13730.0	cosine	transfo-xl-wt103	0,1,9	head
macro	-0.18465593938084196	5.806415845562011	6.4129092174281395	0.09311333598150591	0.9066883144577244	0.31822441851836286	0.2945909936259098		euclidean	transfo-xl-wt103	0,1,9	head
micro	-0.1862492147584265	6.24492375499716	7.431606345998659	0.08885699333873087	0.9068835533258658	0.3139287264819155	0.28279021650779573	13730.0	euclidean	transfo-xl-wt103	0,1,9	head
macro	-0.2861526191306868	5.897807784805318	6.791063501199576	0.05709677023418983	0.8762418122621266	1.019505942620663	0.31733820193409534		cosine	transfo-xl-wt103	0,1,10	head
micro	-0.28743694094941097	6.3435986589454725	7.878876144698754	0.0514957613180341	0.8797154085778262	1.022053302503265	0.31005689795315156	13730.0	cosine	transfo-xl-wt103	0,1,10	head
macro	-0.18846965658165216	5.897807784805318	6.791063501199576	0.09232243364808854	0.9042074846260457	0.31758947416121613	0.2984342638377196		euclidean	transfo-xl-wt103	0,1,10	head
micro	-0.19141904637034413	6.3435986589454725	7.878876144698754	0.08860604739145972	0.9047028871151642	0.3126145125707818	0.2876671839207862	13730.0	euclidean	transfo-xl-wt103	0,1,10	head
macro	-0.28853358267525137	5.85393262932406	6.575944404823766	0.056257426160681856	0.8771150205099137	1.014903897027713	0.3159618622324824		cosine	transfo-xl-wt103	0,1,11	head
micro	-0.2881280529558043	6.295893882173956	7.563360648671812	0.051160611071636164	0.8802336096566604	1.0186416303153671	0.3096874307248947	13730.0	cosine	transfo-xl-wt103	0,1,11	head
macro	-0.18951294940714533	5.85393262932406	6.575944404823766	0.09134008684767318	0.9049160399649566	0.3144135827615579	0.29586822361721893		euclidean	transfo-xl-wt103	0,1,11	head
micro	-0.1933112521295476	6.295893882173956	7.563360648671812	0.08792201340628344	0.9060392777795795	0.3092906492228641	0.2839725116382177	13730.0	euclidean	transfo-xl-wt103	0,1,11	head
macro	-0.28134950989379026	5.849548691096968	6.167494780704515	0.0588537194307854	0.8795574567148754	1.0177424767533234	0.3149267963382965		cosine	transfo-xl-wt103	0,2,3	head
micro	-0.2811494379085209	6.315962982910942	7.06319884155247	0.05384425434734944	0.883679451172359	1.0221066401193277	0.30784009458361045	13730.0	cosine	transfo-xl-wt103	0,2,3	head
macro	-0.1845021880921633	5.849548691096968	6.167494780704515	0.09325476847579875	0.9092815029324876	0.31659983117498797	0.2981552815622601		euclidean	transfo-xl-wt103	0,2,3	head
micro	-0.1869145870212218	6.315962982910942	7.06319884155247	0.0892451783239307	0.9100768948410655	0.3103781168910321	0.2850070198773369	13730.0	euclidean	transfo-xl-wt103	0,2,3	head
macro	-0.29105022841250383	5.915054590862406	6.630991419614262	0.05587020348695212	0.8770323592992778	1.0203656149074671	0.3148164445342359		cosine	transfo-xl-wt103	0,2,4	head
micro	-0.29135422298880426	6.383272998687622	7.695653415060473	0.05064698121239895	0.8807218011635471	1.0252557788613075	0.3079878814749132	13730.0	cosine	transfo-xl-wt103	0,2,4	head
macro	-0.1918330853348145	5.915054590862406	6.630991419614262	0.0924981321231873	0.9052496388285813	0.3235202892585649	0.2918308133779867		euclidean	transfo-xl-wt103	0,2,4	head
micro	-0.1941617383591017	6.383272998687622	7.695653415060473	0.08849177106253377	0.9052594701647334	0.31814448736524353	0.2778393556491539	13730.0	euclidean	transfo-xl-wt103	0,2,4	head
macro	-0.28773318973233175	5.980032178990253	6.44901461247399	0.05757761362316639	0.8782386326591493	1.0193901527223224	0.31336499356944636		cosine	transfo-xl-wt103	0,2,5	head
micro	-0.2863214588885798	6.4730025569281695	7.500458906371961	0.052159132722686595	0.8806768987217466	1.0226710962911547	0.3071750535727481	13730.0	cosine	transfo-xl-wt103	0,2,5	head
macro	-0.19098369673111265	5.980032178990253	6.44901461247399	0.09413335499367516	0.9068827224550674	0.32144163762341155	0.2927998095232317		euclidean	transfo-xl-wt103	0,2,5	head
micro	-0.19259693632071884	6.4730025569281695	7.500458906371961	0.09024535906290447	0.9063585585239526	0.3158201003042453	0.2804256262469519	13730.0	euclidean	transfo-xl-wt103	0,2,5	head
macro	-0.2873394795537526	5.8685812754113575	6.515234882448532	0.054791510272124484	0.8767222802175733	1.0200602254454563	0.3166812254826332		cosine	transfo-xl-wt103	0,2,6	head
micro	-0.28454242341136365	6.321014213387594	7.536244839706702	0.050383009411576016	0.8804762555514304	1.0267328867378813	0.31131308652922485	13730.0	cosine	transfo-xl-wt103	0,2,6	head
macro	-0.18557664426911388	5.8685812754113575	6.515234882448532	0.09142659979587424	0.9052351642518198	0.32231139676405435	0.29422432048538555		euclidean	transfo-xl-wt103	0,2,6	head
micro	-0.186426445007337	6.321014213387594	7.536244839706702	0.08832329135351655	0.9058698753341634	0.31411199420393165	0.28308579029040126	13730.0	euclidean	transfo-xl-wt103	0,2,6	head
macro	-0.28058342872634157	5.865826936775563	6.397775913283128	0.0575872510900935	0.8787031992370201	1.0188498735360927	0.3168215908059215		cosine	transfo-xl-wt103	0,2,7	head
micro	-0.2800350874974927	6.333984029060814	7.330613034728951	0.05270820527990597	0.8833093761056707	1.024345832495129	0.3093918569422892	13730.0	cosine	transfo-xl-wt103	0,2,7	head
macro	-0.1844461381536621	5.865826936775563	6.397775913283128	0.0948410023611375	0.9075730060237693	0.3140854480771035	0.2954937152070662		euclidean	transfo-xl-wt103	0,2,7	head
micro	-0.18547158888942347	6.333984029060814	7.330613034728951	0.09140769045943854	0.9089408676091334	0.3075746209193055	0.28279021650779573	13730.0	euclidean	transfo-xl-wt103	0,2,7	head
macro	-0.28485523457921724	5.821737605260514	6.643936524052368	0.05648229864123265	0.8766368436952319	1.021400294564471	0.31921307996884896		cosine	transfo-xl-wt103	0,2,8	head
micro	-0.28469029662190115	6.263846345384569	7.669531251656722	0.05166453818287189	0.8803401346559849	1.02601308455741	0.31190423409443585	13730.0	cosine	transfo-xl-wt103	0,2,8	head
macro	-0.18996908491105582	5.821737605260514	6.643936524052368	0.09269180085127739	0.9063652445735946	0.3168532150338481	0.2974654934395182		euclidean	transfo-xl-wt103	0,2,8	head
micro	-0.19123697210794866	6.263846345384569	7.669531251656722	0.08915045703449483	0.9066583597788311	0.31120808474851763	0.28330747062735534	13730.0	euclidean	transfo-xl-wt103	0,2,8	head
macro	-0.28078821025025336	5.840622803346208	6.403268388492542	0.0583692919793241	0.8782884249341101	1.0239254967928562	0.3177701692867632		cosine	transfo-xl-wt103	0,2,9	head
micro	-0.2777474971674875	6.273678106587089	7.390421364885794	0.05292394686357036	0.882447165263003	1.029534249243274	0.30880070937707826	13730.0	cosine	transfo-xl-wt103	0,2,9	head
macro	-0.18644601126288488	5.840622803346208	6.403268388492542	0.09271763903672099	0.90757632107537	0.3255845741249055	0.30071291537635814		euclidean	transfo-xl-wt103	0,2,9	head
micro	-0.18615321666345433	6.273678106587089	7.390421364885794	0.0887204681645648	0.9079236035382453	0.3189252472683117	0.2867804625729698	13730.0	euclidean	transfo-xl-wt103	0,2,9	head
macro	-0.28947339271298156	5.887619710475859	6.620329655588719	0.05456279086924427	0.8749750539865084	1.023840010645184	0.3195007616472743		cosine	transfo-xl-wt103	0,2,10	head
micro	-0.28887720219374297	6.354705274909889	7.592829860632585	0.05002930197277471	0.879279838226879	1.0275886169465285	0.3130126357792064	13730.0	cosine	transfo-xl-wt103	0,2,10	head
macro	-0.1901222159414974	5.887619710475859	6.620329655588719	0.09181715459847462	0.9050729359434497	0.324798289141289	0.2949796035358546		euclidean	transfo-xl-wt103	0,2,10	head
micro	-0.19137769293925136	6.354705274909889	7.592829860632585	0.08898095216280431	0.9061067961035957	0.31764603963459037	0.28205128205128205	13730.0	euclidean	transfo-xl-wt103	0,2,10	head
macro	-0.29053297072327805	5.8588707858279925	6.47912874774445	0.05413034792187918	0.875451863074044	1.0179242565826667	0.31461739696000607		cosine	transfo-xl-wt103	0,2,11	head
micro	-0.28945748832784834	6.294319757716989	7.341097627157123	0.04976443643900418	0.8797806855736146	1.022014039695838	0.30880070937707826	13730.0	cosine	transfo-xl-wt103	0,2,11	head
macro	-0.19100668548648303	5.8588707858279925	6.47912874774445	0.0910855562640813	0.9056434512421927	0.3230681405512073	0.2968789436905897		euclidean	transfo-xl-wt103	0,2,11	head
micro	-0.19259098040817862	6.294319757716989	7.341097627157123	0.08804938627978592	0.9069978198390325	0.31658584336338336	0.2841202985295204	13730.0	euclidean	transfo-xl-wt103	0,2,11	head
macro	-0.28219760203478833	5.878582963054549	6.324954315276566	0.05714510484631475	0.8799313237977803	1.0188105755954637	0.31074983422597746		cosine	transfo-xl-wt103	0,3,4	head
micro	-0.28146391577916113	6.350587632395617	7.318967826982782	0.052330107782609235	0.8836397054713253	1.0201076887931093	0.30274144683366583	13730.0	cosine	transfo-xl-wt103	0,3,4	head
macro	-0.18746182690660074	5.878582963054549	6.324954315276566	0.09281391922944232	0.9089807460737207	0.31343844851550845	0.291285323735889		euclidean	transfo-xl-wt103	0,3,4	head
micro	-0.1899672870856217	6.350587632395617	7.318967826982782	0.08806690248776318	0.9089026169784643	0.3082132511560843	0.27924333111653	13730.0	euclidean	transfo-xl-wt103	0,3,4	head
macro	-0.28299563922809085	5.959438708423874	6.396254688764945	0.05630481738417574	0.8790614889640512	1.0181629135256998	0.3128613531891		cosine	transfo-xl-wt103	0,3,5	head
micro	-0.2821345103659479	6.425667417675925	7.4299398291993155	0.051543335549091324	0.8825768478517895	1.0210004876598917	0.30680558634449123	13730.0	cosine	transfo-xl-wt103	0,3,5	head
macro	-0.19003768630282478	5.959438708423874	6.396254688764945	0.09083504240887456	0.908554516282924	0.31537830269773076	0.29467315874762806		euclidean	transfo-xl-wt103	0,3,5	head
micro	-0.1923843031905798	6.425667417675925	7.4299398291993155	0.0857095851236541	0.9086338839873103	0.30908221445769046	0.2840464050838691	13730.0	euclidean	transfo-xl-wt103	0,3,5	head
macro	-0.27620029380056227	5.902877599980546	6.195322058157059	0.055178952368884926	0.8800477399443072	1.0177174908961117	0.31284988061342334		cosine	transfo-xl-wt103	0,3,6	head
micro	-0.2737176944677215	6.345483878284991	7.082407511177563	0.05067534647310697	0.884594006809297	1.0235689780662127	0.3074706273553536	13730.0	cosine	transfo-xl-wt103	0,3,6	head
macro	-0.1835156996729639	5.902877599980546	6.195322058157059	0.08994873795136603	0.9087008636327664	0.3086877547310225	0.29633959850438596		euclidean	transfo-xl-wt103	0,3,6	head
micro	-0.18490324762880275	6.345483878284991	7.082407511177563	0.08604199117028112	0.909619309563546	0.3014094146761103	0.28655878223601566	13730.0	euclidean	transfo-xl-wt103	0,3,6	head
macro	-0.27781777677354896	5.86577008426162	6.150368793243571	0.05684540105729195	0.8810351699634963	1.019833471001209	0.3139521558449921		cosine	transfo-xl-wt103	0,3,7	head
micro	-0.27592910043712904	6.305896291740518	7.0447259070333414	0.0531544149726083	0.8855525936050389	1.0228298189511293	0.3071750535727481	13730.0	cosine	transfo-xl-wt103	0,3,7	head
macro	-0.18343466221221819	5.86577008426162	6.150368793243571	0.09251098296713002	0.9102376499217723	0.303511745891143	0.2936118614659792		euclidean	transfo-xl-wt103	0,3,7	head
micro	-0.18438992156632547	6.305896291740518	7.0447259070333414	0.08885562047041458	0.9116316988687093	0.2980431718969159	0.2834552575186581	13730.0	euclidean	transfo-xl-wt103	0,3,7	head
macro	-0.2741468519282646	5.784284387998149	6.41723936315887	0.05762182309227724	0.8807337951656095	1.0215245302167906	0.3141200331388373		cosine	transfo-xl-wt103	0,3,8	head
micro	-0.2741718632251055	6.2089410153229085	7.428135308107542	0.052547184789540756	0.884056593985819	1.0258754353706105	0.3066577994531885	13730.0	cosine	transfo-xl-wt103	0,3,8	head
macro	-0.18414116926774418	5.784284387998149	6.41723936315887	0.09107153682642051	0.9103605551883974	0.30265965471496437	0.29838476313760776		euclidean	transfo-xl-wt103	0,3,8	head
micro	-0.18633554197170496	6.2089410153229085	7.428135308107542	0.08640820591059997	0.9104149368561512	0.29870687606759144	0.2857459543338506	13730.0	euclidean	transfo-xl-wt103	0,3,8	head
macro	-0.27431359965731295	5.7847107454520375	6.1473454101303595	0.05907918709352377	0.8818061187897017	1.0232591776919424	0.3124877403686099		cosine	transfo-xl-wt103	0,3,9	head
micro	-0.2723493374926934	6.21965193984064	7.084156450927835	0.0534134593383276	0.8860620238338034	1.0269130589381943	0.30473656986625286	13730.0	cosine	transfo-xl-wt103	0,3,9	head
macro	-0.18249999536255718	5.7847107454520375	6.1473454101303595	0.09305999198538058	0.9120015107598466	0.316955138501106	0.29900577360549857		euclidean	transfo-xl-wt103	0,3,9	head
micro	-0.18319357805320294	6.21965193984064	7.084156450927835	0.08872328926905194	0.9123084402141145	0.3115789196964373	0.28744550358383214	13730.0	euclidean	transfo-xl-wt103	0,3,9	head
macro	-0.2828870989220032	5.86351556644832	6.516307638514088	0.05567356884278402	0.8776905381540666	1.023065204621123	0.31088418592608486		cosine	transfo-xl-wt103	0,3,10	head
micro	-0.2811727021826488	6.292119133052718	7.481679319538785	0.050764465267979966	0.8820196231121321	1.0248638327597726	0.30554939776841794	13730.0	cosine	transfo-xl-wt103	0,3,10	head
macro	-0.18796310333235877	5.86351556644832	6.516307638514088	0.09068164124528356	0.906780408617361	0.31618561692788105	0.2920650911156428		euclidean	transfo-xl-wt103	0,3,10	head
micro	-0.1894266366747664	6.292119133052718	7.481679319538785	0.08674262838674485	0.9077460233648041	0.3097789840106537	0.283233577181704	13730.0	euclidean	transfo-xl-wt103	0,3,10	head
macro	-0.2834668236105038	5.864770732196275	6.363722966663208	0.054167196550694234	0.8786444775375947	1.0199435587552756	0.31074819563533945		cosine	transfo-xl-wt103	0,3,11	head
micro	-0.28133579589185914	6.2862724063269955	7.333019820584096	0.0495477206980973	0.8823666724299627	1.0239736182031198	0.3035542747358309	13730.0	cosine	transfo-xl-wt103	0,3,11	head
macro	-0.18841790485363766	5.864770732196275	6.363722966663208	0.09061680991833099	0.9090590525308668	0.31377739991638715	0.29693899775070876		euclidean	transfo-xl-wt103	0,3,11	head
micro	-0.19029363515116046	6.2862724063269955	7.333019820584096	0.08722276873239422	0.9100387875372434	0.3079046861582238	0.28729771669252935	13730.0	euclidean	transfo-xl-wt103	0,3,11	head
macro	-0.2887463098321246	6.034474475315518	6.681739988559492	0.056288901119826824	0.8773882206234876	1.015684661473399	0.31127182744395376		cosine	transfo-xl-wt103	0,4,5	head
micro	-0.28985464981896	6.537690750341513	7.858943941984251	0.051330520450113236	0.8801397643264663	1.0174484347444737	0.302371979605409	13730.0	cosine	transfo-xl-wt103	0,4,5	head
macro	-0.19312406350185046	6.034474475315518	6.681739988559492	0.09215147214511785	0.9062392009852872	0.3194277968979464	0.2907610562577496		euclidean	transfo-xl-wt103	0,4,5	head
micro	-0.19608582027987784	6.537690750341513	7.858943941984251	0.08659878469492548	0.9055025829903692	0.3151739517815064	0.2763614867361265	13730.0	euclidean	transfo-xl-wt103	0,4,5	head
macro	-0.2889012149916855	5.871893791365866	6.747798304511507	0.052576315642883245	0.8760446563961463	1.0177056039276733	0.31320645762274135		cosine	transfo-xl-wt103	0,4,6	head
micro	-0.2870669057921829	6.316261886099812	7.822935784871251	0.04803666722482489	0.8800277002968219	1.022508683106608	0.30606665188797755	13730.0	cosine	transfo-xl-wt103	0,4,6	head
macro	-0.19125579293206826	5.871893791365866	6.747798304511507	0.09101452775322984	0.9036500559411209	0.32008137179794066	0.2870831392228383		euclidean	transfo-xl-wt103	0,4,6	head
micro	-0.1934572749422889	6.316261886099812	7.822935784871251	0.08630381723416776	0.9043547239225235	0.3135210225767909	0.276657060518732	13730.0	euclidean	transfo-xl-wt103	0,4,6	head
macro	-0.2835616277846794	5.842034864229316	6.395514490709915	0.05651972899655159	0.8777763895520364	1.0215326870797927	0.3166513719475071		cosine	transfo-xl-wt103	0,4,7	head
micro	-0.2822976220664163	6.290453449354803	7.357370376403678	0.05180291505155911	0.88221790479217	1.0246158087253703	0.31005689795315156	13730.0	cosine	transfo-xl-wt103	0,4,7	head
macro	-0.18976210551430284	5.842034864229316	6.395514490709915	0.09340960740320896	0.9067481929682586	0.3108241764182037	0.29256383357990795		euclidean	transfo-xl-wt103	0,4,7	head
micro	-0.1909646865319596	6.290453449354803	7.357370376403678	0.08901405448809058	0.9077636233401487	0.30482177759663165	0.2804256262469519	13730.0	euclidean	transfo-xl-wt103	0,4,7	head
macro	-0.28523794595806057	5.816869539689446	6.730609778717367	0.056059274777699564	0.8773628576633493	1.020789669034847	0.31846905482619303		cosine	transfo-xl-wt103	0,4,8	head
micro	-0.2859399418045544	6.268671070013168	7.830112257654638	0.05084225442649442	0.8809764369198111	1.0258247618037752	0.3104263651814084	13730.0	cosine	transfo-xl-wt103	0,4,8	head
macro	-0.19050010196191908	5.816869539689446	6.730609778717367	0.09197663435071746	0.9062778146333499	0.31303069786686116	0.294493335455707		euclidean	transfo-xl-wt103	0,4,8	head
micro	-0.19343655721359607	6.268671070013168	7.830112257654638	0.08681095740921982	0.906321153791574	0.30860328733013176	0.2816818148230252	13730.0	euclidean	transfo-xl-wt103	0,4,8	head
macro	-0.2855863682282709	5.79962584490333	6.3502274859220496	0.057003658706138445	0.8793972994715935	1.0257300294910077	0.3120566310470368		cosine	transfo-xl-wt103	0,4,9	head
micro	-0.28390775524852147	6.263881097634509	7.349468777433153	0.05154996331564997	0.8834632898370934	1.0293759521934014	0.30348038129017957	13730.0	cosine	transfo-xl-wt103	0,4,9	head
macro	-0.18817032978706427	5.79962584490333	6.3502274859220496	0.09441546655344546	0.9076247141882484	0.32485363829628594	0.2926711826445688		euclidean	transfo-xl-wt103	0,4,9	head
micro	-0.18955488304220344	6.263881097634509	7.349468777433153	0.08921284652453798	0.9079821630605796	0.31912500715473113	0.27946501145348407	13730.0	euclidean	transfo-xl-wt103	0,4,9	head
macro	-0.29026299391046995	5.892366266048114	6.727455775081914	0.055767857855915655	0.8755036870543533	1.0247079968048212	0.31225557298896484		cosine	transfo-xl-wt103	0,4,10	head
micro	-0.2908583450490122	6.34765583639938	7.828764068983458	0.05087361638010611	0.8790479595959442	1.0266017980132134	0.304367102637996	13730.0	cosine	transfo-xl-wt103	0,4,10	head
macro	-0.19270765360285902	5.892366266048114	6.727455775081914	0.09116300248294495	0.9048728464215424	0.32278548722623523	0.2895117070213554		euclidean	transfo-xl-wt103	0,4,10	head
micro	-0.19543345657047703	6.34765583639938	7.828764068983458	0.08699174730750849	0.9049974117147069	0.3170047148001133	0.27577033917091553	13730.0	euclidean	transfo-xl-wt103	0,4,10	head
macro	-0.291451654332746	5.866825483772122	6.408894202242849	0.05707672656250468	0.8771944157587399	1.0196404182854533	0.31298521437344706		cosine	transfo-xl-wt103	0,4,11	head
micro	-0.2909204060362632	6.310326295389558	7.329557090389345	0.05158853290635491	0.8812908952427106	1.022683626459316	0.30702726668144537	13730.0	cosine	transfo-xl-wt103	0,4,11	head
macro	-0.19222425942806656	5.866825483772122	6.408894202242849	0.09174080108857245	0.9063697643943035	0.3181398045933738	0.2930602455360881		euclidean	transfo-xl-wt103	0,4,11	head
micro	-0.19523508267388898	6.310326295389558	7.329557090389345	0.08728108907670566	0.9072613689908411	0.3118649754083828	0.2823468558338875	13730.0	euclidean	transfo-xl-wt103	0,4,11	head
macro	-0.2856312926301732	5.994996602645895	6.565143084473357	0.05478641234164231	0.8762769686264852	1.0205333029877934	0.31144433817605294		cosine	transfo-xl-wt103	0,5,6	head
micro	-0.2835427377405301	6.4800053842138245	7.660506463620622	0.049696294342211095	0.8793474213221919	1.024771908014577	0.3045148895292987	13730.0	cosine	transfo-xl-wt103	0,5,6	head
macro	-0.19065289937724791	5.994996602645895	6.565143084473357	0.0896847649292172	0.9054891702288732	0.3155941679539945	0.29047304758143927		euclidean	transfo-xl-wt103	0,5,6	head
micro	-0.19239411758169145	6.4800053842138245	7.660506463620622	0.0857495938851223	0.9053342558739854	0.3085720587141209	0.27850439666001625	13730.0	euclidean	transfo-xl-wt103	0,5,6	head
macro	-0.28380303593553063	5.982998689424923	6.365880839521548	0.057312801302792836	0.8779505085373249	1.0170712530843804	0.31342540910849714		cosine	transfo-xl-wt103	0,5,7	head
micro	-0.28376617681716443	6.4576375390578304	7.40124900673799	0.05216922087938432	0.880991435203278	1.0210691966918852	0.3076923076923077	13730.0	cosine	transfo-xl-wt103	0,5,7	head
macro	-0.1913288012043308	5.982998689424923	6.365880839521548	0.09345596915744898	0.908042844537756	0.31151516540320856	0.2918201657472579		euclidean	transfo-xl-wt103	0,5,7	head
micro	-0.19340642677667985	6.4576375390578304	7.40124900673799	0.08932390323013105	0.9083021672027893	0.3060620682892458	0.280056159018695	13730.0	euclidean	transfo-xl-wt103	0,5,7	head
macro	-0.28549752474910306	5.885263840125366	6.784863691286565	0.056780481369811425	0.8764476272397597	1.0165123847317157	0.31063166616051463		cosine	transfo-xl-wt103	0,5,8	head
micro	-0.2873370624099601	6.333486961674621	7.965492010192006	0.051555866962762265	0.8784894867048897	1.022182853769838	0.30503214364885833	13730.0	cosine	transfo-xl-wt103	0,5,8	head
macro	-0.1927545695605249	5.885263840125366	6.784863691286565	0.09056734482104893	0.9066633586545492	0.3106486874214579	0.2942373874949624		euclidean	transfo-xl-wt103	0,5,8	head
micro	-0.19538508164407142	6.333486961674621	7.965492010192006	0.0863979341192695	0.905722786166742	0.30820473365165163	0.2813862410404197	13730.0	euclidean	transfo-xl-wt103	0,5,8	head
macro	-0.2855139745814171	5.964507695281465	6.212033809589779	0.056797061995651855	0.8792597973381411	1.021186752404165	0.3108014751847679		cosine	transfo-xl-wt103	0,5,9	head
micro	-0.28562839410367125	6.431253593945681	7.1815820941646065	0.05144918832401142	0.8827155909682022	1.0247652683833892	0.30303702061627136	13730.0	cosine	transfo-xl-wt103	0,5,9	head
macro	-0.19074454973602928	5.964507695281465	6.212033809589779	0.0917969155038694	0.9084855208469473	0.32416535902063515	0.29244094841086665		euclidean	transfo-xl-wt103	0,5,9	head
micro	-0.19279829950008676	6.431253593945681	7.1815820941646065	0.08659577963981435	0.9085445948951358	0.3190492537772969	0.27902165077957586	13730.0	euclidean	transfo-xl-wt103	0,5,9	head
macro	-0.2908318575691675	6.026997740141902	6.645844606677959	0.05487779956010842	0.8758931018880357	1.0199100454466676	0.31484628273193455		cosine	transfo-xl-wt103	0,5,10	head
micro	-0.2921971722604228	6.49971647295236	7.768890784358039	0.0493227027074843	0.8784283347062911	1.0238461299552724	0.3088746028227296	13730.0	cosine	transfo-xl-wt103	0,5,10	head
macro	-0.19494074953601884	6.026997740141902	6.645844606677959	0.09060857766939034	0.9049657727059123	0.3238232092676481	0.2927331885141046		euclidean	transfo-xl-wt103	0,5,10	head
micro	-0.19743914658710968	6.49971647295236	7.768890784358039	0.08652607679216352	0.9045897881028693	0.31806425765602886	0.28109066725781423	13730.0	euclidean	transfo-xl-wt103	0,5,10	head
macro	-0.29370052133568586	5.935861113903939	6.437740142149167	0.05415254994938714	0.8779969190750802	1.017456872092611	0.31016236671771463		cosine	transfo-xl-wt103	0,5,11	head
micro	-0.2941503571769213	6.386253943681945	7.45376397499894	0.04926574985250394	0.8805760876361104	1.0211374520762408	0.3039976354097392	13730.0	cosine	transfo-xl-wt103	0,5,11	head
macro	-0.19566226677016355	5.935861113903939	6.437740142149167	0.08980218901824603	0.9069875517132628	0.31996060816985483	0.2920828518774296		euclidean	transfo-xl-wt103	0,5,11	head
micro	-0.19877844134737183	6.386253943681945	7.45376397499894	0.08580249621215674	0.9068923073015095	0.31481785975459786	0.280647306583906	13730.0	euclidean	transfo-xl-wt103	0,5,11	head
macro	-0.28077324491499306	5.884475654594935	6.362338832021161	0.05536808805476419	0.8782740584002559	1.0239198170113053	0.31728364037920126		cosine	transfo-xl-wt103	0,6,7	head
micro	-0.2787879192754962	6.3285930502347245	7.267952755419846	0.05095974067174776	0.8830843579201645	1.0284692246171434	0.3092440700509865	13730.0	cosine	transfo-xl-wt103	0,6,7	head
macro	-0.18485155526608277	5.884475654594935	6.362338832021161	0.0919119426663274	0.9066289442324084	0.30757670591294317	0.2946698415192023		euclidean	transfo-xl-wt103	0,6,7	head
micro	-0.18544628872393115	6.3285930502347245	7.267952755419846	0.08876616390130582	0.9084691214177694	0.2994489233703671	0.28434197886647455	13730.0	euclidean	transfo-xl-wt103	0,6,7	head
macro	-0.28382572340421425	5.798042744896061	6.719974163884592	0.056149176400290685	0.8775004569862119	1.0205293259382742	0.31837162648573963		cosine	transfo-xl-wt103	0,6,8	head
micro	-0.2829504652140746	6.2397573947807565	7.818141573516922	0.05106177981361988	0.8808339151415403	1.0270318375363567	0.31212591443138993	13730.0	cosine	transfo-xl-wt103	0,6,8	head
macro	-0.1901525055578515	5.798042744896061	6.719974163884592	0.09050154474307992	0.9063766725862105	0.3090559876624149	0.29298978802376635		euclidean	transfo-xl-wt103	0,6,8	head
micro	-0.1916210614287418	6.2397573947807565	7.818141573516922	0.08741975889305292	0.9064069314465086	0.3037456820590198	0.282642429616493	13730.0	euclidean	transfo-xl-wt103	0,6,8	head
macro	-0.2745305312983721	5.811478360003657	6.311917629916786	0.05781318711259624	0.8793678251360455	1.0260595361553682	0.3177877027882011		cosine	transfo-xl-wt103	0,6,9	head
micro	-0.27080827323024753	6.264302957549094	7.285100504149809	0.05302899865242395	0.8834748996844703	1.0312356045273083	0.3079878814749132	13730.0	cosine	transfo-xl-wt103	0,6,9	head
macro	-0.18225002879964203	5.811478360003657	6.311917629916786	0.09127028428246911	0.9081066096026176	0.31663496573730227	0.2942606572253844		euclidean	transfo-xl-wt103	0,6,9	head
micro	-0.18188611922984843	6.264302957549094	7.285100504149809	0.08731737421821177	0.9086669389420746	0.30953714954580264	0.2819773886056307	13730.0	euclidean	transfo-xl-wt103	0,6,9	head
macro	-0.2914629076122704	5.930001217240768	6.905004068717968	0.054105883743711856	0.8742350332154288	1.0223679443836187	0.3169399775323572		cosine	transfo-xl-wt103	0,6,10	head
micro	-0.29074067699010697	6.366192167393465	8.000413885094114	0.04921613325913251	0.8780770369771738	1.0270949682429449	0.31050025862705977	13730.0	cosine	transfo-xl-wt103	0,6,10	head
macro	-0.1910639658476805	5.930001217240768	6.905004068717968	0.08905552183666171	0.9032511680751082	0.32176295440615255	0.29327140569299737		euclidean	transfo-xl-wt103	0,6,10	head
micro	-0.19242864999433434	6.366192167393465	8.000413885094114	0.08550417868003188	0.9039463038940435	0.31488354170696053	0.28279021650779573	13730.0	euclidean	transfo-xl-wt103	0,6,10	head
macro	-0.29235591223237756	5.87776970776672	6.386111120557795	0.053661269518443015	0.8774732134241996	1.0204713864082544	0.3115619627308918		cosine	transfo-xl-wt103	0,6,11	head
micro	-0.2913940698754918	6.302670868594822	7.307550555350753	0.0489659111077761	0.881898550883328	1.0252085032310463	0.3057710781053721	13730.0	cosine	transfo-xl-wt103	0,6,11	head
macro	-0.1907601248034618	5.87776970776672	6.386111120557795	0.08812036059176086	0.906110035500526	0.3175341650224964	0.2901654907157349		euclidean	transfo-xl-wt103	0,6,11	head
micro	-0.19319626894275016	6.302670868594822	7.307550555350753	0.08519605661583338	0.9072876127129755	0.31029187472877756	0.2819773886056307	13730.0	euclidean	transfo-xl-wt103	0,6,11	head
macro	-0.2780217470588492	5.805229688036343	6.6913839348358	0.05547077026284517	0.8788269905021535	1.0223871575302284	0.3195013698921786		cosine	transfo-xl-wt103	0,7,8	head
micro	-0.2783669283789085	6.2545956613428615	7.776817844598594	0.051132023361259576	0.8823391390736074	1.0262195624308572	0.31138697997487624	13730.0	cosine	transfo-xl-wt103	0,7,8	head
macro	-0.1867074375724339	5.805229688036343	6.6913839348358	0.09340994568669826	0.9079733578540327	0.3031902970444686	0.2972121113327216		euclidean	transfo-xl-wt103	0,7,8	head
micro	-0.18893118986090893	6.2545956613428615	7.776817844598594	0.08841936579760375	0.9086256896197894	0.29994472809281786	0.2847114460947314	13730.0	euclidean	transfo-xl-wt103	0,7,8	head
macro	-0.2778720095386851	5.833195807675026	6.432238972765189	0.058203911599376865	0.8788832359245773	1.0225016434000922	0.31903964754834807		cosine	transfo-xl-wt103	0,7,9	head
micro	-0.27638337499572596	6.280443324216031	7.389742256517117	0.05377177747033713	0.8838063786012861	1.026648983722451	0.30917017660533513	13730.0	cosine	transfo-xl-wt103	0,7,9	head
macro	-0.18318775887708041	5.833195807675026	6.432238972765189	0.0923753917016449	0.9078254461423634	0.3152878556543657	0.29686565969093254		euclidean	transfo-xl-wt103	0,7,9	head
micro	-0.18340577498161317	6.280443324216031	7.389742256517117	0.08827544404555897	0.9090465731476284	0.30980445477255064	0.2839725116382177	13730.0	euclidean	transfo-xl-wt103	0,7,9	head
macro	-0.282520065740839	5.842735173460495	6.480843865881127	0.05653554621643787	0.8766598599827136	1.0239311290428943	0.3189029204013346		cosine	transfo-xl-wt103	0,7,10	head
micro	-0.28189394569796883	6.274147816224071	7.447357124732419	0.0513435185260479	0.8810581272939357	1.0257900018447348	0.311534766866179	13730.0	cosine	transfo-xl-wt103	0,7,10	head
macro	-0.1871901568911157	5.842735173460495	6.480843865881127	0.0918640150624516	0.906913677975733	0.3108304410111981	0.29862593938772686		euclidean	transfo-xl-wt103	0,7,10	head
micro	-0.1883222420940388	6.274147816224071	7.447357124732419	0.0884629815450215	0.9084386097231166	0.3043413004759764	0.28655878223601566	13730.0	euclidean	transfo-xl-wt103	0,7,10	head
macro	-0.2844789375522846	5.843319787088095	6.46857890999009	0.05446805904682128	0.8778807064062382	1.0219014735583685	0.3167996825663455		cosine	transfo-xl-wt103	0,7,11	head
micro	-0.2834194574389248	6.277908550360894	7.348524023008942	0.051335694355180976	0.8821377087907765	1.025632399306335	0.308948496268381	13730.0	cosine	transfo-xl-wt103	0,7,11	head
macro	-0.18732560823888997	5.843319787088095	6.46857890999009	0.09124997155044799	0.9064812114439944	0.3118792235854173	0.29692323144387295		euclidean	transfo-xl-wt103	0,7,11	head
micro	-0.18981153983448845	6.277908550360894	7.348524023008942	0.08792258158964138	0.9080848891299383	0.30659612209609455	0.2870021429099239	13730.0	euclidean	transfo-xl-wt103	0,7,11	head
macro	-0.28239679873709805	5.778496997419263	6.582640861528261	0.05895556384636423	0.8780185618338294	1.0232799508262158	0.3174649142652943		cosine	transfo-xl-wt103	0,8,9	head
micro	-0.28185966956278147	6.211888128751013	7.667706965010672	0.05321052163485437	0.8811144054091704	1.0283902087837067	0.30820956181186726	13730.0	cosine	transfo-xl-wt103	0,8,9	head
macro	-0.18679002588430305	5.778496997419263	6.582640861528261	0.09261160226981843	0.907596976492023	0.31776514345684154	0.2979742278927744		euclidean	transfo-xl-wt103	0,8,9	head
micro	-0.1881515900030539	6.211888128751013	7.667706965010672	0.08781696355478387	0.9075133918721425	0.31412557473011954	0.2844897657577773	13730.0	euclidean	transfo-xl-wt103	0,8,9	head
macro	-0.28677818340533884	5.843934823090842	6.9327407234212375	0.05310049430281726	0.875264523858829	1.0218893387720307	0.31592323070193074		cosine	transfo-xl-wt103	0,8,10	head
micro	-0.28671859383529297	6.291214776300088	8.081265515785544	0.04889245973515088	0.8784896648117153	1.0260831761661786	0.3098352176161974	13730.0	cosine	transfo-xl-wt103	0,8,10	head
macro	-0.18989492636242541	5.843934823090842	6.9327407234212375	0.08938508704069097	0.9044640700873217	0.314632839367404	0.2989917653516879		euclidean	transfo-xl-wt103	0,8,10	head
micro	-0.19112872031454894	6.291214776300088	8.081265515785544	0.0859399204851807	0.9046803069971336	0.3098678899278881	0.28825833148599717	13730.0	euclidean	transfo-xl-wt103	0,8,10	head
macro	-0.28646244550500627	5.85122623026463	6.597352774921852	0.05279695600193095	0.8762650169076371	1.0184115280264494	0.3135592549934391		cosine	transfo-xl-wt103	0,8,11	head
micro	-0.2851487270684378	6.274861107756254	7.6085207663583425	0.04778114556666162	0.8797584745484919	1.0228334962154761	0.3076923076923077	13730.0	cosine	transfo-xl-wt103	0,8,11	head
macro	-0.19141977829574738	5.85122623026463	6.597352774921852	0.08996133976298779	0.906696549153112	0.31163666355394903	0.29752468338952565		euclidean	transfo-xl-wt103	0,8,11	head
micro	-0.19331508185488805	6.274861107756254	7.6085207663583425	0.08646157833076462	0.9075750083949269	0.30689021422596185	0.2850070198773369	13730.0	euclidean	transfo-xl-wt103	0,8,11	head
macro	-0.28739954146674923	5.868047820902882	6.626907849991627	0.05681486506973427	0.876751412033001	1.0268240063177727	0.31607066822615054		cosine	transfo-xl-wt103	0,9,10	head
micro	-0.2865456986627196	6.3047500219772825	7.715563273866863	0.050925982223864595	0.8805273728185669	1.0305551601622107	0.3080617749205645	13730.0	cosine	transfo-xl-wt103	0,9,10	head
macro	-0.18875782121472875	5.868047820902882	6.626907849991627	0.0912258195458585	0.9067506268937994	0.3246152770673606	0.2991540486578758		euclidean	transfo-xl-wt103	0,9,10	head
micro	-0.18962529377319226	6.3047500219772825	7.715563273866863	0.0867299119534475	0.9069972718674811	0.3197190068495162	0.28685435601862114	13730.0	euclidean	transfo-xl-wt103	0,9,10	head
macro	-0.284130840093184	5.782433259419798	6.403609892637334	0.05564406903560887	0.8781390383504393	1.0246685917191947	0.31612777546266935		cosine	transfo-xl-wt103	0,9,11	head
micro	-0.2829209142872318	6.207529505613876	7.374256632800987	0.0502187018850565	0.8821130814224194	1.0287558422934329	0.307544520801005	13730.0	cosine	transfo-xl-wt103	0,9,11	head
macro	-0.18829270499795583	5.782433259419798	6.403609892637334	0.09167041604875037	0.9067327863324094	0.32439557349424053	0.29819395709182284		euclidean	transfo-xl-wt103	0,9,11	head
micro	-0.190180246525609	6.207529505613876	7.374256632800987	0.08712065274751363	0.9074727993681989	0.31848287262496083	0.28633710189906153	13730.0	euclidean	transfo-xl-wt103	0,9,11	head
macro	-0.2931336929458706	5.857472205549382	6.553996381374254	0.054916949079474114	0.8762953773705778	1.0238056543606033	0.31248415769091165		cosine	transfo-xl-wt103	0,10,11	head
micro	-0.2926190903160157	6.294031912530418	7.516590522213199	0.05055027033086043	0.8804995478274266	1.026166764479264	0.306362225670583	13730.0	cosine	transfo-xl-wt103	0,10,11	head
macro	-0.19218122933811127	5.857472205549382	6.553996381374254	0.08969816364123595	0.9056375375179907	0.3248698688870255	0.3016465172700885		euclidean	transfo-xl-wt103	0,10,11	head
micro	-0.19499339522104248	6.294031912530418	7.516590522213199	0.08652423554735626	0.9073144483062193	0.317367190357484	0.29040124140988693	13730.0	euclidean	transfo-xl-wt103	0,10,11	head
macro	-0.2743915167541838	5.812306576834452	6.155789632622364	0.06013606938855917	0.8804115338791233	1.0214351235289794	0.3200633520187544		cosine	transfo-xl-wt103	1,2,3	head
micro	-0.2763259895906173	6.260969678932332	7.125084863307544	0.05395326391036092	0.8834604769479869	1.0254549989279425	0.3111652996379221	13730.0	cosine	transfo-xl-wt103	1,2,3	head
macro	-0.1820386520942302	5.812306576834452	6.155789632622364	0.09662879039707872	0.9087820308419827	0.31279714756795496	0.2981190585206989		euclidean	transfo-xl-wt103	1,2,3	head
micro	-0.18589137805354983	6.260969678932332	7.125084863307544	0.09315899334731971	0.9086420229734699	0.3080685591375553	0.2841202985295204	13730.0	euclidean	transfo-xl-wt103	1,2,3	head
macro	-0.2848602475356506	5.993748820605749	6.550906512689745	0.053927484241779816	0.8775532305391522	1.0206152646391484	0.31941720587003597		cosine	transfo-xl-wt103	1,2,4	head
micro	-0.2847305457194153	6.47115905135554	7.563896392578001	0.0492572410529421	0.8808569392910497	1.0262404346169545	0.31131308652922485	13730.0	cosine	transfo-xl-wt103	1,2,4	head
macro	-0.18874685496885582	5.993748820605749	6.550906512689745	0.09461637979194099	0.9045999436945725	0.3199113932614303	0.2921143285939028		euclidean	transfo-xl-wt103	1,2,4	head
micro	-0.1915741961188677	6.47115905135554	7.563896392578001	0.09113779014621266	0.9048628166717396	0.31555714416979874	0.27717431463829156	13730.0	euclidean	transfo-xl-wt103	1,2,4	head
macro	-0.2814156053811656	5.951793166772896	6.425404534894904	0.05604230141172758	0.8791732725519897	1.0222199044941236	0.31533702829353216		cosine	transfo-xl-wt103	1,2,5	head
micro	-0.2808246782785484	6.419175314635715	7.419259469043339	0.050209105765584426	0.8819314980354288	1.0265882153853596	0.3074706273553536	13730.0	cosine	transfo-xl-wt103	1,2,5	head
macro	-0.18597776510043018	5.951793166772896	6.425404534894904	0.09428070180476311	0.9061710214777807	0.31738646193030556	0.2943620045945838		euclidean	transfo-xl-wt103	1,2,5	head
micro	-0.18931984100293991	6.419175314635715	7.419259469043339	0.09174155502785646	0.9060804480548865	0.31152068563583957	0.2819773886056307	13730.0	euclidean	transfo-xl-wt103	1,2,5	head
macro	-0.2844638103869004	5.9095569021141925	6.381677955754629	0.056483076762307634	0.879010990104599	1.020928334848282	0.32256612796996464		cosine	transfo-xl-wt103	1,2,6	head
micro	-0.2825914866138816	6.355924851894271	7.438339614692039	0.05128252804278664	0.8815289339570738	1.0277558675595782	0.31670730806177494	13730.0	cosine	transfo-xl-wt103	1,2,6	head
macro	-0.1837277021704934	5.9095569021141925	6.381677955754629	0.0933009076431671	0.9066020983710094	0.3162003367481461	0.2953967366769916		euclidean	transfo-xl-wt103	1,2,6	head
micro	-0.1862243952145954	6.355924851894271	7.438339614692039	0.09030810176525737	0.9068713638606056	0.31029251697458987	0.28256853617084166	13730.0	euclidean	transfo-xl-wt103	1,2,6	head
macro	-0.2773940778433449	5.938173051108963	6.392213951237398	0.056096803719983206	0.8798913967646433	1.019074396036284	0.31434484444519206		cosine	transfo-xl-wt103	1,2,7	head
micro	-0.2780091083063637	6.386154721298604	7.366130455017437	0.0509817596664968	0.8835789331779988	1.0252696851006555	0.30687947979014263	13730.0	cosine	transfo-xl-wt103	1,2,7	head
macro	-0.18450742427622335	5.938173051108963	6.392213951237398	0.09486264132544502	0.9065637393155606	0.31108265580378136	0.29507961198201477		euclidean	transfo-xl-wt103	1,2,7	head
micro	-0.18734469743910614	6.386154721298604	7.366130455017437	0.09183620247569689	0.9073585523679826	0.30550376981255134	0.2802039459099978	13730.0	euclidean	transfo-xl-wt103	1,2,7	head
macro	-0.2793414236560114	5.898524397292806	6.518999596529071	0.055159440183579	0.8778874895766969	1.0256758911927721	0.31918147367300737		cosine	transfo-xl-wt103	1,2,8	head
micro	-0.2792784982462631	6.348802938611152	7.4692513015307	0.050157474971945525	0.8823439649042571	1.0294538233488295	0.3112391930835735	13730.0	cosine	transfo-xl-wt103	1,2,8	head
macro	-0.1875839927044161	5.898524397292806	6.518999596529071	0.09333071529657645	0.9055027915280021	0.31385281555524114	0.2995070044230093		euclidean	transfo-xl-wt103	1,2,8	head
micro	-0.18961726551343308	6.348802938611152	7.4692513015307	0.09081947230100336	0.9068009659426245	0.3067666525183441	0.2859676346708047	13730.0	euclidean	transfo-xl-wt103	1,2,8	head
macro	-0.2730155798441936	5.865240986728946	6.3357594817557175	0.05958478070741246	0.8801992469989699	1.024427516555748	0.31733601122192434		cosine	transfo-xl-wt103	1,2,9	head
micro	-0.2687436882789762	6.28112355306108	7.2986303920086915	0.05518426035772039	0.8842795145244331	1.0286137649696072	0.30902238971403234	13730.0	cosine	transfo-xl-wt103	1,2,9	head
macro	-0.18501982664900968	5.865240986728946	6.3357594817557175	0.09452659105792753	0.9067252270262935	0.3173135763113785	0.2968185094821613		euclidean	transfo-xl-wt103	1,2,9	head
micro	-0.18604950107841747	6.28112355306108	7.2986303920086915	0.09114450985120395	0.9073930914659124	0.3099844827957755	0.2841941919751718	13730.0	euclidean	transfo-xl-wt103	1,2,9	head
macro	-0.2844016551700041	5.922773970483798	6.564393259816464	0.05626898365876656	0.8763519964674256	1.0247262609597143	0.31759379031117435		cosine	transfo-xl-wt103	1,2,10	head
micro	-0.2850678750438654	6.39113530191738	7.537413697451159	0.05130348379576897	0.8802972348131696	1.027853168601084	0.3084312421488214	13730.0	cosine	transfo-xl-wt103	1,2,10	head
macro	-0.18740821065414365	5.922773970483798	6.564393259816464	0.09357185856660208	0.9049292653034512	0.3200481342964213	0.29254252700314853		euclidean	transfo-xl-wt103	1,2,10	head
micro	-0.19040525313619602	6.39113530191738	7.537413697451159	0.09042167454555483	0.9055895813943411	0.31470527779323965	0.27902165077957586	13730.0	euclidean	transfo-xl-wt103	1,2,10	head
macro	-0.28394767676530314	5.8934952927463895	6.575167952820604	0.05592794326631394	0.8752326935361859	1.0156433593537497	0.31861523360346256		cosine	transfo-xl-wt103	1,2,11	head
micro	-0.28241104199104655	6.337517916511485	7.471303448435519	0.05122170328717562	0.8796249151717411	1.0192352646351148	0.31227370132269267	13730.0	cosine	transfo-xl-wt103	1,2,11	head
macro	-0.1888158672055505	5.8934952927463895	6.575167952820604	0.09223675793697497	0.9042152382718555	0.31944237357976163	0.29190139212520705		euclidean	transfo-xl-wt103	1,2,11	head
micro	-0.19098909546747725	6.337517916511485	7.471303448435519	0.08985327294286982	0.9056693430584201	0.3127055539717357	0.2799822655730437	13730.0	euclidean	transfo-xl-wt103	1,2,11	head
macro	-0.27961392264225965	5.850169256308843	6.364884675039187	0.05655821905112098	0.8790002622312139	1.0164499175062471	0.31989573350857414		cosine	transfo-xl-wt103	1,3,4	head
micro	-0.28081962554546946	6.324025426582238	7.406450103125824	0.050713001493817425	0.8817431174909097	1.0178918660777156	0.31079583240966524	13730.0	cosine	transfo-xl-wt103	1,3,4	head
macro	-0.18622398762798573	5.850169256308843	6.364884675039187	0.09483954706839681	0.9072504604518342	0.311216350718671	0.2928478243997946		euclidean	transfo-xl-wt103	1,3,4	head
micro	-0.18976492925502247	6.324025426582238	7.406450103125824	0.0902231236414397	0.906271387268086	0.30793742498201115	0.27976058523608954	13730.0	euclidean	transfo-xl-wt103	1,3,4	head
macro	-0.2830603539042127	5.856201263016981	6.500695190521305	0.05451240837427551	0.8791855955493042	1.0182969764181655	0.31482651237349807		cosine	transfo-xl-wt103	1,3,5	head
micro	-0.2847163144965085	6.304468738777814	7.596421098385085	0.049632830653556184	0.8820478816076268	1.0214347305138247	0.30784009458361045	13730.0	cosine	transfo-xl-wt103	1,3,5	head
macro	-0.1878057279308335	5.856201263016981	6.500695190521305	0.09161112082815659	0.9069448023755764	0.31242867514349865	0.29387102290790323		euclidean	transfo-xl-wt103	1,3,5	head
micro	-0.1920287080844449	6.304468738777814	7.596421098385085	0.0881616469059498	0.9060841542508287	0.3069548604524015	0.2811645607034656	13730.0	euclidean	transfo-xl-wt103	1,3,5	head
macro	-0.27741771949065014	5.822234392723707	6.180580205323011	0.05462407054467983	0.8811006917555811	1.015735960051432	0.3136746046036374		cosine	transfo-xl-wt103	1,3,6	head
micro	-0.27849141125937504	6.262743857423203	7.217814979664422	0.04911454861830702	0.8833942700797595	1.020608369642739	0.30902238971403234	13730.0	cosine	transfo-xl-wt103	1,3,6	head
macro	-0.18403022535890806	5.822234392723707	6.180580205323011	0.09407412427236553	0.9092293869506137	0.30368769418974045	0.29337820248137747		euclidean	transfo-xl-wt103	1,3,6	head
micro	-0.18742230573114713	6.262743857423203	7.217814979664422	0.0904828820071809	0.9083778031357865	0.29991185320279123	0.28160792137737384	13730.0	euclidean	transfo-xl-wt103	1,3,6	head
macro	-0.27978227418224205	5.842039732954216	6.268337124561386	0.05437403725327693	0.8810678325852869	1.016769374163822	0.31936364722205907		cosine	transfo-xl-wt103	1,3,7	head
micro	-0.281368236312542	6.2664166248981275	7.322305012669639	0.04968805110565074	0.8836038054964771	1.0204259351067695	0.3102785782901057	13730.0	cosine	transfo-xl-wt103	1,3,7	head
macro	-0.18526896361060166	5.842039732954216	6.268337124561386	0.09260583003911903	0.9084499558721616	0.3020719642350377	0.2956866142881523		euclidean	transfo-xl-wt103	1,3,7	head
micro	-0.18835431115732565	6.2664166248981275	7.322305012669639	0.08865787567649049	0.9078348123062234	0.2985278420576744	0.2821990689425848	13730.0	euclidean	transfo-xl-wt103	1,3,7	head
macro	-0.2737687609213582	5.768178900469221	6.440631212157781	0.05545580399589661	0.88013810591787	1.0219400555672	0.3171262695017182		cosine	transfo-xl-wt103	1,3,8	head
micro	-0.27617980765878425	6.198669750978337	7.484883727339563	0.05084381221865352	0.8834613070362847	1.0250619107116012	0.31035247173575703	13730.0	cosine	transfo-xl-wt103	1,3,8	head
macro	-0.18508837098886657	5.768178900469221	6.440631212157781	0.09197667824325229	0.9079641571961116	0.3011287118607353	0.298471506411175		euclidean	transfo-xl-wt103	1,3,8	head
micro	-0.1884354666038619	6.198669750978337	7.484883727339563	0.08795841614001094	0.9078204573987949	0.29669382212533174	0.2834552575186581	13730.0	euclidean	transfo-xl-wt103	1,3,8	head
macro	-0.26933065714986343	5.750737631227142	6.201647744348547	0.05899758421099363	0.882787644073013	1.0209440854472278	0.3139535174915681		cosine	transfo-xl-wt103	1,3,9	head
micro	-0.26881857918914426	6.178207193408098	7.231614333358649	0.05317557604235575	0.8857747015824367	1.0229581769561629	0.3061405453336289	13730.0	cosine	transfo-xl-wt103	1,3,9	head
macro	-0.18237941253854925	5.750737631227142	6.201647744348547	0.09315094671896629	0.9101230675119273	0.3097773964750374	0.2958927854293586		euclidean	transfo-xl-wt103	1,3,9	head
micro	-0.18461585188313437	6.178207193408098	7.231614333358649	0.0893284532105816	0.9092162640743984	0.30508769205841774	0.28382472474691495	13730.0	euclidean	transfo-xl-wt103	1,3,9	head
macro	-0.28151048431898296	5.810792353551285	6.604922748755989	0.053747070468766645	0.8773502046436903	1.0200431325456973	0.3160002607707486		cosine	transfo-xl-wt103	1,3,10	head
micro	-0.2838189368163464	6.23605888440146	7.675637115224107	0.04813375361687959	0.8803661043406596	1.0208747209116587	0.30820956181186726	13730.0	cosine	transfo-xl-wt103	1,3,10	head
macro	-0.18767949865016292	5.810792353551285	6.604922748755989	0.09121146696614774	0.9052486041471117	0.31239561016676654	0.29101030448361803		euclidean	transfo-xl-wt103	1,3,10	head
micro	-0.1914896898218174	6.23605888440146	7.675637115224107	0.0868783011397236	0.9044924868546703	0.3089839857911391	0.280056159018695	13730.0	euclidean	transfo-xl-wt103	1,3,10	head
macro	-0.28226351285210327	5.829452343805809	6.584619372988373	0.05260747758964121	0.8771778325823122	1.0139946980040326	0.31994805656312186		cosine	transfo-xl-wt103	1,3,11	head
micro	-0.2818334024275295	6.2633723973323665	7.697030899173736	0.047945716429731985	0.879999204983334	1.0171541567240365	0.3134559964531146	13730.0	cosine	transfo-xl-wt103	1,3,11	head
macro	-0.18825520035436855	5.829452343805809	6.584619372988373	0.09217173316511575	0.9065744607593343	0.31135919877167495	0.2956870262344731		euclidean	transfo-xl-wt103	1,3,11	head
micro	-0.19102123772265286	6.2633723973323665	7.697030899173736	0.08895764031105252	0.9064595318495525	0.30640136924858236	0.2839725116382177	13730.0	euclidean	transfo-xl-wt103	1,3,11	head
macro	-0.28861366526086624	6.002336939678451	6.73101522215102	0.05369520140367708	0.8764378515937872	1.012606136249826	0.3179474523490665		cosine	transfo-xl-wt103	1,4,5	head
micro	-0.2900142836341353	6.491099188477155	7.8543269538937786	0.04818064911520409	0.8791845163785629	1.0158874228200854	0.30953964383359195	13730.0	cosine	transfo-xl-wt103	1,4,5	head
macro	-0.19022395193204403	6.002336939678451	6.73101522215102	0.09317387048981639	0.9045698484726551	0.317092445190457	0.28916708140146746		euclidean	transfo-xl-wt103	1,4,5	head
micro	-0.19422909168112895	6.491099188477155	7.8543269538937786	0.08885223736642774	0.9040746084048678	0.3133224161333208	0.2761398063991724	13730.0	euclidean	transfo-xl-wt103	1,4,5	head
macro	-0.2896277470529775	5.8924559071259415	6.668600520499844	0.05411803086856749	0.8764532353011808	1.011871450979307	0.31954385099522714		cosine	transfo-xl-wt103	1,4,6	head
micro	-0.2888731274734707	6.345300292588362	7.760054175515095	0.049048594582825476	0.8790246217600641	1.0172586943166395	0.3116086603118303	13730.0	cosine	transfo-xl-wt103	1,4,6	head
macro	-0.19094838076995763	5.8924559071259415	6.668600520499844	0.09363287716949571	0.9040089255170306	0.3155395557301595	0.29122512014441465		euclidean	transfo-xl-wt103	1,4,6	head
micro	-0.193944858432053	6.345300292588362	7.760054175515095	0.08886303523741174	0.9041830622157715	0.3120735234282744	0.280056159018695	13730.0	euclidean	transfo-xl-wt103	1,4,6	head
macro	-0.2853511652040299	5.916019771394007	6.422147982301768	0.055193895017712054	0.8773179103703834	1.0150312209576147	0.3195102826795518		cosine	transfo-xl-wt103	1,4,7	head
micro	-0.2850344768987403	6.3645136647175935	7.396542000177549	0.05013135435113234	0.8806801947449072	1.0192012198122253	0.3121998078770413	13730.0	cosine	transfo-xl-wt103	1,4,7	head
macro	-0.19081408432400718	5.916019771394007	6.422147982301768	0.09406499420608576	0.9049465734552135	0.30987281876117195	0.2915049858438187		euclidean	transfo-xl-wt103	1,4,7	head
micro	-0.1928917737463815	6.3645136647175935	7.396542000177549	0.08990185522608567	0.905236011842272	0.3053362591736694	0.27894775733392446	13730.0	euclidean	transfo-xl-wt103	1,4,7	head
macro	-0.28444972142939345	5.87255445714995	6.671206423276139	0.05587098698058309	0.8764250702668374	1.019221944784651	0.32045317244902444		cosine	transfo-xl-wt103	1,4,8	head
micro	-0.2847440059459036	6.340338604003988	7.679648619307573	0.05119158898121375	0.8806150303281294	1.0240684257893058	0.31175644720313306	13730.0	cosine	transfo-xl-wt103	1,4,8	head
macro	-0.18985983452055188	5.87255445714995	6.671206423276139	0.09176847759992791	0.9041397859883016	0.31181765026964664	0.29520136096071564		euclidean	transfo-xl-wt103	1,4,8	head
micro	-0.1930655946992813	6.340338604003988	7.679648619307573	0.08780522774949776	0.9050934019390935	0.30644609575459714	0.282642429616493	13730.0	euclidean	transfo-xl-wt103	1,4,8	head
macro	-0.28276347715035793	5.81250806643162	6.311873006320608	0.0550763741719386	0.8796349331608155	1.0210464917973054	0.31806521922871744		cosine	transfo-xl-wt103	1,4,9	head
micro	-0.27993498708042946	6.271301362149562	7.26260479944806	0.05068926821639257	0.8834274909627633	1.0237563872491486	0.31050025862705977	13730.0	cosine	transfo-xl-wt103	1,4,9	head
macro	-0.18769796946994252	5.81250806643162	6.311873006320608	0.09386321426519029	0.9058255014826828	0.31849350144959176	0.2947552224499274		euclidean	transfo-xl-wt103	1,4,9	head
micro	-0.1899659009209193	6.271301362149562	7.26260479944806	0.08959122083006005	0.9063843279047084	0.3127985820990447	0.2813862410404197	13730.0	euclidean	transfo-xl-wt103	1,4,9	head
macro	-0.2906261590094206	5.917926144720222	6.72352915492756	0.05524845329933046	0.8746660789845668	1.0196072446350843	0.316586437665438		cosine	transfo-xl-wt103	1,4,10	head
micro	-0.29264426811305955	6.387362803224121	7.803425226968757	0.0496864149027311	0.8778115166525878	1.0216167616661518	0.30784009458361045	13730.0	cosine	transfo-xl-wt103	1,4,10	head
macro	-0.1914408026380549	5.917926144720222	6.72352915492756	0.09216106883945971	0.9035941168856609	0.3195623516257304	0.28976667922367444		euclidean	transfo-xl-wt103	1,4,10	head
micro	-0.19545263866690432	6.387362803224121	7.803425226968757	0.08765257313301823	0.9033089549426121	0.3161750452186532	0.2768787408556861	13730.0	euclidean	transfo-xl-wt103	1,4,10	head
macro	-0.2889582289815009	5.936480749398033	6.5469684589663215	0.05383086646802495	0.8752784285871458	1.0106548710715189	0.3174684941285452		cosine	transfo-xl-wt103	1,4,11	head
micro	-0.28756090505586396	6.41732604507768	7.475666002002951	0.04862447937183766	0.8792791500285781	1.0139656184533963	0.31286484888790367	13730.0	cosine	transfo-xl-wt103	1,4,11	head
macro	-0.1911048305021635	5.936480749398033	6.5469684589663215	0.09162799256454253	0.9036407991408496	0.3161968966000568	0.2903137528785556		euclidean	transfo-xl-wt103	1,4,11	head
micro	-0.19389935785999582	6.41732604507768	7.475666002002951	0.08818976321388618	0.9046131085952472	0.3104555899922652	0.27976058523608954	13730.0	euclidean	transfo-xl-wt103	1,4,11	head
macro	-0.2870965786897355	5.94317029508745	6.527350190183529	0.05548102828116246	0.8779727561041584	1.0166803726154419	0.3131517575482501		cosine	transfo-xl-wt103	1,5,6	head
micro	-0.2871302573650311	6.4092419962382925	7.644317902673577	0.049574945947723985	0.8800658880833256	1.0211763770499462	0.30732284046405084	13730.0	cosine	transfo-xl-wt103	1,5,6	head
macro	-0.18869786407618544	5.94317029508745	6.527350190183529	0.09201203921772154	0.9062423351103608	0.3101720187133102	0.28834511624349474		euclidean	transfo-xl-wt103	1,5,6	head
micro	-0.19250252891591693	6.4092419962382925	7.644317902673577	0.0890312337332446	0.9055720792902249	0.3050546341295016	0.27798714254045664	13730.0	euclidean	transfo-xl-wt103	1,5,6	head
macro	-0.2871048763045768	5.968104659123008	6.458215552825689	0.05649664589737807	0.878363703360511	1.0124409083090204	0.3147025228206375		cosine	transfo-xl-wt103	1,5,7	head
micro	-0.2890416116459475	6.409343013592355	7.512790992945723	0.050909709913819434	0.8809610412785644	1.0180392054306537	0.30909628315968374	13730.0	cosine	transfo-xl-wt103	1,5,7	head
macro	-0.1905431177081288	5.968104659123008	6.458215552825689	0.09079627546068961	0.9063940032937133	0.3097460677946675	0.29142695837051946		euclidean	transfo-xl-wt103	1,5,7	head
micro	-0.1944783247348887	6.409343013592355	7.512790992945723	0.08769061613072296	0.9060917194473107	0.3046678493244851	0.2796866917904382	13730.0	euclidean	transfo-xl-wt103	1,5,7	head
macro	-0.28616616708807296	5.86607945955794	6.786510158509832	0.05421042019022568	0.8766878832604023	1.0164226331328234	0.31818987814609745		cosine	transfo-xl-wt103	1,5,8	head
micro	-0.2884489777827783	6.308853808487936	7.885792889605974	0.049568570154228525	0.8799461079207618	1.021628389849729	0.31234759476834406	13730.0	cosine	transfo-xl-wt103	1,5,8	head
macro	-0.19113059837065885	5.86607945955794	6.786510158509832	0.09104360729059384	0.9046591697400014	0.30886710761076175	0.2922437349169924		euclidean	transfo-xl-wt103	1,5,8	head
micro	-0.19507086475284374	6.308853808487936	7.885792889605974	0.08850340605852729	0.9046552778184674	0.3042008003427332	0.2796866917904382	13730.0	euclidean	transfo-xl-wt103	1,5,8	head
macro	-0.2829596045226435	5.939109367281569	6.2254618193078155	0.05742871877168015	0.8801299965649743	1.0177106449022457	0.3125420038944911		cosine	transfo-xl-wt103	1,5,9	head
micro	-0.2823644077446579	6.380297522851847	7.137993848146062	0.05194238928154852	0.8841131868381428	1.0213160888798212	0.3062883322249316	13730.0	cosine	transfo-xl-wt103	1,5,9	head
macro	-0.18871141907469693	5.939109367281569	6.2254618193078155	0.09191874945971784	0.9066077043391966	0.31691241464176406	0.29073056390869323		euclidean	transfo-xl-wt103	1,5,9	head
micro	-0.19212757802015037	6.380297522851847	7.137993848146062	0.08882388512853183	0.9071163374780619	0.310543322460171	0.2778393556491539	13730.0	euclidean	transfo-xl-wt103	1,5,9	head
macro	-0.29014205864260684	6.013850693143289	6.64540772159788	0.05360071092888518	0.8770673966921076	1.0149596575195814	0.3125433973592106		cosine	transfo-xl-wt103	1,5,10	head
micro	-0.2930273009317021	6.4766142622409335	7.7469521918518796	0.04774826345339671	0.8797210321858314	1.0196693890799418	0.3079139880292618	13730.0	cosine	transfo-xl-wt103	1,5,10	head
macro	-0.19250522538198475	6.013850693143289	6.64540772159788	0.09236830498151506	0.9041653752367393	0.3193616567902107	0.29026191985001776		euclidean	transfo-xl-wt103	1,5,10	head
micro	-0.19715680720001896	6.4766142622409335	7.7469521918518796	0.08820534400103429	0.9035035874498164	0.3146717956888559	0.27953890489913547	13730.0	euclidean	transfo-xl-wt103	1,5,10	head
macro	-0.2923679078902056	5.923157875905794	6.613173326457206	0.05242996472530219	0.877170776621785	1.010648464435634	0.31552588774584633		cosine	transfo-xl-wt103	1,5,11	head
micro	-0.29299529033749216	6.370260571547986	7.646728766189415	0.046496097263113136	0.8802030849170085	1.0146703184745949	0.31079583240966524	13730.0	cosine	transfo-xl-wt103	1,5,11	head
macro	-0.19253519457297164	5.923157875905794	6.613173326457206	0.09096290975878911	0.9050117195856293	0.3170089014843263	0.2893534624449911		euclidean	transfo-xl-wt103	1,5,11	head
micro	-0.19652825483719677	6.370260571547986	7.646728766189415	0.08837858179390028	0.9050920597467447	0.3112729338513899	0.2804256262469519	13730.0	euclidean	transfo-xl-wt103	1,5,11	head
macro	-0.28626988592766983	5.9158621803302625	6.364600515856681	0.05508602245035513	0.8793431566640165	1.015601624040686	0.3189828535511595		cosine	transfo-xl-wt103	1,6,7	head
micro	-0.2874498126282898	6.346829969158638	7.3884687506769575	0.05023474944680719	0.8820887777405487	1.0206624512898053	0.31131308652922485	13730.0	cosine	transfo-xl-wt103	1,6,7	head
macro	-0.18772225048925284	5.9158621803302625	6.364600515856681	0.09196198838473925	0.9065252586097869	0.30415560999777	0.29380499704718593		euclidean	transfo-xl-wt103	1,6,7	head
micro	-0.19062859828016115	6.346829969158638	7.3884687506769575	0.08834167883973644	0.9068868089103402	0.29908516031410454	0.28308579029040126	13730.0	euclidean	transfo-xl-wt103	1,6,7	head
macro	-0.28662282591438815	5.8434565582961495	6.604243885351848	0.05666121698638273	0.8784434754519084	1.0183132299067135	0.31720651303197755		cosine	transfo-xl-wt103	1,6,8	head
micro	-0.2878401263465168	6.298594423439425	7.702510243427013	0.05167711304395272	0.8815194262331402	1.0239680522516958	0.3111652996379221	13730.0	cosine	transfo-xl-wt103	1,6,8	head
macro	-0.19060802848157582	5.8434565582961495	6.604243885351848	0.09177842249206135	0.9061533235091233	0.3053826405734139	0.29182029699845646		euclidean	transfo-xl-wt103	1,6,8	head
micro	-0.1936363941874582	6.298594423439425	7.702510243427013	0.08926658211655285	0.9064500202029888	0.3006521165826795	0.27939111800783273	13730.0	euclidean	transfo-xl-wt103	1,6,8	head
macro	-0.2755140205862729	5.819060844710749	6.237131853403464	0.059104687532859586	0.88157483981314	1.0204418578737766	0.3177295550905698		cosine	transfo-xl-wt103	1,6,9	head
micro	-0.2722642378140162	6.263673294716966	7.2635245914484	0.05371899284346057	0.8841869043104493	1.0243022419009185	0.31264316855094954	13730.0	cosine	transfo-xl-wt103	1,6,9	head
macro	-0.18332538496968434	5.819060844710749	6.237131853403464	0.09419169300574465	0.9081545396529833	0.3074428231398833	0.29449451925857945		euclidean	transfo-xl-wt103	1,6,9	head
micro	-0.18488596106496244	6.263673294716966	7.2635245914484	0.09082875176456623	0.9081053193594423	0.3019818618831941	0.2831596837360526	13730.0	euclidean	transfo-xl-wt103	1,6,9	head
macro	-0.2931934916396872	5.96851064278225	6.852138454424101	0.054957422437652066	0.8754548434281849	1.016146001637035	0.3141762013308562		cosine	transfo-xl-wt103	1,6,10	head
micro	-0.295115849856445	6.418273885699634	8.020312615880417	0.048852999528071366	0.8779260388130065	1.0199945613740777	0.3067316928988399	13730.0	cosine	transfo-xl-wt103	1,6,10	head
macro	-0.1915020148291948	5.96851064278225	6.852138454424101	0.09145040844821171	0.9040311665846475	0.3159259603809833	0.29162931486161225		euclidean	transfo-xl-wt103	1,6,10	head
micro	-0.19529790845608955	6.418273885699634	8.020312615880417	0.08737733354417392	0.9036134043778388	0.3128346793127594	0.28035173280130055	13730.0	euclidean	transfo-xl-wt103	1,6,10	head
macro	-0.2919868207261668	5.915973618395104	6.466959722546214	0.05418392857536345	0.8773213262804739	1.0108662842656992	0.31660507195992843		cosine	transfo-xl-wt103	1,6,11	head
micro	-0.2917572795243139	6.368494169545773	7.494761261921311	0.04928198070081953	0.8806212761198213	1.014900414915113	0.3119781275400872	13730.0	cosine	transfo-xl-wt103	1,6,11	head
macro	-0.19040389846299274	5.915973618395104	6.466959722546214	0.09047792883996883	0.9056268744781468	0.31274143617640204	0.2892208970083383		euclidean	transfo-xl-wt103	1,6,11	head
micro	-0.19385971805306984	6.368494169545773	7.494761261921311	0.08737322904563073	0.9061972227895169	0.30745206731208474	0.2796866917904382	13730.0	euclidean	transfo-xl-wt103	1,6,11	head
macro	-0.2817643842783035	5.870437537594672	6.712899460540673	0.053535034190290286	0.8787658558869056	1.0182750867163788	0.31898390137415156		cosine	transfo-xl-wt103	1,7,8	head
micro	-0.28373507998386643	6.315891402039858	7.805313840892109	0.04929631844897396	0.8822958641131925	1.0220595706478324	0.30931796349663787	13730.0	cosine	transfo-xl-wt103	1,7,8	head
macro	-0.18910639858322859	5.870437537594672	6.712899460540673	0.09168118685373668	0.9054954229577636	0.3032516435460312	0.29584157467383515		euclidean	transfo-xl-wt103	1,7,8	head
micro	-0.19262565884623636	6.315891402039858	7.805313840892109	0.08788635243958394	0.9061993658240245	0.29908129553116897	0.2823468558338875	13730.0	euclidean	transfo-xl-wt103	1,7,8	head
macro	-0.27813926476541934	5.879348665679958	6.495598678367568	0.05807386200833971	0.8798870724510441	1.0159978561063745	0.3161524870367511		cosine	transfo-xl-wt103	1,7,9	head
micro	-0.27720081920466716	6.309556503736826	7.506557290347056	0.053791818631921826	0.8839308699398724	1.0199188749119419	0.30835734870317005	13730.0	cosine	transfo-xl-wt103	1,7,9	head
macro	-0.18549528328184392	5.879348665679958	6.495598678367568	0.09137550128797228	0.9054635443189477	0.3096136010222209	0.29240747754026547		euclidean	transfo-xl-wt103	1,7,9	head
micro	-0.18742604402554885	6.309556503736826	7.506557290347056	0.08793669760969772	0.9059691512556517	0.304171594862608	0.27798714254045664	13730.0	euclidean	transfo-xl-wt103	1,7,9	head
macro	-0.2860821507355321	5.88787855586601	6.5221145583130875	0.05454297877927624	0.8775652419801977	1.0178188893978384	0.31632239908780085		cosine	transfo-xl-wt103	1,7,10	head
micro	-0.28854087693823016	6.315876044225417	7.568538338269381	0.04942404989959189	0.8807251078079771	1.0198900287185275	0.30732284046405084	13730.0	cosine	transfo-xl-wt103	1,7,10	head
macro	-0.18913975296167185	5.88787855586601	6.5221145583130875	0.09181338298760366	0.9058865460023525	0.3080851140570468	0.2939501688320162		euclidean	transfo-xl-wt103	1,7,10	head
micro	-0.19274622792796203	6.315876044225417	7.568538338269381	0.08812099976040824	0.905898967741715	0.3040997141481362	0.2813862410404197	13730.0	euclidean	transfo-xl-wt103	1,7,10	head
macro	-0.28734953179956857	5.916428964512565	6.697185189699984	0.05312758329421786	0.8770341015819012	1.0107486139930784	0.3167749339817956		cosine	transfo-xl-wt103	1,7,11	head
micro	-0.2874320354598036	6.361351473258488	7.698142694828289	0.048793778730590515	0.8804085646951436	1.0149021230190378	0.3093918569422892	13730.0	cosine	transfo-xl-wt103	1,7,11	head
macro	-0.19027385457298415	5.916428964512565	6.697185189699984	0.0905761246363843	0.903827621866002	0.3106971385784089	0.2912484016546394		euclidean	transfo-xl-wt103	1,7,11	head
micro	-0.19369676705167202	6.361351473258488	7.698142694828289	0.08745803926138686	0.9044743799971762	0.30594259041050365	0.27953890489913547	13730.0	euclidean	transfo-xl-wt103	1,7,11	head
macro	-0.2809564433671902	5.829886889825045	6.519351600049416	0.057553907219201575	0.8791564507762967	1.0203188173985034	0.31461194440941853		cosine	transfo-xl-wt103	1,8,9	head
micro	-0.27988182410149837	6.26833787317936	7.543920598349337	0.05271996768725314	0.8830238014010153	1.0233476196686024	0.30953964383359195	13730.0	cosine	transfo-xl-wt103	1,8,9	head
macro	-0.18773174702216808	5.829886889825045	6.519351600049416	0.09205289700009842	0.9053535040237078	0.31170523358711394	0.2943829594750238		euclidean	transfo-xl-wt103	1,8,9	head
micro	-0.19016010888780394	6.26833787317936	7.543920598349337	0.08865478355692036	0.9061567747586146	0.3056305889022151	0.28123845414911697	13730.0	euclidean	transfo-xl-wt103	1,8,9	head
macro	-0.2877703421026416	5.875915912011893	6.9149716486970725	0.052935862490281926	0.8753937245295268	1.0186147711889562	0.3160706626950012		cosine	transfo-xl-wt103	1,8,10	head
micro	-0.28876813129999684	6.3337042042433715	8.035395768202775	0.04822806216643446	0.879170407719731	1.0220269043602226	0.30880070937707826	13730.0	cosine	transfo-xl-wt103	1,8,10	head
macro	-0.19030161340446905	5.875915912011893	6.9149716486970725	0.0912706777110961	0.902770330481378	0.31198629442873127	0.2932576179381414		euclidean	transfo-xl-wt103	1,8,10	head
micro	-0.19317170359405011	6.3337042042433715	8.035395768202775	0.08705364732111374	0.9031017643054942	0.30726158686509125	0.28079509347520876	13730.0	euclidean	transfo-xl-wt103	1,8,10	head
macro	-0.2869570425904605	5.939595116693477	6.689630000036098	0.0532722350793912	0.8751214928631716	1.0116943265309697	0.31640456140595563		cosine	transfo-xl-wt103	1,8,11	head
micro	-0.2858043968456595	6.393618848285814	7.6933434010436805	0.048551996965480015	0.8795781902151788	1.0148970025961344	0.3097613241705461	13730.0	cosine	transfo-xl-wt103	1,8,11	head
macro	-0.19198684778690697	5.939595116693477	6.689630000036098	0.08890924923228434	0.9038393334356324	0.3102163919223414	0.29063431714214844		euclidean	transfo-xl-wt103	1,8,11	head
micro	-0.19418394922136484	6.393618848285814	7.6933434010436805	0.08617257128725853	0.905472485473667	0.3035710475831933	0.2781349294317594	13730.0	euclidean	transfo-xl-wt103	1,8,11	head
macro	-0.28535339399557846	5.872222007516625	6.6281127329015215	0.05509701731765106	0.8782862010219779	1.020978963630555	0.3138157190982834		cosine	transfo-xl-wt103	1,9,10	head
micro	-0.2847383652494398	6.30207683244091	7.741759359313414	0.049420242275914225	0.8815329367990177	1.0234445660015485	0.30776620113795905	13730.0	cosine	transfo-xl-wt103	1,9,10	head
macro	-0.18835800704541655	5.872222007516625	6.6281127329015215	0.09403522768032833	0.9055432006939877	0.3164739773450372	0.2978362744028115		euclidean	transfo-xl-wt103	1,9,10	head
micro	-0.1911942417740517	6.30207683244091	7.741759359313414	0.08951295428324237	0.9051699784596576	0.3125619388217115	0.285819847779502	13730.0	euclidean	transfo-xl-wt103	1,9,10	head
macro	-0.28054014173531605	5.8155699324185095	6.536515716903818	0.0538830183211094	0.8782147583675802	1.0148245627477779	0.31728354066367875		cosine	transfo-xl-wt103	1,9,11	head
micro	-0.27793045126451166	6.25319724873834	7.556179639692872	0.049020489193038745	0.8820438718906453	1.0172699484091385	0.31183034064878445	13730.0	cosine	transfo-xl-wt103	1,9,11	head
macro	-0.18858835809231647	5.8155699324185095	6.536515716903818	0.09167543244371804	0.9041664404788694	0.31750112988706003	0.2916617334947479		euclidean	transfo-xl-wt103	1,9,11	head
micro	-0.19110299332827926	6.25319724873834	7.556179639692872	0.08827503666184013	0.9048653958912208	0.31072884900778414	0.2799083721273923	13730.0	euclidean	transfo-xl-wt103	1,9,11	head
macro	-0.2923601113508653	5.896268910708943	6.703503785046337	0.05385938958220928	0.875373489786726	1.014230364704417	0.3138396512089009		cosine	transfo-xl-wt103	1,10,11	head
micro	-0.2925558822615528	6.351838561797044	7.728399221822036	0.04865568293402712	0.8793453188902001	1.015904684897643	0.30732284046405084	13730.0	cosine	transfo-xl-wt103	1,10,11	head
macro	-0.1910920051933749	5.896268910708943	6.703503785046337	0.0911958315023273	0.9037690422509452	0.321082362222137	0.2894341757508798		euclidean	transfo-xl-wt103	1,10,11	head
micro	-0.1949966698128216	6.351838561797044	7.728399221822036	0.08767056445689632	0.9048788484805094	0.3149118228143643	0.27939111800783273	13730.0	euclidean	transfo-xl-wt103	1,10,11	head
macro	-0.2837104606002675	5.9134905154470845	6.348012805411983	0.058360780223024086	0.8798814325030029	1.0206661799178143	0.31064941086406805		cosine	transfo-xl-wt103	2,3,4	head
micro	-0.28537461186280433	6.391077639332271	7.361707870613869	0.05336353896286579	0.8833556616225697	1.023526650610089	0.301780832040198	13730.0	cosine	transfo-xl-wt103	2,3,4	head
macro	-0.18658703010884753	5.9134905154470845	6.348012805411983	0.09489796121068085	0.9083399515947125	0.3194314864257889	0.29033141184182737		euclidean	transfo-xl-wt103	2,3,4	head
micro	-0.19066110718246798	6.391077639332271	7.361707870613869	0.09091218051159783	0.9081641301130537	0.3151432625397531	0.27584423261656693	13730.0	euclidean	transfo-xl-wt103	2,3,4	head
macro	-0.284668512279101	5.882604383377743	6.361652976480393	0.05756826871562441	0.8795110480657587	1.0223472885278224	0.30993362540934166		cosine	transfo-xl-wt103	2,3,5	head
micro	-0.28248247153344724	6.365446944835247	7.348376213379006	0.05334853626891849	0.8831157765592447	1.0249759747899303	0.3013374713662898	13730.0	cosine	transfo-xl-wt103	2,3,5	head
macro	-0.18633229876319007	5.882604383377743	6.361652976480393	0.09447003605800419	0.9080398097866318	0.31900443629861375	0.2921938147891182		euclidean	transfo-xl-wt103	2,3,5	head
micro	-0.1887511137784125	6.365446944835247	7.348376213379006	0.09060765804281005	0.908745826045976	0.31027808909864624	0.2809428803665115	13730.0	euclidean	transfo-xl-wt103	2,3,5	head
macro	-0.28244965754716034	5.8969053647015	6.020109268731185	0.05885609198498528	0.8806745178843026	1.021070164493559	0.31382185372681154		cosine	transfo-xl-wt103	2,3,6	head
micro	-0.2804305642799201	6.375095419429766	6.932767350527896	0.054005894665138554	0.8845680911609661	1.0261806539651495	0.3076923076923077	13730.0	cosine	transfo-xl-wt103	2,3,6	head
macro	-0.18347489628556124	5.8969053647015	6.020109268731185	0.09198477492485051	0.9094693070842158	0.31338965821467923	0.2971192695869582		euclidean	transfo-xl-wt103	2,3,6	head
micro	-0.18582132752368763	6.375095419429766	6.932767350527896	0.08878640276636897	0.9101997422031763	0.3057370630993172	0.28552427399689645	13730.0	euclidean	transfo-xl-wt103	2,3,6	head
macro	-0.27922924010704203	5.86435074293443	6.167498158375947	0.06126496025701541	0.8811698302185775	1.017506521559722	0.3121001768194137		cosine	transfo-xl-wt103	2,3,7	head
micro	-0.2782317681769872	6.318674660414008	7.108032176786042	0.055897840001055035	0.8855380895154527	1.021632584614795	0.3046626764206015	13730.0	cosine	transfo-xl-wt103	2,3,7	head
macro	-0.1830802600802071	5.86435074293443	6.167498158375947	0.0957723939862412	0.9101173792698062	0.3074302280912483	0.2940536182469558		euclidean	transfo-xl-wt103	2,3,7	head
micro	-0.1854343965968705	6.318674660414008	7.108032176786042	0.09226568439619695	0.9112812392578628	0.2999485798929388	0.28109066725781423	13730.0	euclidean	transfo-xl-wt103	2,3,7	head
macro	-0.2810888887936238	5.840816959499709	6.344019917318212	0.05831242674002669	0.8791899660482598	1.0276386473700299	0.31697139565904986		cosine	transfo-xl-wt103	2,3,8	head
micro	-0.27955811475336423	6.2901999627195995	7.267705414406101	0.053505850228885495	0.8838613256489394	1.02974775536954	0.3085051355944728	13730.0	cosine	transfo-xl-wt103	2,3,8	head
macro	-0.18703722635783818	5.840816959499709	6.344019917318212	0.09195112972306548	0.9086957473148558	0.3117652489808981	0.2994253657578172		euclidean	transfo-xl-wt103	2,3,8	head
micro	-0.18902861993398598	6.2901999627195995	7.267705414406101	0.08920737715473963	0.9101392096815502	0.3035778744514905	0.28663267568166706	13730.0	euclidean	transfo-xl-wt103	2,3,8	head
macro	-0.2697255891993603	5.828806552463073	6.129044202200567	0.06222022230509126	0.8823833381425221	1.0214945409362606	0.3118907614041977		cosine	transfo-xl-wt103	2,3,9	head
micro	-0.2662831619406013	6.273829322077425	7.065130895251449	0.05734238144833182	0.8868600501861985	1.0237615585865778	0.30340648784452817	13730.0	cosine	transfo-xl-wt103	2,3,9	head
macro	-0.18271669015663802	5.828806552463073	6.129044202200567	0.09428639904228663	0.9114037492058107	0.3160398605480649	0.2972658742920228		euclidean	transfo-xl-wt103	2,3,9	head
micro	-0.18359033266124436	6.273829322077425	7.065130895251449	0.09159149336377546	0.9121805271236257	0.3075201935573008	0.28552427399689645	13730.0	euclidean	transfo-xl-wt103	2,3,9	head
macro	-0.28452758494488717	5.8616673629251075	6.329422813348234	0.05739605468298687	0.8773063718655414	1.0264161655886919	0.31219858157851904		cosine	transfo-xl-wt103	2,3,10	head
micro	-0.28381386634364086	6.329208289102884	7.207305057040445	0.05223654177916543	0.8820433339967317	1.0280808703609996	0.30384984851843644	13730.0	cosine	transfo-xl-wt103	2,3,10	head
macro	-0.18732614276884893	5.8616673629251075	6.329422813348234	0.09320935641616612	0.9067303906770308	0.3187164659689882	0.2894011983454843		euclidean	transfo-xl-wt103	2,3,10	head
micro	-0.18979384963250984	6.329208289102884	7.207305057040445	0.0903578770616577	0.9081141617015125	0.3116003283989794	0.2753269784970073	13730.0	euclidean	transfo-xl-wt103	2,3,10	head
macro	-0.2852488589621172	5.889365756412523	6.453571296445315	0.05531816057346648	0.8762079082507516	1.0194161913531927	0.3174218061720485		cosine	transfo-xl-wt103	2,3,11	head
micro	-0.2832932505332652	6.3435868949926375	7.390263346644531	0.050801583250019725	0.8808543231807078	1.0226650515322708	0.31079583240966524	13730.0	cosine	transfo-xl-wt103	2,3,11	head
macro	-0.18871945262061993	5.889365756412523	6.453571296445315	0.09312410760108762	0.9073820678382785	0.3191838259308442	0.29105695145418115		euclidean	transfo-xl-wt103	2,3,11	head
micro	-0.18981607512023863	6.3435868949926375	7.390263346644531	0.090750106838777	0.9088517421993162	0.31157150372217385	0.280056159018695	13730.0	euclidean	transfo-xl-wt103	2,3,11	head
macro	-0.28798728307907356	5.999842300986878	6.754248188609768	0.05386814135141567	0.8784679013259085	1.0186268386073345	0.3118004822740377		cosine	transfo-xl-wt103	2,4,5	head
micro	-0.28790616788736445	6.487903381591806	7.927064022358265	0.049466001336137974	0.8808270156420931	1.0225766936904033	0.302371979605409	13730.0	cosine	transfo-xl-wt103	2,4,5	head
macro	-0.1892053494377436	5.999842300986878	6.754248188609768	0.09310045317223477	0.9061705210964411	0.3243285505744194	0.2893572793578791		euclidean	transfo-xl-wt103	2,4,5	head
micro	-0.19251807716095945	6.487903381591806	7.927064022358265	0.0895416933467344	0.905429576016537	0.32024021857265167	0.27547476538831006	13730.0	euclidean	transfo-xl-wt103	2,4,5	head
macro	-0.29315353484679835	5.921035691613024	6.661993306663946	0.054174649942776334	0.8782119136539652	1.0170173643405191	0.3123524575593557		cosine	transfo-xl-wt103	2,4,6	head
micro	-0.2923180890356673	6.358976240514049	7.8045574947717	0.049816446355537794	0.8810012585243211	1.0242267655077404	0.3058449715510234	13730.0	cosine	transfo-xl-wt103	2,4,6	head
macro	-0.19132976310829178	5.921035691613024	6.661993306663946	0.09204926209944773	0.9053900003668645	0.32555856125279486	0.2896710744790144		euclidean	transfo-xl-wt103	2,4,6	head
micro	-0.19448288686975412	6.358976240514049	7.8045574947717	0.087684572505868	0.9052917718844915	0.3213732647916999	0.2765831670730806	13730.0	euclidean	transfo-xl-wt103	2,4,6	head
macro	-0.2845659968460053	5.913118265985746	6.521157579763382	0.05508934611832671	0.8786810100310775	1.0167275544956142	0.3134622027922641		cosine	transfo-xl-wt103	2,4,7	head
micro	-0.285253939310314	6.361159696154514	7.578382450018169	0.05034727881843377	0.8824429512493642	1.0228008463538538	0.30525382398581247	13730.0	cosine	transfo-xl-wt103	2,4,7	head
macro	-0.18892945773491035	5.913118265985746	6.521157579763382	0.0938488073560203	0.9069586861305371	0.3160636708415873	0.29472428940096046		euclidean	transfo-xl-wt103	2,4,7	head
micro	-0.19145813676726586	6.361159696154514	7.578382450018169	0.08948636696207413	0.9070589842239561	0.31093241634808544	0.2799822655730437	13730.0	euclidean	transfo-xl-wt103	2,4,7	head
macro	-0.28953468754223066	5.907314993567657	6.7283038208161265	0.053881588280779484	0.8774186339674809	1.0243037787240887	0.3153289802656209		cosine	transfo-xl-wt103	2,4,8	head
micro	-0.2894500757755707	6.3560934859530684	7.797993616084164	0.04995027990641323	0.8815614930015672	1.029512394736006	0.3079139880292618	13730.0	cosine	transfo-xl-wt103	2,4,8	head
macro	-0.19270807421759845	5.907314993567657	6.7283038208161265	0.09055582006929273	0.9059317522204369	0.3228819632535523	0.29267811291637674		euclidean	transfo-xl-wt103	2,4,8	head
micro	-0.1955212031472193	6.3560934859530684	7.797993616084164	0.08649455660278023	0.9064661086290481	0.317109110021619	0.2817557082686766	13730.0	euclidean	transfo-xl-wt103	2,4,8	head
macro	-0.2824997760991286	5.873073143054228	6.431960118465899	0.055558440073103815	0.8807694051339671	1.0218989697643013	0.314298115607882		cosine	transfo-xl-wt103	2,4,9	head
micro	-0.2800086608074308	6.301431369395497	7.474642258400161	0.05114910708531441	0.8846347230598177	1.026701784626252	0.30525382398581247	13730.0	cosine	transfo-xl-wt103	2,4,9	head
macro	-0.18912160176871695	5.873073143054228	6.431960118465899	0.09416359571885588	0.9077204928722883	0.3254618553985026	0.2938240317137393		euclidean	transfo-xl-wt103	2,4,9	head
micro	-0.1910322294151824	6.301431369395497	7.474642258400161	0.08996845187210101	0.9080538983784006	0.31923339504927	0.2796866917904382	13730.0	euclidean	transfo-xl-wt103	2,4,9	head
macro	-0.29077563919618793	5.918737769336924	6.654216521567275	0.05405208421054164	0.8761404162463075	1.027325179820117	0.3178999974664417		cosine	transfo-xl-wt103	2,4,10	head
micro	-0.29218780630042573	6.389164966513625	7.7306720919242675	0.049207153308630604	0.8796151237009491	1.0311037230823046	0.3076184142466563	13730.0	cosine	transfo-xl-wt103	2,4,10	head
macro	-0.1917694793429234	5.918737769336924	6.654216521567275	0.09209730027534503	0.9055335368175723	0.3262544993590979	0.28499893279301175		euclidean	transfo-xl-wt103	2,4,10	head
micro	-0.19538417201092223	6.389164966513625	7.7306720919242675	0.08781392865672882	0.9055088514117093	0.32236817430192993	0.2695632897362004	13730.0	euclidean	transfo-xl-wt103	2,4,10	head
macro	-0.29084826721671053	5.953945198768164	6.578216936278615	0.054979214523693164	0.8758583094725756	1.0169250781684995	0.31373450484034743		cosine	transfo-xl-wt103	2,4,11	head
micro	-0.290647727455368	6.400815553476998	7.521890144383852	0.050607985894295444	0.8804102787925405	1.0212413989762654	0.30828345525751866	13730.0	cosine	transfo-xl-wt103	2,4,11	head
macro	-0.19209518700963543	5.953945198768164	6.578216936278615	0.09294647963229798	0.9055393423633367	0.3244506691727699	0.2924412589868238		euclidean	transfo-xl-wt103	2,4,11	head
micro	-0.1942817322183014	6.400815553476998	7.521890144383852	0.08931841288994034	0.9062507572405673	0.31924325348597754	0.28101677381216283	13730.0	euclidean	transfo-xl-wt103	2,4,11	head
macro	-0.28840582127186265	5.903450825365758	6.4843297354232625	0.055351360354974684	0.8780925751563123	1.0229633021904874	0.31402112488878897		cosine	transfo-xl-wt103	2,5,6	head
micro	-0.2841456861564054	6.38262521419367	7.590399329211639	0.050729433075960124	0.8805240282133828	1.0270147431031211	0.3066577994531885	13730.0	cosine	transfo-xl-wt103	2,5,6	head
macro	-0.18665234076496187	5.903450825365758	6.4843297354232625	0.09098880308422164	0.9067433541508158	0.31945648537134996	0.29341242140730306		euclidean	transfo-xl-wt103	2,5,6	head
micro	-0.18842890372845925	6.38262521419367	7.590399329211639	0.08796112499813465	0.9065424063953277	0.31140873455342233	0.2817557082686766	13730.0	euclidean	transfo-xl-wt103	2,5,6	head
macro	-0.283702400090832	5.915208564383707	6.491736031547498	0.05827215635533113	0.8789167771426234	1.0155780530311689	0.3089227754584836		cosine	transfo-xl-wt103	2,5,7	head
micro	-0.28209785294331136	6.386116772528234	7.556204374536979	0.0521851177525812	0.8818136762531363	1.020748617088115	0.30274144683366583	13730.0	cosine	transfo-xl-wt103	2,5,7	head
macro	-0.18685385303306654	5.915208564383707	6.491736031547498	0.09369128779751879	0.9081027869033168	0.31473029961609267	0.2915108251664121		euclidean	transfo-xl-wt103	2,5,7	head
micro	-0.18900158871010048	6.386116772528234	7.556204374536979	0.09053639091284839	0.9082315071707032	0.3067291677085889	0.27857829010566765	13730.0	euclidean	transfo-xl-wt103	2,5,7	head
macro	-0.28958394779127367	5.8561636571715034	6.7983323198715775	0.05466579136606606	0.8761997881954392	1.022451520214893	0.3130382289076328		cosine	transfo-xl-wt103	2,5,8	head
micro	-0.28706602072357557	6.313692863437769	7.881768952868334	0.05039270702904758	0.879612157840821	1.025621130533016	0.30658390600753715	13730.0	cosine	transfo-xl-wt103	2,5,8	head
macro	-0.19206965690114378	5.8561636571715034	6.7983323198715775	0.09168352181514744	0.9055089249395721	0.31904711549118075	0.29286353274285143		euclidean	transfo-xl-wt103	2,5,8	head
micro	-0.1935123987088087	6.313692863437769	7.881768952868334	0.08898165625748594	0.9059852948375713	0.31148727704744483	0.28286410995344713	13730.0	euclidean	transfo-xl-wt103	2,5,8	head
macro	-0.28121921559744606	5.940559653686134	6.288359969697847	0.05515598481730092	0.8805540017537018	1.019874191314219	0.3114629094593181		cosine	transfo-xl-wt103	2,5,9	head
micro	-0.2769698201642439	6.396179404853566	7.238323810446922	0.050510946567762866	0.8842412357649154	1.0226451270438803	0.3036281681814823	13730.0	cosine	transfo-xl-wt103	2,5,9	head
macro	-0.18817665874379974	5.940559653686134	6.288359969697847	0.09185182843385019	0.908156881315206	0.322741963808199	0.2940755805039437		euclidean	transfo-xl-wt103	2,5,9	head
micro	-0.18938519904159404	6.396179404853566	7.238323810446922	0.08895898751820147	0.9088615854903831	0.3136406738949639	0.2804256262469519	13730.0	euclidean	transfo-xl-wt103	2,5,9	head
macro	-0.2907164961320841	5.970382023641158	6.525338699223451	0.05271813405361004	0.8770114491707063	1.0248806608877192	0.3165077850708077		cosine	transfo-xl-wt103	2,5,10	head
micro	-0.28958436784873426	6.466200408391159	7.557501740830499	0.047913108727303706	0.8799564135922641	1.0291682281561008	0.30828345525751866	13730.0	cosine	transfo-xl-wt103	2,5,10	head
macro	-0.1909394412429022	5.970382023641158	6.525338699223451	0.09269533286710038	0.9055599652974942	0.3252463757790792	0.28964009319076967		euclidean	transfo-xl-wt103	2,5,10	head
micro	-0.19311537541725138	6.466200408391159	7.557501740830499	0.08978826491541429	0.9056341500174657	0.3179413598112747	0.2771004211926402	13730.0	euclidean	transfo-xl-wt103	2,5,10	head
macro	-0.2919140019062015	5.892209449487469	6.597111180009715	0.05364180617400231	0.8766952470848152	1.0175586993144197	0.3134020994083017		cosine	transfo-xl-wt103	2,5,11	head
micro	-0.28950469937754053	6.350257021924582	7.559196404350821	0.04864069234548774	0.8803838382641611	1.0207800773162239	0.3074706273553536	13730.0	cosine	transfo-xl-wt103	2,5,11	head
macro	-0.19168137275258842	5.892209449487469	6.597111180009715	0.09215661335067504	0.9058887190318656	0.3245249109567558	0.2916942608775368		euclidean	transfo-xl-wt103	2,5,11	head
micro	-0.19282486926067685	6.350257021924582	7.559196404350821	0.08991560340045836	0.906462493092781	0.31688293909757026	0.2819773886056307	13730.0	euclidean	transfo-xl-wt103	2,5,11	head
macro	-0.28525022121909827	5.854436000795328	6.359376702702706	0.05697364017537272	0.879446647778416	1.0194115552073542	0.3160959876941098		cosine	transfo-xl-wt103	2,6,7	head
micro	-0.2835450731342472	6.299886818776991	7.382641916916292	0.0522534474511403	0.8833033330791841	1.0250630549547504	0.30732284046405084	13730.0	cosine	transfo-xl-wt103	2,6,7	head
macro	-0.1847176671178196	5.854436000795328	6.359376702702706	0.09313466841441885	0.9078688721416847	0.3117178236877104	0.2967314343125496		euclidean	transfo-xl-wt103	2,6,7	head
micro	-0.18649873491934105	6.299886818776991	7.382641916916292	0.08921725502130827	0.9086880288191229	0.30325963888360374	0.2835291509643095	13730.0	euclidean	transfo-xl-wt103	2,6,7	head
macro	-0.2934166425455417	5.83053049836211	6.574150590418219	0.05585600816405884	0.8778777177085361	1.0254026909921685	0.3159138984482402		cosine	transfo-xl-wt103	2,6,8	head
micro	-0.29096687014414124	6.27596413843232	7.655271760297761	0.05091470664535855	0.8815592756701971	1.0302098316679784	0.31005689795315156	13730.0	cosine	transfo-xl-wt103	2,6,8	head
macro	-0.19269439520630582	5.83053049836211	6.574150590418219	0.08952600883585787	0.9068255304490531	0.3181990526861801	0.29188517939038894		euclidean	transfo-xl-wt103	2,6,8	head
micro	-0.19386634997844518	6.27596413843232	7.655271760297761	0.08703433692053761	0.9073724135027889	0.31034416042113677	0.28131234759476836	13730.0	euclidean	transfo-xl-wt103	2,6,8	head
macro	-0.2743741197869438	5.823577775721175	6.255450326909546	0.05911883286837385	0.8812253913803213	1.0229830006398801	0.3200897214111179		cosine	transfo-xl-wt103	2,6,9	head
micro	-0.26808805342541775	6.253279635273099	7.292607000579135	0.05477341435359517	0.8846218337649608	1.0274437449785774	0.3142688243552797	13730.0	cosine	transfo-xl-wt103	2,6,9	head
macro	-0.18354187543751266	5.823577775721175	6.255450326909546	0.09182280136617388	0.9090644827564099	0.3160576048722668	0.2978914242883861		euclidean	transfo-xl-wt103	2,6,9	head
micro	-0.18310768109912368	6.253279635273099	7.292607000579135	0.08823545738302689	0.9094593157434087	0.30726353243651366	0.28552427399689645	13730.0	euclidean	transfo-xl-wt103	2,6,9	head
macro	-0.29525407136986265	5.916170334074472	6.676922275567082	0.05571205831124547	0.8754017726234516	1.0254711620616856	0.3199820434763123		cosine	transfo-xl-wt103	2,6,10	head
micro	-0.29420545025943357	6.37915290727997	7.764000468870858	0.0505309547295225	0.8789523583264047	1.0301529339876925	0.31013079139880295	13730.0	cosine	transfo-xl-wt103	2,6,10	head
macro	-0.19097046366455936	5.916170334074472	6.676922275567082	0.09112681397107068	0.9050586859279381	0.32401901844925485	0.2888661611629364		euclidean	transfo-xl-wt103	2,6,10	head
micro	-0.1930315235620373	6.37915290727997	7.764000468870858	0.08767742892821026	0.905457307146049	0.3178007491265078	0.27421857681223677	13730.0	euclidean	transfo-xl-wt103	2,6,10	head
macro	-0.29475996035876445	5.876306513402081	6.400737596703815	0.05488879524981056	0.876562460669285	1.0188391390275502	0.31854712027669035		cosine	transfo-xl-wt103	2,6,11	head
micro	-0.2931197664917949	6.307800526619103	7.355504823977006	0.049911108662753674	0.8810697624463922	1.0229384556095384	0.31286484888790367	13730.0	cosine	transfo-xl-wt103	2,6,11	head
macro	-0.19078643222870736	5.876306513402081	6.400737596703815	0.09050264138147394	0.9064856946662553	0.32247797049057764	0.2920626157944599		euclidean	transfo-xl-wt103	2,6,11	head
micro	-0.1922698770085911	6.307800526619103	7.355504823977006	0.08776768647604821	0.9074110251081391	0.31504645223794275	0.28249464272519026	13730.0	euclidean	transfo-xl-wt103	2,6,11	head
macro	-0.2838808770976321	5.846605672816091	6.712872710963498	0.05446844635891208	0.8784786475043732	1.0207904294140309	0.31331838256720485		cosine	transfo-xl-wt103	2,7,8	head
micro	-0.2826638537714822	6.289467539530919	7.78442961992329	0.04991867456375244	0.8830151301292233	1.0236363043326575	0.3045148895292987	13730.0	cosine	transfo-xl-wt103	2,7,8	head
macro	-0.18937241849793418	5.846605672816091	6.712872710963498	0.09154824388863426	0.9073595615079347	0.3119098326505351	0.29871046387255834		euclidean	transfo-xl-wt103	2,7,8	head
micro	-0.19133408749057695	6.289467539530919	7.78442961992329	0.0880110854440818	0.9085334062465095	0.30429889512752245	0.28567206088819924	13730.0	euclidean	transfo-xl-wt103	2,7,8	head
macro	-0.2737322146589907	5.896493497922873	6.521566038399544	0.05918370804905584	0.8801816759038422	1.0143085261224354	0.31513356273763876		cosine	transfo-xl-wt103	2,7,9	head
micro	-0.2702478506652758	6.334125734311636	7.544664070461569	0.0549489918787357	0.8851940125702952	1.0187974890671174	0.304958250203207	13730.0	cosine	transfo-xl-wt103	2,7,9	head
macro	-0.18341947531567035	5.896493497922873	6.521566038399544	0.09354843595823925	0.9079283544484055	0.3138577964977216	0.296395560056018		euclidean	transfo-xl-wt103	2,7,9	head
micro	-0.1837034276581568	6.334125734311636	7.544664070461569	0.09075054353083349	0.9089691712525231	0.30498875366271605	0.2819773886056307	13730.0	euclidean	transfo-xl-wt103	2,7,9	head
macro	-0.2840048061751471	5.87992242678005	6.404055429648664	0.057732984936735315	0.8775057371544132	1.0222139134810768	0.3178025172279315		cosine	transfo-xl-wt103	2,7,10	head
micro	-0.283447444589884	6.341969619168077	7.373208578718376	0.052089032695293754	0.8819938548480033	1.0253779319035026	0.3071750535727481	13730.0	cosine	transfo-xl-wt103	2,7,10	head
macro	-0.1873303954294332	5.87992242678005	6.404055429648664	0.09306345693317092	0.9079567337377827	0.31255193302649126	0.2908949959119374		euclidean	transfo-xl-wt103	2,7,10	head
micro	-0.18898936355017293	6.341969619168077	7.373208578718376	0.09055681096624388	0.9090934164929805	0.3052031527867126	0.27444025714919085	13730.0	euclidean	transfo-xl-wt103	2,7,10	head
macro	-0.2855585422432693	5.879136474117315	6.67623534483279	0.05735126567116564	0.8762704411137602	1.016028827898094	0.3121463543518385		cosine	transfo-xl-wt103	2,7,11	head
micro	-0.2841376043168658	6.331113581535431	7.612578544557068	0.052987025857867985	0.8811942093154534	1.020108578715415	0.3039237419640878	13730.0	cosine	transfo-xl-wt103	2,7,11	head
macro	-0.18786284458829292	5.879136474117315	6.67623534483279	0.09285281792077427	0.9057418198908503	0.3166647657117495	0.2915802870910195		euclidean	transfo-xl-wt103	2,7,11	head
micro	-0.18929358394124748	6.331113581535431	7.612578544557068	0.08997966320309349	0.9069942611634926	0.30945425891082096	0.2796866917904382	13730.0	euclidean	transfo-xl-wt103	2,7,11	head
macro	-0.28190738215130795	5.878775760841445	6.573480635752817	0.058570182617599345	0.8784230121036213	1.022341241614341	0.31668291137150434		cosine	transfo-xl-wt103	2,8,9	head
micro	-0.2772703532704322	6.306703706454428	7.6112806690287735	0.05366647636018548	0.8827189449564664	1.024599719487762	0.30872681593142687	13730.0	cosine	transfo-xl-wt103	2,8,9	head
macro	-0.19019894211138869	5.878775760841445	6.573480635752817	0.09073430822972861	0.9068726037846663	0.3211505427099498	0.29860981069224884		euclidean	transfo-xl-wt103	2,8,9	head
micro	-0.19036988668116134	6.306703706454428	7.6112806690287735	0.08750370515688356	0.9079738040659098	0.3119311229637725	0.28604152811645606	13730.0	euclidean	transfo-xl-wt103	2,8,9	head
macro	-0.2915699218725676	5.8790598431774095	6.792858103163745	0.052503692768058524	0.8746385762607	1.027972874585093	0.31532588178238563		cosine	transfo-xl-wt103	2,8,10	head
micro	-0.28911639704402137	6.349825123654814	7.829811676021095	0.048543910589020106	0.8792336763884949	1.0306271635639945	0.30776620113795905	13730.0	cosine	transfo-xl-wt103	2,8,10	head
macro	-0.19266050154234549	5.8790598431774095	6.792858103163745	0.08907380705563929	0.9042794166545104	0.3212921208582739	0.2927871654810845		euclidean	transfo-xl-wt103	2,8,10	head
micro	-0.1933813530562545	6.349825123654814	7.829811676021095	0.08641135818706659	0.9055332649921204	0.31351765451015046	0.2805734131382546	13730.0	euclidean	transfo-xl-wt103	2,8,10	head
macro	-0.2908640045874484	5.932554743252975	6.677196127743268	0.05405296765958522	0.8739221742963281	1.0197764550633834	0.31469729116686207		cosine	transfo-xl-wt103	2,8,11	head
micro	-0.28739968225315426	6.367869638423914	7.609840343683643	0.05012361455176322	0.8793381120987158	1.0217521003827215	0.3079878814749132	13730.0	cosine	transfo-xl-wt103	2,8,11	head
macro	-0.1945608115865499	5.932554743252975	6.677196127743268	0.08987028925394183	0.905086271161199	0.3211712082022613	0.290250751787456		euclidean	transfo-xl-wt103	2,8,11	head
micro	-0.19429522476012567	6.367869638423914	7.609840343683643	0.08742564404297322	0.9070992630660596	0.3124108870640381	0.28205128205128205	13730.0	euclidean	transfo-xl-wt103	2,8,11	head
macro	-0.2837628085142112	5.897542934089416	6.5363838444011915	0.055286419150278175	0.8779381902831209	1.0256058582797554	0.3190216928169559		cosine	transfo-xl-wt103	2,9,10	head
micro	-0.280228910041287	6.340557208770836	7.594591384548977	0.05064884721603533	0.881956740521402	1.0284925810979264	0.31086972585531664	13730.0	cosine	transfo-xl-wt103	2,9,10	head
macro	-0.1893323843009476	5.897542934089416	6.5363838444011915	0.09183410348809748	0.9074958608129857	0.3217293558950713	0.293776929481209		euclidean	transfo-xl-wt103	2,9,10	head
micro	-0.18970703046116905	6.340557208770836	7.594591384548977	0.08805517388457537	0.9079661846292778	0.31482975153740783	0.27946501145348407	13730.0	euclidean	transfo-xl-wt103	2,9,10	head
macro	-0.2787629723076278	5.854896436697035	6.5541883086327735	0.05658593479530887	0.877212631442895	1.0182887699962913	0.3147080029595364		cosine	transfo-xl-wt103	2,9,11	head
micro	-0.27418464748087606	6.2764761162755205	7.525924255329463	0.05250893318375286	0.8821223442343081	1.02108863949898	0.3080617749205645	13730.0	cosine	transfo-xl-wt103	2,9,11	head
macro	-0.1886853710068404	5.854896436697035	6.5541883086327735	0.09259441675669192	0.9056722738677943	0.3241434066628905	0.2934400971120134		euclidean	transfo-xl-wt103	2,9,11	head
micro	-0.1884532238793839	6.2764761162755205	7.525924255329463	0.08968872727175464	0.9067857711254487	0.31512915294640026	0.282642429616493	13730.0	euclidean	transfo-xl-wt103	2,9,11	head
macro	-0.2920104853770388	5.881928950190726	6.539409681712091	0.05465191131942677	0.8746488748158442	1.0235867680684168	0.3162102766726103		cosine	transfo-xl-wt103	2,10,11	head
micro	-0.2908509261267527	6.353717699090144	7.425893021184114	0.05021630010275368	0.8799406100583802	1.0256014016433586	0.3104263651814084	13730.0	cosine	transfo-xl-wt103	2,10,11	head
macro	-0.19166573231975106	5.881928950190726	6.539409681712091	0.09052577746603638	0.9054649576202323	0.32749650040882916	0.2847771791321663		euclidean	transfo-xl-wt103	2,10,11	head
micro	-0.19312893466569672	6.353717699090144	7.425893021184114	0.08785320317057037	0.9074755620673055	0.3193989327898086	0.27399689647528264	13730.0	euclidean	transfo-xl-wt103	2,10,11	head
macro	-0.2842474129129811	5.945411757502373	6.674294710833442	0.05636306001797143	0.8783766548768535	1.0159211323373736	0.31163642371570793		cosine	transfo-xl-wt103	3,4,5	head
micro	-0.28495299793236806	6.440370791003973	7.793107270083072	0.051966610733231104	0.8818975909100832	1.0172116412374694	0.3014113648119412	13730.0	cosine	transfo-xl-wt103	3,4,5	head
macro	-0.1862969902725972	5.945411757502373	6.674294710833442	0.09241368808125834	0.9067339960832898	0.3197033195077989	0.2899584383499251		euclidean	transfo-xl-wt103	3,4,5	head
micro	-0.19006525838827235	6.440370791003973	7.793107270083072	0.08754612371597385	0.9063590342938477	0.31480555815778394	0.2769526343013375	13730.0	euclidean	transfo-xl-wt103	3,4,5	head
macro	-0.2812795461798185	5.859115144509921	6.368150448421899	0.055468750200956235	0.8795190742128107	1.0154458349923514	0.30986157920179447		cosine	transfo-xl-wt103	3,4,6	head
micro	-0.28142782991303117	6.305112461637332	7.350966113166295	0.05017183443135512	0.883144436235526	1.0193721276125407	0.3025936599423631	13730.0	cosine	transfo-xl-wt103	3,4,6	head
macro	-0.1868145108552858	5.859115144509921	6.368150448421899	0.09256487902952686	0.9071744292032529	0.31363206894490997	0.2932347345812625		euclidean	transfo-xl-wt103	3,4,6	head
micro	-0.1902958455851914	6.305112461637332	7.350966113166295	0.08802988972277119	0.9070719322659238	0.31020205578378574	0.28079509347520876	13730.0	euclidean	transfo-xl-wt103	3,4,6	head
macro	-0.28011981994913976	5.860962917075752	6.246012307508067	0.057187279514273805	0.8799054659563764	1.0174235762778585	0.31557600961848764		cosine	transfo-xl-wt103	3,4,7	head
micro	-0.2786741582583855	6.299563367241174	7.213905315957361	0.052212536626003836	0.8836214917341164	1.019440347843022	0.30732284046405084	13730.0	cosine	transfo-xl-wt103	3,4,7	head
macro	-0.1853440829661237	5.860962917075752	6.246012307508067	0.09288928596946736	0.9085909763922332	0.3070258875490749	0.29441429035737665		euclidean	transfo-xl-wt103	3,4,7	head
micro	-0.1872966474999713	6.299563367241174	7.213905315957361	0.088834060506797	0.9085380214127902	0.30241048527614095	0.282642429616493	13730.0	euclidean	transfo-xl-wt103	3,4,7	head
macro	-0.27764497883991596	5.794407038499047	6.533593263646123	0.0586545704450496	0.8792752037769015	1.0240376262751323	0.3173585470883674		cosine	transfo-xl-wt103	3,4,8	head
micro	-0.27803753725025193	6.234217927630774	7.543804256152967	0.05368613370736538	0.8833147831672791	1.0275910190315833	0.30917017660533513	13730.0	cosine	transfo-xl-wt103	3,4,8	head
macro	-0.18462235574388036	5.794407038499047	6.533593263646123	0.09085219266222774	0.9078118182012345	0.310859690803229	0.2997215160507184		euclidean	transfo-xl-wt103	3,4,8	head
micro	-0.18806804435455785	6.234217927630774	7.543804256152967	0.08648641812904069	0.9080343345139628	0.30628951326841886	0.2867065691273184	13730.0	euclidean	transfo-xl-wt103	3,4,8	head
macro	-0.27286766903175697	5.806769277226616	6.140012799750641	0.05899472576020026	0.8838566257809339	1.0216430671873338	0.31057096253315997		cosine	transfo-xl-wt103	3,4,9	head
micro	-0.271738752952388	6.270055319985001	7.091798505841402	0.0533274217399073	0.8876932285330681	1.0224509350694821	0.30296312717061996	13730.0	cosine	transfo-xl-wt103	3,4,9	head
macro	-0.18219818540349814	5.806769277226616	6.140012799750641	0.09359030970443709	0.9111862977858002	0.31791312997637206	0.2962070079467062		euclidean	transfo-xl-wt103	3,4,9	head
micro	-0.18465071263246882	6.270055319985001	7.091798505841402	0.08972238037430154	0.9111069590793092	0.3128678971985261	0.28286410995344713	13730.0	euclidean	transfo-xl-wt103	3,4,9	head
macro	-0.28261419510361513	5.866542747685658	6.548579290754715	0.05766488651580711	0.8770809380504115	1.0249894537683857	0.30832426356997394		cosine	transfo-xl-wt103	3,4,10	head
micro	-0.2840640665412924	6.327324360863799	7.567948650064957	0.05163144923106976	0.8805612905149429	1.0252018707978676	0.29889898765979456	13730.0	cosine	transfo-xl-wt103	3,4,10	head
macro	-0.18765079946379484	5.866542747685658	6.548579290754715	0.0900619797031021	0.9058069185491046	0.31921456342890914	0.2868888260833908		euclidean	transfo-xl-wt103	3,4,10	head
micro	-0.19145877951220647	6.327324360863799	7.567948650064957	0.0857668942864721	0.90542184537901	0.31593721350902065	0.27347964235572303	13730.0	euclidean	transfo-xl-wt103	3,4,10	head
macro	-0.28191259770550137	5.907224888350242	6.437735570458263	0.057437609493759964	0.8778602236767769	1.0181511026835426	0.3127864036481424		cosine	transfo-xl-wt103	3,4,11	head
micro	-0.2809182437205854	6.366021605776705	7.420400202032125	0.051551829423914834	0.8820053638933636	1.0205250972969993	0.30421931574669325	13730.0	cosine	transfo-xl-wt103	3,4,11	head
macro	-0.1866776676172186	5.907224888350242	6.437735570458263	0.09241957274208222	0.9077730443919573	0.3166119321967055	0.29231055883468315		euclidean	transfo-xl-wt103	3,4,11	head
micro	-0.18885557740623993	6.366021605776705	7.420400202032125	0.089278913838323	0.9080840584602403	0.31165190576543417	0.2811645607034656	13730.0	euclidean	transfo-xl-wt103	3,4,11	head
macro	-0.2810666419535448	5.927355963642622	6.391066331015434	0.05213716681752831	0.8783982692209648	1.0204330096750784	0.3123358971474614		cosine	transfo-xl-wt103	3,5,6	head
micro	-0.2785618459848193	6.4132361175162504	7.377919978465813	0.04855749913396159	0.8825220865233463	1.024456785805117	0.30562329121406934	13730.0	cosine	transfo-xl-wt103	3,5,6	head
macro	-0.18538559315532138	5.927355963642622	6.391066331015434	0.08906939755155757	0.9069112330382169	0.31097724878966176	0.2909099894546714		euclidean	transfo-xl-wt103	3,5,6	head
micro	-0.18752166871868692	6.4132361175162504	7.377919978465813	0.08567613712465798	0.9073472623958889	0.30270680887205326	0.28079509347520876	13730.0	euclidean	transfo-xl-wt103	3,5,6	head
macro	-0.28609169148941516	5.888044934039299	6.458633446913675	0.05486736543589635	0.8784792942382225	1.0166372226517841	0.31047474646413387		cosine	transfo-xl-wt103	3,5,7	head
micro	-0.28403879873808596	6.330213975403374	7.491650566992113	0.05090139505349811	0.8822901598853429	1.0206881031875803	0.3036281681814823	13730.0	cosine	transfo-xl-wt103	3,5,7	head
macro	-0.18759167581425074	5.888044934039299	6.458633446913675	0.09089906360980009	0.9077992652620565	0.3096083452055109	0.29052431093784364		euclidean	transfo-xl-wt103	3,5,7	head
micro	-0.18953709651285375	6.330213975403374	7.491650566992113	0.08753434055574746	0.9083773784990171	0.30132625463601725	0.2805734131382546	13730.0	euclidean	transfo-xl-wt103	3,5,7	head
macro	-0.2841065021893078	5.796706995809779	6.772744199271071	0.054998643528414055	0.8775933666199347	1.0226822780531786	0.3171300007858077		cosine	transfo-xl-wt103	3,5,8	head
micro	-0.282777390065033	6.229120813899979	7.84186826575614	0.05127831221984767	0.8817803179007574	1.02733096272073	0.30961353727924334	13730.0	cosine	transfo-xl-wt103	3,5,8	head
macro	-0.18756384694270567	5.796706995809779	6.772744199271071	0.08799490619836962	0.9063175567404127	0.3104466867409836	0.2937229504091027		euclidean	transfo-xl-wt103	3,5,8	head
micro	-0.1897489214974275	6.229120813899979	7.84186826575614	0.08481175484882915	0.907090805462733	0.3033265313480863	0.2822729623882362	13730.0	euclidean	transfo-xl-wt103	3,5,8	head
macro	-0.2776135338991315	5.895391041012504	6.253568039766894	0.05700189274056646	0.8813498184737885	1.0186985459363915	0.30796000691021974		cosine	transfo-xl-wt103	3,5,9	head
micro	-0.27609493072817015	6.353741661209663	7.170258383126673	0.05209888081067823	0.8860782809197287	1.0201338464793537	0.3008202172467302	13730.0	cosine	transfo-xl-wt103	3,5,9	head
macro	-0.18516841298903763	5.895391041012504	6.253568039766894	0.09084999957928919	0.9093695281047578	0.31929890187186183	0.29569968519766876		euclidean	transfo-xl-wt103	3,5,9	head
micro	-0.1871707813709041	6.353741661209663	7.170258383126673	0.08729835870463612	0.9103688268955904	0.31066137356577694	0.283233577181704	13730.0	euclidean	transfo-xl-wt103	3,5,9	head
macro	-0.2871146376396199	5.924207063024066	6.644361230260404	0.05228486095019986	0.8768054570473945	1.0231218173011065	0.3149348704239179		cosine	transfo-xl-wt103	3,5,10	head
micro	-0.2866081356313152	6.382656393192083	7.676723796953271	0.0477595089215548	0.8807387988281115	1.026376852223575	0.30835734870317005	13730.0	cosine	transfo-xl-wt103	3,5,10	head
macro	-0.18959075285472288	5.924207063024066	6.644361230260404	0.08896845518206113	0.9040791217174386	0.3217414310659383	0.29097434972113606		euclidean	transfo-xl-wt103	3,5,10	head
micro	-0.19232407230976464	6.382656393192083	7.676723796953271	0.08499937410374553	0.9043906005105197	0.31419334844010577	0.2788738638882731	13730.0	euclidean	transfo-xl-wt103	3,5,10	head
macro	-0.28968735795127865	5.91093372009253	6.683222100071126	0.05216346676768561	0.877331326852969	1.01979291996778	0.3133561222900495		cosine	transfo-xl-wt103	3,5,11	head
micro	-0.28796918475483246	6.359879458032288	7.762825640224828	0.048105599977567824	0.8812765060949272	1.0237753248784625	0.30517993054016107	13730.0	cosine	transfo-xl-wt103	3,5,11	head
macro	-0.1902758383587853	5.91093372009253	6.683222100071126	0.0910271432515172	0.9064278719197464	0.3202317353304176	0.29372787717333404		euclidean	transfo-xl-wt103	3,5,11	head
micro	-0.19201287221093433	6.359879458032288	7.762825640224828	0.08792354445611068	0.9069928390713791	0.31236168294014155	0.2841941919751718	13730.0	euclidean	transfo-xl-wt103	3,5,11	head
macro	-0.2795576773281154	5.865399224777213	6.051496101616453	0.05670975593863696	0.881041670346319	1.0189806048421144	0.3145018872593669		cosine	transfo-xl-wt103	3,6,7	head
micro	-0.27801748330083376	6.27954420019906	6.914784652160138	0.05190756271841081	0.8855955819249404	1.023220385529017	0.3081356683662159	13730.0	cosine	transfo-xl-wt103	3,6,7	head
macro	-0.18392100961671548	5.865399224777213	6.051496101616453	0.09238025312940729	0.9091784718207497	0.29899407098935304	0.2943855737433627		euclidean	transfo-xl-wt103	3,6,7	head
micro	-0.1854318012187516	6.27954420019906	6.914784652160138	0.08890150170354656	0.9102106555972832	0.29186858005374183	0.2839725116382177	13730.0	euclidean	transfo-xl-wt103	3,6,7	head
macro	-0.27863331660774215	5.80391627550688	6.330188472255001	0.05652494417531245	0.8808729776889614	1.0238125605773558	0.312618670092466		cosine	transfo-xl-wt103	3,6,8	head
micro	-0.2777323969476006	6.243879914593104	7.292873071114647	0.05141563587607977	0.8849458736540652	1.0290296994749035	0.307544520801005	13730.0	cosine	transfo-xl-wt103	3,6,8	head
macro	-0.18741316550395568	5.80391627550688	6.330188472255001	0.0894786928744372	0.9091022971354883	0.30199043125249836	0.2958731965779501		euclidean	transfo-xl-wt103	3,6,8	head
micro	-0.18961831066592627	6.243879914593104	7.292873071114647	0.08651208162020309	0.9095493581925375	0.2961249953601869	0.2831596837360526	13730.0	euclidean	transfo-xl-wt103	3,6,8	head
macro	-0.2622259143362608	5.8079164515153625	5.930325020070162	0.059219294290426265	0.8846891803177448	1.0199954566339422	0.3109314432588576		cosine	transfo-xl-wt103	3,6,9	head
micro	-0.2588314074652465	6.25802289687774	6.81260659588518	0.05383035715493826	0.888728977830051	1.0231725061855501	0.30503214364885833	13730.0	cosine	transfo-xl-wt103	3,6,9	head
macro	-0.17836748560886578	5.8079164515153625	5.930325020070162	0.09445537160854871	0.9123715942688689	0.30474744489659406	0.29671860336381206		euclidean	transfo-xl-wt103	3,6,9	head
micro	-0.17894547014188614	6.25802289687774	6.81260659588518	0.0908145520474071	0.9126484590791896	0.2979567480975989	0.285228700214291	13730.0	euclidean	transfo-xl-wt103	3,6,9	head
macro	-0.28537244301633824	5.914991063339768	6.568784817014933	0.05437684982311923	0.8767434081655059	1.022572551376008	0.3114068846415721		cosine	transfo-xl-wt103	3,6,10	head
micro	-0.285231673602419	6.3497478815894235	7.555243442826328	0.04848882805604338	0.8807446814448177	1.026112743504256	0.3045148895292987	13730.0	cosine	transfo-xl-wt103	3,6,10	head
macro	-0.18899616834561045	5.914991063339768	6.568784817014933	0.09062931513835308	0.9050109335555092	0.31362320300860874	0.2889843667011294		euclidean	transfo-xl-wt103	3,6,10	head
micro	-0.1914707493785647	6.3497478815894235	7.555243442826328	0.08638879959929069	0.9051915553837736	0.3088169954556367	0.27761767531219983	13730.0	euclidean	transfo-xl-wt103	3,6,10	head
macro	-0.28482333097489126	5.915117040402622	6.251747602770649	0.05372401696592657	0.8791975113352174	1.0191135294122073	0.31122957470109247		cosine	transfo-xl-wt103	3,6,11	head
micro	-0.28388621432823447	6.34814537568184	7.2092161857768104	0.04851209805393579	0.8836768161568965	1.0235988594304715	0.30421931574669325	13730.0	cosine	transfo-xl-wt103	3,6,11	head
macro	-0.18817213755059706	5.915117040402622	6.251747602770649	0.09044287085530267	0.9084580308318717	0.3111267275206327	0.29190307765612905		euclidean	transfo-xl-wt103	3,6,11	head
micro	-0.1899970193482359	6.34814537568184	7.2092161857768104	0.08725847766716947	0.9090446228448837	0.30488884074686895	0.283233577181704	13730.0	euclidean	transfo-xl-wt103	3,6,11	head
macro	-0.2791980621753451	5.804523338297147	6.5509887056968035	0.056912354733936396	0.8807600126708494	1.0231260569767815	0.31812553712076436		cosine	transfo-xl-wt103	3,7,8	head
micro	-0.27757343602993484	6.21985460796868	7.592997712940259	0.05285865323817561	0.8848394422884129	1.0262439261144818	0.30953964383359195	13730.0	cosine	transfo-xl-wt103	3,7,8	head
macro	-0.1850808538067663	5.804523338297147	6.5509887056968035	0.08988907801907244	0.9087504146185614	0.29901268483415555	0.2931783526808896		euclidean	transfo-xl-wt103	3,7,8	head
micro	-0.18750939252970467	6.21985460796868	7.592997712940259	0.08562585678618796	0.9097397888935743	0.29340194432251926	0.28109066725781423	13730.0	euclidean	transfo-xl-wt103	3,7,8	head
macro	-0.27148468159676914	5.842587632452897	6.324407525525693	0.0589756930245015	0.8822233826606912	1.0167532697607289	0.3110822968307759		cosine	transfo-xl-wt103	3,7,9	head
micro	-0.2692446710232195	6.273267733196993	7.3035166179612965	0.05446311106531072	0.8868161788284527	1.0187568454616112	0.30207640582280354	13730.0	cosine	transfo-xl-wt103	3,7,9	head
macro	-0.18009312945962017	5.842587632452897	6.324407525525693	0.09237665769371704	0.910079657909901	0.30637407041490244	0.2932254966640608		euclidean	transfo-xl-wt103	3,7,9	head
micro	-0.18099998625021269	6.273267733196993	7.3035166179612965	0.08926006594644445	0.910715450986177	0.29950788594485184	0.28079509347520876	13730.0	euclidean	transfo-xl-wt103	3,7,9	head
macro	-0.2818918594502055	5.809583151249114	6.365396556551615	0.055981423216072045	0.8783584877100523	1.0234313066729301	0.31566864669788486		cosine	transfo-xl-wt103	3,7,10	head
micro	-0.2803250896248765	6.2169209674015695	7.314390514530956	0.05071499746654042	0.8824365590453046	1.0245337756546415	0.3071011601270967	13730.0	cosine	transfo-xl-wt103	3,7,10	head
macro	-0.1853498291312495	5.809583151249114	6.365396556551615	0.09050450033141791	0.9071698625053946	0.304967882091544	0.2919178479950823		euclidean	transfo-xl-wt103	3,7,10	head
micro	-0.1869671621541848	6.2169209674015695	7.314390514530956	0.087003362013459	0.9079209362293444	0.299038855344553	0.2802039459099978	13730.0	euclidean	transfo-xl-wt103	3,7,10	head
macro	-0.2839564622296743	5.870356492843185	6.6017658185778405	0.05450205298882127	0.8777830962886236	1.0196033661758754	0.3150658731801379		cosine	transfo-xl-wt103	3,7,11	head
micro	-0.2816852093644959	6.290746263723117	7.622502661138458	0.049968330423375465	0.8819113653184804	1.0235356635667854	0.3061405453336289	13730.0	cosine	transfo-xl-wt103	3,7,11	head
macro	-0.18635390634999552	5.870356492843185	6.6017658185778405	0.09162980240811337	0.9068882379610751	0.30852276713856763	0.29109726184701573		euclidean	transfo-xl-wt103	3,7,11	head
micro	-0.18761989498039378	6.290746263723117	7.622502661138458	0.08891431573642303	0.9076913331967802	0.30257077517175707	0.28123845414911697	13730.0	euclidean	transfo-xl-wt103	3,7,11	head
macro	-0.27285044938240277	5.798191783889628	6.3730507182029035	0.060281300535088976	0.8828584420143077	1.0233350566139068	0.31480823141669034		cosine	transfo-xl-wt103	3,8,9	head
micro	-0.27093469785798246	6.2329341408083385	7.379609300509026	0.05471495998137591	0.8865320189064014	1.0251525163317414	0.30702726668144537	13730.0	cosine	transfo-xl-wt103	3,8,9	head
macro	-0.18317668408410437	5.798191783889628	6.3730507182029035	0.08879388747962218	0.9103865489481232	0.31001521576868474	0.30193638688323593		euclidean	transfo-xl-wt103	3,8,9	head
micro	-0.18473200809502527	6.2329341408083385	7.379609300509026	0.08542968411915312	0.9108848955192691	0.30344443218224226	0.28781497081208895	13730.0	euclidean	transfo-xl-wt103	3,8,9	head
macro	-0.28231198650307787	5.806569338413177	6.7574811265056995	0.05438534607997264	0.8772623539674786	1.0277856497329108	0.3111239167711605		cosine	transfo-xl-wt103	3,8,10	head
micro	-0.2802588035439527	6.238600355663195	7.799703082188004	0.04963615747948366	0.8814673378963014	1.0301954768550856	0.3019286189315008	13730.0	cosine	transfo-xl-wt103	3,8,10	head
macro	-0.1872371051115265	5.806569338413177	6.7574811265056995	0.08705242905593857	0.9045152486193326	0.3102688723723389	0.29543816148073326		euclidean	transfo-xl-wt103	3,8,10	head
micro	-0.1888113965431249	6.238600355663195	7.799703082188004	0.08330478225561873	0.9052305403709481	0.3044128521118464	0.2839725116382177	13730.0	euclidean	transfo-xl-wt103	3,8,10	head
macro	-0.2819608993831021	5.881528837915966	6.626276062918473	0.05399170494244315	0.8768854161734173	1.021566500207992	0.3175240212807671		cosine	transfo-xl-wt103	3,8,11	head
micro	-0.2791783786029008	6.297953656534671	7.66200890448421	0.04911668489183508	0.881423015727788	1.0252170267838805	0.30961353727924334	13730.0	cosine	transfo-xl-wt103	3,8,11	head
macro	-0.18904283950527032	5.881528837915966	6.626276062918473	0.08854967198597884	0.9070561844258918	0.3096998341020976	0.2942940145217352		euclidean	transfo-xl-wt103	3,8,11	head
micro	-0.1898550056810877	6.297953656534671	7.66200890448421	0.08585340648596275	0.9084824190319235	0.30272478911901696	0.28286410995344713	13730.0	euclidean	transfo-xl-wt103	3,8,11	head
macro	-0.2767033053049916	5.835463507284688	6.4762497406943496	0.056526434024130455	0.8803759970390289	1.0242486871496146	0.31029806433088863		cosine	transfo-xl-wt103	3,9,10	head
micro	-0.27523299297263426	6.265407823232429	7.513770028445975	0.05018662223457037	0.8841821048034932	1.0250641957016988	0.3018547254858494	13730.0	cosine	transfo-xl-wt103	3,9,10	head
macro	-0.1852574258209013	5.835463507284688	6.4762497406943496	0.09126622841810204	0.9086139454298168	0.3157602649767627	0.2970050631289235		euclidean	transfo-xl-wt103	3,9,10	head
micro	-0.18680245228988135	6.265407823232429	7.513770028445975	0.0870583038494002	0.908592820826495	0.3107780335336478	0.28463755264908003	13730.0	euclidean	transfo-xl-wt103	3,9,10	head
macro	-0.27273726307930957	5.809025722338088	6.449565906770671	0.057282015754770446	0.8810602519336688	1.020205098126095	0.31210952718029283		cosine	transfo-xl-wt103	3,9,11	head
micro	-0.26998113684748265	6.238218712822662	7.505764255029789	0.05194777783732805	0.8850638800787075	1.0226389882212303	0.30510603709450973	13730.0	cosine	transfo-xl-wt103	3,9,11	head
macro	-0.1844850603182182	5.809025722338088	6.449565906770671	0.09391069277602496	0.9088174425603195	0.3174130166923859	0.2955658477778066		euclidean	transfo-xl-wt103	3,9,11	head
micro	-0.18540673848396816	6.238218712822662	7.505764255029789	0.0912910173066453	0.9091971932171575	0.3102020426906529	0.28552427399689645	13730.0	euclidean	transfo-xl-wt103	3,9,11	head
macro	-0.287191805107762	5.873208756399212	6.603918663779732	0.05259012733871261	0.876694194119629	1.0252425330468689	0.31386266592103335		cosine	transfo-xl-wt103	3,10,11	head
micro	-0.2854929720863218	6.305874634835714	7.606620268413295	0.04805237288521027	0.8812835484484081	1.0272663553833763	0.30658390600753715	13730.0	cosine	transfo-xl-wt103	3,10,11	head
macro	-0.18939627548967952	5.873208756399212	6.603918663779732	0.09071264606497553	0.9055913817391993	0.3212026264471838	0.29264270907294954		euclidean	transfo-xl-wt103	3,10,11	head
micro	-0.19115864198554258	6.305874634835714	7.606620268413295	0.0872188402216777	0.9069735837620501	0.3141040232725862	0.28256853617084166	13730.0	euclidean	transfo-xl-wt103	3,10,11	head
macro	-0.2879834725968141	5.941358187971202	6.864353578149933	0.051917933226825204	0.8757843157589246	1.0123627892442104	0.30949361961298893		cosine	transfo-xl-wt103	4,5,6	head
micro	-0.2884581115373866	6.4091303670521445	8.056260502206495	0.04712296194656681	0.878498812539389	1.0167251528387435	0.30022906968151925	13730.0	cosine	transfo-xl-wt103	4,5,6	head
macro	-0.18902465795266618	5.941358187971202	6.864353578149933	0.08917138066456361	0.9042673141061432	0.32083074041440857	0.28979115660876154		euclidean	transfo-xl-wt103	4,5,6	head
micro	-0.19289252386310943	6.4091303670521445	8.056260502206495	0.08438700513339353	0.9038761379958734	0.3174206193784456	0.27621369984482375	13730.0	euclidean	transfo-xl-wt103	4,5,6	head
macro	-0.28738660330315585	5.937069541798443	6.664474003979583	0.05564204616865144	0.8763483988697677	1.010353437828337	0.31400865030765357		cosine	transfo-xl-wt103	4,5,7	head
micro	-0.2876454779616132	6.389453068175703	7.802600403583737	0.05080933996121769	0.8791634795776863	1.0153605506062997	0.3058449715510234	13730.0	cosine	transfo-xl-wt103	4,5,7	head
macro	-0.19004564612207417	5.937069541798443	6.664474003979583	0.09253167406453564	0.9061725050775193	0.31574117669796037	0.29271325693757827		euclidean	transfo-xl-wt103	4,5,7	head
micro	-0.1929212988589239	6.389453068175703	7.802600403583737	0.0886484744863572	0.9056740343867786	0.3110802351004056	0.27931722456218133	13730.0	euclidean	transfo-xl-wt103	4,5,7	head
macro	-0.2883702182302067	5.864150028781583	7.016353420654386	0.05472861738130925	0.8756497750583809	1.015081757424706	0.31386361027839804		cosine	transfo-xl-wt103	4,5,8	head
micro	-0.2898458233750496	6.312154540083582	8.203367862751177	0.05070287334424873	0.8789692369095801	1.0212214450257948	0.30687947979014263	13730.0	cosine	transfo-xl-wt103	4,5,8	head
macro	-0.18891774695800218	5.864150028781583	7.016353420654386	0.0899131723872618	0.9047334219942786	0.31881496123371084	0.2913770510347566		euclidean	transfo-xl-wt103	4,5,8	head
micro	-0.19275443192485753	6.312154540083582	8.203367862751177	0.08583587057943355	0.9046257742929363	0.31534063550892627	0.2791694376708786	13730.0	euclidean	transfo-xl-wt103	4,5,8	head
macro	-0.2845145171828602	5.917445383578237	6.410990203072103	0.05561771945370939	0.8799353124418774	1.0152290634066874	0.310950241798938		cosine	transfo-xl-wt103	4,5,9	head
micro	-0.28458809416869885	6.38602613566443	7.4245705724009134	0.05143176085863808	0.8836193627164894	1.0180516905520198	0.3046626764206015	13730.0	cosine	transfo-xl-wt103	4,5,9	head
macro	-0.18664771873545752	5.917445383578237	6.410990203072103	0.09155579045085543	0.9072483926501739	0.325941864016266	0.28926335913077617		euclidean	transfo-xl-wt103	4,5,9	head
micro	-0.1902515269815123	6.38602613566443	7.4245705724009134	0.08726811210500005	0.9077537141235495	0.32078135320430534	0.2748836178230991	13730.0	euclidean	transfo-xl-wt103	4,5,9	head
macro	-0.2908557929878039	5.993442347192535	6.806960231944989	0.054243073743287094	0.8758183957418126	1.0179746193769306	0.3135168341178167		cosine	transfo-xl-wt103	4,5,10	head
micro	-0.29428249572234444	6.47237382026412	8.01095187994365	0.049028392374456525	0.8781483253169292	1.0225142220173173	0.3045148895292987	13730.0	cosine	transfo-xl-wt103	4,5,10	head
macro	-0.1910323552467725	5.993442347192535	6.806960231944989	0.09110332572463128	0.9043671079952971	0.3267765666926915	0.28677584699463154		euclidean	transfo-xl-wt103	4,5,10	head
micro	-0.19553837066097268	6.47237382026412	8.01095187994365	0.08626624629944919	0.9033292195553347	0.3237945400366554	0.2715584127687874	13730.0	euclidean	transfo-xl-wt103	4,5,10	head
macro	-0.2920309327485346	5.967840941239345	6.7141160885856115	0.054556433576488	0.8767225007174535	1.0113097367988195	0.3087685321375235		cosine	transfo-xl-wt103	4,5,11	head
micro	-0.2935404860551777	6.432591925144705	7.792686119429108	0.04952182391651755	0.879986217638797	1.015621618448028	0.3008941106923816	13730.0	cosine	transfo-xl-wt103	4,5,11	head
macro	-0.18999314282329147	5.967840941239345	6.7141160885856115	0.09108631762351198	0.9055987564872103	0.3232899249255544	0.2887255015963142		euclidean	transfo-xl-wt103	4,5,11	head
micro	-0.19364138409524076	6.432591925144705	7.792686119429108	0.08741401800356224	0.9052848223661831	0.31905732142760734	0.2774698884208971	13730.0	euclidean	transfo-xl-wt103	4,5,11	head
macro	-0.2867190866826304	5.838327785867076	6.531678170752275	0.05434293779167011	0.876905997936267	1.0148063028646062	0.315888056386883		cosine	transfo-xl-wt103	4,6,7	head
micro	-0.2864951129608388	6.247911905873875	7.540618973961955	0.04985346022021602	0.8806809743328659	1.019900215913724	0.30961353727924334	13730.0	cosine	transfo-xl-wt103	4,6,7	head
macro	-0.19001352358607118	5.838327785867076	6.531678170752275	0.09265863571624598	0.9049835340594815	0.3124829996524527	0.2953332497845515		euclidean	transfo-xl-wt103	4,6,7	head
micro	-0.1925308962651743	6.247911905873875	7.540618973961955	0.08818528446240127	0.9055639728723779	0.3076709970131477	0.2823468558338875	13730.0	euclidean	transfo-xl-wt103	4,6,7	head
macro	-0.2908363822756137	5.795730995829641	6.830705938705334	0.05503390550169366	0.876673341603455	1.0169176524200023	0.3130802914166577		cosine	transfo-xl-wt103	4,6,8	head
micro	-0.29079859666190044	6.227978092872423	7.944726118079676	0.05009451829214443	0.8803021233238874	1.0245205225273304	0.30695337323579397	13730.0	cosine	transfo-xl-wt103	4,6,8	head
macro	-0.19387320960994456	5.795730995829641	6.830705938705334	0.0884133643202347	0.9046718048884794	0.3179687495790865	0.29067550778265316		euclidean	transfo-xl-wt103	4,6,8	head
micro	-0.1974196391892983	6.227978092872423	7.944726118079676	0.084255014527685	0.9050359464933063	0.3144268557210317	0.27983447868174094	13730.0	euclidean	transfo-xl-wt103	4,6,8	head
macro	-0.2783762070993536	5.7810943086720155	6.354810375877238	0.05743105448600455	0.8810231556227858	1.0185715739117815	0.31311358342538026		cosine	transfo-xl-wt103	4,6,9	head
micro	-0.2762406230774491	6.227288038636767	7.363707128762399	0.052860698113784896	0.8844489074018056	1.0228819748983489	0.30554939776841794	13730.0	cosine	transfo-xl-wt103	4,6,9	head
macro	-0.1854572346440951	5.7810943086720155	6.354810375877238	0.09304245425524459	0.9075221970133421	0.3190124368429085	0.2938865978483594		euclidean	transfo-xl-wt103	4,6,9	head
micro	-0.18788440841065812	6.227288038636767	7.363707128762399	0.08807555002234004	0.9079785709859656	0.3145261755330523	0.2804995196926033	13730.0	euclidean	transfo-xl-wt103	4,6,9	head
macro	-0.29352659303868295	5.901385441835794	6.938007581488427	0.05327765114475299	0.8742569905916	1.019308534386023	0.3109933151821207		cosine	transfo-xl-wt103	4,6,10	head
micro	-0.29574104863778766	6.335422904166765	8.105475005262436	0.04793579041817169	0.8772111128882458	1.0242845892470716	0.3013374713662898	13730.0	cosine	transfo-xl-wt103	4,6,10	head
macro	-0.19336699434602012	5.901385441835794	6.938007581488427	0.09022134324678592	0.9031182966293141	0.32545729776463656	0.2885508855513137		euclidean	transfo-xl-wt103	4,6,10	head
micro	-0.19787142080878195	6.335422904166765	8.105475005262436	0.0847534251398736	0.9027675711352176	0.3237359054542196	0.274661937486145	13730.0	euclidean	transfo-xl-wt103	4,6,10	head
macro	-0.29272963422208853	5.8980872999317215	6.4979491260469855	0.055691282644774714	0.8770664122947116	1.0119782251196177	0.31297706538313		cosine	transfo-xl-wt103	4,6,11	head
micro	-0.2933401004784201	6.326897041938017	7.46780699479701	0.04978964185647038	0.8814682359366764	1.0173954008976587	0.3062883322249316	13730.0	cosine	transfo-xl-wt103	4,6,11	head
macro	-0.1914881461857031	5.8980872999317215	6.4979491260469855	0.08927927463342934	0.905216873491645	0.32120961677957754	0.2914402109104222		euclidean	transfo-xl-wt103	4,6,11	head
micro	-0.19488526562386704	6.326897041938017	7.46780699479701	0.08502614811267974	0.9058715737653615	0.3172210285556575	0.28101677381216283	13730.0	euclidean	transfo-xl-wt103	4,6,11	head
macro	-0.28385923531498863	5.805720689870308	6.78147687311583	0.055925225770954295	0.8768835191106538	1.0191917667325459	0.3139008722339885		cosine	transfo-xl-wt103	4,7,8	head
micro	-0.2836952483295776	6.229765094351489	7.87406145575674	0.051284481452202664	0.8808629808194465	1.024683898441778	0.3081356683662159	13730.0	cosine	transfo-xl-wt103	4,7,8	head
macro	-0.18905310620072346	5.805720689870308	6.78147687311583	0.09086425399330492	0.90568070055578	0.3110980808376552	0.2931175710760381		euclidean	transfo-xl-wt103	4,7,8	head
micro	-0.19231519175645953	6.229765094351489	7.87406145575674	0.08655690710605385	0.9062010060127182	0.30670177247752006	0.2821990689425848	13730.0	euclidean	transfo-xl-wt103	4,7,8	head
macro	-0.27923219312831593	5.816938814702818	6.423358995469197	0.057820564446705656	0.8792939813553712	1.0158345373315945	0.31453582946161657		cosine	transfo-xl-wt103	4,7,9	head
micro	-0.2780937526156338	6.2521435719112315	7.406913768809677	0.053290730318947224	0.8836780132384742	1.0193811844120464	0.30739673390970224	13730.0	cosine	transfo-xl-wt103	4,7,9	head
macro	-0.18485630122506364	5.816938814702818	6.423358995469197	0.09299413704929148	0.9067682339984011	0.3164105604358062	0.29315711132335354		euclidean	transfo-xl-wt103	4,7,9	head
micro	-0.18674987978090843	6.2521435719112315	7.406913768809677	0.08974033781574609	0.9073848339982489	0.31066584081288895	0.27924333111653	13730.0	euclidean	transfo-xl-wt103	4,7,9	head
macro	-0.2843161755717912	5.836978367047451	6.45824148865792	0.056764218733292855	0.8762931064763574	1.02218130325678	0.31726655478714033		cosine	transfo-xl-wt103	4,7,10	head
micro	-0.28583506451791457	6.265495241509219	7.499731629127732	0.051147542525129576	0.8794826166182022	1.0247697186000455	0.3079139880292618	13730.0	cosine	transfo-xl-wt103	4,7,10	head
macro	-0.1888616982715494	5.836978367047451	6.45824148865792	0.09167707839031324	0.9066376747372447	0.3132182880628923	0.2931334310101056		euclidean	transfo-xl-wt103	4,7,10	head
micro	-0.1919665431852224	6.265495241509219	7.499731629127732	0.08770912877055626	0.906375430797312	0.3093698799810078	0.2782088228774108	13730.0	euclidean	transfo-xl-wt103	4,7,10	head
macro	-0.2846270606018112	5.893805983643928	6.5333134114750475	0.05571017278464784	0.8767240957759195	1.0144374536010734	0.3155465853069497		cosine	transfo-xl-wt103	4,7,11	head
micro	-0.28369520484888405	6.332467649683099	7.453510184415971	0.050877483383377796	0.8809966725546093	1.0189745436608222	0.30917017660533513	13730.0	cosine	transfo-xl-wt103	4,7,11	head
macro	-0.1880482428238211	5.893805983643928	6.5333134114750475	0.0924036359320845	0.9053627768332395	0.3142674060327199	0.29192306579479066		euclidean	transfo-xl-wt103	4,7,11	head
micro	-0.1904648479261768	6.332467649683099	7.453510184415971	0.08844527813544771	0.9058025837294266	0.3093827325811895	0.2839725116382177	13730.0	euclidean	transfo-xl-wt103	4,7,11	head
macro	-0.2855046635092095	5.797591818284388	6.560621183712685	0.05719952516958727	0.8791562659634669	1.0212016015169956	0.30977840370032506		cosine	transfo-xl-wt103	4,8,9	head
micro	-0.28470203437621305	6.244477254810273	7.596789752139715	0.05305725725315348	0.88299684153582	1.0258242503423207	0.3041454223010419	13730.0	cosine	transfo-xl-wt103	4,8,9	head
macro	-0.18752341661046118	5.797591818284388	6.560621183712685	0.09140034532059027	0.9064196661295915	0.3227768607115493	0.29192502548119503		euclidean	transfo-xl-wt103	4,8,9	head
micro	-0.1906581528886629	6.244477254810273	7.596789752139715	0.08752551871857171	0.9072091854078209	0.31728604449994624	0.2796127983447868	13730.0	euclidean	transfo-xl-wt103	4,8,9	head
macro	-0.28994094671160064	5.843459584791011	6.948955217639522	0.05413383326966406	0.8744538975143225	1.023620956847465	0.3123414698131463		cosine	transfo-xl-wt103	4,8,10	head
micro	-0.2908021219674092	6.298412502767775	8.096691688615678	0.049133723675571714	0.8780253404186926	1.0292558755464747	0.304958250203207	13730.0	cosine	transfo-xl-wt103	4,8,10	head
macro	-0.19050744107893564	5.843459584791011	6.948955217639522	0.08835276648781935	0.9032812474463918	0.3214365848549456	0.2940968582610295		euclidean	transfo-xl-wt103	4,8,10	head
micro	-0.19383671175396144	6.298412502767775	8.096691688615678	0.0838587247001147	0.903337238350693	0.31774663601879594	0.2822729623882362	13730.0	euclidean	transfo-xl-wt103	4,8,10	head
macro	-0.28803189310785715	5.928968530903232	6.665401392266707	0.05584565111842449	0.8751668742505112	1.0150683593932153	0.31320918508581264		cosine	transfo-xl-wt103	4,8,11	head
micro	-0.28689720012619424	6.370672124002399	7.640790114114998	0.05090418450421664	0.879973288051077	1.0209387205226672	0.3071750535727481	13730.0	cosine	transfo-xl-wt103	4,8,11	head
macro	-0.1906368218584876	5.928968530903232	6.665401392266707	0.08921222202975408	0.9050918095964469	0.3185944040296853	0.2937636951100104		euclidean	transfo-xl-wt103	4,8,11	head
micro	-0.19279556559510333	6.370672124002399	7.640790114114998	0.08597566280359993	0.9063415899935482	0.3128826949733894	0.28530259365994237	13730.0	euclidean	transfo-xl-wt103	4,8,11	head
macro	-0.2864871531439231	5.82916775225683	6.533822297009385	0.054584380840259406	0.8784853647398022	1.0242420591849923	0.3131633271911275		cosine	transfo-xl-wt103	4,9,10	head
micro	-0.2873214144887338	6.276553008698398	7.6440805978098725	0.04887176107006106	0.8814371517203112	1.0272117653924737	0.30421931574669325	13730.0	cosine	transfo-xl-wt103	4,9,10	head
macro	-0.18846649672958654	5.82916775225683	6.533822297009385	0.0935999289800579	0.9070096973066528	0.3248089338507195	0.29089352366289095		euclidean	transfo-xl-wt103	4,9,10	head
micro	-0.19198897870781376	6.276553008698398	7.6440805978098725	0.08884206221248951	0.9066135950721429	0.32178615068603433	0.2771004211926402	13730.0	euclidean	transfo-xl-wt103	4,9,10	head
macro	-0.2807443416985715	5.808935128170031	6.3654879003336235	0.05683824590391343	0.8793931723166092	1.0182729815391278	0.31449908174666497		cosine	transfo-xl-wt103	4,9,11	head
micro	-0.2797236923474128	6.253231300294247	7.314859160381614	0.05134546827031076	0.88370545688127	1.0217728269937814	0.30828345525751866	13730.0	cosine	transfo-xl-wt103	4,9,11	head
macro	-0.18662319940772862	5.808935128170031	6.3654879003336235	0.09366501756999569	0.9065468321993463	0.3244928012206465	0.29005063981337015		euclidean	transfo-xl-wt103	4,9,11	head
micro	-0.18936370830719507	6.253231300294247	7.314859160381614	0.09015539187465495	0.9072256780865763	0.3184360791953805	0.280647306583906	13730.0	euclidean	transfo-xl-wt103	4,9,11	head
macro	-0.2904945804354454	5.876888636160543	6.542366257977401	0.056308880631659564	0.8755920496298103	1.0215802749874505	0.31389504998861845		cosine	transfo-xl-wt103	4,10,11	head
micro	-0.2920095866800951	6.329524973011664	7.5212316464726845	0.0507042892241331	0.8798101747433206	1.024692131084617	0.30554939776841794	13730.0	cosine	transfo-xl-wt103	4,10,11	head
macro	-0.19038326270204003	5.876888636160543	6.542366257977401	0.09073463195594048	0.9052072018671085	0.32652212241238726	0.2900722352745102		euclidean	transfo-xl-wt103	4,10,11	head
micro	-0.1942898007476306	6.329524973011664	7.5212316464726845	0.0865390373151334	0.9059010027309248	0.32153782614608634	0.2788738638882731	13730.0	euclidean	transfo-xl-wt103	4,10,11	head
macro	-0.28675870242840595	5.926934449807513	6.464750973217122	0.05550262841195489	0.8767731687734958	1.016560536878305	0.30962174176503116		cosine	transfo-xl-wt103	5,6,7	head
micro	-0.2859059000250562	6.390336612402996	7.5114597590541905	0.050275989274951985	0.8799775667351574	1.0212304947606927	0.3025936599423631	13730.0	cosine	transfo-xl-wt103	5,6,7	head
macro	-0.1879765470603362	5.926934449807513	6.464750973217122	0.08943479865339843	0.9065152196432966	0.3084000679246063	0.29158946392054963		euclidean	transfo-xl-wt103	5,6,7	head
micro	-0.19046526579517495	6.390336612402996	7.5114597590541905	0.0862864808404199	0.9067481494827733	0.300492262155524	0.27924333111653	13730.0	euclidean	transfo-xl-wt103	5,6,7	head
macro	-0.29229288162174544	5.802734074358796	6.858497973990204	0.054310368249294604	0.8755222278196008	1.0185800130286695	0.30907652431255805		cosine	transfo-xl-wt103	5,6,8	head
micro	-0.2914851781721483	6.25656939624856	8.01681909016925	0.049773111370137915	0.8785508661454229	1.0243530409872466	0.30473656986625286	13730.0	cosine	transfo-xl-wt103	5,6,8	head
macro	-0.19276879670792604	5.802734074358796	6.858497973990204	0.08818694416785493	0.9049980361534313	0.3114660159435281	0.28693232294292903		euclidean	transfo-xl-wt103	5,6,8	head
micro	-0.19525375353087107	6.25656939624856	8.01681909016925	0.08587281488351914	0.9048187023504748	0.3059495311714011	0.2770265277469888	13730.0	euclidean	transfo-xl-wt103	5,6,8	head
macro	-0.27687763945675486	5.9356498654571475	6.194252670706582	0.056771328516285934	0.8798611643819056	1.0181917029416616	0.31090399319870715		cosine	transfo-xl-wt103	5,6,9	head
micro	-0.2743741262269229	6.418976991520599	7.139033990539504	0.05232816401135009	0.8834330332242868	1.0211917226106708	0.3046626764206015	13730.0	cosine	transfo-xl-wt103	5,6,9	head
macro	-0.18382323053743457	5.9356498654571475	6.194252670706582	0.09018139833585252	0.9080862392980036	0.3138467266162326	0.2944905894921948		euclidean	transfo-xl-wt103	5,6,9	head
micro	-0.1857128296645267	6.418976991520599	7.139033990539504	0.08705400784101808	0.9086303580036293	0.3062706637023664	0.2796866917904382	13730.0	euclidean	transfo-xl-wt103	5,6,9	head
macro	-0.2939606481065795	6.010468987675996	6.822749470579048	0.05116315043736805	0.8746579857788891	1.0199219398448636	0.31047178937811415		cosine	transfo-xl-wt103	5,6,10	head
micro	-0.29483627047780064	6.481245152039777	7.989565894018243	0.046568786491609664	0.8771949958899233	1.0254848097224945	0.30348038129017957	13730.0	cosine	transfo-xl-wt103	5,6,10	head
macro	-0.19251501232793536	6.010468987675996	6.822749470579048	0.08794312801847444	0.9031216693386066	0.3221200602996881	0.28565414424760577		euclidean	transfo-xl-wt103	5,6,10	head
micro	-0.19592045325335605	6.481245152039777	7.989565894018243	0.08449244462841095	0.9024525008683147	0.31687469021819176	0.27222345377964974	13730.0	euclidean	transfo-xl-wt103	5,6,10	head
macro	-0.29493141020312547	5.8927001902523255	6.490420323125288	0.053769102430952447	0.8771401593266189	1.0176356101633002	0.31019291907215946		cosine	transfo-xl-wt103	5,6,11	head
micro	-0.2951546211682387	6.34036260881894	7.523095103305662	0.04903293995786296	0.8807734740213863	1.021515143477135	0.3040715288553905	13730.0	cosine	transfo-xl-wt103	5,6,11	head
macro	-0.19154297114232222	5.8927001902523255	6.490420323125288	0.08784127273268827	0.9060185857872571	0.3187678019144166	0.2882197214334825		euclidean	transfo-xl-wt103	5,6,11	head
micro	-0.1946626591021727	6.34036260881894	7.523095103305662	0.08504681667975872	0.9059745074443	0.31226193306132544	0.2788738638882731	13730.0	euclidean	transfo-xl-wt103	5,6,11	head
macro	-0.2891080483086508	5.8099260505407715	6.937449592306189	0.056195038596440545	0.8758883124677551	1.013628218173503	0.3144977435484468		cosine	transfo-xl-wt103	5,7,8	head
micro	-0.28954081678371796	6.242759333111776	8.118010357908897	0.05140815366864869	0.8789235046658841	1.0192544165098316	0.30776620113795905	13730.0	cosine	transfo-xl-wt103	5,7,8	head
macro	-0.1909798139844359	5.8099260505407715	6.937449592306189	0.08814021106134486	0.9057944854074673	0.3094466298374021	0.287816711002715		euclidean	transfo-xl-wt103	5,7,8	head
micro	-0.19410991752158824	6.242759333111776	8.118010357908897	0.0848171085591884	0.9059949600934785	0.30415568006465193	0.2768787408556861	13730.0	euclidean	transfo-xl-wt103	5,7,8	head
macro	-0.2825775361348429	5.94341451534832	6.453966367684657	0.057110053259106064	0.8784516152112228	1.010043309947591	0.31012460726428404		cosine	transfo-xl-wt103	5,7,9	head
micro	-0.28207228246203164	6.395758745746858	7.430929824707131	0.05256382287797521	0.8825165883700168	1.0142222249558994	0.30333259439887683	13730.0	cosine	transfo-xl-wt103	5,7,9	head
macro	-0.18684124435563484	5.94341451534832	6.453966367684657	0.09075038835575161	0.9068408032199903	0.31629814719786004	0.2882376821127503		euclidean	transfo-xl-wt103	5,7,9	head
micro	-0.1893462494284606	6.395758745746858	7.430929824707131	0.08782009978655776	0.9076345266925988	0.308543508777112	0.27495751126875045	13730.0	euclidean	transfo-xl-wt103	5,7,9	head
macro	-0.2889085926429582	5.907332457987774	6.477509604247644	0.055114363380274	0.8766934312418766	1.0159731306063045	0.3133502868934913		cosine	transfo-xl-wt103	5,7,10	head
micro	-0.28984153670746937	6.343817094478758	7.552911969985116	0.049529629420105636	0.8793595512322321	1.021275536510757	0.30680558634449123	13730.0	cosine	transfo-xl-wt103	5,7,10	head
macro	-0.19062901323957746	5.907332457987774	6.477509604247644	0.09088044146263055	0.9064679609331919	0.31463224313084487	0.28862728959680745		euclidean	transfo-xl-wt103	5,7,10	head
micro	-0.19334109962449406	6.343817094478758	7.552911969985116	0.08767153146239043	0.9062478043212819	0.3080790854772823	0.2773959949752457	13730.0	euclidean	transfo-xl-wt103	5,7,10	head
macro	-0.29214211403751117	5.894043247948275	6.6934090754837445	0.05551700391410898	0.8768420811322807	1.0128024575814705	0.30730543801420607		cosine	transfo-xl-wt103	5,7,11	head
micro	-0.29227235680214836	6.336600943700373	7.734562374887974	0.05029817428121291	0.8800334288014089	1.018594186216385	0.301780832040198	13730.0	cosine	transfo-xl-wt103	5,7,11	head
macro	-0.19090190619096628	5.894043247948275	6.6934090754837445	0.08964931146829526	0.9058417978179938	0.31673827058495824	0.28677577637656293		euclidean	transfo-xl-wt103	5,7,11	head
micro	-0.19398956906708026	6.336600943700373	7.734562374887974	0.08673724306683875	0.9058332558391221	0.3104797931054572	0.2783566097687135	13730.0	euclidean	transfo-xl-wt103	5,7,11	head
macro	-0.2889183969113849	5.885824526405816	6.661298120878564	0.05698711578428033	0.8771611842302898	1.0151284372922762	0.3085707703996601		cosine	transfo-xl-wt103	5,8,9	head
micro	-0.2886183800533586	6.329029354279124	7.701979877310058	0.05195046754048155	0.8807095284789875	1.0192563534347492	0.30340648784452817	13730.0	cosine	transfo-xl-wt103	5,8,9	head
macro	-0.1899842195146123	5.885824526405816	6.661298120878564	0.08973685661950945	0.9054377084150539	0.3201866450009477	0.2923139584775685		euclidean	transfo-xl-wt103	5,8,9	head
micro	-0.1926265855758527	6.329029354279124	7.701979877310058	0.08675828125164611	0.9063014524047022	0.31386617786393656	0.27850439666001625	13730.0	euclidean	transfo-xl-wt103	5,8,9	head
macro	-0.29320094399359836	5.882282030497982	7.033518315137283	0.05257642130496933	0.8741621394006622	1.0184220972540499	0.3122824638048542		cosine	transfo-xl-wt103	5,8,10	head
micro	-0.29361574632137166	6.335568321673938	8.232601628149528	0.04808962053740872	0.8770726962931571	1.0253730421362934	0.30695337323579397	13730.0	cosine	transfo-xl-wt103	5,8,10	head
macro	-0.19226579720568285	5.882282030497982	7.033518315137283	0.08888386197613862	0.9022662498913466	0.3200360176407458	0.291859527660099		euclidean	transfo-xl-wt103	5,8,10	head
micro	-0.19454682534879528	6.335568321673938	8.232601628149528	0.0855309106807372	0.902053993342669	0.31489721503461526	0.28109066725781423	13730.0	euclidean	transfo-xl-wt103	5,8,10	head
macro	-0.2956157216122964	5.896163475448634	6.887169905442081	0.05439387267117381	0.8746858157547753	1.0136547309202515	0.3092247117658131		cosine	transfo-xl-wt103	5,8,11	head
micro	-0.2951407176764595	6.323294684939803	7.98690927916756	0.049647594987921845	0.8783871444989889	1.0189374979314656	0.304958250203207	13730.0	cosine	transfo-xl-wt103	5,8,11	head
macro	-0.19398227342448585	5.896163475448634	6.887169905442081	0.08804754589040423	0.9044963782512668	0.31822109784625563	0.28693423205357027		euclidean	transfo-xl-wt103	5,8,11	head
micro	-0.19591730117953438	6.323294684939803	7.98690927916756	0.08549464008373792	0.9051021313133172	0.3122300450743124	0.2769526343013375	13730.0	euclidean	transfo-xl-wt103	5,8,11	head
macro	-0.2900412230245977	5.987779456468908	6.474342020664108	0.05195641885120586	0.8781684323576832	1.0176696276492958	0.3110903321158969		cosine	transfo-xl-wt103	5,9,10	head
micro	-0.29113040544332836	6.440094256221312	7.5314858094613335	0.04716540914387859	0.8811223624437263	1.0225484175145496	0.3048843567575556	13730.0	cosine	transfo-xl-wt103	5,9,10	head
macro	-0.19111887557062224	5.987779456468908	6.474342020664108	0.0908570271734966	0.9060234430126328	0.3249836267973569	0.28993573506197134		euclidean	transfo-xl-wt103	5,9,10	head
micro	-0.19404735258901346	6.440094256221312	7.5314858094613335	0.08705100733689738	0.9058698553264326	0.319456022679532	0.27628759329047514	13730.0	euclidean	transfo-xl-wt103	5,9,10	head
macro	-0.28685857237210355	5.89832787172744	6.425360370384196	0.05470796685593014	0.8789345093485325	1.0143345427118462	0.31381255821646886		cosine	transfo-xl-wt103	5,9,11	head
micro	-0.286896758476752	6.339600051035965	7.3955243172554335	0.04956655142807367	0.8829584699212104	1.0179179007577344	0.30651001256188576	13730.0	cosine	transfo-xl-wt103	5,9,11	head
macro	-0.18992110314099692	5.89832787172744	6.425360370384196	0.09088969174318681	0.9058188309400733	0.3255455473534734	0.2908669262232114		euclidean	transfo-xl-wt103	5,9,11	head
micro	-0.1927745623475827	6.339600051035965	7.3955243172554335	0.08777680863118585	0.9064634664304118	0.3180734599607734	0.2796866917904382	13730.0	euclidean	transfo-xl-wt103	5,9,11	head
macro	-0.2954985347979056	5.925302866845141	6.586478379993078	0.052802647616323375	0.8768072315123712	1.0187355891370018	0.31540781879877733		cosine	transfo-xl-wt103	5,10,11	head
micro	-0.29649193032128673	6.380601101908608	7.630743884107285	0.04788168776466314	0.8802031995183772	1.024091422620817	0.30880070937707826	13730.0	cosine	transfo-xl-wt103	5,10,11	head
macro	-0.19316172299624412	5.925302866845141	6.586478379993078	0.08931839411803687	0.9048200530501048	0.3289485167831956	0.2909917763310754		euclidean	transfo-xl-wt103	5,10,11	head
micro	-0.19641561232943217	6.380601101908608	7.630743884107285	0.08622503134442132	0.905153536007939	0.32198582969689116	0.28153402793172244	13730.0	euclidean	transfo-xl-wt103	5,10,11	head
macro	-0.28790086298377987	5.793190177787072	6.70553932680982	0.05410956506521449	0.8782046186805134	1.0214861741024603	0.31288238539198826		cosine	transfo-xl-wt103	6,7,8	head
micro	-0.28798565432824746	6.232923030280111	7.802477214305714	0.0496328225513625	0.8819862763053118	1.0256979388680638	0.304958250203207	13730.0	cosine	transfo-xl-wt103	6,7,8	head
macro	-0.19103125795777853	5.793190177787072	6.70553932680982	0.08904985593750703	0.9066263495862542	0.30411616759561194	0.29213967664936663		euclidean	transfo-xl-wt103	6,7,8	head
micro	-0.193790964742571	6.232923030280111	7.802477214305714	0.08539401534030791	0.907295568238441	0.29839760731525106	0.280056159018695	13730.0	euclidean	transfo-xl-wt103	6,7,8	head
macro	-0.27243784789780634	5.842545917623266	6.35040418614594	0.058242387315587715	0.8802683172684121	1.0171792805960083	0.3139411551756066		cosine	transfo-xl-wt103	6,7,9	head
micro	-0.2701380224030045	6.287252959713958	7.321444456896139	0.05345225422174444	0.8845748220357098	1.0202407315459512	0.306362225670583	13730.0	cosine	transfo-xl-wt103	6,7,9	head
macro	-0.18099559654137828	5.842545917623266	6.35040418614594	0.09247361406783436	0.9077817264027366	0.30468997798178166	0.29536228861832287		euclidean	transfo-xl-wt103	6,7,9	head
micro	-0.18164258756857796	6.287252959713958	7.321444456896139	0.08944863371608223	0.9086058063085612	0.2971543487179082	0.2831596837360526	13730.0	euclidean	transfo-xl-wt103	6,7,9	head
macro	-0.28940201563277085	5.875625646003201	6.6152656812493245	0.05600363981989038	0.8756020218898285	1.0216944662395133	0.31469351535751505		cosine	transfo-xl-wt103	6,7,10	head
micro	-0.29078301677243584	6.300554056781866	7.6632147988497135	0.05066504090927658	0.8792247658974177	1.024710917781854	0.3059188649966748	13730.0	cosine	transfo-xl-wt103	6,7,10	head
macro	-0.18941015295972638	5.875625646003201	6.6152656812493245	0.08976817021854332	0.9054492066733048	0.3092880139907579	0.2937508306431447		euclidean	transfo-xl-wt103	6,7,10	head
micro	-0.19201973198326955	6.300554056781866	7.6632147988497135	0.08638400542252844	0.9058540063934013	0.3038706071244815	0.2809428803665115	13730.0	euclidean	transfo-xl-wt103	6,7,10	head
macro	-0.2903269692611448	5.871416916876618	6.461812837175963	0.056476560552016886	0.8776771669893055	1.0173816727647749	0.3125855210274496		cosine	transfo-xl-wt103	6,7,11	head
micro	-0.2906951653847618	6.2956387111384755	7.3929292595886436	0.05128413586160715	0.8824223865478575	1.0212956758924425	0.304367102637996	13730.0	cosine	transfo-xl-wt103	6,7,11	head
macro	-0.18902424060425246	5.871416916876618	6.461812837175963	0.09017796033790834	0.9058165685271841	0.3105533708844866	0.29113924122240176		euclidean	transfo-xl-wt103	6,7,11	head
micro	-0.19193262994366536	6.2956387111384755	7.3929292595886436	0.08705798190216232	0.9067291939600629	0.3042351644010456	0.2819034951599793	13730.0	euclidean	transfo-xl-wt103	6,7,11	head
macro	-0.28005463443011563	5.775401657354986	6.460928655583467	0.0579400721240877	0.8807101736698498	1.0215666227507267	0.3104748479997931		cosine	transfo-xl-wt103	6,8,9	head
micro	-0.27791555691868736	6.228700136730726	7.526722906862549	0.05342293701449568	0.8838203657613447	1.0254641516390774	0.30421931574669325	13730.0	cosine	transfo-xl-wt103	6,8,9	head
macro	-0.18786094039815743	5.775401657354986	6.460928655583467	0.09065404547647601	0.9080169803131652	0.31075977113676995	0.29286155157975235		euclidean	transfo-xl-wt103	6,8,9	head
micro	-0.18923690382806124	6.228700136730726	7.526722906862549	0.08755234324333135	0.9082825167233781	0.3047830649077392	0.2787260769969704	13730.0	euclidean	transfo-xl-wt103	6,8,9	head
macro	-0.297481049211818	5.861391263594488	7.03791247147555	0.05547197576962527	0.8744861880753547	1.0209898082044377	0.3135359188058075		cosine	transfo-xl-wt103	6,8,10	head
micro	-0.29769838277073746	6.31965228264362	8.2325372933609	0.0500992511076447	0.8777485730646561	1.0268044626047879	0.3057710781053721	13730.0	cosine	transfo-xl-wt103	6,8,10	head
macro	-0.19521438270424635	5.861391263594488	7.03791247147555	0.08783743439909109	0.9029251454368704	0.3166929196941106	0.2902857508345412		euclidean	transfo-xl-wt103	6,8,10	head
micro	-0.19741743213594878	6.31965228264362	8.2325372933609	0.08449007014384925	0.9028015232102441	0.31257586032552587	0.2779132490948053	13730.0	euclidean	transfo-xl-wt103	6,8,10	head
macro	-0.295133882396292	5.884973491355173	6.541119182346736	0.05386762201987858	0.8767920064293268	1.016284280792589	0.3116673637126636		cosine	transfo-xl-wt103	6,8,11	head
micro	-0.2942247697870461	6.316583290659441	7.561863353096527	0.0490109196047873	0.8814305660031422	1.0210897272692507	0.30606665188797755	13730.0	cosine	transfo-xl-wt103	6,8,11	head
macro	-0.19556236893685247	5.884973491355173	6.541119182346736	0.08738892649966785	0.9063732813361713	0.3138634069096763	0.2889129491757231		euclidean	transfo-xl-wt103	6,8,11	head
micro	-0.19727996259216382	6.316583290659441	7.561863353096527	0.0848060025016239	0.907332223294932	0.3078586108770316	0.27953890489913547	13730.0	euclidean	transfo-xl-wt103	6,8,11	head
macro	-0.2839595782448726	5.876192575617863	6.632100482525585	0.05517019706834869	0.8781544725928522	1.0222100662849325	0.3140260815910026		cosine	transfo-xl-wt103	6,9,10	head
micro	-0.28290480654927347	6.314988375722886	7.770631928010263	0.04959300338017518	0.8809659867209412	1.0257928392817204	0.3061405453336289	13730.0	cosine	transfo-xl-wt103	6,9,10	head
macro	-0.18803838122373548	5.876192575617863	6.632100482525585	0.0916928457837151	0.9069037257346614	0.315520649334401	0.2903006627613913		euclidean	transfo-xl-wt103	6,9,10	head
micro	-0.1896445243941113	6.314988375722886	7.770631928010263	0.0869410716871953	0.9064084529274765	0.3118417242964764	0.2765092736274292	13730.0	euclidean	transfo-xl-wt103	6,9,10	head
macro	-0.2786205898120729	5.794335838099441	6.263336685785312	0.05655465089058514	0.8809655363723302	1.01942689369673	0.314261912814382		cosine	transfo-xl-wt103	6,9,11	head
micro	-0.27693445279785117	6.2224973519707145	7.253652645464363	0.05145092493485986	0.8849442529972346	1.022243621142101	0.3071011601270967	13730.0	cosine	transfo-xl-wt103	6,9,11	head
macro	-0.18606450244207137	5.794335838099441	6.263336685785312	0.09289508482796491	0.9077706517284574	0.3154290668697722	0.2919555971692091		euclidean	transfo-xl-wt103	6,9,11	head
micro	-0.1876872548150776	6.2224973519707145	7.253652645464363	0.08944984646289954	0.9080510250605909	0.30882541224348237	0.2809428803665115	13730.0	euclidean	transfo-xl-wt103	6,9,11	head
macro	-0.29919012152379754	5.910439573969791	6.632762490353408	0.05528073410458575	0.8759433830080176	1.0208520031077206	0.3149839436282501		cosine	transfo-xl-wt103	6,10,11	head
micro	-0.30115047301267306	6.357085858686246	7.676779063831584	0.05023716868401743	0.8801331558215657	1.0242202097754776	0.30651001256188576	13730.0	cosine	transfo-xl-wt103	6,10,11	head
macro	-0.19367451732831228	5.910439573969791	6.632762490353408	0.08908508719379639	0.9049418662606509	0.3244892266406651	0.289540676227232		euclidean	transfo-xl-wt103	6,10,11	head
micro	-0.19728295626810513	6.357085858686246	7.676779063831584	0.08495914944599685	0.905562869494583	0.31918536022758376	0.2783566097687135	13730.0	euclidean	transfo-xl-wt103	6,10,11	head
macro	-0.281261724462895	5.838264851577432	6.809232719726283	0.05732111112036018	0.8786829476593575	1.0153466246980105	0.31242038325361704		cosine	transfo-xl-wt103	7,8,9	head
micro	-0.2798888617229681	6.274044432651054	7.929175961234349	0.05371474469907009	0.8827155081022596	1.0181391861350342	0.30348038129017957	13730.0	cosine	transfo-xl-wt103	7,8,9	head
macro	-0.18613605412960726	5.838264851577432	6.809232719726283	0.09010753376112539	0.9059360183808196	0.311524156495515	0.28782826117205057		euclidean	transfo-xl-wt103	7,8,9	head
micro	-0.1883540044705048	6.274044432651054	7.929175961234349	0.0865173950465741	0.9067866894445763	0.3056432698133015	0.2737752161383285	13730.0	euclidean	transfo-xl-wt103	7,8,9	head
macro	-0.28612374805673435	5.800184227758656	6.8707922400871055	0.054544856600959424	0.8763666332723037	1.0212485837500351	0.3131119036006986		cosine	transfo-xl-wt103	7,8,10	head
micro	-0.28516547755956695	6.238637659968782	8.023857657379143	0.0498106905519708	0.8798313892049332	1.0240002476217303	0.30525382398581247	13730.0	cosine	transfo-xl-wt103	7,8,10	head
macro	-0.18866384507517622	5.800184227758656	6.8707922400871055	0.08824013366630272	0.9052245470581871	0.3073949228227571	0.2962659863592042		euclidean	transfo-xl-wt103	7,8,10	head
micro	-0.190709811430734	6.238637659968782	8.023857657379143	0.08468749498687962	0.905647674067038	0.3025171198198428	0.2836030444099608	13730.0	euclidean	transfo-xl-wt103	7,8,10	head
macro	-0.2864752381610885	5.886619625196405	6.881952990384123	0.05278189988508976	0.8761933615836373	1.016708263612543	0.31090628659597447		cosine	transfo-xl-wt103	7,8,11	head
micro	-0.2845892629454658	6.31918435793725	7.944995715558348	0.04893574668382287	0.8806264101927127	1.0201941849667742	0.30303702061627136	13730.0	cosine	transfo-xl-wt103	7,8,11	head
macro	-0.19075425408475424	5.886619625196405	6.881952990384123	0.08849277558322463	0.9050414817892598	0.31021743774960514	0.2898878079886353		euclidean	transfo-xl-wt103	7,8,11	head
micro	-0.19306204925176956	6.31918435793725	7.944995715558348	0.0850718438537966	0.9062938723141787	0.3046859159968102	0.28153402793172244	13730.0	euclidean	transfo-xl-wt103	7,8,11	head
macro	-0.28158646218117356	5.842865022223555	6.6017980376683685	0.05583787827079423	0.877947991863948	1.0182048305643563	0.3155839720188925		cosine	transfo-xl-wt103	7,9,10	head
micro	-0.28100489104542864	6.264235168372099	7.690580144679925	0.05107154782714766	0.8818100871260153	1.0206205558011465	0.30651001256188576	13730.0	cosine	transfo-xl-wt103	7,9,10	head
macro	-0.18538977817920754	5.842865022223555	6.6017980376683685	0.09228852423115165	0.9071055148522494	0.3108628272557721	0.2926816521360207		euclidean	transfo-xl-wt103	7,9,10	head
micro	-0.18703342356214897	6.264235168372099	7.690580144679925	0.08838387902013509	0.9073371046685568	0.30573745211018677	0.278652183551319	13730.0	euclidean	transfo-xl-wt103	7,9,10	head
macro	-0.27864020304291126	5.840270868131855	6.740262098807785	0.05653258683830397	0.8779206120672127	1.0145246290373466	0.3164689625984184		cosine	transfo-xl-wt103	7,9,11	head
micro	-0.27687606835966266	6.266167191439998	7.763993626222075	0.05225392512628585	0.882615096003193	1.0181120564882469	0.3076923076923077	13730.0	cosine	transfo-xl-wt103	7,9,11	head
macro	-0.1843523897669154	5.840270868131855	6.740262098807785	0.0915425922730168	0.9043878414627039	0.31644201937152	0.2902569860778204		euclidean	transfo-xl-wt103	7,9,11	head
micro	-0.18642897136082492	6.266167191439998	7.763993626222075	0.08795455967922035	0.9051337949609197	0.3097959616870601	0.27924333111653	13730.0	euclidean	transfo-xl-wt103	7,9,11	head
macro	-0.2877179107121668	5.82226129037271	6.574810549036996	0.05635804909144941	0.8764352150087182	1.0209298125693251	0.31906909699266645		cosine	transfo-xl-wt103	7,10,11	head
micro	-0.287463365967132	6.254742464230593	7.546130887280234	0.051888405865192146	0.8807390488586588	1.0233237962176907	0.31086972585531664	13730.0	cosine	transfo-xl-wt103	7,10,11	head
macro	-0.18820435173412697	5.82226129037271	6.574810549036996	0.09117464905362685	0.9058083522314396	0.3159889184048024	0.2928194730967219		euclidean	transfo-xl-wt103	7,10,11	head
micro	-0.1910227463130834	6.254742464230593	7.546130887280234	0.08831001482202852	0.9069109379258676	0.3096242701293629	0.2823468558338875	13730.0	euclidean	transfo-xl-wt103	7,10,11	head
macro	-0.2903052964877502	5.861369211744173	6.867328849543889	0.05496879791764821	0.8768978870227214	1.0211058735336838	0.3120983511678332		cosine	transfo-xl-wt103	8,9,10	head
micro	-0.28879418560362474	6.311068117002813	8.057342219850632	0.05024898430907697	0.8799072919949144	1.0244818154079605	0.3053277174314638	13730.0	cosine	transfo-xl-wt103	8,9,10	head
macro	-0.18999107729356188	5.861369211744173	6.867328849543889	0.08992857063070243	0.9046820999246834	0.3192017596566114	0.2942156281682946		euclidean	transfo-xl-wt103	8,9,10	head
micro	-0.19156719986343107	6.311068117002813	8.057342219850632	0.08595268725386225	0.9047440597155317	0.3146050232873925	0.28131234759476836	13730.0	euclidean	transfo-xl-wt103	8,9,10	head
macro	-0.28471217880630756	5.866130904609789	6.661577856205809	0.055630140103649625	0.8772423225913553	1.0160986590146484	0.31294623672539057		cosine	transfo-xl-wt103	8,9,11	head
micro	-0.28219676124274745	6.292483542406631	7.728190400523556	0.05084048397642118	0.8812975517342012	1.019022071163788	0.30599275844232615	13730.0	cosine	transfo-xl-wt103	8,9,11	head
macro	-0.19035053768849533	5.866130904609789	6.661577856205809	0.09082146917907144	0.904895509164782	0.3203289410415178	0.28952075901571817		euclidean	transfo-xl-wt103	8,9,11	head
micro	-0.19191635270858462	6.292483542406631	7.728190400523556	0.08750429675997554	0.9060181147793067	0.31307139356429414	0.27806103598610804	13730.0	euclidean	transfo-xl-wt103	8,9,11	head
macro	-0.29310315647013635	5.917702563597695	6.835887849672278	0.053529668129959455	0.8742724162358798	1.0183846849354274	0.31329537569095717		cosine	transfo-xl-wt103	8,10,11	head
micro	-0.2906414478471636	6.377350484198145	7.904697883124192	0.04903144275352178	0.878883800397318	1.0219978716939495	0.30606665188797755	13730.0	cosine	transfo-xl-wt103	8,10,11	head
macro	-0.1928059622530828	5.917702563597695	6.835887849672278	0.08738398461136337	0.9031576761355933	0.32184353977133706	0.29303496569034065		euclidean	transfo-xl-wt103	8,10,11	head
micro	-0.19409482253686774	6.377350484198145	7.904697883124192	0.08383443998804307	0.9046881024413526	0.31478712550583193	0.2836769378556122	13730.0	euclidean	transfo-xl-wt103	8,10,11	head
macro	-0.2864407513691831	5.832606473746814	6.60575004987858	0.05530309967206192	0.8782204885589663	1.0217020656209248	0.3154617674756096		cosine	transfo-xl-wt103	9,10,11	head
micro	-0.2856927211209807	6.270722710737084	7.6927052605636455	0.04964430955002693	0.8821451268549086	1.0242066077465088	0.3085051355944728	13730.0	cosine	transfo-xl-wt103	9,10,11	head
macro	-0.18937904116956097	5.832606473746814	6.60575004987858	0.09222999913679707	0.905747898813703	0.3257114284016945	0.2936828227908589		euclidean	transfo-xl-wt103	9,10,11	head
micro	-0.1919696394904504	6.270722710737084	7.6927052605636455	0.08836716000761152	0.9063355027546216	0.3195547715715354	0.28286410995344713	13730.0	euclidean	transfo-xl-wt103	9,10,11	head
