embedding_type_layer	layer	model	embedding_type	label_type	pair_significance_bucket	n_systems	n_rows	n_samples_eval_total	n_samples_eval_mean	n_labels_mean	silhouette_cosine_mean	silhouette_cosine_weighted_mean	silhouette_euclidean_mean	silhouette_euclidean_weighted_mean	nearest_centroid_loo_acc_cosine_mean	nearest_centroid_loo_acc_cosine_weighted_mean	nearest_centroid_loo_acc_euclidean_mean	nearest_centroid_loo_acc_euclidean_weighted_mean	within_between_ratio_cosine_mean	within_between_ratio_cosine_weighted_mean	within_between_ratio_euclidean_mean	within_between_ratio_euclidean_weighted_mean	kmeans_ari_mean	kmeans_ari_weighted_mean	kmeans_ami_mean	kmeans_ami_weighted_mean
delta	0	answerdotai_ModernBERT-base	delta	conditioned-cat-only	all	76	76	1862	24.5	2.9166666666666665	0.575769932831035	0.389557286258278	0.5787207516853634	0.39125682804254874	0.781700094982759	0.6961748633879782	0.6826067345360196	0.5027322404371585	1.4797281369658018e-07	1.5511263016176085e-07	1.9091832397111825e-08	1.920808134687213e-08	0.8052558342792373	0.7427967978066081	0.8360413354259238	0.774857893138091
delta	0	answerdotai_ModernBERT-base	delta	conditioned-cat-only	pair_significant	62	62	1837	29.629032258064516	2.942857142857143	0.5629144762501572	0.3811024010263982	0.5659547138576472	0.3828254821705619	0.7750849463458728	0.69196675900277	0.6729887567946868	0.49584487534626037	1.5245683835405228e-07	1.5726100454073258e-07	1.967037277278188e-08	1.9474121254723545e-08	0.7993544959240626	0.739234426585093	0.8310728910448913	0.7717395814087018
delta	0	answerdotai_ModernBERT-base	delta	conditioned-cat-only	pair_not_significant	14	14	25	1.7857142857142858	2.0	1.0	1.0	1.0	1.0	1.0	1.0	1.0	1.0	0.0	0.0	0.0	0.0	1.0	1.0	1.0	1.0
delta	0	answerdotai_ModernBERT-base	delta	conditioned-exclude	all	76	76	8568	112.73684210526316	3.084507042253521	-0.13895570713975758	-0.1770857864599111	-0.13895573642262174	-0.17708581142839747	0.4127402377611505	0.40545235867967394	0.35032393053377836	0.326740612053989	0.6954421203474621	0.7700412522178066	0.695442076447619	0.7700412212687826	0.17719127633218887	0.13693623950824726	0.2265614605472826	0.17864328554330777
delta	0	answerdotai_ModernBERT-base	delta	conditioned-exclude	pair_significant	62	62	6422	103.58064516129032	3.169491525423729	-0.1430981136268112	-0.20067830978617884	-0.14309814842420296	-0.20067834224440223	0.4296728489249607	0.43091655266757867	0.3585027429771313	0.3317373461012312	0.6461441040471524	0.7096700261028165	0.6461440524106566	0.7096699865132665	0.20717257464663305	0.1740730574431024	0.2642856310777511	0.22670320036079844
delta	0	answerdotai_ModernBERT-base	delta	conditioned-exclude	pair_not_significant	14	14	2146	153.28571428571428	2.6666666666666665	-0.11548207037978703	-0.09270103024461218	-0.11548206841366158	-0.09270102842411863	0.3167887744995592	0.3143730886850153	0.3039773266881114	0.308868501529052	0.9747975460492183	0.9859745429336856	0.974797545990405	0.985974542889736	0.007297252550338715	0.004106813647065205	0.012791160874627604	0.006744581046252324
delta	0	answerdotai_ModernBERT-base	delta	raw	all	76	76	14183	186.6184210526316	8.986842105263158	-0.5760928790147106	-0.5796819391064948	-0.5760930384819706	-0.5796820972811063	0.27334146877971754	0.2703417703417703	0.14050429574625714	0.1372086372086372	0.7768265314784036	0.7801431501676492	0.7768264984404988	0.7801431196258128	0.09554972035988775	0.09470012183362607	0.11391015560142097	0.1125987319077841
delta	0	answerdotai_ModernBERT-base	delta	raw	pair_significant	62	62	11448	184.6451612903226	9.5	-0.6347868809055898	-0.6413396201070443	-0.6347870728782108	-0.6413398124749435	0.2706116630989676	0.26790705800139764	0.1134755950551682	0.10910202655485675	0.7504618108963563	0.7533683323354509	0.7504617737298636	0.7533682980355402	0.11074915500996738	0.11049578374790646	0.12935195267799454	0.12851140982291548
delta	0	answerdotai_ModernBERT-base	delta	raw	pair_not_significant	14	14	2735	195.35714285714286	6.714285714285714	-0.2961676392274407	-0.30156644182742065	-0.296167643669133	-0.30156644576847835	0.2863605420263712	0.28132387706855794	0.2694104067345273	0.2639873916469661	0.9025659681004753	0.9009146689001182	0.9025659547527594	0.9009146553095956	0.02306010895181565	0.023451604262829398	0.040264661851608534	0.04082239748208509
delta	1	answerdotai_ModernBERT-base	delta	conditioned-cat-only	all	76	76	1862	24.5	2.9166666666666665	0.5832206540028838	0.4083867551677458	0.5001989606740501	0.3459941696263646	0.9078568045021073	0.8721311475409836	0.9073444705362629	0.8710382513661202	0.037104169106962064	0.03845211701445065	0.2030927754408667	0.2095871136927533	0.7221692751654532	0.5923683508771815	0.7633572999498671	0.6574771887801553
delta	1	answerdotai_ModernBERT-base	delta	conditioned-cat-only	pair_significant	62	62	1837	29.629032258064516	2.942857142857143	0.5716132597264015	0.4006599143095872	0.4905408444024171	0.3394439947231572	0.9050645864567166	0.8703601108033241	0.9045367272191799	0.8692520775623269	0.037231472816743424	0.03852897255919128	0.20382677507408256	0.21001254757291962	0.713750162291679	0.5867224831607991	0.7561863090392569	0.6527331055222628
delta	1	answerdotai_ModernBERT-base	delta	conditioned-cat-only	pair_not_significant	14	14	25	1.7857142857142858	2.0	0.9662646651268005	0.9662646651268005	0.8189167976379395	0.8189167976379395	1.0	1.0	1.0	1.0	0.032903146684177195	0.032903146684177195	0.17887078754474312	0.17887078754474314	1.0	1.0	1.0	1.0
delta	1	answerdotai_ModernBERT-base	delta	conditioned-exclude	all	76	76	8568	112.73684210526316	3.084507042253521	-0.1200107313431848	-0.16038662102944348	-0.08717588893293092	-0.11889934774044392	0.4707634169341978	0.43926232794333825	0.45610165195062613	0.41814780168381666	0.7096666738415911	0.7797984926758933	0.7676235368788967	0.820747902237177	0.1515494882802245	0.11132334602429529	0.20365426046279878	0.15964935755734272
delta	1	answerdotai_ModernBERT-base	delta	conditioned-exclude	pair_significant	62	62	6422	103.58064516129032	3.169491525423729	-0.1218893176331881	-0.18056102184289832	-0.08822303213288679	-0.13385247478728843	0.49157489671347326	0.46084131326949385	0.4819311706929799	0.4469904240766074	0.6626148765514902	0.7219454553528598	0.7304185537566463	0.7744957318454432	0.1726614315940982	0.13507368705469436	0.2304528545210867	0.19272848443882065
delta	1	answerdotai_ModernBERT-base	delta	conditioned-exclude	pair_not_significant	14	14	2146	153.28571428571428	2.6666666666666665	-0.10936540903316604	-0.08822766325752669	-0.08124207746651438	-0.06541562482304529	0.3528316981849699	0.3620795107033639	0.3097343790772881	0.3149847094801223	0.976293525152163	0.9867248304527135	0.9784517745716484	0.9861807416566621	0.03191514283494004	0.026374114008531534	0.051795560799167445	0.04133331229564054
delta	1	answerdotai_ModernBERT-base	delta	raw	all	76	76	14183	186.6184210526316	8.986842105263158	-0.5374501775080959	-0.5405680967408811	-0.38859431773424147	-0.3904670970436507	0.3652811332367183	0.35985985985985985	0.22525681954982887	0.22157872157872158	0.7854239718149559	0.7886343200898019	0.8252534793271987	0.8277321493631147	0.07408894385084712	0.07323842206130703	0.12141437824498585	0.11994649351346068
delta	1	answerdotai_ModernBERT-base	delta	raw	pair_significant	62	62	11448	184.6451612903226	9.5	-0.589816281872411	-0.5954563141475704	-0.4240958281312018	-0.427488213444469	0.36747253941771746	0.36180992313067784	0.20911033470246176	0.20475192173305382	0.7598635061570421	0.7626672219641624	0.8041534213300868	0.8062423548777624	0.0792811312054005	0.07832827164243313	0.13240082379904083	0.13097538005341516
delta	1	answerdotai_ModernBERT-base	delta	raw	pair_not_significant	14	14	2735	195.35714285714286	6.714285714285714	-0.287704141309055	-0.2929872012043253	-0.21927942199489245	-0.2234782315761297	0.35482981145041453	0.35106382978723405	0.3022631318988103	0.297478329393223	0.9073277311065451	0.9057625073799203	0.9258845251595792	0.92466483938215	0.049326204159900154	0.05027995161027024	0.06901748406410847	0.07019917550345327
delta	2	answerdotai_ModernBERT-base	delta	conditioned-cat-only	all	76	76	1862	24.5	2.9166666666666665	0.5768701736678314	0.4132179632777847	0.46086557962767344	0.32561613815617774	0.9096521304687146	0.8836065573770492	0.9102987744650891	0.8841530054644808	0.08652732257654122	0.08979462237450075	0.296799984831932	0.30448553036059267	0.7106373686803293	0.5662758301699434	0.76184758091069	0.6576591593228283
delta	2	answerdotai_ModernBERT-base	delta	conditioned-cat-only	pair_significant	62	62	1837	29.629032258064516	2.942857142857143	0.5659111471931365	0.4059423388448902	0.4520049055360935	0.3196929846036343	0.9069143162404939	0.881994459833795	0.9075805555094857	0.8825484764542936	0.08730284228136592	0.09019433774925387	0.29834076738116233	0.3052962141508041	0.7018688040948846	0.5602685701999981	0.7546308409382868	0.6529175964325626
delta	2	answerdotai_ModernBERT-base	delta	conditioned-cat-only	pair_not_significant	14	14	25	1.7857142857142858	2.0	0.9385180473327637	0.9385180473327637	0.7532678246498108	0.7532678246498108	1.0	1.0	1.0	1.0	0.06093517231732624	0.06093517231732624	0.24595416070732942	0.24595416070732942	1.0	1.0	1.0	1.0
delta	2	answerdotai_ModernBERT-base	delta	conditioned-exclude	all	76	76	8568	112.73684210526316	3.084507042253521	-0.10258761178702117	-0.14172273464590515	-0.06056431054009105	-0.08907579758764594	0.4814722224734734	0.4507550447681411	0.45918052861146247	0.4206868902846452	0.7280434187527586	0.7923248688977457	0.7963207387521927	0.8415160456853678	0.1481097660866838	0.10676591522683317	0.21060002677393852	0.16785928437981196
delta	2	answerdotai_ModernBERT-base	delta	conditioned-exclude	pair_significant	62	62	6422	103.58064516129032	3.169491525423729	-0.1026163964952324	-0.15829382861885413	-0.05967617330957985	-0.09957995800893717	0.5040888548300773	0.475547195622435	0.4862660988505471	0.45143638850889195	0.6840670028497727	0.7378585564481264	0.7644331961690768	0.801746921671071	0.1685521959477971	0.1298571270943161	0.23847463174528347	0.20368521417828991
delta	2	answerdotai_ModernBERT-base	delta	conditioned-exclude	pair_not_significant	14	14	2146	153.28571428571428	2.6666666666666665	-0.10242449844049083	-0.08245193491880683	-0.06559708817965454	-0.051504953463052026	0.35331130578605136	0.3620795107033639	0.30569563058998306	0.3107033639143731	0.9772431088696787	0.98713771000195	0.9770168133898495	0.9837605944533231	0.0322693302070418	0.024174228987664807	0.052643931936316946	0.03971858868470552
delta	2	answerdotai_ModernBERT-base	delta	raw	all	76	76	14183	186.6184210526316	8.986842105263158	-0.4798612354385356	-0.48260551843222593	-0.30954274945581955	-0.31115034967514404	0.3846323638426693	0.37952237952237955	0.24932703057589364	0.2463892463892464	0.7974441462618024	0.8003992402416285	0.848750709229392	0.8507185896517322	0.08969801505591353	0.0891202798742116	0.14753369391015816	0.147207356933941
delta	2	answerdotai_ModernBERT-base	delta	raw	pair_significant	62	62	11448	184.6451612903226	9.5	-0.5250876495509499	-0.5299401935114711	-0.337859918483563	-0.3406570432045459	0.3882892938993043	0.3830363382250175	0.23725492049951294	0.23401467505241091	0.7731393579970234	0.775675881075541	0.8310160642192688	0.8326128631606513	0.09867586815897313	0.09827781174509574	0.16129907062112403	0.16135561663847178
delta	2	answerdotai_ModernBERT-base	delta	raw	pair_not_significant	14	14	2735	195.35714285714286	6.714285714285714	-0.26416602967163694	-0.269095920202439	-0.17449163563119677	-0.17805632779784236	0.3671916204956406	0.363672182821119	0.3069017094017094	0.30220646178092986	0.9133592902938267	0.9119173709482364	0.9333313238930565	0.9323869729732042	0.04688056179516783	0.047813965903415065	0.08188343575016709	0.08338967486244046
delta	3	answerdotai_ModernBERT-base	delta	conditioned-cat-only	all	76	76	1862	24.5	2.9166666666666665	0.5637322016717756	0.4060899555499925	0.4328712037052302	0.30689655080223915	0.9157881834874404	0.8939890710382513	0.9138225053668624	0.892896174863388	0.11945408525427524	0.12366322744387528	0.34738341007246554	0.356256655296145	0.6919942613961528	0.5829923724619367	0.7367369004545319	0.6563057301915648
delta	3	answerdotai_ModernBERT-base	delta	conditioned-cat-only	pair_significant	62	62	1837	29.629032258064516	2.942857142857143	0.5532466156238859	0.39911396405827304	0.42477183681771613	0.301449822821755	0.913236310259787	0.8925207756232687	0.9112110661355554	0.8914127423822714	0.12036682341754111	0.12413870530505776	0.3488630236904214	0.35705583112185435	0.6826607541657331	0.5772166435486672	0.7287592307713359	0.6515454217454647
delta	3	answerdotai_ModernBERT-base	delta	conditioned-cat-only	pair_not_significant	14	14	25	1.7857142857142858	2.0	0.9097565412521362	0.9097565412521362	0.7001503109931946	0.7001503109931946	1.0	1.0	1.0	1.0	0.08933372586650117	0.08933372586650118	0.29855616067992147	0.29855616067992147	1.0	1.0	1.0	1.0
delta	3	answerdotai_ModernBERT-base	delta	conditioned-exclude	all	76	76	8568	112.73684210526316	3.084507042253521	-0.09366353475543292	-0.1319374299077061	-0.051169189598294904	-0.07779869182354034	0.48514237502218865	0.4522250434317787	0.46103324724767436	0.4221568889482828	0.7398691377179862	0.8009178683700136	0.8124024169721247	0.8534965749231552	0.15512145994492993	0.11338434534606144	0.22217107500033093	0.17849671254659477
delta	3	answerdotai_ModernBERT-base	delta	conditioned-exclude	pair_significant	62	62	6422	103.58064516129032	3.169491525423729	-0.09327760481285034	-0.14719662049561077	-0.05005142341628123	-0.08690124698191372	0.5092301924933855	0.478796169630643	0.48864740289249414	0.4536593707250342	0.6977536406585602	0.7486535427843353	0.7829536329363282	0.8166204354903904	0.17778620061870554	0.13926528631455448	0.2517913419465423	0.21585766797853093
delta	3	answerdotai_ModernBERT-base	delta	conditioned-exclude	pair_not_significant	14	14	2146	153.28571428571428	2.6666666666666665	-0.09585047109673421	-0.07735899164589173	-0.05750319796303908	-0.045241051110288054	0.34864474268540646	0.35718654434250763	0.3045530319270291	0.309480122324159	0.9785236210547335	0.9878547344403785	0.9792788598416374	0.985393616759735	0.026687929460201317	0.0208144720838307	0.05432289563846671	0.044865601007779615
delta	3	answerdotai_ModernBERT-base	delta	raw	all	76	76	14183	186.6184210526316	8.986842105263158	-0.44443065976103147	-0.4470815679531086	-0.2729444240561376	-0.27446021837680834	0.3921969250100053	0.38724438724438726	0.2622864576053487	0.2594022594022594	0.8061179447346436	0.8089055726446193	0.8615153185456118	0.8631814573234036	0.09643551890675589	0.09547495772506347	0.16597652843573515	0.16506715562430818
delta	3	answerdotai_ModernBERT-base	delta	raw	pair_significant	62	62	11448	184.6451612903226	9.5	-0.4857502251773352	-0.490329834614922	-0.2976699372933757	-0.3002805678710175	0.39687586185379375	0.3918588399720475	0.2530937475715357	0.2500873515024458	0.7827166590482743	0.7850850539760977	0.8449376715014834	0.8462824081969375	0.10663008851682235	0.10583114613347497	0.1814853707730461	0.18088265503134043
delta	3	answerdotai_ModernBERT-base	delta	raw	pair_not_significant	14	14	2735	195.35714285714286	6.714285714285714	-0.2473681170063523	-0.25200428003173725	-0.15502274554007903	-0.1579939610837798	0.369881995447322	0.3664302600472813	0.30612861315122625	0.30141843971631205	0.9177240764696352	0.916351316426035	0.9405779429099168	0.9394069555108688	0.04781526384336199	0.04876193767010097	0.09201128036548298	0.09372915829897117
delta	4	answerdotai_ModernBERT-base	delta	conditioned-cat-only	all	76	76	1862	24.5	2.9166666666666665	0.5520120631793842	0.3993905416766151	0.4129194612477851	0.293430864827229	0.9200399932192644	0.9005464480874317	0.9206698457256142	0.9005464480874317	0.14449855420970537	0.1489551722101883	0.3810367134237288	0.3901401101382924	0.6845292949630417	0.5618769978413198	0.7371792146113246	0.6545547931979144
delta	4	answerdotai_ModernBERT-base	delta	conditioned-cat-only	pair_significant	62	62	1837	29.629032258064516	2.942857142857143	0.5416214177667191	0.39252748322618963	0.40494521951415774	0.2881311615913528	0.9176169627107573	0.8991689750692521	0.9182659016566933	0.8991689750692521	0.145718024858824	0.14957427400272844	0.38279349391701106	0.39106915657863695	0.6749695766285885	0.5558088122158533	0.7292149483874253	0.6497702335469161
delta	4	answerdotai_ModernBERT-base	delta	conditioned-cat-only	pair_not_significant	14	14	25	1.7857142857142858	2.0	0.8949033617973328	0.8949033617973328	0.676069438457489	0.676069438457489	1.0	1.0	1.0	1.0	0.10425602278878957	0.10425602278878957	0.3230629571454138	0.3230629571454138	1.0	1.0	1.0	1.0
delta	4	answerdotai_ModernBERT-base	delta	conditioned-exclude	all	76	76	8568	112.73684210526316	3.084507042253521	-0.08785678762578755	-0.12503315962260345	-0.045835869420746654	-0.07099084362947129	0.48692544441626745	0.4540959508218629	0.46408279794343815	0.42402779633836696	0.7486880437268548	0.8072142910592388	0.822864371814122	0.8612854905957642	0.1469228071709664	0.10651694259975705	0.21358344386400524	0.1724811113309488
delta	4	answerdotai_ModernBERT-base	delta	conditioned-exclude	pair_significant	62	62	6422	103.58064516129032	3.169491525423729	-0.08709148841244671	-0.13920229906113993	-0.044342222216073424	-0.0788639140100539	0.5120562877644151	0.48238714090287277	0.4923388547951771	0.45622435020519836	0.7080278407882264	0.7566232354867786	0.7949808787976097	0.8262078036158171	0.16715633986247203	0.1289437373051814	0.23983122196430665	0.20510496882091256
delta	4	answerdotai_ModernBERT-base	delta	conditioned-exclude	pair_not_significant	14	14	2146	153.28571428571428	2.6666666666666665	-0.0921934831680523	-0.07435357097638856	-0.05429987024722828	-0.04283077293488593	0.3445173321100972	0.3529051987767584	0.30396514245025075	0.308868501529052	0.9790958603790831	0.9881662745379837	0.9808708322410252	0.9867499024971282	0.032266121919101075	0.026301716032587946	0.06484603462896382	0.05579345469406319
delta	4	answerdotai_ModernBERT-base	delta	raw	all	76	76	14183	186.6184210526316	8.986842105263158	-0.42057712432307504	-0.4230199063128158	-0.25208164597240584	-0.2535004291396301	0.3927354904671249	0.3881023881023881	0.26807446281573544	0.2653367653367653	0.8126645782615072	0.8153695346584864	0.8702784120569301	0.8718270707717762	0.11096577445975993	0.10939229835533662	0.1692310829895018	0.16885974809979798
delta	4	answerdotai_ModernBERT-base	delta	raw	pair_significant	62	62	11448	184.6451612903226	9.5	-0.45881483106378224	-0.4629976291809311	-0.27426288778623265	-0.276639756241717	0.39712169500726346	0.3924703004891684	0.2591227618173634	0.2562893081761006	0.7898926323388002	0.7921816118267366	0.8545181705135441	0.8557393037484199	0.12381562060643667	0.12241375630815923	0.18467620993242745	0.18471460086557087
delta	4	answerdotai_ModernBERT-base	delta	raw	pair_not_significant	14	14	2735	195.35714285714286	6.714285714285714	-0.23821267679047126	-0.2426948584821677	-0.14629418501415506	-0.1491272941259616	0.3718166688141562	0.3684003152088258	0.31076719065412534	0.3061465721040189	0.921269243431341	0.9199618674314857	0.9454426409561554	0.9443931688345756	0.04968189283714778	0.05065721141920067	0.09556970833862541	0.09734424200737535
delta	5	answerdotai_ModernBERT-base	delta	conditioned-cat-only	all	76	76	1862	24.5	2.9166666666666665	0.5411463863120469	0.3946587847199678	0.39461924004888926	0.28217371716443956	0.9260717009836769	0.907103825136612	0.9262698628910317	0.9081967213114754	0.16901498082903207	0.17381204269046205	0.41233986546569984	0.42134588451392135	0.7183855714972205	0.5774112480847257	0.7730760132249079	0.6717665191230796
delta	5	answerdotai_ModernBERT-base	delta	conditioned-cat-only	pair_significant	62	62	1837	29.629032258064516	2.942857142857143	0.5308498425310422	0.38792369405008914	0.3867465307385745	0.27701797020980196	0.9238314494983336	0.9058171745152355	0.924035616311972	0.9069252077562326	0.1705439707086144	0.17457732978031862	0.41435695006367307	0.4223925577934412	0.7098518009365303	0.5715582182798049	0.7661995287771779	0.6672203490278314
delta	5	answerdotai_ModernBERT-base	delta	conditioned-cat-only	pair_not_significant	14	14	25	1.7857142857142858	2.0	0.8809323310852051	0.8809323310852051	0.6544186472892761	0.6544186472892761	1.0	1.0	1.0	1.0	0.11855831480281605	0.11855831480281605	0.3457760737325857	0.3457760737325857	1.0	1.0	1.0	1.0
delta	5	answerdotai_ModernBERT-base	delta	conditioned-exclude	all	76	76	8568	112.73684210526316	3.084507042253521	-0.0808990419449401	-0.11665673968052287	-0.04023967654696511	-0.06363198148034488	0.4917136074793234	0.4585059468127756	0.46723935152573426	0.42643324869704663	0.7570886108001424	0.8133330325522184	0.8324351490846019	0.8684433372171578	0.15149894902961814	0.10915968547644155	0.21722892179633352	0.17334778455453284
delta	5	answerdotai_ModernBERT-base	delta	conditioned-exclude	pair_significant	62	62	6422	103.58064516129032	3.169491525423729	-0.07960712066885796	-0.12945497424639285	-0.038527621824851296	-0.07052741933294669	0.5175899758972357	0.487859097127223	0.49555128727221665	0.4584473324213406	0.7178289142855325	0.7643915845796629	0.8061687871668604	0.8353475280313554	0.17291809931138408	0.1325708858978194	0.24504739474469506	0.2076309118145559
delta	5	answerdotai_ModernBERT-base	delta	conditioned-exclude	pair_not_significant	14	14	2146	153.28571428571428	2.6666666666666665	-0.08821992917607228	-0.07088054656663437	-0.04994131997227669	-0.03896866615189507	0.3450808531111542	0.3535168195718654	0.3068050489623342	0.3119266055045872	0.9795602243829311	0.9883847681751575	0.9812778666184704	0.9868190510511481	0.030123764099610997	0.025423477486094335	0.059590908422284886	0.05072532081348388
delta	5	answerdotai_ModernBERT-base	delta	raw	all	76	76	14183	186.6184210526316	8.986842105263158	-0.3971977340162266	-0.3993714516940422	-0.233128998883379	-0.2343987765723042	0.3955983342823569	0.3914628914628915	0.2746523010009187	0.27162877162877164	0.8191651361372663	0.8218276172397455	0.8777221082997124	0.879159623830551	0.10131361694636964	0.1000838271491472	0.16952565378770768	0.16890492879726363
delta	5	answerdotai_ModernBERT-base	delta	raw	pair_significant	62	62	11448	184.6451612903226	9.5	-0.4328148313624326	-0.4365622290213315	-0.2534582786742718	-0.2555871320620588	0.4003420665376848	0.39631376659678547	0.26740402579157796	0.2643256464011181	0.7970359920879313	0.7992976057907695	0.8628487442942322	0.8639692901894054	0.10994515638853289	0.10866872321971731	0.18280211239388716	0.1823628144393222
delta	5	answerdotai_ModernBERT-base	delta	raw	pair_not_significant	14	14	2735	195.35714285714286	6.714285714285714	-0.2273315774420133	-0.23161730715392892	-0.1361739721883518	-0.1388257688312836	0.3729743804492548	0.36958234830575254	0.309220998153159	0.3045705279747833	0.9247041308340942	0.9234523497329992	0.948656613556618	0.947677724509761	0.060147813452975665	0.0613604661499798	0.10620715889669798	0.10820127441180785
delta	6	answerdotai_ModernBERT-base	delta	conditioned-cat-only	all	76	76	1862	24.5	2.9166666666666665	0.5365760963999063	0.3928194641685266	0.38711838243419633	0.2777098595541317	0.9270117251802391	0.9081967213114754	0.9286340718019659	0.9087431693989071	0.17985523630818526	0.18558261242980886	0.4255711325159236	0.4350042131962743	0.6179427872819574	0.5299451704249573	0.6734174091202436	0.6203115506815806
delta	6	answerdotai_ModernBERT-base	delta	conditioned-cat-only	pair_significant	62	62	1837	29.629032258064516	2.942857142857143	0.5263861298038991	0.3861709111228255	0.3793816592995868	0.27265833065770256	0.9247999592766102	0.9069252077562326	0.9264714679171769	0.9074792243767313	0.18145206657234533	0.18639179213671891	0.42760187455057747	0.43606304377555316	0.6063652959874712	0.5234347157217019	0.6635209669723723	0.6150527078932368
delta	6	answerdotai_ModernBERT-base	delta	conditioned-cat-only	pair_not_significant	14	14	25	1.7857142857142858	2.0	0.8728449940681458	0.8728449940681458	0.6424302458763123	0.6424302458763123	1.0	1.0	1.0	1.0	0.12715983759090357	0.12715983759090357	0.3585566453723452	0.3585566453723452	1.0	1.0	1.0	1.0
delta	6	answerdotai_ModernBERT-base	delta	conditioned-exclude	all	76	76	8568	112.73684210526316	3.084507042253521	-0.07751751252362737	-0.11296967881819417	-0.03774262064641031	-0.06069032449861641	0.49304458788430333	0.45984230923426433	0.468393543446196	0.4276359748763865	0.7611132388435592	0.8164162281098828	0.8366186111850801	0.871781990961057	0.1532936702604652	0.11177317424420978	0.2142336033314811	0.1701665363565269
delta	6	answerdotai_ModernBERT-base	delta	conditioned-exclude	pair_significant	62	62	6422	103.58064516129032	3.169491525423729	-0.07591935077981166	-0.12510642932177846	-0.035784882212550766	-0.06699751320588622	0.5190520899954276	0.4893980848153215	0.49622155059126344	0.4587893296853625	0.722533191737144	0.7683220078635894	0.8108386806729545	0.8392782724504586	0.17391330073113245	0.135004273703927	0.24075459931188528	0.20239415204759018
delta	6	answerdotai_ModernBERT-base	delta	conditioned-exclude	pair_not_significant	14	14	2146	153.28571428571428	2.6666666666666665	-0.0865737624052498	-0.06955945438702536	-0.04883647177161442	-0.038131034247782254	0.34566874258793256	0.3541284403669725	0.31070150295748056	0.3162079510703364	0.9797335057799125	0.98843763483791	0.9827048840871251	0.988039939493155	0.03644909759335069	0.028681143883092713	0.06394795944252395	0.054896140906167144
delta	6	answerdotai_ModernBERT-base	delta	raw	all	76	76	14183	186.6184210526316	8.986842105263158	-0.38670630743106205	-0.38869685059052134	-0.22418306115393838	-0.22529380493908566	0.3968365248629613	0.3921063921063921	0.2798278208270536	0.2769197769197769	0.822178779624489	0.8248115358598305	0.8807978886292088	0.8821478714080182	0.10024299228690015	0.09861354857052297	0.17154507844409195	0.17085629817898115
delta	6	answerdotai_ModernBERT-base	delta	raw	pair_significant	62	62	11448	184.6451612903226	9.5	-0.42102311811439935	-0.4244869977233679	-0.2433862672638028	-0.24527027468349338	0.4020826237119042	0.3973619846261356	0.27196308183024415	0.2689552760307477	0.8004398594045709	0.8026831342338466	0.8662114293859032	0.867237397536678	0.10904150864935692	0.1072966299992942	0.18575915171201424	0.18529991290485828
delta	6	answerdotai_ModernBERT-base	delta	raw	pair_not_significant	14	14	2735	195.35714285714286	6.714285714285714	-0.22304151801822278	-0.22726044224661762	-0.1325985397068927	-0.13518717545367206	0.3718166688141562	0.3684003152088258	0.31733657604260623	0.3128447596532703	0.9258567068271758	0.9246247517046935	0.950364078866513	0.9494036258915113	0.058280837327490925	0.059447308934363494	0.10375488285861668	0.10570637643672694
delta	7	answerdotai_ModernBERT-base	delta	conditioned-cat-only	all	76	76	1862	24.5	2.9166666666666665	0.5270398633335444	0.384052396121898	0.3748745219918954	0.26815945658720824	0.9246085039840618	0.9043715846994536	0.925431260369899	0.9049180327868852	0.19338918812403344	0.1978574671212712	0.44206159915516396	0.4498189789475623	0.6884893078498733	0.5696153337083596	0.7392296499990125	0.6560552120947271
delta	7	answerdotai_ModernBERT-base	delta	conditioned-cat-only	pair_significant	62	62	1837	29.629032258064516	2.942857142857143	0.5170575747774406	0.37750941842711866	0.3674054239086355	0.26326755489534864	0.9223239131957001	0.9030470914127424	0.9231716015932293	0.903601108033241	0.1948906566547451	0.19860562142197372	0.4439631570088262	0.4507955549719841	0.6790495899059301	0.5636543272500266	0.7313275181808008	0.6512914338688924
delta	7	answerdotai_ModernBERT-base	delta	conditioned-cat-only	pair_not_significant	14	14	25	1.7857142857142858	2.0	0.856455385684967	0.856455385684967	0.6213547587394714	0.6213547587394714	1.0	1.0	1.0	1.0	0.14384072661055095	0.14384072661055095	0.37931018998431026	0.37931018998431026	1.0	1.0	1.0	1.0
delta	7	answerdotai_ModernBERT-base	delta	conditioned-exclude	all	76	76	8568	112.73684210526316	3.084507042253521	-0.07449654965845791	-0.109833120990725	-0.03579276496893726	-0.05840263153090249	0.4906476028900286	0.4573032206334358	0.46854895229828103	0.42817051984498194	0.7649896772608412	0.8193177446034101	0.8410115582636295	0.8754412814409167	0.14716038321975894	0.10723644966202829	0.21190778464836535	0.1684176720117936
delta	7	answerdotai_ModernBERT-base	delta	conditioned-exclude	pair_significant	62	62	6422	103.58064516129032	3.169491525423729	-0.07284596003078417	-0.12166020187290245	-0.033895641184119765	-0.06453753186381603	0.5171501021738405	0.48768809849521205	0.4969206639693302	0.460328317373461	0.7269838032050853	0.7719443012554283	0.8157915903731443	0.8437038955935195	0.16721990385055863	0.1288864351196913	0.2399561190498128	0.2023372293017673
delta	7	answerdotai_ModernBERT-base	delta	conditioned-exclude	pair_not_significant	14	14	2146	153.28571428571428	2.6666666666666665	-0.08384989088194238	-0.06753050998217834	-0.046543133082903095	-0.0364595751719555	0.3404667736150943	0.3486238532110092	0.3077759194956687	0.3131498470948012	0.9803562969101254	0.9887611064988212	0.983924709643046	0.9889582431752143	0.0334897663118938	0.029799682104589047	0.052967223040163464	0.04709561021866437
delta	7	answerdotai_ModernBERT-base	delta	raw	all	76	76	14183	186.6184210526316	8.986842105263158	-0.37458364326972515	-0.3765617566148067	-0.21468849005061202	-0.2157740872616511	0.3965908918919036	0.39224939224939226	0.28258410157008523	0.27935077935077934	0.8251428874542436	0.8277177432378952	0.8838271537511131	0.8851377955443124	0.09477326692991776	0.09413186567786855	0.1631018661179579	0.16304253043920747
delta	7	answerdotai_ModernBERT-base	delta	raw	pair_significant	62	62	11448	184.6451612903226	9.5	-0.4075002173889398	-0.4108823600529429	-0.23285539760704962	-0.23467038705887092	0.40227138428144266	0.3980607966457023	0.2745674334342113	0.27113906359189377	0.8040861462007697	0.8062967514611518	0.8697831389061451	0.8707992261344394	0.10235238617423817	0.10174214093256453	0.17570594773505258	0.17593008215976544
delta	7	answerdotai_ModernBERT-base	delta	raw	pair_not_significant	14	14	2735	195.35714285714286	6.714285714285714	-0.21759690516270125	-0.2217539283406603	-0.12804631555067877	-0.13053971370823397	0.36949931280333287	0.3660362490149724	0.3208174419104068	0.31639085894405045	0.9255673457400435	0.9243400891244825	0.9508063014732678	0.9498138958611858	0.0586266982262358	0.059804666656686704	0.10299009225181407	0.10491144608264828
delta	8	answerdotai_ModernBERT-base	delta	conditioned-cat-only	all	76	76	1862	24.5	2.9166666666666665	0.5304385861861246	0.3860341110022464	0.3816306189966032	0.2725393110683921	0.9206087738467128	0.9010928961748634	0.9208841891587628	0.9010928961748634	0.18163570711372545	0.1855268021283408	0.427918107252692	0.434977725473461	0.6580736555082428	0.5606222364896245	0.7057732846614887	0.6402320106393996
delta	8	answerdotai_ModernBERT-base	delta	conditioned-cat-only	pair_significant	62	62	1837	29.629032258064516	2.942857142857143	0.5203314080312283	0.3794144246546639	0.37407175721918146	0.2675734697029748	0.918202979114795	0.8997229916897507	0.9184867403453919	0.8997229916897507	0.18302239908975673	0.18621450199293427	0.42970623774671146	0.4358927936801563	0.6477122511297049	0.554536671898068	0.6968573235906247	0.6352490744986711
delta	8	answerdotai_ModernBERT-base	delta	conditioned-cat-only	pair_not_significant	14	14	25	1.7857142857142858	2.0	0.863975465297699	0.863975465297699	0.6310730576515198	0.6310730576515198	1.0	1.0	1.0	1.0	0.1358748719046936	0.1358748719046936	0.36890980095005044	0.36890980095005044	1.0	1.0	1.0	1.0
delta	8	answerdotai_ModernBERT-base	delta	conditioned-exclude	all	76	76	8568	112.73684210526316	3.084507042253521	-0.07789258112219007	-0.11265743288143726	-0.03728531855158508	-0.0594663681762912	0.48733146441098824	0.45529867700120275	0.46490346954607703	0.4250968862755579	0.7608914653357902	0.8161236357025813	0.8357961707686586	0.8704717162698077	0.14395011593602175	0.10404535021141642	0.2117432483585508	0.17024863486014585
delta	8	answerdotai_ModernBERT-base	delta	conditioned-exclude	pair_significant	62	62	6422	103.58064516129032	3.169491525423729	-0.07666164841708344	-0.12502905948984536	-0.03557461928393619	-0.0658018594949233	0.5126398537078465	0.4840971272229822	0.49252841194452107	0.45622435020519836	0.7222450380457346	0.7679460312630119	0.8099585984607173	0.8377759543952764	0.164767901689021	0.12749976035407334	0.23805115405240962	0.203381808153724
delta	8	answerdotai_ModernBERT-base	delta	conditioned-exclude	pair_not_significant	14	14	2146	153.28571428571428	2.6666666666666665	-0.08486786645112766	-0.06840711336708215	-0.04697928106826213	-0.036805846322248106	0.34391725839545817	0.3522935779816514	0.30836212928822776	0.3137614678899083	0.9798878866461058	0.9884432875451518	0.9822090805136607	0.9874165575188965	0.025982663335692487	0.020154591487099846	0.06266511609335065	0.051739278639445455
delta	8	answerdotai_ModernBERT-base	delta	raw	all	76	76	14183	186.6184210526316	8.986842105263158	-0.38662045330662903	-0.38856931949596035	-0.22264260105167827	-0.2236615186478598	0.39683260300169465	0.3923923923923924	0.28024177488705126	0.2769197769197769	0.8220573582342581	0.8246446578950236	0.879801808504006	0.8811032534762396	0.09946570776823413	0.09853817162850154	0.16812570493786105	0.16738214121187842
delta	8	answerdotai_ModernBERT-base	delta	raw	pair_significant	62	62	11448	184.6451612903226	9.5	-0.4215367098607408	-0.42498909910199	-0.24213396525010467	-0.24395056282951752	0.4024819158354733	0.39814814814814814	0.2715726834144122	0.26799440950384346	0.8003494140844308	0.8025362044204016	0.8649903478312782	0.8659712754102273	0.10834859149478568	0.10746724011800123	0.18150667181689337	0.1809300724743727
delta	8	answerdotai_ModernBERT-base	delta	raw	pair_not_significant	14	14	2735	195.35714285714286	6.714285714285714	-0.22009676820240343	-0.22429286680493277	-0.12968378718226	-0.13214497893485053	0.369889726409827	0.3664302600472813	0.32158667267963753	0.31717888100866826	0.9255875534103571	0.924367894844382	0.9504410824816305	0.9493581332633597	0.05710118538006517	0.05826237333543925	0.10430878597632223	0.10627232360232965
delta	9	answerdotai_ModernBERT-base	delta	conditioned-cat-only	all	76	76	1862	24.5	2.9166666666666665	0.5257470911533079	0.3814736205880922	0.3756283774478909	0.26759555473608154	0.9236051398202532	0.9049180327868852	0.921775201889746	0.9021857923497267	0.18916240057423714	0.19232756623845804	0.43685088799989624	0.4427430091954682	0.6097117707287624	0.5526508756319426	0.6530546639218395	0.62556179804468
delta	9	answerdotai_ModernBERT-base	delta	conditioned-cat-only	pair_significant	62	62	1837	29.629032258064516	2.942857142857143	0.515595389727616	0.37483539873749594	0.3680264054317818	0.26262466970500936	0.9212901440572305	0.903601108033241	0.9194047534621624	0.900831024930748	0.19065885650337297	0.19305538079975587	0.4387386859098712	0.4436874614423484	0.59788485469024	0.5464549043803075	0.642541168889168	0.6203756733638585
delta	9	answerdotai_ModernBERT-base	delta	conditioned-cat-only	pair_not_significant	14	14	25	1.7857142857142858	2.0	0.8607532382011414	0.8607532382011414	0.6264934539794922	0.6264934539794922	1.0	1.0	1.0	1.0	0.13977935491275337	0.13977935491275337	0.3745535569707231	0.3745535569707231	1.0	1.0	1.0	1.0
delta	9	answerdotai_ModernBERT-base	delta	conditioned-exclude	all	76	76	8568	112.73684210526316	3.084507042253521	-0.07555269702376487	-0.10983727078241202	-0.03523815602529794	-0.05699278038400461	0.49011533387791073	0.4583723105706268	0.4697511157997262	0.430175063477215	0.7628174908642897	0.8176385829368545	0.8376229029044446	0.8719239308527942	0.15266628341019542	0.10979822605769572	0.21618939751079683	0.1704201987575072
delta	9	answerdotai_ModernBERT-base	delta	conditioned-exclude	pair_significant	62	62	6422	103.58064516129032	3.169491525423729	-0.0741725604474435	-0.12180434476230093	-0.03342590640828598	-0.06302365901894777	0.5152052346288867	0.48700410396716826	0.4989303996293	0.4639192886456908	0.7244935895306837	0.7698710001821492	0.8122492161583241	0.8398772142032502	0.17346368884406058	0.1329917113479271	0.24322616788884863	0.2039273040261117
delta	9	answerdotai_ModernBERT-base	delta	conditioned-exclude	pair_not_significant	14	14	2146	153.28571428571428	2.6666666666666665	-0.08337347095625268	-0.067033938284314	-0.045507570521699056	-0.035421784508073366	0.34793922962238044	0.3559633027522936	0.3044018407654752	0.309480122324159	0.9799862650880571	0.9884916862698929	0.9814071277991281	0.9865472941350777	0.034814319284959594	0.026840732493614267	0.06298103203516998	0.05057337820044345
delta	9	answerdotai_ModernBERT-base	delta	raw	all	76	76	14183	186.6184210526316	8.986842105263158	-0.3819013783382252	-0.3837025635011844	-0.21846527764573692	-0.2193528269424909	0.3943317038776485	0.38996138996138996	0.2796602312709908	0.2762047762047762	0.8237352424913356	0.8262852684439815	0.8809353099754195	0.8822146328222878	0.10074582892002634	0.09965452285697698	0.1633095746476558	0.16228563565767917
delta	9	answerdotai_ModernBERT-base	delta	raw	pair_significant	62	62	11448	184.6451612903226	9.5	-0.4164544400935542	-0.4197138873986845	-0.23753664203949512	-0.23916491931779435	0.3999421266130395	0.39570230607966456	0.27176035252855535	0.26808176100628933	0.8024199362526268	0.8045828508897633	0.8665468088392582	0.8675114784011791	0.10960185733372989	0.10850785928587041	0.17675883190254432	0.1758658324848176
delta	9	answerdotai_ModernBERT-base	delta	raw	pair_not_significant	14	14	2735	195.35714285714286	6.714285714285714	-0.21710985304357913	-0.2212685067720353	-0.12750953976781323	-0.12998764431346252	0.36757430313962974	0.3640661938534279	0.31733657604260623	0.3128447596532703	0.9253928568605617	0.924177024220455	0.9495573923171113	0.9485352442536709	0.058509385716209415	0.059720324496861904	0.09916696312434133	0.1010302797565443
delta	10	answerdotai_ModernBERT-base	delta	conditioned-cat-only	all	76	76	1862	24.5	2.9166666666666665	0.5178242746658404	0.3732430188015836	0.3662434795063318	0.2598335755161961	0.9247950270791749	0.9021857923497267	0.9241017201558323	0.9	0.2030119552391909	0.20711435379202103	0.4527070050153026	0.45958490470112556	0.5505467568079528	0.49914052920417723	0.599189301984531	0.5783212454803641
delta	10	answerdotai_ModernBERT-base	delta	conditioned-cat-only	pair_significant	62	62	1837	29.629032258064516	2.942857142857143	0.5072377974477907	0.3664018137592028	0.35808017359566735	0.254628603230295	0.9225160885058166	0.900831024930748	0.9218017722817666	0.8986149584487535	0.20509688287170652	0.20812411847935963	0.45532221305976617	0.4608754831658502	0.5678360524687999	0.5063308412430162	0.6189347886221231	0.5870571596429179
delta	10	answerdotai_ModernBERT-base	delta	conditioned-cat-only	pair_not_significant	14	14	25	1.7857142857142858	2.0	0.8671780228614807	0.8671780228614807	0.6356325745582581	0.6356325745582581	1.0	1.0	1.0	1.0	0.13420934336617502	0.13420934336617502	0.3664051395480057	0.3664051395480057	-0.02	-0.02	-0.05241175705601295	-0.05241175705601295
delta	10	answerdotai_ModernBERT-base	delta	conditioned-exclude	all	76	76	8568	112.73684210526316	3.084507042253521	-0.07303829870846433	-0.1070128894062326	-0.03356162120277683	-0.0550853369696424	0.4849909266372122	0.4516904984631832	0.47107497064744475	0.4309768809301082	0.767863322292419	0.8215010013999066	0.8432550979384102	0.876757532839228	0.13706496110192343	0.10126046902906566	0.20327204199869006	0.1645789556474198
delta	10	answerdotai_ModernBERT-base	delta	conditioned-exclude	pair_significant	62	62	6422	103.58064516129032	3.169491525423729	-0.07134293174307209	-0.1184595727322761	-0.031503647538449836	-0.060701767009349795	0.5102884430244334	0.4801641586867305	0.4998894895694553	0.4639192886456908	0.7305018529835873	0.7749041473063786	0.8187896151139864	0.8459063221157185	0.15713920234562512	0.1242904492929668	0.23202364820422627	0.20201861260430298
delta	10	answerdotai_ModernBERT-base	delta	conditioned-exclude	pair_not_significant	14	14	2146	153.28571428571428	2.6666666666666665	-0.08264537817902035	-0.06607086855565007	-0.045223471967296466	-0.03499672359214463	0.3416383337762918	0.3498470948012232	0.3077926967560516	0.3131498470948012	0.9795783150424651	0.9881666911485006	0.9818928339434783	0.9871048602466189	0.02331092738761368	0.018887793442953226	0.04034627350065167	0.03066634776738751
delta	10	answerdotai_ModernBERT-base	delta	raw	all	76	76	14183	186.6184210526316	8.986842105263158	-0.3718380850087851	-0.37342275333749353	-0.21118485025130213	-0.21182767215830653	0.39294034014656526	0.38788788788788786	0.28187600168565063	0.27856427856427857	0.8277873252856017	0.8302952468043506	0.8853531388126132	0.8865389865958773	0.09712973347613522	0.09721323079558228	0.15929546884191662	0.15932853941746902
delta	10	answerdotai_ModernBERT-base	delta	raw	pair_significant	62	62	11448	184.6451612903226	9.5	-0.4050925303768787	-0.4080237716893058	-0.2293436590341791	-0.23064272489189155	0.39890661812816214	0.3938679245283019	0.27435926430021995	0.27087700908455625	0.8069092825912161	0.8090356999882136	0.8713766378086104	0.8722561043680979	0.10467859443336024	0.10493930571747795	0.1738035337797044	0.17430666165608186
delta	10	answerdotai_ModernBERT-base	delta	raw	pair_not_significant	14	14	2735	195.35714285714286	6.714285714285714	-0.21323996094556955	-0.2173500748144256	-0.1245813006714273	-0.12695977472171036	0.3644857836189494	0.3609141055949567	0.317725056908474	0.3132387706855792	0.9273595289049786	0.9261893728686292	0.9520102974470888	0.9509639021764977	0.06112747352629273	0.06236370136064867	0.09010315913862116	0.09176764761776873
delta	11	answerdotai_ModernBERT-base	delta	conditioned-cat-only	all	76	76	1862	24.5	2.9166666666666665	0.5145494014928665	0.37074157573038435	0.3634052241412813	0.2587273923044037	0.9253636133557414	0.9038251366120219	0.9235419357939814	0.9005464480874317	0.2072499180614708	0.2105860803208234	0.45740081466987675	0.46330098474938664	0.6070238092195173	0.5173528009184523	0.654860433935558	0.5975045415735751
delta	11	answerdotai_ModernBERT-base	delta	conditioned-cat-only	pair_significant	62	62	1837	29.629032258064516	2.942857142857143	0.5041338952230008	0.3639892276324889	0.35551544570956717	0.25367142942236154	0.9231019046695519	0.9024930747922437	0.9212250247574353	0.8991689750692521	0.209184060431248	0.21151631384522784	0.4597918780102893	0.46447557284236624	0.5951154398019268	0.5106679366652452	0.6444016592063325	0.5919298122324889
delta	11	answerdotai_ModernBERT-base	delta	conditioned-cat-only	pair_not_significant	14	14	25	1.7857142857142858	2.0	0.8582611083984375	0.8582611083984375	0.6237679123878479	0.6237679123878479	1.0	1.0	1.0	1.0	0.14342321985882323	0.14342321985882323	0.3784957244362633	0.3784957244362633	1.0	1.0	1.0	1.0
delta	11	answerdotai_ModernBERT-base	delta	conditioned-exclude	all	76	76	8568	112.73684210526316	3.084507042253521	-0.07241579306816372	-0.10604683788331543	-0.03275391246813039	-0.054000017486963696	0.48764522200543403	0.4542295870640118	0.46653522280137677	0.4250968862755579	0.769091932070491	0.8223678167423356	0.8442757718740536	0.8774201932923363	0.12760569654505302	0.09320906793851488	0.192456337607694	0.15543057481483294
delta	11	answerdotai_ModernBERT-base	delta	conditioned-exclude	pair_significant	62	62	6422	103.58064516129032	3.169491525423729	-0.07078156976586245	-0.11740116723463154	-0.030763863421538296	-0.05955503366711752	0.5127728939148709	0.48238714090287277	0.49574182893037494	0.4584473324213406	0.7318828843596603	0.7759438468442555	0.8201513366821556	0.8470077270392666	0.1445786589995044	0.11264216371105147	0.2172086851903609	0.18798153327014214
delta	11	answerdotai_ModernBERT-base	delta	conditioned-exclude	pair_not_significant	14	14	2146	153.28571428571428	2.6666666666666665	-0.08167639178120428	-0.06543514488851623	-0.04403085706548558	-0.03413106664810159	0.34525508118529186	0.3535168195718654	0.3010311214037204	0.3058103975535168	0.9799432024318632	0.9884151414909425	0.9809809046281411	0.9861982377253337	0.031425575969828645	0.023701579205919213	0.05219303463924815	0.03900366041321341
delta	11	answerdotai_ModernBERT-base	delta	raw	all	76	76	14183	186.6184210526316	8.986842105263158	-0.36989010517174997	-0.3715419602119502	-0.20989259500056506	-0.2105607659744154	0.39091775520772437	0.3858143858143858	0.2802915572971472	0.27656227656227655	0.8285820265802137	0.8310348767888367	0.8857377205391119	0.886873204568821	0.09804531386340767	0.09815177065626889	0.15545293526540505	0.15491459248496792
delta	11	answerdotai_ModernBERT-base	delta	raw	pair_significant	62	62	11448	184.6451612903226	9.5	-0.4029994590373169	-0.40600830207909616	-0.22824394438535936	-0.22958350640781494	0.3976752937472089	0.3926450034940601	0.2738200494762279	0.269916142557652	0.8078432613182905	0.8099093806334358	0.8720863100806625	0.8729114405440074	0.10709669625422576	0.10749968767654355	0.1693069791429698	0.16908190240872503
delta	11	answerdotai_ModernBERT-base	delta	raw	pair_not_significant	14	14	2735	195.35714285714286	6.714285714285714	-0.21198395596673855	-0.21607675859844055	-0.12237077485769987	-0.12475606444503869	0.3586894944809517	0.3550039401103231	0.3111556715199931	0.3065405831363278	0.927489983983233	0.926324348808943	0.9508444473409464	0.9498496720850008	0.05487718246104435	0.05598669813928507	0.08937980292625	0.09101098176504199
delta	12	answerdotai_ModernBERT-base	delta	conditioned-cat-only	all	76	76	1862	24.5	2.9166666666666665	0.5141237561097917	0.3720219118927753	0.3617251161348951	0.2585519774542114	0.9225001784478427	0.9005464480874317	0.9203543367465935	0.8967213114754098	0.20946414576734623	0.2125525808533349	0.46011658960399193	0.46554993393241323	0.6303824409568284	0.5516863161276406	0.6824613625573389	0.634149237993449
delta	12	answerdotai_ModernBERT-base	delta	conditioned-cat-only	pair_significant	62	62	1837	29.629032258064516	2.942857142857143	0.5036370400903802	0.36526064495568955	0.35374835549825523	0.25347709878814767	0.9201516990068682	0.8991689750692521	0.9179408317995206	0.8952908587257618	0.21152054752099103	0.213535263581261	0.46261511525223653	0.4667671734160765	0.619181908864611	0.5454769853260845	0.6728389796045309	0.6290820529241061
delta	12	answerdotai_ModernBERT-base	delta	conditioned-cat-only	pair_not_significant	14	14	25	1.7857142857142858	2.0	0.8601853847503662	0.8601853847503662	0.6249582171440125	0.6249582171440125	1.0	1.0	1.0	1.0	0.14160288789706915	0.14160288789706915	0.3776652432119223	0.3776652432119223	1.0	1.0	1.0	1.0
delta	12	answerdotai_ModernBERT-base	delta	conditioned-exclude	all	76	76	8568	112.73684210526316	3.084507042253521	-0.070747273528832	-0.10408151800375745	-0.031509424625740697	-0.0523857121425155	0.4844917845849561	0.45275958840037417	0.46607164841347615	0.4258987037284512	0.7697836795160321	0.8229079001114801	0.8448823754945983	0.8778347271685915	0.14303539774431254	0.10187231163722671	0.2072732792070184	0.1640184298892945
delta	12	answerdotai_ModernBERT-base	delta	conditioned-exclude	pair_significant	62	62	6422	103.58064516129032	3.169491525423729	-0.06895619819474899	-0.11513525450792045	-0.029585469527827465	-0.05797161296915859	0.5091668620989248	0.48084815321477425	0.4953854140759719	0.4598153214774282	0.7327087752925026	0.7766466478114208	0.8210604660305215	0.8478806333864132	0.16342986742395058	0.12457543260438779	0.23441472890258336	0.19818229804411233
delta	12	answerdotai_ModernBERT-base	delta	conditioned-exclude	pair_not_significant	14	14	2146	153.28571428571428	2.6666666666666665	-0.0808967004219691	-0.06454497300293467	-0.042411836847249	-0.03240629438458962	0.3446663453391335	0.3522935779816514	0.2999603096593335	0.30458715596330277	0.9798748034493655	0.9883732233229463	0.9798731957910314	0.9849732840115145	0.02746673622636374	0.020668732789546018	0.0534717309321504	0.041822527155731815
delta	12	answerdotai_ModernBERT-base	delta	raw	all	76	76	14183	186.6184210526316	8.986842105263158	-0.3668145879575362	-0.3683781362211837	-0.20762603061894574	-0.2082561956587782	0.3939941850542736	0.3886743886743887	0.28035785525986734	0.27684827684827684	0.8290519036249491	0.8314795475167099	0.8856577715109627	0.8867305294098403	0.09952165000573285	0.09900259633882949	0.15519470132137306	0.1545236808800336
delta	12	answerdotai_ModernBERT-base	delta	raw	pair_significant	62	62	11448	184.6451612903226	9.5	-0.39959465256786997	-0.40248144732340846	-0.2259082659748533	-0.22720611750803613	0.40155685603118907	0.39631376659678547	0.2742240450260413	0.27061495457721874	0.8083255793718939	0.8103603529728103	0.8726254702171019	0.8734265224084182	0.1093410007822922	0.1090313732003775	0.17048632942859837	0.17020906652911158
delta	12	answerdotai_ModernBERT-base	delta	raw	pair_not_significant	14	14	2735	195.35714285714286	6.714285714285714	-0.21047889520055973	-0.21455043507923377	-0.12043383122923282	-0.12277995242382758	0.3579260619335996	0.3542159180457053	0.309611411759653	0.3049645390070922	0.9279005269856742	0.9267405952466412	0.9478118238355304	0.9467400929056176	0.05269090014829591	0.053766411346315025	0.08226539804076002	0.08377257965440553
delta	13	answerdotai_ModernBERT-base	delta	conditioned-cat-only	all	76	76	1862	24.5	2.9166666666666665	0.5107430171440629	0.36588889563486715	0.35940783551674993	0.25430631427338624	0.9207548087465853	0.8972677595628415	0.9191015364319668	0.8939890710382513	0.21102145571856168	0.21442489652422017	0.46133428318548325	0.4673728897807127	0.6315652319443922	0.5552665031379784	0.6786620379706871	0.6308480697731428
delta	13	answerdotai_ModernBERT-base	delta	conditioned-cat-only	pair_significant	62	62	1837	29.629032258064516	2.942857142857143	0.49995367680535174	0.35895118991898534	0.35109413791955874	0.24905072504969267	0.9183534393146635	0.8958448753462603	0.916650067838996	0.8925207756232687	0.21333557651405297	0.21552973623414917	0.46414665177014486	0.46874195861574114	0.6204005420033133	0.5491067594141277	0.6689245239697988	0.6257351621522721
delta	13	answerdotai_ModernBERT-base	delta	conditioned-cat-only	pair_not_significant	14	14	25	1.7857142857142858	2.0	0.8667912483215332	0.8667912483215332	0.6337598562240601	0.6337598562240601	1.0	1.0	1.0	1.0	0.1346554694673494	0.1346554694673494	0.36852611989165257	0.3685261198916525	1.0	1.0	1.0	1.0
delta	13	answerdotai_ModernBERT-base	delta	conditioned-exclude	all	76	76	8568	112.73684210526316	3.084507042253521	-0.07259339309821371	-0.10550186701874752	-0.03288036618420544	-0.05342728616794544	0.4828067939060889	0.45115595349458776	0.4672292456325055	0.4276359748763865	0.7706202908369372	0.8233669638345595	0.8458737011941313	0.878535216856513	0.1446564363506919	0.10313537428861519	0.20579617153107083	0.1605591108914109
delta	13	answerdotai_ModernBERT-base	delta	conditioned-exclude	pair_significant	62	62	6422	103.58064516129032	3.169491525423729	-0.07113464496112154	-0.11702515533069209	-0.03108054592374566	-0.05916697437884608	0.5070857364153314	0.478625170998632	0.4960447135262133	0.46084131326949385	0.7337513945381312	0.7772908134632347	0.8221147937436448	0.8485577910446758	0.16631848522937262	0.12706216938044673	0.2343768638693215	0.1952531182661709
delta	13	answerdotai_ModernBERT-base	delta	conditioned-exclude	pair_not_significant	14	14	2146	153.28571428571428	2.6666666666666665	-0.08085963254173596	-0.06428584864061178	-0.04307934766014417	-0.03289780809005739	0.3452261196870483	0.3529051987767584	0.30394159423482814	0.308868501529052	0.9795440365301703	0.9881702221657568	0.9805075100802207	0.9857572267327364	0.021904826038167617	0.017555008724681957	0.04383891494765012	0.03646702824456287
delta	13	answerdotai_ModernBERT-base	delta	raw	all	76	76	14183	186.6184210526316	8.986842105263158	-0.36728744593138496	-0.36913727873405044	-0.2085747164860368	-0.20938748413470215	0.39312537057295094	0.38753038753038754	0.2809782464895332	0.2776347776347776	0.8298546769055523	0.8322308106164215	0.8867751280419595	0.8877534670872547	0.09352558675905936	0.09385868749374852	0.15048893886926545	0.15057543755199995
delta	13	answerdotai_ModernBERT-base	delta	raw	pair_significant	62	62	11448	184.6451612903226	9.5	-0.40019421780391806	-0.40344188137945264	-0.22716705732408068	-0.22871164911443526	0.400100618704739	0.3944793850454228	0.2744067601421673	0.2709643605870021	0.8091108978508034	0.8110800413997428	0.8737718573224459	0.8744587076216984	0.10271564258828189	0.10342565859700689	0.16575369130883116	0.16642470836725162
delta	13	answerdotai_ModernBERT-base	delta	raw	pair_not_significant	14	14	2735	195.35714285714286	6.714285714285714	-0.21034745700084245	-0.2144016242484064	-0.11990355248921193	-0.12222316550271449	0.35985880255980757	0.3561859732072498	0.3123191813769703	0.30772261623325453	0.9287865462435858	0.927634280274631	0.9487907268581007	0.9477213182935937	0.04969608972738267	0.05070554124075327	0.07768781184979831	0.07908510961937555
delta	14	answerdotai_ModernBERT-base	delta	conditioned-cat-only	all	76	76	1862	24.5	2.9166666666666665	0.504632590639898	0.360530459557665	0.352189129759448	0.24887949110828136	0.9200564387083107	0.8978142076502732	0.918316046415383	0.8945355191256831	0.2209266758946986	0.22306452125508883	0.472434859779207	0.47692684017912806	0.6281989197530279	0.5429444233238065	0.6791822908842977	0.6279726039749287
delta	14	answerdotai_ModernBERT-base	delta	conditioned-cat-only	pair_significant	62	62	1837	29.629032258064516	2.942857142857143	0.4936263942526597	0.3535040521911678	0.3436035107412009	0.24352443478898328	0.9176339065479566	0.896398891966759	0.9158407750946371	0.8930747922437673	0.22360682836568951	0.22431913173851112	0.475710437727973	0.4784862037900588	0.6169322203516046	0.5366140136745519	0.6694605421232158	0.6228198699579608
delta	14	answerdotai_ModernBERT-base	delta	conditioned-cat-only	pair_not_significant	14	14	25	1.7857142857142858	2.0	0.8678370714187622	0.8678370714187622	0.6355145573616028	0.6355145573616028	1.0	1.0	1.0	1.0	0.1324816443519988	0.1324816443519988	0.3643407874699276	0.3643407874699276	1.0	1.0	1.0	1.0
delta	14	answerdotai_ModernBERT-base	delta	conditioned-exclude	all	76	76	8568	112.73684210526316	3.084507042253521	-0.07077275551867691	-0.10323283696256341	-0.03172565818725464	-0.051654805997261494	0.48310827911046894	0.4522250434317787	0.4668565676324936	0.42736870239208874	0.7737033237858866	0.8254382497962915	0.8489391545727931	0.8804297609281849	0.1358323711282233	0.09626028001393534	0.20047080251877658	0.15698739400140413
delta	14	answerdotai_ModernBERT-base	delta	conditioned-exclude	pair_significant	62	62	6422	103.58064516129032	3.169491525423729	-0.06894272233501611	-0.11408050440047568	-0.02964114623975155	-0.05678926288111154	0.50725294709819	0.4796511627906977	0.49590698400180316	0.46101231190150477	0.7373872751549678	0.77993835939571	0.825671130604053	0.8508811462497767	0.15520491070394082	0.11712648718630421	0.22716649594446126	0.18954058857014758
delta	14	answerdotai_ModernBERT-base	delta	conditioned-exclude	pair_not_significant	14	14	2146	153.28571428571428	2.6666666666666665	-0.08114294355942143	-0.06443335122744971	-0.04353789255643884	-0.03329009415826757	0.34628849384671667	0.3541284403669725	0.30223754153974003	0.3070336391437309	0.9794942660277584	0.9881803654309101	0.9807912903956547	0.9861180169767063	0.0260546468658238	0.021626898029829467	0.04919520643989688	0.04055248156225316
delta	14	answerdotai_ModernBERT-base	delta	raw	all	76	76	14183	186.6184210526316	8.986842105263158	-0.3615027999319136	-0.3636531924466173	-0.20495150728772085	-0.20597723407353088	0.3907370213860964	0.38495638495638496	0.28484396323589656	0.28085228085228087	0.8321816822952028	0.8345041867840766	0.8888596772058217	0.8897885178467535	0.08504597407415619	0.08422049636028332	0.14592752593699768	0.14481825988606944
delta	14	answerdotai_ModernBERT-base	delta	raw	pair_significant	62	62	11448	184.6451612903226	9.5	-0.39309973238907275	-0.3966362843788906	-0.22274747448823146	-0.22450528763170186	0.39842805332835673	0.3926450034940601	0.28037943176151187	0.27629280223619845	0.811458302288477	0.8133549971212785	0.875800019126172	0.8764136092527656	0.09230683641302809	0.09148935009220335	0.15957909657368133	0.15867886102010217
delta	14	answerdotai_ModernBERT-base	delta	raw	pair_not_significant	14	14	2735	195.35714285714286	6.714285714285714	-0.21080973744392395	-0.2148783947946614	-0.1200784329468241	-0.12240388610901515	0.3540567151999312	0.35027580772261624	0.3061363441137311	0.30141843971631205	0.9310162638657409	0.9299005316460599	0.951144200354919	0.9501178927813383	0.050417245996459345	0.05143332633545255	0.08082003520819862	0.0822981015793686
delta	15	answerdotai_ModernBERT-base	delta	conditioned-cat-only	all	76	76	1862	24.5	2.9166666666666665	0.5014861770610236	0.35808499388034454	0.34803009148077657	0.2452161546045268	0.919304993544473	0.8956284153005465	0.9174871816037907	0.8918032786885246	0.22464609701502627	0.2265022645560224	0.4770157230368289	0.48120297195582545	0.6305548901416609	0.5597074097496122	0.6764844459677175	0.6288767999106154
delta	15	answerdotai_ModernBERT-base	delta	conditioned-cat-only	pair_significant	62	62	1837	29.629032258064516	2.942857142857143	0.4906034163657089	0.3511247129090694	0.33961721740938217	0.239946919407404	0.916859690318548	0.8941828254847646	0.914986793167542	0.8903047091412742	0.2272141186574193	0.22770172275186681	0.48010556526316445	0.48267322185039696	0.6193595837823173	0.5536091744275847	0.6666809443303755	0.6237365893830616
delta	15	answerdotai_ModernBERT-base	delta	conditioned-cat-only	pair_not_significant	14	14	25	1.7857142857142858	2.0	0.8606172800064087	0.8606172800064087	0.625654935836792	0.625654935836792	1.0	1.0	1.0	1.0	0.1399013828160559	0.1399013828160559	0.37505092956775743	0.37505092956775743	1.0	1.0	1.0	1.0
delta	15	answerdotai_ModernBERT-base	delta	conditioned-exclude	all	76	76	8568	112.73684210526316	3.084507042253521	-0.06901014632967417	-0.10109093465094031	-0.030368636509107698	-0.050243779451330746	0.4836009067742333	0.45182413470533206	0.46613565531061	0.427101429907791	0.7740617393933882	0.8261727657170453	0.8492255982442544	0.8811679403310205	0.145229315973884	0.10541339523761466	0.2111675585524807	0.16823923860840326
delta	15	answerdotai_ModernBERT-base	delta	conditioned-exclude	pair_significant	62	62	6422	103.58064516129032	3.169491525423729	-0.06701841322544222	-0.11151271992446923	-0.02826875779596865	-0.055284770833840154	0.508302031349221	0.47999316005471954	0.49374692198187353	0.4584473324213406	0.7377769561245563	0.7808558891326245	0.8260750375274188	0.8519607987195251	0.16404532621648862	0.1253173043677607	0.23579398558962342	0.19731425296739957
delta	15	answerdotai_ModernBERT-base	delta	conditioned-exclude	pair_not_significant	14	14	2146	153.28571428571428	2.6666666666666665	-0.08029663392032187	-0.06381472652886257	-0.04226794921689563	-0.03221337113028182	0.3436278675159694	0.3510703363914373	0.30967181084011675	0.3149847094801223	0.9796755112501015	0.988260285145604	0.9804121089729887	0.9856348297157455	0.03860525793245792	0.03422192086874969	0.07161780534200539	0.06424493648521648
delta	15	answerdotai_ModernBERT-base	delta	raw	all	76	76	14183	186.6184210526316	8.986842105263158	-0.3598712800008555	-0.3620338975005403	-0.2040556587961813	-0.20515908659927906	0.391413138057624	0.386028886028886	0.2847428908098775	0.28085228085228087	0.832706936717278	0.8350742243565161	0.8888271630592752	0.8899824842136677	0.08405081925410492	0.08413983301008518	0.14481900119368626	0.14487982657994633
delta	15	answerdotai_ModernBERT-base	delta	raw	pair_significant	62	62	11448	184.6451612903226	9.5	-0.3914106484547618	-0.39496268252511024	-0.22209546925319779	-0.22395454510261523	0.39932293429144233	0.3940426275331936	0.2792014850960609	0.2751572327044025	0.8122596186561245	0.814229773571384	0.8759860479905718	0.8768723288194684	0.09290779134342482	0.09333636616821854	0.15958973561010137	0.1602119824060211
delta	15	answerdotai_ModernBERT-base	delta	raw	pair_not_significant	14	14	2735	195.35714285714286	6.714285714285714	-0.20945275352837947	-0.21350405866631003	-0.11801963969348715	-0.12037957164806067	0.3536894944809517	0.34988179669030733	0.3111711334450028	0.3065405831363278	0.9302249151627789	0.9290960023660475	0.9500694041561688	0.9491176532257996	0.041809875443502224	0.04265759833935596	0.07437396013078361	0.07572201732190689
delta	16	answerdotai_ModernBERT-base	delta	conditioned-cat-only	all	76	76	1862	24.5	2.9166666666666665	0.5025726996245794	0.3580673348441048	0.3187729644534342	0.1848832406968774	0.8948744751046717	0.8349726775956284	0.8819506054491095	0.8163934426229508	0.22567930733423547	0.22876851920345811	0.5148293434125149	0.5801603582637382	0.5737157772284655	0.505311260101832	0.6271990024573034	0.591633266021852
delta	16	answerdotai_ModernBERT-base	delta	conditioned-cat-only	pair_significant	62	62	1837	29.629032258064516	2.942857142857143	0.4914180005470178	0.35096746733247036	0.30912431244823063	0.17861876368956056	0.8916888531381467	0.8326869806094183	0.8783733510687795	0.8138504155124654	0.2285811703672571	0.23013764236078407	0.5193790611591753	0.5831447308467164	0.560798073508116	0.49845961550490453	0.6159020025317672	0.585977217074786
delta	16	answerdotai_ModernBERT-base	delta	conditioned-cat-only	pair_not_significant	14	14	25	1.7857142857142858	2.0	0.8706777691841125	0.8706777691841125	0.6371784806251526	0.6371784806251526	1.0	1.0	1.0	1.0	0.1299178272445211	0.1299178272445211	0.36468865777272463	0.36468865777272463	1.0	1.0	1.0	1.0
delta	16	answerdotai_ModernBERT-base	delta	conditioned-exclude	all	76	76	8568	112.73684210526316	3.084507042253521	-0.06865375138149829	-0.1008810370467826	-0.07255152090607832	-0.09762879831506831	0.471056710574578	0.43926232794333825	0.4362316116501049	0.39315782440197783	0.774467121074689	0.826537616026776	0.8826482339230244	0.9265545675600304	0.12636428354786514	0.08927693365564725	0.19061206903264502	0.1495216633564716
delta	16	answerdotai_ModernBERT-base	delta	conditioned-exclude	pair_significant	62	62	6422	103.58064516129032	3.169491525423729	-0.06628524375036267	-0.11077910550821647	-0.06563238291909881	-0.09498373192689469	0.4921569657700179	0.46169630642954856	0.4688991071573184	0.4324555403556772	0.7382572001165909	0.7812698339433797	0.8502416618294694	0.8841696229092572	0.1443890561292452	0.10950307473806041	0.2164705926934236	0.18252122725925551
delta	16	answerdotai_ModernBERT-base	delta	conditioned-exclude	pair_not_significant	14	14	2146	153.28571428571428	2.6666666666666665	-0.08207529462460014	-0.06547803743671204	-0.11175996949896216	-0.10708956176341036	0.35148859780041875	0.35902140672782873	0.25111580377589493	0.25259938837920487	0.9796566731705779	0.988449536285921	1.0662854757865026	1.078155274787995	0.024223905586711104	0.016932913441609264	0.04408043495489975	0.0314901956479209
delta	16	answerdotai_ModernBERT-base	delta	raw	all	76	76	14183	186.6184210526316	8.986842105263158	-0.36140780584265786	-0.36354745216655	-0.2442937094035248	-0.24576492110368764	0.36590998065162017	0.35985985985985985	0.2627211259712897	0.25704275704275703	0.8330300046655643	0.8355290169614276	0.9167406506807187	0.9245367530073773	0.08810609614012964	0.0875503159916215	0.14397211210701405	0.1432762757358704
delta	16	answerdotai_ModernBERT-base	delta	raw	pair_significant	62	62	11448	184.6451612903226	9.5	-0.39289173897686264	-0.39640467749993336	-0.2577802159132496	-0.2594674219010277	0.369446161371633	0.3631201956673655	0.262811483457552	0.25716282320055905	0.8123901107588879	0.8145052424251756	0.8914818238309118	0.8992728095264939	0.09787512303711296	0.0975743557539545	0.15964326138861468	0.15942299250039405
delta	16	answerdotai_ModernBERT-base	delta	raw	pair_not_significant	14	14	2735	195.35714285714286	6.714285714285714	-0.2112536632026044	-0.21534039321596976	-0.1799734475879142	-0.1839578962305794	0.34904511875617406	0.34515366430260047	0.2622901902675773	0.2565011820330969	0.9314664217589436	0.9303596595504782	1.0372058248874898	1.0384932640275324	0.041515352477593886	0.04233549834024709	0.0692327847639956	0.0704442767129126
delta	17	answerdotai_ModernBERT-base	delta	conditioned-cat-only	all	76	76	1862	24.5	2.9166666666666665	0.4896842990351348	0.349194813846697	0.3041799118304077	0.17534994751321853	0.8919275289584568	0.8273224043715847	0.8814011302752055	0.8136612021857923	0.24565084414028948	0.24623329290336346	0.5340255590596601	0.5938381118451268	0.5259176886915758	0.4669742723833487	0.5736436307631407	0.5417526905987531
delta	17	answerdotai_ModernBERT-base	delta	conditioned-cat-only	pair_significant	62	62	1837	29.629032258064516	2.942857142857143	0.47828932915405004	0.3420407488707381	0.29426218495901785	0.16903256591940893	0.8886526055935615	0.8249307479224377	0.8778072251320299	0.8110803324099723	0.24899869357631035	0.24777154055089481	0.5389757164104908	0.5969290778473828	0.511551558045866	0.4595916445770239	0.5607237407862662	0.5354057749560766
delta	17	answerdotai_ModernBERT-base	delta	conditioned-cat-only	pair_not_significant	14	14	25	1.7857142857142858	2.0	0.8657183051109314	0.8657183051109314	0.6314648985862732	0.6314648985862732	1.0	1.0	1.0	1.0	0.1351718127516011	0.1351718127516011	0.3706703664822478	0.3706703664822479	1.0	1.0	1.0	1.0
delta	17	answerdotai_ModernBERT-base	delta	conditioned-exclude	all	76	76	8568	112.73684210526316	3.084507042253521	-0.06340417537430768	-0.0940573715235309	-0.06860420294688083	-0.09233615177280723	0.47058251642364274	0.4385941467325939	0.4412056898093923	0.39943872778297473	0.7805189291934334	0.8309220237969539	0.8858382073316897	0.927941116377211	0.11085977778855209	0.08094174317388123	0.1752555195162695	0.13968935042774763
delta	17	answerdotai_ModernBERT-base	delta	conditioned-exclude	pair_significant	62	62	6422	103.58064516129032	3.169491525423729	-0.06071068834874085	-0.10289827818480769	-0.062152494888697916	-0.09005065946864832	0.4915855281665106	0.46118331053351574	0.4712041416803978	0.43450752393980846	0.7453319295918029	0.7868158787478767	0.8552043829526569	0.8880102688385826	0.12555090381899345	0.09765489175499224	0.19963612433638603	0.17166123955367443
delta	17	answerdotai_ModernBERT-base	delta	conditioned-exclude	pair_not_significant	14	14	2146	153.28571428571428	2.6666666666666665	-0.07866726851918632	-0.062435584272676654	-0.1051638819432507	-0.1005108055922086	0.3515654498807251	0.3577981651376147	0.2712144625403612	0.27400611620795107	0.9799119269360053	0.9886790490244793	1.0594298788128762	1.0707641111208794	0.02761006361605097	0.021162848432390576	0.03709875886894233	0.025333627119845614
delta	17	answerdotai_ModernBERT-base	delta	raw	all	76	76	14183	186.6184210526316	8.986842105263158	-0.3485223934178551	-0.35091983236867363	-0.23365439527668058	-0.23514163074548822	0.3642689690707956	0.3582868582868583	0.2680736436316269	0.2619047619047619	0.8375798288571581	0.8399757744226938	0.9179525257368074	0.925537181720824	0.08401049817904066	0.08241900790154691	0.14003677693927885	0.1394685892020309
delta	17	answerdotai_ModernBERT-base	delta	raw	pair_significant	62	62	11448	184.6451612903226	9.5	-0.3786381734535098	-0.38240746355122235	-0.24678653688921082	-0.24851756561632124	0.36721588921700443	0.3609364081062194	0.2673419037915229	0.2610062893081761	0.8176031826117082	0.8196194339218305	0.8940674720496853	0.9017142981221723	0.09387053321667338	0.09233199973018939	0.15386217648110467	0.15367128980453518
delta	17	answerdotai_ModernBERT-base	delta	raw	pair_not_significant	14	14	2735	195.35714285714286	6.714285714285714	-0.20489328863242498	-0.20889051724739013	-0.17102418143230563	-0.17480762664726263	0.3502144268350298	0.3463356973995272	0.271563479792123	0.26595744680851063	0.932853064796996	0.9317958634904171	1.0318658587061604	1.032993592846656	0.036985715691869175	0.037705087312776574	0.07410025604749428	0.0754053439311605
delta	18	answerdotai_ModernBERT-base	delta	conditioned-cat-only	all	76	76	1862	24.5	2.9166666666666665	0.4919891722829026	0.35462766682342345	0.30695462434360865	0.1823429461125834	0.8961115032551713	0.839344262295082	0.8850605393220009	0.8234972677595629	0.24869147360821905	0.2492562073685046	0.5348649196467788	0.5893196134434983	0.5770293142764961	0.5058798288716742	0.6260958218568625	0.584904037617115
delta	18	answerdotai_ModernBERT-base	delta	conditioned-cat-only	pair_significant	62	62	1837	29.629032258064516	2.942857142857143	0.4808719480466662	0.34764387312182676	0.2973766149600234	0.1762392620697948	0.8929633669901765	0.8371191135734072	0.8815775253620615	0.8210526315789474	0.25193455074648086	0.25074632204056724	0.5396187036774148	0.5922466157538543	0.5642120207697232	0.4990360591884564	0.6147653922161614	0.5791547860605653
delta	18	answerdotai_ModernBERT-base	delta	conditioned-cat-only	pair_not_significant	14	14	25	1.7857142857142858	2.0	0.8588575720787048	0.8588575720787048	0.6230289340019226	0.6230289340019226	1.0	1.0	1.0	1.0	0.14166992804557735	0.14166992804557735	0.37799004663578945	0.3779900466357894	1.0	1.0	1.0	1.0
delta	18	answerdotai_ModernBERT-base	delta	conditioned-exclude	all	76	76	8568	112.73684210526316	3.084507042253521	-0.06092232370962544	-0.0918183445407491	-0.06433191240454714	-0.08742200898384103	0.4760255613881986	0.4444741413871442	0.4482426644917504	0.40839235600694906	0.7819880894496858	0.8318147943659565	0.8841724216208834	0.9244013611084493	0.12728758713555904	0.09132812269983015	0.19406532201485008	0.15274043675649457
delta	18	answerdotai_ModernBERT-base	delta	conditioned-exclude	pair_significant	62	62	6422	103.58064516129032	3.169491525423729	-0.058021403199710025	-0.1002905062233204	-0.05866669914365618	-0.08620085621896205	0.4975762798302375	0.4676812585499316	0.47372132769490494	0.4363885088919289	0.7470534422639544	0.7879761494502691	0.8550303373720431	0.8864638617021453	0.1447353398130252	0.11090705638674345	0.22035084823005138	0.18640979807139407
delta	18	answerdotai_ModernBERT-base	delta	conditioned-exclude	pair_not_significant	14	14	2146	153.28571428571428	2.6666666666666665	-0.0773608732658128	-0.061515468993546034	-0.09643478754959586	-0.09178977740525528	0.3539048235499779	0.3614678899082569	0.30386357300720757	0.30825688073394497	0.97995109016883	0.988615036241761	1.0493108990309774	1.060094631156196	0.028416988629917674	0.02129900698052199	0.04511400679537622	0.03231326552130662
delta	18	answerdotai_ModernBERT-base	delta	raw	all	76	76	14183	186.6184210526316	8.986842105263158	-0.3437597702195247	-0.3459510022293095	-0.22675087738782168	-0.22795297591907732	0.3698047631884106	0.364006864006864	0.2745085795892978	0.26855426855426856	0.8388445677278489	0.8411498199064666	0.9147482765639533	0.9220634598933216	0.09379595193178307	0.09224611353443235	0.14738680050094047	0.14724018542010087
delta	18	answerdotai_ModernBERT-base	delta	raw	pair_significant	62	62	11448	184.6451612903226	9.5	-0.3739240047777252	-0.3774655893200388	-0.2407123947576169	-0.242172989391466	0.37302450708095364	0.3669636617749825	0.2729369288497363	0.2667714884696017	0.8187353880851845	0.8206270776555792	0.8922835070348081	0.8997036148283989	0.10404195516601156	0.10253867729112821	0.16303182412008865	0.16346537504223752
delta	18	answerdotai_ModernBERT-base	delta	raw	pair_not_significant	14	14	2735	195.35714285714286	6.714285714285714	-0.19989957463426086	-0.2038000987562328	-0.16016517916264442	-0.1638116385542602	0.35444906154705147	0.35066981875492514	0.2820041446548984	0.2765957446808511	0.9347498860236324	0.9337204870806827	1.0218879466260309	1.022920633377654	0.0449303980454626	0.04582008127018713	0.07277207247115677	0.07405422372025029
delta	19	answerdotai_ModernBERT-base	delta	conditioned-cat-only	all	76	76	1862	24.5	2.9166666666666665	0.4904438508263625	0.35468842669547906	0.3093215743805665	0.18836294334099368	0.8963205980208798	0.8404371584699454	0.8834961074646228	0.8240437158469945	0.24887575578583898	0.24785401665612536	0.5298639034112091	0.5775264519034544	0.5416884215182729	0.4895969912503504	0.591524892526268	0.5688585113885899
delta	19	answerdotai_ModernBERT-base	delta	conditioned-cat-only	pair_significant	62	62	1837	29.629032258064516	2.942857142857143	0.4792115080001002	0.347674261357563	0.2996962783420741	0.18228824250567757	0.8931787979609065	0.8382271468144045	0.8799656864787023	0.821606648199446	0.25225134257313786	0.24938272337151526	0.5347141847845273	0.5804034856127581	0.5278001918673116	0.48252769750035523	0.579146858966458	0.562887022626659
delta	19	answerdotai_ModernBERT-base	delta	conditioned-cat-only	pair_not_significant	14	14	25	1.7857142857142858	2.0	0.8611111640930176	0.8611111640930176	0.6269563436508179	0.6269563436508179	1.0	1.0	1.0	1.0	0.13748139180497607	0.13748139180497607	0.36980461809171716	0.36980461809171716	1.0	1.0	1.0	1.0
delta	19	answerdotai_ModernBERT-base	delta	conditioned-exclude	all	76	76	8568	112.73684210526316	3.084507042253521	-0.05941443506259626	-0.09011073086730027	-0.0585659783158917	-0.08058953207726344	0.47769961282123063	0.4462114125350795	0.4477803732258258	0.4078578110383536	0.7815596713644565	0.8315170986906769	0.8804151651912171	0.9192752214318681	0.12813978317655114	0.09389833250510929	0.19192770596068168	0.15334234636534327
delta	19	answerdotai_ModernBERT-base	delta	conditioned-exclude	pair_significant	62	62	6422	103.58064516129032	3.169491525423729	-0.0560696745101892	-0.0978056870742368	-0.05286662583467642	-0.07904617561000493	0.5006447079024097	0.47178522571819426	0.4754577566572742	0.4396374829001368	0.7465557358458689	0.7875858403535198	0.8518838440504197	0.8820170721922714	0.14383846610089365	0.11200012008832622	0.21595041139837806	0.18456932171618773
delta	19	answerdotai_ModernBERT-base	delta	conditioned-exclude	pair_not_significant	14	14	2146	153.28571428571428	2.6666666666666665	-0.07836807819290294	-0.06258773154120562	-0.09086230904277828	-0.08610974530082777	0.34767740736121616	0.3547400611620795	0.29094186711428516	0.2941896024464832	0.979915305969787	0.9886485964005819	1.0420926516557354	1.0525386200576545	0.03918057993861021	0.029152611534679625	0.05579904181373512	0.04165099966703231
delta	19	answerdotai_ModernBERT-base	delta	raw	all	76	76	14183	186.6184210526316	8.986842105263158	-0.3425496712823709	-0.34463360303144297	-0.22233250518019002	-0.22339676938411374	0.3700551601771129	0.3645073645073645	0.27585514630340097	0.26998426998427	0.838963043771645	0.8412597865720934	0.9115215646648959	0.9185342387789867	0.08962836708405147	0.08922375115087404	0.14833041806591962	0.1483955347360405
delta	19	answerdotai_ModernBERT-base	delta	raw	pair_significant	62	62	11448	184.6451612903226	9.5	-0.3720675348754852	-0.3754391002050288	-0.2362141646294584	-0.23753202061792333	0.3736487715530221	0.36792452830188677	0.27400861860561165	0.26790705800139764	0.8186496514039671	0.8205199895394776	0.889756167781123	0.896892697436366	0.09918395028976715	0.09903871457192268	0.16219341800411352	0.16273355689834343
delta	19	answerdotai_ModernBERT-base	delta	raw	pair_not_significant	14	14	2735	195.35714285714286	6.714285714285714	-0.20177216799213335	-0.20568114769526877	-0.15612766780675605	-0.15963776381884484	0.35291639823046855	0.3490937746256895	0.2846616630159344	0.2793538219070134	0.9358422996790322	0.9348095093575098	1.015325765187503	1.016151403983999	0.04405558564140754	0.044952001251675984	0.082214572206841	0.08372190285501442
delta	20	answerdotai_ModernBERT-base	delta	conditioned-cat-only	all	76	76	1862	24.5	2.9166666666666665	0.4862607122700223	0.3547893121909818	0.3018745557432446	0.18524629078612057	0.9024959930566259	0.846448087431694	0.8880555845344585	0.8284153005464481	0.2654929238085975	0.2656203416252027	0.5438532688601225	0.589051033850771	0.5340922423994111	0.47647084834005676	0.5840994340629291	0.5606128279752131
delta	20	answerdotai_ModernBERT-base	delta	conditioned-cat-only	pair_significant	62	62	1837	29.629032258064516	2.942857142857143	0.47537217550261907	0.34799162363968894	0.2926084838214923	0.17939575562857277	0.899541326179554	0.8443213296398892	0.8846633295203512	0.8260387811634349	0.2689176934163545	0.267187444324269	0.5485483548175835	0.5918229950915862	0.5199738255024237	0.46921975205667804	0.5714963866102907	0.5545271330718227
delta	20	answerdotai_ModernBERT-base	delta	conditioned-cat-only	pair_not_significant	14	14	25	1.7857142857142858	2.0	0.8455824255943298	0.8455824255943298	0.6076549291610718	0.6076549291610718	1.0	1.0	1.0	1.0	0.15247552675261644	0.15247552675261644	0.38891543226390995	0.38891543226390995	1.0	1.0	1.0	1.0
delta	20	answerdotai_ModernBERT-base	delta	conditioned-exclude	all	76	76	8568	112.73684210526316	3.084507042253521	-0.05337010952158986	-0.08368313525969757	-0.0536791937580953	-0.07456297543588476	0.48191686710790904	0.4494186823466524	0.45172585901247	0.41173326206067085	0.7875410569009883	0.8359730748734483	0.8832883506096812	0.9204478528698196	0.13076209409831568	0.09617918216779747	0.1971960262951234	0.16002418431598447
delta	20	answerdotai_ModernBERT-base	delta	conditioned-exclude	pair_significant	62	62	6422	103.58064516129032	3.169491525423729	-0.04959097127863845	-0.09040824539928814	-0.047933928038486666	-0.07254859255450821	0.5054227733821706	0.4758891928864569	0.4806969994445104	0.44562243502051985	0.753521713824706	0.7932409189327789	0.8556495497081251	0.8842529881428093	0.1466050896115773	0.11433580330823843	0.22033397721892384	0.1904123180631993
delta	20	answerdotai_ModernBERT-base	delta	conditioned-exclude	pair_not_significant	14	14	2146	153.28571428571428	2.6666666666666665	-0.07478522623164786	-0.059629041011180356	-0.08623569950254427	-0.08176793634737714	0.3487167315537602	0.3547400611620795	0.2875560632309075	0.290519877675841	0.9803173343332552	0.9888156730025206	1.039908222385165	1.0499081396732186	0.04098511952316638	0.03123733481042823	0.06608097106025426	0.05133317137793405
delta	20	answerdotai_ModernBERT-base	delta	raw	all	76	76	14183	186.6184210526316	8.986842105263158	-0.32779574575833975	-0.3297319318892094	-0.21241580607990423	-0.21329865246959512	0.3732027738651471	0.36765336765336765	0.28467241957308914	0.27856427856427857	0.843443871339288	0.8456663649872602	0.9125082503808676	0.9193585084261017	0.0890682356991774	0.08876974510857502	0.15346549549414612	0.1534310185566893
delta	20	answerdotai_ModernBERT-base	delta	raw	pair_significant	62	62	11448	184.6451612903226	9.5	-0.35626608519364267	-0.3594342246881877	-0.22621933405377692	-0.2273302039673004	0.3775390401779136	0.3718553459119497	0.2831440379239855	0.27672955974842767	0.8235265939564372	0.8253177240963523	0.8916395755186247	0.8986149415152208	0.0979816309847478	0.09792363157302193	0.16851388377417317	0.16900666157627509
delta	20	answerdotai_ModernBERT-base	delta	raw	pair_not_significant	14	14	2735	195.35714285714286	6.714285714285714	-0.1920141269130489	-0.19575563245552016	-0.146583595742973	-0.15000739890547768	0.35252211914272213	0.3486997635933806	0.29196162436112183	0.2868400315208826	0.9384339634728841	0.9374517238994409	1.0120357766469508	1.0129252357687986	0.046558196644918545	0.047479874247665595	0.08169625908170948	0.08317492663855768
delta	21	answerdotai_ModernBERT-base	delta	conditioned-cat-only	all	76	76	1862	24.5	2.9166666666666665	0.4814570743234499	0.3486159445326063	0.29897581551717045	0.1846365046005472	0.9022989293398027	0.8469945355191257	0.8885973250490711	0.8295081967213115	0.2691181940949323	0.26767147549743	0.5457578351103723	0.5845277903381246	0.5053831605240312	0.4700205529341784	0.548295557746645	0.545258581177205
delta	21	answerdotai_ModernBERT-base	delta	conditioned-cat-only	pair_significant	62	62	1837	29.629032258064516	2.942857142857143	0.47074904991313815	0.34188179030364324	0.28996520948060084	0.1789344365932976	0.8993382908349483	0.8448753462603878	0.8852214864141944	0.8271468144044322	0.27235136420830325	0.26912920257698314	0.5501566427828373	0.5870753056901897	0.49039477144900184	0.4626801173792501	0.5346075443450282	0.5389602235757813
delta	21	answerdotai_ModernBERT-base	delta	conditioned-cat-only	pair_not_significant	14	14	25	1.7857142857142858	2.0	0.834821879863739	0.834821879863739	0.5963258147239685	0.5963258147239685	1.0	1.0	1.0	1.0	0.16242358035369264	0.16242358035369264	0.4005971819190288	0.4005971819190288	1.0	1.0	1.0	1.0
delta	21	answerdotai_ModernBERT-base	delta	conditioned-exclude	all	76	76	8568	112.73684210526316	3.084507042253521	-0.05473424655938288	-0.08473422630713079	-0.052917172625893724	-0.0728607571320841	0.4816943386049754	0.4474141387144194	0.45214264917989233	0.4120005345449686	0.7892594455773341	0.8367761684316121	0.8829015935861894	0.9183925968603511	0.12601859945825356	0.09155241487366801	0.18832603524897493	0.1522367913037988
delta	21	answerdotai_ModernBERT-base	delta	conditioned-exclude	pair_significant	62	62	6422	103.58064516129032	3.169491525423729	-0.05148058184068741	-0.09211672422846559	-0.04770031259349529	-0.07140141316693055	0.5073195093435349	0.47708618331053354	0.48068236401780323	0.445109439124487	0.7554997384406393	0.7942282945751615	0.8556472800225843	0.8824155790081161	0.1424450131433933	0.10987422962178234	0.2132467332448995	0.18462875078244254
delta	21	answerdotai_ModernBERT-base	delta	conditioned-exclude	pair_not_significant	14	14	2146	153.28571428571428	2.6666666666666665	-0.07317167996532387	-0.058328814781769336	-0.08247937947615153	-0.07808047793221742	0.3364850377531383	0.3412844036697248	0.2904175984317308	0.29357798165137616	0.9805644526852705	0.9889596340661821	1.0373427037799512	1.0470736980223512	0.03293558857579486	0.02601970989081015	0.04710874660540265	0.036378577829114626
delta	21	answerdotai_ModernBERT-base	delta	raw	all	76	76	14183	186.6184210526316	8.986842105263158	-0.3248745749425143	-0.3271418375375761	-0.20942306193212668	-0.21038600211771546	0.3701726623856864	0.36479336479336477	0.2873484095409713	0.2803517803517804	0.8449991696685736	0.8471174999693051	0.9110293992021398	0.9176670403206332	0.09051141587575802	0.0893518010189126	0.1514466774196834	0.15046859514577038
delta	21	answerdotai_ModernBERT-base	delta	raw	pair_significant	62	62	11448	184.6451612903226	9.5	-0.35387267545616674	-0.35750978875538053	-0.22395415427613882	-0.22522676641788272	0.376056270374789	0.37071977638015374	0.2882355560201632	0.2809224318658281	0.824933982332495	0.8265839591396067	0.8906797368701828	0.8974280662504965	0.09830076335151768	0.09709631773331819	0.16568368132665362	0.16497241481360872
delta	21	answerdotai_ModernBERT-base	delta	raw	pair_not_significant	14	14	2735	195.35714285714286	6.714285714285714	-0.18657594172355646	-0.1901629937466284	-0.14012092921453026	-0.14344468229568444	0.3421123781299661	0.3380614657210402	0.28311740325559415	0.2777777777777778	0.9406946785021787	0.9397368756266692	1.0080816349391652	1.0089577318710368	0.05336222022213506	0.054419087328402276	0.08354712032490223	0.08504711068658473
delta	22	answerdotai_ModernBERT-base	delta	conditioned-cat-only	all	76	76	1862	24.5	2.9166666666666665	0.4844894342822954	0.35493670365457614	0.30317308453788216	0.18989908251010615	0.9043459597879719	0.8502732240437159	0.8893770280534423	0.8316939890710382	0.26975167708775	0.2696537101297803	0.5432756196428125	0.5809779550978633	0.5304032860095192	0.4660412198215558	0.5855189130539707	0.5534176819388579
delta	22	answerdotai_ModernBERT-base	delta	conditioned-cat-only	pair_significant	62	62	1837	29.629032258064516	2.942857142857143	0.4739593343569361	0.3483294179459255	0.29443524288239353	0.1843364401741103	0.9014473525088196	0.8481994459833795	0.8860248167823345	0.8293628808864266	0.27285042037849616	0.2710686763574348	0.5473598872139603	0.5833669186062141	0.5481596145417942	0.47326555189049074	0.6043980593143261	0.5616020392169273
delta	22	answerdotai_ModernBERT-base	delta	conditioned-cat-only	pair_not_significant	14	14	25	1.7857142857142858	2.0	0.8319827318191528	0.8319827318191528	0.5915218591690063	0.5915218591690063	1.0	1.0	1.0	1.0	0.16749314849312413	0.16749314849312413	0.4084947897949302	0.4084947897949302	-0.05555555555555555	-0.05555555555555555	-0.03749291353775813	-0.03749291353775813
delta	22	answerdotai_ModernBERT-base	delta	conditioned-exclude	all	76	76	8568	112.73684210526316	3.084507042253521	-0.053890664231342575	-0.08327592145845734	-0.05159267340398704	-0.07105925037324842	0.48220698441771515	0.44848322865161033	0.45704524043004585	0.41988507283175197	0.7898539605537882	0.8374104016169804	0.8829456476698269	0.9182456312336761	0.12072040890312534	0.08847164202803531	0.1872051911348444	0.15083126644005124
delta	22	answerdotai_ModernBERT-base	delta	conditioned-exclude	pair_significant	62	62	6422	103.58064516129032	3.169491525423729	-0.05045286777849291	-0.09019846852952244	-0.04646575515268042	-0.0697144677537008	0.5066074327762548	0.4758891928864569	0.4789820706918208	0.4423734610123119	0.7561312747490164	0.7949666286681284	0.855954546801307	0.8827240291768829	0.1357791905165407	0.10523157198527634	0.2110809969362947	0.18145976562509814
delta	22	answerdotai_ModernBERT-base	delta	conditioned-exclude	pair_not_significant	14	14	2146	153.28571428571428	2.6666666666666665	-0.07337151079749067	-0.058515643004886236	-0.08064521016139123	-0.07586921291704936	0.3439377770526578	0.3504587155963303	0.3327365356133211	0.3394495412844037	0.980949180114162	0.9892215234548318	1.0358952192581068	1.0452978201193808	0.03538731309377152	0.028525421606050323	0.05190895825995941	0.04128052440081309
delta	22	answerdotai_ModernBERT-base	delta	raw	all	76	76	14183	186.6184210526316	8.986842105263158	-0.32657934848219156	-0.3287023694432785	-0.2095327833853662	-0.21053124916945257	0.3737602453080204	0.3682968682968683	0.28966427499665465	0.2830687830687831	0.844782048002116	0.8468675142142241	0.9104823010269384	0.9168549496679476	0.09167830669280648	0.09175977907966926	0.15563698318349195	0.1556988635931661
delta	22	answerdotai_ModernBERT-base	delta	raw	pair_significant	62	62	11448	184.6451612903226	9.5	-0.3558373545566874	-0.35930920797963134	-0.22412569604573712	-0.22545502242530682	0.3785327394229195	0.37299091544374563	0.28343731415973805	0.27603074772886094	0.8250790041519487	0.8267122663604753	0.8907770053468267	0.8972638710098569	0.10102130617856139	0.10144870337738593	0.16964601994295236	0.17016802084994664
delta	22	answerdotai_ModernBERT-base	delta	raw	pair_not_significant	14	14	2735	195.35714285714286	6.714285714285714	-0.1870411656653652	-0.1906459913644103	-0.139935815312828	-0.14321550597283342	0.3509991195292702	0.347123719464145	0.31936208821887213	0.3148148148148148	0.9387504109798365	0.9377805470864529	1.0044614035013164	1.0052232193597608	0.04711938606843692	0.048056546077202694	0.08882465402298864	0.09043372873279441
orig	0	answerdotai_ModernBERT-base	orig	conditioned-cat-only	all	76	76	1862	24.5	2.9166666666666665	0.5747795617207885	0.3889868557941718	0.578720739781312	0.39125682536317224	0.7373630486711522	0.6131147540983607	0.6888812443399412	0.5202185792349727	5.075512732205393e-07	5.592400118753197e-07	3.7882241435508424e-08	3.2002332328808764e-08	0.8052558342792373	0.7427967978066081	0.8360413354259238	0.774857893138091
orig	0	answerdotai_ModernBERT-base	orig	conditioned-cat-only	pair_significant	62	62	1837	29.629032258064516	2.942857142857143	0.5618940938941457	0.3805240698633432	0.565954701592867	0.3828254794540749	0.7294043531763388	0.6077562326869806	0.6794534032593332	0.5135734072022161	5.213374024198038e-07	5.662570617677089e-07	3.819394747159553e-08	3.206336266238459e-08	0.7993544959240626	0.739234426585093	0.8310728910448913	0.7717395814087018
orig	0	answerdotai_ModernBERT-base	orig	conditioned-cat-only	pair_not_significant	14	14	25	1.7857142857142858	2.0	1.0	1.0	1.0	1.0	1.0	1.0	1.0	1.0	5.260900964481329e-08	5.260900964481329e-08	2.759594224463384e-08	2.759594224463384e-08	1.0	1.0	1.0	1.0
orig	0	answerdotai_ModernBERT-base	orig	conditioned-exclude	all	76	76	8568	112.73684210526316	3.084507042253521	-0.13895562196412356	-0.177085656226202	-0.1389557325356514	-0.17708580539624919	0.3759419923589365	0.3537351329680609	0.3538794860893339	0.3310169718027529	0.6954422907586508	0.7700413509135251	0.6954420796334709	0.7700412237675035	0.17719127633218887	0.13693623950824726	0.2265614605472826	0.17864328554330777
orig	0	answerdotai_ModernBERT-base	orig	conditioned-exclude	pair_significant	62	62	6422	103.58064516129032	3.169491525423729	-0.14309802180208614	-0.20067815314385037	-0.14309814401564772	-0.20067833477229582	0.3886416392420233	0.36627906976744184	0.36268574951307897	0.3372093023255814	0.6461443037411685	0.7096701516464627	0.6461440560643467	0.7096699897241392	0.20717257464663305	0.1740730574431024	0.2642856310777511	0.22670320036079844
orig	0	answerdotai_ModernBERT-base	orig	conditioned-exclude	pair_not_significant	14	14	2146	153.28571428571428	2.6666666666666665	-0.11548202288233572	-0.09270099446815452	-0.11548206748233901	-0.09270102754235268	0.3039773266881114	0.308868501529052	0.3039773266881114	0.308868501529052	0.9747975505243848	0.9859745456008524	0.9747975465251754	0.9859745428412617	0.007297252550338715	0.004106813647065205	0.012791160874627604	0.006744581046252324
orig	0	answerdotai_ModernBERT-base	orig	raw	all	76	76	14183	186.6184210526316	8.986842105263158	-0.576092400153478	-0.5796814514549142	-0.576093011436363	-0.5796820708474201	0.15114092909460802	0.14786214786214785	0.14023493547689686	0.13692263692263693	0.7768266138319602	0.7801432337718197	0.7768265027480817	0.7801431236112844	0.09554972035988775	0.09470012183362607	0.11391015560142097	0.1125987319077841
orig	0	answerdotai_ModernBERT-base	orig	raw	pair_significant	62	62	11448	184.6451612903226	9.5	-0.6347863489701864	-0.6413390739472058	-0.6347870380888062	-0.6413397779349813	0.12528883486098252	0.12098183088749126	0.11314975601965174	0.10875262054507337	0.7504618854609464	0.7533684067464834	0.7504617782587448	0.7533683021931017	0.11074915500996738	0.11049578374790646	0.12935195267799454	0.12851140982291548
orig	0	answerdotai_ModernBERT-base	orig	raw	pair_not_significant	14	14	2735	195.35714285714286	6.714285714285714	-0.2961674134891767	-0.3015662180854285	-0.29616765355548036	-0.3015664558992717	0.2744355323626681	0.2691095350669819	0.2694104067345273	0.2639873916469661	0.9025660876014097	0.9009147939712088	0.9025659580049195	0.9009146585188317	0.02306010895181565	0.023451604262829398	0.040264661851608534	0.04082239748208509
orig	1	answerdotai_ModernBERT-base	orig	conditioned-cat-only	all	76	76	1862	24.5	2.9166666666666665	0.5382587350494064	0.3840293842128636	0.4035382927806281	0.28536541280692923	0.9064404152774501	0.8721311475409836	0.9056887235677655	0.8721311475409836	0.1471360439552567	0.1438591326658834	0.3815752684271713	0.37937039526861377	0.6057796215561881	0.5179013033527948	0.6611122794395206	0.6118657930418469
orig	1	answerdotai_ModernBERT-base	orig	conditioned-cat-only	pair_significant	62	62	1837	29.629032258064516	2.942857142857143	0.5274347664760144	0.37694600036579323	0.39576362746513705	0.280175151929022	0.9036052763464636	0.8703601108033241	0.902830806100122	0.8703601108033241	0.1482978772336022	0.14434477791375078	0.38225047596895684	0.3796484697245745	0.5938335494821331	0.511224036086213	0.6508429545740515	0.6064899730008751
orig	1	answerdotai_ModernBERT-base	orig	conditioned-cat-only	pair_not_significant	14	14	25	1.7857142857142858	2.0	0.895449697971344	0.895449697971344	0.6601022481918335	0.6601022481918335	1.0	1.0	1.0	1.0	0.10879554576985612	0.10879554576985612	0.3592934195482484	0.35929341954824845	1.0	1.0	1.0	1.0
orig	1	answerdotai_ModernBERT-base	orig	conditioned-exclude	all	76	76	8568	112.73684210526316	3.084507042253521	-0.0834945463342592	-0.11756152189618616	-0.043364478189929896	-0.06581076090609539	0.4697154679599682	0.43632233061606307	0.46922590994501623	0.43632233061606307	0.7423913541600174	0.8006036167140463	0.821562003028938	0.859084627726972	0.13862598426281056	0.09907087338587706	0.1992349937360872	0.15650997646046058
orig	1	answerdotai_ModernBERT-base	orig	conditioned-exclude	pair_significant	62	62	6422	103.58064516129032	3.169491525423729	-0.0828648688289903	-0.1314843227113304	-0.04121156110826026	-0.0723327723836779	0.48996806727549036	0.4567373461012312	0.4893825561384859	0.4567373461012312	0.7028142001508514	0.7516317827973236	0.7941377354024457	0.824605150838404	0.1593473299637453	0.12273251463207824	0.22735546281027502	0.19183464934897723
orig	1	answerdotai_ModernBERT-base	orig	conditioned-exclude	pair_not_significant	14	14	2146	153.28571428571428	2.6666666666666665	-0.0870627188641164	-0.06776302699284452	-0.055564341652724475	-0.04248310150493176	0.35495073850534253	0.363302752293578	0.35500491484868746	0.363302752293578	0.9666618935452923	0.9757640355183245	0.9769661862457283	0.9824093866531779	0.021205025290847147	0.014438899069189222	0.03988566898235609	0.030162155633521353
orig	1	answerdotai_ModernBERT-base	orig	raw	all	76	76	14183	186.6184210526316	8.986842105263158	-0.4279750058924158	-0.4305995821299043	-0.2597552469993631	-0.2613000022110259	0.2619327832772536	0.2594022594022594	0.25776027095412307	0.2553267553267553	0.8065288953656268	0.8089739191265948	0.8657144434329627	0.8670099770721257	0.07944314851061836	0.07987301058233516	0.12461944918316632	0.12475129690414778
orig	1	answerdotai_ModernBERT-base	orig	raw	pair_significant	62	62	11448	184.6451612903226	9.5	-0.4682515961899152	-0.4727763917848206	-0.282658826920294	-0.2852325016550673	0.24942389918874924	0.24659329140461217	0.24494385814297817	0.24222571628232006	0.7830882352774341	0.7850439565885051	0.8483943057466281	0.849233369243662	0.08561522867758997	0.08628130704111021	0.1361236822925278	0.13667740201378262
orig	1	answerdotai_ModernBERT-base	orig	raw	pair_not_significant	14	14	2735	195.35714285714286	6.714285714285714	-0.23588665216588056	-0.24035524921836676	-0.1505227889149235	-0.15334915365492433	0.32159053816088995	0.31717888100866826	0.31888470128419877	0.3144208037825059	0.9183228127093143	0.9169133246175517	0.9483181770139424	0.947193825149452	0.050007073868138366	0.05096750315126464	0.06975310666159623	0.07095695045217794
orig	2	answerdotai_ModernBERT-base	orig	conditioned-cat-only	all	76	76	1862	24.5	2.9166666666666665	0.4871303535011761	0.3555306530002851	0.3344714427092934	0.2435155145991899	0.9129899438671112	0.8879781420765027	0.9139851260978776	0.8879781420765027	0.2629335330022918	0.25306420783158323	0.5032972031453121	0.4923598647064379	0.6039800043336319	0.5231170150484479	0.6656308769033351	0.6221340954415391
orig	2	answerdotai_ModernBERT-base	orig	conditioned-cat-only	pair_significant	62	62	1837	29.629032258064516	2.942857142857143	0.47747618947742565	0.34929537442293523	0.32795465492050757	0.23927714998506194	0.9103532754994479	0.8864265927977839	0.9113786147675101	0.8864265927977839	0.2646092682504503	0.2536934313498453	0.5042231626239291	0.4926316005008352	0.5919793984043479	0.5165119875560441	0.6554984792337392	0.6169004956554108
orig	2	answerdotai_ModernBERT-base	orig	conditioned-cat-only	pair_not_significant	14	14	25	1.7857142857142858	2.0	0.8057177662849426	0.8057177662849426	0.5495254397392273	0.5495254397392273	1.0	1.0	1.0	1.0	0.20763426981306007	0.20763426981306007	0.47274054035094987	0.47274054035094987	1.0	1.0	1.0	1.0
orig	2	answerdotai_ModernBERT-base	orig	conditioned-exclude	all	76	76	8568	112.73684210526316	3.084507042253521	-0.045332113851327446	-0.0757539348426826	-0.015979962369116644	-0.03447882097429649	0.5028788809108232	0.4702659361218762	0.5027608545770993	0.4709341173326206	0.7693436951014496	0.8166582015708758	0.8486162504395354	0.8777262228362287	0.14728316018072457	0.10493830839468503	0.2129682157519913	0.16753186163915756
orig	2	answerdotai_ModernBERT-base	orig	conditioned-exclude	pair_significant	62	62	6422	103.58064516129032	3.169491525423729	-0.04325845062860525	-0.08570778661463428	-0.01334823562087966	-0.03839982713096668	0.5181456924444059	0.48221614227086185	0.5168811224516725	0.48119015047879615	0.7362333110922361	0.7752396205476757	0.8271815010887198	0.8506937726944558	0.1691792542218807	0.12967187073870112	0.24177910012373804	0.2035799396538671
orig	2	answerdotai_ModernBERT-base	orig	conditioned-exclude	pair_not_significant	14	14	2146	153.28571428571428	2.6666666666666665	-0.057082872113419905	-0.04015141180759176	-0.030893080609126225	-0.020454329228603966	0.41636694888718817	0.42752293577981654	0.422746003287851	0.43425076452599387	0.9569692044869931	0.9648024595670068	0.9700798300941573	0.9744147662179342	0.02320529394750646	0.01647233127676087	0.049706537645426596	0.03859659544342594
orig	2	answerdotai_ModernBERT-base	orig	raw	all	76	76	14183	186.6184210526316	8.986842105263158	-0.3212468235877653	-0.3234158839411348	-0.17925577415774266	-0.18039046304443462	0.32430225391066964	0.31996281996281994	0.32240257163812686	0.31774631774631773	0.8237286911528922	0.8252548545439359	0.8862882147162122	0.8867992799838201	0.092125917418988	0.09157428960640208	0.15292058807928077	0.1528068112437117
orig	2	answerdotai_ModernBERT-base	orig	raw	pair_significant	62	62	11448	184.6451612903226	9.5	-0.3520657726368236	-0.35588852926263986	-0.19693056776398613	-0.19899837650110716	0.31919893154437695	0.31446540880503143	0.31657713239397156	0.311408106219427	0.8025262712233466	0.8036346284767224	0.8726084709183628	0.8727406480143319	0.10142084935761606	0.10107334295269176	0.1672451738153716	0.16758464634490597
orig	2	answerdotai_ModernBERT-base	orig	raw	pair_not_significant	14	14	2735	195.35714285714286	6.714285714285714	-0.1742641435076411	-0.17694352632072893	-0.09496060465104304	-0.09645689596327343	0.34864117596529665	0.34475965327029157	0.3501854357256367	0.3463356973995272	0.9248479246630322	0.9227758742513682	0.9515300697521087	0.9502126837610853	0.04779624201937723	0.048727495789095486	0.08460333303023229	0.08614934227662262
orig	3	answerdotai_ModernBERT-base	orig	conditioned-cat-only	all	76	76	1862	24.5	2.9166666666666665	0.43654358921134295	0.3267602403363203	0.28138908119495576	0.20992053104170136	0.9180888246659891	0.8961748633879781	0.9181101807167513	0.8961748633879781	0.35378968308010117	0.33911722558691104	0.590021972291398	0.5775632920049605	0.6232103922940911	0.5472509817708867	0.6778341918102148	0.6370771866542051
orig	3	answerdotai_ModernBERT-base	orig	conditioned-cat-only	pair_significant	62	62	1837	29.629032258064516	2.942857142857143	0.4293392698816729	0.32194686240343756	0.27685972585547436	0.2068604579619764	0.9156066678376857	0.8947368421052632	0.9156286710415014	0.8947368421052632	0.3538052940874467	0.33892114117900546	0.5898031639383637	0.5772907247482214	0.611792525393912	0.5409802197455527	0.6680715915620394	0.632050554890413
orig	3	answerdotai_ModernBERT-base	orig	conditioned-cat-only	pair_not_significant	14	14	25	1.7857142857142858	2.0	0.6742861270904541	0.6742861270904541	0.4308578073978424	0.4308578073978424	1.0	1.0	1.0	1.0	0.3532745198376968	0.35327451983769687	0.5972426479415301	0.5972426479415301	1.0	1.0	1.0	1.0
orig	3	answerdotai_ModernBERT-base	orig	conditioned-exclude	all	76	76	8568	112.73684210526316	3.084507042253521	-0.017595657050454367	-0.0428588616534282	-0.0014761899964166028	-0.016367497077181804	0.5361081346948322	0.5064813577442202	0.5381415670749161	0.508753173860751	0.7886878321395483	0.8276412686174223	0.8700681162621015	0.8928960699743419	0.15975287442658723	0.11620624793221793	0.21975842768244488	0.1774426524922709
orig	3	answerdotai_ModernBERT-base	orig	conditioned-exclude	pair_significant	62	62	6422	103.58064516129032	3.169491525423729	-0.014441007889770702	-0.04887114697788612	0.0014197378828505274	-0.018236269771300048	0.5489974954391774	0.5150478796169631	0.5504853793386999	0.5164158686730507	0.7596681983261304	0.7908507687213462	0.8524518555197598	0.8704089569923475	0.18281846576960836	0.14243748836589853	0.24816350652150976	0.21320170293526142
orig	3	answerdotai_ModernBERT-base	orig	conditioned-exclude	pair_not_significant	14	14	2146	153.28571428571428	2.6666666666666665	-0.03547200229432848	-0.0213543695571408	-0.01788644797893034	-0.009683348627516072	0.4630684238102101	0.4758409785932722	0.46819329758014205	0.4813455657492355	0.9531324237489165	0.9592319985209415	0.9698935938020371	0.9733270404444966	0.029047856816134324	0.022383438111934082	0.05879631426107728	0.04954116809434498
orig	3	answerdotai_ModernBERT-base	orig	raw	all	76	76	14183	186.6184210526316	8.986842105263158	-0.24228608695945392	-0.243765683099481	-0.12831801102186244	-0.1291495949490656	0.3816723299852687	0.3770913770913771	0.38220158011079586	0.37744887744887745	0.8360866315499629	0.8372299574967024	0.901391447237202	0.9018920307653295	0.10584351544071137	0.10631026755098265	0.17440210802466516	0.17538980791368303
orig	3	answerdotai_ModernBERT-base	orig	raw	pair_significant	62	62	11448	184.6451612903226	9.5	-0.2663987141342894	-0.269170626639997	-0.14118286050788517	-0.14274228627636154	0.3805884100184724	0.3756114605171209	0.380337482649652	0.3750873515024458	0.8163066650230882	0.8169625556000562	0.8890980241112011	0.889290136486242	0.11532255916059714	0.11616117990788397	0.18928037478137064	0.19090793167078243
orig	3	answerdotai_ModernBERT-base	orig	raw	pair_not_significant	14	14	2735	195.35714285714286	6.714285714285714	-0.12728740351023868	-0.1291731718103449	-0.06696257501160009	-0.06783788087700733	0.386841794442297	0.3837667454688731	0.39109189107932824	0.3881008668242711	0.9304218565242885	0.9286488766900846	0.9600216190688986	0.9587346177263198	0.060635768468948366	0.061876365004959674	0.1034442204157621	0.1053931645837878
orig	4	answerdotai_ModernBERT-base	orig	conditioned-cat-only	all	76	76	1862	24.5	2.9166666666666665	0.4037089813731761	0.3050207190627176	0.24977512119735099	0.18849319341348209	0.921545974853435	0.9016393442622951	0.9226454842527271	0.9032786885245901	0.4048577830155479	0.3871321052404819	0.6357039878328139	0.6211798791849509	0.41799346921559843	0.44963199989574576	0.5056814210866106	0.5588887295498889
orig	4	answerdotai_ModernBERT-base	orig	conditioned-cat-only	pair_significant	62	62	1837	29.629032258064516	2.942857142857143	0.39673738330726116	0.3004673811335535	0.24541420183694837	0.18565119526005888	0.919168580152024	0.9002770083102493	0.9203014080179612	0.9019390581717451	0.40521868679467754	0.38705155325898893	0.6357817099283539	0.6210142381947149	0.4344478167675863	0.4575908918610607	0.5193727216345376	0.5658834695297347
orig	4	answerdotai_ModernBERT-base	orig	conditioned-cat-only	pair_not_significant	14	14	25	1.7857142857142858	2.0	0.6337717175483704	0.6337717175483704	0.3936854600906372	0.3936854600906372	1.0	1.0	1.0	1.0	0.39294795830427154	0.39294795830427154	0.6331391586799918	0.6331391586799918	-0.125	-0.125	0.05386850300501944	0.05386850300501944
orig	4	answerdotai_ModernBERT-base	orig	conditioned-exclude	all	76	76	8568	112.73684210526316	3.084507042253521	-0.009641302838766326	-0.032102191181522105	0.0014876956721612564	-0.011494984082145446	0.5546369996579651	0.5277295202458907	0.5587007112980682	0.533609514900441	0.8027101793236878	0.8366575524825399	0.8820699305940408	0.9017589133763749	0.14945066656891334	0.10828148142617927	0.21810268493081547	0.17536344446981383
orig	4	answerdotai_ModernBERT-base	orig	conditioned-exclude	pair_significant	62	62	6422	103.58064516129032	3.169491525423729	-0.00596057326423333	-0.03623257755442356	0.004530916127431042	-0.012354302924112373	0.5687565627598745	0.5389876880984952	0.5716873751923354	0.5437756497948016	0.776246585152169	0.8027138001942938	0.8663201722252958	0.8814134416219972	0.17076189956908977	0.13248845169003795	0.24680155776096716	0.21180088006696213
orig	4	answerdotai_ModernBERT-base	orig	conditioned-exclude	pair_not_significant	14	14	2146	153.28571428571428	2.6666666666666665	-0.03049877042778664	-0.017328796986581626	-0.015757220241034195	-0.008421408187452737	0.4746261420804782	0.4874617737003058	0.4851096158972205	0.4972477064220184	0.9526705462956281	0.9580661539392143	0.9713185613502632	0.9745297505749073	0.028687012901246898	0.021698996959484795	0.05547573889328896	0.045035540266680454
orig	4	answerdotai_ModernBERT-base	orig	raw	all	76	76	14183	186.6184210526316	8.986842105263158	-0.21227837840716043	-0.21383212935288679	-0.11072318894555792	-0.11138443273103557	0.40083390401835445	0.3971113971113971	0.40051447421998515	0.39703989703989706	0.8462167782132627	0.8472462439298971	0.9106798619850998	0.9110600994194334	0.09941127112150307	0.09910785982082691	0.16796379616317217	0.1679805972480904
orig	4	answerdotai_ModernBERT-base	orig	raw	pair_significant	62	62	11448	184.6451612903226	9.5	-0.23185863577189944	-0.23450635772609757	-0.12094357198821531	-0.12217472434302443	0.39922972080172786	0.3951781970649895	0.39787192458348647	0.3940426275331936	0.8273625583835454	0.8279322369344332	0.8993135966923107	0.8994061108654572	0.10847451697219378	0.1083752838189058	0.18431154816930354	0.18490141784447314
orig	4	answerdotai_ModernBERT-base	orig	raw	pair_not_significant	14	14	2735	195.35714285714286	6.714285714285714	-0.11889561251378976	-0.1205781630737233	-0.06197982366519192	-0.06271333014078796	0.40848462397457375	0.40583136327817176	0.4131174032555942	0.4105594956658786	0.9361369035549916	0.9343647435690101	0.9648882041507074	0.9636270265139638	0.056186560141285855	0.057305862212470984	0.08999759428777679	0.09165689583461925
orig	5	answerdotai_ModernBERT-base	orig	conditioned-cat-only	all	76	76	1862	24.5	2.9166666666666665	0.3604927117771962	0.27971424347430957	0.21499082098221955	0.16672318493896496	0.9208719440453983	0.9032786885245901	0.9235259100121788	0.905464480874317	0.4724910166115813	0.4506508559018713	0.687031558400225	0.6696642800006237	0.41905630268977373	0.4338146760831969	0.4941232194746923	0.5345492959911279
orig	5	answerdotai_ModernBERT-base	orig	conditioned-cat-only	pair_significant	62	62	1837	29.629032258064516	2.942857142857143	0.3542968687234503	0.27576353309928875	0.21128182612698188	0.16435941116796637	0.9184741241679861	0.9019390581717451	0.9212085133458812	0.9041551246537396	0.4727292879589737	0.45045726578766415	0.6869363801360647	0.6693802334477582	0.40145194822582747	0.4259727740898893	0.4787936200648345	0.5281026103400355
orig	5	answerdotai_ModernBERT-base	orig	conditioned-cat-only	pair_not_significant	14	14	25	1.7857142857142858	2.0	0.5649555325508118	0.5649555325508118	0.33738765120506287	0.33738765120506287	1.0	1.0	1.0	1.0	0.46462806214763114	0.46462806214763114	0.6901724411175132	0.6901724411175132	1.0	1.0	1.0	1.0
orig	5	answerdotai_ModernBERT-base	orig	conditioned-exclude	all	76	76	8568	112.73684210526316	3.084507042253521	0.005875562422443181	-0.011852674530357318	0.008398153554298914	-0.0017497794658761956	0.5960054702817617	0.5751703862087398	0.5979550932013312	0.5773085660831218	0.8169050761482448	0.8443479452111706	0.8927956951380005	0.9086806721036297	0.13789752937752406	0.10056196922916118	0.2049959693467766	0.16762310058490748
orig	5	answerdotai_ModernBERT-base	orig	conditioned-exclude	pair_significant	62	62	6422	103.58064516129032	3.169491525423729	0.009654318311196916	-0.014106448527321057	0.011168241856948417	-0.00196529652619328	0.6091634211330773	0.5863543091655267	0.6105671085548758	0.5875512995896033	0.7941583967375992	0.8147793637950763	0.8795581009762936	0.8914494050399598	0.15661279022117583	0.12217042766242925	0.22956837526792548	0.19941787166853808
orig	5	answerdotai_ModernBERT-base	orig	conditioned-exclude	pair_not_significant	14	14	2146	153.28571428571428	2.6666666666666665	-0.015537387613827983	-0.0037914694329604097	-0.007299013494048268	-0.0009789270079347222	0.5214437487909734	0.5351681957186545	0.5264870061979122	0.5406727828746177	0.9458029261419028	0.950107617456626	0.9678087287210071	0.9703127514848787	0.03184438459683059	0.02327373380545989	0.06575233579359967	0.05390088572431295
orig	5	answerdotai_ModernBERT-base	orig	raw	all	76	76	14183	186.6184210526316	8.986842105263158	-0.1676906149822753	-0.168543405992623	-0.08767308578593656	-0.0881839780530138	0.4406604474871828	0.43836693836693835	0.4385431527350155	0.4357929357929358	0.8542484378070799	0.854930902207022	0.917825517161066	0.9181151372252897	0.0989832390989001	0.09852706668038172	0.16553815124268106	0.16512013122658425
orig	5	answerdotai_ModernBERT-base	orig	raw	pair_significant	62	62	11448	184.6451612903226	9.5	-0.1831095518484231	-0.18478004444178367	-0.09593903122849072	-0.09693129229624171	0.43769431484227456	0.43509783368273935	0.43424435340799833	0.4309923130677848	0.8368789309698939	0.8371481617090297	0.9077894876299394	0.9078461971408365	0.10883639169297342	0.10861139285967213	0.18180541802577183	0.18186605107371803
orig	5	answerdotai_ModernBERT-base	orig	raw	pair_not_significant	14	14	2735	195.35714285714286	6.714285714285714	-0.09415414685141653	-0.09530580277513226	-0.04825088444452446	-0.048728007423985746	0.4548066185629	0.45311268715524033	0.4590451187561741	0.4574468085106383	0.9370876242613515	0.9351424125383917	0.9656896580018262	0.9644346116487813	0.05199128057331965	0.053040318807837626	0.08795580196947898	0.08958534383100225
orig	6	answerdotai_ModernBERT-base	orig	conditioned-cat-only	all	76	76	1862	24.5	2.9166666666666665	0.35021389751722487	0.27606972167471966	0.20594009708079017	0.16278319311623404	0.9252303172761474	0.9098360655737705	0.9220923121306545	0.9043715846994536	0.49554457670954843	0.4735561115633985	0.7042246573162744	0.6867224875962465	0.4431346658953825	0.4443525026445187	0.5211961826002228	0.5421995269934289
orig	6	answerdotai_ModernBERT-base	orig	conditioned-cat-only	pair_significant	62	62	1837	29.629032258064516	2.942857142857143	0.3443658622193404	0.2723698693108319	0.2024770094060593	0.16060260035680643	0.9229645693148185	0.9085872576177285	0.9197314731043107	0.9030470914127424	0.495780407779199	0.47335935200872153	0.7041316201349225	0.6864375513538001	0.42625995880130313	0.43665655392768377	0.5066869760123508	0.5358588002204847
orig	6	answerdotai_ModernBERT-base	orig	conditioned-cat-only	pair_not_significant	14	14	25	1.7857142857142858	2.0	0.5431990623474121	0.5431990623474121	0.32022199034690857	0.32022199034690857	1.0	1.0	1.0	1.0	0.4877621514110779	0.4877621514110779	0.7072948843008879	0.7072948843008879	1.0	1.0	1.0	1.0
orig	6	answerdotai_ModernBERT-base	orig	conditioned-exclude	all	76	76	8568	112.73684210526316	3.084507042253521	0.014189779156974206	-0.002667823365293209	0.011940820334712044	0.0024426713054167084	0.6113689184185331	0.5945476413203261	0.6128184129759151	0.5934785513831351	0.820448225982627	0.8459923307451657	0.8965217833366569	0.9111962435190845	0.1380644821519493	0.1009977654512222	0.20228959788124884	0.16484460448348154
orig	6	answerdotai_ModernBERT-base	orig	conditioned-exclude	pair_significant	62	62	6422	103.58064516129032	3.169491525423729	0.01828981178593548	-0.0039977972764313535	0.014926482608322711	0.0028202550503009325	0.6229308197063232	0.6043091655266758	0.6257337188033115	0.6048221614227086	0.7991746349765696	0.8183141327159037	0.8839288173181846	0.8947340351343367	0.15724624512225405	0.1228925022074954	0.22829898647385774	0.19758860274380724
orig	6	answerdotai_ModernBERT-base	orig	conditioned-exclude	pair_not_significant	14	14	2146	153.28571428571428	2.6666666666666665	-0.009043739073806338	0.002089172006166036	-0.004977932549081743	0.0010921454705035923	0.5458514777877225	0.5596330275229358	0.5396316799540021	0.5529051987767584	0.9409985750169526	0.944990558314049	0.9678819241079997	0.9700775858028792	0.029367825320222488	0.022685581628172812	0.054903062523131804	0.04772723333584578
orig	6	answerdotai_ModernBERT-base	orig	raw	all	76	76	14183	186.6184210526316	8.986842105263158	-0.15024008037832876	-0.15081100358431165	-0.0781549872799466	-0.07861368104791644	0.45919789712247033	0.4567424567424567	0.4588849885499124	0.4563849563849564	0.8555052208403628	0.8562180262671866	0.9194607286925428	0.9197420849319959	0.10129891760730377	0.10193086466407343	0.1749819520964065	0.17556833808950975
orig	6	answerdotai_ModernBERT-base	orig	raw	pair_significant	62	62	11448	184.6451612903226	9.5	-0.1643794638052162	-0.16565858990885154	-0.08531953524723049	-0.08618746151991291	0.45437136426735697	0.45134521313766596	0.45520657577283363	0.4522187281621244	0.8390533542288984	0.8394098270375893	0.909789047080427	0.9098389891564524	0.10801175397273427	0.10886231241046489	0.18890630774090172	0.189965537544746
orig	6	answerdotai_ModernBERT-base	orig	raw	pair_not_significant	14	14	2735	195.35714285714286	6.714285714285714	-0.08280609788086551	-0.08383891207787632	-0.04398560466674658	-0.0444510967912515	0.4822167461237813	0.48108747044917255	0.47642818794828845	0.475177304964539	0.9339679692950393	0.9320337334304759	0.9655872102272505	0.96441136800466	0.06928385186448136	0.07066561099949935	0.10857348671496757	0.11062777884461446
orig	7	answerdotai_ModernBERT-base	orig	conditioned-cat-only	all	76	76	1862	24.5	2.9166666666666665	0.3258912460056736	0.25406506329143796	0.1913012660738519	0.15027114046340595	0.9253157234101224	0.9076502732240437	0.924131882494079	0.9065573770491804	0.5273095784713381	0.5054355715432063	0.7230358171560217	0.706231706500435	0.4223306874888093	0.44770972243411206	0.4969664431984012	0.5354804769745675
orig	7	answerdotai_ModernBERT-base	orig	conditioned-cat-only	pair_significant	62	62	1837	29.629032258064516	2.942857142857143	0.32040354719554837	0.25056201282816415	0.18818790534736984	0.1482798519650077	0.9230525635134594	0.9063711911357341	0.9218328486302633	0.9052631578947369	0.5274592205650845	0.5052010034291551	0.7228200446203672	0.7059003407894628	0.40482555680665205	0.4400602726063297	0.48172300208320123	0.529046688567013
orig	7	answerdotai_ModernBERT-base	orig	conditioned-cat-only	pair_not_significant	14	14	25	1.7857142857142858	2.0	0.5069853067398071	0.5069853067398071	0.29404217004776	0.29404217004776	1.0	1.0	1.0	1.0	0.5223713893777023	0.5223713893777023	0.7301563108326271	0.730156310832627	1.0	1.0	1.0	1.0
orig	7	answerdotai_ModernBERT-base	orig	conditioned-exclude	all	76	76	8568	112.73684210526316	3.084507042253521	0.015549324837047606	-4.7472501649046734e-05	0.012568530022448007	0.003653117297151209	0.6235630698257564	0.6073767205666176	0.6267429611817182	0.6084458105038086	0.8308039739365285	0.8545868179025727	0.9022734746433198	0.9163414609515474	0.13421996264860622	0.09971658393487152	0.1998417451216539	0.1636051927646619
orig	7	answerdotai_ModernBERT-base	orig	conditioned-exclude	pair_significant	62	62	6422	103.58064516129032	3.169491525423729	0.019156481883506857	-0.0015487573089262166	0.01539611024325531	0.004114255421817565	0.6350508570434994	0.6174760601915185	0.6388291626692638	0.618844049247606	0.8113210559482618	0.8293589601760417	0.8903712317261036	0.900857587329675	0.15285268196864474	0.12108502890140645	0.22501092007708526	0.19540394411731554
orig	7	answerdotai_ModernBERT-base	orig	conditioned-exclude	pair_not_significant	14	14	2146	153.28571428571428	2.6666666666666665	-0.00489123175955481	0.005322260558263425	-0.0034544245621267087	0.0020037376316779064	0.558465608925213	0.5712538226299694	0.5582544860856279	0.5712538226299694	0.9412071758700402	0.9448207701868259	0.9697195178408793	0.9717235361446424	0.02863455316838813	0.023286818696769847	0.0572164203742095	0.049868741443366185
orig	7	answerdotai_ModernBERT-base	orig	raw	all	76	76	14183	186.6184210526316	8.986842105263158	-0.13931913853157313	-0.14010281753938725	-0.0720051844138652	-0.07254584265988569	0.46983596159431235	0.4676104676104676	0.4700962635130157	0.4676104676104676	0.8627959143843629	0.8634667182497221	0.9241531709379048	0.9244007173140926	0.10365097647089612	0.10239725625406637	0.16998110777996467	0.16944182742085429
orig	7	answerdotai_ModernBERT-base	orig	raw	pair_significant	62	62	11448	184.6451612903226	9.5	-0.15207027269887827	-0.15352484231281396	-0.07842502902982937	-0.07932145519909865	0.46538555718697455	0.46261355695317957	0.46626535992134377	0.4632250174703005	0.8475608929217241	0.8479144372198726	0.9153668132408531	0.9153802352744764	0.11500545181534107	0.11390373851515644	0.18708593039404348	0.18704414523687876
orig	7	answerdotai_ModernBERT-base	orig	raw	pair_not_significant	14	14	2735	195.35714285714286	6.714285714285714	-0.07850603711827156	-0.0795609185613774	-0.04138746393772845	-0.04198350524896766	0.4910609672293089	0.49014972419227737	0.4883667267963751	0.48739164696611503	0.9354552475138699	0.9336174326822348	0.9660573384161508	0.9650888490672553	0.04949886328969714	0.050495676693404754	0.0884042614666657	0.09004413854857361
orig	8	answerdotai_ModernBERT-base	orig	conditioned-cat-only	all	76	76	1862	24.5	2.9166666666666665	0.3422946440987289	0.2671002454989554	0.20212992308113506	0.15871408075155294	0.9275309066926485	0.9109289617486339	0.927147114638344	0.9092896174863389	0.5017072549775793	0.48019834314550913	0.7066998685110224	0.6899086766451912	0.4928781552439928	0.4992958073248381	0.5567316317521624	0.5882974011964063
orig	8	answerdotai_ModernBERT-base	orig	conditioned-cat-only	pair_significant	62	62	1837	29.629032258064516	2.942857142857143	0.336643047602565	0.2634756321613767	0.1990289460641868	0.15669540922954636	0.9253348735621227	0.9096952908587258	0.9249394514455666	0.9080332409972299	0.5018898949653715	0.4799839138901778	0.706331190279289	0.6895076022198029	0.4775108266150229	0.4923608462074534	0.5432992569567735	0.5825951491354149
orig	8	answerdotai_ModernBERT-base	orig	conditioned-cat-only	pair_not_significant	14	14	25	1.7857142857142858	2.0	0.5287973284721375	0.5287973284721375	0.30446216464042664	0.30446216464042664	1.0	1.0	1.0	1.0	0.4956801353804347	0.49568013538043476	0.7188662501582235	0.7188662501582235	1.0	1.0	1.0	1.0
orig	8	answerdotai_ModernBERT-base	orig	conditioned-exclude	all	76	76	8568	112.73684210526316	3.084507042253521	0.013784713585240145	-0.0026736827279720717	0.01198269223156482	0.0030961916547581378	0.6091281133602421	0.5922758252037953	0.6102813834878719	0.5932112788988374	0.8231600966962681	0.8492790203332101	0.8979905843133239	0.9125255768223061	0.1325365328908507	0.10540590552038717	0.2022359070027613	0.17166441859555925
orig	8	answerdotai_ModernBERT-base	orig	conditioned-exclude	pair_significant	62	62	6422	103.58064516129032	3.169491525423729	0.017851294246593527	-0.0037431039462196	0.014888094194854299	0.003650040950897824	0.6202097827150801	0.6015731874145007	0.6223068028648292	0.6041381668946648	0.8020098693219058	0.8219061323557212	0.8854340585267855	0.8960656139639385	0.1488492771924564	0.12639970867190792	0.22581705921327133	0.20401127801121305
orig	8	answerdotai_ModernBERT-base	orig	conditioned-exclude	pair_not_significant	14	14	2146	153.28571428571428	2.6666666666666665	-0.009259243495762348	0.0011513786079982917	-0.0044812522270755535	0.0011152065270364966	0.5463319870161594	0.5590214067278287	0.5421373403517806	0.5541284403669725	0.9430113851509885	0.9471852276068213	0.9691442304370411	0.9713988874007359	0.04009764851508532	0.03031614354479484	0.06860937780987104	0.05596751715045627
orig	8	answerdotai_ModernBERT-base	orig	raw	all	76	76	14183	186.6184210526316	8.986842105263158	-0.15104624779274067	-0.15168644422799749	-0.07693897699626784	-0.07731438886403401	0.4543126093294027	0.4515944515944516	0.45610436289236894	0.45323895323895325	0.8585620422284872	0.8595158433743345	0.9203160688133945	0.9206020474940283	0.1031538284010667	0.1015186358855109	0.16663735633388305	0.16600349798382558
orig	8	answerdotai_ModernBERT-base	orig	raw	pair_significant	62	62	11448	184.6451612903226	9.5	-0.16499228244497172	-0.16628811183576891	-0.08395287351712825	-0.08468371758565006	0.44871259296637334	0.44531795946890285	0.45136593402061803	0.4478511530398323	0.8422986159810953	0.8429062338152481	0.9106945811229273	0.9107204552855916	0.11368106823481974	0.11205051750530809	0.182689895944735	0.1824683738936471
orig	8	answerdotai_ModernBERT-base	orig	raw	pair_not_significant	14	14	2735	195.35714285714286	6.714285714285714	-0.08453439022056185	-0.08582360310358171	-0.04348808589677971	-0.04407401250270206	0.48102037967615857	0.4799054373522459	0.4787030236653352	0.47754137115839246	0.9361260751006635	0.9344357843642569	0.9662031639525458	0.9651743357533599	0.052946992270859895	0.054013127302595894	0.09007909049751218	0.0917363981352688
orig	9	answerdotai_ModernBERT-base	orig	conditioned-cat-only	all	76	76	1862	24.5	2.9166666666666665	0.3276448732461123	0.2587871826055353	0.19228170891566312	0.15188967222144287	0.9292677153736304	0.912568306010929	0.9274275364273521	0.9114754098360656	0.5256868528165275	0.5012284317737986	0.7221422550049696	0.7043608191698106	0.46133997228720286	0.4748772201384223	0.5290559893027398	0.5710525212894474
orig	9	answerdotai_ModernBERT-base	orig	conditioned-cat-only	pair_significant	62	62	1837	29.629032258064516	2.942857142857143	0.32171530349913874	0.25512328382034544	0.18907233702978402	0.14986333830276932	0.9271243128091949	0.9113573407202216	0.9252283708645446	0.9102493074792244	0.526587094570861	0.5013011403174311	0.7221557462820937	0.7041207052682862	0.4450169411443908	0.4676040514422786	0.5147849586755502	0.5651114204762818
orig	9	answerdotai_ModernBERT-base	orig	conditioned-cat-only	pair_not_significant	14	14	25	1.7857142857142858	2.0	0.5233206748962402	0.5233206748962402	0.29819098114967346	0.29819098114967346	1.0	1.0	1.0	1.0	0.4959788749235249	0.49597887492352494	0.7216970428598759	0.7216970428598759	1.0	1.0	1.0	1.0
orig	9	answerdotai_ModernBERT-base	orig	conditioned-exclude	all	76	76	8568	112.73684210526316	3.084507042253521	0.01894242478883825	0.0034225367871483386	0.015035969040278966	0.0068340391869105765	0.6278886165331828	0.6111185353467861	0.6289974944136396	0.6124548977682748	0.8271795979466622	0.8519887421731683	0.900570190663568	0.9144326091451609	0.15263121424095288	0.10931281878310342	0.21915233692954864	0.17433356942649741
orig	9	answerdotai_ModernBERT-base	orig	conditioned-exclude	pair_significant	62	62	6422	103.58064516129032	3.169491525423729	0.0231675732556694	0.0031202862859331265	0.018136212389970964	0.008002367975372947	0.6397863528115164	0.622093023255814	0.6421889109291465	0.6253419972640218	0.807263136021011	0.8261967526189153	0.8885499169547089	0.8986414898773311	0.1749237666139453	0.13389914286635798	0.24911528905502148	0.21148835248115022
orig	9	answerdotai_ModernBERT-base	orig	conditioned-exclude	pair_not_significant	14	14	2146	153.28571428571428	2.6666666666666665	-0.005000083189871576	0.004503613809231862	-0.002532076607975695	0.0026552093673827817	0.5604681109559593	0.5718654434250765	0.5542461341590995	0.5663608562691131	0.9400395488586862	0.9442404577164534	0.9686850750137695	0.9709136277863043	0.026306750793995876	0.02137347735260022	0.049362274885202506	0.04143988667199601
orig	9	answerdotai_ModernBERT-base	orig	raw	all	76	76	14183	186.6184210526316	8.986842105263158	-0.14000424896366895	-0.14047075325441566	-0.06985697942475477	-0.07017154551172956	0.47296411789284143	0.4706134706134706	0.4748208799152208	0.4723294723294723	0.8602409411490574	0.8612254640872394	0.9212234943498442	0.9215569264316199	0.10408149650814166	0.10462438311429807	0.17027048196475272	0.17094529812742446
orig	9	answerdotai_ModernBERT-base	orig	raw	pair_significant	62	62	11448	184.6451612903226	9.5	-0.15331054480949177	-0.15434990752087552	-0.07614533040642497	-0.07672776586315441	0.4668264497753637	0.4637491264849755	0.4694785954378707	0.466282320055905	0.8447380220071431	0.8453815691626602	0.9119841355271883	0.9120340867435723	0.11487557782873888	0.11592897765050852	0.18745147578747368	0.18890309268239436
orig	9	answerdotai_ModernBERT-base	orig	raw	pair_not_significant	14	14	2735	195.35714285714286	6.714285714285714	-0.07654345339128318	-0.07786690847804349	-0.039866382435250744	-0.0405988069053026	0.5022360735300434	0.5015760441292356	0.500299467422583	0.4996059889676911	0.9341779401335721	0.9326915433215123	0.9652881287348175	0.9645110118330267	0.05260203174837031	0.05363344605734885	0.0883303575794682	0.0899441822624536
orig	10	answerdotai_ModernBERT-base	orig	conditioned-cat-only	all	76	76	1862	24.5	2.9166666666666665	0.3125156213200706	0.24663272910023648	0.18230423316195168	0.14405042312459135	0.9236652561232672	0.907103825136612	0.9249083339406422	0.9087431693989071	0.5443565664066775	0.5225278829483996	0.7344684617432401	0.718360696900789	0.4193694073167594	0.43352131814396916	0.48855059397039424	0.526237437728893
orig	10	answerdotai_ModernBERT-base	orig	conditioned-cat-only	pair_significant	62	62	1837	29.629032258064516	2.942857142857143	0.3057908303753445	0.2426465657568044	0.1785795407115736	0.14181817020354096	0.9213520820663966	0.9058171745152355	0.9226328289085404	0.9074792243767313	0.5461725867523556	0.5230555836125145	0.7350447035740276	0.7184009768948824	0.4350651938807755	0.4408913024575389	0.5004159050645853	0.5321826193059956
orig	10	answerdotai_ModernBERT-base	orig	conditioned-cat-only	pair_not_significant	14	14	25	1.7857142857142858	2.0	0.5344337224960327	0.5344337224960327	0.3052190840244293	0.3052190840244293	1.0	1.0	1.0	1.0	0.48442789499930156	0.48442789499930156	0.7154524813272548	0.7154524813272548	-0.09859154929577464	-0.09859154929577464	0.09699532786208806	0.09699532786208806
orig	10	answerdotai_ModernBERT-base	orig	conditioned-exclude	all	76	76	8568	112.73684210526316	3.084507042253521	0.017440243011030056	0.0026753079629045556	0.013850870780879631	0.00641393953242074	0.6282342009069747	0.6125885340104237	0.630487903170036	0.6157958038219965	0.8347807885617197	0.8586999946522959	0.9059380050796603	0.918866662501118	0.11905327315073704	0.09880237186289809	0.18219776315093655	0.15783947640772084
orig	10	answerdotai_ModernBERT-base	orig	conditioned-exclude	pair_significant	62	62	6422	103.58064516129032	3.169491525423729	0.021205609025178002	0.0018007115564607186	0.016888627926271188	0.0076807268680851755	0.6393416113782885	0.6224350205198358	0.6434210340093778	0.6285909712722298	0.8166358597080924	0.8355054669884323	0.8946342659218862	0.9039783204446641	0.13554107080675282	0.121339829816778	0.20699618740929232	0.19318715803804257
orig	10	answerdotai_ModernBERT-base	orig	conditioned-exclude	pair_not_significant	14	14	2146	153.28571428571428	2.6666666666666665	-0.0038968310691416264	0.005803528014821106	-0.003363086376339197	0.0018829472761726525	0.565292208236197	0.5773700305810398	0.5572001617470999	0.5700305810397553	0.9376020520656082	0.9416612165350329	0.969992526973712	0.9721186651593092	0.02562241976664774	0.018191329591161196	0.04167335902025383	0.03140935887003183
orig	10	answerdotai_ModernBERT-base	orig	raw	all	76	76	14183	186.6184210526316	8.986842105263158	-0.13652907571600129	-0.1369228788590796	-0.06925463441410101	-0.06946653512570007	0.47606434037919587	0.4741884741884742	0.47771052468706887	0.47576147576147576	0.8664207540522705	0.8672284714475937	0.9253795098105435	0.9255823762993978	0.09659893279850015	0.09533989294792475	0.15796131574696307	0.1571355446046088
orig	10	answerdotai_ModernBERT-base	orig	raw	pair_significant	62	62	11448	184.6451612903226	9.5	-0.14963119459759083	-0.15054042194075076	-0.0752741961679872	-0.07573145592131585	0.46871701717760395	0.4661076170510133	0.47124395479719866	0.4686408106219427	0.8526558019293834	0.8531522898649817	0.9166446015312256	0.9165801265770367	0.10777255693859063	0.1066856676184438	0.17508763093524188	0.17476044657473447
orig	10	answerdotai_ModernBERT-base	orig	raw	pair_not_significant	14	14	2735	195.35714285714286	6.714285714285714	-0.07404204720380501	-0.07549906751196729	-0.04054595528018231	-0.04120774345185866	0.5111054202637116	0.5106382978723404	0.5085510887772193	0.5078802206461781	0.9320689872537314	0.9307210351819286	0.9670383031426752	0.9661882686640909	0.04330934074576095	0.044163207200051645	0.07628196638747949	0.07763598678191454
orig	11	answerdotai_ModernBERT-base	orig	conditioned-cat-only	all	76	76	1862	24.5	2.9166666666666665	0.30112037621438503	0.23948000513800913	0.17624659667918047	0.1404864157712255	0.9197439291066738	0.9021857923497267	0.9184571217846413	0.9005464480874317	0.5592521129364794	0.5362592539754272	0.7429078828403581	0.7260277441994286	0.371328229169143	0.41090109382352175	0.44106289319707254	0.5070951730088178
orig	11	answerdotai_ModernBERT-base	orig	conditioned-cat-only	pair_significant	62	62	1837	29.629032258064516	2.942857142857143	0.29513459528485936	0.23589037713592154	0.17301710182889082	0.1385150375029774	0.9173119269583911	0.900831024930748	0.915986125475085	0.8991689750692521	0.560297144863762	0.5364184394967467	0.7430357991117923	0.7258524131511792	0.3855682224559587	0.4179577786312682	0.45148918305570845	0.5127752262656977
orig	11	answerdotai_ModernBERT-base	orig	conditioned-cat-only	pair_not_significant	14	14	25	1.7857142857142858	2.0	0.4986511468887329	0.4986511468887329	0.282819926738739	0.282819926738739	1.0	1.0	1.0	1.0	0.524766059336151	0.524766059336151	0.7386866458830316	0.7386866458830316	-0.09859154929577464	-0.09859154929577464	0.09699532786208806	0.09699532786208806
orig	11	answerdotai_ModernBERT-base	orig	conditioned-exclude	all	76	76	8568	112.73684210526316	3.084507042253521	0.01809994636666185	0.004276162500534113	0.014455641557772955	0.007117045066620222	0.6306746280453953	0.6160630763062943	0.6325661505848056	0.6180676199385273	0.8384267267948012	0.8612444887602714	0.9075835294973559	0.9201191125202637	0.11555408805924457	0.09484635968213308	0.1823358412065223	0.1571706521691625
orig	11	answerdotai_ModernBERT-base	orig	conditioned-exclude	pair_significant	62	62	6422	103.58064516129032	3.169491525423729	0.02151392235114769	0.003252707488975241	0.017235859425044527	0.008109018250033144	0.6430700310631358	0.6282489740082079	0.6461172394626291	0.6325239398084815	0.8212005219101334	0.839285332377569	0.8969542392131206	0.9062215942125699	0.13023459521919128	0.11429010229178226	0.20662590550267515	0.19114911378482363
orig	11	answerdotai_ModernBERT-base	orig	conditioned-exclude	pair_not_significant	14	14	2146	153.28571428571428	2.6666666666666665	-0.0012459175454245673	0.007936813820164867	-0.001298926356765959	0.0035689966405659276	0.5604340109448658	0.5724770642201835	0.5557766469438058	0.5663608562691131	0.9360418878079204	0.9397870860239065	0.9678161744413557	0.9698271780024614	0.03236454748621314	0.025300789785357294	0.044692143528322764	0.03563790383375798
orig	11	answerdotai_ModernBERT-base	orig	raw	all	76	76	14183	186.6184210526316	8.986842105263158	-0.13079082623124122	-0.1310153302856142	-0.06613794760288631	-0.06620677600776105	0.4826200348878007	0.48083798083798085	0.4835579531861786	0.48183898183898183	0.8682795722265481	0.8689433102600301	0.9265637041827278	0.9266879333895431	0.09542272080689941	0.09378196332668129	0.15518104478134775	0.1541328192481796
orig	11	answerdotai_ModernBERT-base	orig	raw	pair_significant	62	62	11448	184.6451612903226	9.5	-0.1439796283413025	-0.1446962945221539	-0.07262550923857611	-0.07294533313110192	0.47580704766037923	0.47335779175401815	0.4776706747152739	0.4753668763102725	0.8550957274739838	0.8554311510946785	0.9185267127596946	0.9184000853187805	0.10609388378713204	0.10450013776954913	0.17217034955542115	0.17157006705844677
orig	11	answerdotai_ModernBERT-base	orig	raw	pair_not_significant	14	14	2735	195.35714285714286	6.714285714285714	-0.06789038539864123	-0.06930544904845644	-0.03519726903267348	-0.03581158217481925	0.5151127432031953	0.5145784081954294	0.5116357428166473	0.5110323089046493	0.9311563702772412	0.9298917728782118	0.9648939709695009	0.9640714183044732	0.044529481978097724	0.045436155201404926	0.0741551297049979	0.07547970146569805
orig	12	answerdotai_ModernBERT-base	orig	conditioned-cat-only	all	76	76	1862	24.5	2.9166666666666665	0.28891989618868513	0.2315695603479901	0.16858447115073966	0.13591702782073126	0.9238125318498045	0.9060109289617486	0.9220787071606633	0.9043715846994536	0.5766453442229956	0.5515893411802297	0.7545484983533665	0.7367843554767811	0.36138408375742215	0.4040153570072941	0.4423112605485935	0.5056568321579042
orig	12	answerdotai_ModernBERT-base	orig	conditioned-cat-only	pair_significant	62	62	1837	29.629032258064516	2.942857142857143	0.28295513837965147	0.22804896002196787	0.1654912756233843	0.13405078272748006	0.921503820693738	0.9047091412742382	0.9197174558625018	0.9030470914127424	0.5778966535021135	0.5518142331908685	0.7545884874810385	0.7365565922958475	0.3761229953864349	0.4113424395143203	0.45408225320142903	0.5119142882403541
orig	12	answerdotai_ModernBERT-base	orig	conditioned-cat-only	pair_not_significant	14	14	25	1.7857142857142858	2.0	0.48575690388679504	0.48575690388679504	0.2706599235534668	0.2706599235534668	1.0	1.0	1.0	1.0	0.5353521380121136	0.5353521380121136	0.7532288571401923	0.7532288571401922	-0.125	-0.125	0.05386850300501944	0.05386850300501944
orig	12	answerdotai_ModernBERT-base	orig	conditioned-exclude	all	76	76	8568	112.73684210526316	3.084507042253521	0.024417419355207432	0.011921177018191365	0.01665139749335746	0.009584132192129814	0.6553694402529182	0.643191233462515	0.6537864019794272	0.6419885072831752	0.8387015168120974	0.8602397075018834	0.9092810616005587	0.9216632540424663	0.110586816877869	0.09055058193896469	0.1752307159144611	0.1496079842954837
orig	12	answerdotai_ModernBERT-base	orig	conditioned-exclude	pair_significant	62	62	6422	103.58064516129032	3.169491525423729	0.02782586906744423	0.011433661277705317	0.019235775349479095	0.010366896972411043	0.6666357797061926	0.6545827633378933	0.664880726062927	0.6533857729138167	0.8221995568226206	0.839115459651094	0.8993069913032844	0.9088002524832054	0.1264459112395226	0.11176282781412336	0.2004200259221465	0.18460132724466166
orig	12	answerdotai_ModernBERT-base	orig	conditioned-exclude	pair_not_significant	14	14	2146	153.28571428571428	2.6666666666666665	0.005102870985865593	0.013664903042877851	0.0020065896420015227	0.0067843716813746945	0.5915268500176963	0.6024464831804281	0.5909185655062615	0.6012232415902141	0.932212623419132	0.9357960386525964	0.9658007932851126	0.9676711030446429	0.020718615495165443	0.014679503114543902	0.032491292537577265	0.024445250615488193
orig	12	answerdotai_ModernBERT-base	orig	raw	all	76	76	14183	186.6184210526316	8.986842105263158	-0.11710500018370415	-0.11695246024763596	-0.06094700242082278	-0.061002804321001115	0.5012451028712821	0.4999284999284999	0.4991911982247257	0.4977834977834978	0.868318665080831	0.8685522561696587	0.9267322569930024	0.9267185297478971	0.10084680784711411	0.10118728465204102	0.16305855436304253	0.1630060507418568
orig	12	answerdotai_ModernBERT-base	orig	raw	pair_significant	62	62	11448	184.6451612903226	9.5	-0.13039414854750747	-0.13075035271293967	-0.06731097513223969	-0.06763470056654886	0.49353538249657775	0.4915269042627533	0.4913762378337592	0.4892557651991614	0.8556471026419616	0.855535197022702	0.9194961148887496	0.9192750772945232	0.10701387618135329	0.10746428991985812	0.17683913135697993	0.17716590957319164
orig	12	answerdotai_ModernBERT-base	orig	raw	pair_not_significant	14	14	2735	195.35714285714286	6.714285714285714	-0.05372598491018065	-0.05471515806371286	-0.03059574795098832	-0.03108871912831768	0.5380145385044883	0.5378250591016549	0.5364625477816432	0.5362490149724193	0.9287522705585152	0.927267501683592	0.9612430885671315	0.9602932514524766	0.0714346357915119	0.07287398429507891	0.09733580254580257	0.09913604920477202
orig	13	answerdotai_ModernBERT-base	orig	conditioned-cat-only	all	76	76	1862	24.5	2.9166666666666665	0.28969170485951884	0.23026789991195248	0.17067771342665175	0.13575024150764886	0.9190933214360406	0.898360655737705	0.9179692466490772	0.898360655737705	0.5754442596353447	0.5532704964549098	0.7521679780764966	0.7373336612140405	0.37134436455935327	0.38830847387619316	0.43413010106184713	0.4909678579617111
orig	13	answerdotai_ModernBERT-base	orig	conditioned-cat-only	pair_significant	62	62	1837	29.629032258064516	2.942857142857143	0.28363866498693824	0.22667823064958786	0.1675251277911505	0.13382554901609006	0.9166416039037995	0.8969529085872576	0.9154834662445038	0.8969529085872576	0.5767001066939773	0.5535373827395973	0.7522196657878478	0.7371518243388624	0.38340530489953567	0.3940560520000554	0.44854215780326584	0.4983423126620807
orig	13	answerdotai_ModernBERT-base	orig	conditioned-cat-only	pair_not_significant	14	14	25	1.7857142857142858	2.0	0.48944202065467834	0.48944202065467834	0.27471303939819336	0.27471303939819336	1.0	1.0	1.0	1.0	0.5340013067004732	0.5340013067004732	0.7504622836019039	0.7504622836019039	-0.02666666666666667	-0.02666666666666667	-0.04146777140497051	-0.04146777140497051
orig	13	answerdotai_ModernBERT-base	orig	conditioned-exclude	all	76	76	8568	112.73684210526316	3.084507042253521	0.02237732163363641	0.010043131063630618	0.01632416120022147	0.00962068608793716	0.6483140732177063	0.6366430575972204	0.6506400912707146	0.6386476012294534	0.839981099669752	0.8616064113050734	0.9097512753362637	0.9218558430819479	0.1148014614456316	0.09096620810832096	0.1828549125317938	0.15583551594071343
orig	13	answerdotai_ModernBERT-base	orig	conditioned-exclude	pair_significant	62	62	6422	103.58064516129032	3.169491525423729	0.025074498122158534	0.00839102264655915	0.01880878090171381	0.010321435294486193	0.6587013811223817	0.6468878248974008	0.6616265866597424	0.6497948016415869	0.8243176931570386	0.841853135900023	0.9001203566985877	0.9094754359404106	0.13047474305036882	0.11119971172665845	0.20668486052215407	0.1891537085453585
orig	13	answerdotai_ModernBERT-base	orig	conditioned-exclude	pair_not_significant	14	14	2146	153.28571428571428	2.6666666666666665	0.007093321532011032	0.01595232373826912	0.0022446495584315723	0.007114275470262091	0.5894526617578786	0.6	0.5883832840662242	0.598776758409786	0.9287404032417947	0.9322591052309058	0.9643264809497608	0.9661375684420153	0.0259861990187872	0.0185958538819983	0.04781854058641873	0.036664390343181676
orig	13	answerdotai_ModernBERT-base	orig	raw	all	76	76	14183	186.6184210526316	8.986842105263158	-0.12483425488462671	-0.1250159876265499	-0.0639546269318089	-0.06409782390943564	0.4950749049885087	0.4932074932074932	0.49549115532694277	0.49356499356499356	0.8693722147259132	0.8696777210992329	0.9275578849481169	0.927509694834823	0.09411744762223666	0.09384364713147458	0.15626979160866958	0.15638934287558015
orig	13	answerdotai_ModernBERT-base	orig	raw	pair_significant	62	62	11448	184.6451612903226	9.5	-0.13899093974877388	-0.13980121663482362	-0.0703455749166859	-0.07078434980844485	0.48744929047190655	0.48480083857442346	0.4879833706101438	0.4852375960866527	0.8573088768192112	0.8573461980216365	0.9204105945950708	0.9201769692719536	0.10473807067813809	0.10482235925236909	0.17386363992632872	0.17473459899358207
orig	13	answerdotai_ModernBERT-base	orig	raw	pair_not_significant	14	14	2735	195.35714285714286	6.714285714285714	-0.05731775784023249	-0.05832516741901735	-0.03347472115778006	-0.033937324109649426	0.5314432203753812	0.5311268715524035	0.5312975132070609	0.5311268715524035	0.9269050570501846	0.9253007613641361	0.9616449620164895	0.9605849675864891	0.043465245355629865	0.044322647777652456	0.07236066886291051	0.07364052804544391
orig	14	answerdotai_ModernBERT-base	orig	conditioned-cat-only	all	76	76	1862	24.5	2.9166666666666665	0.2707990201013351	0.21945274433862516	0.15697592391113765	0.12652054964746043	0.9178351814280634	0.9	0.9171517399618685	0.9016393442622951	0.6020677711202834	0.5742062405785525	0.7699107387280414	0.7517494081130195	0.348840157740176	0.4057270003054432	0.4077961245319306	0.49420664850372914
orig	14	answerdotai_ModernBERT-base	orig	conditioned-cat-only	pair_significant	62	62	1837	29.629032258064516	2.942857142857143	0.2644746099388364	0.21585091869977246	0.15366537624548515	0.12458559885479825	0.915345338441035	0.8986149584487535	0.9146411866273796	0.9002770083102493	0.6038511456461885	0.5746354625842747	0.7702268509179144	0.7516423495486257	0.36021915241917124	0.41171583225796554	0.421410181984564	0.5016259617988634
orig	14	answerdotai_ModernBERT-base	orig	conditioned-cat-only	pair_not_significant	14	14	25	1.7857142857142858	2.0	0.4795045554637909	0.4795045554637909	0.2662239968776703	0.2662239968776703	1.0	1.0	1.0	1.0	0.5432164117654149	0.5432164117654149	0.7594790364622358	0.7594790364622358	-0.02666666666666667	-0.02666666666666667	-0.04146777140497051	-0.04146777140497051
orig	14	answerdotai_ModernBERT-base	orig	conditioned-exclude	all	76	76	8568	112.73684210526316	3.084507042253521	0.02645451274390022	0.016577012830523527	0.01690835561409282	0.01151064864722779	0.6632942985370137	0.654683950287318	0.6657285451263909	0.656688493919551	0.8432685131216451	0.8620227125393566	0.9121303736224639	0.9227792431803687	0.12835249951858493	0.10039761589014201	0.19151181172766707	0.16057391683439093
orig	14	answerdotai_ModernBERT-base	orig	conditioned-exclude	pair_significant	62	62	6422	103.58064516129032	3.169491525423729	0.029110483642594488	0.015515983488589714	0.019043300389860046	0.012005275002200246	0.6739962733271408	0.6658686730506156	0.6765786305324297	0.6680916552667578	0.8291972548616247	0.8441514774986099	0.9036760337360438	0.9119810878459765	0.14621821183164707	0.12282876448132435	0.21708718025470206	0.1950915508184936
orig	14	answerdotai_ModernBERT-base	orig	conditioned-exclude	pair_not_significant	14	14	2146	153.28571428571428	2.6666666666666665	0.011404010984632704	0.020372058452314924	0.00481033521807856	0.009741489672378298	0.6026497747262937	0.6146788990825688	0.6042447278255039	0.6159021406727829	0.9230056432617612	0.9259438027646079	0.960038299645511	0.961401636082831	0.027113463077899434	0.020166816525472735	0.046584723407802134	0.037112679195838966
orig	14	answerdotai_ModernBERT-base	orig	raw	all	76	76	14183	186.6184210526316	8.986842105263158	-0.1137530214083381	-0.113912013832637	-0.059448105561896225	-0.05964428894008862	0.5135644737325932	0.5122980122980123	0.5141878396685423	0.5127985127985129	0.8713272016067887	0.8714542729321506	0.929036253066635	0.928962051038284	0.09296624317362258	0.09178808449360398	0.15877258686275775	0.15803047385179425
orig	14	answerdotai_ModernBERT-base	orig	raw	pair_significant	62	62	11448	184.6451612903226	9.5	-0.12752086150125722	-0.12834475988924135	-0.06587695900065403	-0.06641339945874049	0.5053550272341149	0.5034067085953878	0.5058651371866226	0.5037561146051712	0.860035301724309	0.8599381019356208	0.9224062027033659	0.9221888895597768	0.10131691046486876	0.1001158057739121	0.1728316701015903	0.17235457830645015
orig	14	answerdotai_ModernBERT-base	orig	raw	pair_not_significant	14	14	2735	195.35714285714286	6.714285714285714	-0.04809101481133929	-0.04881111672625145	-0.028787419930897437	-0.029111279792127024	0.5527172185714899	0.5524034672970843	0.5538807284284671	0.553585500394011	0.9251808779693838	0.9233995548739453	0.9606564932606876	0.9595133326009118	0.0531399837846023	0.05422474595263976	0.09172157449294104	0.09341961971589932
orig	15	answerdotai_ModernBERT-base	orig	conditioned-cat-only	all	76	76	1862	24.5	2.9166666666666665	0.25775809816139583	0.21428929427180624	0.1479155314154923	0.12205772007016537	0.9137778233315937	0.8994535519125683	0.913939524080199	0.898360655737705	0.6205779112713918	0.5897199245763234	0.7813775308698968	0.7605768286993532	0.3159751066529979	0.37045512009448045	0.37220282151830314	0.4650393744373298
orig	15	answerdotai_ModernBERT-base	orig	conditioned-cat-only	pair_significant	62	62	1837	29.629032258064516	2.942857142857143	0.2525824774621111	0.2113216448678452	0.145365750501779	0.12053416630980711	0.9111650300992178	0.8980609418282548	0.9113316308705082	0.8969529085872576	0.6211595065186071	0.5895583547212409	0.7808588598266138	0.7600516646190363	0.32635819069298766	0.375955421850175	0.38473829403112964	0.4720547088672785
orig	15	answerdotai_ModernBERT-base	orig	conditioned-cat-only	pair_not_significant	14	14	25	1.7857142857142858	2.0	0.42855358123779297	0.42855358123779297	0.2320583015680313	0.2320583015680313	1.0	1.0	1.0	1.0	0.6013852681132912	0.6013852681132912	0.7984936752982293	0.7984936752982292	-0.02666666666666667	-0.02666666666666667	-0.04146777140497051	-0.04146777140497051
orig	15	answerdotai_ModernBERT-base	orig	conditioned-exclude	all	76	76	8568	112.73684210526316	3.084507042253521	0.03342804368585348	0.025240781528883444	0.01990914224491765	0.015301677207651044	0.685035690755111	0.6819457436856876	0.685454637664573	0.6816784712013898	0.8433679017474252	0.8602714620129001	0.9122815143405124	0.9220599039281158	0.11422416840926657	0.09123163357395239	0.18017905429640932	0.15344390591258578
orig	15	answerdotai_ModernBERT-base	orig	conditioned-exclude	pair_significant	62	62	6422	103.58064516129032	3.169491525423729	0.036330576474760096	0.025282251395309974	0.021984092955130572	0.016000394825743978	0.6940998195627422	0.69203146374829	0.6951747463554508	0.6923734610123119	0.8303060120974117	0.8436114213869587	0.9044725190030413	0.9121135517825752	0.1300223307637196	0.11242163020359203	0.2045293711566898	0.18779102137365428
orig	15	answerdotai_ModernBERT-base	orig	conditioned-exclude	pair_not_significant	14	14	2146	153.28571428571428	2.6666666666666665	0.016980357882049348	0.025092453835389664	0.008151088220377764	0.01280253309107155	0.633672294178534	0.6458715596330276	0.6303740217495981	0.6434250764525994	0.917385276430834	0.919860402429111	0.9565324879195152	0.9576356026113699	0.024701248400699243	0.015440134925553297	0.04219392542148661	0.03059257183532078
orig	15	answerdotai_ModernBERT-base	orig	raw	all	76	76	14183	186.6184210526316	8.986842105263158	-0.10543088594567962	-0.10570615780511743	-0.05559005670637513	-0.055806006910756344	0.5321728378993545	0.5314600314600315	0.5302039298192663	0.5293150293150293	0.8707313654676054	0.8704900780976292	0.9277717102251296	0.9276212579885881	0.09209849834007867	0.09156045803927958	0.15881905860778528	0.15836725897790413
orig	15	answerdotai_ModernBERT-base	orig	raw	pair_significant	62	62	11448	184.6451612903226	9.5	-0.11881553713418168	-0.11981623514208549	-0.06209826621042955	-0.06269316420708711	0.5216881355778066	0.5201781970649895	0.5191296344894091	0.5174703004891684	0.8599629633129398	0.8594966673427002	0.9215507589630804	0.9212902685885525	0.09900243915194808	0.09848152833523517	0.17290116941627917	0.17278938922224923
orig	15	answerdotai_ModernBERT-base	orig	raw	pair_not_significant	14	14	2735	195.35714285714286	6.714285714285714	-0.04159639566205442	-0.04206070258304876	-0.024550903687038675	-0.024740531446455872	0.5821768028175064	0.582348305752561	0.5830197998539708	0.58274231678487	0.9220883603590881	0.9200773776730539	0.9574408623979805	0.9561780612398123	0.05917201139116305	0.060342013300075555	0.09165822244419902	0.09331424596085817
orig	16	answerdotai_ModernBERT-base	orig	conditioned-cat-only	all	76	76	1862	24.5	2.9166666666666665	0.2632565416724366	0.21599308324397587	0.14200451138758047	0.08652006503184392	0.8983619986312752	0.8486338797814208	0.9005753837458887	0.8508196721311475	0.6117345993352421	0.5865178288693293	0.7999761669139502	0.8425803525148757	0.3941225210877283	0.40314562526629916	0.4343506330582302	0.4869067856057595
orig	16	answerdotai_ModernBERT-base	orig	conditioned-cat-only	pair_significant	62	62	1837	29.629032258064516	2.942857142857143	0.25738734972070565	0.21265587004680714	0.13871558373229523	0.08424833291300529	0.8952820591958593	0.8465373961218836	0.8975625165866733	0.8487534626038781	0.6131005216207975	0.5867928796305122	0.8007107637724552	0.8435061957549254	0.4044707314556179	0.4080003904507719	0.44588583784434677	0.4929070336734795
orig	16	answerdotai_ModernBERT-base	orig	conditioned-cat-only	pair_not_significant	14	14	25	1.7857142857142858	2.0	0.4569398760795593	0.4569398760795593	0.2505391240119934	0.2505391240119934	1.0	1.0	1.0	1.0	0.5666591639119172	0.5666591639119172	0.7757344705832872	0.7757344705832872	0.05263157894736842	0.05263157894736842	0.05368887511638043	0.05368887511638043
orig	16	answerdotai_ModernBERT-base	orig	conditioned-exclude	all	76	76	8568	112.73684210526316	3.084507042253521	0.031943239200821455	0.023761232011900727	-0.005139465816318989	-0.019074016679211513	0.652466074221244	0.6402512361352399	0.6539430068226454	0.6393157824401978	0.8425152568260903	0.8598655380386734	0.9447350145390067	0.9661699008702302	0.11710735248464979	0.09342573501764578	0.18450407562834054	0.15631196929275398
orig	16	answerdotai_ModernBERT-base	orig	conditioned-exclude	pair_significant	62	62	6422	103.58064516129032	3.169491525423729	0.03469853500228412	0.023553694016280234	0.0053471445160753585	-0.006007843719715401	0.6678177309709628	0.658686730506156	0.6717316021014618	0.6609097127222983	0.8292800065540634	0.8428387924052256	0.924844314993596	0.9380947464837404	0.13243512449166092	0.11328344052157514	0.20910911175333685	0.1904124346335347
orig	16	answerdotai_ModernBERT-base	orig	conditioned-exclude	pair_not_significant	14	14	2146	153.28571428571428	2.6666666666666665	0.016329896325866382	0.024503545283086438	-0.06456359103322029	-0.06580856069580678	0.5654733526395046	0.5743119266055046	0.5531409669093514	0.5620795107033639	0.9175150083675754	0.9207660936743929	1.057448978629668	1.0665879454281468	0.030249977778253348	0.022399519857414046	0.04507553758669479	0.0343428431075029
orig	16	answerdotai_ModernBERT-base	orig	raw	all	76	76	14183	186.6184210526316	8.986842105263158	-0.11499077890068293	-0.11531915631620422	-0.08642207084223628	-0.08842360273176511	0.5044551864469374	0.5021450021450021	0.5026697858145021	0.5002860002860002	0.868395185040922	0.8686642270226599	0.9640688368379718	0.9664681802060813	0.08737960363670236	0.08636135811654438	0.15181282181482972	0.15146890068699886
orig	16	answerdotai_ModernBERT-base	orig	raw	pair_significant	62	62	11448	184.6451612903226	9.5	-0.12879812214223127	-0.1298766944495275	-0.08455087617790748	-0.08647869824424759	0.4991924264646248	0.4962438853948288	0.4994263339955421	0.49659329140461217	0.8570982941775472	0.8572468948545686	0.9441181737060615	0.9456623640588331	0.09544722703554881	0.09446508185181685	0.16698489583300852	0.16713099412249277
orig	16	answerdotai_ModernBERT-base	orig	raw	pair_not_significant	14	14	2735	195.35714285714286	6.714285714285714	-0.049140372671760045	-0.04965536728929919	-0.09534623001057368	-0.09719636339886543	0.5295545032856591	0.52876280535855	0.5181385560280032	0.5169424743892829	0.9222726645431701	0.9201636827595826	1.0592181533132377	1.0603156913383498	0.04890324588835779	0.04980839148084742	0.07945369957428466	0.08082286221200506
orig	17	answerdotai_ModernBERT-base	orig	conditioned-cat-only	all	76	76	1862	24.5	2.9166666666666665	0.25391502634567376	0.2166877138087414	0.13652156882316752	0.0878025266494541	0.8983666144787584	0.8519125683060109	0.8977659844859927	0.8508196721311475	0.6228715338551839	0.5865567788573899	0.8052021219410226	0.8369191314654295	0.33824505639776403	0.3966481021810955	0.37646507051576666	0.4686641888486449
orig	17	answerdotai_ModernBERT-base	orig	conditioned-cat-only	pair_significant	62	62	1837	29.629032258064516	2.942857142857143	0.2486537383361296	0.21376735623461554	0.13347680570388382	0.08573609693878823	0.8952868149175087	0.8498614958448754	0.8946679840158712	0.8487534626038781	0.6236003553692672	0.586386922277985	0.805772603221961	0.837619171517997	0.3493029873997165	0.4025111876222003	0.3891297020891224	0.4757297284643459
orig	17	answerdotai_ModernBERT-base	orig	conditioned-cat-only	pair_not_significant	14	14	25	1.7857142857142858	2.0	0.4275375306606293	0.4275375306606293	0.2369987517595291	0.2369987517595291	1.0	1.0	1.0	1.0	0.5988204238904331	0.5988204238904331	0.7863762396700568	0.7863762396700568	-0.02666666666666667	-0.02666666666666667	-0.04146777140497051	-0.04146777140497051
orig	17	answerdotai_ModernBERT-base	orig	conditioned-exclude	all	76	76	8568	112.73684210526316	3.084507042253521	0.04480301303556189	0.03786560303433763	0.0029947358639522766	-0.010302205966768996	0.6802040505324028	0.6708539355873313	0.6760055448947602	0.6652412134170788	0.8325227687063003	0.8478928926539313	0.9364599122710456	0.9566887521598746	0.11429628007295849	0.09464377039860217	0.18262413036566105	0.1594823230892334
orig	17	answerdotai_ModernBERT-base	orig	conditioned-exclude	pair_significant	62	62	6422	103.58064516129032	3.169491525423729	0.04789264221200902	0.038529635583604435	0.012998718748955676	0.0020719108772112144	0.6926909790304027	0.6857045143638851	0.6917412891936638	0.6848495212038304	0.8197217077384358	0.8312273796568231	0.9174743078460544	0.9299384659238743	0.1268854902464311	0.11141341673182792	0.20500040230608557	0.1920058387322621
orig	17	answerdotai_ModernBERT-base	orig	conditioned-exclude	pair_not_significant	14	14	2146	153.28571428571428	2.6666666666666665	0.027295114369028144	0.03549051902937597	-0.053694500484400325	-0.054561432452148985	0.6094447890437373	0.617737003058104	0.5868363272009721	0.5951070336391437	0.9050621141908669	0.9075014064197342	1.0440450040126619	1.0523680634186698	0.04295742242328041	0.03466279684710113	0.05582525603658872	0.04315356499722609
orig	17	answerdotai_ModernBERT-base	orig	raw	all	76	76	14183	186.6184210526316	8.986842105263158	-0.09980600664236894	-0.09962179490789796	-0.07759852005479237	-0.07929422017730585	0.5288700795717705	0.5265980265980266	0.5263620324996169	0.524024024024024	0.8572322573738008	0.8569526298376844	0.9556767842592945	0.9577548313502358	0.09900969125238622	0.09982399221632961	0.1619162115394408	0.16298419681869075
orig	17	answerdotai_ModernBERT-base	orig	raw	pair_significant	62	62	11448	184.6451612903226	9.5	-0.11266072785421725	-0.11309915700742544	-0.07613937629972614	-0.07776093942402916	0.5226012764402485	0.5195667365478687	0.5216645279760004	0.5186932215234102	0.8457808482920085	0.8452899604775967	0.9364740863899589	0.9377154000559923	0.10772188008425394	0.10896923978979578	0.1768972769569316	0.17870348984486678
orig	17	answerdotai_ModernBERT-base	orig	raw	pair_not_significant	14	14	2735	195.35714285714286	6.714285714285714	-0.03849887470893849	-0.03883028926747617	-0.08455751334818509	-0.08621029506442618	0.5587674483528755	0.5583136327817179	0.5487655156122494	0.5480693459416863	0.9118466699177333	0.9095587129087169	1.0472588817899728	1.048145457613631	0.05745925220809402	0.058573088267928994	0.09046805339448452	0.09208015167934348
orig	18	answerdotai_ModernBERT-base	orig	conditioned-cat-only	all	76	76	1862	24.5	2.9166666666666665	0.26593480183338913	0.23454321801746417	0.14468489092900305	0.10159439163236512	0.9072110133879269	0.860655737704918	0.9071813883227517	0.860655737704918	0.6162442945593747	0.5771325662478967	0.7985853884620228	0.8231820414642882	0.4060087921644077	0.4470639714772852	0.44107208487520155	0.5146221088213472
orig	18	answerdotai_ModernBERT-base	orig	conditioned-cat-only	pair_significant	62	62	1837	29.629032258064516	2.942857142857143	0.26250984870553523	0.23254300974827993	0.14263162500890647	0.10005909696948666	0.9043992259148338	0.8587257617728532	0.9043687031204108	0.8587257617728532	0.61505866436963	0.5760489440238932	0.7981282180398241	0.8233137593184392	0.4191201697047433	0.4536253376565643	0.4556945047624795	0.5223241847247587
orig	18	answerdotai_ModernBERT-base	orig	conditioned-cat-only	pair_not_significant	14	14	25	1.7857142857142858	2.0	0.37895825505256653	0.37895825505256653	0.21244266629219055	0.21244266629219055	1.0	1.0	1.0	1.0	0.6553700908209498	0.6553700908209499	0.8136720123945762	0.8136720123945761	-0.02666666666666667	-0.02666666666666667	-0.04146777140497051	-0.04146777140497051
orig	18	answerdotai_ModernBERT-base	orig	conditioned-exclude	all	76	76	8568	112.73684210526316	3.084507042253521	0.0651724530927216	0.05796278437362322	0.016701982765031667	0.004458088854752326	0.7099797589456093	0.7019911800080182	0.7058144416679579	0.6957102766270212	0.813208685631713	0.8276857337614368	0.92252769575148	0.940229898692623	0.1420328439525092	0.12127681203872046	0.20746909820032905	0.1838783475552879
orig	18	answerdotai_ModernBERT-base	orig	conditioned-exclude	pair_significant	62	62	6422	103.58064516129032	3.169491525423729	0.06960309611852555	0.06103824756761807	0.025917873559200076	0.015896794359552772	0.7213746709543676	0.7156292749658003	0.720628106933756	0.7140902872777017	0.8002692639944676	0.8102497650438206	0.905651469096775	0.916274862993663	0.15909719192304703	0.1455592491260348	0.2334108877638994	0.22270080745389195
orig	18	answerdotai_ModernBERT-base	orig	conditioned-exclude	pair_not_significant	14	14	2146	153.28571428571428	2.6666666666666665	0.04006547594649924	0.04696259553051505	-0.03552139840192265	-0.03645539725660731	0.6454085908959777	0.653211009174312	0.6218703384951019	0.6299694189602446	0.8865320749094368	0.8900499815049361	1.0181596467948077	1.025911274085601	0.04533487211946166	0.03442440097657104	0.06046562400676377	0.04501978762437856
orig	18	answerdotai_ModernBERT-base	orig	raw	all	76	76	14183	186.6184210526316	8.986842105263158	-0.07660691330985477	-0.07659835053967771	-0.061279018887629114	-0.0628046153210833	0.5693308450840511	0.5675675675675675	0.5651304056401754	0.5630630630630631	0.8346661466287015	0.8346301350349997	0.9391831419823136	0.9410962921574326	0.10898871485418309	0.10855182677641556	0.1914507710082914	0.19071708235520712
orig	18	answerdotai_ModernBERT-base	orig	raw	pair_significant	62	62	11448	184.6451612903226	9.5	-0.08851968787700659	-0.08919969597607812	-0.060864716852759765	-0.062383936060148186	0.5632165600936146	0.5608839972047519	0.5616833651916983	0.5592243186582809	0.822700342557366	0.8225598405626211	0.9220052734721884	0.9232153733805967	0.1189091374183674	0.11867891686332968	0.20890596008407297	0.2085692358638364
orig	18	answerdotai_ModernBERT-base	orig	raw	pair_not_significant	14	14	2735	195.35714285714286	6.714285714285714	-0.019792142297284536	-0.01975823920953122	-0.06325492090008293	-0.0647021473065779	0.5984912811922862	0.5977147360126084	0.5815701370098355	0.5803782505910166	0.8917338275843021	0.8890748675487073	1.0211083610306029	1.0217506491933739	0.061675930317304034	0.06287218638437723	0.10820294618533319	0.11019247503968799
orig	19	answerdotai_ModernBERT-base	orig	conditioned-cat-only	all	76	76	1862	24.5	2.9166666666666665	0.28212065229822386	0.25031364721174815	0.15693596741852267	0.11562185431445715	0.9091800721943593	0.8666666666666667	0.9090007053255887	0.8644808743169399	0.5960817717070155	0.5603576704513823	0.7826104427149934	0.8033529031413097	0.3706557262712144	0.42975525161312356	0.4195934109696666	0.5107761495898641
orig	19	answerdotai_ModernBERT-base	orig	conditioned-cat-only	pair_significant	62	62	1837	29.629032258064516	2.942857142857143	0.2777671726124192	0.24788328939016877	0.15428386980960512	0.11383745910395375	0.906427953169946	0.864819944598338	0.9062431509415156	0.8626038781163435	0.5959714497115358	0.559812452624423	0.7828811261214295	0.8037639143994636	0.3816207309252747	0.43558551032400855	0.4328535656927838	0.5180998039455853
orig	19	answerdotai_ModernBERT-base	orig	conditioned-cat-only	pair_not_significant	14	14	25	1.7857142857142858	2.0	0.42578548192977905	0.42578548192977905	0.24445518851280212	0.24445518851280212	1.0	1.0	1.0	1.0	0.5997223975578482	0.5997223975578482	0.7736778903026009	0.773677890302601	0.00881057268722467	0.00881057268722467	-0.01799169489319756	-0.01799169489319756
orig	19	answerdotai_ModernBERT-base	orig	conditioned-exclude	all	76	76	8568	112.73684210526316	3.084507042253521	0.07013198434142395	0.0628542774628221	0.022384700668044388	0.011213811714009005	0.7190081600999759	0.7133502605906722	0.7127123268201457	0.7051984498195911	0.8077629942714133	0.8222289940004609	0.915950229321561	0.9322665763175036	0.1471801805021084	0.12519189032360736	0.21756848440330268	0.19228442290233794
orig	19	answerdotai_ModernBERT-base	orig	conditioned-exclude	pair_significant	62	62	6422	103.58064516129032	3.169491525423729	0.07540750047465895	0.06718809517868381	0.0313103139382221	0.02235939987594639	0.7293674495609219	0.725718194254446	0.7235025435855147	0.7176812585499316	0.7941216567836429	0.8036738415429493	0.8996389377565219	0.9089982452202457	0.1632043917399429	0.1470268462130011	0.24291376465366019	0.22927976158281235
orig	19	answerdotai_ModernBERT-base	orig	conditioned-exclude	pair_not_significant	14	14	2146	153.28571428571428	2.6666666666666665	0.04023739291975895	0.04735325850113452	-0.028193774529629283	-0.028651264476211063	0.6603055198212813	0.6691131498470948	0.6515677651497206	0.6605504587155964	0.8850639067021124	0.8885962915977256	1.00838088152345	1.0154917752513044	0.056376316821046366	0.04709352821891338	0.07394522965127666	0.059961034154072335
orig	19	answerdotai_ModernBERT-base	orig	raw	all	76	76	14183	186.6184210526316	8.986842105263158	-0.07618941233182946	-0.07608593786446956	-0.05847972917855562	-0.059757843870115346	0.5793631327155351	0.5783640783640783	0.5718043648382551	0.5703560703560704	0.8318014581696971	0.8316992165820116	0.9340951366512926	0.9358186272889586	0.11689751220523249	0.11671233168282931	0.19930380810379356	0.19994133528390853
orig	19	answerdotai_ModernBERT-base	orig	raw	pair_significant	62	62	11448	184.6451612903226	9.5	-0.08783272875382775	-0.08841105892240303	-0.058343307755656555	-0.05965781920504351	0.5724064345203999	0.5707547169811321	0.5648752616748492	0.5627183787561146	0.8194519230985048	0.8192596100835706	0.917523299579926	0.9186510640396848	0.12850008266331653	0.12867328335842837	0.21815267321514958	0.21956791603624642
orig	19	answerdotai_ModernBERT-base	orig	raw	pair_not_significant	14	14	2735	195.35714285714286	6.714285714285714	-0.020659749396145344	-0.020491774794641936	-0.059130354426228084	-0.060209018955120215	0.6125412318000257	0.6126871552403468	0.6048508568483443	0.6048069345941687	0.8906992408169224	0.8878097820643415	1.0131300519147333	1.013255295562278	0.06156217617436991	0.06276080497587173	0.10940922064963401	0.11141292848612908
orig	20	answerdotai_ModernBERT-base	orig	conditioned-cat-only	all	76	76	1862	24.5	2.9166666666666665	0.2736871597247527	0.24998982725715865	0.15201608951696577	0.11656279035747213	0.913564792258544	0.8781420765027322	0.9092100796217971	0.8650273224043716	0.6119058963850152	0.571638260298974	0.7903110339828213	0.8050722885297917	0.3451090974622457	0.4117634802971285	0.38377507597315974	0.48467696650088893
orig	20	answerdotai_ModernBERT-base	orig	conditioned-cat-only	pair_significant	62	62	1837	29.629032258064516	2.942857142857143	0.27013480434702203	0.24803795662097158	0.14989417458348203	0.11510189711696718	0.9109455435391061	0.8764542936288089	0.9064588699133668	0.8631578947368421	0.6111627553143958	0.5707408739912664	0.7901181233279648	0.8051885655787765	0.3552999618493676	0.41734454549948174	0.3959498266054736	0.49163913632629186
orig	20	answerdotai_ModernBERT-base	orig	conditioned-cat-only	pair_not_significant	14	14	25	1.7857142857142858	2.0	0.3909148871898651	0.3909148871898651	0.22203928232192993	0.22203928232192993	1.0	1.0	1.0	1.0	0.6364295517154591	0.6364295517154591	0.7966770855930888	0.7966770855930888	0.00881057268722467	0.00881057268722467	-0.01799169489319756	-0.01799169489319756
orig	20	answerdotai_ModernBERT-base	orig	conditioned-exclude	all	76	76	8568	112.73684210526316	3.084507042253521	0.08167293233176072	0.0754967595766829	0.02974979737027752	0.01974856022947332	0.7372951184729043	0.7328611519444074	0.7295475486610896	0.7220366163303488	0.8033285554094559	0.8157977329018768	0.9118405762037021	0.9260792327973301	0.1513106777073377	0.12930578582851732	0.22127750830447487	0.19638205841362352
orig	20	answerdotai_ModernBERT-base	orig	conditioned-exclude	pair_significant	62	62	6422	103.58064516129032	3.169491525423729	0.08732917546933773	0.08079876280571277	0.03827488479916664	0.03050151149705358	0.7475577510459692	0.7457250341997264	0.7407924874109162	0.7356361149110807	0.7905568180230397	0.7980367807961517	0.8969086424719849	0.9045373617624549	0.1670990512108432	0.15071159896451455	0.24589949429861743	0.23239769273931032
orig	20	answerdotai_ModernBERT-base	orig	conditioned-exclude	pair_not_significant	14	14	2146	153.28571428571428	2.6666666666666665	0.04962088788549105	0.05653277493853817	-0.018559031393427478	-0.01871214864686269	0.6791402005588696	0.6868501529051988	0.6658262290787381	0.673394495412844	0.8757017339324809	0.8793243677118346	0.9964548673500988	1.003129301183844	0.061843227854139614	0.052742363676032925	0.08175292100433394	0.06756283545544825
orig	20	answerdotai_ModernBERT-base	orig	raw	all	76	76	14183	186.6184210526316	8.986842105263158	-0.057600919459946456	-0.05729104999855064	-0.04739257628980947	-0.04846302967615433	0.607077977246249	0.6063921063921064	0.598863333249364	0.5975975975975976	0.8209303794226485	0.820779477264111	0.9260656482235409	0.9276122396040043	0.12315225348285876	0.1224193546931031	0.2105963255220903	0.21025441631916783
orig	20	answerdotai_ModernBERT-base	orig	raw	pair_significant	62	62	11448	184.6451612903226	9.5	-0.06737191400175253	-0.0676299841552597	-0.04677884782335417	-0.047848334796973736	0.6019772184723113	0.6008909853249476	0.5934123326193765	0.5916317260656884	0.8082298594805102	0.8079910112679854	0.9101082719989319	0.9110980162147968	0.13720233587668595	0.13687297179740804	0.2321129115870922	0.2324931811080978
orig	20	answerdotai_ModernBERT-base	orig	raw	pair_not_significant	14	14	2735	195.35714285714286	6.714285714285714	-0.011000791645179002	-0.01065585763211831	-0.05031958897598088	-0.051235695939692336	0.6314046729373362	0.6312056737588653	0.624860413176996	0.6245074862096138	0.881502089915923	0.8784636217572723	1.002170057910137	1.0021019280829824	0.056144168219990506	0.05722431583964255	0.10797876121208129	0.10994339216484512
orig	21	answerdotai_ModernBERT-base	orig	conditioned-cat-only	all	76	76	1862	24.5	2.9166666666666665	0.26717022179132877	0.24488742245880307	0.14735114628531257	0.11205191504327285	0.9185964352401638	0.8852459016393442	0.908692249555093	0.8644808743169399	0.6183621296341966	0.5737578485380059	0.7929582556450141	0.8043274569289871	0.3300997935285168	0.40209531190859255	0.3669828514557835	0.4743979864970324
orig	21	answerdotai_ModernBERT-base	orig	conditioned-cat-only	pair_significant	62	62	1837	29.629032258064516	2.942857142857143	0.2637423198726593	0.24301202685425155	0.14566122818822888	0.11079060578502074	0.9161296605504717	0.8836565096952909	0.9059253480264595	0.8626038781163435	0.6173735388919118	0.572688211756959	0.7920493497434912	0.8040694971856869	0.3409108983829163	0.40803384346780663	0.3793601430576245	0.481542941592628
orig	21	answerdotai_ModernBERT-base	orig	conditioned-cat-only	pair_not_significant	14	14	25	1.7857142857142858	2.0	0.3802909851074219	0.3802909851074219	0.2031184434890747	0.2031184434890747	1.0	1.0	1.0	1.0	0.6509856241295859	0.650985624129586	0.8229521503952718	0.8229521503952718	-0.02666666666666667	-0.02666666666666667	-0.04146777140497051	-0.04146777140497051
orig	21	answerdotai_ModernBERT-base	orig	conditioned-exclude	all	76	76	8568	112.73684210526316	3.084507042253521	0.07944553904235363	0.07311782274894554	0.027659471410637102	0.018268422791531472	0.7408260485947661	0.7368702392088734	0.7285296702495833	0.7213684351196045	0.8058475903808312	0.8180914017308322	0.9134081342512121	0.9264463855127907	0.14383237370672425	0.11923947421141462	0.21258246518660226	0.18534767560537174
orig	21	answerdotai_ModernBERT-base	orig	conditioned-exclude	pair_significant	62	62	6422	103.58064516129032	3.169491525423729	0.08502252251092418	0.07831842789939884	0.0353706149229159	0.02784900479224127	0.751206858609673	0.7503419972640218	0.7396289671893345	0.7351231190150479	0.792418428482237	0.7992689893159793	0.8991763281550932	0.905819873432307	0.1575567063103869	0.13726390306946756	0.23489625396478736	0.21750411025560237
orig	21	answerdotai_ModernBERT-base	orig	conditioned-exclude	pair_not_significant	14	14	2146	153.28571428571428	2.6666666666666665	0.04784263272045387	0.054516514541085706	-0.016037008492276073	-0.015999004450151042	0.6820014585102939	0.6886850152905198	0.6656336542576594	0.67217125382263	0.8819461744728646	0.8854146236281162	0.9940550354625542	1.0002224360612126	0.0660611556193022	0.05477044671178552	0.08613766211021996	0.0703318775414276
orig	21	answerdotai_ModernBERT-base	orig	raw	all	76	76	14183	186.6184210526316	8.986842105263158	-0.054743744366957496	-0.05463404632747481	-0.04635281765523056	-0.047439194018803386	0.6090397057147519	0.6078221078221078	0.596673333389795	0.5950950950950951	0.8248021728523288	0.8245896314314679	0.9259877364743327	0.9273736613243976	0.1266289047557635	0.1258356191730496	0.21494562277625334	0.21423139420435713
orig	21	answerdotai_ModernBERT-base	orig	raw	pair_significant	62	62	11448	184.6451612903226	9.5	-0.0648075443074753	-0.06535324907013469	-0.04659040512201647	-0.04772447987879704	0.6037482976723585	0.6018518518518519	0.591097134485908	0.5888364779874213	0.8117016191254104	0.811344798721924	0.9109698395604285	0.911801959653822	0.13841533775299	0.13781552407546946	0.23451016189353843	0.2342623243145419
orig	21	answerdotai_ModernBERT-base	orig	raw	pair_not_significant	14	14	2735	195.35714285714286	6.714285714285714	-0.006747160035257156	-0.006283599913774911	-0.045219708198251635	-0.04615237269287458	0.634275651763089	0.6347517730496454	0.6232675127775631	0.6233254531126872	0.8872817367807095	0.8843322811000494	0.9976115525252619	0.9976119752427381	0.07041668584591412	0.07179860131532585	0.12163782083227859	0.12387911370735369
orig	22	answerdotai_ModernBERT-base	orig	conditioned-cat-only	all	76	76	1862	24.5	2.9166666666666665	0.26387579945902173	0.23498314102867343	0.1460920035280972	0.10819672847076324	0.9217270254494057	0.8890710382513661	0.9120939332810071	0.8677595628415301	0.6248783649353787	0.588648087302915	0.7947337494566349	0.8073411419496737	0.3196749063523815	0.3934370640099328	0.37601937291404813	0.4803038953493105
orig	22	answerdotai_ModernBERT-base	orig	conditioned-cat-only	pair_significant	62	62	1837	29.629032258064516	2.942857142857143	0.26027008472010493	0.23293492434149055	0.14442138485504652	0.10690828399336703	0.9193551171296906	0.8875346260387812	0.9094301130774012	0.8659279778393352	0.624244192983048	0.587856425917051	0.7937427933453327	0.8070628294956581	0.32417861164854617	0.39651718080260573	0.37941592265565993	0.4833007189491506
orig	22	answerdotai_ModernBERT-base	orig	conditioned-cat-only	pair_not_significant	14	14	25	1.7857142857142858	2.0	0.382864385843277	0.382864385843277	0.20122241973876953	0.20122241973876953	1.0	1.0	1.0	1.0	0.645806039362293	0.645806039362293	0.8274353011296043	0.8274353011296043	0.17105263157894737	0.17105263157894737	0.26393323144085945	0.26393323144085945
orig	22	answerdotai_ModernBERT-base	orig	conditioned-exclude	all	76	76	8568	112.73684210526316	3.084507042253521	0.06936767928224678	0.06338675461751068	0.023034030261139076	0.014083480278513435	0.7326581756059404	0.7272484297741547	0.7247514874270501	0.7172257116129894	0.819458596619846	0.8319002936147106	0.9195373623144206	0.9324259958104666	0.1387450219919572	0.11651290541760945	0.2074933414092484	0.18203261654831443
orig	22	answerdotai_ModernBERT-base	orig	conditioned-exclude	pair_significant	62	62	6422	103.58064516129032	3.169491525423729	0.07420853011803154	0.0673411616206866	0.03005874464197048	0.022506544649594295	0.7449237388613564	0.7429890560875513	0.7366027566931703	0.731532147742818	0.8065376461617901	0.8141844304412921	0.9057916157238225	0.912713220521955	0.15469950968486998	0.13730247181173674	0.23343456486832356	0.21850972788872713
orig	22	answerdotai_ModernBERT-base	orig	conditioned-exclude	pair_not_significant	14	14	2146	153.28571428571428	2.6666666666666665	0.04193619121279982	0.049242796113184835	-0.01677268456357221	-0.01604378604691829	0.6631533171585826	0.6709480122324158	0.6575942949190352	0.6660550458715596	0.8926773158821631	0.8952656562068521	0.9974299263278112	1.00293383060387	0.048336258398784845	0.042153648981611586	0.060493075141155955	0.05156280179679534
orig	22	answerdotai_ModernBERT-base	orig	raw	all	76	76	14183	186.6184210526316	8.986842105263158	-0.06164279541311165	-0.061275505846386	-0.048405079868001244	-0.0493137296286542	0.5982514481688224	0.597025597025597	0.5884973334390783	0.5867295867295867	0.8384125181023606	0.8381260472074136	0.9317765812956913	0.9330465357221703	0.12197334886238353	0.12152745774135337	0.20418039632134483	0.20446825347927158
orig	22	answerdotai_ModernBERT-base	orig	raw	pair_significant	62	62	11448	184.6451612903226	9.5	-0.07221517114404348	-0.07238324175076755	-0.04902669904385543	-0.049944851252821144	0.5937086937850278	0.5919811320754716	0.5832839764611963	0.5808874912648497	0.8267114401122151	0.8262241507158736	0.9177980465983867	0.9185201500635923	0.13110687664366638	0.1307372019082595	0.22116686222100077	0.22197769615514445
orig	22	answerdotai_ModernBERT-base	orig	raw	pair_not_significant	14	14	2735	195.35714285714286	6.714285714285714	-0.011220695773282876	-0.011172526873430932	-0.04544043456777357	-0.04646696826007138	0.6199168921530731	0.619779353821907	0.6133610359489757	0.6130811662726556	0.8942176592861316	0.8918111973394661	0.9984434390828347	0.9985698072034153	0.07841344713626533	0.07998563298850017	0.1231680204922163	0.12548949077107924
