model	embed_type	layer	lemma	msps	system_id	semantic_label	form_1	form_2	cond_type	n_tokens	k2_sil
bert-base-uncased	orig	0	bid	ppt	bid__ppt	"To offer (a price) whether for payment or acceptance. ""The contractor bid $10,00"	bidden	bid	cat	40	0.47188225388526917
bert-base-uncased	delta	0	bid	ppt	bid__ppt	"To offer (a price) whether for payment or acceptance. ""The contractor bid $10,00"	bidden	bid	cat	40	nan
bert-base-uncased	orig	1	bid	ppt	bid__ppt	"To offer (a price) whether for payment or acceptance. ""The contractor bid $10,00"	bidden	bid	cat	40	0.10718034207820892
bert-base-uncased	delta	1	bid	ppt	bid__ppt	"To offer (a price) whether for payment or acceptance. ""The contractor bid $10,00"	bidden	bid	cat	40	0.15926289558410645
bert-base-uncased	orig	2	bid	ppt	bid__ppt	"To offer (a price) whether for payment or acceptance. ""The contractor bid $10,00"	bidden	bid	cat	40	0.1456502228975296
bert-base-uncased	delta	2	bid	ppt	bid__ppt	"To offer (a price) whether for payment or acceptance. ""The contractor bid $10,00"	bidden	bid	cat	40	0.09780233353376389
bert-base-uncased	orig	3	bid	ppt	bid__ppt	"To offer (a price) whether for payment or acceptance. ""The contractor bid $10,00"	bidden	bid	cat	40	0.14152629673480988
bert-base-uncased	delta	3	bid	ppt	bid__ppt	"To offer (a price) whether for payment or acceptance. ""The contractor bid $10,00"	bidden	bid	cat	40	0.1579589545726776
bert-base-uncased	orig	4	bid	ppt	bid__ppt	"To offer (a price) whether for payment or acceptance. ""The contractor bid $10,00"	bidden	bid	cat	40	0.1479332447052002
bert-base-uncased	delta	4	bid	ppt	bid__ppt	"To offer (a price) whether for payment or acceptance. ""The contractor bid $10,00"	bidden	bid	cat	40	0.13144488632678986
bert-base-uncased	orig	5	bid	ppt	bid__ppt	"To offer (a price) whether for payment or acceptance. ""The contractor bid $10,00"	bidden	bid	cat	40	0.14111760258674622
bert-base-uncased	delta	5	bid	ppt	bid__ppt	"To offer (a price) whether for payment or acceptance. ""The contractor bid $10,00"	bidden	bid	cat	40	0.1270030289888382
bert-base-uncased	orig	6	bid	ppt	bid__ppt	"To offer (a price) whether for payment or acceptance. ""The contractor bid $10,00"	bidden	bid	cat	40	0.13865353167057037
bert-base-uncased	delta	6	bid	ppt	bid__ppt	"To offer (a price) whether for payment or acceptance. ""The contractor bid $10,00"	bidden	bid	cat	40	0.11738055944442749
bert-base-uncased	orig	7	bid	ppt	bid__ppt	"To offer (a price) whether for payment or acceptance. ""The contractor bid $10,00"	bidden	bid	cat	40	0.1699037253856659
bert-base-uncased	delta	7	bid	ppt	bid__ppt	"To offer (a price) whether for payment or acceptance. ""The contractor bid $10,00"	bidden	bid	cat	40	0.13769976794719696
bert-base-uncased	orig	8	bid	ppt	bid__ppt	"To offer (a price) whether for payment or acceptance. ""The contractor bid $10,00"	bidden	bid	cat	40	0.1664234846830368
bert-base-uncased	delta	8	bid	ppt	bid__ppt	"To offer (a price) whether for payment or acceptance. ""The contractor bid $10,00"	bidden	bid	cat	40	0.13188937306404114
bert-base-uncased	orig	9	bid	ppt	bid__ppt	"To offer (a price) whether for payment or acceptance. ""The contractor bid $10,00"	bidden	bid	cat	40	0.13281166553497314
bert-base-uncased	delta	9	bid	ppt	bid__ppt	"To offer (a price) whether for payment or acceptance. ""The contractor bid $10,00"	bidden	bid	cat	40	0.12406396865844727
bert-base-uncased	orig	10	bid	ppt	bid__ppt	"To offer (a price) whether for payment or acceptance. ""The contractor bid $10,00"	bidden	bid	cat	40	0.10342154651880264
bert-base-uncased	delta	10	bid	ppt	bid__ppt	"To offer (a price) whether for payment or acceptance. ""The contractor bid $10,00"	bidden	bid	cat	40	0.1110309511423111
bert-base-uncased	orig	11	bid	ppt	bid__ppt	"To offer (a price) whether for payment or acceptance. ""The contractor bid $10,00"	bidden	bid	cat	40	0.09134221076965332
bert-base-uncased	delta	11	bid	ppt	bid__ppt	"To offer (a price) whether for payment or acceptance. ""The contractor bid $10,00"	bidden	bid	cat	40	0.10456538200378418
bert-base-uncased	orig	12	bid	ppt	bid__ppt	"To offer (a price) whether for payment or acceptance. ""The contractor bid $10,00"	bidden	bid	cat	40	0.07817958295345306
bert-base-uncased	delta	12	bid	ppt	bid__ppt	"To offer (a price) whether for payment or acceptance. ""The contractor bid $10,00"	bidden	bid	cat	40	0.09396306425333023
bert-base-uncased	orig	0	bid	ppt	bid__ppt	"To issue an order to. To tell. ""did as I was bid"""	bidden	bid	prob	25	0.570427417755127
bert-base-uncased	delta	0	bid	ppt	bid__ppt	"To issue an order to. To tell. ""did as I was bid"""	bidden	bid	prob	25	nan
bert-base-uncased	orig	1	bid	ppt	bid__ppt	"To issue an order to. To tell. ""did as I was bid"""	bidden	bid	prob	25	0.11815916001796722
bert-base-uncased	delta	1	bid	ppt	bid__ppt	"To issue an order to. To tell. ""did as I was bid"""	bidden	bid	prob	25	0.3017345666885376
bert-base-uncased	orig	2	bid	ppt	bid__ppt	"To issue an order to. To tell. ""did as I was bid"""	bidden	bid	prob	25	0.25177085399627686
bert-base-uncased	delta	2	bid	ppt	bid__ppt	"To issue an order to. To tell. ""did as I was bid"""	bidden	bid	prob	25	0.15935850143432617
bert-base-uncased	orig	3	bid	ppt	bid__ppt	"To issue an order to. To tell. ""did as I was bid"""	bidden	bid	prob	25	0.2448686957359314
bert-base-uncased	delta	3	bid	ppt	bid__ppt	"To issue an order to. To tell. ""did as I was bid"""	bidden	bid	prob	25	0.28853586316108704
bert-base-uncased	orig	4	bid	ppt	bid__ppt	"To issue an order to. To tell. ""did as I was bid"""	bidden	bid	prob	25	0.281371146440506
bert-base-uncased	delta	4	bid	ppt	bid__ppt	"To issue an order to. To tell. ""did as I was bid"""	bidden	bid	prob	25	0.2992892563343048
bert-base-uncased	orig	5	bid	ppt	bid__ppt	"To issue an order to. To tell. ""did as I was bid"""	bidden	bid	prob	25	0.2548329830169678
bert-base-uncased	delta	5	bid	ppt	bid__ppt	"To issue an order to. To tell. ""did as I was bid"""	bidden	bid	prob	25	0.26015692949295044
bert-base-uncased	orig	6	bid	ppt	bid__ppt	"To issue an order to. To tell. ""did as I was bid"""	bidden	bid	prob	25	0.26889529824256897
bert-base-uncased	delta	6	bid	ppt	bid__ppt	"To issue an order to. To tell. ""did as I was bid"""	bidden	bid	prob	25	0.2462514489889145
bert-base-uncased	orig	7	bid	ppt	bid__ppt	"To issue an order to. To tell. ""did as I was bid"""	bidden	bid	prob	25	0.29761984944343567
bert-base-uncased	delta	7	bid	ppt	bid__ppt	"To issue an order to. To tell. ""did as I was bid"""	bidden	bid	prob	25	0.2332649976015091
bert-base-uncased	orig	8	bid	ppt	bid__ppt	"To issue an order to. To tell. ""did as I was bid"""	bidden	bid	prob	25	0.2913419008255005
bert-base-uncased	delta	8	bid	ppt	bid__ppt	"To issue an order to. To tell. ""did as I was bid"""	bidden	bid	prob	25	0.23081086575984955
bert-base-uncased	orig	9	bid	ppt	bid__ppt	"To issue an order to. To tell. ""did as I was bid"""	bidden	bid	prob	25	0.2631680369377136
bert-base-uncased	delta	9	bid	ppt	bid__ppt	"To issue an order to. To tell. ""did as I was bid"""	bidden	bid	prob	25	0.22251571714878082
bert-base-uncased	orig	10	bid	ppt	bid__ppt	"To issue an order to. To tell. ""did as I was bid"""	bidden	bid	prob	25	0.22898006439208984
bert-base-uncased	delta	10	bid	ppt	bid__ppt	"To issue an order to. To tell. ""did as I was bid"""	bidden	bid	prob	25	0.18929991126060486
bert-base-uncased	orig	11	bid	ppt	bid__ppt	"To issue an order to. To tell. ""did as I was bid"""	bidden	bid	prob	25	0.2027854323387146
bert-base-uncased	delta	11	bid	ppt	bid__ppt	"To issue an order to. To tell. ""did as I was bid"""	bidden	bid	prob	25	0.1584397554397583
bert-base-uncased	orig	12	bid	ppt	bid__ppt	"To issue an order to. To tell. ""did as I was bid"""	bidden	bid	prob	25	0.19247758388519287
bert-base-uncased	delta	12	bid	ppt	bid__ppt	"To issue an order to. To tell. ""did as I was bid"""	bidden	bid	prob	25	0.1469430923461914
bert-base-uncased	orig	0	bid	ppt	bid__ppt	"To give expression to. ""bade a tearful farewell"""	bidden	bid	no_cond	10	0.8205534815788269
bert-base-uncased	delta	0	bid	ppt	bid__ppt	"To give expression to. ""bade a tearful farewell"""	bidden	bid	no_cond	10	nan
bert-base-uncased	orig	1	bid	ppt	bid__ppt	"To give expression to. ""bade a tearful farewell"""	bidden	bid	no_cond	10	0.1257510483264923
bert-base-uncased	delta	1	bid	ppt	bid__ppt	"To give expression to. ""bade a tearful farewell"""	bidden	bid	no_cond	10	0.20592686533927917
bert-base-uncased	orig	2	bid	ppt	bid__ppt	"To give expression to. ""bade a tearful farewell"""	bidden	bid	no_cond	10	0.12255100160837173
bert-base-uncased	delta	2	bid	ppt	bid__ppt	"To give expression to. ""bade a tearful farewell"""	bidden	bid	no_cond	10	0.10137712955474854
bert-base-uncased	orig	3	bid	ppt	bid__ppt	"To give expression to. ""bade a tearful farewell"""	bidden	bid	no_cond	10	0.11462168395519257
bert-base-uncased	delta	3	bid	ppt	bid__ppt	"To give expression to. ""bade a tearful farewell"""	bidden	bid	no_cond	10	0.1338001936674118
bert-base-uncased	orig	4	bid	ppt	bid__ppt	"To give expression to. ""bade a tearful farewell"""	bidden	bid	no_cond	10	0.15292827785015106
bert-base-uncased	delta	4	bid	ppt	bid__ppt	"To give expression to. ""bade a tearful farewell"""	bidden	bid	no_cond	10	0.07839123159646988
bert-base-uncased	orig	5	bid	ppt	bid__ppt	"To give expression to. ""bade a tearful farewell"""	bidden	bid	no_cond	10	0.1849604994058609
bert-base-uncased	delta	5	bid	ppt	bid__ppt	"To give expression to. ""bade a tearful farewell"""	bidden	bid	no_cond	10	0.11574169248342514
bert-base-uncased	orig	6	bid	ppt	bid__ppt	"To give expression to. ""bade a tearful farewell"""	bidden	bid	no_cond	10	0.18821145594120026
bert-base-uncased	delta	6	bid	ppt	bid__ppt	"To give expression to. ""bade a tearful farewell"""	bidden	bid	no_cond	10	0.09517336636781693
bert-base-uncased	orig	7	bid	ppt	bid__ppt	"To give expression to. ""bade a tearful farewell"""	bidden	bid	no_cond	10	0.15356293320655823
bert-base-uncased	delta	7	bid	ppt	bid__ppt	"To give expression to. ""bade a tearful farewell"""	bidden	bid	no_cond	10	0.16326820850372314
bert-base-uncased	orig	8	bid	ppt	bid__ppt	"To give expression to. ""bade a tearful farewell"""	bidden	bid	no_cond	10	0.11001614481210709
bert-base-uncased	delta	8	bid	ppt	bid__ppt	"To give expression to. ""bade a tearful farewell"""	bidden	bid	no_cond	10	0.1597099006175995
bert-base-uncased	orig	9	bid	ppt	bid__ppt	"To give expression to. ""bade a tearful farewell"""	bidden	bid	no_cond	10	0.08003927767276764
bert-base-uncased	delta	9	bid	ppt	bid__ppt	"To give expression to. ""bade a tearful farewell"""	bidden	bid	no_cond	10	0.07528361678123474
bert-base-uncased	orig	10	bid	ppt	bid__ppt	"To give expression to. ""bade a tearful farewell"""	bidden	bid	no_cond	10	0.07080115377902985
bert-base-uncased	delta	10	bid	ppt	bid__ppt	"To give expression to. ""bade a tearful farewell"""	bidden	bid	no_cond	10	0.0626663863658905
bert-base-uncased	orig	11	bid	ppt	bid__ppt	"To give expression to. ""bade a tearful farewell"""	bidden	bid	no_cond	10	0.07284577190876007
bert-base-uncased	delta	11	bid	ppt	bid__ppt	"To give expression to. ""bade a tearful farewell"""	bidden	bid	no_cond	10	0.07472316920757294
bert-base-uncased	orig	12	bid	ppt	bid__ppt	"To give expression to. ""bade a tearful farewell"""	bidden	bid	no_cond	10	0.08989319950342178
bert-base-uncased	delta	12	bid	ppt	bid__ppt	"To give expression to. ""bade a tearful farewell"""	bidden	bid	no_cond	10	0.060743849724531174
bert-base-uncased	orig	0	bid	pst	bid__pst	"To offer (a price) whether for payment or acceptance. ""The contractor bid $10,00"	bid	bade	cat	3	0.12579575181007385
bert-base-uncased	delta	0	bid	pst	bid__pst	"To offer (a price) whether for payment or acceptance. ""The contractor bid $10,00"	bid	bade	cat	3	nan
bert-base-uncased	orig	1	bid	pst	bid__pst	"To offer (a price) whether for payment or acceptance. ""The contractor bid $10,00"	bid	bade	cat	3	0.1073150560259819
bert-base-uncased	delta	1	bid	pst	bid__pst	"To offer (a price) whether for payment or acceptance. ""The contractor bid $10,00"	bid	bade	cat	3	0.3510642349720001
bert-base-uncased	orig	2	bid	pst	bid__pst	"To offer (a price) whether for payment or acceptance. ""The contractor bid $10,00"	bid	bade	cat	3	0.018747156485915184
bert-base-uncased	delta	2	bid	pst	bid__pst	"To offer (a price) whether for payment or acceptance. ""The contractor bid $10,00"	bid	bade	cat	3	0.41784632205963135
bert-base-uncased	orig	3	bid	pst	bid__pst	"To offer (a price) whether for payment or acceptance. ""The contractor bid $10,00"	bid	bade	cat	3	0.10847821831703186
bert-base-uncased	delta	3	bid	pst	bid__pst	"To offer (a price) whether for payment or acceptance. ""The contractor bid $10,00"	bid	bade	cat	3	0.36900684237480164
bert-base-uncased	orig	4	bid	pst	bid__pst	"To offer (a price) whether for payment or acceptance. ""The contractor bid $10,00"	bid	bade	cat	3	0.10739016532897949
bert-base-uncased	delta	4	bid	pst	bid__pst	"To offer (a price) whether for payment or acceptance. ""The contractor bid $10,00"	bid	bade	cat	3	0.3126552999019623
bert-base-uncased	orig	5	bid	pst	bid__pst	"To offer (a price) whether for payment or acceptance. ""The contractor bid $10,00"	bid	bade	cat	3	0.11856488138437271
bert-base-uncased	delta	5	bid	pst	bid__pst	"To offer (a price) whether for payment or acceptance. ""The contractor bid $10,00"	bid	bade	cat	3	0.30505767464637756
bert-base-uncased	orig	6	bid	pst	bid__pst	"To offer (a price) whether for payment or acceptance. ""The contractor bid $10,00"	bid	bade	cat	3	0.11853472143411636
bert-base-uncased	delta	6	bid	pst	bid__pst	"To offer (a price) whether for payment or acceptance. ""The contractor bid $10,00"	bid	bade	cat	3	0.2734673321247101
bert-base-uncased	orig	7	bid	pst	bid__pst	"To offer (a price) whether for payment or acceptance. ""The contractor bid $10,00"	bid	bade	cat	3	0.10608194023370743
bert-base-uncased	delta	7	bid	pst	bid__pst	"To offer (a price) whether for payment or acceptance. ""The contractor bid $10,00"	bid	bade	cat	3	0.274162232875824
bert-base-uncased	orig	8	bid	pst	bid__pst	"To offer (a price) whether for payment or acceptance. ""The contractor bid $10,00"	bid	bade	cat	3	0.10916275531053543
bert-base-uncased	delta	8	bid	pst	bid__pst	"To offer (a price) whether for payment or acceptance. ""The contractor bid $10,00"	bid	bade	cat	3	0.2537965774536133
bert-base-uncased	orig	9	bid	pst	bid__pst	"To offer (a price) whether for payment or acceptance. ""The contractor bid $10,00"	bid	bade	cat	3	0.13693825900554657
bert-base-uncased	delta	9	bid	pst	bid__pst	"To offer (a price) whether for payment or acceptance. ""The contractor bid $10,00"	bid	bade	cat	3	0.17298150062561035
bert-base-uncased	orig	10	bid	pst	bid__pst	"To offer (a price) whether for payment or acceptance. ""The contractor bid $10,00"	bid	bade	cat	3	0.13225026428699493
bert-base-uncased	delta	10	bid	pst	bid__pst	"To offer (a price) whether for payment or acceptance. ""The contractor bid $10,00"	bid	bade	cat	3	0.17507927119731903
bert-base-uncased	orig	11	bid	pst	bid__pst	"To offer (a price) whether for payment or acceptance. ""The contractor bid $10,00"	bid	bade	cat	3	0.12643635272979736
bert-base-uncased	delta	11	bid	pst	bid__pst	"To offer (a price) whether for payment or acceptance. ""The contractor bid $10,00"	bid	bade	cat	3	0.17659582197666168
bert-base-uncased	orig	12	bid	pst	bid__pst	"To offer (a price) whether for payment or acceptance. ""The contractor bid $10,00"	bid	bade	cat	3	0.12817175686359406
bert-base-uncased	delta	12	bid	pst	bid__pst	"To offer (a price) whether for payment or acceptance. ""The contractor bid $10,00"	bid	bade	cat	3	0.20963852107524872
bert-base-uncased	orig	0	bring	pst	bring__pst	To convey, lead, carry, or cause to come along with one toward the place from wh	brung	brought	no_cond	3	-0.018439607694745064
bert-base-uncased	delta	0	bring	pst	bring__pst	To convey, lead, carry, or cause to come along with one toward the place from wh	brung	brought	no_cond	3	0.6666666865348816
bert-base-uncased	orig	1	bring	pst	bring__pst	To convey, lead, carry, or cause to come along with one toward the place from wh	brung	brought	no_cond	3	-0.024469273164868355
bert-base-uncased	delta	1	bring	pst	bring__pst	To convey, lead, carry, or cause to come along with one toward the place from wh	brung	brought	no_cond	3	0.6081237196922302
bert-base-uncased	orig	2	bring	pst	bring__pst	To convey, lead, carry, or cause to come along with one toward the place from wh	brung	brought	no_cond	3	-0.03550638258457184
bert-base-uncased	delta	2	bring	pst	bring__pst	To convey, lead, carry, or cause to come along with one toward the place from wh	brung	brought	no_cond	3	0.47762706875801086
bert-base-uncased	orig	3	bring	pst	bring__pst	To convey, lead, carry, or cause to come along with one toward the place from wh	brung	brought	no_cond	3	-0.06592085212469101
bert-base-uncased	delta	3	bring	pst	bring__pst	To convey, lead, carry, or cause to come along with one toward the place from wh	brung	brought	no_cond	3	0.4748154580593109
bert-base-uncased	orig	4	bring	pst	bring__pst	To convey, lead, carry, or cause to come along with one toward the place from wh	brung	brought	no_cond	3	-0.04907440021634102
bert-base-uncased	delta	4	bring	pst	bring__pst	To convey, lead, carry, or cause to come along with one toward the place from wh	brung	brought	no_cond	3	0.5054944157600403
bert-base-uncased	orig	5	bring	pst	bring__pst	To convey, lead, carry, or cause to come along with one toward the place from wh	brung	brought	no_cond	3	-0.05311569944024086
bert-base-uncased	delta	5	bring	pst	bring__pst	To convey, lead, carry, or cause to come along with one toward the place from wh	brung	brought	no_cond	3	0.4553704261779785
bert-base-uncased	orig	6	bring	pst	bring__pst	To convey, lead, carry, or cause to come along with one toward the place from wh	brung	brought	no_cond	3	-0.037777308374643326
bert-base-uncased	delta	6	bring	pst	bring__pst	To convey, lead, carry, or cause to come along with one toward the place from wh	brung	brought	no_cond	3	0.48107242584228516
bert-base-uncased	orig	7	bring	pst	bring__pst	To convey, lead, carry, or cause to come along with one toward the place from wh	brung	brought	no_cond	3	-0.024201251566410065
bert-base-uncased	delta	7	bring	pst	bring__pst	To convey, lead, carry, or cause to come along with one toward the place from wh	brung	brought	no_cond	3	0.48194313049316406
bert-base-uncased	orig	8	bring	pst	bring__pst	To convey, lead, carry, or cause to come along with one toward the place from wh	brung	brought	no_cond	3	-0.02567366324365139
bert-base-uncased	delta	8	bring	pst	bring__pst	To convey, lead, carry, or cause to come along with one toward the place from wh	brung	brought	no_cond	3	0.49880608916282654
bert-base-uncased	orig	9	bring	pst	bring__pst	To convey, lead, carry, or cause to come along with one toward the place from wh	brung	brought	no_cond	3	-0.003880893113091588
bert-base-uncased	delta	9	bring	pst	bring__pst	To convey, lead, carry, or cause to come along with one toward the place from wh	brung	brought	no_cond	3	0.48972249031066895
bert-base-uncased	orig	10	bring	pst	bring__pst	To convey, lead, carry, or cause to come along with one toward the place from wh	brung	brought	no_cond	3	0.05786930397152901
bert-base-uncased	delta	10	bring	pst	bring__pst	To convey, lead, carry, or cause to come along with one toward the place from wh	brung	brought	no_cond	3	0.4533529281616211
bert-base-uncased	orig	11	bring	pst	bring__pst	To convey, lead, carry, or cause to come along with one toward the place from wh	brung	brought	no_cond	3	0.07354746013879776
bert-base-uncased	delta	11	bring	pst	bring__pst	To convey, lead, carry, or cause to come along with one toward the place from wh	brung	brought	no_cond	3	0.43244099617004395
bert-base-uncased	orig	12	bring	pst	bring__pst	To convey, lead, carry, or cause to come along with one toward the place from wh	brung	brought	no_cond	3	0.12710852921009064
bert-base-uncased	delta	12	bring	pst	bring__pst	To convey, lead, carry, or cause to come along with one toward the place from wh	brung	brought	no_cond	3	0.3742481470108032
bert-base-uncased	orig	0	bring	pst	bring__pst	"(Dialect) To escort. To accompany. ""May I bring you home?"""	brung	brought	prob	6	0.4927424192428589
bert-base-uncased	delta	0	bring	pst	bring__pst	"(Dialect) To escort. To accompany. ""May I bring you home?"""	brung	brought	prob	6	0.6944319605827332
bert-base-uncased	orig	1	bring	pst	bring__pst	"(Dialect) To escort. To accompany. ""May I bring you home?"""	brung	brought	prob	6	0.0767793282866478
bert-base-uncased	delta	1	bring	pst	bring__pst	"(Dialect) To escort. To accompany. ""May I bring you home?"""	brung	brought	prob	6	0.6382260322570801
bert-base-uncased	orig	2	bring	pst	bring__pst	"(Dialect) To escort. To accompany. ""May I bring you home?"""	brung	brought	prob	6	0.3331100344657898
bert-base-uncased	delta	2	bring	pst	bring__pst	"(Dialect) To escort. To accompany. ""May I bring you home?"""	brung	brought	prob	6	0.5475581884384155
bert-base-uncased	orig	3	bring	pst	bring__pst	"(Dialect) To escort. To accompany. ""May I bring you home?"""	brung	brought	prob	6	0.33785951137542725
bert-base-uncased	delta	3	bring	pst	bring__pst	"(Dialect) To escort. To accompany. ""May I bring you home?"""	brung	brought	prob	6	0.5473353266716003
bert-base-uncased	orig	4	bring	pst	bring__pst	"(Dialect) To escort. To accompany. ""May I bring you home?"""	brung	brought	prob	6	0.0704205259680748
bert-base-uncased	delta	4	bring	pst	bring__pst	"(Dialect) To escort. To accompany. ""May I bring you home?"""	brung	brought	prob	6	0.37888360023498535
bert-base-uncased	orig	5	bring	pst	bring__pst	"(Dialect) To escort. To accompany. ""May I bring you home?"""	brung	brought	prob	6	0.308916300535202
bert-base-uncased	delta	5	bring	pst	bring__pst	"(Dialect) To escort. To accompany. ""May I bring you home?"""	brung	brought	prob	6	0.2958758771419525
bert-base-uncased	orig	6	bring	pst	bring__pst	"(Dialect) To escort. To accompany. ""May I bring you home?"""	brung	brought	prob	6	0.3514927327632904
bert-base-uncased	delta	6	bring	pst	bring__pst	"(Dialect) To escort. To accompany. ""May I bring you home?"""	brung	brought	prob	6	0.24762558937072754
bert-base-uncased	orig	7	bring	pst	bring__pst	"(Dialect) To escort. To accompany. ""May I bring you home?"""	brung	brought	prob	6	0.4928344190120697
bert-base-uncased	delta	7	bring	pst	bring__pst	"(Dialect) To escort. To accompany. ""May I bring you home?"""	brung	brought	prob	6	0.22692884504795074
bert-base-uncased	orig	8	bring	pst	bring__pst	"(Dialect) To escort. To accompany. ""May I bring you home?"""	brung	brought	prob	6	0.5757908821105957
bert-base-uncased	delta	8	bring	pst	bring__pst	"(Dialect) To escort. To accompany. ""May I bring you home?"""	brung	brought	prob	6	0.2857178747653961
bert-base-uncased	orig	9	bring	pst	bring__pst	"(Dialect) To escort. To accompany. ""May I bring you home?"""	brung	brought	prob	6	0.5711085200309753
bert-base-uncased	delta	9	bring	pst	bring__pst	"(Dialect) To escort. To accompany. ""May I bring you home?"""	brung	brought	prob	6	0.15784971415996552
bert-base-uncased	orig	10	bring	pst	bring__pst	"(Dialect) To escort. To accompany. ""May I bring you home?"""	brung	brought	prob	6	0.51397305727005
bert-base-uncased	delta	10	bring	pst	bring__pst	"(Dialect) To escort. To accompany. ""May I bring you home?"""	brung	brought	prob	6	0.2399141937494278
bert-base-uncased	orig	11	bring	pst	bring__pst	"(Dialect) To escort. To accompany. ""May I bring you home?"""	brung	brought	prob	6	0.4780240058898926
bert-base-uncased	delta	11	bring	pst	bring__pst	"(Dialect) To escort. To accompany. ""May I bring you home?"""	brung	brought	prob	6	0.2588888704776764
bert-base-uncased	orig	12	bring	pst	bring__pst	"(Dialect) To escort. To accompany. ""May I bring you home?"""	brung	brought	prob	6	0.4782758057117462
bert-base-uncased	delta	12	bring	pst	bring__pst	"(Dialect) To escort. To accompany. ""May I bring you home?"""	brung	brought	prob	6	0.3013785779476166
bert-base-uncased	orig	0	burn	ppt	burn__ppt	"To cause to undergo combustion. Especially, to destroy by fire. ""burned the tras"	burnt	burned	no_cond	3	0.377681165933609
bert-base-uncased	delta	0	burn	ppt	burn__ppt	"To cause to undergo combustion. Especially, to destroy by fire. ""burned the tras"	burnt	burned	no_cond	3	0.6666666865348816
bert-base-uncased	orig	1	burn	ppt	burn__ppt	"To cause to undergo combustion. Especially, to destroy by fire. ""burned the tras"	burnt	burned	no_cond	3	0.3742910921573639
bert-base-uncased	delta	1	burn	ppt	burn__ppt	"To cause to undergo combustion. Especially, to destroy by fire. ""burned the tras"	burnt	burned	no_cond	3	0.5466301441192627
bert-base-uncased	orig	2	burn	ppt	burn__ppt	"To cause to undergo combustion. Especially, to destroy by fire. ""burned the tras"	burnt	burned	no_cond	3	0.40661704540252686
bert-base-uncased	delta	2	burn	ppt	burn__ppt	"To cause to undergo combustion. Especially, to destroy by fire. ""burned the tras"	burnt	burned	no_cond	3	0.485154390335083
bert-base-uncased	orig	3	burn	ppt	burn__ppt	"To cause to undergo combustion. Especially, to destroy by fire. ""burned the tras"	burnt	burned	no_cond	3	0.41598376631736755
bert-base-uncased	delta	3	burn	ppt	burn__ppt	"To cause to undergo combustion. Especially, to destroy by fire. ""burned the tras"	burnt	burned	no_cond	3	0.4981417953968048
bert-base-uncased	orig	4	burn	ppt	burn__ppt	"To cause to undergo combustion. Especially, to destroy by fire. ""burned the tras"	burnt	burned	no_cond	3	0.4022181034088135
bert-base-uncased	delta	4	burn	ppt	burn__ppt	"To cause to undergo combustion. Especially, to destroy by fire. ""burned the tras"	burnt	burned	no_cond	3	0.4565999507904053
bert-base-uncased	orig	5	burn	ppt	burn__ppt	"To cause to undergo combustion. Especially, to destroy by fire. ""burned the tras"	burnt	burned	no_cond	3	0.35014817118644714
bert-base-uncased	delta	5	burn	ppt	burn__ppt	"To cause to undergo combustion. Especially, to destroy by fire. ""burned the tras"	burnt	burned	no_cond	3	0.48321732878685
bert-base-uncased	orig	6	burn	ppt	burn__ppt	"To cause to undergo combustion. Especially, to destroy by fire. ""burned the tras"	burnt	burned	no_cond	3	0.32810983061790466
bert-base-uncased	delta	6	burn	ppt	burn__ppt	"To cause to undergo combustion. Especially, to destroy by fire. ""burned the tras"	burnt	burned	no_cond	3	0.5104261040687561
bert-base-uncased	orig	7	burn	ppt	burn__ppt	"To cause to undergo combustion. Especially, to destroy by fire. ""burned the tras"	burnt	burned	no_cond	3	0.33383965492248535
bert-base-uncased	delta	7	burn	ppt	burn__ppt	"To cause to undergo combustion. Especially, to destroy by fire. ""burned the tras"	burnt	burned	no_cond	3	0.5273013710975647
bert-base-uncased	orig	8	burn	ppt	burn__ppt	"To cause to undergo combustion. Especially, to destroy by fire. ""burned the tras"	burnt	burned	no_cond	3	0.3230167329311371
bert-base-uncased	delta	8	burn	ppt	burn__ppt	"To cause to undergo combustion. Especially, to destroy by fire. ""burned the tras"	burnt	burned	no_cond	3	0.5424853563308716
bert-base-uncased	orig	9	burn	ppt	burn__ppt	"To cause to undergo combustion. Especially, to destroy by fire. ""burned the tras"	burnt	burned	no_cond	3	0.34058547019958496
bert-base-uncased	delta	9	burn	ppt	burn__ppt	"To cause to undergo combustion. Especially, to destroy by fire. ""burned the tras"	burnt	burned	no_cond	3	0.5428872108459473
bert-base-uncased	orig	10	burn	ppt	burn__ppt	"To cause to undergo combustion. Especially, to destroy by fire. ""burned the tras"	burnt	burned	no_cond	3	0.35303008556365967
bert-base-uncased	delta	10	burn	ppt	burn__ppt	"To cause to undergo combustion. Especially, to destroy by fire. ""burned the tras"	burnt	burned	no_cond	3	0.5171086192131042
bert-base-uncased	orig	11	burn	ppt	burn__ppt	"To cause to undergo combustion. Especially, to destroy by fire. ""burned the tras"	burnt	burned	no_cond	3	0.35473403334617615
bert-base-uncased	delta	11	burn	ppt	burn__ppt	"To cause to undergo combustion. Especially, to destroy by fire. ""burned the tras"	burnt	burned	no_cond	3	0.4841315448284149
bert-base-uncased	orig	12	burn	ppt	burn__ppt	"To cause to undergo combustion. Especially, to destroy by fire. ""burned the tras"	burnt	burned	no_cond	3	0.39111360907554626
bert-base-uncased	delta	12	burn	ppt	burn__ppt	"To cause to undergo combustion. Especially, to destroy by fire. ""burned the tras"	burnt	burned	no_cond	3	0.36828339099884033
bert-base-uncased	orig	0	creep	ppt	creep__ppt	To cause (someone) to have an uncomfortable feeling of nervousness or hear. To g	creeped	crept	cat	6	0.07833707332611084
bert-base-uncased	delta	0	creep	ppt	creep__ppt	To cause (someone) to have an uncomfortable feeling of nervousness or hear. To g	creeped	crept	cat	6	0.5197782516479492
bert-base-uncased	orig	1	creep	ppt	creep__ppt	To cause (someone) to have an uncomfortable feeling of nervousness or hear. To g	creeped	crept	cat	6	0.038717180490493774
bert-base-uncased	delta	1	creep	ppt	creep__ppt	To cause (someone) to have an uncomfortable feeling of nervousness or hear. To g	creeped	crept	cat	6	0.5493360161781311
bert-base-uncased	orig	2	creep	ppt	creep__ppt	To cause (someone) to have an uncomfortable feeling of nervousness or hear. To g	creeped	crept	cat	6	0.08370772004127502
bert-base-uncased	delta	2	creep	ppt	creep__ppt	To cause (someone) to have an uncomfortable feeling of nervousness or hear. To g	creeped	crept	cat	6	0.5221314430236816
bert-base-uncased	orig	3	creep	ppt	creep__ppt	To cause (someone) to have an uncomfortable feeling of nervousness or hear. To g	creeped	crept	cat	6	0.11112432926893234
bert-base-uncased	delta	3	creep	ppt	creep__ppt	To cause (someone) to have an uncomfortable feeling of nervousness or hear. To g	creeped	crept	cat	6	0.5378292202949524
bert-base-uncased	orig	4	creep	ppt	creep__ppt	To cause (someone) to have an uncomfortable feeling of nervousness or hear. To g	creeped	crept	cat	6	0.17537230253219604
bert-base-uncased	delta	4	creep	ppt	creep__ppt	To cause (someone) to have an uncomfortable feeling of nervousness or hear. To g	creeped	crept	cat	6	0.5454923510551453
bert-base-uncased	orig	5	creep	ppt	creep__ppt	To cause (someone) to have an uncomfortable feeling of nervousness or hear. To g	creeped	crept	cat	6	0.18702435493469238
bert-base-uncased	delta	5	creep	ppt	creep__ppt	To cause (someone) to have an uncomfortable feeling of nervousness or hear. To g	creeped	crept	cat	6	0.5188114047050476
bert-base-uncased	orig	6	creep	ppt	creep__ppt	To cause (someone) to have an uncomfortable feeling of nervousness or hear. To g	creeped	crept	cat	6	0.18529732525348663
bert-base-uncased	delta	6	creep	ppt	creep__ppt	To cause (someone) to have an uncomfortable feeling of nervousness or hear. To g	creeped	crept	cat	6	0.5059353709220886
bert-base-uncased	orig	7	creep	ppt	creep__ppt	To cause (someone) to have an uncomfortable feeling of nervousness or hear. To g	creeped	crept	cat	6	0.17350177466869354
bert-base-uncased	delta	7	creep	ppt	creep__ppt	To cause (someone) to have an uncomfortable feeling of nervousness or hear. To g	creeped	crept	cat	6	0.4832041561603546
bert-base-uncased	orig	8	creep	ppt	creep__ppt	To cause (someone) to have an uncomfortable feeling of nervousness or hear. To g	creeped	crept	cat	6	0.11772675067186356
bert-base-uncased	delta	8	creep	ppt	creep__ppt	To cause (someone) to have an uncomfortable feeling of nervousness or hear. To g	creeped	crept	cat	6	0.47934162616729736
bert-base-uncased	orig	9	creep	ppt	creep__ppt	To cause (someone) to have an uncomfortable feeling of nervousness or hear. To g	creeped	crept	cat	6	0.10622450709342957
bert-base-uncased	delta	9	creep	ppt	creep__ppt	To cause (someone) to have an uncomfortable feeling of nervousness or hear. To g	creeped	crept	cat	6	0.4689249098300934
bert-base-uncased	orig	10	creep	ppt	creep__ppt	To cause (someone) to have an uncomfortable feeling of nervousness or hear. To g	creeped	crept	cat	6	0.09135992079973221
bert-base-uncased	delta	10	creep	ppt	creep__ppt	To cause (someone) to have an uncomfortable feeling of nervousness or hear. To g	creeped	crept	cat	6	0.4001725912094116
bert-base-uncased	orig	11	creep	ppt	creep__ppt	To cause (someone) to have an uncomfortable feeling of nervousness or hear. To g	creeped	crept	cat	6	0.06681284308433533
bert-base-uncased	delta	11	creep	ppt	creep__ppt	To cause (someone) to have an uncomfortable feeling of nervousness or hear. To g	creeped	crept	cat	6	0.34469518065452576
bert-base-uncased	orig	12	creep	ppt	creep__ppt	To cause (someone) to have an uncomfortable feeling of nervousness or hear. To g	creeped	crept	cat	6	0.09993930906057358
bert-base-uncased	delta	12	creep	ppt	creep__ppt	To cause (someone) to have an uncomfortable feeling of nervousness or hear. To g	creeped	crept	cat	6	0.2985512912273407
bert-base-uncased	orig	0	disprove	ppt	disprove__ppt	"To prove to be false or wrong. To refute. ""disprove a theory"""	disproven	disproved	no_cond	11	0.4683144688606262
bert-base-uncased	delta	0	disprove	ppt	disprove__ppt	"To prove to be false or wrong. To refute. ""disprove a theory"""	disproven	disproved	no_cond	11	0.6845002174377441
bert-base-uncased	orig	1	disprove	ppt	disprove__ppt	"To prove to be false or wrong. To refute. ""disprove a theory"""	disproven	disproved	no_cond	11	0.45470523834228516
bert-base-uncased	delta	1	disprove	ppt	disprove__ppt	"To prove to be false or wrong. To refute. ""disprove a theory"""	disproven	disproved	no_cond	11	0.35972100496292114
bert-base-uncased	orig	2	disprove	ppt	disprove__ppt	"To prove to be false or wrong. To refute. ""disprove a theory"""	disproven	disproved	no_cond	11	0.4322909116744995
bert-base-uncased	delta	2	disprove	ppt	disprove__ppt	"To prove to be false or wrong. To refute. ""disprove a theory"""	disproven	disproved	no_cond	11	0.3630121350288391
bert-base-uncased	orig	3	disprove	ppt	disprove__ppt	"To prove to be false or wrong. To refute. ""disprove a theory"""	disproven	disproved	no_cond	11	0.3932032585144043
bert-base-uncased	delta	3	disprove	ppt	disprove__ppt	"To prove to be false or wrong. To refute. ""disprove a theory"""	disproven	disproved	no_cond	11	0.3736257255077362
bert-base-uncased	orig	4	disprove	ppt	disprove__ppt	"To prove to be false or wrong. To refute. ""disprove a theory"""	disproven	disproved	no_cond	11	0.3461134135723114
bert-base-uncased	delta	4	disprove	ppt	disprove__ppt	"To prove to be false or wrong. To refute. ""disprove a theory"""	disproven	disproved	no_cond	11	0.35235294699668884
bert-base-uncased	orig	5	disprove	ppt	disprove__ppt	"To prove to be false or wrong. To refute. ""disprove a theory"""	disproven	disproved	no_cond	11	0.30540409684181213
bert-base-uncased	delta	5	disprove	ppt	disprove__ppt	"To prove to be false or wrong. To refute. ""disprove a theory"""	disproven	disproved	no_cond	11	0.4459685981273651
bert-base-uncased	orig	6	disprove	ppt	disprove__ppt	"To prove to be false or wrong. To refute. ""disprove a theory"""	disproven	disproved	no_cond	11	0.27120131254196167
bert-base-uncased	delta	6	disprove	ppt	disprove__ppt	"To prove to be false or wrong. To refute. ""disprove a theory"""	disproven	disproved	no_cond	11	0.3573057949542999
bert-base-uncased	orig	7	disprove	ppt	disprove__ppt	"To prove to be false or wrong. To refute. ""disprove a theory"""	disproven	disproved	no_cond	11	0.2415952831506729
bert-base-uncased	delta	7	disprove	ppt	disprove__ppt	"To prove to be false or wrong. To refute. ""disprove a theory"""	disproven	disproved	no_cond	11	0.347840815782547
bert-base-uncased	orig	8	disprove	ppt	disprove__ppt	"To prove to be false or wrong. To refute. ""disprove a theory"""	disproven	disproved	no_cond	11	0.20265895128250122
bert-base-uncased	delta	8	disprove	ppt	disprove__ppt	"To prove to be false or wrong. To refute. ""disprove a theory"""	disproven	disproved	no_cond	11	0.26301515102386475
bert-base-uncased	orig	9	disprove	ppt	disprove__ppt	"To prove to be false or wrong. To refute. ""disprove a theory"""	disproven	disproved	no_cond	11	0.19836653769016266
bert-base-uncased	delta	9	disprove	ppt	disprove__ppt	"To prove to be false or wrong. To refute. ""disprove a theory"""	disproven	disproved	no_cond	11	0.2581072151660919
bert-base-uncased	orig	10	disprove	ppt	disprove__ppt	"To prove to be false or wrong. To refute. ""disprove a theory"""	disproven	disproved	no_cond	11	0.1902216374874115
bert-base-uncased	delta	10	disprove	ppt	disprove__ppt	"To prove to be false or wrong. To refute. ""disprove a theory"""	disproven	disproved	no_cond	11	0.23360852897167206
bert-base-uncased	orig	11	disprove	ppt	disprove__ppt	"To prove to be false or wrong. To refute. ""disprove a theory"""	disproven	disproved	no_cond	11	0.21298356354236603
bert-base-uncased	delta	11	disprove	ppt	disprove__ppt	"To prove to be false or wrong. To refute. ""disprove a theory"""	disproven	disproved	no_cond	11	0.21775315701961517
bert-base-uncased	orig	12	disprove	ppt	disprove__ppt	"To prove to be false or wrong. To refute. ""disprove a theory"""	disproven	disproved	no_cond	11	0.22042328119277954
bert-base-uncased	delta	12	disprove	ppt	disprove__ppt	"To prove to be false or wrong. To refute. ""disprove a theory"""	disproven	disproved	no_cond	11	0.17863090336322784
bert-base-uncased	orig	0	dive	pst	dive__pst	To plunge into water intentionally	dived	dove	prob	3	0.6666666865348816
bert-base-uncased	delta	0	dive	pst	dive__pst	To plunge into water intentionally	dived	dove	prob	3	0.04196961596608162
bert-base-uncased	orig	1	dive	pst	dive__pst	To plunge into water intentionally	dived	dove	prob	3	-0.020875930786132812
bert-base-uncased	delta	1	dive	pst	dive__pst	To plunge into water intentionally	dived	dove	prob	3	0.0012850960483774543
bert-base-uncased	orig	2	dive	pst	dive__pst	To plunge into water intentionally	dived	dove	prob	3	0.03198133036494255
bert-base-uncased	delta	2	dive	pst	dive__pst	To plunge into water intentionally	dived	dove	prob	3	0.011212795972824097
bert-base-uncased	orig	3	dive	pst	dive__pst	To plunge into water intentionally	dived	dove	prob	3	0.07188475131988525
bert-base-uncased	delta	3	dive	pst	dive__pst	To plunge into water intentionally	dived	dove	prob	3	-0.007789472583681345
bert-base-uncased	orig	4	dive	pst	dive__pst	To plunge into water intentionally	dived	dove	prob	3	0.24520759284496307
bert-base-uncased	delta	4	dive	pst	dive__pst	To plunge into water intentionally	dived	dove	prob	3	0.014522303827106953
bert-base-uncased	orig	5	dive	pst	dive__pst	To plunge into water intentionally	dived	dove	prob	3	0.35770383477211
bert-base-uncased	delta	5	dive	pst	dive__pst	To plunge into water intentionally	dived	dove	prob	3	0.07700058072805405
bert-base-uncased	orig	6	dive	pst	dive__pst	To plunge into water intentionally	dived	dove	prob	3	0.4048213064670563
bert-base-uncased	delta	6	dive	pst	dive__pst	To plunge into water intentionally	dived	dove	prob	3	0.07026002556085587
bert-base-uncased	orig	7	dive	pst	dive__pst	To plunge into water intentionally	dived	dove	prob	3	0.460336834192276
bert-base-uncased	delta	7	dive	pst	dive__pst	To plunge into water intentionally	dived	dove	prob	3	0.03389585763216019
bert-base-uncased	orig	8	dive	pst	dive__pst	To plunge into water intentionally	dived	dove	prob	3	0.45845508575439453
bert-base-uncased	delta	8	dive	pst	dive__pst	To plunge into water intentionally	dived	dove	prob	3	0.040707558393478394
bert-base-uncased	orig	9	dive	pst	dive__pst	To plunge into water intentionally	dived	dove	prob	3	0.45492875576019287
bert-base-uncased	delta	9	dive	pst	dive__pst	To plunge into water intentionally	dived	dove	prob	3	0.07811962813138962
bert-base-uncased	orig	10	dive	pst	dive__pst	To plunge into water intentionally	dived	dove	prob	3	0.4667750597000122
bert-base-uncased	delta	10	dive	pst	dive__pst	To plunge into water intentionally	dived	dove	prob	3	0.14674091339111328
bert-base-uncased	orig	11	dive	pst	dive__pst	To plunge into water intentionally	dived	dove	prob	3	0.4489273130893707
bert-base-uncased	delta	11	dive	pst	dive__pst	To plunge into water intentionally	dived	dove	prob	3	0.15915241837501526
bert-base-uncased	orig	12	dive	pst	dive__pst	To plunge into water intentionally	dived	dove	prob	3	0.4564034938812256
bert-base-uncased	delta	12	dive	pst	dive__pst	To plunge into water intentionally	dived	dove	prob	3	0.1345273107290268
bert-base-uncased	orig	0	dream	pst	dream__pst	"To have a dream of. ""dreamt that he was running in the woods"""	dreamt	dreamed	prob	8	0.30884888768196106
bert-base-uncased	delta	0	dream	pst	dream__pst	"To have a dream of. ""dreamt that he was running in the woods"""	dreamt	dreamed	prob	8	0.6023784279823303
bert-base-uncased	orig	1	dream	pst	dream__pst	"To have a dream of. ""dreamt that he was running in the woods"""	dreamt	dreamed	prob	8	0.19105879962444305
bert-base-uncased	delta	1	dream	pst	dream__pst	"To have a dream of. ""dreamt that he was running in the woods"""	dreamt	dreamed	prob	8	0.5716916918754578
bert-base-uncased	orig	2	dream	pst	dream__pst	"To have a dream of. ""dreamt that he was running in the woods"""	dreamt	dreamed	prob	8	0.1879875808954239
bert-base-uncased	delta	2	dream	pst	dream__pst	"To have a dream of. ""dreamt that he was running in the woods"""	dreamt	dreamed	prob	8	0.5497503280639648
bert-base-uncased	orig	3	dream	pst	dream__pst	"To have a dream of. ""dreamt that he was running in the woods"""	dreamt	dreamed	prob	8	0.18226101994514465
bert-base-uncased	delta	3	dream	pst	dream__pst	"To have a dream of. ""dreamt that he was running in the woods"""	dreamt	dreamed	prob	8	0.5358161926269531
bert-base-uncased	orig	4	dream	pst	dream__pst	"To have a dream of. ""dreamt that he was running in the woods"""	dreamt	dreamed	prob	8	0.13403910398483276
bert-base-uncased	delta	4	dream	pst	dream__pst	"To have a dream of. ""dreamt that he was running in the woods"""	dreamt	dreamed	prob	8	0.4993414580821991
bert-base-uncased	orig	5	dream	pst	dream__pst	"To have a dream of. ""dreamt that he was running in the woods"""	dreamt	dreamed	prob	8	0.13819338381290436
bert-base-uncased	delta	5	dream	pst	dream__pst	"To have a dream of. ""dreamt that he was running in the woods"""	dreamt	dreamed	prob	8	0.4930568337440491
bert-base-uncased	orig	6	dream	pst	dream__pst	"To have a dream of. ""dreamt that he was running in the woods"""	dreamt	dreamed	prob	8	0.1799883097410202
bert-base-uncased	delta	6	dream	pst	dream__pst	"To have a dream of. ""dreamt that he was running in the woods"""	dreamt	dreamed	prob	8	0.5266962051391602
bert-base-uncased	orig	7	dream	pst	dream__pst	"To have a dream of. ""dreamt that he was running in the woods"""	dreamt	dreamed	prob	8	0.2277204394340515
bert-base-uncased	delta	7	dream	pst	dream__pst	"To have a dream of. ""dreamt that he was running in the woods"""	dreamt	dreamed	prob	8	0.5502170324325562
bert-base-uncased	orig	8	dream	pst	dream__pst	"To have a dream of. ""dreamt that he was running in the woods"""	dreamt	dreamed	prob	8	0.2059302031993866
bert-base-uncased	delta	8	dream	pst	dream__pst	"To have a dream of. ""dreamt that he was running in the woods"""	dreamt	dreamed	prob	8	0.564300000667572
bert-base-uncased	orig	9	dream	pst	dream__pst	"To have a dream of. ""dreamt that he was running in the woods"""	dreamt	dreamed	prob	8	0.1964232325553894
bert-base-uncased	delta	9	dream	pst	dream__pst	"To have a dream of. ""dreamt that he was running in the woods"""	dreamt	dreamed	prob	8	0.5717328786849976
bert-base-uncased	orig	10	dream	pst	dream__pst	"To have a dream of. ""dreamt that he was running in the woods"""	dreamt	dreamed	prob	8	0.2265765219926834
bert-base-uncased	delta	10	dream	pst	dream__pst	"To have a dream of. ""dreamt that he was running in the woods"""	dreamt	dreamed	prob	8	0.5802043676376343
bert-base-uncased	orig	11	dream	pst	dream__pst	"To have a dream of. ""dreamt that he was running in the woods"""	dreamt	dreamed	prob	8	0.22998425364494324
bert-base-uncased	delta	11	dream	pst	dream__pst	"To have a dream of. ""dreamt that he was running in the woods"""	dreamt	dreamed	prob	8	0.5982145071029663
bert-base-uncased	orig	12	dream	pst	dream__pst	"To have a dream of. ""dreamt that he was running in the woods"""	dreamt	dreamed	prob	8	0.21349000930786133
bert-base-uncased	delta	12	dream	pst	dream__pst	"To have a dream of. ""dreamt that he was running in the woods"""	dreamt	dreamed	prob	8	0.6159412264823914
bert-base-uncased	orig	0	eat	ppt	eat__ppt	To take in through the mouth as food. To ingest, chew, and swallow in turn.	ate	eaten	no_cond	9	0.6702377796173096
bert-base-uncased	delta	0	eat	ppt	eat__ppt	To take in through the mouth as food. To ingest, chew, and swallow in turn.	ate	eaten	no_cond	9	0.26347944140434265
bert-base-uncased	orig	1	eat	ppt	eat__ppt	To take in through the mouth as food. To ingest, chew, and swallow in turn.	ate	eaten	no_cond	9	0.5340225696563721
bert-base-uncased	delta	1	eat	ppt	eat__ppt	To take in through the mouth as food. To ingest, chew, and swallow in turn.	ate	eaten	no_cond	9	0.222088024020195
bert-base-uncased	orig	2	eat	ppt	eat__ppt	To take in through the mouth as food. To ingest, chew, and swallow in turn.	ate	eaten	no_cond	9	0.4544609785079956
bert-base-uncased	delta	2	eat	ppt	eat__ppt	To take in through the mouth as food. To ingest, chew, and swallow in turn.	ate	eaten	no_cond	9	0.15511554479599
bert-base-uncased	orig	3	eat	ppt	eat__ppt	To take in through the mouth as food. To ingest, chew, and swallow in turn.	ate	eaten	no_cond	9	0.3422039747238159
bert-base-uncased	delta	3	eat	ppt	eat__ppt	To take in through the mouth as food. To ingest, chew, and swallow in turn.	ate	eaten	no_cond	9	0.17856381833553314
bert-base-uncased	orig	4	eat	ppt	eat__ppt	To take in through the mouth as food. To ingest, chew, and swallow in turn.	ate	eaten	no_cond	9	0.2488492876291275
bert-base-uncased	delta	4	eat	ppt	eat__ppt	To take in through the mouth as food. To ingest, chew, and swallow in turn.	ate	eaten	no_cond	9	0.2877943217754364
bert-base-uncased	orig	5	eat	ppt	eat__ppt	To take in through the mouth as food. To ingest, chew, and swallow in turn.	ate	eaten	no_cond	9	0.20536547899246216
bert-base-uncased	delta	5	eat	ppt	eat__ppt	To take in through the mouth as food. To ingest, chew, and swallow in turn.	ate	eaten	no_cond	9	0.2805485427379608
bert-base-uncased	orig	6	eat	ppt	eat__ppt	To take in through the mouth as food. To ingest, chew, and swallow in turn.	ate	eaten	no_cond	9	0.1759611815214157
bert-base-uncased	delta	6	eat	ppt	eat__ppt	To take in through the mouth as food. To ingest, chew, and swallow in turn.	ate	eaten	no_cond	9	0.3358669579029083
bert-base-uncased	orig	7	eat	ppt	eat__ppt	To take in through the mouth as food. To ingest, chew, and swallow in turn.	ate	eaten	no_cond	9	0.13439451158046722
bert-base-uncased	delta	7	eat	ppt	eat__ppt	To take in through the mouth as food. To ingest, chew, and swallow in turn.	ate	eaten	no_cond	9	0.34690985083580017
bert-base-uncased	orig	8	eat	ppt	eat__ppt	To take in through the mouth as food. To ingest, chew, and swallow in turn.	ate	eaten	no_cond	9	0.1587807983160019
bert-base-uncased	delta	8	eat	ppt	eat__ppt	To take in through the mouth as food. To ingest, chew, and swallow in turn.	ate	eaten	no_cond	9	0.34882593154907227
bert-base-uncased	orig	9	eat	ppt	eat__ppt	To take in through the mouth as food. To ingest, chew, and swallow in turn.	ate	eaten	no_cond	9	0.16034774482250214
bert-base-uncased	delta	9	eat	ppt	eat__ppt	To take in through the mouth as food. To ingest, chew, and swallow in turn.	ate	eaten	no_cond	9	0.3474740982055664
bert-base-uncased	orig	10	eat	ppt	eat__ppt	To take in through the mouth as food. To ingest, chew, and swallow in turn.	ate	eaten	no_cond	9	0.17402483522891998
bert-base-uncased	delta	10	eat	ppt	eat__ppt	To take in through the mouth as food. To ingest, chew, and swallow in turn.	ate	eaten	no_cond	9	0.3303837180137634
bert-base-uncased	orig	11	eat	ppt	eat__ppt	To take in through the mouth as food. To ingest, chew, and swallow in turn.	ate	eaten	no_cond	9	0.16498969495296478
bert-base-uncased	delta	11	eat	ppt	eat__ppt	To take in through the mouth as food. To ingest, chew, and swallow in turn.	ate	eaten	no_cond	9	0.3129591643810272
bert-base-uncased	orig	12	eat	ppt	eat__ppt	To take in through the mouth as food. To ingest, chew, and swallow in turn.	ate	eaten	no_cond	9	0.1445443332195282
bert-base-uncased	delta	12	eat	ppt	eat__ppt	To take in through the mouth as food. To ingest, chew, and swallow in turn.	ate	eaten	no_cond	9	0.31151336431503296
bert-base-uncased	orig	0	fall	ppt	fall__ppt	"To descend freely by the force of gravity. ""The apple fell from the tree."""	fell	fallen	prob	3	0.40052613615989685
bert-base-uncased	delta	0	fall	ppt	fall__ppt	"To descend freely by the force of gravity. ""The apple fell from the tree."""	fell	fallen	prob	3	0.14847075939178467
bert-base-uncased	orig	1	fall	ppt	fall__ppt	"To descend freely by the force of gravity. ""The apple fell from the tree."""	fell	fallen	prob	3	0.4432372748851776
bert-base-uncased	delta	1	fall	ppt	fall__ppt	"To descend freely by the force of gravity. ""The apple fell from the tree."""	fell	fallen	prob	3	0.24357648193836212
bert-base-uncased	orig	2	fall	ppt	fall__ppt	"To descend freely by the force of gravity. ""The apple fell from the tree."""	fell	fallen	prob	3	0.4571743905544281
bert-base-uncased	delta	2	fall	ppt	fall__ppt	"To descend freely by the force of gravity. ""The apple fell from the tree."""	fell	fallen	prob	3	0.32987964153289795
bert-base-uncased	orig	3	fall	ppt	fall__ppt	"To descend freely by the force of gravity. ""The apple fell from the tree."""	fell	fallen	prob	3	0.43921732902526855
bert-base-uncased	delta	3	fall	ppt	fall__ppt	"To descend freely by the force of gravity. ""The apple fell from the tree."""	fell	fallen	prob	3	0.3555873930454254
bert-base-uncased	orig	4	fall	ppt	fall__ppt	"To descend freely by the force of gravity. ""The apple fell from the tree."""	fell	fallen	prob	3	0.4563067853450775
bert-base-uncased	delta	4	fall	ppt	fall__ppt	"To descend freely by the force of gravity. ""The apple fell from the tree."""	fell	fallen	prob	3	0.33564749360084534
bert-base-uncased	orig	5	fall	ppt	fall__ppt	"To descend freely by the force of gravity. ""The apple fell from the tree."""	fell	fallen	prob	3	0.4386688768863678
bert-base-uncased	delta	5	fall	ppt	fall__ppt	"To descend freely by the force of gravity. ""The apple fell from the tree."""	fell	fallen	prob	3	0.2832317054271698
bert-base-uncased	orig	6	fall	ppt	fall__ppt	"To descend freely by the force of gravity. ""The apple fell from the tree."""	fell	fallen	prob	3	0.4419499933719635
bert-base-uncased	delta	6	fall	ppt	fall__ppt	"To descend freely by the force of gravity. ""The apple fell from the tree."""	fell	fallen	prob	3	0.35718774795532227
bert-base-uncased	orig	7	fall	ppt	fall__ppt	"To descend freely by the force of gravity. ""The apple fell from the tree."""	fell	fallen	prob	3	0.46017012000083923
bert-base-uncased	delta	7	fall	ppt	fall__ppt	"To descend freely by the force of gravity. ""The apple fell from the tree."""	fell	fallen	prob	3	0.2919560372829437
bert-base-uncased	orig	8	fall	ppt	fall__ppt	"To descend freely by the force of gravity. ""The apple fell from the tree."""	fell	fallen	prob	3	0.46512922644615173
bert-base-uncased	delta	8	fall	ppt	fall__ppt	"To descend freely by the force of gravity. ""The apple fell from the tree."""	fell	fallen	prob	3	0.3034559488296509
bert-base-uncased	orig	9	fall	ppt	fall__ppt	"To descend freely by the force of gravity. ""The apple fell from the tree."""	fell	fallen	prob	3	0.4577390253543854
bert-base-uncased	delta	9	fall	ppt	fall__ppt	"To descend freely by the force of gravity. ""The apple fell from the tree."""	fell	fallen	prob	3	0.3363865911960602
bert-base-uncased	orig	10	fall	ppt	fall__ppt	"To descend freely by the force of gravity. ""The apple fell from the tree."""	fell	fallen	prob	3	0.4515133798122406
bert-base-uncased	delta	10	fall	ppt	fall__ppt	"To descend freely by the force of gravity. ""The apple fell from the tree."""	fell	fallen	prob	3	0.312501460313797
bert-base-uncased	orig	11	fall	ppt	fall__ppt	"To descend freely by the force of gravity. ""The apple fell from the tree."""	fell	fallen	prob	3	0.4352165162563324
bert-base-uncased	delta	11	fall	ppt	fall__ppt	"To descend freely by the force of gravity. ""The apple fell from the tree."""	fell	fallen	prob	3	0.3507075309753418
bert-base-uncased	orig	12	fall	ppt	fall__ppt	"To descend freely by the force of gravity. ""The apple fell from the tree."""	fell	fallen	prob	3	0.4186350107192993
bert-base-uncased	delta	12	fall	ppt	fall__ppt	"To descend freely by the force of gravity. ""The apple fell from the tree."""	fell	fallen	prob	3	0.3366372883319855
bert-base-uncased	orig	0	fall	ppt	fall__ppt	To pass suddenly and passively into a state or body of mind or a new state or co	fell	fallen	cat	3	0.6666665077209473
bert-base-uncased	delta	0	fall	ppt	fall__ppt	To pass suddenly and passively into a state or body of mind or a new state or co	fell	fallen	cat	3	0.11870867013931274
bert-base-uncased	orig	1	fall	ppt	fall__ppt	To pass suddenly and passively into a state or body of mind or a new state or co	fell	fallen	cat	3	0.03605687990784645
bert-base-uncased	delta	1	fall	ppt	fall__ppt	To pass suddenly and passively into a state or body of mind or a new state or co	fell	fallen	cat	3	0.0966000184416771
bert-base-uncased	orig	2	fall	ppt	fall__ppt	To pass suddenly and passively into a state or body of mind or a new state or co	fell	fallen	cat	3	-0.10016635805368423
bert-base-uncased	delta	2	fall	ppt	fall__ppt	To pass suddenly and passively into a state or body of mind or a new state or co	fell	fallen	cat	3	0.03116687946021557
bert-base-uncased	orig	3	fall	ppt	fall__ppt	To pass suddenly and passively into a state or body of mind or a new state or co	fell	fallen	cat	3	-0.07187682390213013
bert-base-uncased	delta	3	fall	ppt	fall__ppt	To pass suddenly and passively into a state or body of mind or a new state or co	fell	fallen	cat	3	0.19422411918640137
bert-base-uncased	orig	4	fall	ppt	fall__ppt	To pass suddenly and passively into a state or body of mind or a new state or co	fell	fallen	cat	3	-0.04168326035141945
bert-base-uncased	delta	4	fall	ppt	fall__ppt	To pass suddenly and passively into a state or body of mind or a new state or co	fell	fallen	cat	3	0.16487109661102295
bert-base-uncased	orig	5	fall	ppt	fall__ppt	To pass suddenly and passively into a state or body of mind or a new state or co	fell	fallen	cat	3	0.0038262158632278442
bert-base-uncased	delta	5	fall	ppt	fall__ppt	To pass suddenly and passively into a state or body of mind or a new state or co	fell	fallen	cat	3	0.1684739738702774
bert-base-uncased	orig	6	fall	ppt	fall__ppt	To pass suddenly and passively into a state or body of mind or a new state or co	fell	fallen	cat	3	-0.019870109856128693
bert-base-uncased	delta	6	fall	ppt	fall__ppt	To pass suddenly and passively into a state or body of mind or a new state or co	fell	fallen	cat	3	0.2033422440290451
bert-base-uncased	orig	7	fall	ppt	fall__ppt	To pass suddenly and passively into a state or body of mind or a new state or co	fell	fallen	cat	3	0.1705569624900818
bert-base-uncased	delta	7	fall	ppt	fall__ppt	To pass suddenly and passively into a state or body of mind or a new state or co	fell	fallen	cat	3	0.19322806596755981
bert-base-uncased	orig	8	fall	ppt	fall__ppt	To pass suddenly and passively into a state or body of mind or a new state or co	fell	fallen	cat	3	0.12326125055551529
bert-base-uncased	delta	8	fall	ppt	fall__ppt	To pass suddenly and passively into a state or body of mind or a new state or co	fell	fallen	cat	3	0.1568542867898941
bert-base-uncased	orig	9	fall	ppt	fall__ppt	To pass suddenly and passively into a state or body of mind or a new state or co	fell	fallen	cat	3	0.08938029408454895
bert-base-uncased	delta	9	fall	ppt	fall__ppt	To pass suddenly and passively into a state or body of mind or a new state or co	fell	fallen	cat	3	0.16220563650131226
bert-base-uncased	orig	10	fall	ppt	fall__ppt	To pass suddenly and passively into a state or body of mind or a new state or co	fell	fallen	cat	3	0.04665495082736015
bert-base-uncased	delta	10	fall	ppt	fall__ppt	To pass suddenly and passively into a state or body of mind or a new state or co	fell	fallen	cat	3	0.17279739677906036
bert-base-uncased	orig	11	fall	ppt	fall__ppt	To pass suddenly and passively into a state or body of mind or a new state or co	fell	fallen	cat	3	0.03414946049451828
bert-base-uncased	delta	11	fall	ppt	fall__ppt	To pass suddenly and passively into a state or body of mind or a new state or co	fell	fallen	cat	3	0.19741082191467285
bert-base-uncased	orig	12	fall	ppt	fall__ppt	To pass suddenly and passively into a state or body of mind or a new state or co	fell	fallen	cat	3	0.00858545396476984
bert-base-uncased	delta	12	fall	ppt	fall__ppt	To pass suddenly and passively into a state or body of mind or a new state or co	fell	fallen	cat	3	0.20989948511123657
bert-base-uncased	orig	0	fly	pst	fly__pst	"To move in or pass through the air with wings. ""bees flying around the hive"""	flied	flew	cat	4	0.7054566740989685
bert-base-uncased	delta	0	fly	pst	fly__pst	"To move in or pass through the air with wings. ""bees flying around the hive"""	flied	flew	cat	4	0.3866159915924072
bert-base-uncased	orig	1	fly	pst	fly__pst	"To move in or pass through the air with wings. ""bees flying around the hive"""	flied	flew	cat	4	0.7414577007293701
bert-base-uncased	delta	1	fly	pst	fly__pst	"To move in or pass through the air with wings. ""bees flying around the hive"""	flied	flew	cat	4	0.3025986850261688
bert-base-uncased	orig	2	fly	pst	fly__pst	"To move in or pass through the air with wings. ""bees flying around the hive"""	flied	flew	cat	4	0.7398303151130676
bert-base-uncased	delta	2	fly	pst	fly__pst	"To move in or pass through the air with wings. ""bees flying around the hive"""	flied	flew	cat	4	0.343829870223999
bert-base-uncased	orig	3	fly	pst	fly__pst	"To move in or pass through the air with wings. ""bees flying around the hive"""	flied	flew	cat	4	0.7139549851417542
bert-base-uncased	delta	3	fly	pst	fly__pst	"To move in or pass through the air with wings. ""bees flying around the hive"""	flied	flew	cat	4	0.2813042998313904
bert-base-uncased	orig	4	fly	pst	fly__pst	"To move in or pass through the air with wings. ""bees flying around the hive"""	flied	flew	cat	4	0.7256419658660889
bert-base-uncased	delta	4	fly	pst	fly__pst	"To move in or pass through the air with wings. ""bees flying around the hive"""	flied	flew	cat	4	0.2889309525489807
bert-base-uncased	orig	5	fly	pst	fly__pst	"To move in or pass through the air with wings. ""bees flying around the hive"""	flied	flew	cat	4	0.7043149471282959
bert-base-uncased	delta	5	fly	pst	fly__pst	"To move in or pass through the air with wings. ""bees flying around the hive"""	flied	flew	cat	4	0.2714802324771881
bert-base-uncased	orig	6	fly	pst	fly__pst	"To move in or pass through the air with wings. ""bees flying around the hive"""	flied	flew	cat	4	0.6906847953796387
bert-base-uncased	delta	6	fly	pst	fly__pst	"To move in or pass through the air with wings. ""bees flying around the hive"""	flied	flew	cat	4	0.2635391354560852
bert-base-uncased	orig	7	fly	pst	fly__pst	"To move in or pass through the air with wings. ""bees flying around the hive"""	flied	flew	cat	4	0.7259289622306824
bert-base-uncased	delta	7	fly	pst	fly__pst	"To move in or pass through the air with wings. ""bees flying around the hive"""	flied	flew	cat	4	0.2905978560447693
bert-base-uncased	orig	8	fly	pst	fly__pst	"To move in or pass through the air with wings. ""bees flying around the hive"""	flied	flew	cat	4	0.7555835843086243
bert-base-uncased	delta	8	fly	pst	fly__pst	"To move in or pass through the air with wings. ""bees flying around the hive"""	flied	flew	cat	4	0.33307215571403503
bert-base-uncased	orig	9	fly	pst	fly__pst	"To move in or pass through the air with wings. ""bees flying around the hive"""	flied	flew	cat	4	0.7621591091156006
bert-base-uncased	delta	9	fly	pst	fly__pst	"To move in or pass through the air with wings. ""bees flying around the hive"""	flied	flew	cat	4	0.32740843296051025
bert-base-uncased	orig	10	fly	pst	fly__pst	"To move in or pass through the air with wings. ""bees flying around the hive"""	flied	flew	cat	4	0.7540428638458252
bert-base-uncased	delta	10	fly	pst	fly__pst	"To move in or pass through the air with wings. ""bees flying around the hive"""	flied	flew	cat	4	0.3167354464530945
bert-base-uncased	orig	11	fly	pst	fly__pst	"To move in or pass through the air with wings. ""bees flying around the hive"""	flied	flew	cat	4	0.7425713539123535
bert-base-uncased	delta	11	fly	pst	fly__pst	"To move in or pass through the air with wings. ""bees flying around the hive"""	flied	flew	cat	4	0.22855521738529205
bert-base-uncased	orig	12	fly	pst	fly__pst	"To move in or pass through the air with wings. ""bees flying around the hive"""	flied	flew	cat	4	0.7283929586410522
bert-base-uncased	delta	12	fly	pst	fly__pst	"To move in or pass through the air with wings. ""bees flying around the hive"""	flied	flew	cat	4	0.11346274614334106
bert-base-uncased	orig	0	fly	pst	fly__pst	To hit a fly in baseball.	flied	flew	prob	6	0.7180385589599609
bert-base-uncased	delta	0	fly	pst	fly__pst	To hit a fly in baseball.	flied	flew	prob	6	0.7288807034492493
bert-base-uncased	orig	1	fly	pst	fly__pst	To hit a fly in baseball.	flied	flew	prob	6	0.34310778975486755
bert-base-uncased	delta	1	fly	pst	fly__pst	To hit a fly in baseball.	flied	flew	prob	6	0.6313627362251282
bert-base-uncased	orig	2	fly	pst	fly__pst	To hit a fly in baseball.	flied	flew	prob	6	0.3729652166366577
bert-base-uncased	delta	2	fly	pst	fly__pst	To hit a fly in baseball.	flied	flew	prob	6	0.5999853610992432
bert-base-uncased	orig	3	fly	pst	fly__pst	To hit a fly in baseball.	flied	flew	prob	6	0.41660913825035095
bert-base-uncased	delta	3	fly	pst	fly__pst	To hit a fly in baseball.	flied	flew	prob	6	0.5882670879364014
bert-base-uncased	orig	4	fly	pst	fly__pst	To hit a fly in baseball.	flied	flew	prob	6	0.33088991045951843
bert-base-uncased	delta	4	fly	pst	fly__pst	To hit a fly in baseball.	flied	flew	prob	6	0.4654574692249298
bert-base-uncased	orig	5	fly	pst	fly__pst	To hit a fly in baseball.	flied	flew	prob	6	0.2346847653388977
bert-base-uncased	delta	5	fly	pst	fly__pst	To hit a fly in baseball.	flied	flew	prob	6	0.44608578085899353
bert-base-uncased	orig	6	fly	pst	fly__pst	To hit a fly in baseball.	flied	flew	prob	6	0.24276286363601685
bert-base-uncased	delta	6	fly	pst	fly__pst	To hit a fly in baseball.	flied	flew	prob	6	0.4487278163433075
bert-base-uncased	orig	7	fly	pst	fly__pst	To hit a fly in baseball.	flied	flew	prob	6	0.07480386644601822
bert-base-uncased	delta	7	fly	pst	fly__pst	To hit a fly in baseball.	flied	flew	prob	6	0.3882647752761841
bert-base-uncased	orig	8	fly	pst	fly__pst	To hit a fly in baseball.	flied	flew	prob	6	0.26757508516311646
bert-base-uncased	delta	8	fly	pst	fly__pst	To hit a fly in baseball.	flied	flew	prob	6	0.2910406291484833
bert-base-uncased	orig	9	fly	pst	fly__pst	To hit a fly in baseball.	flied	flew	prob	6	0.2838071584701538
bert-base-uncased	delta	9	fly	pst	fly__pst	To hit a fly in baseball.	flied	flew	prob	6	0.2254035323858261
bert-base-uncased	orig	10	fly	pst	fly__pst	To hit a fly in baseball.	flied	flew	prob	6	0.27873101830482483
bert-base-uncased	delta	10	fly	pst	fly__pst	To hit a fly in baseball.	flied	flew	prob	6	0.1392747014760971
bert-base-uncased	orig	11	fly	pst	fly__pst	To hit a fly in baseball.	flied	flew	prob	6	0.2907572090625763
bert-base-uncased	delta	11	fly	pst	fly__pst	To hit a fly in baseball.	flied	flew	prob	6	0.1956654191017151
bert-base-uncased	orig	12	fly	pst	fly__pst	To hit a fly in baseball.	flied	flew	prob	6	0.3081294000148773
bert-base-uncased	delta	12	fly	pst	fly__pst	To hit a fly in baseball.	flied	flew	prob	6	0.27770933508872986
bert-base-uncased	orig	0	forget	ppt	forget__ppt	"To lose the remembrance of. To be unable to think of or recall. ""I forgot his na"	forgot	forgotten	no_cond	5	0.6383374929428101
bert-base-uncased	delta	0	forget	ppt	forget__ppt	"To lose the remembrance of. To be unable to think of or recall. ""I forgot his na"	forgot	forgotten	no_cond	5	0.21324221789836884
bert-base-uncased	orig	1	forget	ppt	forget__ppt	"To lose the remembrance of. To be unable to think of or recall. ""I forgot his na"	forgot	forgotten	no_cond	5	0.5812562108039856
bert-base-uncased	delta	1	forget	ppt	forget__ppt	"To lose the remembrance of. To be unable to think of or recall. ""I forgot his na"	forgot	forgotten	no_cond	5	0.15175315737724304
bert-base-uncased	orig	2	forget	ppt	forget__ppt	"To lose the remembrance of. To be unable to think of or recall. ""I forgot his na"	forgot	forgotten	no_cond	5	0.4478439688682556
bert-base-uncased	delta	2	forget	ppt	forget__ppt	"To lose the remembrance of. To be unable to think of or recall. ""I forgot his na"	forgot	forgotten	no_cond	5	0.10645993053913116
bert-base-uncased	orig	3	forget	ppt	forget__ppt	"To lose the remembrance of. To be unable to think of or recall. ""I forgot his na"	forgot	forgotten	no_cond	5	0.38668292760849
bert-base-uncased	delta	3	forget	ppt	forget__ppt	"To lose the remembrance of. To be unable to think of or recall. ""I forgot his na"	forgot	forgotten	no_cond	5	0.18420395255088806
bert-base-uncased	orig	4	forget	ppt	forget__ppt	"To lose the remembrance of. To be unable to think of or recall. ""I forgot his na"	forgot	forgotten	no_cond	5	0.3511890470981598
bert-base-uncased	delta	4	forget	ppt	forget__ppt	"To lose the remembrance of. To be unable to think of or recall. ""I forgot his na"	forgot	forgotten	no_cond	5	0.2442023754119873
bert-base-uncased	orig	5	forget	ppt	forget__ppt	"To lose the remembrance of. To be unable to think of or recall. ""I forgot his na"	forgot	forgotten	no_cond	5	0.327880322933197
bert-base-uncased	delta	5	forget	ppt	forget__ppt	"To lose the remembrance of. To be unable to think of or recall. ""I forgot his na"	forgot	forgotten	no_cond	5	0.38262271881103516
bert-base-uncased	orig	6	forget	ppt	forget__ppt	"To lose the remembrance of. To be unable to think of or recall. ""I forgot his na"	forgot	forgotten	no_cond	5	0.33320218324661255
bert-base-uncased	delta	6	forget	ppt	forget__ppt	"To lose the remembrance of. To be unable to think of or recall. ""I forgot his na"	forgot	forgotten	no_cond	5	0.30494165420532227
bert-base-uncased	orig	7	forget	ppt	forget__ppt	"To lose the remembrance of. To be unable to think of or recall. ""I forgot his na"	forgot	forgotten	no_cond	5	0.3477206826210022
bert-base-uncased	delta	7	forget	ppt	forget__ppt	"To lose the remembrance of. To be unable to think of or recall. ""I forgot his na"	forgot	forgotten	no_cond	5	0.32491907477378845
bert-base-uncased	orig	8	forget	ppt	forget__ppt	"To lose the remembrance of. To be unable to think of or recall. ""I forgot his na"	forgot	forgotten	no_cond	5	0.3537951707839966
bert-base-uncased	delta	8	forget	ppt	forget__ppt	"To lose the remembrance of. To be unable to think of or recall. ""I forgot his na"	forgot	forgotten	no_cond	5	0.16931267082691193
bert-base-uncased	orig	9	forget	ppt	forget__ppt	"To lose the remembrance of. To be unable to think of or recall. ""I forgot his na"	forgot	forgotten	no_cond	5	0.3720846176147461
bert-base-uncased	delta	9	forget	ppt	forget__ppt	"To lose the remembrance of. To be unable to think of or recall. ""I forgot his na"	forgot	forgotten	no_cond	5	0.06384880840778351
bert-base-uncased	orig	10	forget	ppt	forget__ppt	"To lose the remembrance of. To be unable to think of or recall. ""I forgot his na"	forgot	forgotten	no_cond	5	0.3529415726661682
bert-base-uncased	delta	10	forget	ppt	forget__ppt	"To lose the remembrance of. To be unable to think of or recall. ""I forgot his na"	forgot	forgotten	no_cond	5	0.045270394533872604
bert-base-uncased	orig	11	forget	ppt	forget__ppt	"To lose the remembrance of. To be unable to think of or recall. ""I forgot his na"	forgot	forgotten	no_cond	5	0.3523791432380676
bert-base-uncased	delta	11	forget	ppt	forget__ppt	"To lose the remembrance of. To be unable to think of or recall. ""I forgot his na"	forgot	forgotten	no_cond	5	0.014935767278075218
bert-base-uncased	orig	12	forget	ppt	forget__ppt	"To lose the remembrance of. To be unable to think of or recall. ""I forgot his na"	forgot	forgotten	no_cond	5	0.37026554346084595
bert-base-uncased	delta	12	forget	ppt	forget__ppt	"To lose the remembrance of. To be unable to think of or recall. ""I forgot his na"	forgot	forgotten	no_cond	5	0.03377576917409897
bert-base-uncased	orig	0	hang	ppt	hang__ppt	To suspend by the neck until dead; often hanged in the past; often used as a mil	hanged	hung	prob	5	0.07742970436811447
bert-base-uncased	delta	0	hang	ppt	hang__ppt	To suspend by the neck until dead; often hanged in the past; often used as a mil	hanged	hung	prob	5	0.6141920685768127
bert-base-uncased	orig	1	hang	ppt	hang__ppt	To suspend by the neck until dead; often hanged in the past; often used as a mil	hanged	hung	prob	5	0.11239500343799591
bert-base-uncased	delta	1	hang	ppt	hang__ppt	To suspend by the neck until dead; often hanged in the past; often used as a mil	hanged	hung	prob	5	0.5106171369552612
bert-base-uncased	orig	2	hang	ppt	hang__ppt	To suspend by the neck until dead; often hanged in the past; often used as a mil	hanged	hung	prob	5	0.11902697384357452
bert-base-uncased	delta	2	hang	ppt	hang__ppt	To suspend by the neck until dead; often hanged in the past; often used as a mil	hanged	hung	prob	5	0.44121870398521423
bert-base-uncased	orig	3	hang	ppt	hang__ppt	To suspend by the neck until dead; often hanged in the past; often used as a mil	hanged	hung	prob	5	0.20874659717082977
bert-base-uncased	delta	3	hang	ppt	hang__ppt	To suspend by the neck until dead; often hanged in the past; often used as a mil	hanged	hung	prob	5	0.3979620933532715
bert-base-uncased	orig	4	hang	ppt	hang__ppt	To suspend by the neck until dead; often hanged in the past; often used as a mil	hanged	hung	prob	5	0.23679105937480927
bert-base-uncased	delta	4	hang	ppt	hang__ppt	To suspend by the neck until dead; often hanged in the past; often used as a mil	hanged	hung	prob	5	0.3654864728450775
bert-base-uncased	orig	5	hang	ppt	hang__ppt	To suspend by the neck until dead; often hanged in the past; often used as a mil	hanged	hung	prob	5	0.22031481564044952
bert-base-uncased	delta	5	hang	ppt	hang__ppt	To suspend by the neck until dead; often hanged in the past; often used as a mil	hanged	hung	prob	5	0.22357845306396484
bert-base-uncased	orig	6	hang	ppt	hang__ppt	To suspend by the neck until dead; often hanged in the past; often used as a mil	hanged	hung	prob	5	0.21360138058662415
bert-base-uncased	delta	6	hang	ppt	hang__ppt	To suspend by the neck until dead; often hanged in the past; often used as a mil	hanged	hung	prob	5	0.19117558002471924
bert-base-uncased	orig	7	hang	ppt	hang__ppt	To suspend by the neck until dead; often hanged in the past; often used as a mil	hanged	hung	prob	5	0.21002504229545593
bert-base-uncased	delta	7	hang	ppt	hang__ppt	To suspend by the neck until dead; often hanged in the past; often used as a mil	hanged	hung	prob	5	0.23955599963665009
bert-base-uncased	orig	8	hang	ppt	hang__ppt	To suspend by the neck until dead; often hanged in the past; often used as a mil	hanged	hung	prob	5	0.18463702499866486
bert-base-uncased	delta	8	hang	ppt	hang__ppt	To suspend by the neck until dead; often hanged in the past; often used as a mil	hanged	hung	prob	5	0.20615987479686737
bert-base-uncased	orig	9	hang	ppt	hang__ppt	To suspend by the neck until dead; often hanged in the past; often used as a mil	hanged	hung	prob	5	0.175935298204422
bert-base-uncased	delta	9	hang	ppt	hang__ppt	To suspend by the neck until dead; often hanged in the past; often used as a mil	hanged	hung	prob	5	0.19224120676517487
bert-base-uncased	orig	10	hang	ppt	hang__ppt	To suspend by the neck until dead; often hanged in the past; often used as a mil	hanged	hung	prob	5	0.2628666162490845
bert-base-uncased	delta	10	hang	ppt	hang__ppt	To suspend by the neck until dead; often hanged in the past; often used as a mil	hanged	hung	prob	5	0.12428940832614899
bert-base-uncased	orig	11	hang	ppt	hang__ppt	To suspend by the neck until dead; often hanged in the past; often used as a mil	hanged	hung	prob	5	0.2352689951658249
bert-base-uncased	delta	11	hang	ppt	hang__ppt	To suspend by the neck until dead; often hanged in the past; often used as a mil	hanged	hung	prob	5	0.09120674431324005
bert-base-uncased	orig	12	hang	ppt	hang__ppt	To suspend by the neck until dead; often hanged in the past; often used as a mil	hanged	hung	prob	5	0.25054603815078735
bert-base-uncased	delta	12	hang	ppt	hang__ppt	To suspend by the neck until dead; often hanged in the past; often used as a mil	hanged	hung	prob	5	0.1196434497833252
bert-base-uncased	orig	0	hang	pst	hang__pst	(Informal) To pass time idly or in relaxing or socializing. To hang around. To h	hanged	hung	cat	5	0.32678791880607605
bert-base-uncased	delta	0	hang	pst	hang__pst	(Informal) To pass time idly or in relaxing or socializing. To hang around. To h	hanged	hung	cat	5	0.6774121522903442
bert-base-uncased	orig	1	hang	pst	hang__pst	(Informal) To pass time idly or in relaxing or socializing. To hang around. To h	hanged	hung	cat	5	0.35352426767349243
bert-base-uncased	delta	1	hang	pst	hang__pst	(Informal) To pass time idly or in relaxing or socializing. To hang around. To h	hanged	hung	cat	5	0.515091061592102
bert-base-uncased	orig	2	hang	pst	hang__pst	(Informal) To pass time idly or in relaxing or socializing. To hang around. To h	hanged	hung	cat	5	0.4158099591732025
bert-base-uncased	delta	2	hang	pst	hang__pst	(Informal) To pass time idly or in relaxing or socializing. To hang around. To h	hanged	hung	cat	5	0.4741443693637848
bert-base-uncased	orig	3	hang	pst	hang__pst	(Informal) To pass time idly or in relaxing or socializing. To hang around. To h	hanged	hung	cat	5	0.37371060252189636
bert-base-uncased	delta	3	hang	pst	hang__pst	(Informal) To pass time idly or in relaxing or socializing. To hang around. To h	hanged	hung	cat	5	0.48986339569091797
bert-base-uncased	orig	4	hang	pst	hang__pst	(Informal) To pass time idly or in relaxing or socializing. To hang around. To h	hanged	hung	cat	5	0.4595282971858978
bert-base-uncased	delta	4	hang	pst	hang__pst	(Informal) To pass time idly or in relaxing or socializing. To hang around. To h	hanged	hung	cat	5	0.28582674264907837
bert-base-uncased	orig	5	hang	pst	hang__pst	(Informal) To pass time idly or in relaxing or socializing. To hang around. To h	hanged	hung	cat	5	0.5175721049308777
bert-base-uncased	delta	5	hang	pst	hang__pst	(Informal) To pass time idly or in relaxing or socializing. To hang around. To h	hanged	hung	cat	5	0.38742557168006897
bert-base-uncased	orig	6	hang	pst	hang__pst	(Informal) To pass time idly or in relaxing or socializing. To hang around. To h	hanged	hung	cat	5	0.5271964073181152
bert-base-uncased	delta	6	hang	pst	hang__pst	(Informal) To pass time idly or in relaxing or socializing. To hang around. To h	hanged	hung	cat	5	0.27664440870285034
bert-base-uncased	orig	7	hang	pst	hang__pst	(Informal) To pass time idly or in relaxing or socializing. To hang around. To h	hanged	hung	cat	5	0.5735489726066589
bert-base-uncased	delta	7	hang	pst	hang__pst	(Informal) To pass time idly or in relaxing or socializing. To hang around. To h	hanged	hung	cat	5	0.30674564838409424
bert-base-uncased	orig	8	hang	pst	hang__pst	(Informal) To pass time idly or in relaxing or socializing. To hang around. To h	hanged	hung	cat	5	0.5503982305526733
bert-base-uncased	delta	8	hang	pst	hang__pst	(Informal) To pass time idly or in relaxing or socializing. To hang around. To h	hanged	hung	cat	5	0.33907365798950195
bert-base-uncased	orig	9	hang	pst	hang__pst	(Informal) To pass time idly or in relaxing or socializing. To hang around. To h	hanged	hung	cat	5	0.5646218061447144
bert-base-uncased	delta	9	hang	pst	hang__pst	(Informal) To pass time idly or in relaxing or socializing. To hang around. To h	hanged	hung	cat	5	0.330858439207077
bert-base-uncased	orig	10	hang	pst	hang__pst	(Informal) To pass time idly or in relaxing or socializing. To hang around. To h	hanged	hung	cat	5	0.581032931804657
bert-base-uncased	delta	10	hang	pst	hang__pst	(Informal) To pass time idly or in relaxing or socializing. To hang around. To h	hanged	hung	cat	5	0.2842962145805359
bert-base-uncased	orig	11	hang	pst	hang__pst	(Informal) To pass time idly or in relaxing or socializing. To hang around. To h	hanged	hung	cat	5	0.5998242497444153
bert-base-uncased	delta	11	hang	pst	hang__pst	(Informal) To pass time idly or in relaxing or socializing. To hang around. To h	hanged	hung	cat	5	0.2634987235069275
bert-base-uncased	orig	12	hang	pst	hang__pst	(Informal) To pass time idly or in relaxing or socializing. To hang around. To h	hanged	hung	cat	5	0.6311394572257996
bert-base-uncased	delta	12	hang	pst	hang__pst	(Informal) To pass time idly or in relaxing or socializing. To hang around. To h	hanged	hung	cat	5	0.14199821650981903
bert-base-uncased	orig	0	hang	pst	hang__pst	To suspend by the neck until dead; often hanged in the past; often used as a mil	hanged	hung	cat	3	0.12711270153522491
bert-base-uncased	delta	0	hang	pst	hang__pst	To suspend by the neck until dead; often hanged in the past; often used as a mil	hanged	hung	cat	3	0.11548179388046265
bert-base-uncased	orig	1	hang	pst	hang__pst	To suspend by the neck until dead; often hanged in the past; often used as a mil	hanged	hung	cat	3	0.16332225501537323
bert-base-uncased	delta	1	hang	pst	hang__pst	To suspend by the neck until dead; often hanged in the past; often used as a mil	hanged	hung	cat	3	0.14334280788898468
bert-base-uncased	orig	2	hang	pst	hang__pst	To suspend by the neck until dead; often hanged in the past; often used as a mil	hanged	hung	cat	3	0.1370677500963211
bert-base-uncased	delta	2	hang	pst	hang__pst	To suspend by the neck until dead; often hanged in the past; often used as a mil	hanged	hung	cat	3	0.1467866450548172
bert-base-uncased	orig	3	hang	pst	hang__pst	To suspend by the neck until dead; often hanged in the past; often used as a mil	hanged	hung	cat	3	0.15775775909423828
bert-base-uncased	delta	3	hang	pst	hang__pst	To suspend by the neck until dead; often hanged in the past; often used as a mil	hanged	hung	cat	3	0.20168952643871307
bert-base-uncased	orig	4	hang	pst	hang__pst	To suspend by the neck until dead; often hanged in the past; often used as a mil	hanged	hung	cat	3	0.1804046630859375
bert-base-uncased	delta	4	hang	pst	hang__pst	To suspend by the neck until dead; often hanged in the past; often used as a mil	hanged	hung	cat	3	0.21435843408107758
bert-base-uncased	orig	5	hang	pst	hang__pst	To suspend by the neck until dead; often hanged in the past; often used as a mil	hanged	hung	cat	3	0.19622568786144257
bert-base-uncased	delta	5	hang	pst	hang__pst	To suspend by the neck until dead; often hanged in the past; often used as a mil	hanged	hung	cat	3	0.17207510769367218
bert-base-uncased	orig	6	hang	pst	hang__pst	To suspend by the neck until dead; often hanged in the past; often used as a mil	hanged	hung	cat	3	0.22458338737487793
bert-base-uncased	delta	6	hang	pst	hang__pst	To suspend by the neck until dead; often hanged in the past; often used as a mil	hanged	hung	cat	3	0.1402300000190735
bert-base-uncased	orig	7	hang	pst	hang__pst	To suspend by the neck until dead; often hanged in the past; often used as a mil	hanged	hung	cat	3	0.2837020456790924
bert-base-uncased	delta	7	hang	pst	hang__pst	To suspend by the neck until dead; often hanged in the past; often used as a mil	hanged	hung	cat	3	0.19172658026218414
bert-base-uncased	orig	8	hang	pst	hang__pst	To suspend by the neck until dead; often hanged in the past; often used as a mil	hanged	hung	cat	3	0.33763566613197327
bert-base-uncased	delta	8	hang	pst	hang__pst	To suspend by the neck until dead; often hanged in the past; often used as a mil	hanged	hung	cat	3	0.19867508113384247
bert-base-uncased	orig	9	hang	pst	hang__pst	To suspend by the neck until dead; often hanged in the past; often used as a mil	hanged	hung	cat	3	0.3860250413417816
bert-base-uncased	delta	9	hang	pst	hang__pst	To suspend by the neck until dead; often hanged in the past; often used as a mil	hanged	hung	cat	3	0.17275698482990265
bert-base-uncased	orig	10	hang	pst	hang__pst	To suspend by the neck until dead; often hanged in the past; often used as a mil	hanged	hung	cat	3	0.3714921474456787
bert-base-uncased	delta	10	hang	pst	hang__pst	To suspend by the neck until dead; often hanged in the past; often used as a mil	hanged	hung	cat	3	0.16672258079051971
bert-base-uncased	orig	11	hang	pst	hang__pst	To suspend by the neck until dead; often hanged in the past; often used as a mil	hanged	hung	cat	3	0.33038151264190674
bert-base-uncased	delta	11	hang	pst	hang__pst	To suspend by the neck until dead; often hanged in the past; often used as a mil	hanged	hung	cat	3	0.1948656439781189
bert-base-uncased	orig	12	hang	pst	hang__pst	To suspend by the neck until dead; often hanged in the past; often used as a mil	hanged	hung	cat	3	0.3395654261112213
bert-base-uncased	delta	12	hang	pst	hang__pst	To suspend by the neck until dead; often hanged in the past; often used as a mil	hanged	hung	cat	3	0.1943081170320511
bert-base-uncased	orig	0	kneel	pst	kneel__pst	"To position the body so that one or both knees rest on the floor. ""The prisoners"	kneeled	knelt	no_cond	3	0.44044479727745056
bert-base-uncased	delta	0	kneel	pst	kneel__pst	"To position the body so that one or both knees rest on the floor. ""The prisoners"	kneeled	knelt	no_cond	3	0.6666666865348816
bert-base-uncased	orig	1	kneel	pst	kneel__pst	"To position the body so that one or both knees rest on the floor. ""The prisoners"	kneeled	knelt	no_cond	3	0.4479627311229706
bert-base-uncased	delta	1	kneel	pst	kneel__pst	"To position the body so that one or both knees rest on the floor. ""The prisoners"	kneeled	knelt	no_cond	3	0.4409862458705902
bert-base-uncased	orig	2	kneel	pst	kneel__pst	"To position the body so that one or both knees rest on the floor. ""The prisoners"	kneeled	knelt	no_cond	3	0.42654868960380554
bert-base-uncased	delta	2	kneel	pst	kneel__pst	"To position the body so that one or both knees rest on the floor. ""The prisoners"	kneeled	knelt	no_cond	3	0.4274926483631134
bert-base-uncased	orig	3	kneel	pst	kneel__pst	"To position the body so that one or both knees rest on the floor. ""The prisoners"	kneeled	knelt	no_cond	3	0.37557682394981384
bert-base-uncased	delta	3	kneel	pst	kneel__pst	"To position the body so that one or both knees rest on the floor. ""The prisoners"	kneeled	knelt	no_cond	3	0.41806498169898987
bert-base-uncased	orig	4	kneel	pst	kneel__pst	"To position the body so that one or both knees rest on the floor. ""The prisoners"	kneeled	knelt	no_cond	3	0.3679654598236084
bert-base-uncased	delta	4	kneel	pst	kneel__pst	"To position the body so that one or both knees rest on the floor. ""The prisoners"	kneeled	knelt	no_cond	3	0.3879857063293457
bert-base-uncased	orig	5	kneel	pst	kneel__pst	"To position the body so that one or both knees rest on the floor. ""The prisoners"	kneeled	knelt	no_cond	3	0.3695101737976074
bert-base-uncased	delta	5	kneel	pst	kneel__pst	"To position the body so that one or both knees rest on the floor. ""The prisoners"	kneeled	knelt	no_cond	3	0.34284695982933044
bert-base-uncased	orig	6	kneel	pst	kneel__pst	"To position the body so that one or both knees rest on the floor. ""The prisoners"	kneeled	knelt	no_cond	3	0.37305334210395813
bert-base-uncased	delta	6	kneel	pst	kneel__pst	"To position the body so that one or both knees rest on the floor. ""The prisoners"	kneeled	knelt	no_cond	3	0.34823334217071533
bert-base-uncased	orig	7	kneel	pst	kneel__pst	"To position the body so that one or both knees rest on the floor. ""The prisoners"	kneeled	knelt	no_cond	3	0.397458553314209
bert-base-uncased	delta	7	kneel	pst	kneel__pst	"To position the body so that one or both knees rest on the floor. ""The prisoners"	kneeled	knelt	no_cond	3	0.4145391881465912
bert-base-uncased	orig	8	kneel	pst	kneel__pst	"To position the body so that one or both knees rest on the floor. ""The prisoners"	kneeled	knelt	no_cond	3	0.4134364426136017
bert-base-uncased	delta	8	kneel	pst	kneel__pst	"To position the body so that one or both knees rest on the floor. ""The prisoners"	kneeled	knelt	no_cond	3	0.44818875193595886
bert-base-uncased	orig	9	kneel	pst	kneel__pst	"To position the body so that one or both knees rest on the floor. ""The prisoners"	kneeled	knelt	no_cond	3	0.4270072877407074
bert-base-uncased	delta	9	kneel	pst	kneel__pst	"To position the body so that one or both knees rest on the floor. ""The prisoners"	kneeled	knelt	no_cond	3	0.43997490406036377
bert-base-uncased	orig	10	kneel	pst	kneel__pst	"To position the body so that one or both knees rest on the floor. ""The prisoners"	kneeled	knelt	no_cond	3	0.4249321520328522
bert-base-uncased	delta	10	kneel	pst	kneel__pst	"To position the body so that one or both knees rest on the floor. ""The prisoners"	kneeled	knelt	no_cond	3	0.41568875312805176
bert-base-uncased	orig	11	kneel	pst	kneel__pst	"To position the body so that one or both knees rest on the floor. ""The prisoners"	kneeled	knelt	no_cond	3	0.42650333046913147
bert-base-uncased	delta	11	kneel	pst	kneel__pst	"To position the body so that one or both knees rest on the floor. ""The prisoners"	kneeled	knelt	no_cond	3	0.3792037069797516
bert-base-uncased	orig	12	kneel	pst	kneel__pst	"To position the body so that one or both knees rest on the floor. ""The prisoners"	kneeled	knelt	no_cond	3	0.43667760491371155
bert-base-uncased	delta	12	kneel	pst	kneel__pst	"To position the body so that one or both knees rest on the floor. ""The prisoners"	kneeled	knelt	no_cond	3	0.29030442237854004
bert-base-uncased	orig	0	knit	ppt	knit__ppt	To form by interlacing yarn or thread in a series of connected loops with needle	knitted	knit	prob	44	0.45494166016578674
bert-base-uncased	delta	0	knit	ppt	knit__ppt	To form by interlacing yarn or thread in a series of connected loops with needle	knitted	knit	prob	44	0.9772727489471436
bert-base-uncased	orig	1	knit	ppt	knit__ppt	To form by interlacing yarn or thread in a series of connected loops with needle	knitted	knit	prob	44	0.0610894113779068
bert-base-uncased	delta	1	knit	ppt	knit__ppt	To form by interlacing yarn or thread in a series of connected loops with needle	knitted	knit	prob	44	0.19335924088954926
bert-base-uncased	orig	2	knit	ppt	knit__ppt	To form by interlacing yarn or thread in a series of connected loops with needle	knitted	knit	prob	44	0.13024896383285522
bert-base-uncased	delta	2	knit	ppt	knit__ppt	To form by interlacing yarn or thread in a series of connected loops with needle	knitted	knit	prob	44	0.06211090460419655
bert-base-uncased	orig	3	knit	ppt	knit__ppt	To form by interlacing yarn or thread in a series of connected loops with needle	knitted	knit	prob	44	0.08896585553884506
bert-base-uncased	delta	3	knit	ppt	knit__ppt	To form by interlacing yarn or thread in a series of connected loops with needle	knitted	knit	prob	44	0.17425383627414703
bert-base-uncased	orig	4	knit	ppt	knit__ppt	To form by interlacing yarn or thread in a series of connected loops with needle	knitted	knit	prob	44	0.10748782753944397
bert-base-uncased	delta	4	knit	ppt	knit__ppt	To form by interlacing yarn or thread in a series of connected loops with needle	knitted	knit	prob	44	0.1530480533838272
bert-base-uncased	orig	5	knit	ppt	knit__ppt	To form by interlacing yarn or thread in a series of connected loops with needle	knitted	knit	prob	44	0.12325096130371094
bert-base-uncased	delta	5	knit	ppt	knit__ppt	To form by interlacing yarn or thread in a series of connected loops with needle	knitted	knit	prob	44	0.05599977821111679
bert-base-uncased	orig	6	knit	ppt	knit__ppt	To form by interlacing yarn or thread in a series of connected loops with needle	knitted	knit	prob	44	0.12577472627162933
bert-base-uncased	delta	6	knit	ppt	knit__ppt	To form by interlacing yarn or thread in a series of connected loops with needle	knitted	knit	prob	44	0.04294244945049286
bert-base-uncased	orig	7	knit	ppt	knit__ppt	To form by interlacing yarn or thread in a series of connected loops with needle	knitted	knit	prob	44	0.13885597884655
bert-base-uncased	delta	7	knit	ppt	knit__ppt	To form by interlacing yarn or thread in a series of connected loops with needle	knitted	knit	prob	44	0.04079614579677582
bert-base-uncased	orig	8	knit	ppt	knit__ppt	To form by interlacing yarn or thread in a series of connected loops with needle	knitted	knit	prob	44	0.12764917314052582
bert-base-uncased	delta	8	knit	ppt	knit__ppt	To form by interlacing yarn or thread in a series of connected loops with needle	knitted	knit	prob	44	0.02870197221636772
bert-base-uncased	orig	9	knit	ppt	knit__ppt	To form by interlacing yarn or thread in a series of connected loops with needle	knitted	knit	prob	44	0.10826420038938522
bert-base-uncased	delta	9	knit	ppt	knit__ppt	To form by interlacing yarn or thread in a series of connected loops with needle	knitted	knit	prob	44	0.03082066960632801
bert-base-uncased	orig	10	knit	ppt	knit__ppt	To form by interlacing yarn or thread in a series of connected loops with needle	knitted	knit	prob	44	0.08933112025260925
bert-base-uncased	delta	10	knit	ppt	knit__ppt	To form by interlacing yarn or thread in a series of connected loops with needle	knitted	knit	prob	44	0.07881931215524673
bert-base-uncased	orig	11	knit	ppt	knit__ppt	To form by interlacing yarn or thread in a series of connected loops with needle	knitted	knit	prob	44	0.08441997319459915
bert-base-uncased	delta	11	knit	ppt	knit__ppt	To form by interlacing yarn or thread in a series of connected loops with needle	knitted	knit	prob	44	0.022531719878315926
bert-base-uncased	orig	12	knit	ppt	knit__ppt	To form by interlacing yarn or thread in a series of connected loops with needle	knitted	knit	prob	44	0.06711132079362869
bert-base-uncased	delta	12	knit	ppt	knit__ppt	To form by interlacing yarn or thread in a series of connected loops with needle	knitted	knit	prob	44	0.06755822151899338
bert-base-uncased	orig	0	knit	ppt	knit__ppt	"To link firmly or closely. ""knitted my hands"""	knitted	knit	prob	45	0.5603014826774597
bert-base-uncased	delta	0	knit	ppt	knit__ppt	"To link firmly or closely. ""knitted my hands"""	knitted	knit	prob	45	nan
bert-base-uncased	orig	1	knit	ppt	knit__ppt	"To link firmly or closely. ""knitted my hands"""	knitted	knit	prob	45	0.12408027797937393
bert-base-uncased	delta	1	knit	ppt	knit__ppt	"To link firmly or closely. ""knitted my hands"""	knitted	knit	prob	45	0.24333137273788452
bert-base-uncased	orig	2	knit	ppt	knit__ppt	"To link firmly or closely. ""knitted my hands"""	knitted	knit	prob	45	0.08420263230800629
bert-base-uncased	delta	2	knit	ppt	knit__ppt	"To link firmly or closely. ""knitted my hands"""	knitted	knit	prob	45	0.18022380769252777
bert-base-uncased	orig	3	knit	ppt	knit__ppt	"To link firmly or closely. ""knitted my hands"""	knitted	knit	prob	45	0.11808397620916367
bert-base-uncased	delta	3	knit	ppt	knit__ppt	"To link firmly or closely. ""knitted my hands"""	knitted	knit	prob	45	0.22827234864234924
bert-base-uncased	orig	4	knit	ppt	knit__ppt	"To link firmly or closely. ""knitted my hands"""	knitted	knit	prob	45	0.1033962219953537
bert-base-uncased	delta	4	knit	ppt	knit__ppt	"To link firmly or closely. ""knitted my hands"""	knitted	knit	prob	45	0.22150342166423798
bert-base-uncased	orig	5	knit	ppt	knit__ppt	"To link firmly or closely. ""knitted my hands"""	knitted	knit	prob	45	0.09992358833551407
bert-base-uncased	delta	5	knit	ppt	knit__ppt	"To link firmly or closely. ""knitted my hands"""	knitted	knit	prob	45	0.17476481199264526
bert-base-uncased	orig	6	knit	ppt	knit__ppt	"To link firmly or closely. ""knitted my hands"""	knitted	knit	prob	45	0.1104365736246109
bert-base-uncased	delta	6	knit	ppt	knit__ppt	"To link firmly or closely. ""knitted my hands"""	knitted	knit	prob	45	0.15863949060440063
bert-base-uncased	orig	7	knit	ppt	knit__ppt	"To link firmly or closely. ""knitted my hands"""	knitted	knit	prob	45	0.09402231872081757
bert-base-uncased	delta	7	knit	ppt	knit__ppt	"To link firmly or closely. ""knitted my hands"""	knitted	knit	prob	45	0.08161518722772598
bert-base-uncased	orig	8	knit	ppt	knit__ppt	"To link firmly or closely. ""knitted my hands"""	knitted	knit	prob	45	0.06615926325321198
bert-base-uncased	delta	8	knit	ppt	knit__ppt	"To link firmly or closely. ""knitted my hands"""	knitted	knit	prob	45	0.12490399926900864
bert-base-uncased	orig	9	knit	ppt	knit__ppt	"To link firmly or closely. ""knitted my hands"""	knitted	knit	prob	45	0.04809192568063736
bert-base-uncased	delta	9	knit	ppt	knit__ppt	"To link firmly or closely. ""knitted my hands"""	knitted	knit	prob	45	0.2472890168428421
bert-base-uncased	orig	10	knit	ppt	knit__ppt	"To link firmly or closely. ""knitted my hands"""	knitted	knit	prob	45	0.04297013208270073
bert-base-uncased	delta	10	knit	ppt	knit__ppt	"To link firmly or closely. ""knitted my hands"""	knitted	knit	prob	45	0.2891221344470978
bert-base-uncased	orig	11	knit	ppt	knit__ppt	"To link firmly or closely. ""knitted my hands"""	knitted	knit	prob	45	0.04435722157359123
bert-base-uncased	delta	11	knit	ppt	knit__ppt	"To link firmly or closely. ""knitted my hands"""	knitted	knit	prob	45	0.33075451850891113
bert-base-uncased	orig	12	knit	ppt	knit__ppt	"To link firmly or closely. ""knitted my hands"""	knitted	knit	prob	45	0.07082018256187439
bert-base-uncased	delta	12	knit	ppt	knit__ppt	"To link firmly or closely. ""knitted my hands"""	knitted	knit	prob	45	0.19947010278701782
bert-base-uncased	orig	0	knit	pst	knit__pst	To make knitted fabrics or objects.	knitted	knit	no_cond	6	0.6287218332290649
bert-base-uncased	delta	0	knit	pst	knit__pst	To make knitted fabrics or objects.	knitted	knit	no_cond	6	nan
bert-base-uncased	orig	1	knit	pst	knit__pst	To make knitted fabrics or objects.	knitted	knit	no_cond	6	0.29373207688331604
bert-base-uncased	delta	1	knit	pst	knit__pst	To make knitted fabrics or objects.	knitted	knit	no_cond	6	0.5378676652908325
bert-base-uncased	orig	2	knit	pst	knit__pst	To make knitted fabrics or objects.	knitted	knit	no_cond	6	0.08177266269922256
bert-base-uncased	delta	2	knit	pst	knit__pst	To make knitted fabrics or objects.	knitted	knit	no_cond	6	0.37278881669044495
bert-base-uncased	orig	3	knit	pst	knit__pst	To make knitted fabrics or objects.	knitted	knit	no_cond	6	0.16335298120975494
bert-base-uncased	delta	3	knit	pst	knit__pst	To make knitted fabrics or objects.	knitted	knit	no_cond	6	0.4592221677303314
bert-base-uncased	orig	4	knit	pst	knit__pst	To make knitted fabrics or objects.	knitted	knit	no_cond	6	0.16925518214702606
bert-base-uncased	delta	4	knit	pst	knit__pst	To make knitted fabrics or objects.	knitted	knit	no_cond	6	0.3847590386867523
bert-base-uncased	orig	5	knit	pst	knit__pst	To make knitted fabrics or objects.	knitted	knit	no_cond	6	0.17160482704639435
bert-base-uncased	delta	5	knit	pst	knit__pst	To make knitted fabrics or objects.	knitted	knit	no_cond	6	0.32100510597229004
bert-base-uncased	orig	6	knit	pst	knit__pst	To make knitted fabrics or objects.	knitted	knit	no_cond	6	0.13116131722927094
bert-base-uncased	delta	6	knit	pst	knit__pst	To make knitted fabrics or objects.	knitted	knit	no_cond	6	0.2659651041030884
bert-base-uncased	orig	7	knit	pst	knit__pst	To make knitted fabrics or objects.	knitted	knit	no_cond	6	0.12170841544866562
bert-base-uncased	delta	7	knit	pst	knit__pst	To make knitted fabrics or objects.	knitted	knit	no_cond	6	-0.013927423395216465
bert-base-uncased	orig	8	knit	pst	knit__pst	To make knitted fabrics or objects.	knitted	knit	no_cond	6	0.10729394108057022
bert-base-uncased	delta	8	knit	pst	knit__pst	To make knitted fabrics or objects.	knitted	knit	no_cond	6	0.0005299051408655941
bert-base-uncased	orig	9	knit	pst	knit__pst	To make knitted fabrics or objects.	knitted	knit	no_cond	6	0.09189730882644653
bert-base-uncased	delta	9	knit	pst	knit__pst	To make knitted fabrics or objects.	knitted	knit	no_cond	6	0.11985135078430176
bert-base-uncased	orig	10	knit	pst	knit__pst	To make knitted fabrics or objects.	knitted	knit	no_cond	6	0.0826578140258789
bert-base-uncased	delta	10	knit	pst	knit__pst	To make knitted fabrics or objects.	knitted	knit	no_cond	6	0.016261568292975426
bert-base-uncased	orig	11	knit	pst	knit__pst	To make knitted fabrics or objects.	knitted	knit	no_cond	6	0.0691470131278038
bert-base-uncased	delta	11	knit	pst	knit__pst	To make knitted fabrics or objects.	knitted	knit	no_cond	6	0.01771412417292595
bert-base-uncased	orig	12	knit	pst	knit__pst	To make knitted fabrics or objects.	knitted	knit	no_cond	6	0.07516909390687943
bert-base-uncased	delta	12	knit	pst	knit__pst	To make knitted fabrics or objects.	knitted	knit	no_cond	6	0.04297203943133354
bert-base-uncased	orig	0	knit	pst	knit__pst	To form by interlacing yarn or thread in a series of connected loops with needle	knitted	knit	prob	34	0.2832310199737549
bert-base-uncased	delta	0	knit	pst	knit__pst	To form by interlacing yarn or thread in a series of connected loops with needle	knitted	knit	prob	34	0.9067612886428833
bert-base-uncased	orig	1	knit	pst	knit__pst	To form by interlacing yarn or thread in a series of connected loops with needle	knitted	knit	prob	34	0.12307348102331161
bert-base-uncased	delta	1	knit	pst	knit__pst	To form by interlacing yarn or thread in a series of connected loops with needle	knitted	knit	prob	34	0.4787224531173706
bert-base-uncased	orig	2	knit	pst	knit__pst	To form by interlacing yarn or thread in a series of connected loops with needle	knitted	knit	prob	34	0.11887334287166595
bert-base-uncased	delta	2	knit	pst	knit__pst	To form by interlacing yarn or thread in a series of connected loops with needle	knitted	knit	prob	34	0.05288827046751976
bert-base-uncased	orig	3	knit	pst	knit__pst	To form by interlacing yarn or thread in a series of connected loops with needle	knitted	knit	prob	34	0.08915555477142334
bert-base-uncased	delta	3	knit	pst	knit__pst	To form by interlacing yarn or thread in a series of connected loops with needle	knitted	knit	prob	34	0.1257215142250061
bert-base-uncased	orig	4	knit	pst	knit__pst	To form by interlacing yarn or thread in a series of connected loops with needle	knitted	knit	prob	34	0.1311975121498108
bert-base-uncased	delta	4	knit	pst	knit__pst	To form by interlacing yarn or thread in a series of connected loops with needle	knitted	knit	prob	34	0.16891396045684814
bert-base-uncased	orig	5	knit	pst	knit__pst	To form by interlacing yarn or thread in a series of connected loops with needle	knitted	knit	prob	34	0.10948445647954941
bert-base-uncased	delta	5	knit	pst	knit__pst	To form by interlacing yarn or thread in a series of connected loops with needle	knitted	knit	prob	34	0.3826022744178772
bert-base-uncased	orig	6	knit	pst	knit__pst	To form by interlacing yarn or thread in a series of connected loops with needle	knitted	knit	prob	34	0.1374359279870987
bert-base-uncased	delta	6	knit	pst	knit__pst	To form by interlacing yarn or thread in a series of connected loops with needle	knitted	knit	prob	34	0.37227243185043335
bert-base-uncased	orig	7	knit	pst	knit__pst	To form by interlacing yarn or thread in a series of connected loops with needle	knitted	knit	prob	34	0.15494519472122192
bert-base-uncased	delta	7	knit	pst	knit__pst	To form by interlacing yarn or thread in a series of connected loops with needle	knitted	knit	prob	34	0.3660103678703308
bert-base-uncased	orig	8	knit	pst	knit__pst	To form by interlacing yarn or thread in a series of connected loops with needle	knitted	knit	prob	34	0.11658871173858643
bert-base-uncased	delta	8	knit	pst	knit__pst	To form by interlacing yarn or thread in a series of connected loops with needle	knitted	knit	prob	34	0.3744029104709625
bert-base-uncased	orig	9	knit	pst	knit__pst	To form by interlacing yarn or thread in a series of connected loops with needle	knitted	knit	prob	34	0.09784100949764252
bert-base-uncased	delta	9	knit	pst	knit__pst	To form by interlacing yarn or thread in a series of connected loops with needle	knitted	knit	prob	34	0.06493208557367325
bert-base-uncased	orig	10	knit	pst	knit__pst	To form by interlacing yarn or thread in a series of connected loops with needle	knitted	knit	prob	34	0.07291202992200851
bert-base-uncased	delta	10	knit	pst	knit__pst	To form by interlacing yarn or thread in a series of connected loops with needle	knitted	knit	prob	34	0.3412512242794037
bert-base-uncased	orig	11	knit	pst	knit__pst	To form by interlacing yarn or thread in a series of connected loops with needle	knitted	knit	prob	34	0.05927145481109619
bert-base-uncased	delta	11	knit	pst	knit__pst	To form by interlacing yarn or thread in a series of connected loops with needle	knitted	knit	prob	34	0.3131319284439087
bert-base-uncased	orig	12	knit	pst	knit__pst	To form by interlacing yarn or thread in a series of connected loops with needle	knitted	knit	prob	34	0.03474704176187515
bert-base-uncased	delta	12	knit	pst	knit__pst	To form by interlacing yarn or thread in a series of connected loops with needle	knitted	knit	prob	34	0.3063104748725891
bert-base-uncased	orig	0	knit	pst	knit__pst	"To link firmly or closely. ""knitted my hands"""	knitted	knit	prob	16	0.542397141456604
bert-base-uncased	delta	0	knit	pst	knit__pst	"To link firmly or closely. ""knitted my hands"""	knitted	knit	prob	16	nan
bert-base-uncased	orig	1	knit	pst	knit__pst	"To link firmly or closely. ""knitted my hands"""	knitted	knit	prob	16	0.19183655083179474
bert-base-uncased	delta	1	knit	pst	knit__pst	"To link firmly or closely. ""knitted my hands"""	knitted	knit	prob	16	0.25787433981895447
bert-base-uncased	orig	2	knit	pst	knit__pst	"To link firmly or closely. ""knitted my hands"""	knitted	knit	prob	16	0.2618408501148224
bert-base-uncased	delta	2	knit	pst	knit__pst	"To link firmly or closely. ""knitted my hands"""	knitted	knit	prob	16	0.2558620572090149
bert-base-uncased	orig	3	knit	pst	knit__pst	"To link firmly or closely. ""knitted my hands"""	knitted	knit	prob	16	0.27328574657440186
bert-base-uncased	delta	3	knit	pst	knit__pst	"To link firmly or closely. ""knitted my hands"""	knitted	knit	prob	16	0.34935638308525085
bert-base-uncased	orig	4	knit	pst	knit__pst	"To link firmly or closely. ""knitted my hands"""	knitted	knit	prob	16	0.3220353126525879
bert-base-uncased	delta	4	knit	pst	knit__pst	"To link firmly or closely. ""knitted my hands"""	knitted	knit	prob	16	0.3182620406150818
bert-base-uncased	orig	5	knit	pst	knit__pst	"To link firmly or closely. ""knitted my hands"""	knitted	knit	prob	16	0.3063560128211975
bert-base-uncased	delta	5	knit	pst	knit__pst	"To link firmly or closely. ""knitted my hands"""	knitted	knit	prob	16	0.29888540506362915
bert-base-uncased	orig	6	knit	pst	knit__pst	"To link firmly or closely. ""knitted my hands"""	knitted	knit	prob	16	0.29764729738235474
bert-base-uncased	delta	6	knit	pst	knit__pst	"To link firmly or closely. ""knitted my hands"""	knitted	knit	prob	16	0.2669655680656433
bert-base-uncased	orig	7	knit	pst	knit__pst	"To link firmly or closely. ""knitted my hands"""	knitted	knit	prob	16	0.2915615439414978
bert-base-uncased	delta	7	knit	pst	knit__pst	"To link firmly or closely. ""knitted my hands"""	knitted	knit	prob	16	0.0564376600086689
bert-base-uncased	orig	8	knit	pst	knit__pst	"To link firmly or closely. ""knitted my hands"""	knitted	knit	prob	16	0.2843320667743683
bert-base-uncased	delta	8	knit	pst	knit__pst	"To link firmly or closely. ""knitted my hands"""	knitted	knit	prob	16	0.1019250676035881
bert-base-uncased	orig	9	knit	pst	knit__pst	"To link firmly or closely. ""knitted my hands"""	knitted	knit	prob	16	0.24447113275527954
bert-base-uncased	delta	9	knit	pst	knit__pst	"To link firmly or closely. ""knitted my hands"""	knitted	knit	prob	16	0.19886897504329681
bert-base-uncased	orig	10	knit	pst	knit__pst	"To link firmly or closely. ""knitted my hands"""	knitted	knit	prob	16	0.22336024045944214
bert-base-uncased	delta	10	knit	pst	knit__pst	"To link firmly or closely. ""knitted my hands"""	knitted	knit	prob	16	0.17684054374694824
bert-base-uncased	orig	11	knit	pst	knit__pst	"To link firmly or closely. ""knitted my hands"""	knitted	knit	prob	16	0.2136816382408142
bert-base-uncased	delta	11	knit	pst	knit__pst	"To link firmly or closely. ""knitted my hands"""	knitted	knit	prob	16	0.06633034348487854
bert-base-uncased	orig	12	knit	pst	knit__pst	"To link firmly or closely. ""knitted my hands"""	knitted	knit	prob	16	0.21487292647361755
bert-base-uncased	delta	12	knit	pst	knit__pst	"To link firmly or closely. ""knitted my hands"""	knitted	knit	prob	16	0.08235728740692139
bert-base-uncased	orig	0	knit	pst	knit__pst	"To contract into wrinkles. ""knitted her brow"""	knitted	knit	prob	24	0.5672542452812195
bert-base-uncased	delta	0	knit	pst	knit__pst	"To contract into wrinkles. ""knitted her brow"""	knitted	knit	prob	24	nan
bert-base-uncased	orig	1	knit	pst	knit__pst	"To contract into wrinkles. ""knitted her brow"""	knitted	knit	prob	24	0.14097855985164642
bert-base-uncased	delta	1	knit	pst	knit__pst	"To contract into wrinkles. ""knitted her brow"""	knitted	knit	prob	24	0.14215205609798431
bert-base-uncased	orig	2	knit	pst	knit__pst	"To contract into wrinkles. ""knitted her brow"""	knitted	knit	prob	24	0.1083565279841423
bert-base-uncased	delta	2	knit	pst	knit__pst	"To contract into wrinkles. ""knitted her brow"""	knitted	knit	prob	24	0.15658354759216309
bert-base-uncased	orig	3	knit	pst	knit__pst	"To contract into wrinkles. ""knitted her brow"""	knitted	knit	prob	24	0.07335199415683746
bert-base-uncased	delta	3	knit	pst	knit__pst	"To contract into wrinkles. ""knitted her brow"""	knitted	knit	prob	24	0.07989908009767532
bert-base-uncased	orig	4	knit	pst	knit__pst	"To contract into wrinkles. ""knitted her brow"""	knitted	knit	prob	24	0.10693570226430893
bert-base-uncased	delta	4	knit	pst	knit__pst	"To contract into wrinkles. ""knitted her brow"""	knitted	knit	prob	24	0.16783826053142548
bert-base-uncased	orig	5	knit	pst	knit__pst	"To contract into wrinkles. ""knitted her brow"""	knitted	knit	prob	24	0.10452065616846085
bert-base-uncased	delta	5	knit	pst	knit__pst	"To contract into wrinkles. ""knitted her brow"""	knitted	knit	prob	24	0.1027427688241005
bert-base-uncased	orig	6	knit	pst	knit__pst	"To contract into wrinkles. ""knitted her brow"""	knitted	knit	prob	24	0.10693300515413284
bert-base-uncased	delta	6	knit	pst	knit__pst	"To contract into wrinkles. ""knitted her brow"""	knitted	knit	prob	24	0.2128845900297165
bert-base-uncased	orig	7	knit	pst	knit__pst	"To contract into wrinkles. ""knitted her brow"""	knitted	knit	prob	24	0.06665263324975967
bert-base-uncased	delta	7	knit	pst	knit__pst	"To contract into wrinkles. ""knitted her brow"""	knitted	knit	prob	24	0.2645694315433502
bert-base-uncased	orig	8	knit	pst	knit__pst	"To contract into wrinkles. ""knitted her brow"""	knitted	knit	prob	24	0.0897057056427002
bert-base-uncased	delta	8	knit	pst	knit__pst	"To contract into wrinkles. ""knitted her brow"""	knitted	knit	prob	24	0.07330787181854248
bert-base-uncased	orig	9	knit	pst	knit__pst	"To contract into wrinkles. ""knitted her brow"""	knitted	knit	prob	24	0.1017301008105278
bert-base-uncased	delta	9	knit	pst	knit__pst	"To contract into wrinkles. ""knitted her brow"""	knitted	knit	prob	24	0.20805911719799042
bert-base-uncased	orig	10	knit	pst	knit__pst	"To contract into wrinkles. ""knitted her brow"""	knitted	knit	prob	24	0.07629493623971939
bert-base-uncased	delta	10	knit	pst	knit__pst	"To contract into wrinkles. ""knitted her brow"""	knitted	knit	prob	24	0.06621044874191284
bert-base-uncased	orig	11	knit	pst	knit__pst	"To contract into wrinkles. ""knitted her brow"""	knitted	knit	prob	24	0.06100955978035927
bert-base-uncased	delta	11	knit	pst	knit__pst	"To contract into wrinkles. ""knitted her brow"""	knitted	knit	prob	24	0.059567440301179886
bert-base-uncased	orig	12	knit	pst	knit__pst	"To contract into wrinkles. ""knitted her brow"""	knitted	knit	prob	24	0.05870954319834709
bert-base-uncased	delta	12	knit	pst	knit__pst	"To contract into wrinkles. ""knitted her brow"""	knitted	knit	prob	24	0.031111186370253563
bert-base-uncased	orig	0	know	pst	know__pst	"To perceive directly. To have direct cognition of. To have understanding of. ""im"	knowed	knew	prob	8	0.1279209852218628
bert-base-uncased	delta	0	know	pst	know__pst	"To perceive directly. To have direct cognition of. To have understanding of. ""im"	knowed	knew	prob	8	0.23639973998069763
bert-base-uncased	orig	1	know	pst	know__pst	"To perceive directly. To have direct cognition of. To have understanding of. ""im"	knowed	knew	prob	8	0.075966477394104
bert-base-uncased	delta	1	know	pst	know__pst	"To perceive directly. To have direct cognition of. To have understanding of. ""im"	knowed	knew	prob	8	0.2726340889930725
bert-base-uncased	orig	2	know	pst	know__pst	"To perceive directly. To have direct cognition of. To have understanding of. ""im"	knowed	knew	prob	8	0.0718374028801918
bert-base-uncased	delta	2	know	pst	know__pst	"To perceive directly. To have direct cognition of. To have understanding of. ""im"	knowed	knew	prob	8	0.26634448766708374
bert-base-uncased	orig	3	know	pst	know__pst	"To perceive directly. To have direct cognition of. To have understanding of. ""im"	knowed	knew	prob	8	0.06960971653461456
bert-base-uncased	delta	3	know	pst	know__pst	"To perceive directly. To have direct cognition of. To have understanding of. ""im"	knowed	knew	prob	8	0.38115715980529785
bert-base-uncased	orig	4	know	pst	know__pst	"To perceive directly. To have direct cognition of. To have understanding of. ""im"	knowed	knew	prob	8	0.03476700559258461
bert-base-uncased	delta	4	know	pst	know__pst	"To perceive directly. To have direct cognition of. To have understanding of. ""im"	knowed	knew	prob	8	0.34758755564689636
bert-base-uncased	orig	5	know	pst	know__pst	"To perceive directly. To have direct cognition of. To have understanding of. ""im"	knowed	knew	prob	8	0.17563462257385254
bert-base-uncased	delta	5	know	pst	know__pst	"To perceive directly. To have direct cognition of. To have understanding of. ""im"	knowed	knew	prob	8	0.23522663116455078
bert-base-uncased	orig	6	know	pst	know__pst	"To perceive directly. To have direct cognition of. To have understanding of. ""im"	knowed	knew	prob	8	0.2589610815048218
bert-base-uncased	delta	6	know	pst	know__pst	"To perceive directly. To have direct cognition of. To have understanding of. ""im"	knowed	knew	prob	8	0.22277259826660156
bert-base-uncased	orig	7	know	pst	know__pst	"To perceive directly. To have direct cognition of. To have understanding of. ""im"	knowed	knew	prob	8	0.2695572078227997
bert-base-uncased	delta	7	know	pst	know__pst	"To perceive directly. To have direct cognition of. To have understanding of. ""im"	knowed	knew	prob	8	0.21451330184936523
bert-base-uncased	orig	8	know	pst	know__pst	"To perceive directly. To have direct cognition of. To have understanding of. ""im"	knowed	knew	prob	8	0.23807840049266815
bert-base-uncased	delta	8	know	pst	know__pst	"To perceive directly. To have direct cognition of. To have understanding of. ""im"	knowed	knew	prob	8	0.20899464190006256
bert-base-uncased	orig	9	know	pst	know__pst	"To perceive directly. To have direct cognition of. To have understanding of. ""im"	knowed	knew	prob	8	0.20955978333950043
bert-base-uncased	delta	9	know	pst	know__pst	"To perceive directly. To have direct cognition of. To have understanding of. ""im"	knowed	knew	prob	8	0.24708157777786255
bert-base-uncased	orig	10	know	pst	know__pst	"To perceive directly. To have direct cognition of. To have understanding of. ""im"	knowed	knew	prob	8	0.21794553101062775
bert-base-uncased	delta	10	know	pst	know__pst	"To perceive directly. To have direct cognition of. To have understanding of. ""im"	knowed	knew	prob	8	0.25853481888771057
bert-base-uncased	orig	11	know	pst	know__pst	"To perceive directly. To have direct cognition of. To have understanding of. ""im"	knowed	knew	prob	8	0.21796026825904846
bert-base-uncased	delta	11	know	pst	know__pst	"To perceive directly. To have direct cognition of. To have understanding of. ""im"	knowed	knew	prob	8	0.2631430923938751
bert-base-uncased	orig	12	know	pst	know__pst	"To perceive directly. To have direct cognition of. To have understanding of. ""im"	knowed	knew	prob	8	0.21019083261489868
bert-base-uncased	delta	12	know	pst	know__pst	"To perceive directly. To have direct cognition of. To have understanding of. ""im"	knowed	knew	prob	8	0.2596426010131836
bert-base-uncased	orig	0	know	pst	know__pst	To recognize as being the same as something previously known. To be acquainted o	knowed	knew	prob	3	0.38142403960227966
bert-base-uncased	delta	0	know	pst	know__pst	To recognize as being the same as something previously known. To be acquainted o	knowed	knew	prob	3	0.09084140509366989
bert-base-uncased	orig	1	know	pst	know__pst	To recognize as being the same as something previously known. To be acquainted o	knowed	knew	prob	3	0.37997689843177795
bert-base-uncased	delta	1	know	pst	know__pst	To recognize as being the same as something previously known. To be acquainted o	knowed	knew	prob	3	0.046925898641347885
bert-base-uncased	orig	2	know	pst	know__pst	To recognize as being the same as something previously known. To be acquainted o	knowed	knew	prob	3	0.3519112169742584
bert-base-uncased	delta	2	know	pst	know__pst	To recognize as being the same as something previously known. To be acquainted o	knowed	knew	prob	3	0.062309619039297104
bert-base-uncased	orig	3	know	pst	know__pst	To recognize as being the same as something previously known. To be acquainted o	knowed	knew	prob	3	0.33651217818260193
bert-base-uncased	delta	3	know	pst	know__pst	To recognize as being the same as something previously known. To be acquainted o	knowed	knew	prob	3	0.12486255168914795
bert-base-uncased	orig	4	know	pst	know__pst	To recognize as being the same as something previously known. To be acquainted o	knowed	knew	prob	3	0.3509514033794403
bert-base-uncased	delta	4	know	pst	know__pst	To recognize as being the same as something previously known. To be acquainted o	knowed	knew	prob	3	0.1770181804895401
bert-base-uncased	orig	5	know	pst	know__pst	To recognize as being the same as something previously known. To be acquainted o	knowed	knew	prob	3	0.41386905312538147
bert-base-uncased	delta	5	know	pst	know__pst	To recognize as being the same as something previously known. To be acquainted o	knowed	knew	prob	3	0.23004572093486786
bert-base-uncased	orig	6	know	pst	know__pst	To recognize as being the same as something previously known. To be acquainted o	knowed	knew	prob	3	0.4278104305267334
bert-base-uncased	delta	6	know	pst	know__pst	To recognize as being the same as something previously known. To be acquainted o	knowed	knew	prob	3	0.24714970588684082
bert-base-uncased	orig	7	know	pst	know__pst	To recognize as being the same as something previously known. To be acquainted o	knowed	knew	prob	3	0.48606404662132263
bert-base-uncased	delta	7	know	pst	know__pst	To recognize as being the same as something previously known. To be acquainted o	knowed	knew	prob	3	0.2530684173107147
bert-base-uncased	orig	8	know	pst	know__pst	To recognize as being the same as something previously known. To be acquainted o	knowed	knew	prob	3	0.5096984505653381
bert-base-uncased	delta	8	know	pst	know__pst	To recognize as being the same as something previously known. To be acquainted o	knowed	knew	prob	3	0.27376142144203186
bert-base-uncased	orig	9	know	pst	know__pst	To recognize as being the same as something previously known. To be acquainted o	knowed	knew	prob	3	0.5374734997749329
bert-base-uncased	delta	9	know	pst	know__pst	To recognize as being the same as something previously known. To be acquainted o	knowed	knew	prob	3	0.2875564992427826
bert-base-uncased	orig	10	know	pst	know__pst	To recognize as being the same as something previously known. To be acquainted o	knowed	knew	prob	3	0.5529670119285583
bert-base-uncased	delta	10	know	pst	know__pst	To recognize as being the same as something previously known. To be acquainted o	knowed	knew	prob	3	0.31330740451812744
bert-base-uncased	orig	11	know	pst	know__pst	To recognize as being the same as something previously known. To be acquainted o	knowed	knew	prob	3	0.5498394966125488
bert-base-uncased	delta	11	know	pst	know__pst	To recognize as being the same as something previously known. To be acquainted o	knowed	knew	prob	3	0.30122312903404236
bert-base-uncased	orig	12	know	pst	know__pst	To recognize as being the same as something previously known. To be acquainted o	knowed	knew	prob	3	0.5548691749572754
bert-base-uncased	delta	12	know	pst	know__pst	To recognize as being the same as something previously known. To be acquainted o	knowed	knew	prob	3	0.32196640968322754
bert-base-uncased	orig	0	know	pst	know__pst	To be aware of the truth or factuality of. To be convinced or certain of.	knowed	knew	no_cond	6	0.4076356887817383
bert-base-uncased	delta	0	know	pst	know__pst	To be aware of the truth or factuality of. To be convinced or certain of.	knowed	knew	no_cond	6	0.7372733950614929
bert-base-uncased	orig	1	know	pst	know__pst	To be aware of the truth or factuality of. To be convinced or certain of.	knowed	knew	no_cond	6	0.24547970294952393
bert-base-uncased	delta	1	know	pst	know__pst	To be aware of the truth or factuality of. To be convinced or certain of.	knowed	knew	no_cond	6	0.6785007119178772
bert-base-uncased	orig	2	know	pst	know__pst	To be aware of the truth or factuality of. To be convinced or certain of.	knowed	knew	no_cond	6	0.21130187809467316
bert-base-uncased	delta	2	know	pst	know__pst	To be aware of the truth or factuality of. To be convinced or certain of.	knowed	knew	no_cond	6	0.6105260848999023
bert-base-uncased	orig	3	know	pst	know__pst	To be aware of the truth or factuality of. To be convinced or certain of.	knowed	knew	no_cond	6	0.24159924685955048
bert-base-uncased	delta	3	know	pst	know__pst	To be aware of the truth or factuality of. To be convinced or certain of.	knowed	knew	no_cond	6	0.5878081321716309
bert-base-uncased	orig	4	know	pst	know__pst	To be aware of the truth or factuality of. To be convinced or certain of.	knowed	knew	no_cond	6	0.32147297263145447
bert-base-uncased	delta	4	know	pst	know__pst	To be aware of the truth or factuality of. To be convinced or certain of.	knowed	knew	no_cond	6	0.475786417722702
bert-base-uncased	orig	5	know	pst	know__pst	To be aware of the truth or factuality of. To be convinced or certain of.	knowed	knew	no_cond	6	0.41961896419525146
bert-base-uncased	delta	5	know	pst	know__pst	To be aware of the truth or factuality of. To be convinced or certain of.	knowed	knew	no_cond	6	0.1571601927280426
bert-base-uncased	orig	6	know	pst	know__pst	To be aware of the truth or factuality of. To be convinced or certain of.	knowed	knew	no_cond	6	0.4993360936641693
bert-base-uncased	delta	6	know	pst	know__pst	To be aware of the truth or factuality of. To be convinced or certain of.	knowed	knew	no_cond	6	0.3417980968952179
bert-base-uncased	orig	7	know	pst	know__pst	To be aware of the truth or factuality of. To be convinced or certain of.	knowed	knew	no_cond	6	0.5323313474655151
bert-base-uncased	delta	7	know	pst	know__pst	To be aware of the truth or factuality of. To be convinced or certain of.	knowed	knew	no_cond	6	0.37375280261039734
bert-base-uncased	orig	8	know	pst	know__pst	To be aware of the truth or factuality of. To be convinced or certain of.	knowed	knew	no_cond	6	0.5619414448738098
bert-base-uncased	delta	8	know	pst	know__pst	To be aware of the truth or factuality of. To be convinced or certain of.	knowed	knew	no_cond	6	0.40103402733802795
bert-base-uncased	orig	9	know	pst	know__pst	To be aware of the truth or factuality of. To be convinced or certain of.	knowed	knew	no_cond	6	0.566262423992157
bert-base-uncased	delta	9	know	pst	know__pst	To be aware of the truth or factuality of. To be convinced or certain of.	knowed	knew	no_cond	6	0.3931258022785187
bert-base-uncased	orig	10	know	pst	know__pst	To be aware of the truth or factuality of. To be convinced or certain of.	knowed	knew	no_cond	6	0.555277943611145
bert-base-uncased	delta	10	know	pst	know__pst	To be aware of the truth or factuality of. To be convinced or certain of.	knowed	knew	no_cond	6	0.3609345853328705
bert-base-uncased	orig	11	know	pst	know__pst	To be aware of the truth or factuality of. To be convinced or certain of.	knowed	knew	no_cond	6	0.5114614963531494
bert-base-uncased	delta	11	know	pst	know__pst	To be aware of the truth or factuality of. To be convinced or certain of.	knowed	knew	no_cond	6	0.349069207906723
bert-base-uncased	orig	12	know	pst	know__pst	To be aware of the truth or factuality of. To be convinced or certain of.	knowed	knew	no_cond	6	0.4795156717300415
bert-base-uncased	delta	12	know	pst	know__pst	To be aware of the truth or factuality of. To be convinced or certain of.	knowed	knew	no_cond	6	0.30485233664512634
bert-base-uncased	orig	0	lead	pst	lead__pst	"To direct on a course or in a direction. ""a road leading the traveler to the hea"	lead	led	no_cond	4	0.647226095199585
bert-base-uncased	delta	0	lead	pst	lead__pst	"To direct on a course or in a direction. ""a road leading the traveler to the hea"	lead	led	no_cond	4	0.75
bert-base-uncased	orig	1	lead	pst	lead__pst	"To direct on a course or in a direction. ""a road leading the traveler to the hea"	lead	led	no_cond	4	0.5495731830596924
bert-base-uncased	delta	1	lead	pst	lead__pst	"To direct on a course or in a direction. ""a road leading the traveler to the hea"	lead	led	no_cond	4	0.6267141103744507
bert-base-uncased	orig	2	lead	pst	lead__pst	"To direct on a course or in a direction. ""a road leading the traveler to the hea"	lead	led	no_cond	4	0.5256297588348389
bert-base-uncased	delta	2	lead	pst	lead__pst	"To direct on a course or in a direction. ""a road leading the traveler to the hea"	lead	led	no_cond	4	0.5536708831787109
bert-base-uncased	orig	3	lead	pst	lead__pst	"To direct on a course or in a direction. ""a road leading the traveler to the hea"	lead	led	no_cond	4	0.53096604347229
bert-base-uncased	delta	3	lead	pst	lead__pst	"To direct on a course or in a direction. ""a road leading the traveler to the hea"	lead	led	no_cond	4	0.5350520610809326
bert-base-uncased	orig	4	lead	pst	lead__pst	"To direct on a course or in a direction. ""a road leading the traveler to the hea"	lead	led	no_cond	4	0.494617760181427
bert-base-uncased	delta	4	lead	pst	lead__pst	"To direct on a course or in a direction. ""a road leading the traveler to the hea"	lead	led	no_cond	4	0.4681956171989441
bert-base-uncased	orig	5	lead	pst	lead__pst	"To direct on a course or in a direction. ""a road leading the traveler to the hea"	lead	led	no_cond	4	0.44092315435409546
bert-base-uncased	delta	5	lead	pst	lead__pst	"To direct on a course or in a direction. ""a road leading the traveler to the hea"	lead	led	no_cond	4	0.36683881282806396
bert-base-uncased	orig	6	lead	pst	lead__pst	"To direct on a course or in a direction. ""a road leading the traveler to the hea"	lead	led	no_cond	4	0.42944279313087463
bert-base-uncased	delta	6	lead	pst	lead__pst	"To direct on a course or in a direction. ""a road leading the traveler to the hea"	lead	led	no_cond	4	0.4227391481399536
bert-base-uncased	orig	7	lead	pst	lead__pst	"To direct on a course or in a direction. ""a road leading the traveler to the hea"	lead	led	no_cond	4	0.47087225317955017
bert-base-uncased	delta	7	lead	pst	lead__pst	"To direct on a course or in a direction. ""a road leading the traveler to the hea"	lead	led	no_cond	4	0.479528546333313
bert-base-uncased	orig	8	lead	pst	lead__pst	"To direct on a course or in a direction. ""a road leading the traveler to the hea"	lead	led	no_cond	4	0.49804624915122986
bert-base-uncased	delta	8	lead	pst	lead__pst	"To direct on a course or in a direction. ""a road leading the traveler to the hea"	lead	led	no_cond	4	0.472174733877182
bert-base-uncased	orig	9	lead	pst	lead__pst	"To direct on a course or in a direction. ""a road leading the traveler to the hea"	lead	led	no_cond	4	0.4921693801879883
bert-base-uncased	delta	9	lead	pst	lead__pst	"To direct on a course or in a direction. ""a road leading the traveler to the hea"	lead	led	no_cond	4	0.42330825328826904
bert-base-uncased	orig	10	lead	pst	lead__pst	"To direct on a course or in a direction. ""a road leading the traveler to the hea"	lead	led	no_cond	4	0.47129473090171814
bert-base-uncased	delta	10	lead	pst	lead__pst	"To direct on a course or in a direction. ""a road leading the traveler to the hea"	lead	led	no_cond	4	0.3683639466762543
bert-base-uncased	orig	11	lead	pst	lead__pst	"To direct on a course or in a direction. ""a road leading the traveler to the hea"	lead	led	no_cond	4	0.4596256613731384
bert-base-uncased	delta	11	lead	pst	lead__pst	"To direct on a course or in a direction. ""a road leading the traveler to the hea"	lead	led	no_cond	4	0.3095346689224243
bert-base-uncased	orig	12	lead	pst	lead__pst	"To direct on a course or in a direction. ""a road leading the traveler to the hea"	lead	led	no_cond	4	0.4768315553665161
bert-base-uncased	delta	12	lead	pst	lead__pst	"To direct on a course or in a direction. ""a road leading the traveler to the hea"	lead	led	no_cond	4	0.3040500581264496
bert-base-uncased	orig	0	lead	pst	lead__pst	"To go at the head of. ""lead a parade"" To be first in or among. ""lead the league"""	lead	led	no_cond	4	0.1676899641752243
bert-base-uncased	delta	0	lead	pst	lead__pst	"To go at the head of. ""lead a parade"" To be first in or among. ""lead the league"""	lead	led	no_cond	4	0.2864573001861572
bert-base-uncased	orig	1	lead	pst	lead__pst	"To go at the head of. ""lead a parade"" To be first in or among. ""lead the league"""	lead	led	no_cond	4	-0.02188190445303917
bert-base-uncased	delta	1	lead	pst	lead__pst	"To go at the head of. ""lead a parade"" To be first in or among. ""lead the league"""	lead	led	no_cond	4	0.2937415540218353
bert-base-uncased	orig	2	lead	pst	lead__pst	"To go at the head of. ""lead a parade"" To be first in or among. ""lead the league"""	lead	led	no_cond	4	0.065355084836483
bert-base-uncased	delta	2	lead	pst	lead__pst	"To go at the head of. ""lead a parade"" To be first in or among. ""lead the league"""	lead	led	no_cond	4	0.3206431269645691
bert-base-uncased	orig	3	lead	pst	lead__pst	"To go at the head of. ""lead a parade"" To be first in or among. ""lead the league"""	lead	led	no_cond	4	0.17442122101783752
bert-base-uncased	delta	3	lead	pst	lead__pst	"To go at the head of. ""lead a parade"" To be first in or among. ""lead the league"""	lead	led	no_cond	4	0.3199561536312103
bert-base-uncased	orig	4	lead	pst	lead__pst	"To go at the head of. ""lead a parade"" To be first in or among. ""lead the league"""	lead	led	no_cond	4	0.201167494058609
bert-base-uncased	delta	4	lead	pst	lead__pst	"To go at the head of. ""lead a parade"" To be first in or among. ""lead the league"""	lead	led	no_cond	4	0.3097738027572632
bert-base-uncased	orig	5	lead	pst	lead__pst	"To go at the head of. ""lead a parade"" To be first in or among. ""lead the league"""	lead	led	no_cond	4	-0.01985510252416134
bert-base-uncased	delta	5	lead	pst	lead__pst	"To go at the head of. ""lead a parade"" To be first in or among. ""lead the league"""	lead	led	no_cond	4	0.31825822591781616
bert-base-uncased	orig	6	lead	pst	lead__pst	"To go at the head of. ""lead a parade"" To be first in or among. ""lead the league"""	lead	led	no_cond	4	0.10904592275619507
bert-base-uncased	delta	6	lead	pst	lead__pst	"To go at the head of. ""lead a parade"" To be first in or among. ""lead the league"""	lead	led	no_cond	4	0.26746588945388794
bert-base-uncased	orig	7	lead	pst	lead__pst	"To go at the head of. ""lead a parade"" To be first in or among. ""lead the league"""	lead	led	no_cond	4	0.12352783977985382
bert-base-uncased	delta	7	lead	pst	lead__pst	"To go at the head of. ""lead a parade"" To be first in or among. ""lead the league"""	lead	led	no_cond	4	0.2872142195701599
bert-base-uncased	orig	8	lead	pst	lead__pst	"To go at the head of. ""lead a parade"" To be first in or among. ""lead the league"""	lead	led	no_cond	4	0.1525866985321045
bert-base-uncased	delta	8	lead	pst	lead__pst	"To go at the head of. ""lead a parade"" To be first in or among. ""lead the league"""	lead	led	no_cond	4	0.28246819972991943
bert-base-uncased	orig	9	lead	pst	lead__pst	"To go at the head of. ""lead a parade"" To be first in or among. ""lead the league"""	lead	led	no_cond	4	0.13327598571777344
bert-base-uncased	delta	9	lead	pst	lead__pst	"To go at the head of. ""lead a parade"" To be first in or among. ""lead the league"""	lead	led	no_cond	4	0.28246667981147766
bert-base-uncased	orig	10	lead	pst	lead__pst	"To go at the head of. ""lead a parade"" To be first in or among. ""lead the league"""	lead	led	no_cond	4	0.11079499125480652
bert-base-uncased	delta	10	lead	pst	lead__pst	"To go at the head of. ""lead a parade"" To be first in or among. ""lead the league"""	lead	led	no_cond	4	0.27621403336524963
bert-base-uncased	orig	11	lead	pst	lead__pst	"To go at the head of. ""lead a parade"" To be first in or among. ""lead the league"""	lead	led	no_cond	4	0.13850750029087067
bert-base-uncased	delta	11	lead	pst	lead__pst	"To go at the head of. ""lead a parade"" To be first in or among. ""lead the league"""	lead	led	no_cond	4	0.25220948457717896
bert-base-uncased	orig	12	lead	pst	lead__pst	"To go at the head of. ""lead a parade"" To be first in or among. ""lead the league"""	lead	led	no_cond	4	0.10206665098667145
bert-base-uncased	delta	12	lead	pst	lead__pst	"To go at the head of. ""lead a parade"" To be first in or among. ""lead the league"""	lead	led	no_cond	4	0.14856253564357758
bert-base-uncased	orig	0	lead	pst	lead__pst	"To bring to some conclusion or condition. ""led to believe otherwise"""	lead	led	no_cond	4	0.26826971769332886
bert-base-uncased	delta	0	lead	pst	lead__pst	"To bring to some conclusion or condition. ""led to believe otherwise"""	lead	led	no_cond	4	0.29446280002593994
bert-base-uncased	orig	1	lead	pst	lead__pst	"To bring to some conclusion or condition. ""led to believe otherwise"""	lead	led	no_cond	4	0.2128755748271942
bert-base-uncased	delta	1	lead	pst	lead__pst	"To bring to some conclusion or condition. ""led to believe otherwise"""	lead	led	no_cond	4	0.25956636667251587
bert-base-uncased	orig	2	lead	pst	lead__pst	"To bring to some conclusion or condition. ""led to believe otherwise"""	lead	led	no_cond	4	0.1914464384317398
bert-base-uncased	delta	2	lead	pst	lead__pst	"To bring to some conclusion or condition. ""led to believe otherwise"""	lead	led	no_cond	4	0.22478479146957397
bert-base-uncased	orig	3	lead	pst	lead__pst	"To bring to some conclusion or condition. ""led to believe otherwise"""	lead	led	no_cond	4	0.23202583193778992
bert-base-uncased	delta	3	lead	pst	lead__pst	"To bring to some conclusion or condition. ""led to believe otherwise"""	lead	led	no_cond	4	0.42241552472114563
bert-base-uncased	orig	4	lead	pst	lead__pst	"To bring to some conclusion or condition. ""led to believe otherwise"""	lead	led	no_cond	4	0.19267916679382324
bert-base-uncased	delta	4	lead	pst	lead__pst	"To bring to some conclusion or condition. ""led to believe otherwise"""	lead	led	no_cond	4	0.39674729108810425
bert-base-uncased	orig	5	lead	pst	lead__pst	"To bring to some conclusion or condition. ""led to believe otherwise"""	lead	led	no_cond	4	0.17848114669322968
bert-base-uncased	delta	5	lead	pst	lead__pst	"To bring to some conclusion or condition. ""led to believe otherwise"""	lead	led	no_cond	4	0.38380953669548035
bert-base-uncased	orig	6	lead	pst	lead__pst	"To bring to some conclusion or condition. ""led to believe otherwise"""	lead	led	no_cond	4	0.10020759701728821
bert-base-uncased	delta	6	lead	pst	lead__pst	"To bring to some conclusion or condition. ""led to believe otherwise"""	lead	led	no_cond	4	0.18033036589622498
bert-base-uncased	orig	7	lead	pst	lead__pst	"To bring to some conclusion or condition. ""led to believe otherwise"""	lead	led	no_cond	4	0.11158423870801926
bert-base-uncased	delta	7	lead	pst	lead__pst	"To bring to some conclusion or condition. ""led to believe otherwise"""	lead	led	no_cond	4	0.40233662724494934
bert-base-uncased	orig	8	lead	pst	lead__pst	"To bring to some conclusion or condition. ""led to believe otherwise"""	lead	led	no_cond	4	0.07055386900901794
bert-base-uncased	delta	8	lead	pst	lead__pst	"To bring to some conclusion or condition. ""led to believe otherwise"""	lead	led	no_cond	4	0.11946941167116165
bert-base-uncased	orig	9	lead	pst	lead__pst	"To bring to some conclusion or condition. ""led to believe otherwise"""	lead	led	no_cond	4	0.07084952294826508
bert-base-uncased	delta	9	lead	pst	lead__pst	"To bring to some conclusion or condition. ""led to believe otherwise"""	lead	led	no_cond	4	0.08895595371723175
bert-base-uncased	orig	10	lead	pst	lead__pst	"To bring to some conclusion or condition. ""led to believe otherwise"""	lead	led	no_cond	4	0.12580375373363495
bert-base-uncased	delta	10	lead	pst	lead__pst	"To bring to some conclusion or condition. ""led to believe otherwise"""	lead	led	no_cond	4	0.06823888421058655
bert-base-uncased	orig	11	lead	pst	lead__pst	"To bring to some conclusion or condition. ""led to believe otherwise"""	lead	led	no_cond	4	0.13420093059539795
bert-base-uncased	delta	11	lead	pst	lead__pst	"To bring to some conclusion or condition. ""led to believe otherwise"""	lead	led	no_cond	4	0.07409821450710297
bert-base-uncased	orig	12	lead	pst	lead__pst	"To bring to some conclusion or condition. ""led to believe otherwise"""	lead	led	no_cond	4	0.10177576541900635
bert-base-uncased	delta	12	lead	pst	lead__pst	"To bring to some conclusion or condition. ""led to believe otherwise"""	lead	led	no_cond	4	0.022493232041597366
bert-base-uncased	orig	0	learn	ppt	learn__ppt	To gain knowledge or understanding of or skill in by study, instruction, or expe	learnt	learned	no_cond	3	0.6666666865348816
bert-base-uncased	delta	0	learn	ppt	learn__ppt	To gain knowledge or understanding of or skill in by study, instruction, or expe	learnt	learned	no_cond	3	0.6666666865348816
bert-base-uncased	orig	1	learn	ppt	learn__ppt	To gain knowledge or understanding of or skill in by study, instruction, or expe	learnt	learned	no_cond	3	0.029138827696442604
bert-base-uncased	delta	1	learn	ppt	learn__ppt	To gain knowledge or understanding of or skill in by study, instruction, or expe	learnt	learned	no_cond	3	0.621546745300293
bert-base-uncased	orig	2	learn	ppt	learn__ppt	To gain knowledge or understanding of or skill in by study, instruction, or expe	learnt	learned	no_cond	3	0.11866173148155212
bert-base-uncased	delta	2	learn	ppt	learn__ppt	To gain knowledge or understanding of or skill in by study, instruction, or expe	learnt	learned	no_cond	3	0.5811130404472351
bert-base-uncased	orig	3	learn	ppt	learn__ppt	To gain knowledge or understanding of or skill in by study, instruction, or expe	learnt	learned	no_cond	3	0.21051263809204102
bert-base-uncased	delta	3	learn	ppt	learn__ppt	To gain knowledge or understanding of or skill in by study, instruction, or expe	learnt	learned	no_cond	3	0.5987021327018738
bert-base-uncased	orig	4	learn	ppt	learn__ppt	To gain knowledge or understanding of or skill in by study, instruction, or expe	learnt	learned	no_cond	3	0.2789013087749481
bert-base-uncased	delta	4	learn	ppt	learn__ppt	To gain knowledge or understanding of or skill in by study, instruction, or expe	learnt	learned	no_cond	3	0.5779593586921692
bert-base-uncased	orig	5	learn	ppt	learn__ppt	To gain knowledge or understanding of or skill in by study, instruction, or expe	learnt	learned	no_cond	3	0.2920699119567871
bert-base-uncased	delta	5	learn	ppt	learn__ppt	To gain knowledge or understanding of or skill in by study, instruction, or expe	learnt	learned	no_cond	3	0.5636890530586243
bert-base-uncased	orig	6	learn	ppt	learn__ppt	To gain knowledge or understanding of or skill in by study, instruction, or expe	learnt	learned	no_cond	3	0.3020889461040497
bert-base-uncased	delta	6	learn	ppt	learn__ppt	To gain knowledge or understanding of or skill in by study, instruction, or expe	learnt	learned	no_cond	3	0.5643131732940674
bert-base-uncased	orig	7	learn	ppt	learn__ppt	To gain knowledge or understanding of or skill in by study, instruction, or expe	learnt	learned	no_cond	3	0.2933769226074219
bert-base-uncased	delta	7	learn	ppt	learn__ppt	To gain knowledge or understanding of or skill in by study, instruction, or expe	learnt	learned	no_cond	3	0.5799018740653992
bert-base-uncased	orig	8	learn	ppt	learn__ppt	To gain knowledge or understanding of or skill in by study, instruction, or expe	learnt	learned	no_cond	3	0.3167174756526947
bert-base-uncased	delta	8	learn	ppt	learn__ppt	To gain knowledge or understanding of or skill in by study, instruction, or expe	learnt	learned	no_cond	3	0.5806120038032532
bert-base-uncased	orig	9	learn	ppt	learn__ppt	To gain knowledge or understanding of or skill in by study, instruction, or expe	learnt	learned	no_cond	3	0.3675898015499115
bert-base-uncased	delta	9	learn	ppt	learn__ppt	To gain knowledge or understanding of or skill in by study, instruction, or expe	learnt	learned	no_cond	3	0.5785817503929138
bert-base-uncased	orig	10	learn	ppt	learn__ppt	To gain knowledge or understanding of or skill in by study, instruction, or expe	learnt	learned	no_cond	3	0.3644437789916992
bert-base-uncased	delta	10	learn	ppt	learn__ppt	To gain knowledge or understanding of or skill in by study, instruction, or expe	learnt	learned	no_cond	3	0.5489439964294434
bert-base-uncased	orig	11	learn	ppt	learn__ppt	To gain knowledge or understanding of or skill in by study, instruction, or expe	learnt	learned	no_cond	3	0.3635425269603729
bert-base-uncased	delta	11	learn	ppt	learn__ppt	To gain knowledge or understanding of or skill in by study, instruction, or expe	learnt	learned	no_cond	3	0.5083954930305481
bert-base-uncased	orig	12	learn	ppt	learn__ppt	To gain knowledge or understanding of or skill in by study, instruction, or expe	learnt	learned	no_cond	3	0.38332200050354004
bert-base-uncased	delta	12	learn	ppt	learn__ppt	To gain knowledge or understanding of or skill in by study, instruction, or expe	learnt	learned	no_cond	3	0.4501510560512543
bert-base-uncased	orig	0	learn	ppt	learn__ppt	"To come to realize. ""learned that honesty paid"""	learnt	learned	no_cond	5	0.6729289293289185
bert-base-uncased	delta	0	learn	ppt	learn__ppt	"To come to realize. ""learned that honesty paid"""	learnt	learned	no_cond	5	0.6728733777999878
bert-base-uncased	orig	1	learn	ppt	learn__ppt	"To come to realize. ""learned that honesty paid"""	learnt	learned	no_cond	5	0.5708191394805908
bert-base-uncased	delta	1	learn	ppt	learn__ppt	"To come to realize. ""learned that honesty paid"""	learnt	learned	no_cond	5	0.3873012661933899
bert-base-uncased	orig	2	learn	ppt	learn__ppt	"To come to realize. ""learned that honesty paid"""	learnt	learned	no_cond	5	0.4601582884788513
bert-base-uncased	delta	2	learn	ppt	learn__ppt	"To come to realize. ""learned that honesty paid"""	learnt	learned	no_cond	5	0.33506590127944946
bert-base-uncased	orig	3	learn	ppt	learn__ppt	"To come to realize. ""learned that honesty paid"""	learnt	learned	no_cond	5	0.39394789934158325
bert-base-uncased	delta	3	learn	ppt	learn__ppt	"To come to realize. ""learned that honesty paid"""	learnt	learned	no_cond	5	0.19358041882514954
bert-base-uncased	orig	4	learn	ppt	learn__ppt	"To come to realize. ""learned that honesty paid"""	learnt	learned	no_cond	5	0.3680298924446106
bert-base-uncased	delta	4	learn	ppt	learn__ppt	"To come to realize. ""learned that honesty paid"""	learnt	learned	no_cond	5	0.1786840707063675
bert-base-uncased	orig	5	learn	ppt	learn__ppt	"To come to realize. ""learned that honesty paid"""	learnt	learned	no_cond	5	0.33573397994041443
bert-base-uncased	delta	5	learn	ppt	learn__ppt	"To come to realize. ""learned that honesty paid"""	learnt	learned	no_cond	5	0.24778446555137634
bert-base-uncased	orig	6	learn	ppt	learn__ppt	"To come to realize. ""learned that honesty paid"""	learnt	learned	no_cond	5	0.29537564516067505
bert-base-uncased	delta	6	learn	ppt	learn__ppt	"To come to realize. ""learned that honesty paid"""	learnt	learned	no_cond	5	0.13862590491771698
bert-base-uncased	orig	7	learn	ppt	learn__ppt	"To come to realize. ""learned that honesty paid"""	learnt	learned	no_cond	5	0.2564838230609894
bert-base-uncased	delta	7	learn	ppt	learn__ppt	"To come to realize. ""learned that honesty paid"""	learnt	learned	no_cond	5	0.12612801790237427
bert-base-uncased	orig	8	learn	ppt	learn__ppt	"To come to realize. ""learned that honesty paid"""	learnt	learned	no_cond	5	0.2073678970336914
bert-base-uncased	delta	8	learn	ppt	learn__ppt	"To come to realize. ""learned that honesty paid"""	learnt	learned	no_cond	5	0.09889863431453705
bert-base-uncased	orig	9	learn	ppt	learn__ppt	"To come to realize. ""learned that honesty paid"""	learnt	learned	no_cond	5	0.2701115012168884
bert-base-uncased	delta	9	learn	ppt	learn__ppt	"To come to realize. ""learned that honesty paid"""	learnt	learned	no_cond	5	0.4404319226741791
bert-base-uncased	orig	10	learn	ppt	learn__ppt	"To come to realize. ""learned that honesty paid"""	learnt	learned	no_cond	5	0.2588924467563629
bert-base-uncased	delta	10	learn	ppt	learn__ppt	"To come to realize. ""learned that honesty paid"""	learnt	learned	no_cond	5	0.4439690113067627
bert-base-uncased	orig	11	learn	ppt	learn__ppt	"To come to realize. ""learned that honesty paid"""	learnt	learned	no_cond	5	0.2533285915851593
bert-base-uncased	delta	11	learn	ppt	learn__ppt	"To come to realize. ""learned that honesty paid"""	learnt	learned	no_cond	5	0.4565592408180237
bert-base-uncased	orig	12	learn	ppt	learn__ppt	"To come to realize. ""learned that honesty paid"""	learnt	learned	no_cond	5	0.2564855217933655
bert-base-uncased	delta	12	learn	ppt	learn__ppt	"To come to realize. ""learned that honesty paid"""	learnt	learned	no_cond	5	0.4319014549255371
bert-base-uncased	orig	0	learn	pst	learn__pst	To gain knowledge or understanding of or skill in by study, instruction, or expe	learnt	learned	no_cond	3	0.36858686804771423
bert-base-uncased	delta	0	learn	pst	learn__pst	To gain knowledge or understanding of or skill in by study, instruction, or expe	learnt	learned	no_cond	3	0.6666666865348816
bert-base-uncased	orig	1	learn	pst	learn__pst	To gain knowledge or understanding of or skill in by study, instruction, or expe	learnt	learned	no_cond	3	0.26063787937164307
bert-base-uncased	delta	1	learn	pst	learn__pst	To gain knowledge or understanding of or skill in by study, instruction, or expe	learnt	learned	no_cond	3	0.6306626796722412
bert-base-uncased	orig	2	learn	pst	learn__pst	To gain knowledge or understanding of or skill in by study, instruction, or expe	learnt	learned	no_cond	3	-0.056706905364990234
bert-base-uncased	delta	2	learn	pst	learn__pst	To gain knowledge or understanding of or skill in by study, instruction, or expe	learnt	learned	no_cond	3	0.5889773368835449
bert-base-uncased	orig	3	learn	pst	learn__pst	To gain knowledge or understanding of or skill in by study, instruction, or expe	learnt	learned	no_cond	3	-0.04427490755915642
bert-base-uncased	delta	3	learn	pst	learn__pst	To gain knowledge or understanding of or skill in by study, instruction, or expe	learnt	learned	no_cond	3	0.5901592373847961
bert-base-uncased	orig	4	learn	pst	learn__pst	To gain knowledge or understanding of or skill in by study, instruction, or expe	learnt	learned	no_cond	3	-0.019670410081744194
bert-base-uncased	delta	4	learn	pst	learn__pst	To gain knowledge or understanding of or skill in by study, instruction, or expe	learnt	learned	no_cond	3	0.5679414868354797
bert-base-uncased	orig	5	learn	pst	learn__pst	To gain knowledge or understanding of or skill in by study, instruction, or expe	learnt	learned	no_cond	3	-0.024958202615380287
bert-base-uncased	delta	5	learn	pst	learn__pst	To gain knowledge or understanding of or skill in by study, instruction, or expe	learnt	learned	no_cond	3	0.5600428581237793
bert-base-uncased	orig	6	learn	pst	learn__pst	To gain knowledge or understanding of or skill in by study, instruction, or expe	learnt	learned	no_cond	3	-0.01809747889637947
bert-base-uncased	delta	6	learn	pst	learn__pst	To gain knowledge or understanding of or skill in by study, instruction, or expe	learnt	learned	no_cond	3	0.5335175395011902
bert-base-uncased	orig	7	learn	pst	learn__pst	To gain knowledge or understanding of or skill in by study, instruction, or expe	learnt	learned	no_cond	3	-0.007220360916107893
bert-base-uncased	delta	7	learn	pst	learn__pst	To gain knowledge or understanding of or skill in by study, instruction, or expe	learnt	learned	no_cond	3	0.550544798374176
bert-base-uncased	orig	8	learn	pst	learn__pst	To gain knowledge or understanding of or skill in by study, instruction, or expe	learnt	learned	no_cond	3	0.01621852070093155
bert-base-uncased	delta	8	learn	pst	learn__pst	To gain knowledge or understanding of or skill in by study, instruction, or expe	learnt	learned	no_cond	3	0.5634059309959412
bert-base-uncased	orig	9	learn	pst	learn__pst	To gain knowledge or understanding of or skill in by study, instruction, or expe	learnt	learned	no_cond	3	0.006738888565450907
bert-base-uncased	delta	9	learn	pst	learn__pst	To gain knowledge or understanding of or skill in by study, instruction, or expe	learnt	learned	no_cond	3	0.5656430125236511
bert-base-uncased	orig	10	learn	pst	learn__pst	To gain knowledge or understanding of or skill in by study, instruction, or expe	learnt	learned	no_cond	3	0.03537324443459511
bert-base-uncased	delta	10	learn	pst	learn__pst	To gain knowledge or understanding of or skill in by study, instruction, or expe	learnt	learned	no_cond	3	0.5451104640960693
bert-base-uncased	orig	11	learn	pst	learn__pst	To gain knowledge or understanding of or skill in by study, instruction, or expe	learnt	learned	no_cond	3	0.040163781493902206
bert-base-uncased	delta	11	learn	pst	learn__pst	To gain knowledge or understanding of or skill in by study, instruction, or expe	learnt	learned	no_cond	3	0.5215592980384827
bert-base-uncased	orig	12	learn	pst	learn__pst	To gain knowledge or understanding of or skill in by study, instruction, or expe	learnt	learned	no_cond	3	0.050686925649642944
bert-base-uncased	delta	12	learn	pst	learn__pst	To gain knowledge or understanding of or skill in by study, instruction, or expe	learnt	learned	no_cond	3	0.4608837068080902
bert-base-uncased	orig	0	learn	pst	learn__pst	"To come to be able to. ""learn to dance"""	learnt	learned	prob	3	0.666666567325592
bert-base-uncased	delta	0	learn	pst	learn__pst	"To come to be able to. ""learn to dance"""	learnt	learned	prob	3	0.15757454931735992
bert-base-uncased	orig	1	learn	pst	learn__pst	"To come to be able to. ""learn to dance"""	learnt	learned	prob	3	0.27352678775787354
bert-base-uncased	delta	1	learn	pst	learn__pst	"To come to be able to. ""learn to dance"""	learnt	learned	prob	3	0.12960302829742432
bert-base-uncased	orig	2	learn	pst	learn__pst	"To come to be able to. ""learn to dance"""	learnt	learned	prob	3	0.26089322566986084
bert-base-uncased	delta	2	learn	pst	learn__pst	"To come to be able to. ""learn to dance"""	learnt	learned	prob	3	0.11145337671041489
bert-base-uncased	orig	3	learn	pst	learn__pst	"To come to be able to. ""learn to dance"""	learnt	learned	prob	3	0.24004454910755157
bert-base-uncased	delta	3	learn	pst	learn__pst	"To come to be able to. ""learn to dance"""	learnt	learned	prob	3	0.05422377958893776
bert-base-uncased	orig	4	learn	pst	learn__pst	"To come to be able to. ""learn to dance"""	learnt	learned	prob	3	0.20414865016937256
bert-base-uncased	delta	4	learn	pst	learn__pst	"To come to be able to. ""learn to dance"""	learnt	learned	prob	3	0.017577650025486946
bert-base-uncased	orig	5	learn	pst	learn__pst	"To come to be able to. ""learn to dance"""	learnt	learned	prob	3	0.06530211120843887
bert-base-uncased	delta	5	learn	pst	learn__pst	"To come to be able to. ""learn to dance"""	learnt	learned	prob	3	-0.00744504714384675
bert-base-uncased	orig	6	learn	pst	learn__pst	"To come to be able to. ""learn to dance"""	learnt	learned	prob	3	-0.013338007032871246
bert-base-uncased	delta	6	learn	pst	learn__pst	"To come to be able to. ""learn to dance"""	learnt	learned	prob	3	-0.06245949864387512
bert-base-uncased	orig	7	learn	pst	learn__pst	"To come to be able to. ""learn to dance"""	learnt	learned	prob	3	-0.06221149489283562
bert-base-uncased	delta	7	learn	pst	learn__pst	"To come to be able to. ""learn to dance"""	learnt	learned	prob	3	0.28392350673675537
bert-base-uncased	orig	8	learn	pst	learn__pst	"To come to be able to. ""learn to dance"""	learnt	learned	prob	3	0.33233585953712463
bert-base-uncased	delta	8	learn	pst	learn__pst	"To come to be able to. ""learn to dance"""	learnt	learned	prob	3	0.3676280975341797
bert-base-uncased	orig	9	learn	pst	learn__pst	"To come to be able to. ""learn to dance"""	learnt	learned	prob	3	0.3982427418231964
bert-base-uncased	delta	9	learn	pst	learn__pst	"To come to be able to. ""learn to dance"""	learnt	learned	prob	3	0.4228592813014984
bert-base-uncased	orig	10	learn	pst	learn__pst	"To come to be able to. ""learn to dance"""	learnt	learned	prob	3	0.41023024916648865
bert-base-uncased	delta	10	learn	pst	learn__pst	"To come to be able to. ""learn to dance"""	learnt	learned	prob	3	0.4381917417049408
bert-base-uncased	orig	11	learn	pst	learn__pst	"To come to be able to. ""learn to dance"""	learnt	learned	prob	3	0.415925532579422
bert-base-uncased	delta	11	learn	pst	learn__pst	"To come to be able to. ""learn to dance"""	learnt	learned	prob	3	0.44348764419555664
bert-base-uncased	orig	12	learn	pst	learn__pst	"To come to be able to. ""learn to dance"""	learnt	learned	prob	3	0.3983357846736908
bert-base-uncased	delta	12	learn	pst	learn__pst	"To come to be able to. ""learn to dance"""	learnt	learned	prob	3	0.4321539103984833
bert-base-uncased	orig	0	learn	pst	learn__pst	"To come to realize. ""learned that honesty paid"""	learnt	learned	no_cond	3	-0.04114237800240517
bert-base-uncased	delta	0	learn	pst	learn__pst	"To come to realize. ""learned that honesty paid"""	learnt	learned	no_cond	3	0.6666666865348816
bert-base-uncased	orig	1	learn	pst	learn__pst	"To come to realize. ""learned that honesty paid"""	learnt	learned	no_cond	3	0.2661270797252655
bert-base-uncased	delta	1	learn	pst	learn__pst	"To come to realize. ""learned that honesty paid"""	learnt	learned	no_cond	3	0.6141858696937561
bert-base-uncased	orig	2	learn	pst	learn__pst	"To come to realize. ""learned that honesty paid"""	learnt	learned	no_cond	3	0.3041073977947235
bert-base-uncased	delta	2	learn	pst	learn__pst	"To come to realize. ""learned that honesty paid"""	learnt	learned	no_cond	3	0.5821743011474609
bert-base-uncased	orig	3	learn	pst	learn__pst	"To come to realize. ""learned that honesty paid"""	learnt	learned	no_cond	3	0.37884625792503357
bert-base-uncased	delta	3	learn	pst	learn__pst	"To come to realize. ""learned that honesty paid"""	learnt	learned	no_cond	3	0.5826191902160645
bert-base-uncased	orig	4	learn	pst	learn__pst	"To come to realize. ""learned that honesty paid"""	learnt	learned	no_cond	3	0.43524590134620667
bert-base-uncased	delta	4	learn	pst	learn__pst	"To come to realize. ""learned that honesty paid"""	learnt	learned	no_cond	3	0.5553267002105713
bert-base-uncased	orig	5	learn	pst	learn__pst	"To come to realize. ""learned that honesty paid"""	learnt	learned	no_cond	3	0.4648226797580719
bert-base-uncased	delta	5	learn	pst	learn__pst	"To come to realize. ""learned that honesty paid"""	learnt	learned	no_cond	3	0.5382069945335388
bert-base-uncased	orig	6	learn	pst	learn__pst	"To come to realize. ""learned that honesty paid"""	learnt	learned	no_cond	3	0.46695518493652344
bert-base-uncased	delta	6	learn	pst	learn__pst	"To come to realize. ""learned that honesty paid"""	learnt	learned	no_cond	3	0.5515989065170288
bert-base-uncased	orig	7	learn	pst	learn__pst	"To come to realize. ""learned that honesty paid"""	learnt	learned	no_cond	3	0.4649639129638672
bert-base-uncased	delta	7	learn	pst	learn__pst	"To come to realize. ""learned that honesty paid"""	learnt	learned	no_cond	3	0.5495403409004211
bert-base-uncased	orig	8	learn	pst	learn__pst	"To come to realize. ""learned that honesty paid"""	learnt	learned	no_cond	3	0.4929467737674713
bert-base-uncased	delta	8	learn	pst	learn__pst	"To come to realize. ""learned that honesty paid"""	learnt	learned	no_cond	3	0.5621767044067383
bert-base-uncased	orig	9	learn	pst	learn__pst	"To come to realize. ""learned that honesty paid"""	learnt	learned	no_cond	3	0.4927246868610382
bert-base-uncased	delta	9	learn	pst	learn__pst	"To come to realize. ""learned that honesty paid"""	learnt	learned	no_cond	3	0.5522471070289612
bert-base-uncased	orig	10	learn	pst	learn__pst	"To come to realize. ""learned that honesty paid"""	learnt	learned	no_cond	3	0.4847297668457031
bert-base-uncased	delta	10	learn	pst	learn__pst	"To come to realize. ""learned that honesty paid"""	learnt	learned	no_cond	3	0.5203762054443359
bert-base-uncased	orig	11	learn	pst	learn__pst	"To come to realize. ""learned that honesty paid"""	learnt	learned	no_cond	3	0.47849905490875244
bert-base-uncased	delta	11	learn	pst	learn__pst	"To come to realize. ""learned that honesty paid"""	learnt	learned	no_cond	3	0.4874485433101654
bert-base-uncased	orig	12	learn	pst	learn__pst	"To come to realize. ""learned that honesty paid"""	learnt	learned	no_cond	3	0.4803835451602936
bert-base-uncased	delta	12	learn	pst	learn__pst	"To come to realize. ""learned that honesty paid"""	learnt	learned	no_cond	3	0.43063846230506897
bert-base-uncased	orig	0	light	ppt	light__ppt	To set fire to.	lighted	lit	no_cond	3	0.4155466556549072
bert-base-uncased	delta	0	light	ppt	light__ppt	To set fire to.	lighted	lit	no_cond	3	0.6666666865348816
bert-base-uncased	orig	1	light	ppt	light__ppt	To set fire to.	lighted	lit	no_cond	3	0.43383535742759705
bert-base-uncased	delta	1	light	ppt	light__ppt	To set fire to.	lighted	lit	no_cond	3	0.5632718205451965
bert-base-uncased	orig	2	light	ppt	light__ppt	To set fire to.	lighted	lit	no_cond	3	0.41293105483055115
bert-base-uncased	delta	2	light	ppt	light__ppt	To set fire to.	lighted	lit	no_cond	3	0.5140845775604248
bert-base-uncased	orig	3	light	ppt	light__ppt	To set fire to.	lighted	lit	no_cond	3	0.38901519775390625
bert-base-uncased	delta	3	light	ppt	light__ppt	To set fire to.	lighted	lit	no_cond	3	0.43301042914390564
bert-base-uncased	orig	4	light	ppt	light__ppt	To set fire to.	lighted	lit	no_cond	3	0.4045204818248749
bert-base-uncased	delta	4	light	ppt	light__ppt	To set fire to.	lighted	lit	no_cond	3	0.40129145979881287
bert-base-uncased	orig	5	light	ppt	light__ppt	To set fire to.	lighted	lit	no_cond	3	0.37252846360206604
bert-base-uncased	delta	5	light	ppt	light__ppt	To set fire to.	lighted	lit	no_cond	3	0.4207291901111603
bert-base-uncased	orig	6	light	ppt	light__ppt	To set fire to.	lighted	lit	no_cond	3	0.3684742748737335
bert-base-uncased	delta	6	light	ppt	light__ppt	To set fire to.	lighted	lit	no_cond	3	0.42139244079589844
bert-base-uncased	orig	7	light	ppt	light__ppt	To set fire to.	lighted	lit	no_cond	3	0.4114857614040375
bert-base-uncased	delta	7	light	ppt	light__ppt	To set fire to.	lighted	lit	no_cond	3	0.42832064628601074
bert-base-uncased	orig	8	light	ppt	light__ppt	To set fire to.	lighted	lit	no_cond	3	0.40181970596313477
bert-base-uncased	delta	8	light	ppt	light__ppt	To set fire to.	lighted	lit	no_cond	3	0.42936205863952637
bert-base-uncased	orig	9	light	ppt	light__ppt	To set fire to.	lighted	lit	no_cond	3	0.40192827582359314
bert-base-uncased	delta	9	light	ppt	light__ppt	To set fire to.	lighted	lit	no_cond	3	0.4449881613254547
bert-base-uncased	orig	10	light	ppt	light__ppt	To set fire to.	lighted	lit	no_cond	3	0.3847610056400299
bert-base-uncased	delta	10	light	ppt	light__ppt	To set fire to.	lighted	lit	no_cond	3	0.43926677107810974
bert-base-uncased	orig	11	light	ppt	light__ppt	To set fire to.	lighted	lit	no_cond	3	0.36814403533935547
bert-base-uncased	delta	11	light	ppt	light__ppt	To set fire to.	lighted	lit	no_cond	3	0.4327389895915985
bert-base-uncased	orig	12	light	ppt	light__ppt	To set fire to.	lighted	lit	no_cond	3	0.3486088812351227
bert-base-uncased	delta	12	light	ppt	light__ppt	To set fire to.	lighted	lit	no_cond	3	0.4324828088283539
bert-base-uncased	orig	0	light	ppt	light__ppt	"To illuminate. ""Rockets lit up the sky."""	lighted	lit	no_cond	7	0.6660081744194031
bert-base-uncased	delta	0	light	ppt	light__ppt	"To illuminate. ""Rockets lit up the sky."""	lighted	lit	no_cond	7	0.4034176468849182
bert-base-uncased	orig	1	light	ppt	light__ppt	"To illuminate. ""Rockets lit up the sky."""	lighted	lit	no_cond	7	0.5543955564498901
bert-base-uncased	delta	1	light	ppt	light__ppt	"To illuminate. ""Rockets lit up the sky."""	lighted	lit	no_cond	7	0.40658870339393616
bert-base-uncased	orig	2	light	ppt	light__ppt	"To illuminate. ""Rockets lit up the sky."""	lighted	lit	no_cond	7	0.47478750348091125
bert-base-uncased	delta	2	light	ppt	light__ppt	"To illuminate. ""Rockets lit up the sky."""	lighted	lit	no_cond	7	0.4564034044742584
bert-base-uncased	orig	3	light	ppt	light__ppt	"To illuminate. ""Rockets lit up the sky."""	lighted	lit	no_cond	7	0.43133974075317383
bert-base-uncased	delta	3	light	ppt	light__ppt	"To illuminate. ""Rockets lit up the sky."""	lighted	lit	no_cond	7	0.4882015287876129
bert-base-uncased	orig	4	light	ppt	light__ppt	"To illuminate. ""Rockets lit up the sky."""	lighted	lit	no_cond	7	0.3892345428466797
bert-base-uncased	delta	4	light	ppt	light__ppt	"To illuminate. ""Rockets lit up the sky."""	lighted	lit	no_cond	7	0.4427354335784912
bert-base-uncased	orig	5	light	ppt	light__ppt	"To illuminate. ""Rockets lit up the sky."""	lighted	lit	no_cond	7	0.32494452595710754
bert-base-uncased	delta	5	light	ppt	light__ppt	"To illuminate. ""Rockets lit up the sky."""	lighted	lit	no_cond	7	0.383786141872406
bert-base-uncased	orig	6	light	ppt	light__ppt	"To illuminate. ""Rockets lit up the sky."""	lighted	lit	no_cond	7	0.0347369946539402
bert-base-uncased	delta	6	light	ppt	light__ppt	"To illuminate. ""Rockets lit up the sky."""	lighted	lit	no_cond	7	0.3819732666015625
bert-base-uncased	orig	7	light	ppt	light__ppt	"To illuminate. ""Rockets lit up the sky."""	lighted	lit	no_cond	7	0.028626574203372
bert-base-uncased	delta	7	light	ppt	light__ppt	"To illuminate. ""Rockets lit up the sky."""	lighted	lit	no_cond	7	0.39441603422164917
bert-base-uncased	orig	8	light	ppt	light__ppt	"To illuminate. ""Rockets lit up the sky."""	lighted	lit	no_cond	7	0.03286369517445564
bert-base-uncased	delta	8	light	ppt	light__ppt	"To illuminate. ""Rockets lit up the sky."""	lighted	lit	no_cond	7	0.40320315957069397
bert-base-uncased	orig	9	light	ppt	light__ppt	"To illuminate. ""Rockets lit up the sky."""	lighted	lit	no_cond	7	0.15761753916740417
bert-base-uncased	delta	9	light	ppt	light__ppt	"To illuminate. ""Rockets lit up the sky."""	lighted	lit	no_cond	7	0.4196034073829651
bert-base-uncased	orig	10	light	ppt	light__ppt	"To illuminate. ""Rockets lit up the sky."""	lighted	lit	no_cond	7	0.15066127479076385
bert-base-uncased	delta	10	light	ppt	light__ppt	"To illuminate. ""Rockets lit up the sky."""	lighted	lit	no_cond	7	0.3734365403652191
bert-base-uncased	orig	11	light	ppt	light__ppt	"To illuminate. ""Rockets lit up the sky."""	lighted	lit	no_cond	7	0.19761152565479279
bert-base-uncased	delta	11	light	ppt	light__ppt	"To illuminate. ""Rockets lit up the sky."""	lighted	lit	no_cond	7	0.34146374464035034
bert-base-uncased	orig	12	light	ppt	light__ppt	"To illuminate. ""Rockets lit up the sky."""	lighted	lit	no_cond	7	0.146730437874794
bert-base-uncased	delta	12	light	ppt	light__ppt	"To illuminate. ""Rockets lit up the sky."""	lighted	lit	no_cond	7	0.3653052747249603
bert-base-uncased	orig	0	light	pst	light__pst	To set fire to.	lighted	lit	no_cond	4	0.6447083950042725
bert-base-uncased	delta	0	light	pst	light__pst	To set fire to.	lighted	lit	no_cond	4	0.3222464323043823
bert-base-uncased	orig	1	light	pst	light__pst	To set fire to.	lighted	lit	no_cond	4	0.6277210712432861
bert-base-uncased	delta	1	light	pst	light__pst	To set fire to.	lighted	lit	no_cond	4	0.19137513637542725
bert-base-uncased	orig	2	light	pst	light__pst	To set fire to.	lighted	lit	no_cond	4	0.604930579662323
bert-base-uncased	delta	2	light	pst	light__pst	To set fire to.	lighted	lit	no_cond	4	0.07572131603956223
bert-base-uncased	orig	3	light	pst	light__pst	To set fire to.	lighted	lit	no_cond	4	0.5780248641967773
bert-base-uncased	delta	3	light	pst	light__pst	To set fire to.	lighted	lit	no_cond	4	0.12588101625442505
bert-base-uncased	orig	4	light	pst	light__pst	To set fire to.	lighted	lit	no_cond	4	0.5911931395530701
bert-base-uncased	delta	4	light	pst	light__pst	To set fire to.	lighted	lit	no_cond	4	0.15079985558986664
bert-base-uncased	orig	5	light	pst	light__pst	To set fire to.	lighted	lit	no_cond	4	0.5711596012115479
bert-base-uncased	delta	5	light	pst	light__pst	To set fire to.	lighted	lit	no_cond	4	0.20378226041793823
bert-base-uncased	orig	6	light	pst	light__pst	To set fire to.	lighted	lit	no_cond	4	0.5812638401985168
bert-base-uncased	delta	6	light	pst	light__pst	To set fire to.	lighted	lit	no_cond	4	0.21050992608070374
bert-base-uncased	orig	7	light	pst	light__pst	To set fire to.	lighted	lit	no_cond	4	0.6111404895782471
bert-base-uncased	delta	7	light	pst	light__pst	To set fire to.	lighted	lit	no_cond	4	0.2086735963821411
bert-base-uncased	orig	8	light	pst	light__pst	To set fire to.	lighted	lit	no_cond	4	0.6372969150543213
bert-base-uncased	delta	8	light	pst	light__pst	To set fire to.	lighted	lit	no_cond	4	0.18918952345848083
bert-base-uncased	orig	9	light	pst	light__pst	To set fire to.	lighted	lit	no_cond	4	0.6487699747085571
bert-base-uncased	delta	9	light	pst	light__pst	To set fire to.	lighted	lit	no_cond	4	0.16465991735458374
bert-base-uncased	orig	10	light	pst	light__pst	To set fire to.	lighted	lit	no_cond	4	0.6582617163658142
bert-base-uncased	delta	10	light	pst	light__pst	To set fire to.	lighted	lit	no_cond	4	0.11419395357370377
bert-base-uncased	orig	11	light	pst	light__pst	To set fire to.	lighted	lit	no_cond	4	0.6299409866333008
bert-base-uncased	delta	11	light	pst	light__pst	To set fire to.	lighted	lit	no_cond	4	0.12441803514957428
bert-base-uncased	orig	12	light	pst	light__pst	To set fire to.	lighted	lit	no_cond	4	0.6453391313552856
bert-base-uncased	delta	12	light	pst	light__pst	To set fire to.	lighted	lit	no_cond	4	0.056424014270305634
bert-base-uncased	orig	0	plead	ppt	plead__ppt	"To make a plea of a specific nature. ""Plead not guilty"""	pled	pleaded	no_cond	6	0.6602383255958557
bert-base-uncased	delta	0	plead	ppt	plead__ppt	"To make a plea of a specific nature. ""Plead not guilty"""	pled	pleaded	no_cond	6	0.11556396633386612
bert-base-uncased	orig	1	plead	ppt	plead__ppt	"To make a plea of a specific nature. ""Plead not guilty"""	pled	pleaded	no_cond	6	0.6307360529899597
bert-base-uncased	delta	1	plead	ppt	plead__ppt	"To make a plea of a specific nature. ""Plead not guilty"""	pled	pleaded	no_cond	6	0.06458362936973572
bert-base-uncased	orig	2	plead	ppt	plead__ppt	"To make a plea of a specific nature. ""Plead not guilty"""	pled	pleaded	no_cond	6	0.6238429546356201
bert-base-uncased	delta	2	plead	ppt	plead__ppt	"To make a plea of a specific nature. ""Plead not guilty"""	pled	pleaded	no_cond	6	0.09202059358358383
bert-base-uncased	orig	3	plead	ppt	plead__ppt	"To make a plea of a specific nature. ""Plead not guilty"""	pled	pleaded	no_cond	6	0.6107286810874939
bert-base-uncased	delta	3	plead	ppt	plead__ppt	"To make a plea of a specific nature. ""Plead not guilty"""	pled	pleaded	no_cond	6	0.12113534659147263
bert-base-uncased	orig	4	plead	ppt	plead__ppt	"To make a plea of a specific nature. ""Plead not guilty"""	pled	pleaded	no_cond	6	0.5697888135910034
bert-base-uncased	delta	4	plead	ppt	plead__ppt	"To make a plea of a specific nature. ""Plead not guilty"""	pled	pleaded	no_cond	6	0.10081183910369873
bert-base-uncased	orig	5	plead	ppt	plead__ppt	"To make a plea of a specific nature. ""Plead not guilty"""	pled	pleaded	no_cond	6	0.5175029635429382
bert-base-uncased	delta	5	plead	ppt	plead__ppt	"To make a plea of a specific nature. ""Plead not guilty"""	pled	pleaded	no_cond	6	0.06059705838561058
bert-base-uncased	orig	6	plead	ppt	plead__ppt	"To make a plea of a specific nature. ""Plead not guilty"""	pled	pleaded	no_cond	6	0.47100594639778137
bert-base-uncased	delta	6	plead	ppt	plead__ppt	"To make a plea of a specific nature. ""Plead not guilty"""	pled	pleaded	no_cond	6	0.07606863230466843
bert-base-uncased	orig	7	plead	ppt	plead__ppt	"To make a plea of a specific nature. ""Plead not guilty"""	pled	pleaded	no_cond	6	0.4213699996471405
bert-base-uncased	delta	7	plead	ppt	plead__ppt	"To make a plea of a specific nature. ""Plead not guilty"""	pled	pleaded	no_cond	6	0.08482924103736877
bert-base-uncased	orig	8	plead	ppt	plead__ppt	"To make a plea of a specific nature. ""Plead not guilty"""	pled	pleaded	no_cond	6	0.31688061356544495
bert-base-uncased	delta	8	plead	ppt	plead__ppt	"To make a plea of a specific nature. ""Plead not guilty"""	pled	pleaded	no_cond	6	0.10029973834753036
bert-base-uncased	orig	9	plead	ppt	plead__ppt	"To make a plea of a specific nature. ""Plead not guilty"""	pled	pleaded	no_cond	6	0.3016233742237091
bert-base-uncased	delta	9	plead	ppt	plead__ppt	"To make a plea of a specific nature. ""Plead not guilty"""	pled	pleaded	no_cond	6	0.0403638631105423
bert-base-uncased	orig	10	plead	ppt	plead__ppt	"To make a plea of a specific nature. ""Plead not guilty"""	pled	pleaded	no_cond	6	0.252565860748291
bert-base-uncased	delta	10	plead	ppt	plead__ppt	"To make a plea of a specific nature. ""Plead not guilty"""	pled	pleaded	no_cond	6	0.011266580782830715
bert-base-uncased	orig	11	plead	ppt	plead__ppt	"To make a plea of a specific nature. ""Plead not guilty"""	pled	pleaded	no_cond	6	0.22796054184436798
bert-base-uncased	delta	11	plead	ppt	plead__ppt	"To make a plea of a specific nature. ""Plead not guilty"""	pled	pleaded	no_cond	6	0.05890822410583496
bert-base-uncased	orig	12	plead	ppt	plead__ppt	"To make a plea of a specific nature. ""Plead not guilty"""	pled	pleaded	no_cond	6	0.229500412940979
bert-base-uncased	delta	12	plead	ppt	plead__ppt	"To make a plea of a specific nature. ""Plead not guilty"""	pled	pleaded	no_cond	6	0.029405677691102028
bert-base-uncased	orig	0	plead	pst	plead__pst	"To make a plea of a specific nature. ""Plead not guilty"""	pled	pleaded	no_cond	4	0.5331161022186279
bert-base-uncased	delta	0	plead	pst	plead__pst	"To make a plea of a specific nature. ""Plead not guilty"""	pled	pleaded	no_cond	4	0.75
bert-base-uncased	orig	1	plead	pst	plead__pst	"To make a plea of a specific nature. ""Plead not guilty"""	pled	pleaded	no_cond	4	0.15210667252540588
bert-base-uncased	delta	1	plead	pst	plead__pst	"To make a plea of a specific nature. ""Plead not guilty"""	pled	pleaded	no_cond	4	0.6984084844589233
bert-base-uncased	orig	2	plead	pst	plead__pst	"To make a plea of a specific nature. ""Plead not guilty"""	pled	pleaded	no_cond	4	0.12210003286600113
bert-base-uncased	delta	2	plead	pst	plead__pst	"To make a plea of a specific nature. ""Plead not guilty"""	pled	pleaded	no_cond	4	0.6400816440582275
bert-base-uncased	orig	3	plead	pst	plead__pst	"To make a plea of a specific nature. ""Plead not guilty"""	pled	pleaded	no_cond	4	0.15542837977409363
bert-base-uncased	delta	3	plead	pst	plead__pst	"To make a plea of a specific nature. ""Plead not guilty"""	pled	pleaded	no_cond	4	0.5804734230041504
bert-base-uncased	orig	4	plead	pst	plead__pst	"To make a plea of a specific nature. ""Plead not guilty"""	pled	pleaded	no_cond	4	0.1474875509738922
bert-base-uncased	delta	4	plead	pst	plead__pst	"To make a plea of a specific nature. ""Plead not guilty"""	pled	pleaded	no_cond	4	0.5666353106498718
bert-base-uncased	orig	5	plead	pst	plead__pst	"To make a plea of a specific nature. ""Plead not guilty"""	pled	pleaded	no_cond	4	0.09499610960483551
bert-base-uncased	delta	5	plead	pst	plead__pst	"To make a plea of a specific nature. ""Plead not guilty"""	pled	pleaded	no_cond	4	0.4194319248199463
bert-base-uncased	orig	6	plead	pst	plead__pst	"To make a plea of a specific nature. ""Plead not guilty"""	pled	pleaded	no_cond	4	0.11771092563867569
bert-base-uncased	delta	6	plead	pst	plead__pst	"To make a plea of a specific nature. ""Plead not guilty"""	pled	pleaded	no_cond	4	0.4502143859863281
bert-base-uncased	orig	7	plead	pst	plead__pst	"To make a plea of a specific nature. ""Plead not guilty"""	pled	pleaded	no_cond	4	0.09364939481019974
bert-base-uncased	delta	7	plead	pst	plead__pst	"To make a plea of a specific nature. ""Plead not guilty"""	pled	pleaded	no_cond	4	0.4463164806365967
bert-base-uncased	orig	8	plead	pst	plead__pst	"To make a plea of a specific nature. ""Plead not guilty"""	pled	pleaded	no_cond	4	0.10184644162654877
bert-base-uncased	delta	8	plead	pst	plead__pst	"To make a plea of a specific nature. ""Plead not guilty"""	pled	pleaded	no_cond	4	0.4839159846305847
bert-base-uncased	orig	9	plead	pst	plead__pst	"To make a plea of a specific nature. ""Plead not guilty"""	pled	pleaded	no_cond	4	0.10828985273838043
bert-base-uncased	delta	9	plead	pst	plead__pst	"To make a plea of a specific nature. ""Plead not guilty"""	pled	pleaded	no_cond	4	0.48281213641166687
bert-base-uncased	orig	10	plead	pst	plead__pst	"To make a plea of a specific nature. ""Plead not guilty"""	pled	pleaded	no_cond	4	0.20465214550495148
bert-base-uncased	delta	10	plead	pst	plead__pst	"To make a plea of a specific nature. ""Plead not guilty"""	pled	pleaded	no_cond	4	0.45578551292419434
bert-base-uncased	orig	11	plead	pst	plead__pst	"To make a plea of a specific nature. ""Plead not guilty"""	pled	pleaded	no_cond	4	0.22270990908145905
bert-base-uncased	delta	11	plead	pst	plead__pst	"To make a plea of a specific nature. ""Plead not guilty"""	pled	pleaded	no_cond	4	0.44525980949401855
bert-base-uncased	orig	12	plead	pst	plead__pst	"To make a plea of a specific nature. ""Plead not guilty"""	pled	pleaded	no_cond	4	0.13903500139713287
bert-base-uncased	delta	12	plead	pst	plead__pst	"To make a plea of a specific nature. ""Plead not guilty"""	pled	pleaded	no_cond	4	-0.14945758879184723
bert-base-uncased	orig	0	prove	ppt	prove__ppt	"To demonstrate as having a particular quality or worth. ""proved herself a great "	proved	proven	no_cond	3	0.48201191425323486
bert-base-uncased	delta	0	prove	ppt	prove__ppt	"To demonstrate as having a particular quality or worth. ""proved herself a great "	proved	proven	no_cond	3	0.1474650353193283
bert-base-uncased	orig	1	prove	ppt	prove__ppt	"To demonstrate as having a particular quality or worth. ""proved herself a great "	proved	proven	no_cond	3	0.34077534079551697
bert-base-uncased	delta	1	prove	ppt	prove__ppt	"To demonstrate as having a particular quality or worth. ""proved herself a great "	proved	proven	no_cond	3	0.10043400526046753
bert-base-uncased	orig	2	prove	ppt	prove__ppt	"To demonstrate as having a particular quality or worth. ""proved herself a great "	proved	proven	no_cond	3	0.3233637809753418
bert-base-uncased	delta	2	prove	ppt	prove__ppt	"To demonstrate as having a particular quality or worth. ""proved herself a great "	proved	proven	no_cond	3	0.11215507239103317
bert-base-uncased	orig	3	prove	ppt	prove__ppt	"To demonstrate as having a particular quality or worth. ""proved herself a great "	proved	proven	no_cond	3	0.2523275315761566
bert-base-uncased	delta	3	prove	ppt	prove__ppt	"To demonstrate as having a particular quality or worth. ""proved herself a great "	proved	proven	no_cond	3	0.055005744099617004
bert-base-uncased	orig	4	prove	ppt	prove__ppt	"To demonstrate as having a particular quality or worth. ""proved herself a great "	proved	proven	no_cond	3	0.12252859026193619
bert-base-uncased	delta	4	prove	ppt	prove__ppt	"To demonstrate as having a particular quality or worth. ""proved herself a great "	proved	proven	no_cond	3	-0.02102678455412388
bert-base-uncased	orig	5	prove	ppt	prove__ppt	"To demonstrate as having a particular quality or worth. ""proved herself a great "	proved	proven	no_cond	3	0.07751969993114471
bert-base-uncased	delta	5	prove	ppt	prove__ppt	"To demonstrate as having a particular quality or worth. ""proved herself a great "	proved	proven	no_cond	3	-0.03642113879323006
bert-base-uncased	orig	6	prove	ppt	prove__ppt	"To demonstrate as having a particular quality or worth. ""proved herself a great "	proved	proven	no_cond	3	0.01149789709597826
bert-base-uncased	delta	6	prove	ppt	prove__ppt	"To demonstrate as having a particular quality or worth. ""proved herself a great "	proved	proven	no_cond	3	-0.06650959700345993
bert-base-uncased	orig	7	prove	ppt	prove__ppt	"To demonstrate as having a particular quality or worth. ""proved herself a great "	proved	proven	no_cond	3	-0.005218386650085449
bert-base-uncased	delta	7	prove	ppt	prove__ppt	"To demonstrate as having a particular quality or worth. ""proved herself a great "	proved	proven	no_cond	3	-0.08255156129598618
bert-base-uncased	orig	8	prove	ppt	prove__ppt	"To demonstrate as having a particular quality or worth. ""proved herself a great "	proved	proven	no_cond	3	0.013171616941690445
bert-base-uncased	delta	8	prove	ppt	prove__ppt	"To demonstrate as having a particular quality or worth. ""proved herself a great "	proved	proven	no_cond	3	-0.09589608758687973
bert-base-uncased	orig	9	prove	ppt	prove__ppt	"To demonstrate as having a particular quality or worth. ""proved herself a great "	proved	proven	no_cond	3	0.01244997140020132
bert-base-uncased	delta	9	prove	ppt	prove__ppt	"To demonstrate as having a particular quality or worth. ""proved herself a great "	proved	proven	no_cond	3	-0.10215317457914352
bert-base-uncased	orig	10	prove	ppt	prove__ppt	"To demonstrate as having a particular quality or worth. ""proved herself a great "	proved	proven	no_cond	3	0.03233732655644417
bert-base-uncased	delta	10	prove	ppt	prove__ppt	"To demonstrate as having a particular quality or worth. ""proved herself a great "	proved	proven	no_cond	3	-0.11704260110855103
bert-base-uncased	orig	11	prove	ppt	prove__ppt	"To demonstrate as having a particular quality or worth. ""proved herself a great "	proved	proven	no_cond	3	0.02493063360452652
bert-base-uncased	delta	11	prove	ppt	prove__ppt	"To demonstrate as having a particular quality or worth. ""proved herself a great "	proved	proven	no_cond	3	-0.12003440409898758
bert-base-uncased	orig	12	prove	ppt	prove__ppt	"To demonstrate as having a particular quality or worth. ""proved herself a great "	proved	proven	no_cond	3	0.07008904218673706
bert-base-uncased	delta	12	prove	ppt	prove__ppt	"To demonstrate as having a particular quality or worth. ""proved herself a great "	proved	proven	no_cond	3	0.30519136786460876
bert-base-uncased	orig	0	see	ppt	see__ppt	To perceive by the eye.	saw	seen	prob	9	0.6441718339920044
bert-base-uncased	delta	0	see	ppt	see__ppt	To perceive by the eye.	saw	seen	prob	9	0.7529639005661011
bert-base-uncased	orig	1	see	ppt	see__ppt	To perceive by the eye.	saw	seen	prob	9	0.5170157551765442
bert-base-uncased	delta	1	see	ppt	see__ppt	To perceive by the eye.	saw	seen	prob	9	0.6536579728126526
bert-base-uncased	orig	2	see	ppt	see__ppt	To perceive by the eye.	saw	seen	prob	9	0.3891899585723877
bert-base-uncased	delta	2	see	ppt	see__ppt	To perceive by the eye.	saw	seen	prob	9	0.5913034677505493
bert-base-uncased	orig	3	see	ppt	see__ppt	To perceive by the eye.	saw	seen	prob	9	0.28640487790107727
bert-base-uncased	delta	3	see	ppt	see__ppt	To perceive by the eye.	saw	seen	prob	9	0.635914146900177
bert-base-uncased	orig	4	see	ppt	see__ppt	To perceive by the eye.	saw	seen	prob	9	0.22051411867141724
bert-base-uncased	delta	4	see	ppt	see__ppt	To perceive by the eye.	saw	seen	prob	9	0.6165737509727478
bert-base-uncased	orig	5	see	ppt	see__ppt	To perceive by the eye.	saw	seen	prob	9	0.1688128262758255
bert-base-uncased	delta	5	see	ppt	see__ppt	To perceive by the eye.	saw	seen	prob	9	0.550241231918335
bert-base-uncased	orig	6	see	ppt	see__ppt	To perceive by the eye.	saw	seen	prob	9	0.15451988577842712
bert-base-uncased	delta	6	see	ppt	see__ppt	To perceive by the eye.	saw	seen	prob	9	0.5741119384765625
bert-base-uncased	orig	7	see	ppt	see__ppt	To perceive by the eye.	saw	seen	prob	9	0.14327318966388702
bert-base-uncased	delta	7	see	ppt	see__ppt	To perceive by the eye.	saw	seen	prob	9	0.6024683713912964
bert-base-uncased	orig	8	see	ppt	see__ppt	To perceive by the eye.	saw	seen	prob	9	0.1441086083650589
bert-base-uncased	delta	8	see	ppt	see__ppt	To perceive by the eye.	saw	seen	prob	9	0.6201446056365967
bert-base-uncased	orig	9	see	ppt	see__ppt	To perceive by the eye.	saw	seen	prob	9	0.13788467645645142
bert-base-uncased	delta	9	see	ppt	see__ppt	To perceive by the eye.	saw	seen	prob	9	0.6372748613357544
bert-base-uncased	orig	10	see	ppt	see__ppt	To perceive by the eye.	saw	seen	prob	9	0.1351678967475891
bert-base-uncased	delta	10	see	ppt	see__ppt	To perceive by the eye.	saw	seen	prob	9	0.6355793476104736
bert-base-uncased	orig	11	see	ppt	see__ppt	To perceive by the eye.	saw	seen	prob	9	0.1285436749458313
bert-base-uncased	delta	11	see	ppt	see__ppt	To perceive by the eye.	saw	seen	prob	9	0.6650909781455994
bert-base-uncased	orig	12	see	ppt	see__ppt	To perceive by the eye.	saw	seen	prob	9	0.24722927808761597
bert-base-uncased	delta	12	see	ppt	see__ppt	To perceive by the eye.	saw	seen	prob	9	0.6751331686973572
bert-base-uncased	orig	0	see	ppt	see__ppt	"To be aware of. To recognize. ""sees only our faults"""	saw	seen	no_cond	5	0.6295298337936401
bert-base-uncased	delta	0	see	ppt	see__ppt	"To be aware of. To recognize. ""sees only our faults"""	saw	seen	no_cond	5	0.7258144021034241
bert-base-uncased	orig	1	see	ppt	see__ppt	"To be aware of. To recognize. ""sees only our faults"""	saw	seen	no_cond	5	0.49319687485694885
bert-base-uncased	delta	1	see	ppt	see__ppt	"To be aware of. To recognize. ""sees only our faults"""	saw	seen	no_cond	5	0.5703980326652527
bert-base-uncased	orig	2	see	ppt	see__ppt	"To be aware of. To recognize. ""sees only our faults"""	saw	seen	no_cond	5	0.3014351725578308
bert-base-uncased	delta	2	see	ppt	see__ppt	"To be aware of. To recognize. ""sees only our faults"""	saw	seen	no_cond	5	0.38614290952682495
bert-base-uncased	orig	3	see	ppt	see__ppt	"To be aware of. To recognize. ""sees only our faults"""	saw	seen	no_cond	5	0.21464543044567108
bert-base-uncased	delta	3	see	ppt	see__ppt	"To be aware of. To recognize. ""sees only our faults"""	saw	seen	no_cond	5	0.37385934591293335
bert-base-uncased	orig	4	see	ppt	see__ppt	"To be aware of. To recognize. ""sees only our faults"""	saw	seen	no_cond	5	0.055160678923130035
bert-base-uncased	delta	4	see	ppt	see__ppt	"To be aware of. To recognize. ""sees only our faults"""	saw	seen	no_cond	5	0.3797537684440613
bert-base-uncased	orig	5	see	ppt	see__ppt	"To be aware of. To recognize. ""sees only our faults"""	saw	seen	no_cond	5	0.043062955141067505
bert-base-uncased	delta	5	see	ppt	see__ppt	"To be aware of. To recognize. ""sees only our faults"""	saw	seen	no_cond	5	0.40012454986572266
bert-base-uncased	orig	6	see	ppt	see__ppt	"To be aware of. To recognize. ""sees only our faults"""	saw	seen	no_cond	5	0.018919456750154495
bert-base-uncased	delta	6	see	ppt	see__ppt	"To be aware of. To recognize. ""sees only our faults"""	saw	seen	no_cond	5	0.4072052836418152
bert-base-uncased	orig	7	see	ppt	see__ppt	"To be aware of. To recognize. ""sees only our faults"""	saw	seen	no_cond	5	0.0664379671216011
bert-base-uncased	delta	7	see	ppt	see__ppt	"To be aware of. To recognize. ""sees only our faults"""	saw	seen	no_cond	5	0.423736035823822
bert-base-uncased	orig	8	see	ppt	see__ppt	"To be aware of. To recognize. ""sees only our faults"""	saw	seen	no_cond	5	0.08166571706533432
bert-base-uncased	delta	8	see	ppt	see__ppt	"To be aware of. To recognize. ""sees only our faults"""	saw	seen	no_cond	5	0.46121254563331604
bert-base-uncased	orig	9	see	ppt	see__ppt	"To be aware of. To recognize. ""sees only our faults"""	saw	seen	no_cond	5	0.087800994515419
bert-base-uncased	delta	9	see	ppt	see__ppt	"To be aware of. To recognize. ""sees only our faults"""	saw	seen	no_cond	5	0.49040594696998596
bert-base-uncased	orig	10	see	ppt	see__ppt	"To be aware of. To recognize. ""sees only our faults"""	saw	seen	no_cond	5	0.08067615330219269
bert-base-uncased	delta	10	see	ppt	see__ppt	"To be aware of. To recognize. ""sees only our faults"""	saw	seen	no_cond	5	0.4855048656463623
bert-base-uncased	orig	11	see	ppt	see__ppt	"To be aware of. To recognize. ""sees only our faults"""	saw	seen	no_cond	5	0.09530703723430634
bert-base-uncased	delta	11	see	ppt	see__ppt	"To be aware of. To recognize. ""sees only our faults"""	saw	seen	no_cond	5	0.513035237789154
bert-base-uncased	orig	12	see	ppt	see__ppt	"To be aware of. To recognize. ""sees only our faults"""	saw	seen	no_cond	5	0.023676643148064613
bert-base-uncased	delta	12	see	ppt	see__ppt	"To be aware of. To recognize. ""sees only our faults"""	saw	seen	no_cond	5	0.5204710364341736
bert-base-uncased	orig	0	see	pst	see__pst	To perceive by the eye.	seen	saw	prob	9	0.5806319713592529
bert-base-uncased	delta	0	see	pst	see__pst	To perceive by the eye.	seen	saw	prob	9	0.7644126415252686
bert-base-uncased	orig	1	see	pst	see__pst	To perceive by the eye.	seen	saw	prob	9	0.4181007146835327
bert-base-uncased	delta	1	see	pst	see__pst	To perceive by the eye.	seen	saw	prob	9	0.6511719822883606
bert-base-uncased	orig	2	see	pst	see__pst	To perceive by the eye.	seen	saw	prob	9	0.37062016129493713
bert-base-uncased	delta	2	see	pst	see__pst	To perceive by the eye.	seen	saw	prob	9	0.5890225172042847
bert-base-uncased	orig	3	see	pst	see__pst	To perceive by the eye.	seen	saw	prob	9	0.21092870831489563
bert-base-uncased	delta	3	see	pst	see__pst	To perceive by the eye.	seen	saw	prob	9	0.5555722117424011
bert-base-uncased	orig	4	see	pst	see__pst	To perceive by the eye.	seen	saw	prob	9	0.15038637816905975
bert-base-uncased	delta	4	see	pst	see__pst	To perceive by the eye.	seen	saw	prob	9	0.4877076745033264
bert-base-uncased	orig	5	see	pst	see__pst	To perceive by the eye.	seen	saw	prob	9	0.15245598554611206
bert-base-uncased	delta	5	see	pst	see__pst	To perceive by the eye.	seen	saw	prob	9	0.3592504858970642
bert-base-uncased	orig	6	see	pst	see__pst	To perceive by the eye.	seen	saw	prob	9	0.1443624198436737
bert-base-uncased	delta	6	see	pst	see__pst	To perceive by the eye.	seen	saw	prob	9	0.3101155161857605
bert-base-uncased	orig	7	see	pst	see__pst	To perceive by the eye.	seen	saw	prob	9	0.1411050707101822
bert-base-uncased	delta	7	see	pst	see__pst	To perceive by the eye.	seen	saw	prob	9	0.33637019991874695
bert-base-uncased	orig	8	see	pst	see__pst	To perceive by the eye.	seen	saw	prob	9	0.12794102728366852
bert-base-uncased	delta	8	see	pst	see__pst	To perceive by the eye.	seen	saw	prob	9	0.3225189745426178
bert-base-uncased	orig	9	see	pst	see__pst	To perceive by the eye.	seen	saw	prob	9	0.027369987219572067
bert-base-uncased	delta	9	see	pst	see__pst	To perceive by the eye.	seen	saw	prob	9	0.31629809737205505
bert-base-uncased	orig	10	see	pst	see__pst	To perceive by the eye.	seen	saw	prob	9	0.019943436607718468
bert-base-uncased	delta	10	see	pst	see__pst	To perceive by the eye.	seen	saw	prob	9	0.3205588757991791
bert-base-uncased	orig	11	see	pst	see__pst	To perceive by the eye.	seen	saw	prob	9	-0.015095542185008526
bert-base-uncased	delta	11	see	pst	see__pst	To perceive by the eye.	seen	saw	prob	9	0.332598477602005
bert-base-uncased	orig	12	see	pst	see__pst	To perceive by the eye.	seen	saw	prob	9	0.11373759806156158
bert-base-uncased	delta	12	see	pst	see__pst	To perceive by the eye.	seen	saw	prob	9	0.36882829666137695
bert-base-uncased	orig	0	see	pst	see__pst	To come to know. To discover.	seen	saw	no_cond	3	0.41371050477027893
bert-base-uncased	delta	0	see	pst	see__pst	To come to know. To discover.	seen	saw	no_cond	3	0.04782983660697937
bert-base-uncased	orig	1	see	pst	see__pst	To come to know. To discover.	seen	saw	no_cond	3	0.39273861050605774
bert-base-uncased	delta	1	see	pst	see__pst	To come to know. To discover.	seen	saw	no_cond	3	0.036319438368082047
bert-base-uncased	orig	2	see	pst	see__pst	To come to know. To discover.	seen	saw	no_cond	3	0.3903414309024811
bert-base-uncased	delta	2	see	pst	see__pst	To come to know. To discover.	seen	saw	no_cond	3	-0.05932706594467163
bert-base-uncased	orig	3	see	pst	see__pst	To come to know. To discover.	seen	saw	no_cond	3	0.36276888847351074
bert-base-uncased	delta	3	see	pst	see__pst	To come to know. To discover.	seen	saw	no_cond	3	0.001133287907578051
bert-base-uncased	orig	4	see	pst	see__pst	To come to know. To discover.	seen	saw	no_cond	3	0.3771935999393463
bert-base-uncased	delta	4	see	pst	see__pst	To come to know. To discover.	seen	saw	no_cond	3	-0.017398817464709282
bert-base-uncased	orig	5	see	pst	see__pst	To come to know. To discover.	seen	saw	no_cond	3	0.3835943639278412
bert-base-uncased	delta	5	see	pst	see__pst	To come to know. To discover.	seen	saw	no_cond	3	-0.015644710510969162
bert-base-uncased	orig	6	see	pst	see__pst	To come to know. To discover.	seen	saw	no_cond	3	0.39585673809051514
bert-base-uncased	delta	6	see	pst	see__pst	To come to know. To discover.	seen	saw	no_cond	3	-0.01011348981410265
bert-base-uncased	orig	7	see	pst	see__pst	To come to know. To discover.	seen	saw	no_cond	3	0.43152523040771484
bert-base-uncased	delta	7	see	pst	see__pst	To come to know. To discover.	seen	saw	no_cond	3	-0.0038117438089102507
bert-base-uncased	orig	8	see	pst	see__pst	To come to know. To discover.	seen	saw	no_cond	3	0.4604252874851227
bert-base-uncased	delta	8	see	pst	see__pst	To come to know. To discover.	seen	saw	no_cond	3	-0.026634827256202698
bert-base-uncased	orig	9	see	pst	see__pst	To come to know. To discover.	seen	saw	no_cond	3	0.4740149974822998
bert-base-uncased	delta	9	see	pst	see__pst	To come to know. To discover.	seen	saw	no_cond	3	-0.02989819645881653
bert-base-uncased	orig	10	see	pst	see__pst	To come to know. To discover.	seen	saw	no_cond	3	0.48371174931526184
bert-base-uncased	delta	10	see	pst	see__pst	To come to know. To discover.	seen	saw	no_cond	3	-0.04152481257915497
bert-base-uncased	orig	11	see	pst	see__pst	To come to know. To discover.	seen	saw	no_cond	3	0.47651705145835876
bert-base-uncased	delta	11	see	pst	see__pst	To come to know. To discover.	seen	saw	no_cond	3	-0.06606990098953247
bert-base-uncased	orig	12	see	pst	see__pst	To come to know. To discover.	seen	saw	no_cond	3	0.48699212074279785
bert-base-uncased	delta	12	see	pst	see__pst	To come to know. To discover.	seen	saw	no_cond	3	0.24105142056941986
bert-base-uncased	orig	0	sew	ppt	sew__ppt	To unite or fasten by stitches.	sewed	sewn	no_cond	4	0.22652572393417358
bert-base-uncased	delta	0	sew	ppt	sew__ppt	To unite or fasten by stitches.	sewed	sewn	no_cond	4	0.75
bert-base-uncased	orig	1	sew	ppt	sew__ppt	To unite or fasten by stitches.	sewed	sewn	no_cond	4	0.10486534237861633
bert-base-uncased	delta	1	sew	ppt	sew__ppt	To unite or fasten by stitches.	sewed	sewn	no_cond	4	0.7222644090652466
bert-base-uncased	orig	2	sew	ppt	sew__ppt	To unite or fasten by stitches.	sewed	sewn	no_cond	4	0.029189910739660263
bert-base-uncased	delta	2	sew	ppt	sew__ppt	To unite or fasten by stitches.	sewed	sewn	no_cond	4	0.6560820937156677
bert-base-uncased	orig	3	sew	ppt	sew__ppt	To unite or fasten by stitches.	sewed	sewn	no_cond	4	0.04700488597154617
bert-base-uncased	delta	3	sew	ppt	sew__ppt	To unite or fasten by stitches.	sewed	sewn	no_cond	4	0.629125714302063
bert-base-uncased	orig	4	sew	ppt	sew__ppt	To unite or fasten by stitches.	sewed	sewn	no_cond	4	-0.008558496832847595
bert-base-uncased	delta	4	sew	ppt	sew__ppt	To unite or fasten by stitches.	sewed	sewn	no_cond	4	0.5893126726150513
bert-base-uncased	orig	5	sew	ppt	sew__ppt	To unite or fasten by stitches.	sewed	sewn	no_cond	4	0.004362761974334717
bert-base-uncased	delta	5	sew	ppt	sew__ppt	To unite or fasten by stitches.	sewed	sewn	no_cond	4	0.5755307674407959
bert-base-uncased	orig	6	sew	ppt	sew__ppt	To unite or fasten by stitches.	sewed	sewn	no_cond	4	0.0027217157185077667
bert-base-uncased	delta	6	sew	ppt	sew__ppt	To unite or fasten by stitches.	sewed	sewn	no_cond	4	0.5981714129447937
bert-base-uncased	orig	7	sew	ppt	sew__ppt	To unite or fasten by stitches.	sewed	sewn	no_cond	4	0.004129575565457344
bert-base-uncased	delta	7	sew	ppt	sew__ppt	To unite or fasten by stitches.	sewed	sewn	no_cond	4	0.6128467917442322
bert-base-uncased	orig	8	sew	ppt	sew__ppt	To unite or fasten by stitches.	sewed	sewn	no_cond	4	-0.0002788826823234558
bert-base-uncased	delta	8	sew	ppt	sew__ppt	To unite or fasten by stitches.	sewed	sewn	no_cond	4	0.6198961734771729
bert-base-uncased	orig	9	sew	ppt	sew__ppt	To unite or fasten by stitches.	sewed	sewn	no_cond	4	-0.009627005085349083
bert-base-uncased	delta	9	sew	ppt	sew__ppt	To unite or fasten by stitches.	sewed	sewn	no_cond	4	0.6124299168586731
bert-base-uncased	orig	10	sew	ppt	sew__ppt	To unite or fasten by stitches.	sewed	sewn	no_cond	4	-0.030819302424788475
bert-base-uncased	delta	10	sew	ppt	sew__ppt	To unite or fasten by stitches.	sewed	sewn	no_cond	4	0.5994292497634888
bert-base-uncased	orig	11	sew	ppt	sew__ppt	To unite or fasten by stitches.	sewed	sewn	no_cond	4	-0.045658234506845474
bert-base-uncased	delta	11	sew	ppt	sew__ppt	To unite or fasten by stitches.	sewed	sewn	no_cond	4	0.5727781057357788
bert-base-uncased	orig	12	sew	ppt	sew__ppt	To unite or fasten by stitches.	sewed	sewn	no_cond	4	0.04940127953886986
bert-base-uncased	delta	12	sew	ppt	sew__ppt	To unite or fasten by stitches.	sewed	sewn	no_cond	4	0.5442746877670288
bert-base-uncased	orig	0	shake	ppt	shake__ppt	"To stir the feelings of. To upset. To agitate. ""shook her up"""	shook	shaken	no_cond	4	0.24688084423542023
bert-base-uncased	delta	0	shake	ppt	shake__ppt	"To stir the feelings of. To upset. To agitate. ""shook her up"""	shook	shaken	no_cond	4	0.28777453303337097
bert-base-uncased	orig	1	shake	ppt	shake__ppt	"To stir the feelings of. To upset. To agitate. ""shook her up"""	shook	shaken	no_cond	4	0.09243930876255035
bert-base-uncased	delta	1	shake	ppt	shake__ppt	"To stir the feelings of. To upset. To agitate. ""shook her up"""	shook	shaken	no_cond	4	0.19303211569786072
bert-base-uncased	orig	2	shake	ppt	shake__ppt	"To stir the feelings of. To upset. To agitate. ""shook her up"""	shook	shaken	no_cond	4	0.20469462871551514
bert-base-uncased	delta	2	shake	ppt	shake__ppt	"To stir the feelings of. To upset. To agitate. ""shook her up"""	shook	shaken	no_cond	4	0.41349589824676514
bert-base-uncased	orig	3	shake	ppt	shake__ppt	"To stir the feelings of. To upset. To agitate. ""shook her up"""	shook	shaken	no_cond	4	0.2972121834754944
bert-base-uncased	delta	3	shake	ppt	shake__ppt	"To stir the feelings of. To upset. To agitate. ""shook her up"""	shook	shaken	no_cond	4	0.4193636178970337
bert-base-uncased	orig	4	shake	ppt	shake__ppt	"To stir the feelings of. To upset. To agitate. ""shook her up"""	shook	shaken	no_cond	4	0.29073670506477356
bert-base-uncased	delta	4	shake	ppt	shake__ppt	"To stir the feelings of. To upset. To agitate. ""shook her up"""	shook	shaken	no_cond	4	0.390453040599823
bert-base-uncased	orig	5	shake	ppt	shake__ppt	"To stir the feelings of. To upset. To agitate. ""shook her up"""	shook	shaken	no_cond	4	0.30987244844436646
bert-base-uncased	delta	5	shake	ppt	shake__ppt	"To stir the feelings of. To upset. To agitate. ""shook her up"""	shook	shaken	no_cond	4	0.4153591990470886
bert-base-uncased	orig	6	shake	ppt	shake__ppt	"To stir the feelings of. To upset. To agitate. ""shook her up"""	shook	shaken	no_cond	4	0.3047526478767395
bert-base-uncased	delta	6	shake	ppt	shake__ppt	"To stir the feelings of. To upset. To agitate. ""shook her up"""	shook	shaken	no_cond	4	0.3783026337623596
bert-base-uncased	orig	7	shake	ppt	shake__ppt	"To stir the feelings of. To upset. To agitate. ""shook her up"""	shook	shaken	no_cond	4	0.25818532705307007
bert-base-uncased	delta	7	shake	ppt	shake__ppt	"To stir the feelings of. To upset. To agitate. ""shook her up"""	shook	shaken	no_cond	4	0.4418579638004303
bert-base-uncased	orig	8	shake	ppt	shake__ppt	"To stir the feelings of. To upset. To agitate. ""shook her up"""	shook	shaken	no_cond	4	0.24577459692955017
bert-base-uncased	delta	8	shake	ppt	shake__ppt	"To stir the feelings of. To upset. To agitate. ""shook her up"""	shook	shaken	no_cond	4	0.18675178289413452
bert-base-uncased	orig	9	shake	ppt	shake__ppt	"To stir the feelings of. To upset. To agitate. ""shook her up"""	shook	shaken	no_cond	4	0.26385849714279175
bert-base-uncased	delta	9	shake	ppt	shake__ppt	"To stir the feelings of. To upset. To agitate. ""shook her up"""	shook	shaken	no_cond	4	0.17905321717262268
bert-base-uncased	orig	10	shake	ppt	shake__ppt	"To stir the feelings of. To upset. To agitate. ""shook her up"""	shook	shaken	no_cond	4	0.2921881675720215
bert-base-uncased	delta	10	shake	ppt	shake__ppt	"To stir the feelings of. To upset. To agitate. ""shook her up"""	shook	shaken	no_cond	4	0.16384315490722656
bert-base-uncased	orig	11	shake	ppt	shake__ppt	"To stir the feelings of. To upset. To agitate. ""shook her up"""	shook	shaken	no_cond	4	0.2751399576663971
bert-base-uncased	delta	11	shake	ppt	shake__ppt	"To stir the feelings of. To upset. To agitate. ""shook her up"""	shook	shaken	no_cond	4	0.14624717831611633
bert-base-uncased	orig	12	shake	ppt	shake__ppt	"To stir the feelings of. To upset. To agitate. ""shook her up"""	shook	shaken	no_cond	4	0.25685355067253113
bert-base-uncased	delta	12	shake	ppt	shake__ppt	"To stir the feelings of. To upset. To agitate. ""shook her up"""	shook	shaken	no_cond	4	0.14180059731006622
bert-base-uncased	orig	0	shine	ppt	shine__ppt	To make bright by polishing	shone	shined	cat	7	0.26326897740364075
bert-base-uncased	delta	0	shine	ppt	shine__ppt	To make bright by polishing	shone	shined	cat	7	0.3849549889564514
bert-base-uncased	orig	1	shine	ppt	shine__ppt	To make bright by polishing	shone	shined	cat	7	0.12444337457418442
bert-base-uncased	delta	1	shine	ppt	shine__ppt	To make bright by polishing	shone	shined	cat	7	0.3356919288635254
bert-base-uncased	orig	2	shine	ppt	shine__ppt	To make bright by polishing	shone	shined	cat	7	0.15595927834510803
bert-base-uncased	delta	2	shine	ppt	shine__ppt	To make bright by polishing	shone	shined	cat	7	0.31878307461738586
bert-base-uncased	orig	3	shine	ppt	shine__ppt	To make bright by polishing	shone	shined	cat	7	0.23879091441631317
bert-base-uncased	delta	3	shine	ppt	shine__ppt	To make bright by polishing	shone	shined	cat	7	0.2803157567977905
bert-base-uncased	orig	4	shine	ppt	shine__ppt	To make bright by polishing	shone	shined	cat	7	0.3041815757751465
bert-base-uncased	delta	4	shine	ppt	shine__ppt	To make bright by polishing	shone	shined	cat	7	0.2657615542411804
bert-base-uncased	orig	5	shine	ppt	shine__ppt	To make bright by polishing	shone	shined	cat	7	0.3233810365200043
bert-base-uncased	delta	5	shine	ppt	shine__ppt	To make bright by polishing	shone	shined	cat	7	0.2257666438817978
bert-base-uncased	orig	6	shine	ppt	shine__ppt	To make bright by polishing	shone	shined	cat	7	0.37471434473991394
bert-base-uncased	delta	6	shine	ppt	shine__ppt	To make bright by polishing	shone	shined	cat	7	0.0784684270620346
bert-base-uncased	orig	7	shine	ppt	shine__ppt	To make bright by polishing	shone	shined	cat	7	0.42659276723861694
bert-base-uncased	delta	7	shine	ppt	shine__ppt	To make bright by polishing	shone	shined	cat	7	0.0757853165268898
bert-base-uncased	orig	8	shine	ppt	shine__ppt	To make bright by polishing	shone	shined	cat	7	0.4276922047138214
bert-base-uncased	delta	8	shine	ppt	shine__ppt	To make bright by polishing	shone	shined	cat	7	0.053215768188238144
bert-base-uncased	orig	9	shine	ppt	shine__ppt	To make bright by polishing	shone	shined	cat	7	0.4106769561767578
bert-base-uncased	delta	9	shine	ppt	shine__ppt	To make bright by polishing	shone	shined	cat	7	0.1244741901755333
bert-base-uncased	orig	10	shine	ppt	shine__ppt	To make bright by polishing	shone	shined	cat	7	0.3185236155986786
bert-base-uncased	delta	10	shine	ppt	shine__ppt	To make bright by polishing	shone	shined	cat	7	0.08585619926452637
bert-base-uncased	orig	11	shine	ppt	shine__ppt	To make bright by polishing	shone	shined	cat	7	0.31850749254226685
bert-base-uncased	delta	11	shine	ppt	shine__ppt	To make bright by polishing	shone	shined	cat	7	0.0569441094994545
bert-base-uncased	orig	12	shine	ppt	shine__ppt	To make bright by polishing	shone	shined	cat	7	0.3215321898460388
bert-base-uncased	delta	12	shine	ppt	shine__ppt	To make bright by polishing	shone	shined	cat	7	0.1741546094417572
bert-base-uncased	orig	0	show	ppt	show__ppt	"To cause or permit to be seen. To exhibit. ""showed pictures of the baby"""	shown	showed	no_cond	3	0.37028968334198
bert-base-uncased	delta	0	show	ppt	show__ppt	"To cause or permit to be seen. To exhibit. ""showed pictures of the baby"""	shown	showed	no_cond	3	0.6666666865348816
bert-base-uncased	orig	1	show	ppt	show__ppt	"To cause or permit to be seen. To exhibit. ""showed pictures of the baby"""	shown	showed	no_cond	3	0.3845074474811554
bert-base-uncased	delta	1	show	ppt	show__ppt	"To cause or permit to be seen. To exhibit. ""showed pictures of the baby"""	shown	showed	no_cond	3	0.5937272906303406
bert-base-uncased	orig	2	show	ppt	show__ppt	"To cause or permit to be seen. To exhibit. ""showed pictures of the baby"""	shown	showed	no_cond	3	0.3902498781681061
bert-base-uncased	delta	2	show	ppt	show__ppt	"To cause or permit to be seen. To exhibit. ""showed pictures of the baby"""	shown	showed	no_cond	3	0.5664487481117249
bert-base-uncased	orig	3	show	ppt	show__ppt	"To cause or permit to be seen. To exhibit. ""showed pictures of the baby"""	shown	showed	no_cond	3	0.3764230012893677
bert-base-uncased	delta	3	show	ppt	show__ppt	"To cause or permit to be seen. To exhibit. ""showed pictures of the baby"""	shown	showed	no_cond	3	0.5511536598205566
bert-base-uncased	orig	4	show	ppt	show__ppt	"To cause or permit to be seen. To exhibit. ""showed pictures of the baby"""	shown	showed	no_cond	3	0.4047647714614868
bert-base-uncased	delta	4	show	ppt	show__ppt	"To cause or permit to be seen. To exhibit. ""showed pictures of the baby"""	shown	showed	no_cond	3	0.5168578028678894
bert-base-uncased	orig	5	show	ppt	show__ppt	"To cause or permit to be seen. To exhibit. ""showed pictures of the baby"""	shown	showed	no_cond	3	0.411930650472641
bert-base-uncased	delta	5	show	ppt	show__ppt	"To cause or permit to be seen. To exhibit. ""showed pictures of the baby"""	shown	showed	no_cond	3	0.5027915835380554
bert-base-uncased	orig	6	show	ppt	show__ppt	"To cause or permit to be seen. To exhibit. ""showed pictures of the baby"""	shown	showed	no_cond	3	0.4411378800868988
bert-base-uncased	delta	6	show	ppt	show__ppt	"To cause or permit to be seen. To exhibit. ""showed pictures of the baby"""	shown	showed	no_cond	3	0.49445006251335144
bert-base-uncased	orig	7	show	ppt	show__ppt	"To cause or permit to be seen. To exhibit. ""showed pictures of the baby"""	shown	showed	no_cond	3	0.43698573112487793
bert-base-uncased	delta	7	show	ppt	show__ppt	"To cause or permit to be seen. To exhibit. ""showed pictures of the baby"""	shown	showed	no_cond	3	0.5229744911193848
bert-base-uncased	orig	8	show	ppt	show__ppt	"To cause or permit to be seen. To exhibit. ""showed pictures of the baby"""	shown	showed	no_cond	3	0.45185860991477966
bert-base-uncased	delta	8	show	ppt	show__ppt	"To cause or permit to be seen. To exhibit. ""showed pictures of the baby"""	shown	showed	no_cond	3	0.5310357213020325
bert-base-uncased	orig	9	show	ppt	show__ppt	"To cause or permit to be seen. To exhibit. ""showed pictures of the baby"""	shown	showed	no_cond	3	0.4820340573787689
bert-base-uncased	delta	9	show	ppt	show__ppt	"To cause or permit to be seen. To exhibit. ""showed pictures of the baby"""	shown	showed	no_cond	3	0.530254602432251
bert-base-uncased	orig	10	show	ppt	show__ppt	"To cause or permit to be seen. To exhibit. ""showed pictures of the baby"""	shown	showed	no_cond	3	0.5023736357688904
bert-base-uncased	delta	10	show	ppt	show__ppt	"To cause or permit to be seen. To exhibit. ""showed pictures of the baby"""	shown	showed	no_cond	3	0.4635362923145294
bert-base-uncased	orig	11	show	ppt	show__ppt	"To cause or permit to be seen. To exhibit. ""showed pictures of the baby"""	shown	showed	no_cond	3	0.5073722004890442
bert-base-uncased	delta	11	show	ppt	show__ppt	"To cause or permit to be seen. To exhibit. ""showed pictures of the baby"""	shown	showed	no_cond	3	0.41316595673561096
bert-base-uncased	orig	12	show	ppt	show__ppt	"To cause or permit to be seen. To exhibit. ""showed pictures of the baby"""	shown	showed	no_cond	3	0.5040770769119263
bert-base-uncased	delta	12	show	ppt	show__ppt	"To cause or permit to be seen. To exhibit. ""showed pictures of the baby"""	shown	showed	no_cond	3	0.35569247603416443
bert-base-uncased	orig	0	show	ppt	show__ppt	"To demonstrate or establish by argument or reasoning. ""show a plan to be faulty."	shown	showed	no_cond	3	0.34788182377815247
bert-base-uncased	delta	0	show	ppt	show__ppt	"To demonstrate or establish by argument or reasoning. ""show a plan to be faulty."	shown	showed	no_cond	3	0.23215079307556152
bert-base-uncased	orig	1	show	ppt	show__ppt	"To demonstrate or establish by argument or reasoning. ""show a plan to be faulty."	shown	showed	no_cond	3	0.23409098386764526
bert-base-uncased	delta	1	show	ppt	show__ppt	"To demonstrate or establish by argument or reasoning. ""show a plan to be faulty."	shown	showed	no_cond	3	0.0846296027302742
bert-base-uncased	orig	2	show	ppt	show__ppt	"To demonstrate or establish by argument or reasoning. ""show a plan to be faulty."	shown	showed	no_cond	3	0.11884614080190659
bert-base-uncased	delta	2	show	ppt	show__ppt	"To demonstrate or establish by argument or reasoning. ""show a plan to be faulty."	shown	showed	no_cond	3	0.10061594843864441
bert-base-uncased	orig	3	show	ppt	show__ppt	"To demonstrate or establish by argument or reasoning. ""show a plan to be faulty."	shown	showed	no_cond	3	0.11847096681594849
bert-base-uncased	delta	3	show	ppt	show__ppt	"To demonstrate or establish by argument or reasoning. ""show a plan to be faulty."	shown	showed	no_cond	3	0.16259582340717316
bert-base-uncased	orig	4	show	ppt	show__ppt	"To demonstrate or establish by argument or reasoning. ""show a plan to be faulty."	shown	showed	no_cond	3	0.1831071823835373
bert-base-uncased	delta	4	show	ppt	show__ppt	"To demonstrate or establish by argument or reasoning. ""show a plan to be faulty."	shown	showed	no_cond	3	0.13772346079349518
bert-base-uncased	orig	5	show	ppt	show__ppt	"To demonstrate or establish by argument or reasoning. ""show a plan to be faulty."	shown	showed	no_cond	3	0.18824712932109833
bert-base-uncased	delta	5	show	ppt	show__ppt	"To demonstrate or establish by argument or reasoning. ""show a plan to be faulty."	shown	showed	no_cond	3	0.07919546216726303
bert-base-uncased	orig	6	show	ppt	show__ppt	"To demonstrate or establish by argument or reasoning. ""show a plan to be faulty."	shown	showed	no_cond	3	0.21809427440166473
bert-base-uncased	delta	6	show	ppt	show__ppt	"To demonstrate or establish by argument or reasoning. ""show a plan to be faulty."	shown	showed	no_cond	3	0.1154000386595726
bert-base-uncased	orig	7	show	ppt	show__ppt	"To demonstrate or establish by argument or reasoning. ""show a plan to be faulty."	shown	showed	no_cond	3	0.22503624856472015
bert-base-uncased	delta	7	show	ppt	show__ppt	"To demonstrate or establish by argument or reasoning. ""show a plan to be faulty."	shown	showed	no_cond	3	0.03854186460375786
bert-base-uncased	orig	8	show	ppt	show__ppt	"To demonstrate or establish by argument or reasoning. ""show a plan to be faulty."	shown	showed	no_cond	3	0.1832602471113205
bert-base-uncased	delta	8	show	ppt	show__ppt	"To demonstrate or establish by argument or reasoning. ""show a plan to be faulty."	shown	showed	no_cond	3	0.015955785289406776
bert-base-uncased	orig	9	show	ppt	show__ppt	"To demonstrate or establish by argument or reasoning. ""show a plan to be faulty."	shown	showed	no_cond	3	0.17584729194641113
bert-base-uncased	delta	9	show	ppt	show__ppt	"To demonstrate or establish by argument or reasoning. ""show a plan to be faulty."	shown	showed	no_cond	3	0.00821660365909338
bert-base-uncased	orig	10	show	ppt	show__ppt	"To demonstrate or establish by argument or reasoning. ""show a plan to be faulty."	shown	showed	no_cond	3	0.18154628574848175
bert-base-uncased	delta	10	show	ppt	show__ppt	"To demonstrate or establish by argument or reasoning. ""show a plan to be faulty."	shown	showed	no_cond	3	0.052086640149354935
bert-base-uncased	orig	11	show	ppt	show__ppt	"To demonstrate or establish by argument or reasoning. ""show a plan to be faulty."	shown	showed	no_cond	3	0.1868828535079956
bert-base-uncased	delta	11	show	ppt	show__ppt	"To demonstrate or establish by argument or reasoning. ""show a plan to be faulty."	shown	showed	no_cond	3	0.04999876394867897
bert-base-uncased	orig	12	show	ppt	show__ppt	"To demonstrate or establish by argument or reasoning. ""show a plan to be faulty."	shown	showed	no_cond	3	0.24226342141628265
bert-base-uncased	delta	12	show	ppt	show__ppt	"To demonstrate or establish by argument or reasoning. ""show a plan to be faulty."	shown	showed	no_cond	3	0.04651883244514465
bert-base-uncased	orig	0	speak	pst	speak__pst	To utter words or articulate sounds with the ordinary voice. To talk.	spake	spoke	no_cond	4	0.5546537637710571
bert-base-uncased	delta	0	speak	pst	speak__pst	To utter words or articulate sounds with the ordinary voice. To talk.	spake	spoke	no_cond	4	0.3099360167980194
bert-base-uncased	orig	1	speak	pst	speak__pst	To utter words or articulate sounds with the ordinary voice. To talk.	spake	spoke	no_cond	4	0.5684703588485718
bert-base-uncased	delta	1	speak	pst	speak__pst	To utter words or articulate sounds with the ordinary voice. To talk.	spake	spoke	no_cond	4	0.4209692180156708
bert-base-uncased	orig	2	speak	pst	speak__pst	To utter words or articulate sounds with the ordinary voice. To talk.	spake	spoke	no_cond	4	0.5410586595535278
bert-base-uncased	delta	2	speak	pst	speak__pst	To utter words or articulate sounds with the ordinary voice. To talk.	spake	spoke	no_cond	4	0.42011314630508423
bert-base-uncased	orig	3	speak	pst	speak__pst	To utter words or articulate sounds with the ordinary voice. To talk.	spake	spoke	no_cond	4	0.5103676319122314
bert-base-uncased	delta	3	speak	pst	speak__pst	To utter words or articulate sounds with the ordinary voice. To talk.	spake	spoke	no_cond	4	0.4954851269721985
bert-base-uncased	orig	4	speak	pst	speak__pst	To utter words or articulate sounds with the ordinary voice. To talk.	spake	spoke	no_cond	4	0.48452386260032654
bert-base-uncased	delta	4	speak	pst	speak__pst	To utter words or articulate sounds with the ordinary voice. To talk.	spake	spoke	no_cond	4	0.5220974087715149
bert-base-uncased	orig	5	speak	pst	speak__pst	To utter words or articulate sounds with the ordinary voice. To talk.	spake	spoke	no_cond	4	0.46315574645996094
bert-base-uncased	delta	5	speak	pst	speak__pst	To utter words or articulate sounds with the ordinary voice. To talk.	spake	spoke	no_cond	4	0.5226576328277588
bert-base-uncased	orig	6	speak	pst	speak__pst	To utter words or articulate sounds with the ordinary voice. To talk.	spake	spoke	no_cond	4	0.429315984249115
bert-base-uncased	delta	6	speak	pst	speak__pst	To utter words or articulate sounds with the ordinary voice. To talk.	spake	spoke	no_cond	4	0.5070827007293701
bert-base-uncased	orig	7	speak	pst	speak__pst	To utter words or articulate sounds with the ordinary voice. To talk.	spake	spoke	no_cond	4	0.41596341133117676
bert-base-uncased	delta	7	speak	pst	speak__pst	To utter words or articulate sounds with the ordinary voice. To talk.	spake	spoke	no_cond	4	0.5009514093399048
bert-base-uncased	orig	8	speak	pst	speak__pst	To utter words or articulate sounds with the ordinary voice. To talk.	spake	spoke	no_cond	4	0.3882562518119812
bert-base-uncased	delta	8	speak	pst	speak__pst	To utter words or articulate sounds with the ordinary voice. To talk.	spake	spoke	no_cond	4	0.4490054249763489
bert-base-uncased	orig	9	speak	pst	speak__pst	To utter words or articulate sounds with the ordinary voice. To talk.	spake	spoke	no_cond	4	0.4074786305427551
bert-base-uncased	delta	9	speak	pst	speak__pst	To utter words or articulate sounds with the ordinary voice. To talk.	spake	spoke	no_cond	4	0.44075050950050354
bert-base-uncased	orig	10	speak	pst	speak__pst	To utter words or articulate sounds with the ordinary voice. To talk.	spake	spoke	no_cond	4	0.3989022970199585
bert-base-uncased	delta	10	speak	pst	speak__pst	To utter words or articulate sounds with the ordinary voice. To talk.	spake	spoke	no_cond	4	0.42644381523132324
bert-base-uncased	orig	11	speak	pst	speak__pst	To utter words or articulate sounds with the ordinary voice. To talk.	spake	spoke	no_cond	4	0.39417555928230286
bert-base-uncased	delta	11	speak	pst	speak__pst	To utter words or articulate sounds with the ordinary voice. To talk.	spake	spoke	no_cond	4	0.4069872498512268
bert-base-uncased	orig	12	speak	pst	speak__pst	To utter words or articulate sounds with the ordinary voice. To talk.	spake	spoke	no_cond	4	0.36252161860466003
bert-base-uncased	delta	12	speak	pst	speak__pst	To utter words or articulate sounds with the ordinary voice. To talk.	spake	spoke	no_cond	4	0.40472567081451416
bert-base-uncased	orig	0	spill	ppt	spill__ppt	To cause or allow especially accidentally or unintentionally to fall, flow, or r	spilt	spilled	no_cond	6	0.6585997939109802
bert-base-uncased	delta	0	spill	ppt	spill__ppt	To cause or allow especially accidentally or unintentionally to fall, flow, or r	spilt	spilled	no_cond	6	0.5306218266487122
bert-base-uncased	orig	1	spill	ppt	spill__ppt	To cause or allow especially accidentally or unintentionally to fall, flow, or r	spilt	spilled	no_cond	6	0.6501604914665222
bert-base-uncased	delta	1	spill	ppt	spill__ppt	To cause or allow especially accidentally or unintentionally to fall, flow, or r	spilt	spilled	no_cond	6	0.5755586624145508
bert-base-uncased	orig	2	spill	ppt	spill__ppt	To cause or allow especially accidentally or unintentionally to fall, flow, or r	spilt	spilled	no_cond	6	0.6586177945137024
bert-base-uncased	delta	2	spill	ppt	spill__ppt	To cause or allow especially accidentally or unintentionally to fall, flow, or r	spilt	spilled	no_cond	6	0.5982939600944519
bert-base-uncased	orig	3	spill	ppt	spill__ppt	To cause or allow especially accidentally or unintentionally to fall, flow, or r	spilt	spilled	no_cond	6	0.6317253708839417
bert-base-uncased	delta	3	spill	ppt	spill__ppt	To cause or allow especially accidentally or unintentionally to fall, flow, or r	spilt	spilled	no_cond	6	0.6182838082313538
bert-base-uncased	orig	4	spill	ppt	spill__ppt	To cause or allow especially accidentally or unintentionally to fall, flow, or r	spilt	spilled	no_cond	6	0.5707736611366272
bert-base-uncased	delta	4	spill	ppt	spill__ppt	To cause or allow especially accidentally or unintentionally to fall, flow, or r	spilt	spilled	no_cond	6	0.5758202075958252
bert-base-uncased	orig	5	spill	ppt	spill__ppt	To cause or allow especially accidentally or unintentionally to fall, flow, or r	spilt	spilled	no_cond	6	0.504779040813446
bert-base-uncased	delta	5	spill	ppt	spill__ppt	To cause or allow especially accidentally or unintentionally to fall, flow, or r	spilt	spilled	no_cond	6	0.5453843474388123
bert-base-uncased	orig	6	spill	ppt	spill__ppt	To cause or allow especially accidentally or unintentionally to fall, flow, or r	spilt	spilled	no_cond	6	0.465738445520401
bert-base-uncased	delta	6	spill	ppt	spill__ppt	To cause or allow especially accidentally or unintentionally to fall, flow, or r	spilt	spilled	no_cond	6	0.5442453622817993
bert-base-uncased	orig	7	spill	ppt	spill__ppt	To cause or allow especially accidentally or unintentionally to fall, flow, or r	spilt	spilled	no_cond	6	0.4115227460861206
bert-base-uncased	delta	7	spill	ppt	spill__ppt	To cause or allow especially accidentally or unintentionally to fall, flow, or r	spilt	spilled	no_cond	6	0.539424479007721
bert-base-uncased	orig	8	spill	ppt	spill__ppt	To cause or allow especially accidentally or unintentionally to fall, flow, or r	spilt	spilled	no_cond	6	0.34174594283103943
bert-base-uncased	delta	8	spill	ppt	spill__ppt	To cause or allow especially accidentally or unintentionally to fall, flow, or r	spilt	spilled	no_cond	6	0.5264615416526794
bert-base-uncased	orig	9	spill	ppt	spill__ppt	To cause or allow especially accidentally or unintentionally to fall, flow, or r	spilt	spilled	no_cond	6	0.31134292483329773
bert-base-uncased	delta	9	spill	ppt	spill__ppt	To cause or allow especially accidentally or unintentionally to fall, flow, or r	spilt	spilled	no_cond	6	0.5203534364700317
bert-base-uncased	orig	10	spill	ppt	spill__ppt	To cause or allow especially accidentally or unintentionally to fall, flow, or r	spilt	spilled	no_cond	6	0.2830481231212616
bert-base-uncased	delta	10	spill	ppt	spill__ppt	To cause or allow especially accidentally or unintentionally to fall, flow, or r	spilt	spilled	no_cond	6	0.5161038041114807
bert-base-uncased	orig	11	spill	ppt	spill__ppt	To cause or allow especially accidentally or unintentionally to fall, flow, or r	spilt	spilled	no_cond	6	0.25869470834732056
bert-base-uncased	delta	11	spill	ppt	spill__ppt	To cause or allow especially accidentally or unintentionally to fall, flow, or r	spilt	spilled	no_cond	6	0.48202118277549744
bert-base-uncased	orig	12	spill	ppt	spill__ppt	To cause or allow especially accidentally or unintentionally to fall, flow, or r	spilt	spilled	no_cond	6	0.28744807839393616
bert-base-uncased	delta	12	spill	ppt	spill__ppt	To cause or allow especially accidentally or unintentionally to fall, flow, or r	spilt	spilled	no_cond	6	0.469753623008728
bert-base-uncased	orig	0	spill	pst	spill__pst	To cause or allow especially accidentally or unintentionally to fall, flow, or r	spilt	spilled	prob	3	0.4915998876094818
bert-base-uncased	delta	0	spill	pst	spill__pst	To cause or allow especially accidentally or unintentionally to fall, flow, or r	spilt	spilled	prob	3	0.14803940057754517
bert-base-uncased	orig	1	spill	pst	spill__pst	To cause or allow especially accidentally or unintentionally to fall, flow, or r	spilt	spilled	prob	3	0.5069990754127502
bert-base-uncased	delta	1	spill	pst	spill__pst	To cause or allow especially accidentally or unintentionally to fall, flow, or r	spilt	spilled	prob	3	0.26201578974723816
bert-base-uncased	orig	2	spill	pst	spill__pst	To cause or allow especially accidentally or unintentionally to fall, flow, or r	spilt	spilled	prob	3	0.5144051909446716
bert-base-uncased	delta	2	spill	pst	spill__pst	To cause or allow especially accidentally or unintentionally to fall, flow, or r	spilt	spilled	prob	3	0.35535088181495667
bert-base-uncased	orig	3	spill	pst	spill__pst	To cause or allow especially accidentally or unintentionally to fall, flow, or r	spilt	spilled	prob	3	0.5009570717811584
bert-base-uncased	delta	3	spill	pst	spill__pst	To cause or allow especially accidentally or unintentionally to fall, flow, or r	spilt	spilled	prob	3	0.392965167760849
bert-base-uncased	orig	4	spill	pst	spill__pst	To cause or allow especially accidentally or unintentionally to fall, flow, or r	spilt	spilled	prob	3	0.4764019250869751
bert-base-uncased	delta	4	spill	pst	spill__pst	To cause or allow especially accidentally or unintentionally to fall, flow, or r	spilt	spilled	prob	3	0.3854752480983734
bert-base-uncased	orig	5	spill	pst	spill__pst	To cause or allow especially accidentally or unintentionally to fall, flow, or r	spilt	spilled	prob	3	0.4566885232925415
bert-base-uncased	delta	5	spill	pst	spill__pst	To cause or allow especially accidentally or unintentionally to fall, flow, or r	spilt	spilled	prob	3	0.38359642028808594
bert-base-uncased	orig	6	spill	pst	spill__pst	To cause or allow especially accidentally or unintentionally to fall, flow, or r	spilt	spilled	prob	3	0.43133464455604553
bert-base-uncased	delta	6	spill	pst	spill__pst	To cause or allow especially accidentally or unintentionally to fall, flow, or r	spilt	spilled	prob	3	0.36444053053855896
bert-base-uncased	orig	7	spill	pst	spill__pst	To cause or allow especially accidentally or unintentionally to fall, flow, or r	spilt	spilled	prob	3	0.43186327815055847
bert-base-uncased	delta	7	spill	pst	spill__pst	To cause or allow especially accidentally or unintentionally to fall, flow, or r	spilt	spilled	prob	3	0.3772697448730469
bert-base-uncased	orig	8	spill	pst	spill__pst	To cause or allow especially accidentally or unintentionally to fall, flow, or r	spilt	spilled	prob	3	0.42862987518310547
bert-base-uncased	delta	8	spill	pst	spill__pst	To cause or allow especially accidentally or unintentionally to fall, flow, or r	spilt	spilled	prob	3	0.3528013229370117
bert-base-uncased	orig	9	spill	pst	spill__pst	To cause or allow especially accidentally or unintentionally to fall, flow, or r	spilt	spilled	prob	3	0.44139957427978516
bert-base-uncased	delta	9	spill	pst	spill__pst	To cause or allow especially accidentally or unintentionally to fall, flow, or r	spilt	spilled	prob	3	0.33243870735168457
bert-base-uncased	orig	10	spill	pst	spill__pst	To cause or allow especially accidentally or unintentionally to fall, flow, or r	spilt	spilled	prob	3	0.4484475553035736
bert-base-uncased	delta	10	spill	pst	spill__pst	To cause or allow especially accidentally or unintentionally to fall, flow, or r	spilt	spilled	prob	3	0.33584854006767273
bert-base-uncased	orig	11	spill	pst	spill__pst	To cause or allow especially accidentally or unintentionally to fall, flow, or r	spilt	spilled	prob	3	0.43567296862602234
bert-base-uncased	delta	11	spill	pst	spill__pst	To cause or allow especially accidentally or unintentionally to fall, flow, or r	spilt	spilled	prob	3	0.3366159200668335
bert-base-uncased	orig	12	spill	pst	spill__pst	To cause or allow especially accidentally or unintentionally to fall, flow, or r	spilt	spilled	prob	3	0.45089372992515564
bert-base-uncased	delta	12	spill	pst	spill__pst	To cause or allow especially accidentally or unintentionally to fall, flow, or r	spilt	spilled	prob	3	0.3426729142665863
bert-base-uncased	orig	0	spit	ppt	spit__ppt	To eject saliva as an expression of aversion or contempt.	spit	spat	no_cond	6	0.6175426840782166
bert-base-uncased	delta	0	spit	ppt	spit__ppt	To eject saliva as an expression of aversion or contempt.	spit	spat	no_cond	6	0.29675161838531494
bert-base-uncased	orig	1	spit	ppt	spit__ppt	To eject saliva as an expression of aversion or contempt.	spit	spat	no_cond	6	0.031076565384864807
bert-base-uncased	delta	1	spit	ppt	spit__ppt	To eject saliva as an expression of aversion or contempt.	spit	spat	no_cond	6	0.2512437403202057
bert-base-uncased	orig	2	spit	ppt	spit__ppt	To eject saliva as an expression of aversion or contempt.	spit	spat	no_cond	6	0.13958249986171722
bert-base-uncased	delta	2	spit	ppt	spit__ppt	To eject saliva as an expression of aversion or contempt.	spit	spat	no_cond	6	0.1585531085729599
bert-base-uncased	orig	3	spit	ppt	spit__ppt	To eject saliva as an expression of aversion or contempt.	spit	spat	no_cond	6	0.2249513417482376
bert-base-uncased	delta	3	spit	ppt	spit__ppt	To eject saliva as an expression of aversion or contempt.	spit	spat	no_cond	6	0.149119034409523
bert-base-uncased	orig	4	spit	ppt	spit__ppt	To eject saliva as an expression of aversion or contempt.	spit	spat	no_cond	6	0.263752818107605
bert-base-uncased	delta	4	spit	ppt	spit__ppt	To eject saliva as an expression of aversion or contempt.	spit	spat	no_cond	6	0.11079268902540207
bert-base-uncased	orig	5	spit	ppt	spit__ppt	To eject saliva as an expression of aversion or contempt.	spit	spat	no_cond	6	0.22152970731258392
bert-base-uncased	delta	5	spit	ppt	spit__ppt	To eject saliva as an expression of aversion or contempt.	spit	spat	no_cond	6	0.19762249290943146
bert-base-uncased	orig	6	spit	ppt	spit__ppt	To eject saliva as an expression of aversion or contempt.	spit	spat	no_cond	6	0.2148393839597702
bert-base-uncased	delta	6	spit	ppt	spit__ppt	To eject saliva as an expression of aversion or contempt.	spit	spat	no_cond	6	0.1737537980079651
bert-base-uncased	orig	7	spit	ppt	spit__ppt	To eject saliva as an expression of aversion or contempt.	spit	spat	no_cond	6	0.27066147327423096
bert-base-uncased	delta	7	spit	ppt	spit__ppt	To eject saliva as an expression of aversion or contempt.	spit	spat	no_cond	6	0.2127644270658493
bert-base-uncased	orig	8	spit	ppt	spit__ppt	To eject saliva as an expression of aversion or contempt.	spit	spat	no_cond	6	0.28069791197776794
bert-base-uncased	delta	8	spit	ppt	spit__ppt	To eject saliva as an expression of aversion or contempt.	spit	spat	no_cond	6	0.20326925814151764
bert-base-uncased	orig	9	spit	ppt	spit__ppt	To eject saliva as an expression of aversion or contempt.	spit	spat	no_cond	6	0.3340475559234619
bert-base-uncased	delta	9	spit	ppt	spit__ppt	To eject saliva as an expression of aversion or contempt.	spit	spat	no_cond	6	0.21213911473751068
bert-base-uncased	orig	10	spit	ppt	spit__ppt	To eject saliva as an expression of aversion or contempt.	spit	spat	no_cond	6	0.3517542779445648
bert-base-uncased	delta	10	spit	ppt	spit__ppt	To eject saliva as an expression of aversion or contempt.	spit	spat	no_cond	6	0.1793135553598404
bert-base-uncased	orig	11	spit	ppt	spit__ppt	To eject saliva as an expression of aversion or contempt.	spit	spat	no_cond	6	0.3539689779281616
bert-base-uncased	delta	11	spit	ppt	spit__ppt	To eject saliva as an expression of aversion or contempt.	spit	spat	no_cond	6	0.1388256996870041
bert-base-uncased	orig	12	spit	ppt	spit__ppt	To eject saliva as an expression of aversion or contempt.	spit	spat	no_cond	6	0.3447200357913971
bert-base-uncased	delta	12	spit	ppt	spit__ppt	To eject saliva as an expression of aversion or contempt.	spit	spat	no_cond	6	0.1633138209581375
bert-base-uncased	orig	0	spit	pst	spit__pst	To eject saliva as an expression of aversion or contempt.	spit	spat	no_cond	5	0.29614394903182983
bert-base-uncased	delta	0	spit	pst	spit__pst	To eject saliva as an expression of aversion or contempt.	spit	spat	no_cond	5	0.800000011920929
bert-base-uncased	orig	1	spit	pst	spit__pst	To eject saliva as an expression of aversion or contempt.	spit	spat	no_cond	5	0.09311921149492264
bert-base-uncased	delta	1	spit	pst	spit__pst	To eject saliva as an expression of aversion or contempt.	spit	spat	no_cond	5	0.7606105804443359
bert-base-uncased	orig	2	spit	pst	spit__pst	To eject saliva as an expression of aversion or contempt.	spit	spat	no_cond	5	-0.006943863816559315
bert-base-uncased	delta	2	spit	pst	spit__pst	To eject saliva as an expression of aversion or contempt.	spit	spat	no_cond	5	0.725814163684845
bert-base-uncased	orig	3	spit	pst	spit__pst	To eject saliva as an expression of aversion or contempt.	spit	spat	no_cond	5	0.050730347633361816
bert-base-uncased	delta	3	spit	pst	spit__pst	To eject saliva as an expression of aversion or contempt.	spit	spat	no_cond	5	0.7296091914176941
bert-base-uncased	orig	4	spit	pst	spit__pst	To eject saliva as an expression of aversion or contempt.	spit	spat	no_cond	5	0.0716136023402214
bert-base-uncased	delta	4	spit	pst	spit__pst	To eject saliva as an expression of aversion or contempt.	spit	spat	no_cond	5	0.6523234844207764
bert-base-uncased	orig	5	spit	pst	spit__pst	To eject saliva as an expression of aversion or contempt.	spit	spat	no_cond	5	0.06875526905059814
bert-base-uncased	delta	5	spit	pst	spit__pst	To eject saliva as an expression of aversion or contempt.	spit	spat	no_cond	5	0.6069415211677551
bert-base-uncased	orig	6	spit	pst	spit__pst	To eject saliva as an expression of aversion or contempt.	spit	spat	no_cond	5	0.06583940237760544
bert-base-uncased	delta	6	spit	pst	spit__pst	To eject saliva as an expression of aversion or contempt.	spit	spat	no_cond	5	0.6146447658538818
bert-base-uncased	orig	7	spit	pst	spit__pst	To eject saliva as an expression of aversion or contempt.	spit	spat	no_cond	5	0.06896193325519562
bert-base-uncased	delta	7	spit	pst	spit__pst	To eject saliva as an expression of aversion or contempt.	spit	spat	no_cond	5	0.626787006855011
bert-base-uncased	orig	8	spit	pst	spit__pst	To eject saliva as an expression of aversion or contempt.	spit	spat	no_cond	5	0.04967794567346573
bert-base-uncased	delta	8	spit	pst	spit__pst	To eject saliva as an expression of aversion or contempt.	spit	spat	no_cond	5	0.6417716145515442
bert-base-uncased	orig	9	spit	pst	spit__pst	To eject saliva as an expression of aversion or contempt.	spit	spat	no_cond	5	0.019862180575728416
bert-base-uncased	delta	9	spit	pst	spit__pst	To eject saliva as an expression of aversion or contempt.	spit	spat	no_cond	5	0.6335024833679199
bert-base-uncased	orig	10	spit	pst	spit__pst	To eject saliva as an expression of aversion or contempt.	spit	spat	no_cond	5	0.032104820013046265
bert-base-uncased	delta	10	spit	pst	spit__pst	To eject saliva as an expression of aversion or contempt.	spit	spat	no_cond	5	0.620660126209259
bert-base-uncased	orig	11	spit	pst	spit__pst	To eject saliva as an expression of aversion or contempt.	spit	spat	no_cond	5	0.021989410743117332
bert-base-uncased	delta	11	spit	pst	spit__pst	To eject saliva as an expression of aversion or contempt.	spit	spat	no_cond	5	0.6024426221847534
bert-base-uncased	orig	12	spit	pst	spit__pst	To eject saliva as an expression of aversion or contempt.	spit	spat	no_cond	5	0.08222810178995132
bert-base-uncased	delta	12	spit	pst	spit__pst	To eject saliva as an expression of aversion or contempt.	spit	spat	no_cond	5	0.6027577519416809
bert-base-uncased	orig	0	spit	pst	spit__pst	To eject matter (such as salive) from the mouth. To expectorate.	spit	spat	no_cond	6	0.60614013671875
bert-base-uncased	delta	0	spit	pst	spit__pst	To eject matter (such as salive) from the mouth. To expectorate.	spit	spat	no_cond	6	0.43639910221099854
bert-base-uncased	orig	1	spit	pst	spit__pst	To eject matter (such as salive) from the mouth. To expectorate.	spit	spat	no_cond	6	0.4804562032222748
bert-base-uncased	delta	1	spit	pst	spit__pst	To eject matter (such as salive) from the mouth. To expectorate.	spit	spat	no_cond	6	0.16549696028232574
bert-base-uncased	orig	2	spit	pst	spit__pst	To eject matter (such as salive) from the mouth. To expectorate.	spit	spat	no_cond	6	0.4117930829524994
bert-base-uncased	delta	2	spit	pst	spit__pst	To eject matter (such as salive) from the mouth. To expectorate.	spit	spat	no_cond	6	0.12254666537046432
bert-base-uncased	orig	3	spit	pst	spit__pst	To eject matter (such as salive) from the mouth. To expectorate.	spit	spat	no_cond	6	0.33258697390556335
bert-base-uncased	delta	3	spit	pst	spit__pst	To eject matter (such as salive) from the mouth. To expectorate.	spit	spat	no_cond	6	0.10523292422294617
bert-base-uncased	orig	4	spit	pst	spit__pst	To eject matter (such as salive) from the mouth. To expectorate.	spit	spat	no_cond	6	0.28091397881507874
bert-base-uncased	delta	4	spit	pst	spit__pst	To eject matter (such as salive) from the mouth. To expectorate.	spit	spat	no_cond	6	0.04254109784960747
bert-base-uncased	orig	5	spit	pst	spit__pst	To eject matter (such as salive) from the mouth. To expectorate.	spit	spat	no_cond	6	0.25726184248924255
bert-base-uncased	delta	5	spit	pst	spit__pst	To eject matter (such as salive) from the mouth. To expectorate.	spit	spat	no_cond	6	0.007443362846970558
bert-base-uncased	orig	6	spit	pst	spit__pst	To eject matter (such as salive) from the mouth. To expectorate.	spit	spat	no_cond	6	0.2171138972043991
bert-base-uncased	delta	6	spit	pst	spit__pst	To eject matter (such as salive) from the mouth. To expectorate.	spit	spat	no_cond	6	0.021739577874541283
bert-base-uncased	orig	7	spit	pst	spit__pst	To eject matter (such as salive) from the mouth. To expectorate.	spit	spat	no_cond	6	0.22847449779510498
bert-base-uncased	delta	7	spit	pst	spit__pst	To eject matter (such as salive) from the mouth. To expectorate.	spit	spat	no_cond	6	0.02744615636765957
bert-base-uncased	orig	8	spit	pst	spit__pst	To eject matter (such as salive) from the mouth. To expectorate.	spit	spat	no_cond	6	0.2550811469554901
bert-base-uncased	delta	8	spit	pst	spit__pst	To eject matter (such as salive) from the mouth. To expectorate.	spit	spat	no_cond	6	0.04838508740067482
bert-base-uncased	orig	9	spit	pst	spit__pst	To eject matter (such as salive) from the mouth. To expectorate.	spit	spat	no_cond	6	0.22070197761058807
bert-base-uncased	delta	9	spit	pst	spit__pst	To eject matter (such as salive) from the mouth. To expectorate.	spit	spat	no_cond	6	0.07746347039937973
bert-base-uncased	orig	10	spit	pst	spit__pst	To eject matter (such as salive) from the mouth. To expectorate.	spit	spat	no_cond	6	0.18564534187316895
bert-base-uncased	delta	10	spit	pst	spit__pst	To eject matter (such as salive) from the mouth. To expectorate.	spit	spat	no_cond	6	0.08404147624969482
bert-base-uncased	orig	11	spit	pst	spit__pst	To eject matter (such as salive) from the mouth. To expectorate.	spit	spat	no_cond	6	0.18447233736515045
bert-base-uncased	delta	11	spit	pst	spit__pst	To eject matter (such as salive) from the mouth. To expectorate.	spit	spat	no_cond	6	0.09437999129295349
bert-base-uncased	orig	12	spit	pst	spit__pst	To eject matter (such as salive) from the mouth. To expectorate.	spit	spat	no_cond	6	0.196334108710289
bert-base-uncased	delta	12	spit	pst	spit__pst	To eject matter (such as salive) from the mouth. To expectorate.	spit	spat	no_cond	6	0.1165979728102684
bert-base-uncased	orig	0	tear	ppt	tear__ppt	"To remove by force. To wrench. Often used with 'off'. ""tear a cover off a box"""	tore	torn	no_cond	3	0.4443090260028839
bert-base-uncased	delta	0	tear	ppt	tear__ppt	"To remove by force. To wrench. Often used with 'off'. ""tear a cover off a box"""	tore	torn	no_cond	3	0.0766090452671051
bert-base-uncased	orig	1	tear	ppt	tear__ppt	"To remove by force. To wrench. Often used with 'off'. ""tear a cover off a box"""	tore	torn	no_cond	3	0.4414084851741791
bert-base-uncased	delta	1	tear	ppt	tear__ppt	"To remove by force. To wrench. Often used with 'off'. ""tear a cover off a box"""	tore	torn	no_cond	3	-0.006971051450818777
bert-base-uncased	orig	2	tear	ppt	tear__ppt	"To remove by force. To wrench. Often used with 'off'. ""tear a cover off a box"""	tore	torn	no_cond	3	0.421365886926651
bert-base-uncased	delta	2	tear	ppt	tear__ppt	"To remove by force. To wrench. Often used with 'off'. ""tear a cover off a box"""	tore	torn	no_cond	3	0.2993185222148895
bert-base-uncased	orig	3	tear	ppt	tear__ppt	"To remove by force. To wrench. Often used with 'off'. ""tear a cover off a box"""	tore	torn	no_cond	3	0.3795969486236572
bert-base-uncased	delta	3	tear	ppt	tear__ppt	"To remove by force. To wrench. Often used with 'off'. ""tear a cover off a box"""	tore	torn	no_cond	3	0.39225324988365173
bert-base-uncased	orig	4	tear	ppt	tear__ppt	"To remove by force. To wrench. Often used with 'off'. ""tear a cover off a box"""	tore	torn	no_cond	3	0.38986602425575256
bert-base-uncased	delta	4	tear	ppt	tear__ppt	"To remove by force. To wrench. Often used with 'off'. ""tear a cover off a box"""	tore	torn	no_cond	3	0.3556636869907379
bert-base-uncased	orig	5	tear	ppt	tear__ppt	"To remove by force. To wrench. Often used with 'off'. ""tear a cover off a box"""	tore	torn	no_cond	3	0.39097607135772705
bert-base-uncased	delta	5	tear	ppt	tear__ppt	"To remove by force. To wrench. Often used with 'off'. ""tear a cover off a box"""	tore	torn	no_cond	3	0.33135512471199036
bert-base-uncased	orig	6	tear	ppt	tear__ppt	"To remove by force. To wrench. Often used with 'off'. ""tear a cover off a box"""	tore	torn	no_cond	3	0.35935017466545105
bert-base-uncased	delta	6	tear	ppt	tear__ppt	"To remove by force. To wrench. Often used with 'off'. ""tear a cover off a box"""	tore	torn	no_cond	3	0.3402602970600128
bert-base-uncased	orig	7	tear	ppt	tear__ppt	"To remove by force. To wrench. Often used with 'off'. ""tear a cover off a box"""	tore	torn	no_cond	3	0.3324780762195587
bert-base-uncased	delta	7	tear	ppt	tear__ppt	"To remove by force. To wrench. Often used with 'off'. ""tear a cover off a box"""	tore	torn	no_cond	3	0.37411919236183167
bert-base-uncased	orig	8	tear	ppt	tear__ppt	"To remove by force. To wrench. Often used with 'off'. ""tear a cover off a box"""	tore	torn	no_cond	3	0.30866625905036926
bert-base-uncased	delta	8	tear	ppt	tear__ppt	"To remove by force. To wrench. Often used with 'off'. ""tear a cover off a box"""	tore	torn	no_cond	3	0.36726441979408264
bert-base-uncased	orig	9	tear	ppt	tear__ppt	"To remove by force. To wrench. Often used with 'off'. ""tear a cover off a box"""	tore	torn	no_cond	3	0.29677703976631165
bert-base-uncased	delta	9	tear	ppt	tear__ppt	"To remove by force. To wrench. Often used with 'off'. ""tear a cover off a box"""	tore	torn	no_cond	3	0.4098796546459198
bert-base-uncased	orig	10	tear	ppt	tear__ppt	"To remove by force. To wrench. Often used with 'off'. ""tear a cover off a box"""	tore	torn	no_cond	3	0.30609601736068726
bert-base-uncased	delta	10	tear	ppt	tear__ppt	"To remove by force. To wrench. Often used with 'off'. ""tear a cover off a box"""	tore	torn	no_cond	3	0.460477739572525
bert-base-uncased	orig	11	tear	ppt	tear__ppt	"To remove by force. To wrench. Often used with 'off'. ""tear a cover off a box"""	tore	torn	no_cond	3	0.32748255133628845
bert-base-uncased	delta	11	tear	ppt	tear__ppt	"To remove by force. To wrench. Often used with 'off'. ""tear a cover off a box"""	tore	torn	no_cond	3	0.49277886748313904
bert-base-uncased	orig	12	tear	ppt	tear__ppt	"To remove by force. To wrench. Often used with 'off'. ""tear a cover off a box"""	tore	torn	no_cond	3	0.3381873667240143
bert-base-uncased	delta	12	tear	ppt	tear__ppt	"To remove by force. To wrench. Often used with 'off'. ""tear a cover off a box"""	tore	torn	no_cond	3	0.49271106719970703
bert-base-uncased	orig	0	tear	ppt	tear__ppt	"To damage, remove, or effect an opening in. ""tore up the street to lay a new wat"	tore	torn	no_cond	4	0.08037976920604706
bert-base-uncased	delta	0	tear	ppt	tear__ppt	"To damage, remove, or effect an opening in. ""tore up the street to lay a new wat"	tore	torn	no_cond	4	0.007598394528031349
bert-base-uncased	orig	1	tear	ppt	tear__ppt	"To damage, remove, or effect an opening in. ""tore up the street to lay a new wat"	tore	torn	no_cond	4	0.19081895053386688
bert-base-uncased	delta	1	tear	ppt	tear__ppt	"To damage, remove, or effect an opening in. ""tore up the street to lay a new wat"	tore	torn	no_cond	4	0.04562809318304062
bert-base-uncased	orig	2	tear	ppt	tear__ppt	"To damage, remove, or effect an opening in. ""tore up the street to lay a new wat"	tore	torn	no_cond	4	0.17350496351718903
bert-base-uncased	delta	2	tear	ppt	tear__ppt	"To damage, remove, or effect an opening in. ""tore up the street to lay a new wat"	tore	torn	no_cond	4	0.09573874622583389
bert-base-uncased	orig	3	tear	ppt	tear__ppt	"To damage, remove, or effect an opening in. ""tore up the street to lay a new wat"	tore	torn	no_cond	4	-0.030211394652724266
bert-base-uncased	delta	3	tear	ppt	tear__ppt	"To damage, remove, or effect an opening in. ""tore up the street to lay a new wat"	tore	torn	no_cond	4	0.1929219365119934
bert-base-uncased	orig	4	tear	ppt	tear__ppt	"To damage, remove, or effect an opening in. ""tore up the street to lay a new wat"	tore	torn	no_cond	4	0.16850318014621735
bert-base-uncased	delta	4	tear	ppt	tear__ppt	"To damage, remove, or effect an opening in. ""tore up the street to lay a new wat"	tore	torn	no_cond	4	0.21033956110477448
bert-base-uncased	orig	5	tear	ppt	tear__ppt	"To damage, remove, or effect an opening in. ""tore up the street to lay a new wat"	tore	torn	no_cond	4	0.21726590394973755
bert-base-uncased	delta	5	tear	ppt	tear__ppt	"To damage, remove, or effect an opening in. ""tore up the street to lay a new wat"	tore	torn	no_cond	4	0.1780214011669159
bert-base-uncased	orig	6	tear	ppt	tear__ppt	"To damage, remove, or effect an opening in. ""tore up the street to lay a new wat"	tore	torn	no_cond	4	0.23148217797279358
bert-base-uncased	delta	6	tear	ppt	tear__ppt	"To damage, remove, or effect an opening in. ""tore up the street to lay a new wat"	tore	torn	no_cond	4	0.20792043209075928
bert-base-uncased	orig	7	tear	ppt	tear__ppt	"To damage, remove, or effect an opening in. ""tore up the street to lay a new wat"	tore	torn	no_cond	4	0.25155213475227356
bert-base-uncased	delta	7	tear	ppt	tear__ppt	"To damage, remove, or effect an opening in. ""tore up the street to lay a new wat"	tore	torn	no_cond	4	0.23873676359653473
bert-base-uncased	orig	8	tear	ppt	tear__ppt	"To damage, remove, or effect an opening in. ""tore up the street to lay a new wat"	tore	torn	no_cond	4	0.2736392617225647
bert-base-uncased	delta	8	tear	ppt	tear__ppt	"To damage, remove, or effect an opening in. ""tore up the street to lay a new wat"	tore	torn	no_cond	4	0.22491136193275452
bert-base-uncased	orig	9	tear	ppt	tear__ppt	"To damage, remove, or effect an opening in. ""tore up the street to lay a new wat"	tore	torn	no_cond	4	0.32429298758506775
bert-base-uncased	delta	9	tear	ppt	tear__ppt	"To damage, remove, or effect an opening in. ""tore up the street to lay a new wat"	tore	torn	no_cond	4	0.206727996468544
bert-base-uncased	orig	10	tear	ppt	tear__ppt	"To damage, remove, or effect an opening in. ""tore up the street to lay a new wat"	tore	torn	no_cond	4	0.33746302127838135
bert-base-uncased	delta	10	tear	ppt	tear__ppt	"To damage, remove, or effect an opening in. ""tore up the street to lay a new wat"	tore	torn	no_cond	4	0.15913362801074982
bert-base-uncased	orig	11	tear	ppt	tear__ppt	"To damage, remove, or effect an opening in. ""tore up the street to lay a new wat"	tore	torn	no_cond	4	0.32235825061798096
bert-base-uncased	delta	11	tear	ppt	tear__ppt	"To damage, remove, or effect an opening in. ""tore up the street to lay a new wat"	tore	torn	no_cond	4	0.14257581532001495
bert-base-uncased	orig	12	tear	ppt	tear__ppt	"To damage, remove, or effect an opening in. ""tore up the street to lay a new wat"	tore	torn	no_cond	4	0.3552990257740021
bert-base-uncased	delta	12	tear	ppt	tear__ppt	"To damage, remove, or effect an opening in. ""tore up the street to lay a new wat"	tore	torn	no_cond	4	0.1318291276693344
bert-base-uncased	orig	0	tread	ppt	tread__ppt	"To move or proceed on or as if on foot. ""must tread lightly"""	trod	trodden	cat	15	0.5252665877342224
bert-base-uncased	delta	0	tread	ppt	tread__ppt	"To move or proceed on or as if on foot. ""must tread lightly"""	trod	trodden	cat	15	nan
bert-base-uncased	orig	1	tread	ppt	tread__ppt	"To move or proceed on or as if on foot. ""must tread lightly"""	trod	trodden	cat	15	0.21138907968997955
bert-base-uncased	delta	1	tread	ppt	tread__ppt	"To move or proceed on or as if on foot. ""must tread lightly"""	trod	trodden	cat	15	0.1107083261013031
bert-base-uncased	orig	2	tread	ppt	tread__ppt	"To move or proceed on or as if on foot. ""must tread lightly"""	trod	trodden	cat	15	0.1746639609336853
bert-base-uncased	delta	2	tread	ppt	tread__ppt	"To move or proceed on or as if on foot. ""must tread lightly"""	trod	trodden	cat	15	0.03201509639620781
bert-base-uncased	orig	3	tread	ppt	tread__ppt	"To move or proceed on or as if on foot. ""must tread lightly"""	trod	trodden	cat	15	0.16089220345020294
bert-base-uncased	delta	3	tread	ppt	tread__ppt	"To move or proceed on or as if on foot. ""must tread lightly"""	trod	trodden	cat	15	0.24430449306964874
bert-base-uncased	orig	4	tread	ppt	tread__ppt	"To move or proceed on or as if on foot. ""must tread lightly"""	trod	trodden	cat	15	0.1136409267783165
bert-base-uncased	delta	4	tread	ppt	tread__ppt	"To move or proceed on or as if on foot. ""must tread lightly"""	trod	trodden	cat	15	0.22965972125530243
bert-base-uncased	orig	5	tread	ppt	tread__ppt	"To move or proceed on or as if on foot. ""must tread lightly"""	trod	trodden	cat	15	0.07812968641519547
bert-base-uncased	delta	5	tread	ppt	tread__ppt	"To move or proceed on or as if on foot. ""must tread lightly"""	trod	trodden	cat	15	0.18514080345630646
bert-base-uncased	orig	6	tread	ppt	tread__ppt	"To move or proceed on or as if on foot. ""must tread lightly"""	trod	trodden	cat	15	0.04401000216603279
bert-base-uncased	delta	6	tread	ppt	tread__ppt	"To move or proceed on or as if on foot. ""must tread lightly"""	trod	trodden	cat	15	0.195308119058609
bert-base-uncased	orig	7	tread	ppt	tread__ppt	"To move or proceed on or as if on foot. ""must tread lightly"""	trod	trodden	cat	15	0.09156616032123566
bert-base-uncased	delta	7	tread	ppt	tread__ppt	"To move or proceed on or as if on foot. ""must tread lightly"""	trod	trodden	cat	15	0.1974603682756424
bert-base-uncased	orig	8	tread	ppt	tread__ppt	"To move or proceed on or as if on foot. ""must tread lightly"""	trod	trodden	cat	15	0.015133003704249859
bert-base-uncased	delta	8	tread	ppt	tread__ppt	"To move or proceed on or as if on foot. ""must tread lightly"""	trod	trodden	cat	15	0.07864020019769669
bert-base-uncased	orig	9	tread	ppt	tread__ppt	"To move or proceed on or as if on foot. ""must tread lightly"""	trod	trodden	cat	15	0.017203807830810547
bert-base-uncased	delta	9	tread	ppt	tread__ppt	"To move or proceed on or as if on foot. ""must tread lightly"""	trod	trodden	cat	15	0.18216656148433685
bert-base-uncased	orig	10	tread	ppt	tread__ppt	"To move or proceed on or as if on foot. ""must tread lightly"""	trod	trodden	cat	15	0.05006629601120949
bert-base-uncased	delta	10	tread	ppt	tread__ppt	"To move or proceed on or as if on foot. ""must tread lightly"""	trod	trodden	cat	15	0.18486860394477844
bert-base-uncased	orig	11	tread	ppt	tread__ppt	"To move or proceed on or as if on foot. ""must tread lightly"""	trod	trodden	cat	15	0.05086587741971016
bert-base-uncased	delta	11	tread	ppt	tread__ppt	"To move or proceed on or as if on foot. ""must tread lightly"""	trod	trodden	cat	15	8.755127782933414e-05
bert-base-uncased	orig	12	tread	ppt	tread__ppt	"To move or proceed on or as if on foot. ""must tread lightly"""	trod	trodden	cat	15	0.04710128530859947
bert-base-uncased	delta	12	tread	ppt	tread__ppt	"To move or proceed on or as if on foot. ""must tread lightly"""	trod	trodden	cat	15	0.10556142777204514
bert-base-uncased	orig	0	tread	ppt	tread__ppt	"To step or walk on or over. (I used as ""to travel"")"	trod	trodden	no_cond	26	0.594350278377533
bert-base-uncased	delta	0	tread	ppt	tread__ppt	"To step or walk on or over. (I used as ""to travel"")"	trod	trodden	no_cond	26	nan
bert-base-uncased	orig	1	tread	ppt	tread__ppt	"To step or walk on or over. (I used as ""to travel"")"	trod	trodden	no_cond	26	0.26380470395088196
bert-base-uncased	delta	1	tread	ppt	tread__ppt	"To step or walk on or over. (I used as ""to travel"")"	trod	trodden	no_cond	26	0.21600835025310516
bert-base-uncased	orig	2	tread	ppt	tread__ppt	"To step or walk on or over. (I used as ""to travel"")"	trod	trodden	no_cond	26	0.20846447348594666
bert-base-uncased	delta	2	tread	ppt	tread__ppt	"To step or walk on or over. (I used as ""to travel"")"	trod	trodden	no_cond	26	0.1969863772392273
bert-base-uncased	orig	3	tread	ppt	tread__ppt	"To step or walk on or over. (I used as ""to travel"")"	trod	trodden	no_cond	26	0.2100972980260849
bert-base-uncased	delta	3	tread	ppt	tread__ppt	"To step or walk on or over. (I used as ""to travel"")"	trod	trodden	no_cond	26	0.3484190106391907
bert-base-uncased	orig	4	tread	ppt	tread__ppt	"To step or walk on or over. (I used as ""to travel"")"	trod	trodden	no_cond	26	0.17648543417453766
bert-base-uncased	delta	4	tread	ppt	tread__ppt	"To step or walk on or over. (I used as ""to travel"")"	trod	trodden	no_cond	26	0.2946188151836395
bert-base-uncased	orig	5	tread	ppt	tread__ppt	"To step or walk on or over. (I used as ""to travel"")"	trod	trodden	no_cond	26	0.1451365053653717
bert-base-uncased	delta	5	tread	ppt	tread__ppt	"To step or walk on or over. (I used as ""to travel"")"	trod	trodden	no_cond	26	0.21269631385803223
bert-base-uncased	orig	6	tread	ppt	tread__ppt	"To step or walk on or over. (I used as ""to travel"")"	trod	trodden	no_cond	26	0.1523047834634781
bert-base-uncased	delta	6	tread	ppt	tread__ppt	"To step or walk on or over. (I used as ""to travel"")"	trod	trodden	no_cond	26	0.19999511539936066
bert-base-uncased	orig	7	tread	ppt	tread__ppt	"To step or walk on or over. (I used as ""to travel"")"	trod	trodden	no_cond	26	0.175277441740036
bert-base-uncased	delta	7	tread	ppt	tread__ppt	"To step or walk on or over. (I used as ""to travel"")"	trod	trodden	no_cond	26	0.17235438525676727
bert-base-uncased	orig	8	tread	ppt	tread__ppt	"To step or walk on or over. (I used as ""to travel"")"	trod	trodden	no_cond	26	0.1753872036933899
bert-base-uncased	delta	8	tread	ppt	tread__ppt	"To step or walk on or over. (I used as ""to travel"")"	trod	trodden	no_cond	26	0.11357855051755905
bert-base-uncased	orig	9	tread	ppt	tread__ppt	"To step or walk on or over. (I used as ""to travel"")"	trod	trodden	no_cond	26	0.002334054559469223
bert-base-uncased	delta	9	tread	ppt	tread__ppt	"To step or walk on or over. (I used as ""to travel"")"	trod	trodden	no_cond	26	0.1102551743388176
bert-base-uncased	orig	10	tread	ppt	tread__ppt	"To step or walk on or over. (I used as ""to travel"")"	trod	trodden	no_cond	26	0.01688043400645256
bert-base-uncased	delta	10	tread	ppt	tread__ppt	"To step or walk on or over. (I used as ""to travel"")"	trod	trodden	no_cond	26	0.10047201812267303
bert-base-uncased	orig	11	tread	ppt	tread__ppt	"To step or walk on or over. (I used as ""to travel"")"	trod	trodden	no_cond	26	0.01727738417685032
bert-base-uncased	delta	11	tread	ppt	tread__ppt	"To step or walk on or over. (I used as ""to travel"")"	trod	trodden	no_cond	26	0.09009727090597153
bert-base-uncased	orig	12	tread	ppt	tread__ppt	"To step or walk on or over. (I used as ""to travel"")"	trod	trodden	no_cond	26	0.0197045486420393
bert-base-uncased	delta	12	tread	ppt	tread__ppt	"To step or walk on or over. (I used as ""to travel"")"	trod	trodden	no_cond	26	0.10556729882955551
bert-base-uncased	orig	0	tread	ppt	tread__ppt	"To walk or proceed along. To follow. ""treading a fine line between tradition and"	trod	trodden	no_cond	24	0.460280179977417
bert-base-uncased	delta	0	tread	ppt	tread__ppt	"To walk or proceed along. To follow. ""treading a fine line between tradition and"	trod	trodden	no_cond	24	nan
bert-base-uncased	orig	1	tread	ppt	tread__ppt	"To walk or proceed along. To follow. ""treading a fine line between tradition and"	trod	trodden	no_cond	24	0.2652333378791809
bert-base-uncased	delta	1	tread	ppt	tread__ppt	"To walk or proceed along. To follow. ""treading a fine line between tradition and"	trod	trodden	no_cond	24	0.20680515468120575
bert-base-uncased	orig	2	tread	ppt	tread__ppt	"To walk or proceed along. To follow. ""treading a fine line between tradition and"	trod	trodden	no_cond	24	0.08176738023757935
bert-base-uncased	delta	2	tread	ppt	tread__ppt	"To walk or proceed along. To follow. ""treading a fine line between tradition and"	trod	trodden	no_cond	24	0.17715592682361603
bert-base-uncased	orig	3	tread	ppt	tread__ppt	"To walk or proceed along. To follow. ""treading a fine line between tradition and"	trod	trodden	no_cond	24	0.12051526457071304
bert-base-uncased	delta	3	tread	ppt	tread__ppt	"To walk or proceed along. To follow. ""treading a fine line between tradition and"	trod	trodden	no_cond	24	0.28850820660591125
bert-base-uncased	orig	4	tread	ppt	tread__ppt	"To walk or proceed along. To follow. ""treading a fine line between tradition and"	trod	trodden	no_cond	24	0.12770575284957886
bert-base-uncased	delta	4	tread	ppt	tread__ppt	"To walk or proceed along. To follow. ""treading a fine line between tradition and"	trod	trodden	no_cond	24	0.2701319754123688
bert-base-uncased	orig	5	tread	ppt	tread__ppt	"To walk or proceed along. To follow. ""treading a fine line between tradition and"	trod	trodden	no_cond	24	0.08302619308233261
bert-base-uncased	delta	5	tread	ppt	tread__ppt	"To walk or proceed along. To follow. ""treading a fine line between tradition and"	trod	trodden	no_cond	24	0.20841805636882782
bert-base-uncased	orig	6	tread	ppt	tread__ppt	"To walk or proceed along. To follow. ""treading a fine line between tradition and"	trod	trodden	no_cond	24	0.14455606043338776
bert-base-uncased	delta	6	tread	ppt	tread__ppt	"To walk or proceed along. To follow. ""treading a fine line between tradition and"	trod	trodden	no_cond	24	0.17774005234241486
bert-base-uncased	orig	7	tread	ppt	tread__ppt	"To walk or proceed along. To follow. ""treading a fine line between tradition and"	trod	trodden	no_cond	24	0.14568257331848145
bert-base-uncased	delta	7	tread	ppt	tread__ppt	"To walk or proceed along. To follow. ""treading a fine line between tradition and"	trod	trodden	no_cond	24	0.13802789151668549
bert-base-uncased	orig	8	tread	ppt	tread__ppt	"To walk or proceed along. To follow. ""treading a fine line between tradition and"	trod	trodden	no_cond	24	0.09992023557424545
bert-base-uncased	delta	8	tread	ppt	tread__ppt	"To walk or proceed along. To follow. ""treading a fine line between tradition and"	trod	trodden	no_cond	24	0.12670142948627472
bert-base-uncased	orig	9	tread	ppt	tread__ppt	"To walk or proceed along. To follow. ""treading a fine line between tradition and"	trod	trodden	no_cond	24	0.06602374464273453
bert-base-uncased	delta	9	tread	ppt	tread__ppt	"To walk or proceed along. To follow. ""treading a fine line between tradition and"	trod	trodden	no_cond	24	0.1006743535399437
bert-base-uncased	orig	10	tread	ppt	tread__ppt	"To walk or proceed along. To follow. ""treading a fine line between tradition and"	trod	trodden	no_cond	24	0.07311896234750748
bert-base-uncased	delta	10	tread	ppt	tread__ppt	"To walk or proceed along. To follow. ""treading a fine line between tradition and"	trod	trodden	no_cond	24	0.008592230267822742
bert-base-uncased	orig	11	tread	ppt	tread__ppt	"To walk or proceed along. To follow. ""treading a fine line between tradition and"	trod	trodden	no_cond	24	0.07797230780124664
bert-base-uncased	delta	11	tread	ppt	tread__ppt	"To walk or proceed along. To follow. ""treading a fine line between tradition and"	trod	trodden	no_cond	24	0.01501226145774126
bert-base-uncased	orig	12	tread	ppt	tread__ppt	"To walk or proceed along. To follow. ""treading a fine line between tradition and"	trod	trodden	no_cond	24	0.06418059021234512
bert-base-uncased	delta	12	tread	ppt	tread__ppt	"To walk or proceed along. To follow. ""treading a fine line between tradition and"	trod	trodden	no_cond	24	0.01299070194363594
bert-base-uncased	orig	0	tread	ppt	tread__ppt	To beat or press with the feet. To trample.	trod	trodden	prob	23	0.5003923177719116
bert-base-uncased	delta	0	tread	ppt	tread__ppt	To beat or press with the feet. To trample.	trod	trodden	prob	23	nan
bert-base-uncased	orig	1	tread	ppt	tread__ppt	To beat or press with the feet. To trample.	trod	trodden	prob	23	0.1651429980993271
bert-base-uncased	delta	1	tread	ppt	tread__ppt	To beat or press with the feet. To trample.	trod	trodden	prob	23	0.4800093173980713
bert-base-uncased	orig	2	tread	ppt	tread__ppt	To beat or press with the feet. To trample.	trod	trodden	prob	23	0.006990400142967701
bert-base-uncased	delta	2	tread	ppt	tread__ppt	To beat or press with the feet. To trample.	trod	trodden	prob	23	0.582621693611145
bert-base-uncased	orig	3	tread	ppt	tread__ppt	To beat or press with the feet. To trample.	trod	trodden	prob	23	0.11834542453289032
bert-base-uncased	delta	3	tread	ppt	tread__ppt	To beat or press with the feet. To trample.	trod	trodden	prob	23	0.633261501789093
bert-base-uncased	orig	4	tread	ppt	tread__ppt	To beat or press with the feet. To trample.	trod	trodden	prob	23	0.04137911647558212
bert-base-uncased	delta	4	tread	ppt	tread__ppt	To beat or press with the feet. To trample.	trod	trodden	prob	23	0.5226553082466125
bert-base-uncased	orig	5	tread	ppt	tread__ppt	To beat or press with the feet. To trample.	trod	trodden	prob	23	0.323284387588501
bert-base-uncased	delta	5	tread	ppt	tread__ppt	To beat or press with the feet. To trample.	trod	trodden	prob	23	0.057105716317892075
bert-base-uncased	orig	6	tread	ppt	tread__ppt	To beat or press with the feet. To trample.	trod	trodden	prob	23	0.08549028635025024
bert-base-uncased	delta	6	tread	ppt	tread__ppt	To beat or press with the feet. To trample.	trod	trodden	prob	23	0.05592641979455948
bert-base-uncased	orig	7	tread	ppt	tread__ppt	To beat or press with the feet. To trample.	trod	trodden	prob	23	0.21303342282772064
bert-base-uncased	delta	7	tread	ppt	tread__ppt	To beat or press with the feet. To trample.	trod	trodden	prob	23	0.06796076148748398
bert-base-uncased	orig	8	tread	ppt	tread__ppt	To beat or press with the feet. To trample.	trod	trodden	prob	23	0.21901251375675201
bert-base-uncased	delta	8	tread	ppt	tread__ppt	To beat or press with the feet. To trample.	trod	trodden	prob	23	0.09582729637622833
bert-base-uncased	orig	9	tread	ppt	tread__ppt	To beat or press with the feet. To trample.	trod	trodden	prob	23	0.17684288322925568
bert-base-uncased	delta	9	tread	ppt	tread__ppt	To beat or press with the feet. To trample.	trod	trodden	prob	23	0.08108438551425934
bert-base-uncased	orig	10	tread	ppt	tread__ppt	To beat or press with the feet. To trample.	trod	trodden	prob	23	0.09646211564540863
bert-base-uncased	delta	10	tread	ppt	tread__ppt	To beat or press with the feet. To trample.	trod	trodden	prob	23	0.07358656823635101
bert-base-uncased	orig	11	tread	ppt	tread__ppt	To beat or press with the feet. To trample.	trod	trodden	prob	23	0.0884358137845993
bert-base-uncased	delta	11	tread	ppt	tread__ppt	To beat or press with the feet. To trample.	trod	trodden	prob	23	0.0739002525806427
bert-base-uncased	orig	12	tread	ppt	tread__ppt	To beat or press with the feet. To trample.	trod	trodden	prob	23	0.10206874459981918
bert-base-uncased	delta	12	tread	ppt	tread__ppt	To beat or press with the feet. To trample.	trod	trodden	prob	23	0.04562745988368988
bert-base-uncased	orig	0	wake	ppt	wake__ppt	"To awake. To wake up. ""They woke early."""	woke	woken	no_cond	5	0.5405484437942505
bert-base-uncased	delta	0	wake	ppt	wake__ppt	"To awake. To wake up. ""They woke early."""	woke	woken	no_cond	5	0.23690709471702576
bert-base-uncased	orig	1	wake	ppt	wake__ppt	"To awake. To wake up. ""They woke early."""	woke	woken	no_cond	5	0.497022807598114
bert-base-uncased	delta	1	wake	ppt	wake__ppt	"To awake. To wake up. ""They woke early."""	woke	woken	no_cond	5	0.28835856914520264
bert-base-uncased	orig	2	wake	ppt	wake__ppt	"To awake. To wake up. ""They woke early."""	woke	woken	no_cond	5	0.42144307494163513
bert-base-uncased	delta	2	wake	ppt	wake__ppt	"To awake. To wake up. ""They woke early."""	woke	woken	no_cond	5	0.42744311690330505
bert-base-uncased	orig	3	wake	ppt	wake__ppt	"To awake. To wake up. ""They woke early."""	woke	woken	no_cond	5	0.3307024836540222
bert-base-uncased	delta	3	wake	ppt	wake__ppt	"To awake. To wake up. ""They woke early."""	woke	woken	no_cond	5	0.4515073299407959
bert-base-uncased	orig	4	wake	ppt	wake__ppt	"To awake. To wake up. ""They woke early."""	woke	woken	no_cond	5	0.288818895816803
bert-base-uncased	delta	4	wake	ppt	wake__ppt	"To awake. To wake up. ""They woke early."""	woke	woken	no_cond	5	0.4106627106666565
bert-base-uncased	orig	5	wake	ppt	wake__ppt	"To awake. To wake up. ""They woke early."""	woke	woken	no_cond	5	0.25692811608314514
bert-base-uncased	delta	5	wake	ppt	wake__ppt	"To awake. To wake up. ""They woke early."""	woke	woken	no_cond	5	0.37216073274612427
bert-base-uncased	orig	6	wake	ppt	wake__ppt	"To awake. To wake up. ""They woke early."""	woke	woken	no_cond	5	0.24900805950164795
bert-base-uncased	delta	6	wake	ppt	wake__ppt	"To awake. To wake up. ""They woke early."""	woke	woken	no_cond	5	0.3999740481376648
bert-base-uncased	orig	7	wake	ppt	wake__ppt	"To awake. To wake up. ""They woke early."""	woke	woken	no_cond	5	0.23764362931251526
bert-base-uncased	delta	7	wake	ppt	wake__ppt	"To awake. To wake up. ""They woke early."""	woke	woken	no_cond	5	0.3789209723472595
bert-base-uncased	orig	8	wake	ppt	wake__ppt	"To awake. To wake up. ""They woke early."""	woke	woken	no_cond	5	0.24945411086082458
bert-base-uncased	delta	8	wake	ppt	wake__ppt	"To awake. To wake up. ""They woke early."""	woke	woken	no_cond	5	0.3769594728946686
bert-base-uncased	orig	9	wake	ppt	wake__ppt	"To awake. To wake up. ""They woke early."""	woke	woken	no_cond	5	0.28147387504577637
bert-base-uncased	delta	9	wake	ppt	wake__ppt	"To awake. To wake up. ""They woke early."""	woke	woken	no_cond	5	0.3833080232143402
bert-base-uncased	orig	10	wake	ppt	wake__ppt	"To awake. To wake up. ""They woke early."""	woke	woken	no_cond	5	0.2474190890789032
bert-base-uncased	delta	10	wake	ppt	wake__ppt	"To awake. To wake up. ""They woke early."""	woke	woken	no_cond	5	0.4036589562892914
bert-base-uncased	orig	11	wake	ppt	wake__ppt	"To awake. To wake up. ""They woke early."""	woke	woken	no_cond	5	0.2708401679992676
bert-base-uncased	delta	11	wake	ppt	wake__ppt	"To awake. To wake up. ""They woke early."""	woke	woken	no_cond	5	0.43436679244041443
bert-base-uncased	orig	12	wake	ppt	wake__ppt	"To awake. To wake up. ""They woke early."""	woke	woken	no_cond	5	0.40463098883628845
bert-base-uncased	delta	12	wake	ppt	wake__ppt	"To awake. To wake up. ""They woke early."""	woke	woken	no_cond	5	0.4850143492221832
bert-base-uncased	orig	0	wet	pst	wet__pst	To make wet.	wetted	wet	prob	16	0.7190806865692139
bert-base-uncased	delta	0	wet	pst	wet__pst	To make wet.	wetted	wet	prob	16	0.9375
bert-base-uncased	orig	1	wet	pst	wet__pst	To make wet.	wetted	wet	prob	16	0.49072980880737305
bert-base-uncased	delta	1	wet	pst	wet__pst	To make wet.	wetted	wet	prob	16	0.053679630160331726
bert-base-uncased	orig	2	wet	pst	wet__pst	To make wet.	wetted	wet	prob	16	0.1602213829755783
bert-base-uncased	delta	2	wet	pst	wet__pst	To make wet.	wetted	wet	prob	16	0.09021250903606415
bert-base-uncased	orig	3	wet	pst	wet__pst	To make wet.	wetted	wet	prob	16	0.14827857911586761
bert-base-uncased	delta	3	wet	pst	wet__pst	To make wet.	wetted	wet	prob	16	0.041191745549440384
bert-base-uncased	orig	4	wet	pst	wet__pst	To make wet.	wetted	wet	prob	16	0.11581222712993622
bert-base-uncased	delta	4	wet	pst	wet__pst	To make wet.	wetted	wet	prob	16	0.01190880499780178
bert-base-uncased	orig	5	wet	pst	wet__pst	To make wet.	wetted	wet	prob	16	0.06016765907406807
bert-base-uncased	delta	5	wet	pst	wet__pst	To make wet.	wetted	wet	prob	16	0.030774256214499474
bert-base-uncased	orig	6	wet	pst	wet__pst	To make wet.	wetted	wet	prob	16	0.08333926647901535
bert-base-uncased	delta	6	wet	pst	wet__pst	To make wet.	wetted	wet	prob	16	0.10193511843681335
bert-base-uncased	orig	7	wet	pst	wet__pst	To make wet.	wetted	wet	prob	16	0.04373494163155556
bert-base-uncased	delta	7	wet	pst	wet__pst	To make wet.	wetted	wet	prob	16	0.08689764887094498
bert-base-uncased	orig	8	wet	pst	wet__pst	To make wet.	wetted	wet	prob	16	0.019059648737311363
bert-base-uncased	delta	8	wet	pst	wet__pst	To make wet.	wetted	wet	prob	16	0.07618243992328644
bert-base-uncased	orig	9	wet	pst	wet__pst	To make wet.	wetted	wet	prob	16	0.05185335874557495
bert-base-uncased	delta	9	wet	pst	wet__pst	To make wet.	wetted	wet	prob	16	0.0654868558049202
bert-base-uncased	orig	10	wet	pst	wet__pst	To make wet.	wetted	wet	prob	16	0.050324007868766785
bert-base-uncased	delta	10	wet	pst	wet__pst	To make wet.	wetted	wet	prob	16	0.05630790442228317
bert-base-uncased	orig	11	wet	pst	wet__pst	To make wet.	wetted	wet	prob	16	0.10486240684986115
bert-base-uncased	delta	11	wet	pst	wet__pst	To make wet.	wetted	wet	prob	16	0.05561143159866333
bert-base-uncased	orig	12	wet	pst	wet__pst	To make wet.	wetted	wet	prob	16	0.05436999350786209
bert-base-uncased	delta	12	wet	pst	wet__pst	To make wet.	wetted	wet	prob	16	0.074917733669281
bert-base-uncased	orig	0	wet	pst	wet__pst	"To urinate in or on. ""wet his pants"""	wetted	wet	prob	24	0.5074056386947632
bert-base-uncased	delta	0	wet	pst	wet__pst	"To urinate in or on. ""wet his pants"""	wetted	wet	prob	24	nan
bert-base-uncased	orig	1	wet	pst	wet__pst	"To urinate in or on. ""wet his pants"""	wetted	wet	prob	24	0.09304825216531754
bert-base-uncased	delta	1	wet	pst	wet__pst	"To urinate in or on. ""wet his pants"""	wetted	wet	prob	24	0.28553351759910583
bert-base-uncased	orig	2	wet	pst	wet__pst	"To urinate in or on. ""wet his pants"""	wetted	wet	prob	24	0.20615287125110626
bert-base-uncased	delta	2	wet	pst	wet__pst	"To urinate in or on. ""wet his pants"""	wetted	wet	prob	24	0.303900808095932
bert-base-uncased	orig	3	wet	pst	wet__pst	"To urinate in or on. ""wet his pants"""	wetted	wet	prob	24	0.337057501077652
bert-base-uncased	delta	3	wet	pst	wet__pst	"To urinate in or on. ""wet his pants"""	wetted	wet	prob	24	0.4130873382091522
bert-base-uncased	orig	4	wet	pst	wet__pst	"To urinate in or on. ""wet his pants"""	wetted	wet	prob	24	0.3005172908306122
bert-base-uncased	delta	4	wet	pst	wet__pst	"To urinate in or on. ""wet his pants"""	wetted	wet	prob	24	0.3411489427089691
bert-base-uncased	orig	5	wet	pst	wet__pst	"To urinate in or on. ""wet his pants"""	wetted	wet	prob	24	0.28235924243927
bert-base-uncased	delta	5	wet	pst	wet__pst	"To urinate in or on. ""wet his pants"""	wetted	wet	prob	24	0.30330565571784973
bert-base-uncased	orig	6	wet	pst	wet__pst	"To urinate in or on. ""wet his pants"""	wetted	wet	prob	24	0.26333460211753845
bert-base-uncased	delta	6	wet	pst	wet__pst	"To urinate in or on. ""wet his pants"""	wetted	wet	prob	24	0.27373602986335754
bert-base-uncased	orig	7	wet	pst	wet__pst	"To urinate in or on. ""wet his pants"""	wetted	wet	prob	24	0.19665758311748505
bert-base-uncased	delta	7	wet	pst	wet__pst	"To urinate in or on. ""wet his pants"""	wetted	wet	prob	24	0.2167665958404541
bert-base-uncased	orig	8	wet	pst	wet__pst	"To urinate in or on. ""wet his pants"""	wetted	wet	prob	24	0.14233912527561188
bert-base-uncased	delta	8	wet	pst	wet__pst	"To urinate in or on. ""wet his pants"""	wetted	wet	prob	24	0.1883431077003479
bert-base-uncased	orig	9	wet	pst	wet__pst	"To urinate in or on. ""wet his pants"""	wetted	wet	prob	24	0.11786734312772751
bert-base-uncased	delta	9	wet	pst	wet__pst	"To urinate in or on. ""wet his pants"""	wetted	wet	prob	24	0.17871665954589844
bert-base-uncased	orig	10	wet	pst	wet__pst	"To urinate in or on. ""wet his pants"""	wetted	wet	prob	24	0.12137013673782349
bert-base-uncased	delta	10	wet	pst	wet__pst	"To urinate in or on. ""wet his pants"""	wetted	wet	prob	24	0.15949492156505585
bert-base-uncased	orig	11	wet	pst	wet__pst	"To urinate in or on. ""wet his pants"""	wetted	wet	prob	24	0.11551413685083389
bert-base-uncased	delta	11	wet	pst	wet__pst	"To urinate in or on. ""wet his pants"""	wetted	wet	prob	24	0.1493808776140213
bert-base-uncased	orig	12	wet	pst	wet__pst	"To urinate in or on. ""wet his pants"""	wetted	wet	prob	24	0.13283930718898773
bert-base-uncased	delta	12	wet	pst	wet__pst	"To urinate in or on. ""wet his pants"""	wetted	wet	prob	24	0.1463415026664734
bert-base-uncased	orig	0	write	ppt	write__ppt	"To be the author of. To compose. ""writes poems and essays"" To compose in musical"	wrote	written	no_cond	8	0.6185861825942993
bert-base-uncased	delta	0	write	ppt	write__ppt	"To be the author of. To compose. ""writes poems and essays"" To compose in musical"	wrote	written	no_cond	8	0.7736301422119141
bert-base-uncased	orig	1	write	ppt	write__ppt	"To be the author of. To compose. ""writes poems and essays"" To compose in musical"	wrote	written	no_cond	8	0.45031654834747314
bert-base-uncased	delta	1	write	ppt	write__ppt	"To be the author of. To compose. ""writes poems and essays"" To compose in musical"	wrote	written	no_cond	8	0.49531930685043335
bert-base-uncased	orig	2	write	ppt	write__ppt	"To be the author of. To compose. ""writes poems and essays"" To compose in musical"	wrote	written	no_cond	8	0.337832510471344
bert-base-uncased	delta	2	write	ppt	write__ppt	"To be the author of. To compose. ""writes poems and essays"" To compose in musical"	wrote	written	no_cond	8	0.40891164541244507
bert-base-uncased	orig	3	write	ppt	write__ppt	"To be the author of. To compose. ""writes poems and essays"" To compose in musical"	wrote	written	no_cond	8	0.25023481249809265
bert-base-uncased	delta	3	write	ppt	write__ppt	"To be the author of. To compose. ""writes poems and essays"" To compose in musical"	wrote	written	no_cond	8	0.405382364988327
bert-base-uncased	orig	4	write	ppt	write__ppt	"To be the author of. To compose. ""writes poems and essays"" To compose in musical"	wrote	written	no_cond	8	0.21869780123233795
bert-base-uncased	delta	4	write	ppt	write__ppt	"To be the author of. To compose. ""writes poems and essays"" To compose in musical"	wrote	written	no_cond	8	0.37832778692245483
bert-base-uncased	orig	5	write	ppt	write__ppt	"To be the author of. To compose. ""writes poems and essays"" To compose in musical"	wrote	written	no_cond	8	0.1887127161026001
bert-base-uncased	delta	5	write	ppt	write__ppt	"To be the author of. To compose. ""writes poems and essays"" To compose in musical"	wrote	written	no_cond	8	0.34466710686683655
bert-base-uncased	orig	6	write	ppt	write__ppt	"To be the author of. To compose. ""writes poems and essays"" To compose in musical"	wrote	written	no_cond	8	0.2577306926250458
bert-base-uncased	delta	6	write	ppt	write__ppt	"To be the author of. To compose. ""writes poems and essays"" To compose in musical"	wrote	written	no_cond	8	0.46445441246032715
bert-base-uncased	orig	7	write	ppt	write__ppt	"To be the author of. To compose. ""writes poems and essays"" To compose in musical"	wrote	written	no_cond	8	0.20611754059791565
bert-base-uncased	delta	7	write	ppt	write__ppt	"To be the author of. To compose. ""writes poems and essays"" To compose in musical"	wrote	written	no_cond	8	0.34159696102142334
bert-base-uncased	orig	8	write	ppt	write__ppt	"To be the author of. To compose. ""writes poems and essays"" To compose in musical"	wrote	written	no_cond	8	0.10849238187074661
bert-base-uncased	delta	8	write	ppt	write__ppt	"To be the author of. To compose. ""writes poems and essays"" To compose in musical"	wrote	written	no_cond	8	0.35749316215515137
bert-base-uncased	orig	9	write	ppt	write__ppt	"To be the author of. To compose. ""writes poems and essays"" To compose in musical"	wrote	written	no_cond	8	0.24365438520908356
bert-base-uncased	delta	9	write	ppt	write__ppt	"To be the author of. To compose. ""writes poems and essays"" To compose in musical"	wrote	written	no_cond	8	0.5111785531044006
bert-base-uncased	orig	10	write	ppt	write__ppt	"To be the author of. To compose. ""writes poems and essays"" To compose in musical"	wrote	written	no_cond	8	0.2749667167663574
bert-base-uncased	delta	10	write	ppt	write__ppt	"To be the author of. To compose. ""writes poems and essays"" To compose in musical"	wrote	written	no_cond	8	0.5287647247314453
bert-base-uncased	orig	11	write	ppt	write__ppt	"To be the author of. To compose. ""writes poems and essays"" To compose in musical"	wrote	written	no_cond	8	0.2780856490135193
bert-base-uncased	delta	11	write	ppt	write__ppt	"To be the author of. To compose. ""writes poems and essays"" To compose in musical"	wrote	written	no_cond	8	0.525596559047699
bert-base-uncased	orig	12	write	ppt	write__ppt	"To be the author of. To compose. ""writes poems and essays"" To compose in musical"	wrote	written	no_cond	8	0.2841951251029968
bert-base-uncased	delta	12	write	ppt	write__ppt	"To be the author of. To compose. ""writes poems and essays"" To compose in musical"	wrote	written	no_cond	8	0.5223377346992493
