embedding_type_layer	layer	model	embedding_type	label_type	pair_significance_bucket	n_systems	n_rows	n_samples_eval_total	n_samples_eval_mean	n_labels_mean	silhouette_cosine_mean	silhouette_cosine_weighted_mean	silhouette_euclidean_mean	silhouette_euclidean_weighted_mean	nearest_centroid_loo_acc_cosine_mean	nearest_centroid_loo_acc_cosine_weighted_mean	nearest_centroid_loo_acc_euclidean_mean	nearest_centroid_loo_acc_euclidean_weighted_mean	within_between_ratio_cosine_mean	within_between_ratio_cosine_weighted_mean	within_between_ratio_euclidean_mean	within_between_ratio_euclidean_weighted_mean	kmeans_ari_mean	kmeans_ari_weighted_mean	kmeans_ami_mean	kmeans_ami_weighted_mean
delta	0	transfo-xl-wt103	delta	conditioned-cat-only	all	73	73	1807	24.753424657534246	2.911764705882353	0.5836407793103717	0.3926760396697152	0.5836408024770208	0.3926760599436894	0.7491156176837619	0.6045070422535211	0.6792234100232754	0.5059154929577465	1.6280319574734807e-07	2.0249877914114958e-07	1.614005463006315e-08	1.5445453143387315e-08	0.8126756323622293	0.7475421562307574	0.8394805778199299	0.7767644932563015
delta	0	transfo-xl-wt103	delta	conditioned-cat-only	pair_significant	60	60	1782	29.7	2.9393939393939394	0.5702098367074805	0.38399998309356825	0.5702098606214407	0.3840000036571707	0.7410225730929154	0.5988571428571429	0.6688757780885424	0.49885714285714283	1.6672822768660346e-07	2.0480408733415983e-07	1.591826140564762e-08	1.5337307551336494e-08	0.8066329108255271	0.7439356156054824	0.8343025319431534	0.7735754145885343
delta	0	transfo-xl-wt103	delta	conditioned-cat-only	pair_not_significant	13	13	25	1.9230769230769231	2.0	1.0	1.0	1.0	1.0	1.0	1.0	1.0	1.0	4.1127205630431274e-08	4.1127205630431274e-08	2.301564458694474e-08	2.301564458694474e-08	1.0	1.0	1.0	1.0
delta	0	transfo-xl-wt103	delta	conditioned-exclude	all	73	73	8300	113.6986301369863	3.088235294117647	-0.12932477254234354	-0.1723771151222013	-0.12932479103130454	-0.17237713425001172	0.37851701854928926	0.3743366444414206	0.3528828724127323	0.32970472173084775	0.698295868574967	0.771612937703474	0.6982958014816497	0.7716128930838428	0.17808261673580056	0.13712781070042632	0.22384866372837206	0.17678567911696216
delta	0	transfo-xl-wt103	delta	conditioned-exclude	pair_significant	60	60	6288	104.8	3.1403508771929824	-0.13174708642149272	-0.19495269862338432	-0.13174710228129846	-0.19495271398021527	0.3865867707126905	0.38320209973753283	0.3618184351512807	0.33560804899387575	0.6474943796668907	0.7102983795895732	0.6474943000954138	0.7102983221333703	0.209459298752606	0.1751740329453463	0.2626287007249495	0.2254265907810091
delta	0	transfo-xl-wt103	delta	conditioned-exclude	pair_not_significant	13	13	2012	154.76923076923077	2.8181818181818183	-0.11613661920030911	-0.09341783745435489	-0.1161366520035598	-0.09341786977136222	0.3345817012152157	0.3433292533659731	0.30423369750285784	0.30905752753977966	0.9748817526300491	0.9860637942646384	0.9748817534733782	0.9860637945415851	0.007254014644304401	0.004059169250170641	0.012712906747006175	0.006661560291975239
delta	0	transfo-xl-wt103	delta	raw	all	73	73	13730	188.08219178082192	9.095890410958905	-0.5857369712450438	-0.5892783852790545	-0.5857371060022464	-0.589278523410991	0.22417565505406786	0.22323209931279095	0.1373653905535935	0.1347816448681002	0.7755803148481741	0.779343079489573	0.7755802721480585	0.7793430362470808	0.09655270260765753	0.09530868333709655	0.1148221011066406	0.11326663153601078
delta	0	transfo-xl-wt103	delta	raw	pair_significant	60	60	11141	185.68333333333334	9.533333333333333	-0.6392999251062671	-0.6476595062535457	-0.6393000679090619	-0.6476596536975999	0.2080357805660066	0.20563683690871556	0.11534431862116717	0.1104927744367651	0.7516844526915692	0.7544535673754861	0.75168441031703	0.7544535243519636	0.11090593022678433	0.11045910175955484	0.129195693281302	0.12837874278416708
delta	0	transfo-xl-wt103	delta	raw	pair_not_significant	13	13	2589	199.15384615384616	7.076923076923077	-0.3179222019389272	-0.31736196856634274	-0.3179222964681685	-0.31736206332607864	0.30487502749437423	0.30518394648829433	0.24747075021572507	0.24790969899665552	0.8950596256311983	0.8952686875426845	0.8950595813032004	0.8952686432803173	0.02478656451202361	0.024743962749885957	0.0429541402333336	0.04288033077693487
delta	1	transfo-xl-wt103	delta	conditioned-cat-only	all	73	73	1807	24.753424657534246	2.911764705882353	0.5852299920516089	0.3893082211019707	0.5781310420425143	0.38722171728197535	0.8566765845745976	0.796056338028169	0.8573661932345487	0.7954929577464789	0.00020721394881552374	0.0001945074799086914	0.01756125352229776	0.01753983765970307	0.7231900615379341	0.5931916446051337	0.7565398580609564	0.6482067328683736
delta	1	transfo-xl-wt103	delta	conditioned-cat-only	pair_significant	60	60	1782	29.7	2.9393939393939394	0.5718526447251919	0.38058508484384845	0.5647958051713724	0.37858883631389056	0.852053248593133	0.7931428571428571	0.8527651026937277	0.7925714285714286	0.00021159075340417103	0.00019626425809928048	0.017855805694959887	0.017669976252416373	0.714260708684319	0.5873800966709214	0.7486863050951806	0.6431811147664933
delta	1	transfo-xl-wt103	delta	conditioned-cat-only	pair_not_significant	13	13	25	1.9230769230769231	2.0	0.9999277591705322	0.9999277591705322	0.9915233850479126	0.9915233850479126	1.0	1.0	1.0	1.0	7.153300656745767e-05	7.153300656745767e-05	0.00843013616977185	0.00843013616977185	1.0	1.0	1.0	1.0
delta	1	transfo-xl-wt103	delta	conditioned-exclude	all	73	73	8300	113.6986301369863	3.088235294117647	-0.12918629320007186	-0.17311318812750523	-0.12526049207039688	-0.16791074640682868	0.4462295035424314	0.4182882024765274	0.434486366342769	0.39991835623894406	0.6983653582360115	0.771661940675965	0.7046482438058855	0.7760111611478786	0.12866197072376	0.0897224112952651	0.17332061250466563	0.13344945577367287
delta	1	transfo-xl-wt103	delta	conditioned-exclude	pair_significant	60	60	6288	104.8	3.1403508771929824	-0.13158839774895364	-0.19590693004062168	-0.12737430933153446	-0.1898156214834609	0.46356401019109944	0.4348206474190726	0.45819884236845637	0.42554680664916883	0.647576241302255	0.7103612445333574	0.6549618364722685	0.7159291525140196	0.14979699223429052	0.11244738335757551	0.20242008853179994	0.1689350547694337
delta	1	transfo-xl-wt103	delta	conditioned-exclude	pair_not_significant	13	13	2012	154.76923076923077	2.8181818181818183	-0.11610816843393776	-0.0933908900654119	-0.11375193142642577	-0.09129730634382188	0.35185274512190545	0.36046511627906974	0.3053851079806932	0.310281517747858	0.9748838837642412	0.9860643142714381	0.9751631281778	0.9861511117858863	0.013593520277538332	0.01024063936374494	0.014890131912489576	0.009336727339907147
delta	1	transfo-xl-wt103	delta	raw	all	73	73	13730	188.08219178082192	9.095890410958905	-0.5981223126097271	-0.6017567930260818	-0.5716327578734813	-0.57509862116679	0.32548460451635886	0.3231360378334442	0.18267539666067753	0.1779354171285007	0.7756316347240271	0.7793928967396744	0.779767242423943	0.783425013694196	0.044299318734551556	0.043073017220351485	0.07615434868157421	0.07499872106370972
delta	1	transfo-xl-wt103	delta	raw	pair_significant	60	60	11141	185.68333333333334	9.533333333333333	-0.6514957862440497	-0.6599599867295943	-0.6224852237384766	-0.6305537510904189	0.328516926329906	0.3258235346916794	0.16804170706399388	0.1611165963558029	0.7517419426425015	0.7545096932285088	0.7563252004719908	0.7590009098497134	0.048943270660137025	0.04780026082583375	0.08552343761129144	0.08481962327522416
delta	1	transfo-xl-wt103	delta	raw	pair_not_significant	13	13	2589	199.15384615384616	7.076923076923077	-0.33125494443811476	-0.3306690919178734	-0.3173704285485049	-0.3168103258159747	0.3103229954486236	0.31061872909698995	0.25584384464409593	0.25627090301003347	0.8950800951316554	0.8952891217889624	0.896977452183705	0.8971829321437705	0.021079559106624207	0.021055366296991188	0.029308904032988064	0.029256801524210445
delta	2	transfo-xl-wt103	delta	conditioned-cat-only	all	73	73	1807	24.753424657534246	2.911764705882353	0.5950723944697529	0.39842927480457535	0.5549952481233049	0.3800996181646913	0.8678243087588647	0.8028169014084507	0.8689919045814261	0.8045070422535211	0.012220803827318678	0.013131366719949508	0.11070085172522637	0.11405940532754329	0.7132479609940909	0.5620423665609992	0.7588278536800168	0.6431097414452563
delta	2	transfo-xl-wt103	delta	conditioned-cat-only	pair_significant	60	60	1782	29.7	2.9393939393939394	0.5832172057801678	0.3903699323896851	0.5472064729960214	0.374151794466057	0.8635605767833442	0.8	0.8647658369872785	0.8017142857142857	0.011341618140117663	0.012755021099798073	0.10743255498461418	0.11265999610816244	0.7039978952197068	0.555785828940442	0.7510481070245334	0.6380113091801887
delta	2	transfo-xl-wt103	delta	conditioned-cat-only	pair_not_significant	13	13	25	1.9230769230769231	2.0	0.9625832438468933	0.9625832438468933	0.7964472770690918	0.7964472770690918	1.0	1.0	1.0	1.0	0.03947556013055011	0.03947556013055011	0.21201805068420332	0.21201805068420332	1.0	1.0	1.0	1.0
delta	2	transfo-xl-wt103	delta	conditioned-exclude	all	73	73	8300	113.6986301369863	3.088235294117647	-0.11966117707799703	-0.16668628622606013	-0.09675339650029541	-0.13918928497077013	0.45969870748585767	0.4317594230507552	0.4403899253440202	0.40250374200571504	0.7030590939912034	0.7747602005964747	0.73698378236698	0.7963569791435156	0.14261549717008018	0.10295806695488371	0.1993708324341034	0.15816439680256011
delta	2	transfo-xl-wt103	delta	conditioned-exclude	pair_significant	60	60	6288	104.8	3.1403508771929824	-0.12173204333402635	-0.18927206561792917	-0.09909317089952718	-0.15920422209270113	0.47758737519271344	0.4486439195100612	0.46296615118309176	0.4251968503937008	0.6529054187666228	0.7141678846242574	0.6924836292323107	0.741947190200257	0.16279463320616727	0.12431960964864855	0.22785013142936425	0.19245248271145504
delta	2	transfo-xl-wt103	delta	conditioned-exclude	pair_not_significant	13	13	2012	154.76923076923077	2.8181818181818183	-0.10838646079517072	-0.08769134790015337	-0.08401462477114466	-0.0691860012181167	0.3623048499707535	0.37270501835985315	0.31747491799796435	0.32313341493268055	0.9761179924361423	0.9866849776963661	0.9792623938779573	0.9866580463471398	0.03275131208471717	0.028244960164879932	0.0443168712376834	0.03824003268424034
delta	2	transfo-xl-wt103	delta	raw	all	73	73	13730	188.08219178082192	9.095890410958905	-0.5779804050948264	-0.5811897746455135	-0.4615556868828005	-0.4631584961581715	0.32422993688274543	0.3189980048769674	0.2013147755995256	0.19796054090002216	0.779485794515415	0.7831767370758232	0.7992782323059426	0.802316928461075	0.07381255964909592	0.07396536447031936	0.12512090717099245	0.12479003755150495
delta	2	transfo-xl-wt103	delta	raw	pair_significant	60	60	11141	185.68333333333334	9.533333333333333	-0.6288366747243951	-0.6366039647514026	-0.5024574002561469	-0.5075201848378883	0.32190875000418046	0.3153217843999641	0.18605384868298586	0.18077371869670586	0.7559301957338493	0.7586382511336252	0.77735701489097	0.779400338947208	0.07722999058327423	0.07766980892427565	0.13414287317757145	0.1344115027208237
delta	2	transfo-xl-wt103	delta	raw	pair_not_significant	13	13	2589	199.15384615384616	7.076923076923077	-0.3236990569469829	-0.32309216094580184	-0.2570471200160682	-0.2565391092097081	0.3358358712755698	0.33612040133779264	0.27761941018222425	0.27801003344481606	0.897263788423243	0.8974674025783427	0.9088843193808064	0.9090534350555547	0.056725404978204406	0.05671151176901205	0.08001107713809753	0.07997701771397156
delta	3	transfo-xl-wt103	delta	conditioned-cat-only	all	73	73	1807	24.753424657534246	2.911764705882353	0.6010524714365602	0.40754933848347463	0.5560843294369988	0.3854222122233518	0.873210163720327	0.8095774647887324	0.8731549393164	0.8095774647887324	0.012583280264434032	0.012833465918909026	0.11112380828179058	0.11158271184568413	0.7352860137285242	0.597165314493089	0.7700410592555845	0.6593013465786479
delta	3	transfo-xl-wt103	delta	conditioned-cat-only	pair_significant	60	60	1782	29.7	2.9393939393939394	0.5899134749366391	0.3998520238484655	0.5499552317083843	0.3802698672690562	0.8691201690016279	0.8068571428571428	0.8690631631653161	0.8068571428571428	0.011199016231983626	0.012224008785316345	0.10626182314921433	0.10943610276645604	0.7267468528810573	0.5914105332715617	0.7626230289089905	0.6544342229583429
delta	3	transfo-xl-wt103	delta	conditioned-cat-only	pair_not_significant	13	13	25	1.9230769230769231	2.0	0.9463613629341125	0.9463613629341125	0.7460863590240479	0.7460863590240479	1.0	1.0	1.0	1.0	0.05549546527039654	0.05549546527039654	0.261845347391654	0.261845347391654	1.0	1.0	1.0	1.0
delta	3	transfo-xl-wt103	delta	conditioned-exclude	all	73	73	8300	113.6986301369863	3.088235294117647	-0.11433611305406445	-0.16360770748083991	-0.09057868226202494	-0.13475612823388755	0.4733374580521843	0.44386991427405087	0.4456250488628168	0.40672200299360456	0.7028978891810277	0.7747046859285733	0.7348909346588306	0.7948320491352354	0.14716503813001555	0.10586477486055941	0.20368149259737894	0.1605133349719771
delta	3	transfo-xl-wt103	delta	conditioned-exclude	pair_significant	60	60	6288	104.8	3.1403508771929824	-0.11573115712725462	-0.1855531859778117	-0.09252708368074643	-0.15420925223309512	0.4943434472916308	0.4647419072615923	0.469162828001259	0.4306211723534558	0.6526379037147487	0.7140299820044788	0.6897195147193111	0.739742021679084	0.16943502919813558	0.12972240218408965	0.2340099090253986	0.19705964679555651
delta	3	transfo-xl-wt103	delta	conditioned-exclude	pair_not_significant	13	13	2012	154.76923076923077	2.8181818181818183	-0.1067408731000291	-0.08685225484302242	-0.07997071898231904	-0.06671781510324416	0.3589715166374201	0.3708690330477356	0.31747491799796435	0.32313341493268055	0.9765355878307683	0.9869176191759421	0.980824220996213	0.9875122859234282	0.02591730898136228	0.022421482232667562	0.03856011426704967	0.03269070824507582
delta	3	transfo-xl-wt103	delta	raw	all	73	73	13730	188.08219178082192	9.095890410958905	-0.5756300561673319	-0.5787413188781478	-0.4565781153246967	-0.45789865314056755	0.32289477749111406	0.3187763245400133	0.20333701679823546	0.2001773442695633	0.7794624619277829	0.7831247943305665	0.7977043043736552	0.8006439492316134	0.06986212169714616	0.070056045409895	0.12459763556233236	0.12445170403078856
delta	3	transfo-xl-wt103	delta	raw	pair_significant	60	60	11141	185.68333333333334	9.533333333333333	-0.6260137600203355	-0.6336264526972225	-0.49682035922693707	-0.5014901522779566	0.32131284437116187	0.3161296113454807	0.18839551705651716	0.1833767166322592	0.7560256828908157	0.7587073825657158	0.7759112551419379	0.7778431072113484	0.07379812225796052	0.07431900045296078	0.1339799964806262	0.13449925196926435
delta	3	transfo-xl-wt103	delta	raw	pair_not_significant	13	13	2589	199.15384615384616	7.076923076923077	-0.3237115369023134	-0.32310784234039264	-0.2553668958134949	-0.2548665077017502	0.33080444309087526	0.3311036789297659	0.27804451550682713	0.27842809364548493	0.8966463571126192	0.8968515436918543	0.9066695505322412	0.9068413492933902	0.050182118893074334	0.05020086893213767	0.07768583097086298	0.07765415738256168
delta	4	transfo-xl-wt103	delta	conditioned-cat-only	all	73	73	1807	24.753424657534246	2.911764705882353	0.5951155752991326	0.3999574086542281	0.5462534192338353	0.3755121285229607	0.8682506520915031	0.7966197183098591	0.8646274577444739	0.7921126760563381	0.01612901767174634	0.01658925518776948	0.12730761430945425	0.12897482207619962	0.6898775490549826	0.5311557856255051	0.7504993010702612	0.633665952601586
delta	4	transfo-xl-wt103	delta	conditioned-cat-only	pair_significant	60	60	1782	29.7	2.9393939393939394	0.5839137063031236	0.3922086071467825	0.5405225184025063	0.370534996858931	0.8640006731267129	0.7937142857142857	0.8602606015426829	0.7891428571428571	0.01473196387662937	0.015977134757303724	0.1222464408025293	0.12675726249122923	0.6798735990244981	0.524458011134441	0.7424508914273664	0.6284326090673229
delta	4	transfo-xl-wt103	delta	conditioned-cat-only	pair_not_significant	13	13	25	1.9230769230769231	2.0	0.942373514175415	0.942373514175415	0.7239113450050354	0.7239113450050354	1.0	1.0	1.0	1.0	0.05943768532037239	0.05943768532037239	0.2842039930241271	0.2842039930241271	1.0	1.0	1.0	1.0
delta	4	transfo-xl-wt103	delta	conditioned-exclude	all	73	73	8300	113.6986301369863	3.088235294117647	-0.11438999917249773	-0.16439566741017628	-0.08836624621622392	-0.13262340611686196	0.4659287620727418	0.43747448632467	0.4433651718472872	0.40277588787590146	0.7041884471207536	0.7755416344637946	0.7403873580288094	0.7984684622724388	0.12825781549207824	0.08946746991156564	0.1918225633424815	0.1517836417458531
delta	4	transfo-xl-wt103	delta	conditioned-exclude	pair_significant	60	60	6288	104.8	3.1403508771929824	-0.1160239917665663	-0.18683919833268448	-0.09049938683284028	-0.15229571454462448	0.48465352060542694	0.45564304461942257	0.4664878715338975	0.42554680664916883	0.6541896815990637	0.7151578799685406	0.696180465454264	0.7445145632984286	0.1452367791978958	0.10642182366201992	0.21777941206566345	0.18302140721910634
delta	4	transfo-xl-wt103	delta	conditioned-exclude	pair_not_significant	13	13	2012	154.76923076923077	2.8181818181818183	-0.10549381727145778	-0.08589825050556528	-0.07675248063686821	-0.06381848404546482	0.36398285450590084	0.37392900856793143	0.31747491799796435	0.32313341493268055	0.9764039482943987	0.9867369569487248	0.9810693287124459	0.9871750305934114	0.035816790871515895	0.030168735710925366	0.050501942516268446	0.042527932027589935
delta	4	transfo-xl-wt103	delta	raw	all	73	73	13730	188.08219178082192	9.095890410958905	-0.5715285391262215	-0.5743781824128328	-0.44649228238914573	-0.4476093280814637	0.31831076101555084	0.3138993571270228	0.20114219697463018	0.19773886056306805	0.7803019359214155	0.7839342683996695	0.8016873774088604	0.8047022761393208	0.06538765347304648	0.0652967256731765	0.11995665369168299	0.1196875421451845
delta	4	transfo-xl-wt103	delta	raw	pair_significant	60	60	11141	185.68333333333334	9.533333333333333	-0.621521157445386	-0.6287868844887571	-0.48601369820535184	-0.4903806996434063	0.31715082296943503	0.31164168387038865	0.1865155021124119	0.18122251144421506	0.7569825593992862	0.7596366536908711	0.7803899019927509	0.7824503147726803	0.06919019145471787	0.06935819142299861	0.12951432648952452	0.1298983615232
delta	4	transfo-xl-wt103	delta	raw	pair_not_significant	13	13	2589	199.15384615384616	7.076923076923077	-0.3215654475303988	-0.32096373850485954	-0.2488852033081154	-0.2483970159695898	0.3241104512461297	0.32441471571906355	0.27427567128572156	0.2746655518394649	0.8968988185320618	0.8971030499509763	0.9081747544894073	0.9083432048959016	0.04637496356468959	0.0463800074797115	0.07216828970247534	0.07212954102040568
delta	5	transfo-xl-wt103	delta	conditioned-cat-only	all	73	73	1807	24.753424657534246	2.911764705882353	0.5946653936698567	0.40278979837737033	0.540939173908555	0.3740188091132842	0.8646319870755426	0.7954929577464789	0.8617936466332748	0.7915492957746478	0.017626666374228644	0.017466377441418032	0.1347877661127016	0.13430417907990205	0.6998613773422154	0.5621500651646555	0.7439182488209235	0.638803936809493
delta	5	transfo-xl-wt103	delta	conditioned-cat-only	pair_significant	60	60	1782	29.7	2.9393939393939394	0.5836423293897702	0.39516707569201076	0.5358577632765856	0.369383893479194	0.8602652769812053	0.7925714285714286	0.8573353771698322	0.7885714285714286	0.016105707660877003	0.016790520169322153	0.12908290925231058	0.13177083408411744	0.6901794862887386	0.555895066095579	0.7356575471699854	0.6336439930496286
delta	5	transfo-xl-wt103	delta	conditioned-cat-only	pair_not_significant	13	13	25	1.9230769230769231	2.0	0.9363803863525391	0.9363803863525391	0.6984629034996033	0.6984629034996033	1.0	1.0	1.0	1.0	0.06477638648812957	0.06477638648812957	0.3116383287848228	0.3116383287848228	1.0	1.0	1.0	1.0
delta	5	transfo-xl-wt103	delta	conditioned-exclude	all	73	73	8300	113.6986301369863	3.088235294117647	-0.11266965253061839	-0.16266146100588194	-0.08499653625767678	-0.12867063411044108	0.4651730487865003	0.439379507415975	0.4444877055864578	0.4052252007075793	0.7046505549032702	0.7758279518935972	0.7421503675102923	0.7999310461262179	0.135294754344761	0.097676118431922	0.1919308888271141	0.1532320377143567
delta	5	transfo-xl-wt103	delta	conditioned-exclude	pair_significant	60	60	6288	104.8	3.1403508771929824	-0.11407552111409225	-0.1846727354497847	-0.0866212870079872	-0.1472183050281814	0.48396308447069203	0.4582677165354331	0.46781658493944633	0.42869641294838146	0.6546693383808655	0.7154686891950154	0.6979360263577733	0.7459340338225217	0.15432579850559935	0.11770055890340068	0.2190173614278166	0.1860477106343743
delta	5	transfo-xl-wt103	delta	conditioned-exclude	pair_not_significant	13	13	2012	154.76923076923077	2.8181818181818183	-0.10501547913170522	-0.08567588362099564	-0.0761506710615423	-0.06379919023352197	0.3628717433947897	0.3733170134638923	0.31747491799796435	0.32313341493268055	0.9767705115252517	0.9869376130456141	0.9828728915628948	0.9887884055605054	0.03168129169130768	0.0276395962198653	0.0444600935566226	0.03845751461894621
delta	5	transfo-xl-wt103	delta	raw	all	73	73	13730	188.08219178082192	9.095890410958905	-0.570681904688374	-0.5731521877320824	-0.4410879882181891	-0.4420444083516443	0.31299717274731126	0.30961353727924334	0.20314672327782204	0.2001773442695633	0.7804805904062986	0.7841152882935749	0.8036100618245948	0.8064722817484682	0.06848432042694506	0.06793276156251044	0.1197340868975242	0.11990793199161284
delta	5	transfo-xl-wt103	delta	raw	pair_significant	60	60	11141	185.68333333333334	9.533333333333333	-0.621009862376377	-0.6278360940364021	-0.48049180591478946	-0.48464980670598284	0.31110826068154246	0.3067947221972893	0.18866925440446242	0.18391526792927027	0.7571733452441562	0.7598314252441811	0.782534141880489	0.7844256159883986	0.07457791498796018	0.07435028663311735	0.13097652889066652	0.13201678819483562
delta	5	transfo-xl-wt103	delta	raw	pair_not_significant	13	13	2589	199.15384615384616	7.076923076923077	-0.31904211624835926	-0.3184559502168543	-0.2440688997351875	-0.24360513449475218	0.32244173307615526	0.32274247491638797	0.27553406764462046	0.27591973244147155	0.897016816217011	0.8972200199964575	0.908989661545125	0.9091570239027054	0.03801634762186943	0.0380424409890858	0.06352187693181266	0.06350961804508082
delta	6	transfo-xl-wt103	delta	conditioned-cat-only	all	73	73	1807	24.753424657534246	2.911764705882353	0.5857905737357214	0.38589001019550884	0.5325540566382188	0.36362238616930176	0.8604405572467191	0.7859154929577464	0.8586467516571807	0.7847887323943662	0.020719059540071763	0.020704000297776436	0.14672458763068202	0.14689600737847075	0.6914222841590676	0.5447714420878838	0.7397592880394463	0.6312814763089541
delta	6	transfo-xl-wt103	delta	conditioned-cat-only	pair_significant	60	60	1782	29.7	2.9393939393939394	0.5744396843496831	0.3780074654168316	0.5273191814973665	0.3588907747430827	0.8559386397385488	0.7828571428571428	0.8540869694525737	0.7817142857142857	0.019326965440296197	0.020087286350128755	0.14122995431109706	0.1444651186190515	0.681468164293231	0.5382681769748535	0.7313644263632995	0.6260140688276533
delta	6	transfo-xl-wt103	delta	conditioned-cat-only	pair_not_significant	13	13	25	1.9230769230769231	2.0	0.9376681447029114	0.9376681447029114	0.6948351860046387	0.6948351860046387	1.0	1.0	1.0	1.0	0.06387397663311425	0.06387397663311425	0.3170582205378164	0.3170582205378164	1.0	1.0	1.0	1.0
delta	6	transfo-xl-wt103	delta	conditioned-exclude	all	73	73	8300	113.6986301369863	3.088235294117647	-0.11492764220496736	-0.16527508830890428	-0.08372436575581528	-0.12714446373694857	0.46857782910029333	0.442645257858212	0.44272935781156264	0.40250374200571504	0.7059911610797621	0.776719477603444	0.7459620560897047	0.802330271254364	0.12705801915442283	0.09142679666871865	0.18689789701674742	0.14875443790437373
delta	6	transfo-xl-wt103	delta	conditioned-exclude	pair_significant	60	60	6288	104.8	3.1403508771929824	-0.11698289526916318	-0.18836745034760902	-0.08561766692330319	-0.14599514322279308	0.48758506933191637	0.4621172353455818	0.46573527532834597	0.4251968503937008	0.6562521674295362	0.7165995454302362	0.7025630563490467	0.7492347865357137	0.1447060370282187	0.10996103126188385	0.21369793147584076	0.18113606012741593
delta	6	transfo-xl-wt103	delta	conditioned-exclude	pair_not_significant	13	13	2012	154.76923076923077	2.8181818181818183	-0.103737931077679	-0.08450835082347127	-0.07341639273282555	-0.06121323163070542	0.36509396561701196	0.37454100367197063	0.31747491799796435	0.32313341493268055	0.976792348730993	0.9869920677930908	0.9822454991221762	0.9880344910628628	0.030974366285978678	0.02660234703595298	0.040986598295016816	0.035498029700771226
delta	6	transfo-xl-wt103	delta	raw	all	73	73	13730	188.08219178082192	9.095890410958905	-0.5666526044563701	-0.568764532031722	-0.43066519785982865	-0.43122845862674924	0.3127686483419486	0.30872681593142687	0.20465921612152954	0.20150742629128796	0.7814687255160699	0.7850861179120667	0.8063571695903669	0.8092439816012718	0.06326717408950401	0.06291385132908686	0.12088667997096161	0.12037119683863115
delta	6	transfo-xl-wt103	delta	raw	pair_significant	60	60	11141	185.68333333333334	9.533333333333333	-0.6169595198395351	-0.6233485649750219	-0.4691752881432573	-0.47278949928607633	0.3098306728515478	0.3046405170092451	0.19006463936715418	0.18508212907279417	0.7582339630764943	0.760876559660239	0.7855855077136426	0.787530143669145	0.06630341908673988	0.06609454583862366	0.1290128570527342	0.12899366720739883
delta	6	transfo-xl-wt103	delta	raw	pair_not_significant	13	13	2589	199.15384615384616	7.076923076923077	-0.3151180275405447	-0.31453346555124356	-0.23811474644268552	-0.23765339425151363	0.3274585257939529	0.3277591973244147	0.2776320998934065	0.27801003344481606	0.8976425377139482	0.8978447669436774	0.9102154789739881	0.9103785419699275	0.048085949103324616	0.04809942092325506	0.08025579456209872	0.08021110387105557
delta	7	transfo-xl-wt103	delta	conditioned-cat-only	all	73	73	1807	24.753424657534246	2.911764705882353	0.5851007521850988	0.3884252097562585	0.5293324911326636	0.36344117444165996	0.8592617038041142	0.7859154929577464	0.8608285449515127	0.7876056338028169	0.02351838313024535	0.02384085810778146	0.1556978898435945	0.15713038691142062	0.6576465399181584	0.531507211278437	0.7054691741923214	0.6132802536222985
delta	7	transfo-xl-wt103	delta	conditioned-cat-only	pair_significant	60	60	1782	29.7	2.9393939393939394	0.57377990875994	0.38060204277613335	0.5241117694024597	0.3587592645798411	0.8547217587655372	0.7828571428571428	0.8563391431757551	0.7845714285714286	0.022211577974291272	0.023266736895538032	0.15048416704203127	0.1548419167716973	0.6466028799155185	0.5248144571538433	0.6959681798114284	0.6077556858169028
delta	7	transfo-xl-wt103	delta	conditioned-cat-only	pair_not_significant	13	13	25	1.9230769230769231	2.0	0.9360468983650208	0.9360468983650208	0.6911748647689819	0.6911748647689819	1.0	1.0	1.0	1.0	0.06402934296482185	0.06402934296482185	0.3173232966920541	0.3173232966920541	1.0	1.0	1.0	1.0
delta	7	transfo-xl-wt103	delta	conditioned-exclude	all	73	73	8300	113.6986301369863	3.088235294117647	-0.11310017162608786	-0.16342403934321706	-0.08027794131816461	-0.12354063532329261	0.46174095054333175	0.43393659001224655	0.4402772189860458	0.39978228330385085	0.7071755336448998	0.7775502292708644	0.7491903832178327	0.8048029106421434	0.12980932654590646	0.09350729367762615	0.18718583490838936	0.14887733496640335
delta	7	transfo-xl-wt103	delta	conditioned-exclude	pair_significant	60	60	6288	104.8	3.1403508771929824	-0.11497721666047274	-0.18621854140855695	-0.0820040926527308	-0.1420817971145628	0.48020880575054004	0.4516185476815398	0.46324090692263226	0.4220472440944882	0.6575780025112256	0.7175812615627776	0.706370852535232	0.752462445792357	0.14726590278315219	0.1115440797000282	0.21364672848570115	0.18068215749128522
delta	7	transfo-xl-wt103	delta	conditioned-exclude	pair_not_significant	13	13	2012	154.76923076923077	2.8181818181818183	-0.10288070421665907	-0.08369908260917941	-0.07088000627441539	-0.05869195745480469	0.36119373885964234	0.37209302325581395	0.3152526957757421	0.3219094247246022	0.9772065364837944	0.9872948133906418	0.9823189391564355	0.9878664091834707	0.03476796703201293	0.030422696298172257	0.04312096987635865	0.03763831371199691
delta	7	transfo-xl-wt103	delta	raw	all	73	73	13730	188.08219178082192	9.095890410958905	-0.5637871872168034	-0.5659730207751166	-0.4225906709260825	-0.42321480381943444	0.3104142567715815	0.306362225670583	0.20365777311136346	0.20032513116086603	0.782354295236009	0.7859484895022607	0.8088098474840978	0.8116369164952447	0.06419012197597054	0.06433329210285874	0.11858748909109819	0.11793983310511609
delta	7	transfo-xl-wt103	delta	raw	pair_significant	60	60	11141	185.68333333333334	9.533333333333333	-0.6137689373766383	-0.6202232832534289	-0.46037937809402746	-0.4640132731284664	0.3070887405303443	0.3018580019746881	0.18869455758660478	0.18346647518176107	0.759272823136929	0.7618985819993364	0.7885565116771212	0.790466967673616	0.06843289170889173	0.06891318603156331	0.12824938064932173	0.12817806480553262
delta	7	transfo-xl-wt103	delta	raw	pair_not_significant	13	13	2589	199.15384615384616	7.076923076923077	-0.3138784364176293	-0.31329652651471634	-0.2336471350863576	-0.23319149839638867	0.3270418379777676	0.3273411371237458	0.2784738507351573	0.27884615384615385	0.8977616557314078	0.8979635478175121	0.910076526518981	0.9102382542133732	0.04297627331136461	0.04300193831535967	0.07027803129998059	0.07025415610915442
delta	8	transfo-xl-wt103	delta	conditioned-cat-only	all	73	73	1807	24.753424657534246	2.911764705882353	0.5909550650394522	0.40012425235249627	0.5247084759139398	0.36470703584870034	0.8573892947132762	0.7830985915492957	0.8590248526830502	0.7847887323943662	0.029251275610360332	0.029017477488510825	0.17151487435840357	0.17115202020187853	0.6562772993151709	0.5262804518533565	0.709565358597418	0.6210522133989872
delta	8	transfo-xl-wt103	delta	conditioned-cat-only	pair_significant	60	60	1782	29.7	2.9393939393939394	0.5805030017490348	0.3927693269997835	0.5205045053998248	0.3605595426200889	0.8527889493814462	0.78	0.8544772672857293	0.7817142857142857	0.02743161264783024	0.028208286774792504	0.16567798564961095	0.16856192871431994	0.6451894702608215	0.5195130297369758	0.7001964991973347	0.6156386735904015
delta	8	transfo-xl-wt103	delta	conditioned-cat-only	pair_not_significant	13	13	25	1.9230769230769231	2.0	0.9149690270423889	0.9149690270423889	0.6550315618515015	0.6550315618515015	1.0	1.0	1.0	1.0	0.08566082744879326	0.08566082744879326	0.35245842433097685	0.35245842433097685	1.0	1.0	1.0	1.0
delta	8	transfo-xl-wt103	delta	conditioned-exclude	all	73	73	8300	113.6986301369863	3.088235294117647	-0.10717620622719927	-0.15790101826556685	-0.07388451989089813	-0.11667949685160373	0.4639277938604961	0.43611375697373794	0.4399199376612377	0.39814940808273236	0.7090302336615235	0.7787821288374316	0.753517002715099	0.8077898408287082	0.12942544416743498	0.09103575591881867	0.1930774463617336	0.15263339820177727
delta	8	transfo-xl-wt103	delta	conditioned-exclude	pair_significant	60	60	6288	104.8	3.1403508771929824	-0.1086024689031955	-0.1798578618434099	-0.07522140254922287	-0.1342474143601154	0.4828249261185856	0.45476815398075243	0.4633579009964313	0.42082239720035	0.6596384621848803	0.719074735461591	0.7113282512627038	0.7562083704750577	0.14693593559831195	0.10851453760294397	0.2204547297819303	0.18550475523336188
delta	8	transfo-xl-wt103	delta	conditioned-exclude	pair_not_significant	13	13	2012	154.76923076923077	2.8181818181818183	-0.09941099832455318	-0.08110581566619537	-0.06660593652890788	-0.05523479148982642	0.361043407122009	0.3708690330477356	0.31231324839185026	0.3188494492044064	0.9779409894788034	0.9876118431231907	0.983211316178141	0.9881987166372223	0.03409054637710502	0.029902807739641157	0.0440233477406627	0.037664117029496846
delta	8	transfo-xl-wt103	delta	raw	all	73	73	13730	188.08219178082192	9.095890410958905	-0.5556882388708699	-0.5577596062780564	-0.409269167323752	-0.40994973180958444	0.30932512494982145	0.3056971846597207	0.20399891269104836	0.2006207049434715	0.7838548359072359	0.7873098025851017	0.8118154465621782	0.8143622545485488	0.06730198244173326	0.06722175418767778	0.12204109475065295	0.1215366663942942
delta	8	transfo-xl-wt103	delta	raw	pair_significant	60	60	11141	185.68333333333334	9.533333333333333	-0.6058948474470526	-0.612224472202053	-0.4476581188462054	-0.45140076173894417	0.3060343160565649	0.30131945067767707	0.189021014739266	0.18373575083026658	0.7609854874966768	0.7634584512471273	0.7920327787145542	0.7936385075549262	0.07189707976203244	0.07213196662998708	0.1320114281801408	0.13213561625611553
delta	8	transfo-xl-wt103	delta	raw	pair_not_significant	13	13	2589	199.15384615384616	7.076923076923077	-0.30465519598995644	-0.30408357314292006	-0.21732440971148512	-0.2168870543668601	0.3257791694161041	0.32608695652173914	0.27888840244996027	0.2792642140468227	0.8982015779600312	0.8984000639799067	0.9107287858002983	0.9108853587525407	0.044326495840237394	0.04435190601887854	0.07218942760321378	0.07217090535309381
delta	9	transfo-xl-wt103	delta	conditioned-cat-only	all	73	73	1807	24.753424657534246	2.911764705882353	0.592018655850552	0.4077307562540535	0.5108779057136417	0.3598952797566488	0.869234331682176	0.7971830985915493	0.8708229630236144	0.7988732394366197	0.04112926903143505	0.041023054897865584	0.20321954286192	0.20206189157538137	0.6397111456898038	0.5261409128490218	0.6943020479684365	0.62091155191724
delta	9	transfo-xl-wt103	delta	conditioned-cat-only	pair_significant	60	60	1782	29.7	2.9393939393939394	0.5826251193160011	0.40093807722308805	0.5080812345803415	0.356499859312516	0.8650160843170849	0.7942857142857143	0.8666559618308277	0.796	0.038700883247846096	0.03994610956322521	0.19649327865150754	0.19906657954953394	0.6280889245830232	0.5193714973182935	0.6844408237093539	0.615496002658915
delta	9	transfo-xl-wt103	delta	conditioned-cat-only	pair_not_significant	13	13	25	1.9230769230769231	2.0	0.8832182884216309	0.8832182884216309	0.5975747108459473	0.5975747108459473	1.0	1.0	1.0	1.0	0.11640922832269227	0.11640922832269225	0.4117337333847058	0.4117337333847058	1.0	1.0	1.0	1.0
delta	9	transfo-xl-wt103	delta	conditioned-exclude	all	73	73	8300	113.6986301369863	3.088235294117647	-0.10014741357811326	-0.15137517063686626	-0.06480540025975266	-0.10663481014965881	0.4632568520194241	0.43407266294733976	0.44309296103180984	0.40087086678459655	0.713474655377232	0.7818677322005433	0.763531613132699	0.8151928522256879	0.13521261147064365	0.09489965256815637	0.19680397081403286	0.15455205524931218
delta	9	transfo-xl-wt103	delta	conditioned-exclude	pair_significant	60	60	6288	104.8	3.1403508771929824	-0.10130710995634923	-0.17261062081201367	-0.06566193780495919	-0.12279498610876326	0.48182666842915345	0.4519685039370079	0.4673178062105779	0.42449693788276466	0.6647506978051637	0.7229580782826979	0.7230681841181351	0.765776854378785	0.15349188622903556	0.11312664097234225	0.22454837810822556	0.1875173412408049
delta	9	transfo-xl-wt103	delta	conditioned-exclude	pair_not_significant	13	13	2012	154.76923076923077	2.8181818181818183	-0.09383351107438405	-0.07710307899000741	-0.06014202918029494	-0.05011375408706277	0.3621545182331201	0.3714810281517748	0.3112021372807392	0.3182374541003672	0.9787495354918262	0.987907311233889	0.9838325044342147	0.9880278752948741	0.03569211556384321	0.031149812464164706	0.0457510866567615	0.0392542526536078
delta	9	transfo-xl-wt103	delta	raw	all	73	73	13730	188.08219178082192	9.095890410958905	-0.5390362363412149	-0.5407432177901871	-0.38095528953191304	-0.3814754379280217	0.31490221506672356	0.3110175127466194	0.21148518879331352	0.20852730362816818	0.7870356567127487	0.7903551110260393	0.8195473023866415	0.821888340681374	0.0748234434050043	0.07458219844069704	0.1296315721101846	0.12926957928280314
delta	9	transfo-xl-wt103	delta	raw	pair_significant	60	60	11141	185.68333333333334	9.533333333333333	-0.5881044132790217	-0.5939050075647299	-0.4168587059403459	-0.42021812234110995	0.31247681996694376	0.307512790593304	0.19842288777052686	0.19378870837447268	0.7644025013984074	0.7667296741573658	0.800243281395476	0.801637224536342	0.08012820057434906	0.08022802423429574	0.14077602557391863	0.14116444158131392
delta	9	transfo-xl-wt103	delta	raw	pair_not_significant	13	13	2589	199.15384615384616	7.076923076923077	-0.29369535165218014	-0.29313640345984376	-0.2014382074897488	-0.20102717411271406	0.3270291905656228	0.3273411371237458	0.27679669390724665	0.27717391304347827	0.9002014332844558	0.9003931512241548	0.9160674073424687	0.9162101153351366	0.04829965755828065	0.048286151130294316	0.07390930479151413	0.07386796520767407
delta	10	transfo-xl-wt103	delta	conditioned-cat-only	all	73	73	1807	24.753424657534246	2.911764705882353	0.5862838480970822	0.4043721626016875	0.48775925531299436	0.3445347397904974	0.8781816678338441	0.8123943661971831	0.877753894835194	0.8123943661971831	0.060442133355928775	0.06084234790088466	0.24787622960827857	0.24684847705018775	0.6381697472515498	0.5276104083806723	0.701306231036685	0.6284152884886024
delta	10	transfo-xl-wt103	delta	conditioned-cat-only	pair_significant	60	60	1782	29.7	2.9393939393939394	0.5778700425139358	0.3980473103363599	0.48591475378376464	0.34167182460580287	0.8742520442155809	0.8097142857142857	0.8738104720879422	0.8097142857142857	0.05749903270125019	0.05954469210445495	0.24071984426421278	0.24366453850412872	0.658755868130632	0.5351476999289676	0.7184815411460523	0.634980198072064
delta	10	transfo-xl-wt103	delta	conditioned-cat-only	pair_not_significant	13	13	25	1.9230769230769231	2.0	0.8471118211746216	0.8471118211746216	0.5449388027191162	0.5449388027191162	1.0	1.0	1.0	1.0	0.1516782536509651	0.1516782536509651	0.46972417527431654	0.46972417527431654	0.0	0.0	0.16887161764629965	0.16887161764629965
delta	10	transfo-xl-wt103	delta	conditioned-exclude	all	73	73	8300	113.6986301369863	3.088235294117647	-0.09543822079059941	-0.1461881209374838	-0.05805121561721096	-0.09766935030633202	0.4716424786309993	0.44169274731255953	0.4493260670349057	0.40944346169546875	0.7208210193915432	0.7868673337285061	0.7782969437881359	0.8254897076249679	0.13362302302027929	0.0936992746693029	0.1988689003988244	0.15723418564569047
delta	10	transfo-xl-wt103	delta	conditioned-exclude	pair_significant	60	60	6288	104.8	3.1403508771929824	-0.0970282220437277	-0.16746266924159228	-0.05909662525055512	-0.11321484662526411	0.4906122465434054	0.4605424321959755	0.4742876051530179	0.4351706036745407	0.6733037539203214	0.7293009594073175	0.7404653195366768	0.7791484994892665	0.15223999907414068	0.11264164351653931	0.22639267866219218	0.19032801088918377
delta	10	transfo-xl-wt103	delta	conditioned-exclude	pair_not_significant	13	13	2012	154.76923076923077	2.8181818181818183	-0.08678154730134541	-0.07177928155071514	-0.052359540946781635	-0.043298168260617824	0.3683626311078997	0.37576499388004897	0.3134243595029614	0.31946144430844553	0.979526131401528	0.9882087224956981	0.9842691202683014	0.9875704937299459	0.03226393117147824	0.027447354251949153	0.04901721874271134	0.04148681032955594
delta	10	transfo-xl-wt103	delta	raw	all	73	73	13730	188.08219178082192	9.095890410958905	-0.5104882961475394	-0.5118266835179477	-0.34424597370848964	-0.34464519833398277	0.32427172555968614	0.31973693933348113	0.2243713610453852	0.22182812384541492	0.7921864185509596	0.795355985381427	0.8302604942575059	0.8323268405440012	0.07229542277242589	0.07214808877599321	0.12607948116816503	0.1261025264088236
delta	10	transfo-xl-wt103	delta	raw	pair_significant	60	60	11141	185.68333333333334	9.533333333333333	-0.5573988168810805	-0.5625878713226529	-0.3772339614952216	-0.38022576845459277	0.32237892162673565	0.3166681626424917	0.2127183757548429	0.20868862759177811	0.7701060426225933	0.772293069416914	0.8122845045380633	0.8134446818549624	0.0788190728988628	0.07912203016417313	0.13711824233337894	0.13797124676727793
delta	10	transfo-xl-wt103	delta	raw	pair_not_significant	13	13	2589	199.15384615384616	7.076923076923077	-0.27593569247983396	-0.2754009337971193	-0.17930603477482995	-0.17892482554396757	0.3337357452244387	0.3340301003344482	0.28263628749809655	0.2830267558528428	0.9025882981927911	0.9027740233248385	0.9201404428547194	0.9202725470467523	0.03967717214024132	0.03966619872343778	0.0708856753420953	0.07082267126102258
delta	11	transfo-xl-wt103	delta	conditioned-cat-only	all	73	73	1807	24.753424657534246	2.911764705882353	0.5778495533013484	0.4041493831094827	0.4659987276500033	0.3337440282053275	0.8862529875737912	0.8214084507042253	0.8856908402416549	0.8236619718309859	0.08076777473924018	0.07999354433818524	0.286867804276831	0.28402536843194853	0.6377978896838177	0.51893431052019	0.6968912734756028	0.6210978002648568
delta	11	transfo-xl-wt103	delta	conditioned-cat-only	pair_significant	60	60	1782	29.7	2.9393939393939394	0.5701480597828424	0.3982572906914034	0.46470431917001526	0.3312814373149803	0.8825837291084296	0.8188571428571428	0.8820034479913856	0.8211428571428572	0.07760986411134112	0.0785839806258149	0.2799653085613015	0.2809279426744299	0.6261139506413603	0.5120619435276212	0.687113572619977	0.6156849116972117
delta	11	transfo-xl-wt103	delta	conditioned-cat-only	pair_not_significant	13	13	25	1.9230769230769231	2.0	0.8165958523750305	0.8165958523750305	0.5061253905296326	0.5061253905296326	1.0	1.0	1.0	1.0	0.17866300420411016	0.17866300420411016	0.5008451714582474	0.5008451714582474	1.0	1.0	1.0	1.0
delta	11	transfo-xl-wt103	delta	conditioned-exclude	all	73	73	8300	113.6986301369863	3.088235294117647	-0.08908637326636255	-0.13878337627349077	-0.05069806744898509	-0.08795953638170988	0.470377969963689	0.4395155803510682	0.4545422311260592	0.4142060144237311	0.7279216260678718	0.7917582403499339	0.7910645812538537	0.8349855206480468	0.13873548598287389	0.09952230618197415	0.20064749481233374	0.1596731469478467
delta	11	transfo-xl-wt103	delta	conditioned-exclude	pair_significant	60	60	6288	104.8	3.1403508771929824	-0.09046980777840909	-0.15904842032299296	-0.05108264603946662	-0.1015557354952071	0.4893328390471925	0.4582677165354331	0.47996282988485767	0.4411198600174978	0.6814786323349792	0.7353612324181875	0.755114792110908	0.7907820231078974	0.15655097433439152	0.11765274212027149	0.2277862703140707	0.19246347750248088
delta	11	transfo-xl-wt103	delta	conditioned-exclude	pair_not_significant	13	13	2012	154.76923076923077	2.8181818181818183	-0.08155434092299806	-0.06790533053119881	-0.048604250678585634	-0.0404061227136336	0.3671792382868363	0.37392900856793143	0.31614119343926766	0.3200734394124847	0.9807779252802873	0.9890097093400998	0.9867912110321141	0.9895895527422659	0.04174004940238899	0.036110163350046826	0.05289193930287705	0.04498726009366393
delta	11	transfo-xl-wt103	delta	raw	all	73	73	13730	188.08219178082192	9.095890410958905	-0.48354372854292804	-0.48455863903427815	-0.31464496886797455	-0.3149320632526934	0.33235497688869536	0.3278652183551319	0.23079274072769446	0.22877410773664375	0.797080871160626	0.8000818792518951	0.8397261281752447	0.841517071250739	0.07593357540789487	0.07487631428754793	0.13092111042551688	0.130072304321994
delta	11	transfo-xl-wt103	delta	raw	pair_significant	60	60	11141	185.68333333333334	9.533333333333333	-0.5288537739931295	-0.5335262074787195	-0.34556680435004333	-0.3482637979750106	0.3323309085640843	0.32681087873619963	0.21883355373288513	0.21542051880441612	0.7755932029127387	0.7776200032375137	0.8227366467399281	0.8236359325089526	0.08172706607307624	0.08086769419231812	0.14265255922510542	0.1424896652769624
delta	11	transfo-xl-wt103	delta	raw	pair_not_significant	13	13	2589	199.15384615384616	7.076923076923077	-0.2569935012919207	-0.25648686644250535	-0.1600357914576307	-0.1596858857688572	0.33247531851175066	0.33277591973244147	0.2905886757017411	0.2909698996655518	0.9045192124000628	0.904700508297139	0.9246735353518277	0.9248004185426476	0.04696612208198802	0.04697081114413444	0.07226386642757428	0.07223709596108131
delta	12	transfo-xl-wt103	delta	conditioned-cat-only	all	73	73	1807	24.753424657534246	2.911764705882353	0.5449073872391637	0.38450394552672434	0.4127725220969296	0.2991575041309681	0.8917260757441459	0.8416901408450704	0.8915828009136595	0.8450704225352113	0.1379381456153479	0.13607192763324566	0.37221440639094505	0.3671187326802185	0.5895605292035757	0.542468262827664	0.6316101752113931	0.6171335307560769
delta	12	transfo-xl-wt103	delta	conditioned-cat-only	pair_significant	60	60	1782	29.7	2.9393939393939394	0.5395080849867232	0.37982134821903724	0.41337271061004893	0.2978002302158358	0.888233368510086	0.8394285714285714	0.8880854719108743	0.8428571428571429	0.13317253096411683	0.13393478088795616	0.36415256254441253	0.36347569220945797	0.611562015601528	0.5515390315699585	0.6523874383456489	0.6261280809375998
delta	12	transfo-xl-wt103	delta	conditioned-cat-only	pair_not_significant	13	13	25	1.9230769230769231	2.0	0.7122857570648193	0.7122857570648193	0.3941666781902313	0.3941666781902313	1.0	1.0	1.0	1.0	0.28567219980351166	0.28567219980351166	0.6221315656334538	0.6221315656334538	-0.09248554913294797	-0.09248554913294797	-0.012484981950537592	-0.012484981950537592
delta	12	transfo-xl-wt103	delta	conditioned-exclude	all	73	73	8300	113.6986301369863	3.088235294117647	-0.0812335964841748	-0.12638504852322763	-0.04225987806948352	-0.07386064080770864	0.46400189944560427	0.4336644441420601	0.46005496582851063	0.4220982446591373	0.7485323027897818	0.8059003253355386	0.8178629068883744	0.854632964929168	0.15492604253622877	0.11033989020488985	0.20776364978822628	0.16199357003439716
delta	12	transfo-xl-wt103	delta	conditioned-exclude	pair_significant	60	60	6288	104.8	3.1403508771929824	-0.08306888159101933	-0.1454025344158469	-0.041858643326642256	-0.08446450702877013	0.48312814345027444	0.45336832895888013	0.4839960001647661	0.447419072615923	0.7052574249566773	0.7530386202980922	0.785954853818842	0.8150027962425984	0.17637655160379392	0.1322166566803445	0.2379049359305203	0.19754992196887533
delta	12	transfo-xl-wt103	delta	conditioned-exclude	pair_not_significant	13	13	2012	154.76923076923077	2.8181818181818183	-0.07124148868024349	-0.05987040233208982	-0.04444437833606369	-0.03677306709083816	0.35987012653128886	0.36474908200734396	0.32970933444223055	0.33353733170134636	0.9841399709922403	0.9907868885479049	0.9915845291558285	0.9932415414553284	0.03813993761281838	0.03382476143669948	0.043661091902403214	0.03763337951692878
delta	12	transfo-xl-wt103	delta	raw	all	73	73	13730	188.08219178082192	9.095890410958905	-0.43372936925799066	-0.4343638374278652	-0.26953397248871624	-0.26983090448288566	0.33396654353602895	0.32949087415946204	0.25412444233375375	0.2524200103450824	0.8105604502818711	0.8132824471875643	0.8610371891739776	0.8625381319085904	0.08217020158377077	0.08149677316101692	0.1309339717751356	0.1307663840805454
delta	12	transfo-xl-wt103	delta	raw	pair_significant	60	60	11141	185.68333333333334	9.533333333333333	-0.47519808458164337	-0.47911044173230205	-0.296592296489204	-0.29900706366283675	0.33292054628583834	0.32734943003321065	0.24280598782299062	0.2398348442689166	0.789848859935557	0.7915985480949488	0.8457010120322231	0.846376081845789	0.09140098572241308	0.09126165580788187	0.1434564279025742	0.14418186156920834
delta	12	transfo-xl-wt103	delta	raw	pair_not_significant	13	13	2589	199.15384615384616	7.076923076923077	-0.22638579263972738	-0.22595166411861328	-0.1342423524862776	-0.13393977178061336	0.33919652978698206	0.3394648829431438	0.3107167148875692	0.3110367892976589	0.9141184020134411	0.914277564156975	0.9377180748827506	0.9378146368206598	0.03601628089055936	0.036015770832955554	0.06832169113794266	0.06828233947302276
delta	13	transfo-xl-wt103	delta	conditioned-cat-only	all	73	73	1807	24.753424657534246	2.911764705882353	0.5270527738030069	0.37602480597321836	0.37775390649039764	0.2763987993401751	0.9017874602505691	0.856338028169014	0.8953859261105367	0.8512676056338028	0.18037567954222458	0.1778517333830833	0.430693386957662	0.42438203728609397	0.5272180730820077	0.5040022105056984	0.577510489665766	0.5870453953331263
delta	13	transfo-xl-wt103	delta	conditioned-cat-only	pair_significant	60	60	1782	29.7	2.9393939393939394	0.5228564572790938	0.3720088948293456	0.37922110343952814	0.2756006278869297	0.8986193138070391	0.8542857142857143	0.8920112785657153	0.8491428571428571	0.17514157394661653	0.1754977159598977	0.4222603752362158	0.42055725567128815	0.5472085125082965	0.5125234642148219	0.5965426016533888	0.5956101150086072
delta	13	transfo-xl-wt103	delta	conditioned-cat-only	pair_not_significant	13	13	25	1.9230769230769231	2.0	0.6571385860443115	0.6571385860443115	0.3322708010673523	0.3322708010673523	1.0	1.0	1.0	1.0	0.34263295300607405	0.34263295300607405	0.6921167503224955	0.6921167503224956	-0.09248554913294797	-0.09248554913294797	-0.012484981950537592	-0.012484981950537592
delta	13	transfo-xl-wt103	delta	conditioned-exclude	all	73	73	8300	113.6986301369863	3.088235294117647	-0.07105664023527361	-0.11415419785023825	-0.035139305069480604	-0.06326378760483306	0.47352391070689265	0.44196489318274595	0.4655645251857577	0.4261804327119336	0.763238782924459	0.8164273792630746	0.8340486067824691	0.8659045459090624	0.1544235822650743	0.10891359762286815	0.2064063977229725	0.16013121580282766
delta	13	transfo-xl-wt103	delta	conditioned-exclude	pair_significant	60	60	6288	104.8	3.1403508771929824	-0.07257279937336107	-0.13154997226612256	-0.033992923218851945	-0.07171619012852037	0.49396001875645246	0.46334208223972	0.489195464995704	0.4503937007874016	0.7223259583296857	0.7662823655189727	0.8055347442196635	0.8304937355572739	0.17813442383341152	0.1337992823170749	0.2385058099265623	0.19844251927992457
delta	13	transfo-xl-wt103	delta	conditioned-exclude	pair_not_significant	13	13	2012	154.76923076923077	2.8181818181818183	-0.06280199603901969	-0.05331157190973712	-0.04138071736734775	-0.033701070087774905	0.3622606557704003	0.3671970624235006	0.336907186220494	0.34149326805385555	0.9859863834960014	0.9918121733558181	0.9892907474021873	0.989755697170061	0.02533122261523833	0.02187462086191846	0.03164293128120563	0.026135438953617852
delta	13	transfo-xl-wt103	delta	raw	all	73	73	13730	188.08219178082192	9.095890410958905	-0.3893076451074901	-0.38952039670896493	-0.2340135445507864	-0.23422046235896665	0.3455389248283108	0.3413138254636814	0.26992438833841764	0.2677159535949161	0.8217423285729634	0.8241791648030374	0.8743284077312363	0.875627745854523	0.07868059470612757	0.07894870426608822	0.12671018642764242	0.1262181505475382
delta	13	transfo-xl-wt103	delta	raw	pair_significant	60	60	11141	185.68333333333334	9.533333333333333	-0.42649786683032287	-0.4295740848578392	-0.25716619143883385	-0.2591786073078901	0.3454639864127572	0.34027466116147564	0.26058918073124204	0.25715824432277173	0.8018980293655849	0.8033685895571874	0.8605933647465319	0.8611442447753279	0.08613163870417612	0.08700468197290624	0.13815223061047516	0.13840435472662668
delta	13	transfo-xl-wt103	delta	raw	pair_not_significant	13	13	2589	199.15384615384616	7.076923076923077	-0.20335653649332622	-0.20296599049382785	-0.11825031011054914	-0.11797518941751342	0.34591361690607925	0.34615384615384615	0.3166004263742957	0.3168896321070234	0.9209638246098558	0.9211066810296336	0.9430036226547576	0.9430862264244698	0.04142537471588479	0.04142711244683248	0.0694999655134788	0.06945957999602266
delta	14	transfo-xl-wt103	delta	conditioned-cat-only	all	73	73	1807	24.753424657534246	2.911764705882353	0.49595410769688897	0.353647715270939	0.3419755537324818	0.25023750321546073	0.9044600291812035	0.859718309859155	0.8989661035809604	0.8529577464788732	0.23294490051784172	0.22833262887872824	0.4885382359375066	0.4805713983857266	0.5575024214587518	0.5059642918046047	0.6090888565910801	0.5900474579879588
delta	14	transfo-xl-wt103	delta	conditioned-cat-only	pair_significant	60	60	1782	29.7	2.9393939393939394	0.49297585623759416	0.35029582687573774	0.3438767664164545	0.24976892525383404	0.9013780946386618	0.8577142857142858	0.8957069456319592	0.8508571428571429	0.22721320668505	0.22572841772936172	0.48054254531553126	0.4769166377166835	0.5772784852334067	0.5139860039097499	0.6299463330468492	0.5990123204383261
delta	14	transfo-xl-wt103	delta	conditioned-cat-only	pair_not_significant	13	13	25	1.9230769230769231	2.0	0.5882799029350281	0.5882799029350281	0.2830379605293274	0.2830379605293274	1.0	1.0	1.0	1.0	0.41062740933438524	0.41062740933438524	0.7364046452187426	0.7364046452187426	-0.05555555555555555	-0.05555555555555555	-0.03749291353775813	-0.03749291353775813
delta	14	transfo-xl-wt103	delta	conditioned-exclude	all	73	73	8300	113.6986301369863	3.088235294117647	-0.06253219218192028	-0.10222345411369417	-0.030143258157828503	-0.05474870691591323	0.4721067352174389	0.4397877262212546	0.46591421430703284	0.4246836304259083	0.7807504562187608	0.8288617238468728	0.8517659043369316	0.8789853107862183	0.13768475754608478	0.09781464320960914	0.19416273828988234	0.15133100324272367
delta	14	transfo-xl-wt103	delta	conditioned-exclude	pair_significant	60	60	6288	104.8	3.1403508771929824	-0.06387258642911436	-0.11788175151249404	-0.027953445726093287	-0.0605278348122835	0.4950103526386259	0.46491688538932635	0.493212148762201	0.4542432195975503	0.7427545729018888	0.7820343211413999	0.8260261896071714	0.8467262258522046	0.15916480934710434	0.12087317941969015	0.22519650912317415	0.18898280136925902
delta	14	transfo-xl-wt103	delta	conditioned-exclude	pair_not_significant	13	13	2012	154.76923076923077	2.8181818181818183	-0.055234490169419184	-0.04745774442327723	-0.04206557028616468	-0.03453590647053006	0.3474092625909763	0.3518971848225214	0.3172921267177836	0.321297429620563	0.9876169320550644	0.9926430007512655	0.9919043511989596	0.9918131384471051	0.02073780885164493	0.01716621331939317	0.025201097086404663	0.019641880664296774
delta	14	transfo-xl-wt103	delta	raw	all	73	73	13730	188.08219178082192	9.095890410958905	-0.35113149687741596	-0.35104120905344594	-0.2106597745959233	-0.21101269481551826	0.3451378939461482	0.3414616123549841	0.28346541515765467	0.28035173280130055	0.8341981796582859	0.8363809822857227	0.8874139460317984	0.8884681823351919	0.07429184674091587	0.07387914695446919	0.12517845945893105	0.12458062430580354
delta	14	transfo-xl-wt103	delta	raw	pair_significant	60	60	11141	185.68333333333334	9.533333333333333	-0.38553084020677486	-0.38802306669868275	-0.23086042438323298	-0.232827757764499	0.34656734742870987	0.34215959070101426	0.2769954227107835	0.2726864733865901	0.8155701196732944	0.8168244629479731	0.8745004321729336	0.8748162354028386	0.07978916027244638	0.0796941985230684	0.13631347289102316	0.13641628539365783
delta	14	transfo-xl-wt103	delta	raw	pair_not_significant	13	13	2589	199.15384615384616	7.076923076923077	-0.1791347802306215	-0.17879418730362004	-0.10965652565937489	-0.10940666792814598	0.3379906265333401	0.33821070234113715	0.31581537739201054	0.31605351170568563	0.9273384795832446	0.9274675968099153	0.9519815153261217	0.9520536090799018	0.046805279083263325	0.04679491220289562	0.06950339229847056	0.06945474630422142
delta	15	transfo-xl-wt103	delta	conditioned-cat-only	all	73	73	1807	24.753424657534246	2.911764705882353	0.4745678501203656	0.3371205476941672	0.3190363401226932	0.23336915835161023	0.9024063558931634	0.8552112676056338	0.8986599287995506	0.8535211267605634	0.26829779925373554	0.2631249498928298	0.5240078129661866	0.5158672834910156	0.5494891434657007	0.5378153450934843	0.5861152942045886	0.5958448050754896
delta	15	transfo-xl-wt103	delta	conditioned-cat-only	pair_significant	60	60	1782	29.7	2.9393939393939394	0.4725874806604078	0.3342799940415259	0.3216111744273334	0.2332856252326497	0.8992581738252008	0.8531428571428571	0.8953908942446974	0.8514285714285714	0.26190371958299824	0.2602193881906332	0.5155912243520622	0.5120236438265438	0.5690067144018701	0.5462920722456135	0.6062316880027289	0.6048924867699645
delta	15	transfo-xl-wt103	delta	conditioned-cat-only	pair_not_significant	13	13	25	1.9230769230769231	2.0	0.5359593033790588	0.5359593033790588	0.23921647667884827	0.23921647667884827	1.0	1.0	1.0	1.0	0.46651426904659155	0.46651426904659155	0.7849220600040419	0.7849220600040419	-0.05555555555555555	-0.05555555555555555	-0.03749291353775813	-0.03749291353775813
delta	15	transfo-xl-wt103	delta	conditioned-exclude	all	73	73	8300	113.6986301369863	3.088235294117647	-0.05763318616864753	-0.09530795606627253	-0.02779193190157269	-0.05025015720287212	0.47817928515653435	0.4467274459110083	0.4721757882701194	0.431623350115662	0.7927105119948246	0.8375199789002943	0.8619813634248638	0.8862579520610894	0.125351035127791	0.10112469043432623	0.1784633109214788	0.15095681968277608
delta	15	transfo-xl-wt103	delta	conditioned-exclude	pair_significant	60	60	6288	104.8	3.1403508771929824	-0.058847314003398835	-0.10998318860444223	-0.025700944855961264	-0.05564966675114907	0.5011386283390684	0.4720909886264217	0.4987341527752759	0.4603674540682415	0.7565917025334192	0.7928881654283911	0.838697613153488	0.8571706867811173	0.14401489163055284	0.12424838484408715	0.20422661590905297	0.18491717097409516
delta	15	transfo-xl-wt103	delta	conditioned-exclude	pair_not_significant	13	13	2012	154.76923076923077	2.8181818181818183	-0.05102293462389045	-0.043980566864534575	-0.039176194705457114	-0.031365091677533825	0.3531784167182932	0.3580171358629131	0.3275802481864896	0.33108935128518974	0.9893573635069218	0.9936220682466386	0.9887484482356879	0.9879921754852263	0.023736705279420883	0.020248366351227187	0.03819642821135283	0.03217872443804642
delta	15	transfo-xl-wt103	delta	raw	all	73	73	13730	188.08219178082192	9.095890410958905	-0.3256898732353066	-0.32567451776102774	-0.19451207381078145	-0.19515961215510025	0.3450744223903499	0.34153550580063546	0.295921878050436	0.2925441513337767	0.8430755065510775	0.8450545138229616	0.8948692282157	0.8957439872457347	0.07833097798733298	0.07790124892586744	0.11956402037176478	0.11857025516940647
delta	15	transfo-xl-wt103	delta	raw	pair_significant	60	60	11141	185.68333333333334	9.533333333333333	-0.35803879619343204	-0.36046559729468075	-0.2136677668429911	-0.21591477735225034	0.34632785651902986	0.34206983215151243	0.29077232814066806	0.2862400143613679	0.8252229866003774	0.826288945040021	0.8833313534829151	0.8835334493145746	0.08535151064654452	0.08534735933516953	0.13041113120167327	0.1300122685813176
delta	15	transfo-xl-wt103	delta	raw	pair_not_significant	13	13	2589	199.15384615384616	7.076923076923077	-0.16394525844467958	-0.16363128319395906	-0.09873360864973317	-0.0984901742531566	0.33880725174695026	0.33904682274247494	0.32166962759927586	0.3219063545150502	0.9323381063045785	0.9324571901652449	0.9525586018796252	0.952615894892498	0.04322831469127535	0.04322018033471592	0.0653284662222222	0.06527783400632046
delta	16	transfo-xl-wt103	delta	conditioned-cat-only	all	73	73	1807	24.753424657534246	2.911764705882353	0.4667264447234629	0.3344229445952109	0.30656359271961264	0.22547165055562493	0.9011079922186304	0.8557746478873239	0.8957154675981331	0.8501408450704225	0.28336419803399626	0.2780202649402341	0.5411256024294566	0.5322395620427183	0.46742625583288566	0.45699619088204546	0.5177310458928635	0.5349812891856276
delta	16	transfo-xl-wt103	delta	conditioned-cat-only	pair_significant	60	60	1782	29.7	2.9393939393939394	0.46482121181719366	0.3316891485920309	0.30884987088821586	0.22532568885652082	0.8979179274514892	0.8537142857142858	0.8923514504238793	0.848	0.27711108935728984	0.27517468919635324	0.5331704826566201	0.5285896369949374	0.48429663684541596	0.464318358688297	0.5356414961970771	0.5431594920816759
delta	16	transfo-xl-wt103	delta	conditioned-cat-only	pair_not_significant	13	13	25	1.9230769230769231	2.0	0.5257886648178101	0.5257886648178101	0.2356889694929123	0.2356889694929123	1.0	1.0	1.0	1.0	0.47721056701189235	0.47721056701189235	0.7877343153873847	0.7877343153873846	-0.05555555555555555	-0.05555555555555555	-0.03749291353775813	-0.03749291353775813
delta	16	transfo-xl-wt103	delta	conditioned-exclude	all	73	73	8300	113.6986301369863	3.088235294117647	-0.054764638058760945	-0.09119638124311219	-0.02639586347805593	-0.04724972156083468	0.474181860037941	0.44318954959858486	0.47112423590892244	0.43216764185603485	0.7977618663740484	0.8411452850075621	0.8650504840128201	0.8876236299635513	0.10925148707771229	0.09068359813048152	0.16392888131956934	0.14394418010000987
delta	16	transfo-xl-wt103	delta	conditioned-exclude	pair_significant	60	60	6288	104.8	3.1403508771929824	-0.05574035814402587	-0.10506977425252226	-0.024880459287431926	-0.05317550405245992	0.49678863278856394	0.46824146981627296	0.49568017988416924	0.45809273840769904	0.7625625704545436	0.7975776934919419	0.8434452182284351	0.8607653739133214	0.12457232639555461	0.11012117627883097	0.1869929984345954	0.1757968740200975
delta	16	transfo-xl-wt103	delta	conditioned-exclude	pair_not_significant	13	13	2012	154.76923076923077	2.8181818181818183	-0.04945238426120745	-0.04267346750456963	-0.034646397404786616	-0.026523989039636247	0.3511005417289938	0.35556915544675644	0.33743076315480136	0.34149326805385555	0.9894024774913537	0.9935252027014237	0.9826791532833605	0.981561777654532	0.02583802856945964	0.02269965742190316	0.0383575770266497	0.03253772615062122
delta	16	transfo-xl-wt103	delta	raw	all	73	73	13730	188.08219178082192	9.095890410958905	-0.31232487651868723	-0.3121767964449859	-0.18408329667161322	-0.18434126437580775	0.3465168124667454	0.3424961205941033	0.3000815556397785	0.29668218429025345	0.8471312777052513	0.8490747322226379	0.8962259601416724	0.8970331629634776	0.06904038400383564	0.06861466482184023	0.11769641053151601	0.11758518263938829
delta	16	transfo-xl-wt103	delta	raw	pair_significant	60	60	11141	185.68333333333334	9.533333333333333	-0.34341970826499163	-0.34558970153911234	-0.20264949674407642	-0.20438127237064557	0.3477228871743645	0.342877659097029	0.29526353940702504	0.29072794183645995	0.8296660061291627	0.8307183733940529	0.8855648671721323	0.885751297390941	0.07543181310272762	0.07539061797681773	0.12777964528277275	0.12840481306597729
delta	16	transfo-xl-wt103	delta	raw	pair_not_significant	13	13	2589	199.15384615384616	7.076923076923077	-0.1568507177871652	-0.156552559131582	-0.09125229630929728	-0.09100274887811205	0.34048643892865	0.3407190635451505	0.3241716368035463	0.32441471571906355	0.9344576355856932	0.9345714687231663	0.9495314249893724	0.9495796781573026	0.03708323850937573	0.03705492648588521	0.06728023677523239	0.06719157788076453
delta	17	transfo-xl-wt103	delta	conditioned-cat-only	all	73	73	1807	24.753424657534246	2.911764705882353	0.44674739157926524	0.32144386635161937	0.28769349720096216	0.21235970091179643	0.9018353417767249	0.8574647887323944	0.8920857157736586	0.8445070422535211	0.3195709308548734	0.3131699603907789	0.5727155900777396	0.5635141489846199	0.49293453527247466	0.44879168979082545	0.553934929623949	0.548653675043893
delta	17	transfo-xl-wt103	delta	conditioned-cat-only	pair_significant	60	60	1782	29.7	2.9393939393939394	0.44575983487940846	0.3192164694527164	0.2903480452275084	0.21245908937656455	0.8986687398985547	0.8554285714285714	0.8886046098308733	0.8422857142857143	0.3129413782399763	0.3101425732261231	0.5648830234916465	0.5599139917665912	0.5106277640088627	0.4559966504386309	0.5730132471452944	0.5570271977379165
delta	17	transfo-xl-wt103	delta	conditioned-cat-only	pair_not_significant	13	13	25	1.9230769230769231	2.0	0.47736164927482605	0.47736164927482605	0.20540250837802887	0.20540250837802887	1.0	1.0	1.0	1.0	0.5250870619166826	0.5250870619166826	0.8155251542466249	0.8155251542466249	-0.05555555555555555	-0.05555555555555555	-0.03749291353775813	-0.03749291353775813
delta	17	transfo-xl-wt103	delta	conditioned-exclude	all	73	73	8300	113.6986301369863	3.088235294117647	-0.048265469381445214	-0.08294099648632478	-0.02185866390234502	-0.04109013855434432	0.4759571910657883	0.44305347666349165	0.47625403812669914	0.43924343448088177	0.8093069913831366	0.8494774834174216	0.8723078722061018	0.892176264873233	0.11751378295785271	0.08255736941136278	0.17699252407491817	0.13994520470455135
delta	17	transfo-xl-wt103	delta	conditioned-exclude	pair_significant	60	60	6288	104.8	3.1403508771929824	-0.04904899842222221	-0.09576809903221166	-0.020323323254587546	-0.04659725439057246	0.4987825702502048	0.4678915135608049	0.5007186437686931	0.46561679790026245	0.775987240026878	0.8080609934588917	0.8530304847201283	0.868400963681135	0.1363585642817191	0.10275935638714416	0.20524622425744968	0.17494103395425098
delta	17	transfo-xl-wt103	delta	conditioned-exclude	pair_not_significant	13	13	2012	154.76923076923077	2.8181818181818183	-0.043999589048326015	-0.03807753807154907	-0.03021774076235791	-0.021828714439262393	0.351685682172854	0.3561811505507956	0.34305785185362037	0.34700122399020805	0.9907145265449885	0.9943338115159521	0.9772625374075132	0.9753316175738698	0.01491441797235795	0.011899869064612165	0.023166823081135376	0.017545471435252976
delta	17	transfo-xl-wt103	delta	raw	all	73	73	13730	188.08219178082192	9.095890410958905	-0.28669075054575743	-0.2863816863771255	-0.17111983404740588	-0.17151011423951956	0.3467516381565341	0.3430133747136629	0.3086176472320706	0.30562329121406934	0.855186619959172	0.8569624954641656	0.9011805915256189	0.9019667277570786	0.0718171711881073	0.0716317309817606	0.11718029657274659	0.11688763887018162
delta	17	transfo-xl-wt103	delta	raw	pair_significant	60	60	11141	185.68333333333334	9.533333333333333	-0.3156524468523761	-0.3174647162183979	-0.18877644228438537	-0.1905994838055669	0.34683380258123553	0.3422493492505161	0.30500641363769154	0.30105017502917153	0.838975056979866	0.8399168950034902	0.8920968785240293	0.8923744962604274	0.07980528210668288	0.08016862538348235	0.12873887789549338	0.12924586114910017
delta	17	transfo-xl-wt103	delta	raw	pair_not_significant	13	13	2589	199.15384615384616	7.076923076923077	-0.14188226901266413	-0.1416090963011994	-0.08283679286250845	-0.0825993005541795	0.3463408160330271	0.34657190635451507	0.32667381520396593	0.3269230769230769	0.9362444348557023	0.9363542323924201	0.9465991565335682	0.9466435885865896	0.03187661659522948	0.03187021738243699	0.059387389959012576	0.05932787532108809
delta	18	transfo-xl-wt103	delta	conditioned-cat-only	all	73	73	1807	24.753424657534246	2.911764705882353	0.43111468269489706	0.3141241175460983	0.2702366134762997	0.201901722491627	0.9069533685551796	0.8625352112676057	0.8965538112555044	0.8461971830985916	0.35050825709646255	0.3416681313825812	0.6012010943810933	0.5904491684429722	0.4771926646825978	0.4639044035673561	0.5298309161555513	0.5393453993126255
delta	18	transfo-xl-wt103	delta	conditioned-cat-only	pair_significant	60	60	1782	29.7	2.9393939393939394	0.43120204897657516	0.3124915145401444	0.27247877396462905	0.20191846655096327	0.903951864315024	0.8605714285714285	0.8932168374250367	0.844	0.34329741588412604	0.3383484713354909	0.5945210758907389	0.587337275598128	0.494378091141893	0.4713252601262548	0.5481316848553355	0.5475859466390596
delta	18	transfo-xl-wt103	delta	conditioned-cat-only	pair_not_significant	13	13	25	1.9230769230769231	2.0	0.42840632796287537	0.42840632796287537	0.200729638338089	0.200729638338089	1.0	1.0	1.0	1.0	0.5740443346788968	0.5740443346788968	0.8082816675820788	0.8082816675820788	-0.05555555555555555	-0.05555555555555555	-0.03749291353775813	-0.03749291353775813
delta	18	transfo-xl-wt103	delta	conditioned-exclude	all	73	73	8300	113.6986301369863	3.088235294117647	-0.04086353942944572	-0.07435618764113197	-0.017818152669672693	-0.03593183215943571	0.4851234200475607	0.4493128316777793	0.4858461201313307	0.4493128316777793	0.8181762047870128	0.8560438004424699	0.878087441188277	0.8961061435013169	0.12300342331122979	0.08913109077933787	0.17409775195601185	0.13763226224771055
delta	18	transfo-xl-wt103	delta	conditioned-exclude	pair_significant	60	60	6288	104.8	3.1403508771929824	-0.04129618482322109	-0.08598047349298876	-0.016153928712105418	-0.040862291462801736	0.5078944418272474	0.473665791776028	0.5086798955577168	0.4731408573928259	0.7863048666683091	0.816333642758535	0.8610480657534234	0.8754030297957034	0.143374181722019	0.11194285703427545	0.2034141653933453	0.17439907701915613
delta	18	transfo-xl-wt103	delta	conditioned-exclude	pair_not_significant	13	13	2012	154.76923076923077	2.8181818181818183	-0.03850802561889092	-0.03369964318375036	-0.026878927549761202	-0.01868729426547192	0.3611478570248216	0.36413708690330476	0.3615288983654519	0.3659730722154223	0.9916979345444	0.9949321426479099	0.9708573741113677	0.9685163606540592	0.012095960852488727	0.009345751644106426	0.014486167686085436	0.009038414990176002
delta	18	transfo-xl-wt103	delta	raw	all	73	73	13730	188.08219178082192	9.095890410958905	-0.26550863742078135	-0.26473178859838087	-0.16298839692899492	-0.16319375867186303	0.3468088399840266	0.3434567353875711	0.3187063698497632	0.31537722604005025	0.8615795997753145	0.8633594976749787	0.9035937297703884	0.9047670265732334	0.06633248652885587	0.06548948697277161	0.11128255136703642	0.11012386396688155
delta	18	transfo-xl-wt103	delta	raw	pair_significant	60	60	11141	185.68333333333334	9.533333333333333	-0.2927062903686116	-0.29381534946943133	-0.17998558154019217	-0.18153255874095953	0.3472366325481127	0.34314693474553454	0.31518363437857083	0.3108338569248721	0.8461947452955132	0.8472032498608385	0.8955371750183188	0.8963617368109733	0.07328861462422605	0.07277807004917175	0.12195647943657416	0.12134557960529685
delta	18	transfo-xl-wt103	delta	raw	pair_not_significant	13	13	2589	199.15384615384616	7.076923076923077	-0.12952037268163016	-0.12927194258484703	-0.07800247387300867	-0.07777880400221251	0.3446698771635958	0.3448996655518395	0.33632004720572567	0.33653846153846156	0.9385038721743212	0.9386089779832301	0.9438765035307372	0.9439155772594127	0.03155184605200509	0.03154211905714704	0.057912911019347695	0.057857503629262466
orig	0	transfo-xl-wt103	orig	conditioned-cat-only	all	73	73	1807	24.753424657534246	2.911764705882353	0.581899911921937	0.39170306013923295	0.5836407994488022	0.39267605664310534	0.7079881233060767	0.5549295774647888	0.694708581902678	0.5340845070422535	2.6449967670226163e-07	3.059388510801992e-07	1.9042097375963366e-08	1.936773373604223e-08	0.8126756323622293	0.7475421562307574	0.8394805778199299	0.7767644932563015
orig	0	transfo-xl-wt103	orig	conditioned-cat-only	pair_significant	60	60	1782	29.7	2.9393939393939394	0.5684128373020119	0.3830131149249417	0.5702098574955378	0.3840000003094354	0.6985683853482082	0.5485714285714286	0.6848604716414741	0.5274285714285715	2.452137604007397e-07	2.979899334949244e-07	1.9656358581639604e-08	1.9644415646557117e-08	0.8066329108255271	0.7439356156054824	0.8343025319431534	0.7735754145885343
orig	0	transfo-xl-wt103	orig	conditioned-cat-only	pair_not_significant	13	13	25	1.9230769230769231	2.0	0.9999992251396179	0.9999992251396179	1.0	1.0	1.0	1.0	1.0	1.0	8.62363082049439e-07	8.62363082049439e-07	0.0	0.0	1.0	1.0	1.0	1.0
orig	0	transfo-xl-wt103	orig	conditioned-exclude	all	73	73	8300	113.6986301369863	3.088235294117647	-0.12932474386792003	-0.17237708847994246	-0.12932478892597069	-0.17237713358955345	0.360185312955383	0.341543067083957	0.3623172734006944	0.33963804599265207	0.6982959212465139	0.7716129904076104	0.6982958003738781	0.7716128928292784	0.17808261673580056	0.13712781070042632	0.22384866372837206	0.17678567911696216
orig	0	transfo-xl-wt103	orig	conditioned-exclude	pair_significant	60	60	6288	104.8	3.1403508771929824	-0.13174704932524556	-0.19495265844302176	-0.13174709880092833	-0.19495271151891153	0.37046214028339775	0.35083114610673666	0.3705536243930326	0.3443569553805774	0.6474944391694127	0.710298444402547	0.6474942989700275	0.7102983219501667	0.209459298752606	0.1751740329453463	0.2626287007249495	0.2254265907810091
orig	0	transfo-xl-wt103	orig	conditioned-exclude	pair_not_significant	13	13	2012	154.76923076923077	2.8181818181818183	-0.1161366363780366	-0.09341785816231804	-0.11613665738453467	-0.09341787540945458	0.30423369750285784	0.30905752753977966	0.31747491799796435	0.32313341493268055	0.974881768110732	0.986063804617487	0.9748817524615094	0.9860637940374317	0.007254014644304401	0.004059169250170641	0.012712906747006175	0.006661560291975239
orig	0	transfo-xl-wt103	orig	raw	all	73	73	13730	188.08219178082192	9.095890410958905	-0.5857364411414083	-0.5892778314070055	-0.5857370995994037	-0.5892785170163635	0.1568780033131123	0.15436340796571343	0.137393407652689	0.13441217763984334	0.7755804122960487	0.7793431758806294	0.775580272550246	0.779343037067737	0.09655270260765753	0.09530868333709655	0.1148221011066406	0.11326663153601078
orig	0	transfo-xl-wt103	orig	raw	pair_significant	60	60	11141	185.68333333333334	9.533333333333333	-0.6392993087880313	-0.6476588546445654	-0.6393000590304534	-0.647659644641677	0.1380056850883687	0.13347096310923615	0.1153779391400818	0.1100439816892559	0.7516845690951872	0.7544536839457258	0.7516844104802375	0.7544535250054436	0.11090593022678433	0.11045910175955484	0.129195693281302	0.12837874278416708
orig	0	transfo-xl-wt103	orig	raw	pair_not_significant	13	13	2589	199.15384615384616	7.076923076923077	-0.3179221029082934	-0.31736186991467524	-0.31792230244415504	-0.3173620693267239	0.2512395944368306	0.2516722408026756	0.24747075021572507	0.24790969899665552	0.8950596283003559	0.8952686899470023	0.8950595829002883	0.8952686448796141	0.02478656451202361	0.024743962749885957	0.0429541402333336	0.04288033077693487
orig	1	transfo-xl-wt103	orig	conditioned-cat-only	all	73	73	1807	24.753424657534246	2.911764705882353	0.5857258170302657	0.3910768262879135	0.5739570998957788	0.3855302709748339	0.8495687477146088	0.7892957746478874	0.8491990790301671	0.7892957746478874	0.0005100260649102953	0.0004708840741622384	0.02649148583796606	0.026361710456199113	0.716793604494153	0.5669642774262454	0.7578216912144875	0.6449257665032557
orig	1	transfo-xl-wt103	orig	conditioned-cat-only	pair_significant	60	60	1782	29.7	2.9393939393939394	0.5723688171197981	0.38238088360267286	0.5606888045609418	0.3769624997705354	0.8447161266731446	0.7862857142857143	0.8443345331924306	0.7862857142857143	0.0005194064659543303	0.000474479080471053	0.02684986791376446	0.02651856858431317	0.707657914316545	0.5607780528180489	0.7500094877052774	0.6398532774533021
orig	1	transfo-xl-wt103	orig	conditioned-cat-only	pair_not_significant	13	13	25	1.9230769230769231	2.0	0.9997928142547607	0.9997928142547607	0.9852742552757263	0.9852742552757263	1.0	1.0	1.0	1.0	0.00021923363254521374	0.00021923363254521374	0.01538164148821563	0.01538164148821563	1.0	1.0	1.0	1.0
orig	1	transfo-xl-wt103	orig	conditioned-exclude	all	73	73	8300	113.6986301369863	3.088235294117647	-0.12891337254323249	-0.17252574889952055	-0.12316613400692185	-0.16517169217310151	0.4339874633568469	0.4012790855898762	0.4339237491049458	0.4012790855898762	0.6984748723483326	0.7717620028357789	0.7077259112322523	0.7782436505223939	0.12837317296565282	0.08679365234532019	0.17660206421690253	0.134080831329686
orig	1	transfo-xl-wt103	orig	conditioned-exclude	pair_significant	60	60	6288	104.8	3.1403508771929824	-0.13130898988080789	-0.19522451689821568	-0.12519972861212278	-0.1867394885198602	0.455387726790111	0.42362204724409447	0.4553123099205138	0.42362204724409447	0.6477260773504425	0.7105279330627355	0.6585865979106388	0.7188173138216721	0.1490693795587948	0.10809650027911519	0.20670768488085065	0.1703151299355928
orig	1	transfo-xl-wt103	orig	conditioned-exclude	pair_not_significant	13	13	2012	154.76923076923077	2.8181818181818183	-0.11587056703865528	-0.0931356270436193	-0.11209434115638335	-0.08973720250252265	0.31747491799796435	0.32313341493268055	0.31747491799796435	0.32313341493268055	0.9747738673368447	0.9859313472378244	0.9752621726499258	0.9860903544664728	0.01569382595854642	0.012285833531587916	0.01269368504651856	0.007349487062392596
orig	1	transfo-xl-wt103	orig	raw	all	73	73	13730	188.08219178082192	9.095890410958905	-0.5964706255924992	-0.5998299256918764	-0.5596786032094516	-0.5628343265301868	0.1839979465553265	0.17926549915022538	0.18406738389625243	0.17933939259587675	0.7757182696319228	0.7794797613433079	0.7822805821343123	0.7858556945476044	0.04121148860013134	0.040313962676915754	0.07262810120698132	0.07118843329703184
orig	1	transfo-xl-wt103	orig	raw	pair_significant	60	60	11141	185.68333333333334	9.533333333333333	-0.6501897582629075	-0.6583439127734596	-0.6094959171488881	-0.6171092717308869	0.16845496865322165	0.16147563055381026	0.1683703662843553	0.1613858720043084	0.7518542084569678	0.7546240943328973	0.7591238764626623	0.7617205990798773	0.04580649353116179	0.04505804039336266	0.08245079214518851	0.08143296377700626
orig	1	transfo-xl-wt103	orig	raw	pair_not_significant	13	13	2589	199.15384615384616	7.076923076923077	-0.32787496224045753	-0.3272946706434157	-0.31059203351226944	-0.3100428698073612	0.26171283606585116	0.262123745819398	0.26255247195573833	0.2629598662207358	0.8950385755066969	0.8952477321472303	0.8980641104925624	0.8982675250684856	0.018236463944979103	0.018217905051942936	0.023514646515945575	0.023473419050629253
orig	2	transfo-xl-wt103	orig	conditioned-cat-only	all	73	73	1807	24.753424657534246	2.911764705882353	0.5795252257958055	0.41308248733655667	0.5015540979202342	0.3654529983016767	0.8745655294641224	0.8157746478873239	0.8734131225967335	0.8140845070422535	0.0772342035672954	0.07201301672116815	0.23204569842264489	0.2231466970678507	0.6079844752978705	0.5246333881857539	0.6586442137438111	0.6089316432025648
orig	2	transfo-xl-wt103	orig	conditioned-cat-only	pair_significant	60	60	1782	29.7	2.9393939393939394	0.5779283883110169	0.40999756304387536	0.5040329655673685	0.3646064811222854	0.8705192562210297	0.8131428571428572	0.8693296749385636	0.8114285714285714	0.06656298848581431	0.06721260451585327	0.21995135550149517	0.21766350232627305	0.6299644420949904	0.5331766436657338	0.6760356379176737	0.6159233800432575
orig	2	transfo-xl-wt103	orig	conditioned-cat-only	pair_not_significant	13	13	25	1.9230769230769231	2.0	0.6290271878242493	0.6290271878242493	0.4247092008590698	0.4247092008590698	1.0	1.0	1.0	1.0	0.40804187109320905	0.40804187109320905	0.6069703289782861	0.6069703289782861	-0.07339449541284404	-0.07339449541284404	0.11951006435407435	0.11951006435407435
orig	2	transfo-xl-wt103	orig	conditioned-exclude	all	73	73	8300	113.6986301369863	3.088235294117647	-0.08805153257984283	-0.1350361004072016	-0.05549198904592576	-0.09608831668869597	0.4533373915353758	0.41570281670975645	0.4522884581721526	0.4148863790991972	0.7104334908838161	0.7744309640829936	0.7670743059294031	0.8141682836585071	0.14974048200188386	0.10839730103935195	0.2075809135286402	0.1647550820671328
orig	2	transfo-xl-wt103	orig	conditioned-exclude	pair_significant	60	60	6288	104.8	3.1403508771929824	-0.08991303235026342	-0.15497098007901022	-0.05697700862264337	-0.11201915242561536	0.4763726115710409	0.4398950131233596	0.4752849732972078	0.43919510061242345	0.6625878921024243	0.7160342178484513	0.7284616810257668	0.7661974864598124	0.17034918043410438	0.13013413678451913	0.23632037367694023	0.19941943806231455
orig	2	transfo-xl-wt103	orig	conditioned-exclude	pair_not_significant	13	13	2012	154.76923076923077	2.8181818181818183	-0.07791670049644178	-0.06531282175090643	-0.047406882461574346	-0.040369389983375116	0.32792341578564344	0.33108935128518974	0.3270852091579631	0.3298653610771114	0.9709261953602828	0.9786766218127423	0.9772985970714233	0.9819486422818489	0.037537568315349816	0.03237158727948019	0.05111051938789572	0.04351469374861153
orig	2	transfo-xl-wt103	orig	raw	all	73	73	13730	188.08219178082192	9.095890410958905	-0.5103268642883955	-0.5115904085885774	-0.35903039960733923	-0.35885596474862336	0.22268195097943433	0.2201285745954334	0.22209744305786303	0.21946353358457105	0.7786431710439687	0.7812190004939095	0.8159653668314092	0.8178332121847975	0.08295807906330716	0.08301862449098031	0.12746956744399807	0.12693748260607465
orig	2	transfo-xl-wt103	orig	raw	pair_significant	60	60	11141	185.68333333333334	9.533333333333333	-0.5593682650011033	-0.5646203769623034	-0.39510945581520596	-0.39762821363798617	0.20918309338756094	0.20500852706220268	0.20839750879750024	0.20411094156718426	0.7564037620695317	0.7578579967563427	0.7974794020676914	0.7983610371297473	0.09000403161677636	0.09059341902855454	0.13770862546184287	0.13782422926893237
orig	2	transfo-xl-wt103	orig	raw	pair_not_significant	13	13	2589	199.15384615384616	7.076923076923077	-0.26511986072485644	-0.26459756676095186	-0.17863511856800565	-0.17827000117153677	0.2901762389388018	0.29055183946488294	0.29059711435967717	0.2909698996655518	0.8898402159161539	0.8900254146411627	0.9083951906499982	0.9085269840444604	0.047728316295961075	0.04773819558499599	0.07627427735477392	0.07623127668178634
orig	3	transfo-xl-wt103	orig	conditioned-cat-only	all	73	73	1807	24.753424657534246	2.911764705882353	0.5857109274493268	0.42304369948256737	0.5057999720602311	0.3717619484175377	0.879874910970059	0.8202816901408451	0.8772759761029314	0.8180281690140845	0.07661048194838316	0.06886941152794986	0.2288537531469926	0.21716714581476468	0.6170410085327378	0.5296541835511173	0.6628599246818696	0.61057284081493
orig	3	transfo-xl-wt103	orig	conditioned-cat-only	pair_significant	60	60	1782	29.7	2.9393939393939394	0.5870713222182296	0.4213223424806991	0.509914400672818	0.37166922360821625	0.8759999080981254	0.8177142857142857	0.8733171366223809	0.8154285714285714	0.06362514799910243	0.06300817691583363	0.21517672145499223	0.21094322310356123	0.6393131215632405	0.5382691646791737	0.6803873395311534	0.6175880233357994
orig	3	transfo-xl-wt103	orig	conditioned-cat-only	pair_not_significant	13	13	25	1.9230769230769231	2.0	0.5435386896133423	0.5435386896133423	0.37825268507003784	0.37825268507003784	1.0	1.0	1.0	1.0	0.4791558343760856	0.4791558343760856	0.6528417355990039	0.6528417355990039	-0.07339449541284404	-0.07339449541284404	0.11951006435407435	0.11951006435407435
orig	3	transfo-xl-wt103	orig	conditioned-exclude	all	73	73	8300	113.6986301369863	3.088235294117647	-0.0825150824635659	-0.13095497717710167	-0.05128299912080522	-0.09269713561747217	0.45830933377958877	0.42046536943801877	0.4576518339077602	0.42019322356783234	0.705763887364783	0.7706532983288324	0.762088142413932	0.8103096467217406	0.15521916534111985	0.11110078037229498	0.21102700584244224	0.16724535650314487
orig	3	transfo-xl-wt103	orig	conditioned-exclude	pair_significant	60	60	6288	104.8	3.1403508771929824	-0.08437004411350746	-0.15123376615555495	-0.052538919280406694	-0.10855457637807776	0.4787812191827016	0.44129483814523185	0.4780029540282923	0.4409448818897638	0.6580921864009519	0.7127916175661119	0.7231994762895628	0.7622219354053018	0.17672970900302773	0.13397689508384922	0.23992983463638487	0.20271204528148115
orig	3	transfo-xl-wt103	orig	conditioned-exclude	pair_not_significant	13	13	2012	154.76923076923077	2.8181818181818183	-0.07241584681388405	-0.06002885783079788	-0.04444521158519718	-0.037234911659784896	0.3468512910293081	0.34761321909424725	0.3468512910293081	0.34761321909424725	0.96530981483453	0.973027536737001	0.9738153246466094	0.9784989185537154	0.03810620540406571	0.03109037916266685	0.05366716018653235	0.043198767538523135
orig	3	transfo-xl-wt103	orig	raw	all	73	73	13730	188.08219178082192	9.095890410958905	-0.5085518882325333	-0.5096892649958872	-0.35751916534112144	-0.35720234514736227	0.22504047102323999	0.2223453779649745	0.22283234405291866	0.2201285745954334	0.7745391069627414	0.777148438839278	0.8129846030948537	0.8148591218972516	0.08327029094187328	0.08287502923182122	0.13194126281300317	0.13124092628824371
orig	3	transfo-xl-wt103	orig	raw	pair_significant	60	60	11141	185.68333333333334	9.533333333333333	-0.5578751037673404	-0.5630000466997463	-0.39364628146092095	-0.3960003560485355	0.21201373620059663	0.20770128354725786	0.20961650908873625	0.2052778027107082	0.7529048172243307	0.7544466689657378	0.7950829253346515	0.7960163401080647	0.09114689279694192	0.091244382136353	0.14419252906553198	0.14424854718686628
orig	3	transfo-xl-wt103	orig	raw	pair_not_significant	13	13	2589	199.15384615384616	7.076923076923077	-0.2619358105584979	-0.2613885045599778	-0.17688358474212387	-0.17649639220004995	0.2901741451364567	0.29055183946488294	0.28891151887383043	0.28929765886287623	0.8827105556547953	0.8828843996089731	0.9024929918958641	0.9026214262088462	0.04388728166653013	0.043893858366692136	0.07068493155035915	0.07065651808107222
orig	4	transfo-xl-wt103	orig	conditioned-cat-only	all	73	73	1807	24.753424657534246	2.911764705882353	0.5407061683072243	0.37132924800240236	0.4555608284817936	0.3248095308769081	0.8392410209236545	0.76	0.8390561096810509	0.7594366197183099	0.11924766003160606	0.10683556732593617	0.29681392089002456	0.28504537389997725	0.5578683206561228	0.4776157117402473	0.6178212418754849	0.5773246016979204
orig	4	transfo-xl-wt103	orig	conditioned-cat-only	pair_significant	60	60	1782	29.7	2.9393939393939394	0.5436380163375889	0.3702079675543521	0.4604205007678003	0.3250937957806413	0.8340552474050624	0.7565714285714286	0.8338643712836652	0.756	0.10525863710288635	0.1004631129902793	0.2833938220107962	0.2789340651536041	0.5782316373035089	0.48548728612814857	0.633895795989079	0.5838648093742611
orig	4	transfo-xl-wt103	orig	conditioned-cat-only	pair_not_significant	13	13	25	1.9230769230769231	2.0	0.449818879365921	0.449818879365921	0.3049109876155853	0.3049109876155853	1.0	1.0	1.0	1.0	0.5529073708219175	0.5529073708219175	0.7128369861461011	0.7128369861461011	-0.07339449541284404	-0.07339449541284404	0.11951006435407435	0.11951006435407435
orig	4	transfo-xl-wt103	orig	conditioned-exclude	all	73	73	8300	113.6986301369863	3.088235294117647	-0.07988051891302818	-0.12694178026895753	-0.044416254619638246	-0.08246486887813398	0.4452290935825201	0.41148455572186693	0.44571159113422826	0.412164920397333	0.718757752471144	0.779252346872128	0.7848725719349425	0.8282405230319169	0.12269150916809943	0.08458381166347283	0.1829928230937709	0.14196174236347162
orig	4	transfo-xl-wt103	orig	conditioned-exclude	pair_significant	60	60	6288	104.8	3.1403508771929824	-0.08490507663180101	-0.1514340402427466	-0.04722836379933513	-0.09956215241522534	0.4556897756643466	0.4167979002624672	0.4557114518980462	0.4167979002624672	0.6751908915920479	0.726644025188698	0.7509114917331431	0.7865763413258365	0.14102586789874302	0.10434519013150764	0.2107718177114498	0.17619464594108497
orig	4	transfo-xl-wt103	orig	conditioned-exclude	pair_not_significant	13	13	2012	154.76923076923077	2.8181818181818183	-0.052524593555265	-0.041278826933459016	-0.029105882419066295	-0.022666230313582492	0.3882764911370201	0.3929008567931457	0.39126790475344186	0.3959608323133415	0.9559551061462235	0.9632526886229253	0.9697717863669616	0.9739631659023266	0.022871111634595563	0.015467362492836999	0.03175163017529717	0.02223038131937108
orig	4	transfo-xl-wt103	orig	raw	all	73	73	13730	188.08219178082192	9.095890410958905	-0.4823637888766825	-0.4817889208051291	-0.32645778691706556	-0.32522935148200266	0.21326637115165537	0.21133525456292027	0.21253501303995098	0.21059632010640655	0.7850571007647574	0.7876489225389922	0.8332387953548701	0.8349423214304396	0.061813957691466054	0.06160545654243571	0.10972142028380061	0.10905128053700078
orig	4	transfo-xl-wt103	orig	raw	pair_significant	60	60	11141	185.68333333333334	9.533333333333333	-0.5323426760422687	-0.5354271599526864	-0.3623462471955766	-0.3635664200094261	0.19637770165662563	0.1927116057804506	0.19499502987733727	0.19127546898842115	0.7666323006067806	0.7683922976661804	0.8188573418630513	0.8198444888458365	0.0666114670973494	0.06670847838239094	0.12064041214846483	0.12063162367158928
orig	4	transfo-xl-wt103	orig	raw	pair_not_significant	13	13	2589	199.15384615384616	7.076923076923077	-0.23246935304875174	-0.23196299173199514	-0.14701548552451035	-0.14667028774286195	0.297709718626804	0.2980769230769231	0.3002349288530193	0.30058528428093645	0.8771811015546418	0.877338745995512	0.9051460628139645	0.9052621177619863	0.03782641066204923	0.03783757764655725	0.05512646096047948	0.055114573654705394
orig	5	transfo-xl-wt103	orig	conditioned-cat-only	all	73	73	1807	24.753424657534246	2.911764705882353	0.5439222364548186	0.3814062276003148	0.45147213926247787	0.3265160885954302	0.8431336380329236	0.7701408450704226	0.8433848635231197	0.7701408450704226	0.12337755807474335	0.10852213680425249	0.3057566933221856	0.2900515267465994	0.5449557316216043	0.47238398215085775	0.6101253341291892	0.5696716923165596
orig	5	transfo-xl-wt103	orig	conditioned-cat-only	pair_significant	60	60	1782	29.7	2.9393939393939394	0.5488603137050485	0.3812714331132094	0.457047832874401	0.3272002378997526	0.8380734328081793	0.7668571428571429	0.8383327623464463	0.7668571428571429	0.10808342965409276	0.10153680248552881	0.29194373369052096	0.283709999387211	0.5649025131388445	0.4801808175446248	0.625951633154193	0.5761025727160236
orig	5	transfo-xl-wt103	orig	conditioned-cat-only	pair_not_significant	13	13	25	1.9230769230769231	2.0	0.39084184169769287	0.39084184169769287	0.27862563729286194	0.27862563729286194	1.0	1.0	1.0	1.0	0.5974955391149106	0.5974955391149106	0.7339584419037896	0.7339584419037896	-0.07339449541284404	-0.07339449541284404	0.11951006435407435	0.11951006435407435
orig	5	transfo-xl-wt103	orig	conditioned-exclude	all	73	73	8300	113.6986301369863	3.088235294117647	-0.0730292041111609	-0.11984035457952176	-0.03784063751463064	-0.07501889270213932	0.45057844952675474	0.41583888964484966	0.45075719714273843	0.41583888964484966	0.7187156961156317	0.7788242083793138	0.7864145244979998	0.8293650317425317	0.1262480197458455	0.09096463503374967	0.18579726777644226	0.14727510499923546
orig	5	transfo-xl-wt103	orig	conditioned-exclude	pair_significant	60	60	6288	104.8	3.1403508771929824	-0.0769722757823005	-0.14254976364279578	-0.03968089777110287	-0.0902912227939737	0.46203471268040225	0.42187226596675415	0.4624503731238116	0.4220472440944882	0.6743911065281887	0.7250243171847175	0.7522917720065734	0.7873950897375349	0.14327734387017135	0.10969396497463194	0.2107720075238888	0.17857371507098754
orig	5	transfo-xl-wt103	orig	conditioned-exclude	pair_not_significant	13	13	2012	154.76923076923077	2.8181818181818183	-0.051561369457178645	-0.04041301504671209	-0.027821442784948483	-0.021603123745692933	0.3882054612457847	0.39473684210526316	0.3870943501346736	0.39412484700122397	0.9600384616472657	0.9669921264803648	0.9721939547290991	0.9761570871639255	0.03353281062451604	0.025457829273564773	0.049823684707011186	0.037806588132611965
orig	5	transfo-xl-wt103	orig	raw	all	73	73	13730	188.08219178082192	9.095890410958905	-0.47062770805011195	-0.4695192912725203	-0.3126150286342535	-0.3110066960892428	0.22342166044770176	0.22175423039976355	0.22144408876588384	0.21968521392152515	0.7834270901895655	0.7859903045635137	0.8338733403149491	0.8356070200426069	0.06257044449299201	0.062439469811711557	0.11019330341123407	0.11009715575728561
orig	5	transfo-xl-wt103	orig	raw	pair_significant	60	60	11141	185.68333333333334	9.533333333333333	-0.5211422628102204	-0.523611549372799	-0.3478716533165425	-0.34857796389591517	0.20696981924654617	0.20366214881967507	0.20459672899846099	0.20114890943362354	0.7643715054503649	0.7660506042022864	0.819174701013369	0.820175035495982	0.06687681136186051	0.06702945805061841	0.12099109857483406	0.12166933439471857
orig	5	transfo-xl-wt103	orig	raw	pair_not_significant	13	13	2589	199.15384615384616	7.076923076923077	-0.21805493424956998	-0.21757871957720074	-0.13633190522280833	-0.13601443244620884	0.3056808664534795	0.3060200668896321	0.30568088760299816	0.3060200668896321	0.8787050138855679	0.8788616263546642	0.9073665368228493	0.9074831654581368	0.04103861014864945	0.041061100677237804	0.0562043275932342	0.05619847590793774
orig	6	transfo-xl-wt103	orig	conditioned-cat-only	all	73	73	1807	24.753424657534246	2.911764705882353	0.5418168556352612	0.3837802091456005	0.4435150133649586	0.3239761149025404	0.8485831905545249	0.7785915492957747	0.848834416044721	0.7785915492957747	0.13264481321925062	0.11569258334366822	0.32163968559839773	0.3031464371042229	0.5571482060152286	0.47695174707011545	0.6165518644578711	0.576209007339263
orig	6	transfo-xl-wt103	orig	conditioned-cat-only	pair_significant	60	60	1782	29.7	2.9393939393939394	0.5470904610269973	0.3838579965835171	0.44925007841459685	0.32480823087505994	0.8436987773466065	0.7754285714285715	0.8439581068848734	0.7754285714285715	0.11753450248600432	0.10875869959215084	0.30802245954750657	0.2968517620174828	0.5774882931580697	0.48481383624844343	0.6325854709128322	0.5827332779533371
orig	6	transfo-xl-wt103	orig	conditioned-cat-only	pair_not_significant	13	13	25	1.9230769230769231	2.0	0.3783350884914398	0.3783350884914398	0.2657279968261719	0.2657279968261719	1.0	1.0	1.0	1.0	0.6010644459498858	0.6010644459498858	0.7437736931760256	0.7437736931760256	-0.07339449541284404	-0.07339449541284404	0.11951006435407435	0.11951006435407435
orig	6	transfo-xl-wt103	orig	conditioned-exclude	all	73	73	8300	113.6986301369863	3.088235294117647	-0.06590173790905753	-0.11243571388744429	-0.03231615782843964	-0.06878896238555166	0.4565048002950556	0.4235950469451626	0.4564014570919203	0.42305075520478974	0.7192132050405201	0.7778222065118892	0.7893319564012288	0.8304751033738411	0.12627474025995236	0.0890577639196573	0.18787211680553237	0.14881291034906902
orig	6	transfo-xl-wt103	orig	conditioned-exclude	pair_significant	60	60	6288	104.8	3.1403508771929824	-0.06897358253256095	-0.13376358480527606	-0.0336228415138122	-0.08303542789391037	0.46627207104315865	0.42712160979877517	0.4658436239863865	0.426246719160105	0.6754812755257289	0.7246231551073623	0.7561204027131461	0.7894386788090408	0.14424203656371842	0.10800368689811696	0.2149217785298652	0.18202740171648177
orig	6	transfo-xl-wt103	orig	conditioned-exclude	pair_not_significant	13	13	2012	154.76923076923077	2.8181818181818183	-0.04917725051442782	-0.037840375885358275	-0.025201991096966796	-0.0189612081748601	0.40332743733316045	0.4112607099143207	0.40499410399982716	0.4118727050183599	0.9573092657321607	0.963888656191737	0.9701504153696793	0.9740021329869584	0.028452793717226015	0.022793412743465833	0.04060173630638733	0.03264349898752436
orig	6	transfo-xl-wt103	orig	raw	all	73	73	13730	188.08219178082192	9.095890410958905	-0.4522219756941518	-0.4507565092093632	-0.29476078043484855	-0.2930195282903572	0.24000882761370557	0.23860193600827606	0.23908000199277898	0.2377152146604596	0.7831379686421008	0.7855455342002062	0.835657472449247	0.8372940365997538	0.06871380854833732	0.0685497020526179	0.1190364153441527	0.11839646543440568
orig	6	transfo-xl-wt103	orig	raw	pair_significant	60	60	11141	185.68333333333334	9.533333333333333	-0.501945573836565	-0.5039200013482199	-0.32862909271692237	-0.32906945414785	0.22127727164684383	0.21811327528947133	0.22032934756839861	0.2172156897944529	0.7645823037068475	0.7661091933224794	0.8215516308485428	0.822478465608282	0.07455160834746884	0.07478278361331345	0.13088742969903613	0.13098715761368956
orig	6	transfo-xl-wt103	orig	raw	pair_not_significant	13	13	2589	199.15384615384616	7.076923076923077	-0.20360398498208573	-0.20314176593218808	-0.1254192190244794	-0.12511308013888256	0.3336666074480145	0.3340301003344482	0.33283327411468117	0.33319397993311034	0.8759162933183683	0.8760724044839661	0.9061866804527692	0.9062991688806838	0.039524809552679806	0.03951844717481303	0.05978134356973542	0.05975394805589332
orig	7	transfo-xl-wt103	orig	conditioned-cat-only	all	73	73	1807	24.753424657534246	2.911764705882353	0.542296711835661	0.3850429383221961	0.4403857106808573	0.32248920719913193	0.8487795973115345	0.7774647887323943	0.8495443076394135	0.7780281690140846	0.13864488345076276	0.12130356051603826	0.3292127036443074	0.31027939427748996	0.5524666114880424	0.4761811835466343	0.6139498661542677	0.5737749500077609
orig	7	transfo-xl-wt103	orig	conditioned-cat-only	pair_significant	60	60	1782	29.7	2.9393939393939394	0.5458886945590137	0.38438719104948854	0.44563385003036066	0.3231291474327445	0.8439015198054549	0.7742857142857142	0.8446908982084269	0.7748571428571429	0.12557866798365164	0.11526936048153585	0.31644406540050946	0.3043542357785678	0.5715958744567063	0.48356292246216537	0.629132591949946	0.579924801200897
orig	7	transfo-xl-wt103	orig	conditioned-cat-only	pair_not_significant	13	13	25	1.9230769230769231	2.0	0.4309452474117279	0.4309452474117279	0.27769339084625244	0.27769339084625244	1.0	1.0	1.0	1.0	0.543697562931207	0.543697562931207	0.7250404892020432	0.7250404892020432	-0.04054054054054054	-0.04054054054054054	0.14328536648823986	0.14328536648823986
orig	7	transfo-xl-wt103	orig	conditioned-exclude	all	73	73	8300	113.6986301369863	3.088235294117647	-0.06157869958431171	-0.10786046754447283	-0.02955374838924838	-0.06571391572027191	0.4611946734635387	0.42931011021907745	0.4618830877227465	0.4297183290243571	0.7206132225960882	0.7790982932602519	0.7912085296571183	0.8321089137033053	0.13024936805929385	0.09276379669505976	0.18719991219320337	0.14716713906306517
orig	7	transfo-xl-wt103	orig	conditioned-exclude	pair_significant	60	60	6288	104.8	3.1403508771929824	-0.06437959790476883	-0.12857781326579956	-0.030656452569872976	-0.0795037975105598	0.47129248015010006	0.4330708661417323	0.4719032562120195	0.43342082239720037	0.6768899734171788	0.7259557909147696	0.7581417989483122	0.7912755591551685	0.14885376563029515	0.11260591662116519	0.2136963936149011	0.17942121436827427
orig	7	transfo-xl-wt103	orig	conditioned-exclude	pair_not_significant	13	13	2012	154.76923076923077	2.8181818181818183	-0.04632936428404517	-0.03540047317642987	-0.023550136739181146	-0.017483086814828026	0.40621772594781563	0.41615667074663404	0.4073288370589267	0.4167686658506732	0.9586620236812613	0.9649669596644328	0.9712385079606176	0.9749256953695254	0.028958759061619918	0.023364950074684903	0.04294129111951597	0.03435683283952179
orig	7	transfo-xl-wt103	orig	raw	all	73	73	13730	188.08219178082192	9.095890410958905	-0.44296695824919474	-0.4411116253017833	-0.2870759553431223	-0.2850397074140753	0.24881363635157575	0.24754304293209192	0.2489763386646034	0.24769082982339466	0.7845665579476946	0.7868523140006302	0.8376059968010124	0.8391836002105498	0.0661684119595354	0.06660301765599821	0.11484081524803151	0.1141676292251326
orig	7	transfo-xl-wt103	orig	raw	pair_significant	60	60	11141	185.68333333333334	9.533333333333333	-0.49127605588485795	-0.4926713670618727	-0.31988838302592437	-0.3198913266610954	0.23007963333747225	0.22708913023965532	0.23019070102893024	0.22717888878915718	0.76580979386659	0.7671755335421646	0.8236035521880661	0.8244674110624158	0.07071785238091623	0.071578564940588	0.1263671265194849	0.1264015436466814
orig	7	transfo-xl-wt103	orig	raw	pair_not_significant	13	13	2589	199.15384615384616	7.076923076923077	-0.20142147007087866	-0.20096652373441037	-0.12301381692911188	-0.12271450255159601	0.34248365142209364	0.342809364548495	0.34290452684296907	0.3432274247491639	0.8783503783532178	0.8784990577664176	0.9076182198657435	0.9077258507537598	0.043421209852631315	0.043428865357664256	0.05720925889076455	0.05718684303346234
orig	8	transfo-xl-wt103	orig	conditioned-cat-only	all	73	73	1807	24.753424657534246	2.911764705882353	0.5295697746478254	0.37893572629206407	0.41967034863773733	0.3095154903535272	0.8557542844084529	0.780281690140845	0.8557542844084529	0.780281690140845	0.16271454574377603	0.13950134198455721	0.35964876817800145	0.3357506830888692	0.5532927759749428	0.4801155838513	0.6081234669168962	0.5744529489655983
orig	8	transfo-xl-wt103	orig	conditioned-cat-only	pair_significant	60	60	1782	29.7	2.9393939393939394	0.5343556555679008	0.3789032728658723	0.42540812312114623	0.3104828639349767	0.8511011968087254	0.7771428571428571	0.8511011968087254	0.7771428571428571	0.14890062032025536	0.13305212924329496	0.34715140535634437	0.329874735480862	0.5720011450924141	0.48735533028727096	0.6290780229917953	0.5832518163994637
orig	8	transfo-xl-wt103	orig	conditioned-cat-only	pair_not_significant	13	13	25	1.9230769230769231	2.0	0.3812074661254883	0.3812074661254883	0.24179933965206146	0.24179933965206146	1.0	1.0	1.0	1.0	0.5909462338729168	0.5909462338729168	0.7470670156493716	0.7470670156493716	-0.02666666666666667	-0.02666666666666667	-0.04146777140497051	-0.04146777140497051
orig	8	transfo-xl-wt103	orig	conditioned-exclude	all	73	73	8300	113.6986301369863	3.088235294117647	-0.05066871829330921	-0.09660841071666335	-0.022086310294729752	-0.056931451835889706	0.47583031712421286	0.4444142060144237	0.47653216725647296	0.4450945706898898	0.7217387146362794	0.7769973371519874	0.7967655043685979	0.8348853683157976	0.13184784143448303	0.09339940947426102	0.19100064731472963	0.15050106715552547
orig	8	transfo-xl-wt103	orig	conditioned-exclude	pair_significant	60	60	6288	104.8	3.1403508771929824	-0.054194438660859455	-0.11750173189429597	-0.023172770871552735	-0.06989558969953522	0.4824897133518817	0.4432195975503062	0.4832147329543476	0.44391951006124236	0.6810198028239776	0.7279493304763726	0.765902042661916	0.7968232408235311	0.1500049653712585	0.11215857503984723	0.21894486330890245	0.18441697344794244
orig	8	transfo-xl-wt103	orig	conditioned-exclude	pair_not_significant	13	13	2012	154.76923076923077	2.8181818181818183	-0.031473129625535674	-0.023532933036020456	-0.016171136043137975	-0.011588705268732957	0.4395736043291269	0.4485924112607099	0.4401493095680446	0.44920440636474906	0.9434305678365887	0.9485452919568452	0.964799906993867	0.9680096391960326	0.032992388889816815	0.027788252064637187	0.038859915790899785	0.03187842060646597
orig	8	transfo-xl-wt103	orig	raw	all	73	73	13730	188.08219178082192	9.095890410958905	-0.4227286656451825	-0.4207727805572522	-0.26954185077920556	-0.2676075485296922	0.26341650697562013	0.26210005172541195	0.2624069959086136	0.26091775659499	0.782947430618782	0.7849687333190245	0.8407125907366585	0.8420777821418783	0.06745039336748919	0.06776653949045598	0.12139018274421945	0.12045535109770882
orig	8	transfo-xl-wt103	orig	raw	pair_significant	60	60	11141	185.68333333333334	9.533333333333333	-0.4699796376749873	-0.47117503300461655	-0.30052710566669705	-0.3005205001192181	0.244593899195237	0.24154025670945156	0.2431308066430494	0.2398348442689166	0.7662216657507738	0.7674172930007028	0.8279678076336153	0.8286677642132816	0.07211344294161436	0.072842584848941	0.13202790602091585	0.13168394954415066
orig	8	transfo-xl-wt103	orig	raw	pair_not_significant	13	13	2589	199.15384615384616	7.076923076923077	-0.1864738054961587	-0.18601881127795172	-0.11461557634174824	-0.11431189900673738	0.3575295458775359	0.35785953177257523	0.3587879422364348	0.35911371237458195	0.8665762549588237	0.8667164743668595	0.904436506251875	0.9045363982549616	0.044135145496863364	0.04412430648925126	0.06820156636073733	0.06815693333357495
orig	9	transfo-xl-wt103	orig	conditioned-cat-only	all	73	73	1807	24.753424657534246	2.911764705882353	0.4961531148146605	0.3588154334422778	0.379501893028646	0.28304834236790966	0.8622274006211721	0.7926760563380282	0.8612045659289826	0.7909859154929577	0.2133543813130328	0.18149695428847243	0.4171782060345446	0.3870087771047881	0.5617553904523638	0.4838520238580682	0.6141188940642573	0.5772764098335212
orig	9	transfo-xl-wt103	orig	conditioned-cat-only	pair_significant	60	60	1782	29.7	2.9393939393939394	0.5054808893361159	0.36098433813931685	0.3878229905347971	0.2853554919683374	0.8603637683831453	0.7908571428571428	0.8593079390234659	0.7891428571428571	0.1955567182428018	0.17316002597130495	0.40261666948007024	0.38012910478880996	0.5816202112428934	0.49153639639966995	0.6344365261700279	0.585747897134209
orig	9	transfo-xl-wt103	orig	conditioned-cat-only	pair_not_significant	13	13	25	1.9230769230769231	2.0	0.20699210464954376	0.20699210464954376	0.1215478703379631	0.1215478703379631	0.92	0.92	0.92	0.92	0.7650819364901932	0.7650819364901932	0.86858583922325	0.86858583922325	-0.05405405405405406	-0.05405405405405405	-0.015727701214629214	-0.015727701214629214
orig	9	transfo-xl-wt103	orig	conditioned-exclude	all	73	73	8300	113.6986301369863	3.088235294117647	-0.03512372261973034	-0.07912186017145394	-0.012229218073430118	-0.044146288095020185	0.5017599460557777	0.47230915770853177	0.502999520076093	0.4736698870594639	0.7274965638414451	0.7758561736449995	0.809971493314526	0.8430146785216153	0.13685265640200164	0.09774864214441904	0.19875981054487823	0.15846022909863786
orig	9	transfo-xl-wt103	orig	conditioned-exclude	pair_significant	60	60	6288	104.8	3.1403508771929824	-0.03901950009547326	-0.0994466184213927	-0.01292251531101231	-0.05534513592746513	0.507343575257154	0.47034120734908136	0.5086989900206765	0.47191601049868764	0.6942335149207276	0.7363465869827228	0.7844176568267557	0.8117585659401695	0.1540653327071437	0.11463507017385262	0.22466300104024564	0.1897925387195477
orig	9	transfo-xl-wt103	orig	conditioned-exclude	pair_not_significant	13	13	2012	154.76923076923077	2.8181818181818183	-0.013913378585129976	-0.008034960906827227	-0.008454599779927068	-0.0049777352416402266	0.47136018707050653	0.4791921664626683	0.47196907260002696	0.47980416156670747	0.9085953857431289	0.9140430082685674	0.9490979364146082	0.9523345582051912	0.043139196518450405	0.03868748168651645	0.057731328958989185	0.04887384630579828
orig	9	transfo-xl-wt103	orig	raw	all	73	73	13730	188.08219178082192	9.095890410958905	-0.36751798304289374	-0.36616662084186574	-0.2269117213917424	-0.22546673677988532	0.29891126998657985	0.2960171432793911	0.29890880182904517	0.29594324983373976	0.7845623907287896	0.7861832359424447	0.8505422612105009	0.8515941934645268	0.07140558062534541	0.07087381642542294	0.1281354172573683	0.12768838928220444
orig	9	transfo-xl-wt103	orig	raw	pair_significant	60	60	11141	185.68333333333334	9.533333333333333	-0.41216760283956927	-0.4138966141354379	-0.25450557549484076	-0.2548346856873813	0.2802353027430112	0.27528947132214343	0.2798135762550542	0.2747509200251324	0.7727343940167248	0.7738091764626066	0.8408251124769318	0.8413708110139873	0.07449505456051292	0.07407650799583547	0.1381109300969605	0.13831298485528762
orig	9	transfo-xl-wt103	orig	raw	pair_not_significant	13	13	2589	199.15384615384616	7.076923076923077	-0.1442698840595161	-0.14385898903430436	-0.0889424508762507	-0.08868232257486319	0.39229110620442276	0.39255852842809363	0.394384929699	0.39464882943143814	0.8437023742891134	0.8438167629762551	0.8991280048783475	0.8992107084651377	0.055958210949507876	0.05595693231757766	0.07825785305940706	0.07820318055322453
orig	10	transfo-xl-wt103	orig	conditioned-cat-only	all	73	73	1807	24.753424657534246	2.911764705882353	0.43382655511959456	0.327789850385571	0.30730647907148523	0.23926439776573932	0.8717998770107616	0.8157394366197183	0.8728725496854814	0.8179929577464788	0.3155645808577075	0.2713080372585007	0.5284542083806865	0.49210572021091176	0.512343121222201	0.4728026726747026	0.5488250718736274	0.550677266031511
orig	10	transfo-xl-wt103	orig	conditioned-cat-only	pair_significant	60	60	1782	29.7	2.9393939393939394	0.4441838070690151	0.33086182332411407	0.3149716855203282	0.24168695946014487	0.8715353569143347	0.8148214285714286	0.8726426319334001	0.8171071428571428	0.297817855064608	0.26281653664156795	0.5158228821225751	0.48599258303703735	0.5306139978440156	0.4803291973422563	0.567036451650668	0.5587687655635989
orig	10	transfo-xl-wt103	orig	conditioned-cat-only	pair_not_significant	13	13	25	1.9230769230769231	2.0	0.11275174468755722	0.11275174468755722	0.06968507915735245	0.06968507915735245	0.88	0.88	0.88	0.88	0.86571308044379	0.8657130804437901	0.9200253223821369	0.9200253223821369	-0.05405405405405406	-0.05405405405405405	-0.015727701214629214	-0.015727701214629214
orig	10	transfo-xl-wt103	orig	conditioned-exclude	all	73	73	8300	113.6986301369863	3.088235294117647	-0.011939070172455355	-0.05058838332306093	0.0009555705965512657	-0.024587719630603543	0.5439555093540372	0.5206150496666213	0.545114638886282	0.5222479248877399	0.7528072755378111	0.7896491483474771	0.8399097138496527	0.8628794746908984	0.1439398673019297	0.10523845826330379	0.20686060214017035	0.16607930622912062
orig	10	transfo-xl-wt103	orig	conditioned-exclude	pair_significant	60	60	6288	104.8	3.1403508771929824	-0.013821581474799966	-0.06621889014356001	0.0013169033288936683	-0.03222062773810054	0.5437880439455426	0.5098862642169729	0.5447780008752313	0.5114610673665791	0.7256756981123942	0.757186243327769	0.8205831801583565	0.8389089706979198	0.1599796742698232	0.11986706998608135	0.23226400798248054	0.19601515357783286
orig	10	transfo-xl-wt103	orig	conditioned-exclude	pair_not_significant	13	13	2012	154.76923076923077	2.8181818181818183	-0.0016898419708013535	0.004080127374094659	-0.001011685390646259	0.0021087735360704883	0.544867265466952	0.5581395348837209	0.5469474458353343	0.5599755201958384	0.9005236415206372	0.9031898473607162	0.945131952835598	0.9467175593419832	0.05661202936562072	0.054074127788595244	0.06855317033203673	0.06137712287667861
orig	10	transfo-xl-wt103	orig	raw	all	73	73	13730	188.08219178082192	9.095890410958905	-0.28448780574641813	-0.28351813178060914	-0.1638945361773949	-0.16305237267509987	0.35335811294839475	0.35143722751791917	0.35421992871280644	0.352397842311387	0.8008857182241995	0.8021760917453336	0.8718537612329569	0.8728375679506205	0.0741335571946858	0.07315402460564543	0.13889519444135537	0.13718459717346382
orig	10	transfo-xl-wt103	orig	raw	pair_significant	60	60	11141	185.68333333333334	9.533333333333333	-0.3217876928703239	-0.3234332911615872	-0.1847444014507346	-0.18530268302066027	0.3333633649646679	0.3295036352212548	0.33398129174586055	0.33022170361726955	0.7933380077457557	0.7943378455736047	0.8651801931180868	0.8658752423375273	0.07899881459223432	0.07817529041404354	0.15079806460151984	0.14961270350293107
orig	10	transfo-xl-wt103	orig	raw	pair_not_significant	13	13	2589	199.15384615384616	7.076923076923077	-0.0979883701268894	-0.09760893835942339	-0.05964520981069654	-0.05941913372865819	0.4533318528670287	0.4535953177257525	0.45541311354753566	0.45568561872909696	0.838624270616418	0.8386835752734395	0.9052216018073073	0.9052653562681251	0.049807270206943095	0.049766933313269486	0.07938084364053288	0.07929934106284735
orig	11	transfo-xl-wt103	orig	conditioned-cat-only	all	73	73	1807	24.753424657534246	2.911764705882353	0.3829939842798922	0.30456109976638635	0.25753452215212747	0.21040324291620982	0.8827657550223573	0.8337676056338028	0.8821747399629221	0.8343309859154929	0.3963262366244362	0.3403850568442473	0.6027842285184059	0.5601674339856828	0.36450053488465867	0.4140952587341391	0.41554615183730576	0.4982168023662669
orig	11	transfo-xl-wt103	orig	conditioned-cat-only	pair_significant	60	60	1782	29.7	2.9393939393939394	0.3935557279487952	0.3081179736124219	0.2648081152752462	0.212951101595935	0.8854356180875945	0.83425	0.884825538026242	0.8348214285714286	0.3792018826167354	0.332002254643977	0.5912197014251891	0.5544371892082194	0.37711883170889493	0.4203918576684365	0.43028853645802434	0.5059265819915703
orig	11	transfo-xl-wt103	orig	conditioned-cat-only	pair_not_significant	13	13	25	1.9230769230769231	2.0	0.055579930543899536	0.055579930543899536	0.032053135335445404	0.032053135335445404	0.8	0.8	0.8	0.8	0.9271812108631636	0.9271812108631636	0.9612845684081195	0.9612845684081195	-0.02666666666666667	-0.02666666666666667	-0.04146777140497051	-0.04146777140497051
orig	11	transfo-xl-wt103	orig	conditioned-exclude	all	73	73	8300	113.6986301369863	3.088235294117647	0.0024167637416996576	-0.02950641485020771	0.00907971424448047	-0.01034400132057503	0.5778353118472872	0.5570825962716016	0.5816275540400832	0.5614369301945843	0.7764975532823958	0.8054045713080774	0.8601398954591477	0.8776112025429634	0.12858114448338465	0.1073738649357821	0.19151757195287097	0.16731594972823235
orig	11	transfo-xl-wt103	orig	conditioned-exclude	pair_significant	60	60	6288	104.8	3.1403508771929824	0.003295421731012056	-0.038477996534591316	0.010977951158788435	-0.013590563795865821	0.5817349180636401	0.5539807524059492	0.5852819377499868	0.558005249343832	0.7528612928587661	0.7761761933418608	0.8436480456620147	0.8565452717708534	0.14031027591751152	0.12062792200189774	0.21259074853958557	0.195506423559068
orig	11	transfo-xl-wt103	orig	conditioned-exclude	pair_not_significant	13	13	2012	154.76923076923077	2.8181818181818183	-0.0023670408667789567	0.0018721587888695839	-0.0012551311778628991	0.0010110198215833972	0.5566041224471434	0.5679314565483476	0.5617314649528299	0.5734394124847001	0.9051838600332691	0.9076323436929784	0.9499288554657609	0.9512903912593701	0.06472254000869399	0.0610171108765098	0.07678583275853602	0.0687183010481677
orig	11	transfo-xl-wt103	orig	raw	all	73	73	13730	188.08219178082192	9.095890410958905	-0.23400153184775263	-0.23311722169028823	-0.13066863798626904	-0.13002802033982025	0.38879341775043247	0.3870538683218798	0.39026437921790336	0.38860563068055864	0.8158115670946968	0.817434902104714	0.8858897510687088	0.8870516072587975	0.07910998683319842	0.07827323700971953	0.14137255650022687	0.14027300671105303
orig	11	transfo-xl-wt103	orig	raw	pair_significant	60	60	11141	185.68333333333334	9.533333333333333	-0.26440320805025597	-0.26562964792484806	-0.14710222959207991	-0.14756950630274143	0.37102682762574785	0.367561260210035	0.37162404997883175	0.3681895700565479	0.8089148868531976	0.8103684071546513	0.8800840419758502	0.8810597384832038	0.08195281575349116	0.08114718980283245	0.15189636927125771	0.15134636400195356
orig	11	transfo-xl-wt103	orig	raw	pair_not_significant	13	13	2589	199.15384615384616	7.076923076923077	-0.08199315083523591	-0.08168706254345244	-0.04850067995721474	-0.04832664278425809	0.4776263683738558	0.4778428093645485	0.48346602541326167	0.483695652173913	0.8502949683021933	0.850347870431908	0.9149182965330017	0.9149593873712093	0.06489584223173472	0.06488748948962289	0.08875349264507253	0.08869764150289153
orig	12	transfo-xl-wt103	orig	conditioned-cat-only	all	73	73	1807	24.753424657534246	2.911764705882353	0.2726523434976116	0.22920026930495047	0.17639414123550523	0.1514333314241343	0.8738445753823794	0.8388732394366197	0.8720944817220703	0.8416901408450704	0.5618520773021894	0.49583985970230043	0.7251902032655748	0.6813791626634733	0.3783152885247589	0.471163680460872	0.4130260997379155	0.52767428186872
orig	12	transfo-xl-wt103	orig	conditioned-cat-only	pair_significant	60	60	1782	29.7	2.9393939393939394	0.280958468815492	0.23225795231440238	0.1818765439093113	0.1535046696109431	0.8775169810398753	0.84	0.877000755326008	0.8434285714285714	0.5484218106550713	0.48894913850714977	0.7166024947672929	0.6769501626056326	0.39350241232016886	0.47921581231221244	0.4267522636633494	0.5353908427804237
orig	12	transfo-xl-wt103	orig	conditioned-cat-only	pair_not_significant	13	13	25	1.9230769230769231	2.0	0.015162458643317223	0.015162458643317223	0.006439658347517252	0.006439658347517252	0.76	0.76	0.72	0.72	0.9781903433628482	0.9781903433628482	0.9914091667123128	0.9914091667123128	-0.09248554913294797	-0.09248554913294797	-0.012484981950537592	-0.012484981950537592
orig	12	transfo-xl-wt103	orig	conditioned-exclude	all	73	73	8300	113.6986301369863	3.088235294117647	0.014733385065859505	-0.00656095681588345	0.01396225070217544	0.0021021009712308735	0.6113814081082151	0.5946387263573275	0.6128192173903584	0.5966798203837257	0.8307204697108228	0.8482186089821822	0.8978631724351355	0.9079552210511	0.1561997930021617	0.13013112614584627	0.20427598539670927	0.1759440217289765
orig	12	transfo-xl-wt103	orig	conditioned-exclude	pair_significant	60	60	6288	104.8	3.1403508771929824	0.01730175134345737	-0.009426469679788238	0.016547716431775873	0.002367163714663511	0.6148835361169281	0.5923009623797025	0.6164714325975945	0.594750656167979	0.8134437350528311	0.8257445505642883	0.8862904924899543	0.8924732081025463	0.1705770554140681	0.14616730290946325	0.226155569012377	0.20376545337216143
orig	12	transfo-xl-wt103	orig	conditioned-exclude	pair_not_significant	13	13	2012	154.76923076923077	2.8181818181818183	0.0007500575544933478	0.0034613234884102203	-0.00011417382564913068	0.0011750302376216186	0.592314266727444	0.6028151774785802	0.5929349345954071	0.6034271725826194	0.9247826917376663	0.926822797389932	0.9608699854700107	0.9621043667065371	0.07792358653733791	0.07404376371985409	0.0851538079336295	0.07863711729764135
orig	12	transfo-xl-wt103	orig	raw	all	73	73	13730	188.08219178082192	9.095890410958905	-0.1876322908695632	-0.18724691568123217	-0.10636503818139115	-0.10591672726901873	0.4272049981204778	0.42466563215842756	0.4330814772784999	0.4305032143648858	0.8560540805881262	0.8575912100192856	0.9134348069780012	0.9144700454510888	0.09281471601582056	0.09078343349897618	0.14508645834758316	0.14279291593335117
orig	12	transfo-xl-wt103	orig	raw	pair_significant	60	60	11141	185.68333333333334	9.533333333333333	-0.21064455669838936	-0.21191369185996836	-0.11873357940051694	-0.11912457110638706	0.40792594546296335	0.4033749214612692	0.41472730592202456	0.410196571223409	0.8495383493064198	0.8509113877232914	0.9084613663477281	0.909343551517252	0.09966941779519482	0.0977163907346955	0.15651598507964465	0.15458954160048757
orig	12	transfo-xl-wt103	orig	raw	pair_not_significant	13	13	2589	199.15384615384616	7.076923076923077	-0.07257096172543243	-0.07235872445744462	-0.04452233208576217	-0.044399758961275966	0.5236002614080504	0.5238294314381271	0.5248523340608768	0.5250836120401338	0.8886327369966578	0.8887032084305181	0.9383020101293676	0.9383472481755366	0.05854120711894931	0.05849243159130499	0.08793882468727565	0.08784884964674304
orig	13	transfo-xl-wt103	orig	conditioned-cat-only	all	73	73	1807	24.753424657534246	2.911764705882353	0.2202083783922717	0.1935940404498661	0.13800145738059655	0.12324655444321918	0.8741866141846627	0.8433802816901409	0.8701035915071099	0.843943661971831	0.6470231779617301	0.5841616371800141	0.7853646988244827	0.745776997472102	0.33545252607936926	0.38390700331112576	0.36980334682132	0.45559654445455694
orig	13	transfo-xl-wt103	orig	conditioned-cat-only	pair_significant	60	60	1782	29.7	2.9393939393939394	0.2265988562496439	0.19604390438752514	0.14212354852427397	0.12486126762202808	0.8778700533519099	0.8445714285714285	0.8736553202654038	0.8451428571428572	0.6366044079272507	0.5786495884392916	0.7788667932121542	0.7423338149673226	0.34726831738532593	0.3898319177070746	0.3829977465456182	0.462665395727221
orig	13	transfo-xl-wt103	orig	conditioned-cat-only	pair_not_significant	13	13	25	1.9230769230769231	2.0	0.0221035648137331	0.0221035648137331	0.010216631926596165	0.010216631926596165	0.76	0.76	0.76	0.76	0.9700050490305863	0.9700050490305863	0.9867997728066594	0.9867997728066594	-0.030837004405286344	-0.030837004405286344	-0.03922304463192319	-0.03922304463192319
orig	13	transfo-xl-wt103	orig	conditioned-exclude	all	73	73	8300	113.6986301369863	3.088235294117647	0.020857070552602667	0.0052508636804697775	0.01580361598813585	0.007375001240253513	0.631637677795617	0.6155939583616818	0.6332291893158719	0.6173629065178936	0.8511863064395274	0.862919850988318	0.9121636222523882	0.9188761636811317	0.11467465543959182	0.10221251176392951	0.1582484332515459	0.14489622250215464
orig	13	transfo-xl-wt103	orig	conditioned-exclude	pair_significant	60	60	6288	104.8	3.1403508771929824	0.022320766111227627	0.002428017471601644	0.01751977008083189	0.0073324797442794005	0.6358559186521433	0.6143482064741908	0.6385187129219729	0.6176727909011374	0.8395492304031368	0.8478017076161398	0.9042545147849612	0.9082741328056658	0.12491572377536837	0.11552932884903867	0.17544524117817112	0.16887317494680226
orig	13	transfo-xl-wt103	orig	conditioned-exclude	pair_not_significant	13	13	2012	154.76923076923077	2.8181818181818183	0.012888061400089	0.015123915139271114	0.006460110372346308	0.007523722384373499	0.6086716997989748	0.6199510403916769	0.604430671904878	0.6162790697674418	0.9145437204154325	0.9157963438720377	0.9552243184639345	0.955957318181307	0.058917727833697135	0.05563625127347739	0.06462136787325291	0.061035584055911696
orig	13	transfo-xl-wt103	orig	raw	all	73	73	13730	188.08219178082192	9.095890410958905	-0.14928360929479823	-0.14922973048286017	-0.08249343580327048	-0.08237786756631503	0.4608817539836669	0.4580654695928471	0.4661827145927828	0.4634596911253972	0.8699940129740242	0.8713496956700915	0.9237576199461748	0.924660403213916	0.0856807830845902	0.08385518350059842	0.1436692982525768	0.14124392795078916
orig	13	transfo-xl-wt103	orig	raw	pair_significant	60	60	11141	185.68333333333334	9.533333333333333	-0.16770361384842544	-0.1690278929592947	-0.0922758235091654	-0.0928741367418025	0.44256879374711927	0.4377524459204739	0.44901748433569694	0.4443945785836101	0.8661171398709351	0.8674663741910238	0.920507263050485	0.9213566641509974	0.09102063871361854	0.08921426438552772	0.15158926762501707	0.14925436601600947
orig	13	transfo-xl-wt103	orig	raw	pair_not_significant	13	13	2589	199.15384615384616	7.076923076923077	-0.05718358652666211	-0.05701763677468405	-0.033581497273795925	-0.03349035298265867	0.5524465551664045	0.552675585284281	0.5520088658782126	0.552257525083612	0.8893783784894711	0.8894366875590098	0.9400094044246233	0.9400479270015313	0.05898150493944853	0.05889468177024835	0.1040694513903755	0.1039344419622357
orig	14	transfo-xl-wt103	orig	conditioned-cat-only	all	73	73	1807	24.753424657534246	2.911764705882353	0.18435474194120616	0.16640138053033554	0.11313190896180458	0.1018090232781751	0.8519479118122029	0.8253521126760563	0.8500339286719331	0.8276056338028169	0.6968972893221929	0.6365889551324848	0.8206117655424905	0.7837072056327564	0.29588544535843186	0.3792933404348393	0.32134898488421254	0.4433627499178669
orig	14	transfo-xl-wt103	orig	conditioned-cat-only	pair_significant	60	60	1782	29.7	2.9393939393939394	0.190023026849714	0.16865514439823373	0.11694739972271266	0.10333698510538254	0.8574946186448544	0.8274285714285714	0.855518894112963	0.8297142857142857	0.6877340672010367	0.6316694091332627	0.8147051581069278	0.7805642143411538	0.30642487922177775	0.3851523453611268	0.3329803406750557	0.4502568326971496
orig	14	transfo-xl-wt103	orig	conditioned-cat-only	pair_not_significant	13	13	25	1.9230769230769231	2.0	0.008637909777462482	0.008637909777462482	-0.0051483046263456345	-0.0051483046263456345	0.68	0.68	0.68	0.68	0.980957175078029	0.980957175078029	1.0037165960449357	1.0037165960449357	-0.030837004405286344	-0.030837004405286344	-0.03922304463192319	-0.03922304463192319
orig	14	transfo-xl-wt103	orig	conditioned-exclude	all	73	73	8300	113.6986301369863	3.088235294117647	0.018468305550852854	0.007312599320285522	0.010583571715963852	0.005109662408417821	0.6291142663570566	0.6162743230371479	0.6312128331128753	0.619540073479385	0.8678596267130007	0.8765190345259101	0.9248551694351774	0.9296200861817286	0.12321464071315895	0.11129072797444516	0.16487756257447372	0.1525763142318545
orig	14	transfo-xl-wt103	orig	conditioned-exclude	pair_significant	60	60	6288	104.8	3.1403508771929824	0.019468122858040948	0.005036196867305515	0.01181665886795191	0.005034082234401296	0.6355560845010039	0.6190726159230097	0.6380525714824807	0.6230971128608924	0.8580441927985372	0.8634279839666752	0.918170442878081	0.9204100742978127	0.13051630892084426	0.11956831904041634	0.17898180396111993	0.1717844738128807
orig	14	transfo-xl-wt103	orig	conditioned-exclude	pair_not_significant	13	13	2012	154.76923076923077	2.8181818181818183	0.01302485576727324	0.015274435317091361	0.0038700972218066454	0.0053740079986898176	0.5940421453511218	0.6064871481028152	0.5939742575450239	0.6070991432068543	0.9212992113584133	0.9223056648478366	0.9612497918015914	0.9618325818467105	0.08346111380465003	0.08233942262436832	0.08808780391384419	0.0853947768967477
orig	14	transfo-xl-wt103	orig	raw	all	73	73	13730	188.08219178082192	9.095890410958905	-0.14241962747312048	-0.1422973000249371	-0.09021697841106086	-0.09009203183834813	0.456867114522494	0.4550358383211409	0.46656171584088646	0.46501145348407597	0.882640443191951	0.8835699165393548	0.9329735275773068	0.9335395054475153	0.09090435809106812	0.08853901181986587	0.13631803076328497	0.13487120844366432
orig	14	transfo-xl-wt103	orig	raw	pair_significant	60	60	11141	185.68333333333334	9.533333333333333	-0.16026310642870764	-0.16145821697864515	-0.1004082719096914	-0.10102576335902781	0.4385912683543569	0.4349699308859169	0.4498885210499077	0.44672830087065796	0.8786549909282838	0.8794795914350316	0.9294640192050811	0.9298853704159704	0.09603451324945242	0.09355674180650843	0.14309038432739493	0.1418567585322705
orig	14	transfo-xl-wt103	orig	raw	pair_not_significant	13	13	2589	199.15384615384616	7.076923076923077	-0.05320223269518465	-0.053053246604677376	-0.0392605109179082	-0.03916698883170414	0.5482463453631795	0.5484949832775919	0.5499276897957802	0.5501672240802675	0.9025677045102863	0.9026210503132943	0.9505210694384362	0.9505590365455261	0.0652535822991465	0.06516838900164482	0.10245626294273502	0.10233524960705834
orig	15	transfo-xl-wt103	orig	conditioned-cat-only	all	73	73	1807	24.753424657534246	2.911764705882353	0.17837846132169943	0.16162426587902534	0.11074566398747265	0.09950078820153861	0.8474603297102563	0.8202816901408451	0.8445581471169894	0.824225352112676	0.7072660978994513	0.6526102108127569	0.8266981935796603	0.7952984969110456	0.2838407339122039	0.35260351783791344	0.2976335542604836	0.40227942384657595
orig	15	transfo-xl-wt103	orig	conditioned-cat-only	pair_significant	60	60	1782	29.7	2.9393939393939394	0.18386770269623207	0.16381586998142303	0.11469830551575269	0.101090602652835	0.852862275829942	0.8222857142857143	0.8498664744433438	0.8262857142857143	0.6983371375515258	0.6478751585574373	0.8205780379404538	0.7921395751755598	0.2939916286966391	0.35808123958424487	0.30849989616023876	0.40858660196769736
orig	15	transfo-xl-wt103	orig	conditioned-cat-only	pair_not_significant	13	13	25	1.9230769230769231	2.0	0.00821197871118784	0.00821197871118784	-0.011786223389208317	-0.011786223389208317	0.68	0.68	0.68	0.68	0.9840638686851351	0.9840638686851351	1.0164230183950613	1.0164230183950613	-0.030837004405286344	-0.030837004405286344	-0.03922304463192319	-0.03922304463192319
orig	15	transfo-xl-wt103	orig	conditioned-exclude	all	73	73	8300	113.6986301369863	3.088235294117647	0.019502033021879094	0.009223538126093398	0.011402410798774357	0.006414916079434919	0.6267674792810255	0.6153218124914954	0.6318125540965983	0.6223976051163423	0.8720633745934341	0.8799364177895108	0.928230379963285	0.9326191032362328	0.11154927578430643	0.10237686545988632	0.15033975921407336	0.14173441985146873
orig	15	transfo-xl-wt103	orig	conditioned-exclude	pair_significant	60	60	6288	104.8	3.1403508771929824	0.020248395352795417	0.006773904834858493	0.012453708729388344	0.006253864245429352	0.6312074971628089	0.6155730533683289	0.6368072652529603	0.6237970253718286	0.8637658372072746	0.8691044458214658	0.9224677618227788	0.9248155655171115	0.1175119700487512	0.11000032222928838	0.16145590426939838	0.15868836464460656
orig	15	transfo-xl-wt103	orig	conditioned-exclude	pair_not_significant	13	13	2012	154.76923076923077	2.8181818181818183	0.015438504775779115	0.01779125799109186	0.005678677620987098	0.006978203246718776	0.6025940485913162	0.6144430844553244	0.6046191266897396	0.6175030599755202	0.9172388559180796	0.9178218032224221	0.9596046342838181	0.9599123823456439	0.07908571812232927	0.07571342883985399	0.08981852502397024	0.08243711600031654
orig	15	transfo-xl-wt103	orig	raw	all	73	73	13730	188.08219178082192	9.095890410958905	-0.1357062736383846	-0.13565365336067367	-0.085264561988879	-0.08514078160337589	0.4618764791712662	0.46050395329934235	0.46967864434062684	0.46855833887534176	0.88721765776608	0.8881168950467756	0.9361536802884923	0.936704892431734	0.0863777414618715	0.08442588997722393	0.1357164756446285	0.1353066115486961
orig	15	transfo-xl-wt103	orig	raw	pair_significant	60	60	11141	185.68333333333334	9.533333333333333	-0.1526266500664254	-0.15383797416102535	-0.09526213794015348	-0.09586420962087105	0.4442679120882394	0.4412530293510457	0.4532146811457436	0.4505879184992371	0.8843770662405359	0.8852490930983943	0.9334248109657591	0.9338851703096923	0.0913991163687778	0.0894167395879892	0.14157640027532048	0.14153263179462128
orig	15	transfo-xl-wt103	orig	raw	pair_not_significant	13	13	2589	199.15384615384616	7.076923076923077	-0.051104391498180725	-0.05095820267642708	-0.03527668223250657	-0.035195250021890244	0.5499193145864	0.5501672240802675	0.5519984603150432	0.552257525083612	0.9014206153937997	0.9014739943389658	0.9497980269021574	0.949838054706679	0.06127086692734001	0.06118046543143137	0.10641685249116857	0.10630824551196859
orig	16	transfo-xl-wt103	orig	conditioned-cat-only	all	73	73	1807	24.753424657534246	2.911764705882353	0.17664733740093652	0.1611458028299393	0.10944292524072807	0.10086539504498664	0.8528428051805659	0.8292605633802816	0.8533096435937624	0.8343661971830986	0.7095145637858249	0.6544471575185817	0.8265961172161153	0.7926729527047159	0.2976880584111571	0.35302462078792163	0.3099213173870813	0.4012955997937726
orig	16	transfo-xl-wt103	orig	conditioned-cat-only	pair_significant	60	60	1782	29.7	2.9393939393939394	0.18169554636903829	0.16315998773622725	0.11280871738469408	0.102233423991661	0.855837734379939	0.83025	0.8563196320967872	0.8354285714285714	0.7012741883600927	0.6500111711690826	0.8213234806097606	0.7898533112860245	0.3081511140588288	0.35844878203727293	0.32125644928359914	0.4076207908108976
orig	16	transfo-xl-wt103	orig	conditioned-cat-only	pair_not_significant	13	13	25	1.9230769230769231	2.0	0.020152859389781952	0.020152859389781952	0.005103368777781725	0.005103368777781725	0.76	0.76	0.76	0.76	0.9649662019835199	0.9649662019835199	0.9900478520131074	0.9900478520131074	-0.02666666666666667	-0.02666666666666667	-0.04146777140497051	-0.04146777140497051
orig	16	transfo-xl-wt103	orig	conditioned-exclude	all	73	73	8300	113.6986301369863	3.088235294117647	0.020016332521255866	0.00982548289874396	0.013500283745464725	0.007944085811539051	0.6318203329577272	0.6204925840250374	0.6345571470113588	0.6237583344672745	0.8711046683962389	0.8788311319680054	0.926387027214927	0.9310870857291725	0.10550269473185173	0.10271803000194003	0.14766668224839005	0.14242440640230616
orig	16	transfo-xl-wt103	orig	conditioned-exclude	pair_significant	60	60	6288	104.8	3.1403508771929824	0.020377432522411476	0.006840405022775981	0.014431206837334499	0.0075247974937564955	0.6388231530128639	0.6243219597550306	0.6422117029638088	0.6286964129483814	0.863955301038573	0.8697217807472593	0.9213177214748681	0.92440561165637	0.10686710801350016	0.10355875459908208	0.15686119031301213	0.15484439482908344
orig	16	transfo-xl-wt103	orig	conditioned-exclude	pair_not_significant	13	13	2012	154.76923076923077	2.8181818181818183	0.01805034362607532	0.020265948052450813	0.008431924689729284	0.009410568514187345	0.5936938682130946	0.6070991432068543	0.5928823423813526	0.6064871481028152	0.910029001787976	0.9106915617272241	0.9539865806885819	0.9544558888662997	0.09807422242065456	0.09977755198929204	0.09760769389655877	0.09898485079702328
orig	16	transfo-xl-wt103	orig	raw	all	73	73	13730	188.08219178082192	9.095890410958905	-0.12896720783060622	-0.12894600690711008	-0.07141809764026322	-0.07126005282632954	0.4743746261125884	0.47254858494051577	0.48002918063068517	0.47860784748392815	0.885740310713611	0.8868217928916121	0.9342402753157916	0.9349524213650648	0.08872774251463758	0.08703667108937094	0.1371497650055922	0.1361255766521475
orig	16	transfo-xl-wt103	orig	raw	pair_significant	60	60	11141	185.68333333333334	9.533333333333333	-0.14559906343929468	-0.14682433738414766	-0.08024086706961195	-0.08071182028688648	0.45834902598106325	0.4548963288753254	0.46538449563268286	0.4625258055829818	0.883772841465605	0.8849297967040581	0.9322178684355724	0.9329260771854713	0.09253131352044823	0.09077001619260094	0.14436473255686347	0.1436710729318542
orig	16	transfo-xl-wt103	orig	raw	pair_not_significant	13	13	2589	199.15384615384616	7.076923076923077	-0.045807929787163935	-0.04567573941351665	-0.02730425049351955	-0.02723741851275729	0.5545026267702148	0.5547658862876255	0.5532526056206962	0.5535117056856187	0.8955776569536407	0.8956339707869039	0.9443523097168879	0.9443903396363236	0.06970988748558433	0.06964821047269641	0.10107492724923596	0.10098160756677446
orig	17	transfo-xl-wt103	orig	conditioned-cat-only	all	73	73	1807	24.753424657534246	2.911764705882353	0.1702086646691896	0.15447485079805195	0.10417090098781046	0.09482864661115996	0.8502754481417572	0.8343309859154929	0.8538059462877781	0.8411267605633803	0.7264303758513942	0.6790930636780644	0.8383905249680552	0.8114131034723742	0.33407509975154415	0.39381457309712586	0.3475364590974393	0.44395069974860774
orig	17	transfo-xl-wt103	orig	conditioned-cat-only	pair_significant	60	60	1782	29.7	2.9393939393939394	0.1752278916237335	0.15647288253690514	0.10771881407427211	0.09626640448692654	0.8544778819527815	0.8359642857142857	0.8581222671357708	0.8428571428571429	0.7185548335577568	0.6749290762026916	0.8330130522482645	0.8086462595322427	0.3452876356633202	0.3996335457629922	0.36007497533456717	0.45088081752006665
orig	17	transfo-xl-wt103	orig	conditioned-cat-only	pair_not_significant	13	13	25	1.9230769230769231	2.0	0.01461262907832861	0.01461262907832861	-0.00581440469250083	-0.00581440469250083	0.72	0.72	0.72	0.72	0.9705721869541543	0.9705721869541543	1.0050921792815706	1.0050921792815706	-0.013513513513513514	-0.013513513513513513	-0.04115754425352139	-0.04115754425352139
orig	17	transfo-xl-wt103	orig	conditioned-exclude	all	73	73	8300	113.6986301369863	3.088235294117647	0.02329847945406198	0.014353247909156049	0.014919066311919997	0.010260085675777715	0.646203466616908	0.6369574091713158	0.6484172201977527	0.6395427949380869	0.8769584500885333	0.8842955300688116	0.9305084500807661	0.9346490996956015	0.13574690583607912	0.12474218513811307	0.1685216789201233	0.155572944501943
orig	17	transfo-xl-wt103	orig	conditioned-exclude	pair_significant	60	60	6288	104.8	3.1403508771929824	0.023632235537587226	0.011464880318552001	0.015769395516349042	0.009757936711823168	0.6524715024856669	0.6398950131233596	0.6563770237404705	0.6453193350831146	0.8715723942348685	0.8779230919783042	0.9267554469455479	0.9299363393460748	0.14017745389354186	0.12868322830640125	0.1806294546965944	0.17188219281908973
orig	17	transfo-xl-wt103	orig	conditioned-exclude	pair_not_significant	13	13	2012	154.76923076923077	2.8181818181818183	0.021481362999313407	0.024455463808973753	0.010289496198917428	0.012016377798788879	0.6120774935536651	0.6266829865361077	0.6050805120207339	0.6193390452876377	0.9062825319584865	0.9065834637819385	0.9509414671502885	0.9511322241739041	0.11162503307878205	0.11095818164559973	0.1026015663593361	0.09853050011241216
orig	17	transfo-xl-wt103	orig	raw	all	73	73	13730	188.08219178082192	9.095890410958905	-0.12108237324799928	-0.12092726347491894	-0.0662200308967537	-0.06598935484413591	0.4878924769448122	0.48703170028818443	0.4928659816563482	0.4924259218207345	0.8886351614997011	0.8898202145985441	0.9372049837930523	0.9378842870738918	0.09011724883900314	0.08890213411622347	0.135149356700258	0.1351092664336029
orig	17	transfo-xl-wt103	orig	raw	pair_significant	60	60	11141	185.68333333333334	9.533333333333333	-0.13688049325719476	-0.13788479152222907	-0.07458333356771618	-0.07493489295118909	0.4722354386045223	0.4699757651916345	0.47853698182160254	0.4768871735032762	0.8875186680932223	0.8888633029298506	0.9359465942679942	0.9366716475195522	0.09487069138559613	0.09376430611648408	0.13958602370732734	0.13989305083569542
orig	17	transfo-xl-wt103	orig	raw	pair_not_significant	13	13	2589	199.15384615384616	7.076923076923077	-0.04209177320202192	-0.04194573338500171	-0.024403517541941255	-0.02432453876943717	0.5661776686462616	0.5664715719063546	0.5645109808300762	0.564799331103679	0.8942176285320954	0.8942771347076228	0.9434969314183427	0.9435322876068754	0.06635003610603828	0.06625603952805313	0.112966021664911	0.11282827060429144
orig	18	transfo-xl-wt103	orig	conditioned-cat-only	all	73	73	1807	24.753424657534246	2.911764705882353	0.16399979109701235	0.15145906676892454	0.09856513775866915	0.0912926069999763	0.8487006402686752	0.8309507042253521	0.8473666417921359	0.8338028169014085	0.7404482307322564	0.6974218123458145	0.8485452610050543	0.8223508050684072	0.32104856151754135	0.3979567660122462	0.33347675965653273	0.43829839419877253
orig	18	transfo-xl-wt103	orig	conditioned-cat-only	pair_significant	60	60	1782	29.7	2.9393939393939394	0.1690318856178032	0.15350841256630207	0.10107160508613883	0.09229872066273155	0.8541425964063742	0.8331071428571428	0.8527655657209144	0.836	0.7327691864291696	0.6934064296060697	0.8448074592174458	0.8203212863347998	0.3271163223123455	0.40174260585701255	0.34453345716152084	0.44469238358729923
orig	18	transfo-xl-wt103	orig	conditioned-cat-only	pair_not_significant	13	13	25	1.9230769230769231	2.0	0.008004860952496529	0.008004860952496529	0.02086465060710907	0.02086465060710907	0.68	0.68	0.68	0.68	0.9784986041279508	0.9784986041279509	0.9644171164209167	0.9644171164209167	0.1329479768786127	0.1329479768786127	-0.009280862998096688	-0.009280862998096688
orig	18	transfo-xl-wt103	orig	conditioned-exclude	all	73	73	8300	113.6986301369863	3.088235294117647	0.024812473698743974	0.01662529949712188	0.01486572404271634	0.010262460936526066	0.6453420743100596	0.6360048986256633	0.6452305449993794	0.6361409715607566	0.8823550154567471	0.8895346823231591	0.9323867252386663	0.9365476982050106	0.1427769297514499	0.12844895826335603	0.1712393194494626	0.15470300711023588
orig	18	transfo-xl-wt103	orig	conditioned-exclude	pair_significant	60	60	6288	104.8	3.1403508771929824	0.02513902105048907	0.01387087707949618	0.015517918404894976	0.009472143335560417	0.6510809386432409	0.6383202099737533	0.6522536690258346	0.6404199475065617	0.8776959544604912	0.8843306658708165	0.9295619894303211	0.9332806674175511	0.15091216988663833	0.1366453055704648	0.18391555357064904	0.17057686344295225
orig	18	transfo-xl-wt103	orig	conditioned-exclude	pair_not_significant	13	13	2012	154.76923076923077	2.8181818181818183	0.023034604783687327	0.026259035186675654	0.011314888070854876	0.013026637857896133	0.6140971462738505	0.627906976744186	0.6069935364109014	0.6211750305997552	0.9077210142141412	0.9077360005759978	0.9477658424174352	0.9479743083337321	0.0984850667932015	0.09978180718616722	0.10222426701189198	0.09918336883515999
orig	18	transfo-xl-wt103	orig	raw	all	73	73	13730	188.08219178082192	9.095890410958905	-0.11564760973599025	-0.11544111034531525	-0.06402177155703409	-0.06372185127389438	0.49079294561856535	0.4899135446685879	0.49242586602707583	0.4914653070272667	0.8934904611606402	0.8944356031782613	0.9365327477865999	0.9375324582461788	0.08027055312855629	0.07794238199502203	0.13135602345399158	0.12970770228697284
orig	18	transfo-xl-wt103	orig	raw	pair_significant	60	60	11141	185.68333333333334	9.533333333333333	-0.13123189558088294	-0.13215832251776186	-0.0723545477919591	-0.07262121113320648	0.475462232168805	0.47320707297370074	0.47834218062971284	0.47607934655775963	0.8928701162754945	0.8939609386159435	0.9355460182365753	0.9366802095762647	0.08565191083604834	0.08322764611749922	0.139649857704645	0.1382773926638209
orig	18	transfo-xl-wt103	orig	raw	pair_not_significant	13	13	2589	199.15384615384616	7.076923076923077	-0.03772618051152676	-0.037578877563865534	-0.022357890382409096	-0.022272115407424378	0.5674465128673671	0.5677257525083612	0.5628442930138909	0.5631270903010034	0.8965921855863686	0.896646404971229	0.941466395536723	0.9415018990620292	0.053363764591096076	0.053325689859353854	0.08988685220072477	0.0897934378687185
