model	embed_type	layer	lemma	msps	system_id	semantic_label	form_1	form_2	cond_type	n_tokens	k2_sil
Qwen_Qwen2.5-32B	orig	0	bid	ppt	bid__ppt	"To offer (a price) whether for payment or acceptance. ""The contractor bid $10,00"	bidden	bid	cat	4	nan
Qwen_Qwen2.5-32B	delta	0	bid	ppt	bid__ppt	"To offer (a price) whether for payment or acceptance. ""The contractor bid $10,00"	bidden	bid	cat	4	1.0
Qwen_Qwen2.5-32B	orig	1	bid	ppt	bid__ppt	"To offer (a price) whether for payment or acceptance. ""The contractor bid $10,00"	bidden	bid	cat	4	0.34085315465927124
Qwen_Qwen2.5-32B	delta	1	bid	ppt	bid__ppt	"To offer (a price) whether for payment or acceptance. ""The contractor bid $10,00"	bidden	bid	cat	4	0.2975631058216095
Qwen_Qwen2.5-32B	orig	2	bid	ppt	bid__ppt	"To offer (a price) whether for payment or acceptance. ""The contractor bid $10,00"	bidden	bid	cat	4	0.38582924008369446
Qwen_Qwen2.5-32B	delta	2	bid	ppt	bid__ppt	"To offer (a price) whether for payment or acceptance. ""The contractor bid $10,00"	bidden	bid	cat	4	0.36927223205566406
Qwen_Qwen2.5-32B	orig	3	bid	ppt	bid__ppt	"To offer (a price) whether for payment or acceptance. ""The contractor bid $10,00"	bidden	bid	cat	4	0.3686491847038269
Qwen_Qwen2.5-32B	delta	3	bid	ppt	bid__ppt	"To offer (a price) whether for payment or acceptance. ""The contractor bid $10,00"	bidden	bid	cat	4	0.12225040048360825
Qwen_Qwen2.5-32B	orig	4	bid	ppt	bid__ppt	"To offer (a price) whether for payment or acceptance. ""The contractor bid $10,00"	bidden	bid	cat	4	0.391718327999115
Qwen_Qwen2.5-32B	delta	4	bid	ppt	bid__ppt	"To offer (a price) whether for payment or acceptance. ""The contractor bid $10,00"	bidden	bid	cat	4	0.15493068099021912
Qwen_Qwen2.5-32B	orig	5	bid	ppt	bid__ppt	"To offer (a price) whether for payment or acceptance. ""The contractor bid $10,00"	bidden	bid	cat	4	0.3868906497955322
Qwen_Qwen2.5-32B	delta	5	bid	ppt	bid__ppt	"To offer (a price) whether for payment or acceptance. ""The contractor bid $10,00"	bidden	bid	cat	4	0.39567476511001587
Qwen_Qwen2.5-32B	orig	6	bid	ppt	bid__ppt	"To offer (a price) whether for payment or acceptance. ""The contractor bid $10,00"	bidden	bid	cat	4	0.34514614939689636
Qwen_Qwen2.5-32B	delta	6	bid	ppt	bid__ppt	"To offer (a price) whether for payment or acceptance. ""The contractor bid $10,00"	bidden	bid	cat	4	0.3836513161659241
Qwen_Qwen2.5-32B	orig	7	bid	ppt	bid__ppt	"To offer (a price) whether for payment or acceptance. ""The contractor bid $10,00"	bidden	bid	cat	4	0.30784982442855835
Qwen_Qwen2.5-32B	delta	7	bid	ppt	bid__ppt	"To offer (a price) whether for payment or acceptance. ""The contractor bid $10,00"	bidden	bid	cat	4	0.36673590540885925
Qwen_Qwen2.5-32B	orig	8	bid	ppt	bid__ppt	"To offer (a price) whether for payment or acceptance. ""The contractor bid $10,00"	bidden	bid	cat	4	0.2571435272693634
Qwen_Qwen2.5-32B	delta	8	bid	ppt	bid__ppt	"To offer (a price) whether for payment or acceptance. ""The contractor bid $10,00"	bidden	bid	cat	4	0.3677707612514496
Qwen_Qwen2.5-32B	orig	9	bid	ppt	bid__ppt	"To offer (a price) whether for payment or acceptance. ""The contractor bid $10,00"	bidden	bid	cat	4	0.24604938924312592
Qwen_Qwen2.5-32B	delta	9	bid	ppt	bid__ppt	"To offer (a price) whether for payment or acceptance. ""The contractor bid $10,00"	bidden	bid	cat	4	0.36604997515678406
Qwen_Qwen2.5-32B	orig	10	bid	ppt	bid__ppt	"To offer (a price) whether for payment or acceptance. ""The contractor bid $10,00"	bidden	bid	cat	4	0.1935775876045227
Qwen_Qwen2.5-32B	delta	10	bid	ppt	bid__ppt	"To offer (a price) whether for payment or acceptance. ""The contractor bid $10,00"	bidden	bid	cat	4	0.37471890449523926
Qwen_Qwen2.5-32B	orig	11	bid	ppt	bid__ppt	"To offer (a price) whether for payment or acceptance. ""The contractor bid $10,00"	bidden	bid	cat	4	0.16269291937351227
Qwen_Qwen2.5-32B	delta	11	bid	ppt	bid__ppt	"To offer (a price) whether for payment or acceptance. ""The contractor bid $10,00"	bidden	bid	cat	4	0.34995943307876587
Qwen_Qwen2.5-32B	orig	12	bid	ppt	bid__ppt	"To offer (a price) whether for payment or acceptance. ""The contractor bid $10,00"	bidden	bid	cat	4	0.1619945615530014
Qwen_Qwen2.5-32B	delta	12	bid	ppt	bid__ppt	"To offer (a price) whether for payment or acceptance. ""The contractor bid $10,00"	bidden	bid	cat	4	0.28981640934944153
Qwen_Qwen2.5-32B	orig	13	bid	ppt	bid__ppt	"To offer (a price) whether for payment or acceptance. ""The contractor bid $10,00"	bidden	bid	cat	4	0.1712741255760193
Qwen_Qwen2.5-32B	delta	13	bid	ppt	bid__ppt	"To offer (a price) whether for payment or acceptance. ""The contractor bid $10,00"	bidden	bid	cat	4	0.2829594612121582
Qwen_Qwen2.5-32B	orig	14	bid	ppt	bid__ppt	"To offer (a price) whether for payment or acceptance. ""The contractor bid $10,00"	bidden	bid	cat	4	0.17238622903823853
Qwen_Qwen2.5-32B	delta	14	bid	ppt	bid__ppt	"To offer (a price) whether for payment or acceptance. ""The contractor bid $10,00"	bidden	bid	cat	4	0.25849777460098267
Qwen_Qwen2.5-32B	orig	15	bid	ppt	bid__ppt	"To offer (a price) whether for payment or acceptance. ""The contractor bid $10,00"	bidden	bid	cat	4	0.15609444677829742
Qwen_Qwen2.5-32B	delta	15	bid	ppt	bid__ppt	"To offer (a price) whether for payment or acceptance. ""The contractor bid $10,00"	bidden	bid	cat	4	0.2471136748790741
Qwen_Qwen2.5-32B	orig	16	bid	ppt	bid__ppt	"To offer (a price) whether for payment or acceptance. ""The contractor bid $10,00"	bidden	bid	cat	4	0.14189618825912476
Qwen_Qwen2.5-32B	delta	16	bid	ppt	bid__ppt	"To offer (a price) whether for payment or acceptance. ""The contractor bid $10,00"	bidden	bid	cat	4	0.247261643409729
Qwen_Qwen2.5-32B	orig	17	bid	ppt	bid__ppt	"To offer (a price) whether for payment or acceptance. ""The contractor bid $10,00"	bidden	bid	cat	4	0.14324255287647247
Qwen_Qwen2.5-32B	delta	17	bid	ppt	bid__ppt	"To offer (a price) whether for payment or acceptance. ""The contractor bid $10,00"	bidden	bid	cat	4	0.25385409593582153
Qwen_Qwen2.5-32B	orig	18	bid	ppt	bid__ppt	"To offer (a price) whether for payment or acceptance. ""The contractor bid $10,00"	bidden	bid	cat	4	0.14269369840621948
Qwen_Qwen2.5-32B	delta	18	bid	ppt	bid__ppt	"To offer (a price) whether for payment or acceptance. ""The contractor bid $10,00"	bidden	bid	cat	4	0.26032117009162903
Qwen_Qwen2.5-32B	orig	19	bid	ppt	bid__ppt	"To offer (a price) whether for payment or acceptance. ""The contractor bid $10,00"	bidden	bid	cat	4	0.15718068182468414
Qwen_Qwen2.5-32B	delta	19	bid	ppt	bid__ppt	"To offer (a price) whether for payment or acceptance. ""The contractor bid $10,00"	bidden	bid	cat	4	0.2554935812950134
Qwen_Qwen2.5-32B	orig	20	bid	ppt	bid__ppt	"To offer (a price) whether for payment or acceptance. ""The contractor bid $10,00"	bidden	bid	cat	4	0.15558850765228271
Qwen_Qwen2.5-32B	delta	20	bid	ppt	bid__ppt	"To offer (a price) whether for payment or acceptance. ""The contractor bid $10,00"	bidden	bid	cat	4	0.2614280581474304
Qwen_Qwen2.5-32B	orig	21	bid	ppt	bid__ppt	"To offer (a price) whether for payment or acceptance. ""The contractor bid $10,00"	bidden	bid	cat	4	0.14703890681266785
Qwen_Qwen2.5-32B	delta	21	bid	ppt	bid__ppt	"To offer (a price) whether for payment or acceptance. ""The contractor bid $10,00"	bidden	bid	cat	4	0.26583921909332275
Qwen_Qwen2.5-32B	orig	22	bid	ppt	bid__ppt	"To offer (a price) whether for payment or acceptance. ""The contractor bid $10,00"	bidden	bid	cat	4	0.14401867985725403
Qwen_Qwen2.5-32B	delta	22	bid	ppt	bid__ppt	"To offer (a price) whether for payment or acceptance. ""The contractor bid $10,00"	bidden	bid	cat	4	0.27105021476745605
Qwen_Qwen2.5-32B	orig	23	bid	ppt	bid__ppt	"To offer (a price) whether for payment or acceptance. ""The contractor bid $10,00"	bidden	bid	cat	4	0.1484912931919098
Qwen_Qwen2.5-32B	delta	23	bid	ppt	bid__ppt	"To offer (a price) whether for payment or acceptance. ""The contractor bid $10,00"	bidden	bid	cat	4	0.28295058012008667
Qwen_Qwen2.5-32B	orig	24	bid	ppt	bid__ppt	"To offer (a price) whether for payment or acceptance. ""The contractor bid $10,00"	bidden	bid	cat	4	0.14634819328784943
Qwen_Qwen2.5-32B	delta	24	bid	ppt	bid__ppt	"To offer (a price) whether for payment or acceptance. ""The contractor bid $10,00"	bidden	bid	cat	4	0.29321539402008057
Qwen_Qwen2.5-32B	orig	25	bid	ppt	bid__ppt	"To offer (a price) whether for payment or acceptance. ""The contractor bid $10,00"	bidden	bid	cat	4	0.13773781061172485
Qwen_Qwen2.5-32B	delta	25	bid	ppt	bid__ppt	"To offer (a price) whether for payment or acceptance. ""The contractor bid $10,00"	bidden	bid	cat	4	0.2940024733543396
Qwen_Qwen2.5-32B	orig	26	bid	ppt	bid__ppt	"To offer (a price) whether for payment or acceptance. ""The contractor bid $10,00"	bidden	bid	cat	4	0.12047840654850006
Qwen_Qwen2.5-32B	delta	26	bid	ppt	bid__ppt	"To offer (a price) whether for payment or acceptance. ""The contractor bid $10,00"	bidden	bid	cat	4	0.2900264263153076
Qwen_Qwen2.5-32B	orig	27	bid	ppt	bid__ppt	"To offer (a price) whether for payment or acceptance. ""The contractor bid $10,00"	bidden	bid	cat	4	0.12161578238010406
Qwen_Qwen2.5-32B	delta	27	bid	ppt	bid__ppt	"To offer (a price) whether for payment or acceptance. ""The contractor bid $10,00"	bidden	bid	cat	4	0.28631383180618286
Qwen_Qwen2.5-32B	orig	28	bid	ppt	bid__ppt	"To offer (a price) whether for payment or acceptance. ""The contractor bid $10,00"	bidden	bid	cat	4	0.12379313260316849
Qwen_Qwen2.5-32B	delta	28	bid	ppt	bid__ppt	"To offer (a price) whether for payment or acceptance. ""The contractor bid $10,00"	bidden	bid	cat	4	0.2794596552848816
Qwen_Qwen2.5-32B	orig	29	bid	ppt	bid__ppt	"To offer (a price) whether for payment or acceptance. ""The contractor bid $10,00"	bidden	bid	cat	4	0.11515624821186066
Qwen_Qwen2.5-32B	delta	29	bid	ppt	bid__ppt	"To offer (a price) whether for payment or acceptance. ""The contractor bid $10,00"	bidden	bid	cat	4	0.28472065925598145
Qwen_Qwen2.5-32B	orig	30	bid	ppt	bid__ppt	"To offer (a price) whether for payment or acceptance. ""The contractor bid $10,00"	bidden	bid	cat	4	0.1147208958864212
Qwen_Qwen2.5-32B	delta	30	bid	ppt	bid__ppt	"To offer (a price) whether for payment or acceptance. ""The contractor bid $10,00"	bidden	bid	cat	4	0.28312498331069946
Qwen_Qwen2.5-32B	orig	31	bid	ppt	bid__ppt	"To offer (a price) whether for payment or acceptance. ""The contractor bid $10,00"	bidden	bid	cat	4	0.10745042562484741
Qwen_Qwen2.5-32B	delta	31	bid	ppt	bid__ppt	"To offer (a price) whether for payment or acceptance. ""The contractor bid $10,00"	bidden	bid	cat	4	0.2873740494251251
Qwen_Qwen2.5-32B	orig	32	bid	ppt	bid__ppt	"To offer (a price) whether for payment or acceptance. ""The contractor bid $10,00"	bidden	bid	cat	4	0.0948803648352623
Qwen_Qwen2.5-32B	delta	32	bid	ppt	bid__ppt	"To offer (a price) whether for payment or acceptance. ""The contractor bid $10,00"	bidden	bid	cat	4	0.29394179582595825
Qwen_Qwen2.5-32B	orig	33	bid	ppt	bid__ppt	"To offer (a price) whether for payment or acceptance. ""The contractor bid $10,00"	bidden	bid	cat	4	0.08373238891363144
Qwen_Qwen2.5-32B	delta	33	bid	ppt	bid__ppt	"To offer (a price) whether for payment or acceptance. ""The contractor bid $10,00"	bidden	bid	cat	4	0.29800334572792053
Qwen_Qwen2.5-32B	orig	34	bid	ppt	bid__ppt	"To offer (a price) whether for payment or acceptance. ""The contractor bid $10,00"	bidden	bid	cat	4	0.07467994838953018
Qwen_Qwen2.5-32B	delta	34	bid	ppt	bid__ppt	"To offer (a price) whether for payment or acceptance. ""The contractor bid $10,00"	bidden	bid	cat	4	0.29991698265075684
Qwen_Qwen2.5-32B	orig	35	bid	ppt	bid__ppt	"To offer (a price) whether for payment or acceptance. ""The contractor bid $10,00"	bidden	bid	cat	4	0.09077147394418716
Qwen_Qwen2.5-32B	delta	35	bid	ppt	bid__ppt	"To offer (a price) whether for payment or acceptance. ""The contractor bid $10,00"	bidden	bid	cat	4	0.2893602252006531
Qwen_Qwen2.5-32B	orig	36	bid	ppt	bid__ppt	"To offer (a price) whether for payment or acceptance. ""The contractor bid $10,00"	bidden	bid	cat	4	0.08476586639881134
Qwen_Qwen2.5-32B	delta	36	bid	ppt	bid__ppt	"To offer (a price) whether for payment or acceptance. ""The contractor bid $10,00"	bidden	bid	cat	4	0.2913070619106293
Qwen_Qwen2.5-32B	orig	37	bid	ppt	bid__ppt	"To offer (a price) whether for payment or acceptance. ""The contractor bid $10,00"	bidden	bid	cat	4	0.06710152328014374
Qwen_Qwen2.5-32B	delta	37	bid	ppt	bid__ppt	"To offer (a price) whether for payment or acceptance. ""The contractor bid $10,00"	bidden	bid	cat	4	0.2937171459197998
Qwen_Qwen2.5-32B	orig	38	bid	ppt	bid__ppt	"To offer (a price) whether for payment or acceptance. ""The contractor bid $10,00"	bidden	bid	cat	4	0.06878332793712616
Qwen_Qwen2.5-32B	delta	38	bid	ppt	bid__ppt	"To offer (a price) whether for payment or acceptance. ""The contractor bid $10,00"	bidden	bid	cat	4	0.29168790578842163
Qwen_Qwen2.5-32B	orig	39	bid	ppt	bid__ppt	"To offer (a price) whether for payment or acceptance. ""The contractor bid $10,00"	bidden	bid	cat	4	0.06933370232582092
Qwen_Qwen2.5-32B	delta	39	bid	ppt	bid__ppt	"To offer (a price) whether for payment or acceptance. ""The contractor bid $10,00"	bidden	bid	cat	4	0.29231366515159607
Qwen_Qwen2.5-32B	orig	40	bid	ppt	bid__ppt	"To offer (a price) whether for payment or acceptance. ""The contractor bid $10,00"	bidden	bid	cat	4	0.0758543610572815
Qwen_Qwen2.5-32B	delta	40	bid	ppt	bid__ppt	"To offer (a price) whether for payment or acceptance. ""The contractor bid $10,00"	bidden	bid	cat	4	0.3030681610107422
Qwen_Qwen2.5-32B	orig	41	bid	ppt	bid__ppt	"To offer (a price) whether for payment or acceptance. ""The contractor bid $10,00"	bidden	bid	cat	4	0.06417006254196167
Qwen_Qwen2.5-32B	delta	41	bid	ppt	bid__ppt	"To offer (a price) whether for payment or acceptance. ""The contractor bid $10,00"	bidden	bid	cat	4	0.3057457208633423
Qwen_Qwen2.5-32B	orig	42	bid	ppt	bid__ppt	"To offer (a price) whether for payment or acceptance. ""The contractor bid $10,00"	bidden	bid	cat	4	0.015405504032969475
Qwen_Qwen2.5-32B	delta	42	bid	ppt	bid__ppt	"To offer (a price) whether for payment or acceptance. ""The contractor bid $10,00"	bidden	bid	cat	4	0.305047869682312
Qwen_Qwen2.5-32B	orig	43	bid	ppt	bid__ppt	"To offer (a price) whether for payment or acceptance. ""The contractor bid $10,00"	bidden	bid	cat	4	0.01901828497648239
Qwen_Qwen2.5-32B	delta	43	bid	ppt	bid__ppt	"To offer (a price) whether for payment or acceptance. ""The contractor bid $10,00"	bidden	bid	cat	4	0.3016913831233978
Qwen_Qwen2.5-32B	orig	44	bid	ppt	bid__ppt	"To offer (a price) whether for payment or acceptance. ""The contractor bid $10,00"	bidden	bid	cat	4	0.01650208793580532
Qwen_Qwen2.5-32B	delta	44	bid	ppt	bid__ppt	"To offer (a price) whether for payment or acceptance. ""The contractor bid $10,00"	bidden	bid	cat	4	0.29737237095832825
Qwen_Qwen2.5-32B	orig	45	bid	ppt	bid__ppt	"To offer (a price) whether for payment or acceptance. ""The contractor bid $10,00"	bidden	bid	cat	4	0.011213911697268486
Qwen_Qwen2.5-32B	delta	45	bid	ppt	bid__ppt	"To offer (a price) whether for payment or acceptance. ""The contractor bid $10,00"	bidden	bid	cat	4	0.3000589609146118
Qwen_Qwen2.5-32B	orig	46	bid	ppt	bid__ppt	"To offer (a price) whether for payment or acceptance. ""The contractor bid $10,00"	bidden	bid	cat	4	0.0036439215764403343
Qwen_Qwen2.5-32B	delta	46	bid	ppt	bid__ppt	"To offer (a price) whether for payment or acceptance. ""The contractor bid $10,00"	bidden	bid	cat	4	0.2947171628475189
Qwen_Qwen2.5-32B	orig	47	bid	ppt	bid__ppt	"To offer (a price) whether for payment or acceptance. ""The contractor bid $10,00"	bidden	bid	cat	4	0.018347010016441345
Qwen_Qwen2.5-32B	delta	47	bid	ppt	bid__ppt	"To offer (a price) whether for payment or acceptance. ""The contractor bid $10,00"	bidden	bid	cat	4	0.2963048219680786
Qwen_Qwen2.5-32B	orig	48	bid	ppt	bid__ppt	"To offer (a price) whether for payment or acceptance. ""The contractor bid $10,00"	bidden	bid	cat	4	0.026858175173401833
Qwen_Qwen2.5-32B	delta	48	bid	ppt	bid__ppt	"To offer (a price) whether for payment or acceptance. ""The contractor bid $10,00"	bidden	bid	cat	4	0.28884726762771606
Qwen_Qwen2.5-32B	orig	49	bid	ppt	bid__ppt	"To offer (a price) whether for payment or acceptance. ""The contractor bid $10,00"	bidden	bid	cat	4	0.021232297644019127
Qwen_Qwen2.5-32B	delta	49	bid	ppt	bid__ppt	"To offer (a price) whether for payment or acceptance. ""The contractor bid $10,00"	bidden	bid	cat	4	0.2767527997493744
Qwen_Qwen2.5-32B	orig	50	bid	ppt	bid__ppt	"To offer (a price) whether for payment or acceptance. ""The contractor bid $10,00"	bidden	bid	cat	4	0.025371789932250977
Qwen_Qwen2.5-32B	delta	50	bid	ppt	bid__ppt	"To offer (a price) whether for payment or acceptance. ""The contractor bid $10,00"	bidden	bid	cat	4	0.27271780371665955
Qwen_Qwen2.5-32B	orig	51	bid	ppt	bid__ppt	"To offer (a price) whether for payment or acceptance. ""The contractor bid $10,00"	bidden	bid	cat	4	0.0251400638371706
Qwen_Qwen2.5-32B	delta	51	bid	ppt	bid__ppt	"To offer (a price) whether for payment or acceptance. ""The contractor bid $10,00"	bidden	bid	cat	4	0.2754491865634918
Qwen_Qwen2.5-32B	orig	52	bid	ppt	bid__ppt	"To offer (a price) whether for payment or acceptance. ""The contractor bid $10,00"	bidden	bid	cat	4	0.01945427805185318
Qwen_Qwen2.5-32B	delta	52	bid	ppt	bid__ppt	"To offer (a price) whether for payment or acceptance. ""The contractor bid $10,00"	bidden	bid	cat	4	0.2799759805202484
Qwen_Qwen2.5-32B	orig	53	bid	ppt	bid__ppt	"To offer (a price) whether for payment or acceptance. ""The contractor bid $10,00"	bidden	bid	cat	4	0.016277551651000977
Qwen_Qwen2.5-32B	delta	53	bid	ppt	bid__ppt	"To offer (a price) whether for payment or acceptance. ""The contractor bid $10,00"	bidden	bid	cat	4	0.2754879295825958
Qwen_Qwen2.5-32B	orig	54	bid	ppt	bid__ppt	"To offer (a price) whether for payment or acceptance. ""The contractor bid $10,00"	bidden	bid	cat	4	0.017789116129279137
Qwen_Qwen2.5-32B	delta	54	bid	ppt	bid__ppt	"To offer (a price) whether for payment or acceptance. ""The contractor bid $10,00"	bidden	bid	cat	4	0.27914080023765564
Qwen_Qwen2.5-32B	orig	55	bid	ppt	bid__ppt	"To offer (a price) whether for payment or acceptance. ""The contractor bid $10,00"	bidden	bid	cat	4	0.014642274007201195
Qwen_Qwen2.5-32B	delta	55	bid	ppt	bid__ppt	"To offer (a price) whether for payment or acceptance. ""The contractor bid $10,00"	bidden	bid	cat	4	0.2729392647743225
Qwen_Qwen2.5-32B	orig	56	bid	ppt	bid__ppt	"To offer (a price) whether for payment or acceptance. ""The contractor bid $10,00"	bidden	bid	cat	4	0.06653791666030884
Qwen_Qwen2.5-32B	delta	56	bid	ppt	bid__ppt	"To offer (a price) whether for payment or acceptance. ""The contractor bid $10,00"	bidden	bid	cat	4	0.2631567120552063
Qwen_Qwen2.5-32B	orig	57	bid	ppt	bid__ppt	"To offer (a price) whether for payment or acceptance. ""The contractor bid $10,00"	bidden	bid	cat	4	0.08850149810314178
Qwen_Qwen2.5-32B	delta	57	bid	ppt	bid__ppt	"To offer (a price) whether for payment or acceptance. ""The contractor bid $10,00"	bidden	bid	cat	4	0.27332669496536255
Qwen_Qwen2.5-32B	orig	58	bid	ppt	bid__ppt	"To offer (a price) whether for payment or acceptance. ""The contractor bid $10,00"	bidden	bid	cat	4	0.09120094031095505
Qwen_Qwen2.5-32B	delta	58	bid	ppt	bid__ppt	"To offer (a price) whether for payment or acceptance. ""The contractor bid $10,00"	bidden	bid	cat	4	0.27101650834083557
Qwen_Qwen2.5-32B	orig	59	bid	ppt	bid__ppt	"To offer (a price) whether for payment or acceptance. ""The contractor bid $10,00"	bidden	bid	cat	4	0.09878574311733246
Qwen_Qwen2.5-32B	delta	59	bid	ppt	bid__ppt	"To offer (a price) whether for payment or acceptance. ""The contractor bid $10,00"	bidden	bid	cat	4	0.2747439742088318
Qwen_Qwen2.5-32B	orig	60	bid	ppt	bid__ppt	"To offer (a price) whether for payment or acceptance. ""The contractor bid $10,00"	bidden	bid	cat	4	0.10930712521076202
Qwen_Qwen2.5-32B	delta	60	bid	ppt	bid__ppt	"To offer (a price) whether for payment or acceptance. ""The contractor bid $10,00"	bidden	bid	cat	4	0.2724882662296295
Qwen_Qwen2.5-32B	orig	61	bid	ppt	bid__ppt	"To offer (a price) whether for payment or acceptance. ""The contractor bid $10,00"	bidden	bid	cat	4	0.10781102627515793
Qwen_Qwen2.5-32B	delta	61	bid	ppt	bid__ppt	"To offer (a price) whether for payment or acceptance. ""The contractor bid $10,00"	bidden	bid	cat	4	0.2701442539691925
Qwen_Qwen2.5-32B	orig	62	bid	ppt	bid__ppt	"To offer (a price) whether for payment or acceptance. ""The contractor bid $10,00"	bidden	bid	cat	4	0.10534539818763733
Qwen_Qwen2.5-32B	delta	62	bid	ppt	bid__ppt	"To offer (a price) whether for payment or acceptance. ""The contractor bid $10,00"	bidden	bid	cat	4	0.2835935354232788
Qwen_Qwen2.5-32B	orig	63	bid	ppt	bid__ppt	"To offer (a price) whether for payment or acceptance. ""The contractor bid $10,00"	bidden	bid	cat	4	0.07541503012180328
Qwen_Qwen2.5-32B	delta	63	bid	ppt	bid__ppt	"To offer (a price) whether for payment or acceptance. ""The contractor bid $10,00"	bidden	bid	cat	4	0.3068852126598358
Qwen_Qwen2.5-32B	orig	64	bid	ppt	bid__ppt	"To offer (a price) whether for payment or acceptance. ""The contractor bid $10,00"	bidden	bid	cat	4	0.08140860497951508
Qwen_Qwen2.5-32B	delta	64	bid	ppt	bid__ppt	"To offer (a price) whether for payment or acceptance. ""The contractor bid $10,00"	bidden	bid	cat	4	0.269714891910553
Qwen_Qwen2.5-32B	orig	0	bid	ppt	bid__ppt	"To issue an order to. To tell. ""did as I was bid"""	bidden	bid	prob	4	1.0
Qwen_Qwen2.5-32B	delta	0	bid	ppt	bid__ppt	"To issue an order to. To tell. ""did as I was bid"""	bidden	bid	prob	4	1.0
Qwen_Qwen2.5-32B	orig	1	bid	ppt	bid__ppt	"To issue an order to. To tell. ""did as I was bid"""	bidden	bid	prob	4	0.644702136516571
Qwen_Qwen2.5-32B	delta	1	bid	ppt	bid__ppt	"To issue an order to. To tell. ""did as I was bid"""	bidden	bid	prob	4	0.34900620579719543
Qwen_Qwen2.5-32B	orig	2	bid	ppt	bid__ppt	"To issue an order to. To tell. ""did as I was bid"""	bidden	bid	prob	4	0.6489276885986328
Qwen_Qwen2.5-32B	delta	2	bid	ppt	bid__ppt	"To issue an order to. To tell. ""did as I was bid"""	bidden	bid	prob	4	0.330531507730484
Qwen_Qwen2.5-32B	orig	3	bid	ppt	bid__ppt	"To issue an order to. To tell. ""did as I was bid"""	bidden	bid	prob	4	0.5972846746444702
Qwen_Qwen2.5-32B	delta	3	bid	ppt	bid__ppt	"To issue an order to. To tell. ""did as I was bid"""	bidden	bid	prob	4	0.22391539812088013
Qwen_Qwen2.5-32B	orig	4	bid	ppt	bid__ppt	"To issue an order to. To tell. ""did as I was bid"""	bidden	bid	prob	4	0.4673016667366028
Qwen_Qwen2.5-32B	delta	4	bid	ppt	bid__ppt	"To issue an order to. To tell. ""did as I was bid"""	bidden	bid	prob	4	0.24827587604522705
Qwen_Qwen2.5-32B	orig	5	bid	ppt	bid__ppt	"To issue an order to. To tell. ""did as I was bid"""	bidden	bid	prob	4	0.4201854467391968
Qwen_Qwen2.5-32B	delta	5	bid	ppt	bid__ppt	"To issue an order to. To tell. ""did as I was bid"""	bidden	bid	prob	4	0.2603995203971863
Qwen_Qwen2.5-32B	orig	6	bid	ppt	bid__ppt	"To issue an order to. To tell. ""did as I was bid"""	bidden	bid	prob	4	0.4338059425354004
Qwen_Qwen2.5-32B	delta	6	bid	ppt	bid__ppt	"To issue an order to. To tell. ""did as I was bid"""	bidden	bid	prob	4	0.2421046644449234
Qwen_Qwen2.5-32B	orig	7	bid	ppt	bid__ppt	"To issue an order to. To tell. ""did as I was bid"""	bidden	bid	prob	4	0.3893510699272156
Qwen_Qwen2.5-32B	delta	7	bid	ppt	bid__ppt	"To issue an order to. To tell. ""did as I was bid"""	bidden	bid	prob	4	0.23631803691387177
Qwen_Qwen2.5-32B	orig	8	bid	ppt	bid__ppt	"To issue an order to. To tell. ""did as I was bid"""	bidden	bid	prob	4	0.35546156764030457
Qwen_Qwen2.5-32B	delta	8	bid	ppt	bid__ppt	"To issue an order to. To tell. ""did as I was bid"""	bidden	bid	prob	4	0.3005829155445099
Qwen_Qwen2.5-32B	orig	9	bid	ppt	bid__ppt	"To issue an order to. To tell. ""did as I was bid"""	bidden	bid	prob	4	0.3383157551288605
Qwen_Qwen2.5-32B	delta	9	bid	ppt	bid__ppt	"To issue an order to. To tell. ""did as I was bid"""	bidden	bid	prob	4	0.2762773633003235
Qwen_Qwen2.5-32B	orig	10	bid	ppt	bid__ppt	"To issue an order to. To tell. ""did as I was bid"""	bidden	bid	prob	4	0.337679922580719
Qwen_Qwen2.5-32B	delta	10	bid	ppt	bid__ppt	"To issue an order to. To tell. ""did as I was bid"""	bidden	bid	prob	4	0.26328474283218384
Qwen_Qwen2.5-32B	orig	11	bid	ppt	bid__ppt	"To issue an order to. To tell. ""did as I was bid"""	bidden	bid	prob	4	0.3221893608570099
Qwen_Qwen2.5-32B	delta	11	bid	ppt	bid__ppt	"To issue an order to. To tell. ""did as I was bid"""	bidden	bid	prob	4	0.2374367117881775
Qwen_Qwen2.5-32B	orig	12	bid	ppt	bid__ppt	"To issue an order to. To tell. ""did as I was bid"""	bidden	bid	prob	4	0.30880674719810486
Qwen_Qwen2.5-32B	delta	12	bid	ppt	bid__ppt	"To issue an order to. To tell. ""did as I was bid"""	bidden	bid	prob	4	0.1281321495771408
Qwen_Qwen2.5-32B	orig	13	bid	ppt	bid__ppt	"To issue an order to. To tell. ""did as I was bid"""	bidden	bid	prob	4	0.2811502516269684
Qwen_Qwen2.5-32B	delta	13	bid	ppt	bid__ppt	"To issue an order to. To tell. ""did as I was bid"""	bidden	bid	prob	4	0.13420140743255615
Qwen_Qwen2.5-32B	orig	14	bid	ppt	bid__ppt	"To issue an order to. To tell. ""did as I was bid"""	bidden	bid	prob	4	0.2774781584739685
Qwen_Qwen2.5-32B	delta	14	bid	ppt	bid__ppt	"To issue an order to. To tell. ""did as I was bid"""	bidden	bid	prob	4	0.12509998679161072
Qwen_Qwen2.5-32B	orig	15	bid	ppt	bid__ppt	"To issue an order to. To tell. ""did as I was bid"""	bidden	bid	prob	4	0.27368125319480896
Qwen_Qwen2.5-32B	delta	15	bid	ppt	bid__ppt	"To issue an order to. To tell. ""did as I was bid"""	bidden	bid	prob	4	0.12865017354488373
Qwen_Qwen2.5-32B	orig	16	bid	ppt	bid__ppt	"To issue an order to. To tell. ""did as I was bid"""	bidden	bid	prob	4	0.2733030617237091
Qwen_Qwen2.5-32B	delta	16	bid	ppt	bid__ppt	"To issue an order to. To tell. ""did as I was bid"""	bidden	bid	prob	4	0.12777350842952728
Qwen_Qwen2.5-32B	orig	17	bid	ppt	bid__ppt	"To issue an order to. To tell. ""did as I was bid"""	bidden	bid	prob	4	0.27391088008880615
Qwen_Qwen2.5-32B	delta	17	bid	ppt	bid__ppt	"To issue an order to. To tell. ""did as I was bid"""	bidden	bid	prob	4	0.12034400552511215
Qwen_Qwen2.5-32B	orig	18	bid	ppt	bid__ppt	"To issue an order to. To tell. ""did as I was bid"""	bidden	bid	prob	4	0.2769628167152405
Qwen_Qwen2.5-32B	delta	18	bid	ppt	bid__ppt	"To issue an order to. To tell. ""did as I was bid"""	bidden	bid	prob	4	0.11894728988409042
Qwen_Qwen2.5-32B	orig	19	bid	ppt	bid__ppt	"To issue an order to. To tell. ""did as I was bid"""	bidden	bid	prob	4	0.27430644631385803
Qwen_Qwen2.5-32B	delta	19	bid	ppt	bid__ppt	"To issue an order to. To tell. ""did as I was bid"""	bidden	bid	prob	4	0.12236395478248596
Qwen_Qwen2.5-32B	orig	20	bid	ppt	bid__ppt	"To issue an order to. To tell. ""did as I was bid"""	bidden	bid	prob	4	0.2718871235847473
Qwen_Qwen2.5-32B	delta	20	bid	ppt	bid__ppt	"To issue an order to. To tell. ""did as I was bid"""	bidden	bid	prob	4	0.12204039096832275
Qwen_Qwen2.5-32B	orig	21	bid	ppt	bid__ppt	"To issue an order to. To tell. ""did as I was bid"""	bidden	bid	prob	4	0.2762851119041443
Qwen_Qwen2.5-32B	delta	21	bid	ppt	bid__ppt	"To issue an order to. To tell. ""did as I was bid"""	bidden	bid	prob	4	0.11998161673545837
Qwen_Qwen2.5-32B	orig	22	bid	ppt	bid__ppt	"To issue an order to. To tell. ""did as I was bid"""	bidden	bid	prob	4	0.27059078216552734
Qwen_Qwen2.5-32B	delta	22	bid	ppt	bid__ppt	"To issue an order to. To tell. ""did as I was bid"""	bidden	bid	prob	4	0.1186351627111435
Qwen_Qwen2.5-32B	orig	23	bid	ppt	bid__ppt	"To issue an order to. To tell. ""did as I was bid"""	bidden	bid	prob	4	0.2745094299316406
Qwen_Qwen2.5-32B	delta	23	bid	ppt	bid__ppt	"To issue an order to. To tell. ""did as I was bid"""	bidden	bid	prob	4	0.1149027869105339
Qwen_Qwen2.5-32B	orig	24	bid	ppt	bid__ppt	"To issue an order to. To tell. ""did as I was bid"""	bidden	bid	prob	4	0.26900514960289
Qwen_Qwen2.5-32B	delta	24	bid	ppt	bid__ppt	"To issue an order to. To tell. ""did as I was bid"""	bidden	bid	prob	4	0.11081603169441223
Qwen_Qwen2.5-32B	orig	25	bid	ppt	bid__ppt	"To issue an order to. To tell. ""did as I was bid"""	bidden	bid	prob	4	0.26512616872787476
Qwen_Qwen2.5-32B	delta	25	bid	ppt	bid__ppt	"To issue an order to. To tell. ""did as I was bid"""	bidden	bid	prob	4	0.10958972573280334
Qwen_Qwen2.5-32B	orig	26	bid	ppt	bid__ppt	"To issue an order to. To tell. ""did as I was bid"""	bidden	bid	prob	4	0.2615763247013092
Qwen_Qwen2.5-32B	delta	26	bid	ppt	bid__ppt	"To issue an order to. To tell. ""did as I was bid"""	bidden	bid	prob	4	0.10571719706058502
Qwen_Qwen2.5-32B	orig	27	bid	ppt	bid__ppt	"To issue an order to. To tell. ""did as I was bid"""	bidden	bid	prob	4	0.24814988672733307
Qwen_Qwen2.5-32B	delta	27	bid	ppt	bid__ppt	"To issue an order to. To tell. ""did as I was bid"""	bidden	bid	prob	4	0.10669542104005814
Qwen_Qwen2.5-32B	orig	28	bid	ppt	bid__ppt	"To issue an order to. To tell. ""did as I was bid"""	bidden	bid	prob	4	0.23829419910907745
Qwen_Qwen2.5-32B	delta	28	bid	ppt	bid__ppt	"To issue an order to. To tell. ""did as I was bid"""	bidden	bid	prob	4	0.10336560010910034
Qwen_Qwen2.5-32B	orig	29	bid	ppt	bid__ppt	"To issue an order to. To tell. ""did as I was bid"""	bidden	bid	prob	4	0.2346741408109665
Qwen_Qwen2.5-32B	delta	29	bid	ppt	bid__ppt	"To issue an order to. To tell. ""did as I was bid"""	bidden	bid	prob	4	0.09901321679353714
Qwen_Qwen2.5-32B	orig	30	bid	ppt	bid__ppt	"To issue an order to. To tell. ""did as I was bid"""	bidden	bid	prob	4	0.22151079773902893
Qwen_Qwen2.5-32B	delta	30	bid	ppt	bid__ppt	"To issue an order to. To tell. ""did as I was bid"""	bidden	bid	prob	4	0.09976277500391006
Qwen_Qwen2.5-32B	orig	31	bid	ppt	bid__ppt	"To issue an order to. To tell. ""did as I was bid"""	bidden	bid	prob	4	0.21931633353233337
Qwen_Qwen2.5-32B	delta	31	bid	ppt	bid__ppt	"To issue an order to. To tell. ""did as I was bid"""	bidden	bid	prob	4	0.09859209507703781
Qwen_Qwen2.5-32B	orig	32	bid	ppt	bid__ppt	"To issue an order to. To tell. ""did as I was bid"""	bidden	bid	prob	4	0.21754559874534607
Qwen_Qwen2.5-32B	delta	32	bid	ppt	bid__ppt	"To issue an order to. To tell. ""did as I was bid"""	bidden	bid	prob	4	0.09764423221349716
Qwen_Qwen2.5-32B	orig	33	bid	ppt	bid__ppt	"To issue an order to. To tell. ""did as I was bid"""	bidden	bid	prob	4	0.20744946599006653
Qwen_Qwen2.5-32B	delta	33	bid	ppt	bid__ppt	"To issue an order to. To tell. ""did as I was bid"""	bidden	bid	prob	4	0.1014065071940422
Qwen_Qwen2.5-32B	orig	34	bid	ppt	bid__ppt	"To issue an order to. To tell. ""did as I was bid"""	bidden	bid	prob	4	0.2000267505645752
Qwen_Qwen2.5-32B	delta	34	bid	ppt	bid__ppt	"To issue an order to. To tell. ""did as I was bid"""	bidden	bid	prob	4	0.10341295599937439
Qwen_Qwen2.5-32B	orig	35	bid	ppt	bid__ppt	"To issue an order to. To tell. ""did as I was bid"""	bidden	bid	prob	4	0.18284282088279724
Qwen_Qwen2.5-32B	delta	35	bid	ppt	bid__ppt	"To issue an order to. To tell. ""did as I was bid"""	bidden	bid	prob	4	0.11070618033409119
Qwen_Qwen2.5-32B	orig	36	bid	ppt	bid__ppt	"To issue an order to. To tell. ""did as I was bid"""	bidden	bid	prob	4	0.1838531196117401
Qwen_Qwen2.5-32B	delta	36	bid	ppt	bid__ppt	"To issue an order to. To tell. ""did as I was bid"""	bidden	bid	prob	4	0.10747849941253662
Qwen_Qwen2.5-32B	orig	37	bid	ppt	bid__ppt	"To issue an order to. To tell. ""did as I was bid"""	bidden	bid	prob	4	0.1848752200603485
Qwen_Qwen2.5-32B	delta	37	bid	ppt	bid__ppt	"To issue an order to. To tell. ""did as I was bid"""	bidden	bid	prob	4	0.10522649437189102
Qwen_Qwen2.5-32B	orig	38	bid	ppt	bid__ppt	"To issue an order to. To tell. ""did as I was bid"""	bidden	bid	prob	4	0.17928461730480194
Qwen_Qwen2.5-32B	delta	38	bid	ppt	bid__ppt	"To issue an order to. To tell. ""did as I was bid"""	bidden	bid	prob	4	0.09954021871089935
Qwen_Qwen2.5-32B	orig	39	bid	ppt	bid__ppt	"To issue an order to. To tell. ""did as I was bid"""	bidden	bid	prob	4	0.1784820854663849
Qwen_Qwen2.5-32B	delta	39	bid	ppt	bid__ppt	"To issue an order to. To tell. ""did as I was bid"""	bidden	bid	prob	4	0.15405775606632233
Qwen_Qwen2.5-32B	orig	40	bid	ppt	bid__ppt	"To issue an order to. To tell. ""did as I was bid"""	bidden	bid	prob	4	0.1774798035621643
Qwen_Qwen2.5-32B	delta	40	bid	ppt	bid__ppt	"To issue an order to. To tell. ""did as I was bid"""	bidden	bid	prob	4	0.16149011254310608
Qwen_Qwen2.5-32B	orig	41	bid	ppt	bid__ppt	"To issue an order to. To tell. ""did as I was bid"""	bidden	bid	prob	4	0.17352822422981262
Qwen_Qwen2.5-32B	delta	41	bid	ppt	bid__ppt	"To issue an order to. To tell. ""did as I was bid"""	bidden	bid	prob	4	0.1550517976284027
Qwen_Qwen2.5-32B	orig	42	bid	ppt	bid__ppt	"To issue an order to. To tell. ""did as I was bid"""	bidden	bid	prob	4	0.17533671855926514
Qwen_Qwen2.5-32B	delta	42	bid	ppt	bid__ppt	"To issue an order to. To tell. ""did as I was bid"""	bidden	bid	prob	4	0.09428311139345169
Qwen_Qwen2.5-32B	orig	43	bid	ppt	bid__ppt	"To issue an order to. To tell. ""did as I was bid"""	bidden	bid	prob	4	0.1714104861021042
Qwen_Qwen2.5-32B	delta	43	bid	ppt	bid__ppt	"To issue an order to. To tell. ""did as I was bid"""	bidden	bid	prob	4	0.16814398765563965
Qwen_Qwen2.5-32B	orig	44	bid	ppt	bid__ppt	"To issue an order to. To tell. ""did as I was bid"""	bidden	bid	prob	4	0.16824571788311005
Qwen_Qwen2.5-32B	delta	44	bid	ppt	bid__ppt	"To issue an order to. To tell. ""did as I was bid"""	bidden	bid	prob	4	0.16923286020755768
Qwen_Qwen2.5-32B	orig	45	bid	ppt	bid__ppt	"To issue an order to. To tell. ""did as I was bid"""	bidden	bid	prob	4	0.1657891720533371
Qwen_Qwen2.5-32B	delta	45	bid	ppt	bid__ppt	"To issue an order to. To tell. ""did as I was bid"""	bidden	bid	prob	4	0.1659565269947052
Qwen_Qwen2.5-32B	orig	46	bid	ppt	bid__ppt	"To issue an order to. To tell. ""did as I was bid"""	bidden	bid	prob	4	0.16717064380645752
Qwen_Qwen2.5-32B	delta	46	bid	ppt	bid__ppt	"To issue an order to. To tell. ""did as I was bid"""	bidden	bid	prob	4	0.08887477964162827
Qwen_Qwen2.5-32B	orig	47	bid	ppt	bid__ppt	"To issue an order to. To tell. ""did as I was bid"""	bidden	bid	prob	4	0.16451841592788696
Qwen_Qwen2.5-32B	delta	47	bid	ppt	bid__ppt	"To issue an order to. To tell. ""did as I was bid"""	bidden	bid	prob	4	0.1671966016292572
Qwen_Qwen2.5-32B	orig	48	bid	ppt	bid__ppt	"To issue an order to. To tell. ""did as I was bid"""	bidden	bid	prob	4	0.16287919878959656
Qwen_Qwen2.5-32B	delta	48	bid	ppt	bid__ppt	"To issue an order to. To tell. ""did as I was bid"""	bidden	bid	prob	4	0.18371322751045227
Qwen_Qwen2.5-32B	orig	49	bid	ppt	bid__ppt	"To issue an order to. To tell. ""did as I was bid"""	bidden	bid	prob	4	0.1540297567844391
Qwen_Qwen2.5-32B	delta	49	bid	ppt	bid__ppt	"To issue an order to. To tell. ""did as I was bid"""	bidden	bid	prob	4	0.18820734322071075
Qwen_Qwen2.5-32B	orig	50	bid	ppt	bid__ppt	"To issue an order to. To tell. ""did as I was bid"""	bidden	bid	prob	4	0.149772047996521
Qwen_Qwen2.5-32B	delta	50	bid	ppt	bid__ppt	"To issue an order to. To tell. ""did as I was bid"""	bidden	bid	prob	4	0.20250488817691803
Qwen_Qwen2.5-32B	orig	51	bid	ppt	bid__ppt	"To issue an order to. To tell. ""did as I was bid"""	bidden	bid	prob	4	0.1496499478816986
Qwen_Qwen2.5-32B	delta	51	bid	ppt	bid__ppt	"To issue an order to. To tell. ""did as I was bid"""	bidden	bid	prob	4	0.2175275832414627
Qwen_Qwen2.5-32B	orig	52	bid	ppt	bid__ppt	"To issue an order to. To tell. ""did as I was bid"""	bidden	bid	prob	4	0.15180881321430206
Qwen_Qwen2.5-32B	delta	52	bid	ppt	bid__ppt	"To issue an order to. To tell. ""did as I was bid"""	bidden	bid	prob	4	0.21453839540481567
Qwen_Qwen2.5-32B	orig	53	bid	ppt	bid__ppt	"To issue an order to. To tell. ""did as I was bid"""	bidden	bid	prob	4	0.15395620465278625
Qwen_Qwen2.5-32B	delta	53	bid	ppt	bid__ppt	"To issue an order to. To tell. ""did as I was bid"""	bidden	bid	prob	4	0.21156907081604004
Qwen_Qwen2.5-32B	orig	54	bid	ppt	bid__ppt	"To issue an order to. To tell. ""did as I was bid"""	bidden	bid	prob	4	0.16190046072006226
Qwen_Qwen2.5-32B	delta	54	bid	ppt	bid__ppt	"To issue an order to. To tell. ""did as I was bid"""	bidden	bid	prob	4	0.2113351821899414
Qwen_Qwen2.5-32B	orig	55	bid	ppt	bid__ppt	"To issue an order to. To tell. ""did as I was bid"""	bidden	bid	prob	4	0.160027414560318
Qwen_Qwen2.5-32B	delta	55	bid	ppt	bid__ppt	"To issue an order to. To tell. ""did as I was bid"""	bidden	bid	prob	4	0.2122645080089569
Qwen_Qwen2.5-32B	orig	56	bid	ppt	bid__ppt	"To issue an order to. To tell. ""did as I was bid"""	bidden	bid	prob	4	0.15618166327476501
Qwen_Qwen2.5-32B	delta	56	bid	ppt	bid__ppt	"To issue an order to. To tell. ""did as I was bid"""	bidden	bid	prob	4	0.20854204893112183
Qwen_Qwen2.5-32B	orig	57	bid	ppt	bid__ppt	"To issue an order to. To tell. ""did as I was bid"""	bidden	bid	prob	4	0.1502637267112732
Qwen_Qwen2.5-32B	delta	57	bid	ppt	bid__ppt	"To issue an order to. To tell. ""did as I was bid"""	bidden	bid	prob	4	0.20374156534671783
Qwen_Qwen2.5-32B	orig	58	bid	ppt	bid__ppt	"To issue an order to. To tell. ""did as I was bid"""	bidden	bid	prob	4	0.1446809321641922
Qwen_Qwen2.5-32B	delta	58	bid	ppt	bid__ppt	"To issue an order to. To tell. ""did as I was bid"""	bidden	bid	prob	4	0.19631001353263855
Qwen_Qwen2.5-32B	orig	59	bid	ppt	bid__ppt	"To issue an order to. To tell. ""did as I was bid"""	bidden	bid	prob	4	0.14053097367286682
Qwen_Qwen2.5-32B	delta	59	bid	ppt	bid__ppt	"To issue an order to. To tell. ""did as I was bid"""	bidden	bid	prob	4	0.18606668710708618
Qwen_Qwen2.5-32B	orig	60	bid	ppt	bid__ppt	"To issue an order to. To tell. ""did as I was bid"""	bidden	bid	prob	4	0.134038046002388
Qwen_Qwen2.5-32B	delta	60	bid	ppt	bid__ppt	"To issue an order to. To tell. ""did as I was bid"""	bidden	bid	prob	4	0.18516454100608826
Qwen_Qwen2.5-32B	orig	61	bid	ppt	bid__ppt	"To issue an order to. To tell. ""did as I was bid"""	bidden	bid	prob	4	0.12723730504512787
Qwen_Qwen2.5-32B	delta	61	bid	ppt	bid__ppt	"To issue an order to. To tell. ""did as I was bid"""	bidden	bid	prob	4	0.18978306651115417
Qwen_Qwen2.5-32B	orig	62	bid	ppt	bid__ppt	"To issue an order to. To tell. ""did as I was bid"""	bidden	bid	prob	4	0.11903630197048187
Qwen_Qwen2.5-32B	delta	62	bid	ppt	bid__ppt	"To issue an order to. To tell. ""did as I was bid"""	bidden	bid	prob	4	0.17867790162563324
Qwen_Qwen2.5-32B	orig	63	bid	ppt	bid__ppt	"To issue an order to. To tell. ""did as I was bid"""	bidden	bid	prob	4	0.0730774775147438
Qwen_Qwen2.5-32B	delta	63	bid	ppt	bid__ppt	"To issue an order to. To tell. ""did as I was bid"""	bidden	bid	prob	4	0.1665329933166504
Qwen_Qwen2.5-32B	orig	64	bid	ppt	bid__ppt	"To issue an order to. To tell. ""did as I was bid"""	bidden	bid	prob	4	0.27765578031539917
Qwen_Qwen2.5-32B	delta	64	bid	ppt	bid__ppt	"To issue an order to. To tell. ""did as I was bid"""	bidden	bid	prob	4	0.18630853295326233
Qwen_Qwen2.5-32B	orig	0	bid	pst	bid__pst	"To offer (a price) whether for payment or acceptance. ""The contractor bid $10,00"	bid	bade	cat	4	nan
Qwen_Qwen2.5-32B	delta	0	bid	pst	bid__pst	"To offer (a price) whether for payment or acceptance. ""The contractor bid $10,00"	bid	bade	cat	4	1.0
Qwen_Qwen2.5-32B	orig	1	bid	pst	bid__pst	"To offer (a price) whether for payment or acceptance. ""The contractor bid $10,00"	bid	bade	cat	4	0.04883341118693352
Qwen_Qwen2.5-32B	delta	1	bid	pst	bid__pst	"To offer (a price) whether for payment or acceptance. ""The contractor bid $10,00"	bid	bade	cat	4	0.4255317747592926
Qwen_Qwen2.5-32B	orig	2	bid	pst	bid__pst	"To offer (a price) whether for payment or acceptance. ""The contractor bid $10,00"	bid	bade	cat	4	0.08704802393913269
Qwen_Qwen2.5-32B	delta	2	bid	pst	bid__pst	"To offer (a price) whether for payment or acceptance. ""The contractor bid $10,00"	bid	bade	cat	4	0.4073890447616577
Qwen_Qwen2.5-32B	orig	3	bid	pst	bid__pst	"To offer (a price) whether for payment or acceptance. ""The contractor bid $10,00"	bid	bade	cat	4	0.07149667292833328
Qwen_Qwen2.5-32B	delta	3	bid	pst	bid__pst	"To offer (a price) whether for payment or acceptance. ""The contractor bid $10,00"	bid	bade	cat	4	0.33270853757858276
Qwen_Qwen2.5-32B	orig	4	bid	pst	bid__pst	"To offer (a price) whether for payment or acceptance. ""The contractor bid $10,00"	bid	bade	cat	4	0.049642086029052734
Qwen_Qwen2.5-32B	delta	4	bid	pst	bid__pst	"To offer (a price) whether for payment or acceptance. ""The contractor bid $10,00"	bid	bade	cat	4	0.35970279574394226
Qwen_Qwen2.5-32B	orig	5	bid	pst	bid__pst	"To offer (a price) whether for payment or acceptance. ""The contractor bid $10,00"	bid	bade	cat	4	0.10921857506036758
Qwen_Qwen2.5-32B	delta	5	bid	pst	bid__pst	"To offer (a price) whether for payment or acceptance. ""The contractor bid $10,00"	bid	bade	cat	4	0.38893163204193115
Qwen_Qwen2.5-32B	orig	6	bid	pst	bid__pst	"To offer (a price) whether for payment or acceptance. ""The contractor bid $10,00"	bid	bade	cat	4	0.1413678228855133
Qwen_Qwen2.5-32B	delta	6	bid	pst	bid__pst	"To offer (a price) whether for payment or acceptance. ""The contractor bid $10,00"	bid	bade	cat	4	0.36448630690574646
Qwen_Qwen2.5-32B	orig	7	bid	pst	bid__pst	"To offer (a price) whether for payment or acceptance. ""The contractor bid $10,00"	bid	bade	cat	4	0.12469375133514404
Qwen_Qwen2.5-32B	delta	7	bid	pst	bid__pst	"To offer (a price) whether for payment or acceptance. ""The contractor bid $10,00"	bid	bade	cat	4	0.3399425446987152
Qwen_Qwen2.5-32B	orig	8	bid	pst	bid__pst	"To offer (a price) whether for payment or acceptance. ""The contractor bid $10,00"	bid	bade	cat	4	0.1716795414686203
Qwen_Qwen2.5-32B	delta	8	bid	pst	bid__pst	"To offer (a price) whether for payment or acceptance. ""The contractor bid $10,00"	bid	bade	cat	4	0.341237872838974
Qwen_Qwen2.5-32B	orig	9	bid	pst	bid__pst	"To offer (a price) whether for payment or acceptance. ""The contractor bid $10,00"	bid	bade	cat	4	0.2404870241880417
Qwen_Qwen2.5-32B	delta	9	bid	pst	bid__pst	"To offer (a price) whether for payment or acceptance. ""The contractor bid $10,00"	bid	bade	cat	4	0.4165717661380768
Qwen_Qwen2.5-32B	orig	10	bid	pst	bid__pst	"To offer (a price) whether for payment or acceptance. ""The contractor bid $10,00"	bid	bade	cat	4	0.22687144577503204
Qwen_Qwen2.5-32B	delta	10	bid	pst	bid__pst	"To offer (a price) whether for payment or acceptance. ""The contractor bid $10,00"	bid	bade	cat	4	0.4050889015197754
Qwen_Qwen2.5-32B	orig	11	bid	pst	bid__pst	"To offer (a price) whether for payment or acceptance. ""The contractor bid $10,00"	bid	bade	cat	4	0.22216962277889252
Qwen_Qwen2.5-32B	delta	11	bid	pst	bid__pst	"To offer (a price) whether for payment or acceptance. ""The contractor bid $10,00"	bid	bade	cat	4	0.39316031336784363
Qwen_Qwen2.5-32B	orig	12	bid	pst	bid__pst	"To offer (a price) whether for payment or acceptance. ""The contractor bid $10,00"	bid	bade	cat	4	0.19001278281211853
Qwen_Qwen2.5-32B	delta	12	bid	pst	bid__pst	"To offer (a price) whether for payment or acceptance. ""The contractor bid $10,00"	bid	bade	cat	4	0.3349660634994507
Qwen_Qwen2.5-32B	orig	13	bid	pst	bid__pst	"To offer (a price) whether for payment or acceptance. ""The contractor bid $10,00"	bid	bade	cat	4	0.1843748241662979
Qwen_Qwen2.5-32B	delta	13	bid	pst	bid__pst	"To offer (a price) whether for payment or acceptance. ""The contractor bid $10,00"	bid	bade	cat	4	0.3140465021133423
Qwen_Qwen2.5-32B	orig	14	bid	pst	bid__pst	"To offer (a price) whether for payment or acceptance. ""The contractor bid $10,00"	bid	bade	cat	4	0.18634487688541412
Qwen_Qwen2.5-32B	delta	14	bid	pst	bid__pst	"To offer (a price) whether for payment or acceptance. ""The contractor bid $10,00"	bid	bade	cat	4	0.31275007128715515
Qwen_Qwen2.5-32B	orig	15	bid	pst	bid__pst	"To offer (a price) whether for payment or acceptance. ""The contractor bid $10,00"	bid	bade	cat	4	0.18672069907188416
Qwen_Qwen2.5-32B	delta	15	bid	pst	bid__pst	"To offer (a price) whether for payment or acceptance. ""The contractor bid $10,00"	bid	bade	cat	4	0.2940886914730072
Qwen_Qwen2.5-32B	orig	16	bid	pst	bid__pst	"To offer (a price) whether for payment or acceptance. ""The contractor bid $10,00"	bid	bade	cat	4	0.16925440728664398
Qwen_Qwen2.5-32B	delta	16	bid	pst	bid__pst	"To offer (a price) whether for payment or acceptance. ""The contractor bid $10,00"	bid	bade	cat	4	0.28614136576652527
Qwen_Qwen2.5-32B	orig	17	bid	pst	bid__pst	"To offer (a price) whether for payment or acceptance. ""The contractor bid $10,00"	bid	bade	cat	4	0.15600080788135529
Qwen_Qwen2.5-32B	delta	17	bid	pst	bid__pst	"To offer (a price) whether for payment or acceptance. ""The contractor bid $10,00"	bid	bade	cat	4	0.2704910635948181
Qwen_Qwen2.5-32B	orig	18	bid	pst	bid__pst	"To offer (a price) whether for payment or acceptance. ""The contractor bid $10,00"	bid	bade	cat	4	0.15830641984939575
Qwen_Qwen2.5-32B	delta	18	bid	pst	bid__pst	"To offer (a price) whether for payment or acceptance. ""The contractor bid $10,00"	bid	bade	cat	4	0.28194499015808105
Qwen_Qwen2.5-32B	orig	19	bid	pst	bid__pst	"To offer (a price) whether for payment or acceptance. ""The contractor bid $10,00"	bid	bade	cat	4	0.15905240178108215
Qwen_Qwen2.5-32B	delta	19	bid	pst	bid__pst	"To offer (a price) whether for payment or acceptance. ""The contractor bid $10,00"	bid	bade	cat	4	0.2972300350666046
Qwen_Qwen2.5-32B	orig	20	bid	pst	bid__pst	"To offer (a price) whether for payment or acceptance. ""The contractor bid $10,00"	bid	bade	cat	4	0.15632657706737518
Qwen_Qwen2.5-32B	delta	20	bid	pst	bid__pst	"To offer (a price) whether for payment or acceptance. ""The contractor bid $10,00"	bid	bade	cat	4	0.29594874382019043
Qwen_Qwen2.5-32B	orig	21	bid	pst	bid__pst	"To offer (a price) whether for payment or acceptance. ""The contractor bid $10,00"	bid	bade	cat	4	0.15282988548278809
Qwen_Qwen2.5-32B	delta	21	bid	pst	bid__pst	"To offer (a price) whether for payment or acceptance. ""The contractor bid $10,00"	bid	bade	cat	4	0.3023684322834015
Qwen_Qwen2.5-32B	orig	22	bid	pst	bid__pst	"To offer (a price) whether for payment or acceptance. ""The contractor bid $10,00"	bid	bade	cat	4	0.14824321866035461
Qwen_Qwen2.5-32B	delta	22	bid	pst	bid__pst	"To offer (a price) whether for payment or acceptance. ""The contractor bid $10,00"	bid	bade	cat	4	0.29834505915641785
Qwen_Qwen2.5-32B	orig	23	bid	pst	bid__pst	"To offer (a price) whether for payment or acceptance. ""The contractor bid $10,00"	bid	bade	cat	4	0.16045457124710083
Qwen_Qwen2.5-32B	delta	23	bid	pst	bid__pst	"To offer (a price) whether for payment or acceptance. ""The contractor bid $10,00"	bid	bade	cat	4	0.30795717239379883
Qwen_Qwen2.5-32B	orig	24	bid	pst	bid__pst	"To offer (a price) whether for payment or acceptance. ""The contractor bid $10,00"	bid	bade	cat	4	0.17751985788345337
Qwen_Qwen2.5-32B	delta	24	bid	pst	bid__pst	"To offer (a price) whether for payment or acceptance. ""The contractor bid $10,00"	bid	bade	cat	4	0.32306167483329773
Qwen_Qwen2.5-32B	orig	25	bid	pst	bid__pst	"To offer (a price) whether for payment or acceptance. ""The contractor bid $10,00"	bid	bade	cat	4	0.18309050798416138
Qwen_Qwen2.5-32B	delta	25	bid	pst	bid__pst	"To offer (a price) whether for payment or acceptance. ""The contractor bid $10,00"	bid	bade	cat	4	0.3244419991970062
Qwen_Qwen2.5-32B	orig	26	bid	pst	bid__pst	"To offer (a price) whether for payment or acceptance. ""The contractor bid $10,00"	bid	bade	cat	4	0.2002585530281067
Qwen_Qwen2.5-32B	delta	26	bid	pst	bid__pst	"To offer (a price) whether for payment or acceptance. ""The contractor bid $10,00"	bid	bade	cat	4	0.3317238390445709
Qwen_Qwen2.5-32B	orig	27	bid	pst	bid__pst	"To offer (a price) whether for payment or acceptance. ""The contractor bid $10,00"	bid	bade	cat	4	0.20351186394691467
Qwen_Qwen2.5-32B	delta	27	bid	pst	bid__pst	"To offer (a price) whether for payment or acceptance. ""The contractor bid $10,00"	bid	bade	cat	4	0.3320860266685486
Qwen_Qwen2.5-32B	orig	28	bid	pst	bid__pst	"To offer (a price) whether for payment or acceptance. ""The contractor bid $10,00"	bid	bade	cat	4	0.19929370284080505
Qwen_Qwen2.5-32B	delta	28	bid	pst	bid__pst	"To offer (a price) whether for payment or acceptance. ""The contractor bid $10,00"	bid	bade	cat	4	0.32164207100868225
Qwen_Qwen2.5-32B	orig	29	bid	pst	bid__pst	"To offer (a price) whether for payment or acceptance. ""The contractor bid $10,00"	bid	bade	cat	4	0.17674794793128967
Qwen_Qwen2.5-32B	delta	29	bid	pst	bid__pst	"To offer (a price) whether for payment or acceptance. ""The contractor bid $10,00"	bid	bade	cat	4	0.29885566234588623
Qwen_Qwen2.5-32B	orig	30	bid	pst	bid__pst	"To offer (a price) whether for payment or acceptance. ""The contractor bid $10,00"	bid	bade	cat	4	0.178850919008255
Qwen_Qwen2.5-32B	delta	30	bid	pst	bid__pst	"To offer (a price) whether for payment or acceptance. ""The contractor bid $10,00"	bid	bade	cat	4	0.2876945734024048
Qwen_Qwen2.5-32B	orig	31	bid	pst	bid__pst	"To offer (a price) whether for payment or acceptance. ""The contractor bid $10,00"	bid	bade	cat	4	0.18028783798217773
Qwen_Qwen2.5-32B	delta	31	bid	pst	bid__pst	"To offer (a price) whether for payment or acceptance. ""The contractor bid $10,00"	bid	bade	cat	4	0.2901482582092285
Qwen_Qwen2.5-32B	orig	32	bid	pst	bid__pst	"To offer (a price) whether for payment or acceptance. ""The contractor bid $10,00"	bid	bade	cat	4	0.16973565518856049
Qwen_Qwen2.5-32B	delta	32	bid	pst	bid__pst	"To offer (a price) whether for payment or acceptance. ""The contractor bid $10,00"	bid	bade	cat	4	0.2780815362930298
Qwen_Qwen2.5-32B	orig	33	bid	pst	bid__pst	"To offer (a price) whether for payment or acceptance. ""The contractor bid $10,00"	bid	bade	cat	4	0.17457807064056396
Qwen_Qwen2.5-32B	delta	33	bid	pst	bid__pst	"To offer (a price) whether for payment or acceptance. ""The contractor bid $10,00"	bid	bade	cat	4	0.2840737998485565
Qwen_Qwen2.5-32B	orig	34	bid	pst	bid__pst	"To offer (a price) whether for payment or acceptance. ""The contractor bid $10,00"	bid	bade	cat	4	0.1917996108531952
Qwen_Qwen2.5-32B	delta	34	bid	pst	bid__pst	"To offer (a price) whether for payment or acceptance. ""The contractor bid $10,00"	bid	bade	cat	4	0.2977553606033325
Qwen_Qwen2.5-32B	orig	35	bid	pst	bid__pst	"To offer (a price) whether for payment or acceptance. ""The contractor bid $10,00"	bid	bade	cat	4	0.20341983437538147
Qwen_Qwen2.5-32B	delta	35	bid	pst	bid__pst	"To offer (a price) whether for payment or acceptance. ""The contractor bid $10,00"	bid	bade	cat	4	0.30351588129997253
Qwen_Qwen2.5-32B	orig	36	bid	pst	bid__pst	"To offer (a price) whether for payment or acceptance. ""The contractor bid $10,00"	bid	bade	cat	4	0.20018228888511658
Qwen_Qwen2.5-32B	delta	36	bid	pst	bid__pst	"To offer (a price) whether for payment or acceptance. ""The contractor bid $10,00"	bid	bade	cat	4	0.3036215901374817
Qwen_Qwen2.5-32B	orig	37	bid	pst	bid__pst	"To offer (a price) whether for payment or acceptance. ""The contractor bid $10,00"	bid	bade	cat	4	0.20704635977745056
Qwen_Qwen2.5-32B	delta	37	bid	pst	bid__pst	"To offer (a price) whether for payment or acceptance. ""The contractor bid $10,00"	bid	bade	cat	4	0.3123457431793213
Qwen_Qwen2.5-32B	orig	38	bid	pst	bid__pst	"To offer (a price) whether for payment or acceptance. ""The contractor bid $10,00"	bid	bade	cat	4	0.20501096546649933
Qwen_Qwen2.5-32B	delta	38	bid	pst	bid__pst	"To offer (a price) whether for payment or acceptance. ""The contractor bid $10,00"	bid	bade	cat	4	0.3069790303707123
Qwen_Qwen2.5-32B	orig	39	bid	pst	bid__pst	"To offer (a price) whether for payment or acceptance. ""The contractor bid $10,00"	bid	bade	cat	4	0.19928030669689178
Qwen_Qwen2.5-32B	delta	39	bid	pst	bid__pst	"To offer (a price) whether for payment or acceptance. ""The contractor bid $10,00"	bid	bade	cat	4	0.29619675874710083
Qwen_Qwen2.5-32B	orig	40	bid	pst	bid__pst	"To offer (a price) whether for payment or acceptance. ""The contractor bid $10,00"	bid	bade	cat	4	0.19405218958854675
Qwen_Qwen2.5-32B	delta	40	bid	pst	bid__pst	"To offer (a price) whether for payment or acceptance. ""The contractor bid $10,00"	bid	bade	cat	4	0.2971093952655792
Qwen_Qwen2.5-32B	orig	41	bid	pst	bid__pst	"To offer (a price) whether for payment or acceptance. ""The contractor bid $10,00"	bid	bade	cat	4	0.18955078721046448
Qwen_Qwen2.5-32B	delta	41	bid	pst	bid__pst	"To offer (a price) whether for payment or acceptance. ""The contractor bid $10,00"	bid	bade	cat	4	0.3000513017177582
Qwen_Qwen2.5-32B	orig	42	bid	pst	bid__pst	"To offer (a price) whether for payment or acceptance. ""The contractor bid $10,00"	bid	bade	cat	4	0.20142963528633118
Qwen_Qwen2.5-32B	delta	42	bid	pst	bid__pst	"To offer (a price) whether for payment or acceptance. ""The contractor bid $10,00"	bid	bade	cat	4	0.3030378222465515
Qwen_Qwen2.5-32B	orig	43	bid	pst	bid__pst	"To offer (a price) whether for payment or acceptance. ""The contractor bid $10,00"	bid	bade	cat	4	0.20016394555568695
Qwen_Qwen2.5-32B	delta	43	bid	pst	bid__pst	"To offer (a price) whether for payment or acceptance. ""The contractor bid $10,00"	bid	bade	cat	4	0.2943961024284363
Qwen_Qwen2.5-32B	orig	44	bid	pst	bid__pst	"To offer (a price) whether for payment or acceptance. ""The contractor bid $10,00"	bid	bade	cat	4	0.20520567893981934
Qwen_Qwen2.5-32B	delta	44	bid	pst	bid__pst	"To offer (a price) whether for payment or acceptance. ""The contractor bid $10,00"	bid	bade	cat	4	0.2877240478992462
Qwen_Qwen2.5-32B	orig	45	bid	pst	bid__pst	"To offer (a price) whether for payment or acceptance. ""The contractor bid $10,00"	bid	bade	cat	4	0.2019396722316742
Qwen_Qwen2.5-32B	delta	45	bid	pst	bid__pst	"To offer (a price) whether for payment or acceptance. ""The contractor bid $10,00"	bid	bade	cat	4	0.28711384534835815
Qwen_Qwen2.5-32B	orig	46	bid	pst	bid__pst	"To offer (a price) whether for payment or acceptance. ""The contractor bid $10,00"	bid	bade	cat	4	0.21036824584007263
Qwen_Qwen2.5-32B	delta	46	bid	pst	bid__pst	"To offer (a price) whether for payment or acceptance. ""The contractor bid $10,00"	bid	bade	cat	4	0.2817617654800415
Qwen_Qwen2.5-32B	orig	47	bid	pst	bid__pst	"To offer (a price) whether for payment or acceptance. ""The contractor bid $10,00"	bid	bade	cat	4	0.2268798053264618
Qwen_Qwen2.5-32B	delta	47	bid	pst	bid__pst	"To offer (a price) whether for payment or acceptance. ""The contractor bid $10,00"	bid	bade	cat	4	0.2886461615562439
Qwen_Qwen2.5-32B	orig	48	bid	pst	bid__pst	"To offer (a price) whether for payment or acceptance. ""The contractor bid $10,00"	bid	bade	cat	4	0.24283358454704285
Qwen_Qwen2.5-32B	delta	48	bid	pst	bid__pst	"To offer (a price) whether for payment or acceptance. ""The contractor bid $10,00"	bid	bade	cat	4	0.3039511442184448
Qwen_Qwen2.5-32B	orig	49	bid	pst	bid__pst	"To offer (a price) whether for payment or acceptance. ""The contractor bid $10,00"	bid	bade	cat	4	0.24631208181381226
Qwen_Qwen2.5-32B	delta	49	bid	pst	bid__pst	"To offer (a price) whether for payment or acceptance. ""The contractor bid $10,00"	bid	bade	cat	4	0.2910190224647522
Qwen_Qwen2.5-32B	orig	50	bid	pst	bid__pst	"To offer (a price) whether for payment or acceptance. ""The contractor bid $10,00"	bid	bade	cat	4	0.2891708016395569
Qwen_Qwen2.5-32B	delta	50	bid	pst	bid__pst	"To offer (a price) whether for payment or acceptance. ""The contractor bid $10,00"	bid	bade	cat	4	0.3226187229156494
Qwen_Qwen2.5-32B	orig	51	bid	pst	bid__pst	"To offer (a price) whether for payment or acceptance. ""The contractor bid $10,00"	bid	bade	cat	4	0.2798194885253906
Qwen_Qwen2.5-32B	delta	51	bid	pst	bid__pst	"To offer (a price) whether for payment or acceptance. ""The contractor bid $10,00"	bid	bade	cat	4	0.31493309140205383
Qwen_Qwen2.5-32B	orig	52	bid	pst	bid__pst	"To offer (a price) whether for payment or acceptance. ""The contractor bid $10,00"	bid	bade	cat	4	0.2787064015865326
Qwen_Qwen2.5-32B	delta	52	bid	pst	bid__pst	"To offer (a price) whether for payment or acceptance. ""The contractor bid $10,00"	bid	bade	cat	4	0.308396577835083
Qwen_Qwen2.5-32B	orig	53	bid	pst	bid__pst	"To offer (a price) whether for payment or acceptance. ""The contractor bid $10,00"	bid	bade	cat	4	0.25799018144607544
Qwen_Qwen2.5-32B	delta	53	bid	pst	bid__pst	"To offer (a price) whether for payment or acceptance. ""The contractor bid $10,00"	bid	bade	cat	4	0.30529168248176575
Qwen_Qwen2.5-32B	orig	54	bid	pst	bid__pst	"To offer (a price) whether for payment or acceptance. ""The contractor bid $10,00"	bid	bade	cat	4	0.24335572123527527
Qwen_Qwen2.5-32B	delta	54	bid	pst	bid__pst	"To offer (a price) whether for payment or acceptance. ""The contractor bid $10,00"	bid	bade	cat	4	0.2931642234325409
Qwen_Qwen2.5-32B	orig	55	bid	pst	bid__pst	"To offer (a price) whether for payment or acceptance. ""The contractor bid $10,00"	bid	bade	cat	4	0.23678068816661835
Qwen_Qwen2.5-32B	delta	55	bid	pst	bid__pst	"To offer (a price) whether for payment or acceptance. ""The contractor bid $10,00"	bid	bade	cat	4	0.2866072654724121
Qwen_Qwen2.5-32B	orig	56	bid	pst	bid__pst	"To offer (a price) whether for payment or acceptance. ""The contractor bid $10,00"	bid	bade	cat	4	0.21775667369365692
Qwen_Qwen2.5-32B	delta	56	bid	pst	bid__pst	"To offer (a price) whether for payment or acceptance. ""The contractor bid $10,00"	bid	bade	cat	4	0.2699318528175354
Qwen_Qwen2.5-32B	orig	57	bid	pst	bid__pst	"To offer (a price) whether for payment or acceptance. ""The contractor bid $10,00"	bid	bade	cat	4	0.2146776020526886
Qwen_Qwen2.5-32B	delta	57	bid	pst	bid__pst	"To offer (a price) whether for payment or acceptance. ""The contractor bid $10,00"	bid	bade	cat	4	0.2603378891944885
Qwen_Qwen2.5-32B	orig	58	bid	pst	bid__pst	"To offer (a price) whether for payment or acceptance. ""The contractor bid $10,00"	bid	bade	cat	4	0.21466946601867676
Qwen_Qwen2.5-32B	delta	58	bid	pst	bid__pst	"To offer (a price) whether for payment or acceptance. ""The contractor bid $10,00"	bid	bade	cat	4	0.25090354681015015
Qwen_Qwen2.5-32B	orig	59	bid	pst	bid__pst	"To offer (a price) whether for payment or acceptance. ""The contractor bid $10,00"	bid	bade	cat	4	0.20528653264045715
Qwen_Qwen2.5-32B	delta	59	bid	pst	bid__pst	"To offer (a price) whether for payment or acceptance. ""The contractor bid $10,00"	bid	bade	cat	4	0.23881645500659943
Qwen_Qwen2.5-32B	orig	60	bid	pst	bid__pst	"To offer (a price) whether for payment or acceptance. ""The contractor bid $10,00"	bid	bade	cat	4	0.2075035274028778
Qwen_Qwen2.5-32B	delta	60	bid	pst	bid__pst	"To offer (a price) whether for payment or acceptance. ""The contractor bid $10,00"	bid	bade	cat	4	0.23619432747364044
Qwen_Qwen2.5-32B	orig	61	bid	pst	bid__pst	"To offer (a price) whether for payment or acceptance. ""The contractor bid $10,00"	bid	bade	cat	4	0.2045358270406723
Qwen_Qwen2.5-32B	delta	61	bid	pst	bid__pst	"To offer (a price) whether for payment or acceptance. ""The contractor bid $10,00"	bid	bade	cat	4	0.22280636429786682
Qwen_Qwen2.5-32B	orig	62	bid	pst	bid__pst	"To offer (a price) whether for payment or acceptance. ""The contractor bid $10,00"	bid	bade	cat	4	0.20330548286437988
Qwen_Qwen2.5-32B	delta	62	bid	pst	bid__pst	"To offer (a price) whether for payment or acceptance. ""The contractor bid $10,00"	bid	bade	cat	4	0.2156495898962021
Qwen_Qwen2.5-32B	orig	63	bid	pst	bid__pst	"To offer (a price) whether for payment or acceptance. ""The contractor bid $10,00"	bid	bade	cat	4	0.2671862840652466
Qwen_Qwen2.5-32B	delta	63	bid	pst	bid__pst	"To offer (a price) whether for payment or acceptance. ""The contractor bid $10,00"	bid	bade	cat	4	0.2224029153585434
Qwen_Qwen2.5-32B	orig	64	bid	pst	bid__pst	"To offer (a price) whether for payment or acceptance. ""The contractor bid $10,00"	bid	bade	cat	4	0.4433671236038208
Qwen_Qwen2.5-32B	delta	64	bid	pst	bid__pst	"To offer (a price) whether for payment or acceptance. ""The contractor bid $10,00"	bid	bade	cat	4	0.22273525595664978
Qwen_Qwen2.5-32B	orig	0	bring	pst	bring__pst	To convey, lead, carry, or cause to come along with one toward the place from wh	brung	brought	no_cond	3	nan
Qwen_Qwen2.5-32B	delta	0	bring	pst	bring__pst	To convey, lead, carry, or cause to come along with one toward the place from wh	brung	brought	no_cond	3	nan
Qwen_Qwen2.5-32B	orig	1	bring	pst	bring__pst	To convey, lead, carry, or cause to come along with one toward the place from wh	brung	brought	no_cond	3	-0.02897154726088047
Qwen_Qwen2.5-32B	delta	1	bring	pst	bring__pst	To convey, lead, carry, or cause to come along with one toward the place from wh	brung	brought	no_cond	3	0.34694090485572815
Qwen_Qwen2.5-32B	orig	2	bring	pst	bring__pst	To convey, lead, carry, or cause to come along with one toward the place from wh	brung	brought	no_cond	3	-0.045265257358551025
Qwen_Qwen2.5-32B	delta	2	bring	pst	bring__pst	To convey, lead, carry, or cause to come along with one toward the place from wh	brung	brought	no_cond	3	0.3671247065067291
Qwen_Qwen2.5-32B	orig	3	bring	pst	bring__pst	To convey, lead, carry, or cause to come along with one toward the place from wh	brung	brought	no_cond	3	-0.045950859785079956
Qwen_Qwen2.5-32B	delta	3	bring	pst	bring__pst	To convey, lead, carry, or cause to come along with one toward the place from wh	brung	brought	no_cond	3	0.3592100143432617
Qwen_Qwen2.5-32B	orig	4	bring	pst	bring__pst	To convey, lead, carry, or cause to come along with one toward the place from wh	brung	brought	no_cond	3	0.29452258348464966
Qwen_Qwen2.5-32B	delta	4	bring	pst	bring__pst	To convey, lead, carry, or cause to come along with one toward the place from wh	brung	brought	no_cond	3	0.38648995757102966
Qwen_Qwen2.5-32B	orig	5	bring	pst	bring__pst	To convey, lead, carry, or cause to come along with one toward the place from wh	brung	brought	no_cond	3	-0.08930423110723495
Qwen_Qwen2.5-32B	delta	5	bring	pst	bring__pst	To convey, lead, carry, or cause to come along with one toward the place from wh	brung	brought	no_cond	3	0.3563777506351471
Qwen_Qwen2.5-32B	orig	6	bring	pst	bring__pst	To convey, lead, carry, or cause to come along with one toward the place from wh	brung	brought	no_cond	3	-0.07950350642204285
Qwen_Qwen2.5-32B	delta	6	bring	pst	bring__pst	To convey, lead, carry, or cause to come along with one toward the place from wh	brung	brought	no_cond	3	0.3678642213344574
Qwen_Qwen2.5-32B	orig	7	bring	pst	bring__pst	To convey, lead, carry, or cause to come along with one toward the place from wh	brung	brought	no_cond	3	-0.05768411234021187
Qwen_Qwen2.5-32B	delta	7	bring	pst	bring__pst	To convey, lead, carry, or cause to come along with one toward the place from wh	brung	brought	no_cond	3	0.3541015684604645
Qwen_Qwen2.5-32B	orig	8	bring	pst	bring__pst	To convey, lead, carry, or cause to come along with one toward the place from wh	brung	brought	no_cond	3	-0.06105908378958702
Qwen_Qwen2.5-32B	delta	8	bring	pst	bring__pst	To convey, lead, carry, or cause to come along with one toward the place from wh	brung	brought	no_cond	3	0.33578917384147644
Qwen_Qwen2.5-32B	orig	9	bring	pst	bring__pst	To convey, lead, carry, or cause to come along with one toward the place from wh	brung	brought	no_cond	3	0.3054006099700928
Qwen_Qwen2.5-32B	delta	9	bring	pst	bring__pst	To convey, lead, carry, or cause to come along with one toward the place from wh	brung	brought	no_cond	3	0.3804897367954254
Qwen_Qwen2.5-32B	orig	10	bring	pst	bring__pst	To convey, lead, carry, or cause to come along with one toward the place from wh	brung	brought	no_cond	3	0.3071904480457306
Qwen_Qwen2.5-32B	delta	10	bring	pst	bring__pst	To convey, lead, carry, or cause to come along with one toward the place from wh	brung	brought	no_cond	3	0.3823986053466797
Qwen_Qwen2.5-32B	orig	11	bring	pst	bring__pst	To convey, lead, carry, or cause to come along with one toward the place from wh	brung	brought	no_cond	3	-0.08665231615304947
Qwen_Qwen2.5-32B	delta	11	bring	pst	bring__pst	To convey, lead, carry, or cause to come along with one toward the place from wh	brung	brought	no_cond	3	0.37127646803855896
Qwen_Qwen2.5-32B	orig	12	bring	pst	bring__pst	To convey, lead, carry, or cause to come along with one toward the place from wh	brung	brought	no_cond	3	-0.08642315864562988
Qwen_Qwen2.5-32B	delta	12	bring	pst	bring__pst	To convey, lead, carry, or cause to come along with one toward the place from wh	brung	brought	no_cond	3	0.37139376997947693
Qwen_Qwen2.5-32B	orig	13	bring	pst	bring__pst	To convey, lead, carry, or cause to come along with one toward the place from wh	brung	brought	no_cond	3	-0.0825810506939888
Qwen_Qwen2.5-32B	delta	13	bring	pst	bring__pst	To convey, lead, carry, or cause to come along with one toward the place from wh	brung	brought	no_cond	3	0.3684806823730469
Qwen_Qwen2.5-32B	orig	14	bring	pst	bring__pst	To convey, lead, carry, or cause to come along with one toward the place from wh	brung	brought	no_cond	3	-0.09155692905187607
Qwen_Qwen2.5-32B	delta	14	bring	pst	bring__pst	To convey, lead, carry, or cause to come along with one toward the place from wh	brung	brought	no_cond	3	0.37010812759399414
Qwen_Qwen2.5-32B	orig	15	bring	pst	bring__pst	To convey, lead, carry, or cause to come along with one toward the place from wh	brung	brought	no_cond	3	0.28644421696662903
Qwen_Qwen2.5-32B	delta	15	bring	pst	bring__pst	To convey, lead, carry, or cause to come along with one toward the place from wh	brung	brought	no_cond	3	0.38725125789642334
Qwen_Qwen2.5-32B	orig	16	bring	pst	bring__pst	To convey, lead, carry, or cause to come along with one toward the place from wh	brung	brought	no_cond	3	-0.09911469370126724
Qwen_Qwen2.5-32B	delta	16	bring	pst	bring__pst	To convey, lead, carry, or cause to come along with one toward the place from wh	brung	brought	no_cond	3	0.3831028640270233
Qwen_Qwen2.5-32B	orig	17	bring	pst	bring__pst	To convey, lead, carry, or cause to come along with one toward the place from wh	brung	brought	no_cond	3	-0.0903940424323082
Qwen_Qwen2.5-32B	delta	17	bring	pst	bring__pst	To convey, lead, carry, or cause to come along with one toward the place from wh	brung	brought	no_cond	3	0.37437793612480164
Qwen_Qwen2.5-32B	orig	18	bring	pst	bring__pst	To convey, lead, carry, or cause to come along with one toward the place from wh	brung	brought	no_cond	3	0.28512564301490784
Qwen_Qwen2.5-32B	delta	18	bring	pst	bring__pst	To convey, lead, carry, or cause to come along with one toward the place from wh	brung	brought	no_cond	3	0.3800598680973053
Qwen_Qwen2.5-32B	orig	19	bring	pst	bring__pst	To convey, lead, carry, or cause to come along with one toward the place from wh	brung	brought	no_cond	3	-0.09699014574289322
Qwen_Qwen2.5-32B	delta	19	bring	pst	bring__pst	To convey, lead, carry, or cause to come along with one toward the place from wh	brung	brought	no_cond	3	0.3782248795032501
Qwen_Qwen2.5-32B	orig	20	bring	pst	bring__pst	To convey, lead, carry, or cause to come along with one toward the place from wh	brung	brought	no_cond	3	-0.09876184910535812
Qwen_Qwen2.5-32B	delta	20	bring	pst	bring__pst	To convey, lead, carry, or cause to come along with one toward the place from wh	brung	brought	no_cond	3	0.3693219721317291
Qwen_Qwen2.5-32B	orig	21	bring	pst	bring__pst	To convey, lead, carry, or cause to come along with one toward the place from wh	brung	brought	no_cond	3	-0.102866530418396
Qwen_Qwen2.5-32B	delta	21	bring	pst	bring__pst	To convey, lead, carry, or cause to come along with one toward the place from wh	brung	brought	no_cond	3	0.37066948413848877
Qwen_Qwen2.5-32B	orig	22	bring	pst	bring__pst	To convey, lead, carry, or cause to come along with one toward the place from wh	brung	brought	no_cond	3	-0.06530551612377167
Qwen_Qwen2.5-32B	delta	22	bring	pst	bring__pst	To convey, lead, carry, or cause to come along with one toward the place from wh	brung	brought	no_cond	3	0.3414299488067627
Qwen_Qwen2.5-32B	orig	23	bring	pst	bring__pst	To convey, lead, carry, or cause to come along with one toward the place from wh	brung	brought	no_cond	3	-0.06097043678164482
Qwen_Qwen2.5-32B	delta	23	bring	pst	bring__pst	To convey, lead, carry, or cause to come along with one toward the place from wh	brung	brought	no_cond	3	0.33395108580589294
Qwen_Qwen2.5-32B	orig	24	bring	pst	bring__pst	To convey, lead, carry, or cause to come along with one toward the place from wh	brung	brought	no_cond	3	-0.05277476832270622
Qwen_Qwen2.5-32B	delta	24	bring	pst	bring__pst	To convey, lead, carry, or cause to come along with one toward the place from wh	brung	brought	no_cond	3	0.3246500790119171
Qwen_Qwen2.5-32B	orig	25	bring	pst	bring__pst	To convey, lead, carry, or cause to come along with one toward the place from wh	brung	brought	no_cond	3	-0.07080308347940445
Qwen_Qwen2.5-32B	delta	25	bring	pst	bring__pst	To convey, lead, carry, or cause to come along with one toward the place from wh	brung	brought	no_cond	3	0.33398738503456116
Qwen_Qwen2.5-32B	orig	26	bring	pst	bring__pst	To convey, lead, carry, or cause to come along with one toward the place from wh	brung	brought	no_cond	3	-0.07732310891151428
Qwen_Qwen2.5-32B	delta	26	bring	pst	bring__pst	To convey, lead, carry, or cause to come along with one toward the place from wh	brung	brought	no_cond	3	0.3332432806491852
Qwen_Qwen2.5-32B	orig	27	bring	pst	bring__pst	To convey, lead, carry, or cause to come along with one toward the place from wh	brung	brought	no_cond	3	-0.08668044954538345
Qwen_Qwen2.5-32B	delta	27	bring	pst	bring__pst	To convey, lead, carry, or cause to come along with one toward the place from wh	brung	brought	no_cond	3	0.33401167392730713
Qwen_Qwen2.5-32B	orig	28	bring	pst	bring__pst	To convey, lead, carry, or cause to come along with one toward the place from wh	brung	brought	no_cond	3	-0.09560254216194153
Qwen_Qwen2.5-32B	delta	28	bring	pst	bring__pst	To convey, lead, carry, or cause to come along with one toward the place from wh	brung	brought	no_cond	3	0.3318720757961273
Qwen_Qwen2.5-32B	orig	29	bring	pst	bring__pst	To convey, lead, carry, or cause to come along with one toward the place from wh	brung	brought	no_cond	3	-0.09392595291137695
Qwen_Qwen2.5-32B	delta	29	bring	pst	bring__pst	To convey, lead, carry, or cause to come along with one toward the place from wh	brung	brought	no_cond	3	0.3115215301513672
Qwen_Qwen2.5-32B	orig	30	bring	pst	bring__pst	To convey, lead, carry, or cause to come along with one toward the place from wh	brung	brought	no_cond	3	-0.09005719423294067
Qwen_Qwen2.5-32B	delta	30	bring	pst	bring__pst	To convey, lead, carry, or cause to come along with one toward the place from wh	brung	brought	no_cond	3	0.30931004881858826
Qwen_Qwen2.5-32B	orig	31	bring	pst	bring__pst	To convey, lead, carry, or cause to come along with one toward the place from wh	brung	brought	no_cond	3	-0.08409138768911362
Qwen_Qwen2.5-32B	delta	31	bring	pst	bring__pst	To convey, lead, carry, or cause to come along with one toward the place from wh	brung	brought	no_cond	3	0.3047315180301666
Qwen_Qwen2.5-32B	orig	32	bring	pst	bring__pst	To convey, lead, carry, or cause to come along with one toward the place from wh	brung	brought	no_cond	3	-0.08773805946111679
Qwen_Qwen2.5-32B	delta	32	bring	pst	bring__pst	To convey, lead, carry, or cause to come along with one toward the place from wh	brung	brought	no_cond	3	0.2917603552341461
Qwen_Qwen2.5-32B	orig	33	bring	pst	bring__pst	To convey, lead, carry, or cause to come along with one toward the place from wh	brung	brought	no_cond	3	-0.07814141362905502
Qwen_Qwen2.5-32B	delta	33	bring	pst	bring__pst	To convey, lead, carry, or cause to come along with one toward the place from wh	brung	brought	no_cond	3	0.2779015004634857
Qwen_Qwen2.5-32B	orig	34	bring	pst	bring__pst	To convey, lead, carry, or cause to come along with one toward the place from wh	brung	brought	no_cond	3	-0.08218628168106079
Qwen_Qwen2.5-32B	delta	34	bring	pst	bring__pst	To convey, lead, carry, or cause to come along with one toward the place from wh	brung	brought	no_cond	3	0.2774193286895752
Qwen_Qwen2.5-32B	orig	35	bring	pst	bring__pst	To convey, lead, carry, or cause to come along with one toward the place from wh	brung	brought	no_cond	3	-0.06498038023710251
Qwen_Qwen2.5-32B	delta	35	bring	pst	bring__pst	To convey, lead, carry, or cause to come along with one toward the place from wh	brung	brought	no_cond	3	0.27668067812919617
Qwen_Qwen2.5-32B	orig	36	bring	pst	bring__pst	To convey, lead, carry, or cause to come along with one toward the place from wh	brung	brought	no_cond	3	-0.07870905846357346
Qwen_Qwen2.5-32B	delta	36	bring	pst	bring__pst	To convey, lead, carry, or cause to come along with one toward the place from wh	brung	brought	no_cond	3	0.2811618149280548
Qwen_Qwen2.5-32B	orig	37	bring	pst	bring__pst	To convey, lead, carry, or cause to come along with one toward the place from wh	brung	brought	no_cond	3	-0.08942314982414246
Qwen_Qwen2.5-32B	delta	37	bring	pst	bring__pst	To convey, lead, carry, or cause to come along with one toward the place from wh	brung	brought	no_cond	3	0.28327447175979614
Qwen_Qwen2.5-32B	orig	38	bring	pst	bring__pst	To convey, lead, carry, or cause to come along with one toward the place from wh	brung	brought	no_cond	3	-0.08511170744895935
Qwen_Qwen2.5-32B	delta	38	bring	pst	bring__pst	To convey, lead, carry, or cause to come along with one toward the place from wh	brung	brought	no_cond	3	0.28292545676231384
Qwen_Qwen2.5-32B	orig	39	bring	pst	bring__pst	To convey, lead, carry, or cause to come along with one toward the place from wh	brung	brought	no_cond	3	-0.07827726751565933
Qwen_Qwen2.5-32B	delta	39	bring	pst	bring__pst	To convey, lead, carry, or cause to come along with one toward the place from wh	brung	brought	no_cond	3	0.28229546546936035
Qwen_Qwen2.5-32B	orig	40	bring	pst	bring__pst	To convey, lead, carry, or cause to come along with one toward the place from wh	brung	brought	no_cond	3	-0.06810017675161362
Qwen_Qwen2.5-32B	delta	40	bring	pst	bring__pst	To convey, lead, carry, or cause to come along with one toward the place from wh	brung	brought	no_cond	3	0.27905145287513733
Qwen_Qwen2.5-32B	orig	41	bring	pst	bring__pst	To convey, lead, carry, or cause to come along with one toward the place from wh	brung	brought	no_cond	3	-0.06318884342908859
Qwen_Qwen2.5-32B	delta	41	bring	pst	bring__pst	To convey, lead, carry, or cause to come along with one toward the place from wh	brung	brought	no_cond	3	0.28638672828674316
Qwen_Qwen2.5-32B	orig	42	bring	pst	bring__pst	To convey, lead, carry, or cause to come along with one toward the place from wh	brung	brought	no_cond	3	-0.05328993871808052
Qwen_Qwen2.5-32B	delta	42	bring	pst	bring__pst	To convey, lead, carry, or cause to come along with one toward the place from wh	brung	brought	no_cond	3	0.2840668857097626
Qwen_Qwen2.5-32B	orig	43	bring	pst	bring__pst	To convey, lead, carry, or cause to come along with one toward the place from wh	brung	brought	no_cond	3	-0.06053406372666359
Qwen_Qwen2.5-32B	delta	43	bring	pst	bring__pst	To convey, lead, carry, or cause to come along with one toward the place from wh	brung	brought	no_cond	3	0.2856893241405487
Qwen_Qwen2.5-32B	orig	44	bring	pst	bring__pst	To convey, lead, carry, or cause to come along with one toward the place from wh	brung	brought	no_cond	3	-0.06343865394592285
Qwen_Qwen2.5-32B	delta	44	bring	pst	bring__pst	To convey, lead, carry, or cause to come along with one toward the place from wh	brung	brought	no_cond	3	0.2822575271129608
Qwen_Qwen2.5-32B	orig	45	bring	pst	bring__pst	To convey, lead, carry, or cause to come along with one toward the place from wh	brung	brought	no_cond	3	-0.05651320517063141
Qwen_Qwen2.5-32B	delta	45	bring	pst	bring__pst	To convey, lead, carry, or cause to come along with one toward the place from wh	brung	brought	no_cond	3	0.27758172154426575
Qwen_Qwen2.5-32B	orig	46	bring	pst	bring__pst	To convey, lead, carry, or cause to come along with one toward the place from wh	brung	brought	no_cond	3	-0.05702852085232735
Qwen_Qwen2.5-32B	delta	46	bring	pst	bring__pst	To convey, lead, carry, or cause to come along with one toward the place from wh	brung	brought	no_cond	3	0.2882598340511322
Qwen_Qwen2.5-32B	orig	47	bring	pst	bring__pst	To convey, lead, carry, or cause to come along with one toward the place from wh	brung	brought	no_cond	3	-0.05671807751059532
Qwen_Qwen2.5-32B	delta	47	bring	pst	bring__pst	To convey, lead, carry, or cause to come along with one toward the place from wh	brung	brought	no_cond	3	0.29498571157455444
Qwen_Qwen2.5-32B	orig	48	bring	pst	bring__pst	To convey, lead, carry, or cause to come along with one toward the place from wh	brung	brought	no_cond	3	-0.0506744347512722
Qwen_Qwen2.5-32B	delta	48	bring	pst	bring__pst	To convey, lead, carry, or cause to come along with one toward the place from wh	brung	brought	no_cond	3	0.29290568828582764
Qwen_Qwen2.5-32B	orig	49	bring	pst	bring__pst	To convey, lead, carry, or cause to come along with one toward the place from wh	brung	brought	no_cond	3	-0.059949878603219986
Qwen_Qwen2.5-32B	delta	49	bring	pst	bring__pst	To convey, lead, carry, or cause to come along with one toward the place from wh	brung	brought	no_cond	3	0.293427437543869
Qwen_Qwen2.5-32B	orig	50	bring	pst	bring__pst	To convey, lead, carry, or cause to come along with one toward the place from wh	brung	brought	no_cond	3	-0.04663529992103577
Qwen_Qwen2.5-32B	delta	50	bring	pst	bring__pst	To convey, lead, carry, or cause to come along with one toward the place from wh	brung	brought	no_cond	3	0.2952617108821869
Qwen_Qwen2.5-32B	orig	51	bring	pst	bring__pst	To convey, lead, carry, or cause to come along with one toward the place from wh	brung	brought	no_cond	3	-0.04326565936207771
Qwen_Qwen2.5-32B	delta	51	bring	pst	bring__pst	To convey, lead, carry, or cause to come along with one toward the place from wh	brung	brought	no_cond	3	0.29403308033943176
Qwen_Qwen2.5-32B	orig	52	bring	pst	bring__pst	To convey, lead, carry, or cause to come along with one toward the place from wh	brung	brought	no_cond	3	-0.04221181198954582
Qwen_Qwen2.5-32B	delta	52	bring	pst	bring__pst	To convey, lead, carry, or cause to come along with one toward the place from wh	brung	brought	no_cond	3	0.2995966374874115
Qwen_Qwen2.5-32B	orig	53	bring	pst	bring__pst	To convey, lead, carry, or cause to come along with one toward the place from wh	brung	brought	no_cond	3	-0.03902251645922661
Qwen_Qwen2.5-32B	delta	53	bring	pst	bring__pst	To convey, lead, carry, or cause to come along with one toward the place from wh	brung	brought	no_cond	3	0.29300686717033386
Qwen_Qwen2.5-32B	orig	54	bring	pst	bring__pst	To convey, lead, carry, or cause to come along with one toward the place from wh	brung	brought	no_cond	3	-0.042196452617645264
Qwen_Qwen2.5-32B	delta	54	bring	pst	bring__pst	To convey, lead, carry, or cause to come along with one toward the place from wh	brung	brought	no_cond	3	0.28419458866119385
Qwen_Qwen2.5-32B	orig	55	bring	pst	bring__pst	To convey, lead, carry, or cause to come along with one toward the place from wh	brung	brought	no_cond	3	-0.04474714398384094
Qwen_Qwen2.5-32B	delta	55	bring	pst	bring__pst	To convey, lead, carry, or cause to come along with one toward the place from wh	brung	brought	no_cond	3	0.2833353579044342
Qwen_Qwen2.5-32B	orig	56	bring	pst	bring__pst	To convey, lead, carry, or cause to come along with one toward the place from wh	brung	brought	no_cond	3	-0.0459623746573925
Qwen_Qwen2.5-32B	delta	56	bring	pst	bring__pst	To convey, lead, carry, or cause to come along with one toward the place from wh	brung	brought	no_cond	3	0.2775057256221771
Qwen_Qwen2.5-32B	orig	57	bring	pst	bring__pst	To convey, lead, carry, or cause to come along with one toward the place from wh	brung	brought	no_cond	3	-0.05241372808814049
Qwen_Qwen2.5-32B	delta	57	bring	pst	bring__pst	To convey, lead, carry, or cause to come along with one toward the place from wh	brung	brought	no_cond	3	0.27699264883995056
Qwen_Qwen2.5-32B	orig	58	bring	pst	bring__pst	To convey, lead, carry, or cause to come along with one toward the place from wh	brung	brought	no_cond	3	-0.06704843044281006
Qwen_Qwen2.5-32B	delta	58	bring	pst	bring__pst	To convey, lead, carry, or cause to come along with one toward the place from wh	brung	brought	no_cond	3	0.28045859932899475
Qwen_Qwen2.5-32B	orig	59	bring	pst	bring__pst	To convey, lead, carry, or cause to come along with one toward the place from wh	brung	brought	no_cond	3	-0.07865790277719498
Qwen_Qwen2.5-32B	delta	59	bring	pst	bring__pst	To convey, lead, carry, or cause to come along with one toward the place from wh	brung	brought	no_cond	3	0.27943775057792664
Qwen_Qwen2.5-32B	orig	60	bring	pst	bring__pst	To convey, lead, carry, or cause to come along with one toward the place from wh	brung	brought	no_cond	3	-0.10837867110967636
Qwen_Qwen2.5-32B	delta	60	bring	pst	bring__pst	To convey, lead, carry, or cause to come along with one toward the place from wh	brung	brought	no_cond	3	0.2930290400981903
Qwen_Qwen2.5-32B	orig	61	bring	pst	bring__pst	To convey, lead, carry, or cause to come along with one toward the place from wh	brung	brought	no_cond	3	-0.1235603466629982
Qwen_Qwen2.5-32B	delta	61	bring	pst	bring__pst	To convey, lead, carry, or cause to come along with one toward the place from wh	brung	brought	no_cond	3	0.30952325463294983
Qwen_Qwen2.5-32B	orig	62	bring	pst	bring__pst	To convey, lead, carry, or cause to come along with one toward the place from wh	brung	brought	no_cond	3	0.272335410118103
Qwen_Qwen2.5-32B	delta	62	bring	pst	bring__pst	To convey, lead, carry, or cause to come along with one toward the place from wh	brung	brought	no_cond	3	0.31751272082328796
Qwen_Qwen2.5-32B	orig	63	bring	pst	bring__pst	To convey, lead, carry, or cause to come along with one toward the place from wh	brung	brought	no_cond	3	0.2966274321079254
Qwen_Qwen2.5-32B	delta	63	bring	pst	bring__pst	To convey, lead, carry, or cause to come along with one toward the place from wh	brung	brought	no_cond	3	0.3373536765575409
Qwen_Qwen2.5-32B	orig	64	bring	pst	bring__pst	To convey, lead, carry, or cause to come along with one toward the place from wh	brung	brought	no_cond	3	0.3143000900745392
Qwen_Qwen2.5-32B	delta	64	bring	pst	bring__pst	To convey, lead, carry, or cause to come along with one toward the place from wh	brung	brought	no_cond	3	-0.07959914952516556
Qwen_Qwen2.5-32B	orig	0	bring	pst	bring__pst	"(Dialect) To escort. To accompany. ""May I bring you home?"""	brung	brought	prob	6	nan
Qwen_Qwen2.5-32B	delta	0	bring	pst	bring__pst	"(Dialect) To escort. To accompany. ""May I bring you home?"""	brung	brought	prob	6	nan
Qwen_Qwen2.5-32B	orig	1	bring	pst	bring__pst	"(Dialect) To escort. To accompany. ""May I bring you home?"""	brung	brought	prob	6	0.41564345359802246
Qwen_Qwen2.5-32B	delta	1	bring	pst	bring__pst	"(Dialect) To escort. To accompany. ""May I bring you home?"""	brung	brought	prob	6	0.23959381878376007
Qwen_Qwen2.5-32B	orig	2	bring	pst	bring__pst	"(Dialect) To escort. To accompany. ""May I bring you home?"""	brung	brought	prob	6	0.4086809456348419
Qwen_Qwen2.5-32B	delta	2	bring	pst	bring__pst	"(Dialect) To escort. To accompany. ""May I bring you home?"""	brung	brought	prob	6	0.31482478976249695
Qwen_Qwen2.5-32B	orig	3	bring	pst	bring__pst	"(Dialect) To escort. To accompany. ""May I bring you home?"""	brung	brought	prob	6	0.49247536063194275
Qwen_Qwen2.5-32B	delta	3	bring	pst	bring__pst	"(Dialect) To escort. To accompany. ""May I bring you home?"""	brung	brought	prob	6	0.327548086643219
Qwen_Qwen2.5-32B	orig	4	bring	pst	bring__pst	"(Dialect) To escort. To accompany. ""May I bring you home?"""	brung	brought	prob	6	0.4154283106327057
Qwen_Qwen2.5-32B	delta	4	bring	pst	bring__pst	"(Dialect) To escort. To accompany. ""May I bring you home?"""	brung	brought	prob	6	0.29977357387542725
Qwen_Qwen2.5-32B	orig	5	bring	pst	bring__pst	"(Dialect) To escort. To accompany. ""May I bring you home?"""	brung	brought	prob	6	0.484931081533432
Qwen_Qwen2.5-32B	delta	5	bring	pst	bring__pst	"(Dialect) To escort. To accompany. ""May I bring you home?"""	brung	brought	prob	6	0.35263559222221375
Qwen_Qwen2.5-32B	orig	6	bring	pst	bring__pst	"(Dialect) To escort. To accompany. ""May I bring you home?"""	brung	brought	prob	6	0.4135465919971466
Qwen_Qwen2.5-32B	delta	6	bring	pst	bring__pst	"(Dialect) To escort. To accompany. ""May I bring you home?"""	brung	brought	prob	6	0.331627756357193
Qwen_Qwen2.5-32B	orig	7	bring	pst	bring__pst	"(Dialect) To escort. To accompany. ""May I bring you home?"""	brung	brought	prob	6	0.3882727324962616
Qwen_Qwen2.5-32B	delta	7	bring	pst	bring__pst	"(Dialect) To escort. To accompany. ""May I bring you home?"""	brung	brought	prob	6	0.3105178773403168
Qwen_Qwen2.5-32B	orig	8	bring	pst	bring__pst	"(Dialect) To escort. To accompany. ""May I bring you home?"""	brung	brought	prob	6	0.3674660921096802
Qwen_Qwen2.5-32B	delta	8	bring	pst	bring__pst	"(Dialect) To escort. To accompany. ""May I bring you home?"""	brung	brought	prob	6	0.30959179997444153
Qwen_Qwen2.5-32B	orig	9	bring	pst	bring__pst	"(Dialect) To escort. To accompany. ""May I bring you home?"""	brung	brought	prob	6	0.29505136609077454
Qwen_Qwen2.5-32B	delta	9	bring	pst	bring__pst	"(Dialect) To escort. To accompany. ""May I bring you home?"""	brung	brought	prob	6	0.5117191076278687
Qwen_Qwen2.5-32B	orig	10	bring	pst	bring__pst	"(Dialect) To escort. To accompany. ""May I bring you home?"""	brung	brought	prob	6	0.1296040117740631
Qwen_Qwen2.5-32B	delta	10	bring	pst	bring__pst	"(Dialect) To escort. To accompany. ""May I bring you home?"""	brung	brought	prob	6	0.503322184085846
Qwen_Qwen2.5-32B	orig	11	bring	pst	bring__pst	"(Dialect) To escort. To accompany. ""May I bring you home?"""	brung	brought	prob	6	0.27625247836112976
Qwen_Qwen2.5-32B	delta	11	bring	pst	bring__pst	"(Dialect) To escort. To accompany. ""May I bring you home?"""	brung	brought	prob	6	0.5002840161323547
Qwen_Qwen2.5-32B	orig	12	bring	pst	bring__pst	"(Dialect) To escort. To accompany. ""May I bring you home?"""	brung	brought	prob	6	0.3115212023258209
Qwen_Qwen2.5-32B	delta	12	bring	pst	bring__pst	"(Dialect) To escort. To accompany. ""May I bring you home?"""	brung	brought	prob	6	0.5016987323760986
Qwen_Qwen2.5-32B	orig	13	bring	pst	bring__pst	"(Dialect) To escort. To accompany. ""May I bring you home?"""	brung	brought	prob	6	0.3136981427669525
Qwen_Qwen2.5-32B	delta	13	bring	pst	bring__pst	"(Dialect) To escort. To accompany. ""May I bring you home?"""	brung	brought	prob	6	0.5099640488624573
Qwen_Qwen2.5-32B	orig	14	bring	pst	bring__pst	"(Dialect) To escort. To accompany. ""May I bring you home?"""	brung	brought	prob	6	0.3157658278942108
Qwen_Qwen2.5-32B	delta	14	bring	pst	bring__pst	"(Dialect) To escort. To accompany. ""May I bring you home?"""	brung	brought	prob	6	0.4909900426864624
Qwen_Qwen2.5-32B	orig	15	bring	pst	bring__pst	"(Dialect) To escort. To accompany. ""May I bring you home?"""	brung	brought	prob	6	0.3081384003162384
Qwen_Qwen2.5-32B	delta	15	bring	pst	bring__pst	"(Dialect) To escort. To accompany. ""May I bring you home?"""	brung	brought	prob	6	0.4852421283721924
Qwen_Qwen2.5-32B	orig	16	bring	pst	bring__pst	"(Dialect) To escort. To accompany. ""May I bring you home?"""	brung	brought	prob	6	0.3068895637989044
Qwen_Qwen2.5-32B	delta	16	bring	pst	bring__pst	"(Dialect) To escort. To accompany. ""May I bring you home?"""	brung	brought	prob	6	0.4740687310695648
Qwen_Qwen2.5-32B	orig	17	bring	pst	bring__pst	"(Dialect) To escort. To accompany. ""May I bring you home?"""	brung	brought	prob	6	0.31138092279434204
Qwen_Qwen2.5-32B	delta	17	bring	pst	bring__pst	"(Dialect) To escort. To accompany. ""May I bring you home?"""	brung	brought	prob	6	0.45514872670173645
Qwen_Qwen2.5-32B	orig	18	bring	pst	bring__pst	"(Dialect) To escort. To accompany. ""May I bring you home?"""	brung	brought	prob	6	0.31022635102272034
Qwen_Qwen2.5-32B	delta	18	bring	pst	bring__pst	"(Dialect) To escort. To accompany. ""May I bring you home?"""	brung	brought	prob	6	0.4545181095600128
Qwen_Qwen2.5-32B	orig	19	bring	pst	bring__pst	"(Dialect) To escort. To accompany. ""May I bring you home?"""	brung	brought	prob	6	0.30177658796310425
Qwen_Qwen2.5-32B	delta	19	bring	pst	bring__pst	"(Dialect) To escort. To accompany. ""May I bring you home?"""	brung	brought	prob	6	0.4466201364994049
Qwen_Qwen2.5-32B	orig	20	bring	pst	bring__pst	"(Dialect) To escort. To accompany. ""May I bring you home?"""	brung	brought	prob	6	0.30218517780303955
Qwen_Qwen2.5-32B	delta	20	bring	pst	bring__pst	"(Dialect) To escort. To accompany. ""May I bring you home?"""	brung	brought	prob	6	0.4395570755004883
Qwen_Qwen2.5-32B	orig	21	bring	pst	bring__pst	"(Dialect) To escort. To accompany. ""May I bring you home?"""	brung	brought	prob	6	0.30483317375183105
Qwen_Qwen2.5-32B	delta	21	bring	pst	bring__pst	"(Dialect) To escort. To accompany. ""May I bring you home?"""	brung	brought	prob	6	0.43045639991760254
Qwen_Qwen2.5-32B	orig	22	bring	pst	bring__pst	"(Dialect) To escort. To accompany. ""May I bring you home?"""	brung	brought	prob	6	0.3016701638698578
Qwen_Qwen2.5-32B	delta	22	bring	pst	bring__pst	"(Dialect) To escort. To accompany. ""May I bring you home?"""	brung	brought	prob	6	0.42167380452156067
Qwen_Qwen2.5-32B	orig	23	bring	pst	bring__pst	"(Dialect) To escort. To accompany. ""May I bring you home?"""	brung	brought	prob	6	0.30135849118232727
Qwen_Qwen2.5-32B	delta	23	bring	pst	bring__pst	"(Dialect) To escort. To accompany. ""May I bring you home?"""	brung	brought	prob	6	0.403597354888916
Qwen_Qwen2.5-32B	orig	24	bring	pst	bring__pst	"(Dialect) To escort. To accompany. ""May I bring you home?"""	brung	brought	prob	6	0.29530224204063416
Qwen_Qwen2.5-32B	delta	24	bring	pst	bring__pst	"(Dialect) To escort. To accompany. ""May I bring you home?"""	brung	brought	prob	6	0.39474770426750183
Qwen_Qwen2.5-32B	orig	25	bring	pst	bring__pst	"(Dialect) To escort. To accompany. ""May I bring you home?"""	brung	brought	prob	6	0.2885526120662689
Qwen_Qwen2.5-32B	delta	25	bring	pst	bring__pst	"(Dialect) To escort. To accompany. ""May I bring you home?"""	brung	brought	prob	6	0.39648568630218506
Qwen_Qwen2.5-32B	orig	26	bring	pst	bring__pst	"(Dialect) To escort. To accompany. ""May I bring you home?"""	brung	brought	prob	6	0.2919662892818451
Qwen_Qwen2.5-32B	delta	26	bring	pst	bring__pst	"(Dialect) To escort. To accompany. ""May I bring you home?"""	brung	brought	prob	6	0.39407864212989807
Qwen_Qwen2.5-32B	orig	27	bring	pst	bring__pst	"(Dialect) To escort. To accompany. ""May I bring you home?"""	brung	brought	prob	6	0.291896790266037
Qwen_Qwen2.5-32B	delta	27	bring	pst	bring__pst	"(Dialect) To escort. To accompany. ""May I bring you home?"""	brung	brought	prob	6	0.38836565613746643
Qwen_Qwen2.5-32B	orig	28	bring	pst	bring__pst	"(Dialect) To escort. To accompany. ""May I bring you home?"""	brung	brought	prob	6	0.2928331792354584
Qwen_Qwen2.5-32B	delta	28	bring	pst	bring__pst	"(Dialect) To escort. To accompany. ""May I bring you home?"""	brung	brought	prob	6	0.3797791302204132
Qwen_Qwen2.5-32B	orig	29	bring	pst	bring__pst	"(Dialect) To escort. To accompany. ""May I bring you home?"""	brung	brought	prob	6	0.2915305197238922
Qwen_Qwen2.5-32B	delta	29	bring	pst	bring__pst	"(Dialect) To escort. To accompany. ""May I bring you home?"""	brung	brought	prob	6	0.3699726164340973
Qwen_Qwen2.5-32B	orig	30	bring	pst	bring__pst	"(Dialect) To escort. To accompany. ""May I bring you home?"""	brung	brought	prob	6	0.29599979519844055
Qwen_Qwen2.5-32B	delta	30	bring	pst	bring__pst	"(Dialect) To escort. To accompany. ""May I bring you home?"""	brung	brought	prob	6	0.3677375018596649
Qwen_Qwen2.5-32B	orig	31	bring	pst	bring__pst	"(Dialect) To escort. To accompany. ""May I bring you home?"""	brung	brought	prob	6	0.29727479815483093
Qwen_Qwen2.5-32B	delta	31	bring	pst	bring__pst	"(Dialect) To escort. To accompany. ""May I bring you home?"""	brung	brought	prob	6	0.36471834778785706
Qwen_Qwen2.5-32B	orig	32	bring	pst	bring__pst	"(Dialect) To escort. To accompany. ""May I bring you home?"""	brung	brought	prob	6	0.30537572503089905
Qwen_Qwen2.5-32B	delta	32	bring	pst	bring__pst	"(Dialect) To escort. To accompany. ""May I bring you home?"""	brung	brought	prob	6	0.3656516373157501
Qwen_Qwen2.5-32B	orig	33	bring	pst	bring__pst	"(Dialect) To escort. To accompany. ""May I bring you home?"""	brung	brought	prob	6	0.3045766055583954
Qwen_Qwen2.5-32B	delta	33	bring	pst	bring__pst	"(Dialect) To escort. To accompany. ""May I bring you home?"""	brung	brought	prob	6	0.37096497416496277
Qwen_Qwen2.5-32B	orig	34	bring	pst	bring__pst	"(Dialect) To escort. To accompany. ""May I bring you home?"""	brung	brought	prob	6	0.2949446737766266
Qwen_Qwen2.5-32B	delta	34	bring	pst	bring__pst	"(Dialect) To escort. To accompany. ""May I bring you home?"""	brung	brought	prob	6	0.380148321390152
Qwen_Qwen2.5-32B	orig	35	bring	pst	bring__pst	"(Dialect) To escort. To accompany. ""May I bring you home?"""	brung	brought	prob	6	0.2892702519893646
Qwen_Qwen2.5-32B	delta	35	bring	pst	bring__pst	"(Dialect) To escort. To accompany. ""May I bring you home?"""	brung	brought	prob	6	0.3742232620716095
Qwen_Qwen2.5-32B	orig	36	bring	pst	bring__pst	"(Dialect) To escort. To accompany. ""May I bring you home?"""	brung	brought	prob	6	0.28294655680656433
Qwen_Qwen2.5-32B	delta	36	bring	pst	bring__pst	"(Dialect) To escort. To accompany. ""May I bring you home?"""	brung	brought	prob	6	0.3806074559688568
Qwen_Qwen2.5-32B	orig	37	bring	pst	bring__pst	"(Dialect) To escort. To accompany. ""May I bring you home?"""	brung	brought	prob	6	0.26550066471099854
Qwen_Qwen2.5-32B	delta	37	bring	pst	bring__pst	"(Dialect) To escort. To accompany. ""May I bring you home?"""	brung	brought	prob	6	0.39153924584388733
Qwen_Qwen2.5-32B	orig	38	bring	pst	bring__pst	"(Dialect) To escort. To accompany. ""May I bring you home?"""	brung	brought	prob	6	0.24870361387729645
Qwen_Qwen2.5-32B	delta	38	bring	pst	bring__pst	"(Dialect) To escort. To accompany. ""May I bring you home?"""	brung	brought	prob	6	0.3870777189731598
Qwen_Qwen2.5-32B	orig	39	bring	pst	bring__pst	"(Dialect) To escort. To accompany. ""May I bring you home?"""	brung	brought	prob	6	0.24919234216213226
Qwen_Qwen2.5-32B	delta	39	bring	pst	bring__pst	"(Dialect) To escort. To accompany. ""May I bring you home?"""	brung	brought	prob	6	0.3787994384765625
Qwen_Qwen2.5-32B	orig	40	bring	pst	bring__pst	"(Dialect) To escort. To accompany. ""May I bring you home?"""	brung	brought	prob	6	0.24081534147262573
Qwen_Qwen2.5-32B	delta	40	bring	pst	bring__pst	"(Dialect) To escort. To accompany. ""May I bring you home?"""	brung	brought	prob	6	0.3778102695941925
Qwen_Qwen2.5-32B	orig	41	bring	pst	bring__pst	"(Dialect) To escort. To accompany. ""May I bring you home?"""	brung	brought	prob	6	0.23757940530776978
Qwen_Qwen2.5-32B	delta	41	bring	pst	bring__pst	"(Dialect) To escort. To accompany. ""May I bring you home?"""	brung	brought	prob	6	0.38000157475471497
Qwen_Qwen2.5-32B	orig	42	bring	pst	bring__pst	"(Dialect) To escort. To accompany. ""May I bring you home?"""	brung	brought	prob	6	0.23417805135250092
Qwen_Qwen2.5-32B	delta	42	bring	pst	bring__pst	"(Dialect) To escort. To accompany. ""May I bring you home?"""	brung	brought	prob	6	0.3858766555786133
Qwen_Qwen2.5-32B	orig	43	bring	pst	bring__pst	"(Dialect) To escort. To accompany. ""May I bring you home?"""	brung	brought	prob	6	0.23318682610988617
Qwen_Qwen2.5-32B	delta	43	bring	pst	bring__pst	"(Dialect) To escort. To accompany. ""May I bring you home?"""	brung	brought	prob	6	0.38754698634147644
Qwen_Qwen2.5-32B	orig	44	bring	pst	bring__pst	"(Dialect) To escort. To accompany. ""May I bring you home?"""	brung	brought	prob	6	0.24206560850143433
Qwen_Qwen2.5-32B	delta	44	bring	pst	bring__pst	"(Dialect) To escort. To accompany. ""May I bring you home?"""	brung	brought	prob	6	0.38646745681762695
Qwen_Qwen2.5-32B	orig	45	bring	pst	bring__pst	"(Dialect) To escort. To accompany. ""May I bring you home?"""	brung	brought	prob	6	0.24286134541034698
Qwen_Qwen2.5-32B	delta	45	bring	pst	bring__pst	"(Dialect) To escort. To accompany. ""May I bring you home?"""	brung	brought	prob	6	0.39411816000938416
Qwen_Qwen2.5-32B	orig	46	bring	pst	bring__pst	"(Dialect) To escort. To accompany. ""May I bring you home?"""	brung	brought	prob	6	0.2518414258956909
Qwen_Qwen2.5-32B	delta	46	bring	pst	bring__pst	"(Dialect) To escort. To accompany. ""May I bring you home?"""	brung	brought	prob	6	0.4082533121109009
Qwen_Qwen2.5-32B	orig	47	bring	pst	bring__pst	"(Dialect) To escort. To accompany. ""May I bring you home?"""	brung	brought	prob	6	0.26480212807655334
Qwen_Qwen2.5-32B	delta	47	bring	pst	bring__pst	"(Dialect) To escort. To accompany. ""May I bring you home?"""	brung	brought	prob	6	0.4116096496582031
Qwen_Qwen2.5-32B	orig	48	bring	pst	bring__pst	"(Dialect) To escort. To accompany. ""May I bring you home?"""	brung	brought	prob	6	0.27912113070487976
Qwen_Qwen2.5-32B	delta	48	bring	pst	bring__pst	"(Dialect) To escort. To accompany. ""May I bring you home?"""	brung	brought	prob	6	0.4063078463077545
Qwen_Qwen2.5-32B	orig	49	bring	pst	bring__pst	"(Dialect) To escort. To accompany. ""May I bring you home?"""	brung	brought	prob	6	0.26953959465026855
Qwen_Qwen2.5-32B	delta	49	bring	pst	bring__pst	"(Dialect) To escort. To accompany. ""May I bring you home?"""	brung	brought	prob	6	0.41386911273002625
Qwen_Qwen2.5-32B	orig	50	bring	pst	bring__pst	"(Dialect) To escort. To accompany. ""May I bring you home?"""	brung	brought	prob	6	0.2778434753417969
Qwen_Qwen2.5-32B	delta	50	bring	pst	bring__pst	"(Dialect) To escort. To accompany. ""May I bring you home?"""	brung	brought	prob	6	0.4054039418697357
Qwen_Qwen2.5-32B	orig	51	bring	pst	bring__pst	"(Dialect) To escort. To accompany. ""May I bring you home?"""	brung	brought	prob	6	0.2769264876842499
Qwen_Qwen2.5-32B	delta	51	bring	pst	bring__pst	"(Dialect) To escort. To accompany. ""May I bring you home?"""	brung	brought	prob	6	0.39289650321006775
Qwen_Qwen2.5-32B	orig	52	bring	pst	bring__pst	"(Dialect) To escort. To accompany. ""May I bring you home?"""	brung	brought	prob	6	0.26849713921546936
Qwen_Qwen2.5-32B	delta	52	bring	pst	bring__pst	"(Dialect) To escort. To accompany. ""May I bring you home?"""	brung	brought	prob	6	0.3958539068698883
Qwen_Qwen2.5-32B	orig	53	bring	pst	bring__pst	"(Dialect) To escort. To accompany. ""May I bring you home?"""	brung	brought	prob	6	0.26454585790634155
Qwen_Qwen2.5-32B	delta	53	bring	pst	bring__pst	"(Dialect) To escort. To accompany. ""May I bring you home?"""	brung	brought	prob	6	0.3935297727584839
Qwen_Qwen2.5-32B	orig	54	bring	pst	bring__pst	"(Dialect) To escort. To accompany. ""May I bring you home?"""	brung	brought	prob	6	0.25660309195518494
Qwen_Qwen2.5-32B	delta	54	bring	pst	bring__pst	"(Dialect) To escort. To accompany. ""May I bring you home?"""	brung	brought	prob	6	0.3909875452518463
Qwen_Qwen2.5-32B	orig	55	bring	pst	bring__pst	"(Dialect) To escort. To accompany. ""May I bring you home?"""	brung	brought	prob	6	0.24621759355068207
Qwen_Qwen2.5-32B	delta	55	bring	pst	bring__pst	"(Dialect) To escort. To accompany. ""May I bring you home?"""	brung	brought	prob	6	0.39100953936576843
Qwen_Qwen2.5-32B	orig	56	bring	pst	bring__pst	"(Dialect) To escort. To accompany. ""May I bring you home?"""	brung	brought	prob	6	0.2435038685798645
Qwen_Qwen2.5-32B	delta	56	bring	pst	bring__pst	"(Dialect) To escort. To accompany. ""May I bring you home?"""	brung	brought	prob	6	0.38943275809288025
Qwen_Qwen2.5-32B	orig	57	bring	pst	bring__pst	"(Dialect) To escort. To accompany. ""May I bring you home?"""	brung	brought	prob	6	0.24521911144256592
Qwen_Qwen2.5-32B	delta	57	bring	pst	bring__pst	"(Dialect) To escort. To accompany. ""May I bring you home?"""	brung	brought	prob	6	0.3807496130466461
Qwen_Qwen2.5-32B	orig	58	bring	pst	bring__pst	"(Dialect) To escort. To accompany. ""May I bring you home?"""	brung	brought	prob	6	0.24484215676784515
Qwen_Qwen2.5-32B	delta	58	bring	pst	bring__pst	"(Dialect) To escort. To accompany. ""May I bring you home?"""	brung	brought	prob	6	0.3749687969684601
Qwen_Qwen2.5-32B	orig	59	bring	pst	bring__pst	"(Dialect) To escort. To accompany. ""May I bring you home?"""	brung	brought	prob	6	0.24280349910259247
Qwen_Qwen2.5-32B	delta	59	bring	pst	bring__pst	"(Dialect) To escort. To accompany. ""May I bring you home?"""	brung	brought	prob	6	0.37065279483795166
Qwen_Qwen2.5-32B	orig	60	bring	pst	bring__pst	"(Dialect) To escort. To accompany. ""May I bring you home?"""	brung	brought	prob	6	0.2417430430650711
Qwen_Qwen2.5-32B	delta	60	bring	pst	bring__pst	"(Dialect) To escort. To accompany. ""May I bring you home?"""	brung	brought	prob	6	0.37395504117012024
Qwen_Qwen2.5-32B	orig	61	bring	pst	bring__pst	"(Dialect) To escort. To accompany. ""May I bring you home?"""	brung	brought	prob	6	0.24810315668582916
Qwen_Qwen2.5-32B	delta	61	bring	pst	bring__pst	"(Dialect) To escort. To accompany. ""May I bring you home?"""	brung	brought	prob	6	0.34724918007850647
Qwen_Qwen2.5-32B	orig	62	bring	pst	bring__pst	"(Dialect) To escort. To accompany. ""May I bring you home?"""	brung	brought	prob	6	0.24458016455173492
Qwen_Qwen2.5-32B	delta	62	bring	pst	bring__pst	"(Dialect) To escort. To accompany. ""May I bring you home?"""	brung	brought	prob	6	0.36346232891082764
Qwen_Qwen2.5-32B	orig	63	bring	pst	bring__pst	"(Dialect) To escort. To accompany. ""May I bring you home?"""	brung	brought	prob	6	0.24339880049228668
Qwen_Qwen2.5-32B	delta	63	bring	pst	bring__pst	"(Dialect) To escort. To accompany. ""May I bring you home?"""	brung	brought	prob	6	0.3840908706188202
Qwen_Qwen2.5-32B	orig	64	bring	pst	bring__pst	"(Dialect) To escort. To accompany. ""May I bring you home?"""	brung	brought	prob	6	0.3992263972759247
Qwen_Qwen2.5-32B	delta	64	bring	pst	bring__pst	"(Dialect) To escort. To accompany. ""May I bring you home?"""	brung	brought	prob	6	0.36173132061958313
Qwen_Qwen2.5-32B	orig	0	burn	ppt	burn__ppt	"To cause to undergo combustion. Especially, to destroy by fire. ""burned the tras"	burnt	burned	no_cond	3	0.6666666865348816
Qwen_Qwen2.5-32B	delta	0	burn	ppt	burn__ppt	"To cause to undergo combustion. Especially, to destroy by fire. ""burned the tras"	burnt	burned	no_cond	3	0.6666666865348816
Qwen_Qwen2.5-32B	orig	1	burn	ppt	burn__ppt	"To cause to undergo combustion. Especially, to destroy by fire. ""burned the tras"	burnt	burned	no_cond	3	0.43768230080604553
Qwen_Qwen2.5-32B	delta	1	burn	ppt	burn__ppt	"To cause to undergo combustion. Especially, to destroy by fire. ""burned the tras"	burnt	burned	no_cond	3	-0.06735250353813171
Qwen_Qwen2.5-32B	orig	2	burn	ppt	burn__ppt	"To cause to undergo combustion. Especially, to destroy by fire. ""burned the tras"	burnt	burned	no_cond	3	0.4485439360141754
Qwen_Qwen2.5-32B	delta	2	burn	ppt	burn__ppt	"To cause to undergo combustion. Especially, to destroy by fire. ""burned the tras"	burnt	burned	no_cond	3	-0.07598473876714706
Qwen_Qwen2.5-32B	orig	3	burn	ppt	burn__ppt	"To cause to undergo combustion. Especially, to destroy by fire. ""burned the tras"	burnt	burned	no_cond	3	0.44449353218078613
Qwen_Qwen2.5-32B	delta	3	burn	ppt	burn__ppt	"To cause to undergo combustion. Especially, to destroy by fire. ""burned the tras"	burnt	burned	no_cond	3	-0.05669667199254036
Qwen_Qwen2.5-32B	orig	4	burn	ppt	burn__ppt	"To cause to undergo combustion. Especially, to destroy by fire. ""burned the tras"	burnt	burned	no_cond	3	0.42064929008483887
Qwen_Qwen2.5-32B	delta	4	burn	ppt	burn__ppt	"To cause to undergo combustion. Especially, to destroy by fire. ""burned the tras"	burnt	burned	no_cond	3	0.020791128277778625
Qwen_Qwen2.5-32B	orig	5	burn	ppt	burn__ppt	"To cause to undergo combustion. Especially, to destroy by fire. ""burned the tras"	burnt	burned	no_cond	3	0.4350263178348541
Qwen_Qwen2.5-32B	delta	5	burn	ppt	burn__ppt	"To cause to undergo combustion. Especially, to destroy by fire. ""burned the tras"	burnt	burned	no_cond	3	0.08673978596925735
Qwen_Qwen2.5-32B	orig	6	burn	ppt	burn__ppt	"To cause to undergo combustion. Especially, to destroy by fire. ""burned the tras"	burnt	burned	no_cond	3	0.39865121245384216
Qwen_Qwen2.5-32B	delta	6	burn	ppt	burn__ppt	"To cause to undergo combustion. Especially, to destroy by fire. ""burned the tras"	burnt	burned	no_cond	3	0.1189606785774231
Qwen_Qwen2.5-32B	orig	7	burn	ppt	burn__ppt	"To cause to undergo combustion. Especially, to destroy by fire. ""burned the tras"	burnt	burned	no_cond	3	0.41299280524253845
Qwen_Qwen2.5-32B	delta	7	burn	ppt	burn__ppt	"To cause to undergo combustion. Especially, to destroy by fire. ""burned the tras"	burnt	burned	no_cond	3	0.16117537021636963
Qwen_Qwen2.5-32B	orig	8	burn	ppt	burn__ppt	"To cause to undergo combustion. Especially, to destroy by fire. ""burned the tras"	burnt	burned	no_cond	3	0.3959462344646454
Qwen_Qwen2.5-32B	delta	8	burn	ppt	burn__ppt	"To cause to undergo combustion. Especially, to destroy by fire. ""burned the tras"	burnt	burned	no_cond	3	0.17123334109783173
Qwen_Qwen2.5-32B	orig	9	burn	ppt	burn__ppt	"To cause to undergo combustion. Especially, to destroy by fire. ""burned the tras"	burnt	burned	no_cond	3	0.38476088643074036
Qwen_Qwen2.5-32B	delta	9	burn	ppt	burn__ppt	"To cause to undergo combustion. Especially, to destroy by fire. ""burned the tras"	burnt	burned	no_cond	3	0.1759052276611328
Qwen_Qwen2.5-32B	orig	10	burn	ppt	burn__ppt	"To cause to undergo combustion. Especially, to destroy by fire. ""burned the tras"	burnt	burned	no_cond	3	0.37752413749694824
Qwen_Qwen2.5-32B	delta	10	burn	ppt	burn__ppt	"To cause to undergo combustion. Especially, to destroy by fire. ""burned the tras"	burnt	burned	no_cond	3	0.16842877864837646
Qwen_Qwen2.5-32B	orig	11	burn	ppt	burn__ppt	"To cause to undergo combustion. Especially, to destroy by fire. ""burned the tras"	burnt	burned	no_cond	3	0.3534802496433258
Qwen_Qwen2.5-32B	delta	11	burn	ppt	burn__ppt	"To cause to undergo combustion. Especially, to destroy by fire. ""burned the tras"	burnt	burned	no_cond	3	0.17562027275562286
Qwen_Qwen2.5-32B	orig	12	burn	ppt	burn__ppt	"To cause to undergo combustion. Especially, to destroy by fire. ""burned the tras"	burnt	burned	no_cond	3	0.3515302240848541
Qwen_Qwen2.5-32B	delta	12	burn	ppt	burn__ppt	"To cause to undergo combustion. Especially, to destroy by fire. ""burned the tras"	burnt	burned	no_cond	3	0.17368292808532715
Qwen_Qwen2.5-32B	orig	13	burn	ppt	burn__ppt	"To cause to undergo combustion. Especially, to destroy by fire. ""burned the tras"	burnt	burned	no_cond	3	0.342397540807724
Qwen_Qwen2.5-32B	delta	13	burn	ppt	burn__ppt	"To cause to undergo combustion. Especially, to destroy by fire. ""burned the tras"	burnt	burned	no_cond	3	0.18827663362026215
Qwen_Qwen2.5-32B	orig	14	burn	ppt	burn__ppt	"To cause to undergo combustion. Especially, to destroy by fire. ""burned the tras"	burnt	burned	no_cond	3	0.33268120884895325
Qwen_Qwen2.5-32B	delta	14	burn	ppt	burn__ppt	"To cause to undergo combustion. Especially, to destroy by fire. ""burned the tras"	burnt	burned	no_cond	3	0.20307278633117676
Qwen_Qwen2.5-32B	orig	15	burn	ppt	burn__ppt	"To cause to undergo combustion. Especially, to destroy by fire. ""burned the tras"	burnt	burned	no_cond	3	0.3105919659137726
Qwen_Qwen2.5-32B	delta	15	burn	ppt	burn__ppt	"To cause to undergo combustion. Especially, to destroy by fire. ""burned the tras"	burnt	burned	no_cond	3	0.18227499723434448
Qwen_Qwen2.5-32B	orig	16	burn	ppt	burn__ppt	"To cause to undergo combustion. Especially, to destroy by fire. ""burned the tras"	burnt	burned	no_cond	3	0.29343968629837036
Qwen_Qwen2.5-32B	delta	16	burn	ppt	burn__ppt	"To cause to undergo combustion. Especially, to destroy by fire. ""burned the tras"	burnt	burned	no_cond	3	0.19780124723911285
Qwen_Qwen2.5-32B	orig	17	burn	ppt	burn__ppt	"To cause to undergo combustion. Especially, to destroy by fire. ""burned the tras"	burnt	burned	no_cond	3	0.28647005558013916
Qwen_Qwen2.5-32B	delta	17	burn	ppt	burn__ppt	"To cause to undergo combustion. Especially, to destroy by fire. ""burned the tras"	burnt	burned	no_cond	3	0.17980791628360748
Qwen_Qwen2.5-32B	orig	18	burn	ppt	burn__ppt	"To cause to undergo combustion. Especially, to destroy by fire. ""burned the tras"	burnt	burned	no_cond	3	0.284585565328598
Qwen_Qwen2.5-32B	delta	18	burn	ppt	burn__ppt	"To cause to undergo combustion. Especially, to destroy by fire. ""burned the tras"	burnt	burned	no_cond	3	0.17041760683059692
Qwen_Qwen2.5-32B	orig	19	burn	ppt	burn__ppt	"To cause to undergo combustion. Especially, to destroy by fire. ""burned the tras"	burnt	burned	no_cond	3	0.26912668347358704
Qwen_Qwen2.5-32B	delta	19	burn	ppt	burn__ppt	"To cause to undergo combustion. Especially, to destroy by fire. ""burned the tras"	burnt	burned	no_cond	3	0.1520777940750122
Qwen_Qwen2.5-32B	orig	20	burn	ppt	burn__ppt	"To cause to undergo combustion. Especially, to destroy by fire. ""burned the tras"	burnt	burned	no_cond	3	0.2536523640155792
Qwen_Qwen2.5-32B	delta	20	burn	ppt	burn__ppt	"To cause to undergo combustion. Especially, to destroy by fire. ""burned the tras"	burnt	burned	no_cond	3	0.13465522229671478
Qwen_Qwen2.5-32B	orig	21	burn	ppt	burn__ppt	"To cause to undergo combustion. Especially, to destroy by fire. ""burned the tras"	burnt	burned	no_cond	3	0.23600976169109344
Qwen_Qwen2.5-32B	delta	21	burn	ppt	burn__ppt	"To cause to undergo combustion. Especially, to destroy by fire. ""burned the tras"	burnt	burned	no_cond	3	0.12865887582302094
Qwen_Qwen2.5-32B	orig	22	burn	ppt	burn__ppt	"To cause to undergo combustion. Especially, to destroy by fire. ""burned the tras"	burnt	burned	no_cond	3	0.23566240072250366
Qwen_Qwen2.5-32B	delta	22	burn	ppt	burn__ppt	"To cause to undergo combustion. Especially, to destroy by fire. ""burned the tras"	burnt	burned	no_cond	3	0.13217909634113312
Qwen_Qwen2.5-32B	orig	23	burn	ppt	burn__ppt	"To cause to undergo combustion. Especially, to destroy by fire. ""burned the tras"	burnt	burned	no_cond	3	-0.06137998402118683
Qwen_Qwen2.5-32B	delta	23	burn	ppt	burn__ppt	"To cause to undergo combustion. Especially, to destroy by fire. ""burned the tras"	burnt	burned	no_cond	3	0.14052069187164307
Qwen_Qwen2.5-32B	orig	24	burn	ppt	burn__ppt	"To cause to undergo combustion. Especially, to destroy by fire. ""burned the tras"	burnt	burned	no_cond	3	-0.04746447131037712
Qwen_Qwen2.5-32B	delta	24	burn	ppt	burn__ppt	"To cause to undergo combustion. Especially, to destroy by fire. ""burned the tras"	burnt	burned	no_cond	3	0.1709514856338501
Qwen_Qwen2.5-32B	orig	25	burn	ppt	burn__ppt	"To cause to undergo combustion. Especially, to destroy by fire. ""burned the tras"	burnt	burned	no_cond	3	-0.04084011912345886
Qwen_Qwen2.5-32B	delta	25	burn	ppt	burn__ppt	"To cause to undergo combustion. Especially, to destroy by fire. ""burned the tras"	burnt	burned	no_cond	3	0.17524069547653198
Qwen_Qwen2.5-32B	orig	26	burn	ppt	burn__ppt	"To cause to undergo combustion. Especially, to destroy by fire. ""burned the tras"	burnt	burned	no_cond	3	-0.0473492294549942
Qwen_Qwen2.5-32B	delta	26	burn	ppt	burn__ppt	"To cause to undergo combustion. Especially, to destroy by fire. ""burned the tras"	burnt	burned	no_cond	3	0.16542966663837433
Qwen_Qwen2.5-32B	orig	27	burn	ppt	burn__ppt	"To cause to undergo combustion. Especially, to destroy by fire. ""burned the tras"	burnt	burned	no_cond	3	-0.04692119359970093
Qwen_Qwen2.5-32B	delta	27	burn	ppt	burn__ppt	"To cause to undergo combustion. Especially, to destroy by fire. ""burned the tras"	burnt	burned	no_cond	3	0.17093227803707123
Qwen_Qwen2.5-32B	orig	28	burn	ppt	burn__ppt	"To cause to undergo combustion. Especially, to destroy by fire. ""burned the tras"	burnt	burned	no_cond	3	-0.046469587832689285
Qwen_Qwen2.5-32B	delta	28	burn	ppt	burn__ppt	"To cause to undergo combustion. Especially, to destroy by fire. ""burned the tras"	burnt	burned	no_cond	3	0.16717161238193512
Qwen_Qwen2.5-32B	orig	29	burn	ppt	burn__ppt	"To cause to undergo combustion. Especially, to destroy by fire. ""burned the tras"	burnt	burned	no_cond	3	-0.050330061465501785
Qwen_Qwen2.5-32B	delta	29	burn	ppt	burn__ppt	"To cause to undergo combustion. Especially, to destroy by fire. ""burned the tras"	burnt	burned	no_cond	3	0.151412233710289
Qwen_Qwen2.5-32B	orig	30	burn	ppt	burn__ppt	"To cause to undergo combustion. Especially, to destroy by fire. ""burned the tras"	burnt	burned	no_cond	3	-0.05162912607192993
Qwen_Qwen2.5-32B	delta	30	burn	ppt	burn__ppt	"To cause to undergo combustion. Especially, to destroy by fire. ""burned the tras"	burnt	burned	no_cond	3	0.14128990471363068
Qwen_Qwen2.5-32B	orig	31	burn	ppt	burn__ppt	"To cause to undergo combustion. Especially, to destroy by fire. ""burned the tras"	burnt	burned	no_cond	3	-0.06086670234799385
Qwen_Qwen2.5-32B	delta	31	burn	ppt	burn__ppt	"To cause to undergo combustion. Especially, to destroy by fire. ""burned the tras"	burnt	burned	no_cond	3	0.13581113517284393
Qwen_Qwen2.5-32B	orig	32	burn	ppt	burn__ppt	"To cause to undergo combustion. Especially, to destroy by fire. ""burned the tras"	burnt	burned	no_cond	3	-0.0734344869852066
Qwen_Qwen2.5-32B	delta	32	burn	ppt	burn__ppt	"To cause to undergo combustion. Especially, to destroy by fire. ""burned the tras"	burnt	burned	no_cond	3	0.13241539895534515
Qwen_Qwen2.5-32B	orig	33	burn	ppt	burn__ppt	"To cause to undergo combustion. Especially, to destroy by fire. ""burned the tras"	burnt	burned	no_cond	3	-0.08014010637998581
Qwen_Qwen2.5-32B	delta	33	burn	ppt	burn__ppt	"To cause to undergo combustion. Especially, to destroy by fire. ""burned the tras"	burnt	burned	no_cond	3	0.12053623050451279
Qwen_Qwen2.5-32B	orig	34	burn	ppt	burn__ppt	"To cause to undergo combustion. Especially, to destroy by fire. ""burned the tras"	burnt	burned	no_cond	3	-0.08929964900016785
Qwen_Qwen2.5-32B	delta	34	burn	ppt	burn__ppt	"To cause to undergo combustion. Especially, to destroy by fire. ""burned the tras"	burnt	burned	no_cond	3	0.11824974417686462
Qwen_Qwen2.5-32B	orig	35	burn	ppt	burn__ppt	"To cause to undergo combustion. Especially, to destroy by fire. ""burned the tras"	burnt	burned	no_cond	3	0.25618740916252136
Qwen_Qwen2.5-32B	delta	35	burn	ppt	burn__ppt	"To cause to undergo combustion. Especially, to destroy by fire. ""burned the tras"	burnt	burned	no_cond	3	0.11507117748260498
Qwen_Qwen2.5-32B	orig	36	burn	ppt	burn__ppt	"To cause to undergo combustion. Especially, to destroy by fire. ""burned the tras"	burnt	burned	no_cond	3	0.2551006078720093
Qwen_Qwen2.5-32B	delta	36	burn	ppt	burn__ppt	"To cause to undergo combustion. Especially, to destroy by fire. ""burned the tras"	burnt	burned	no_cond	3	0.12267983704805374
Qwen_Qwen2.5-32B	orig	37	burn	ppt	burn__ppt	"To cause to undergo combustion. Especially, to destroy by fire. ""burned the tras"	burnt	burned	no_cond	3	-0.10964599996805191
Qwen_Qwen2.5-32B	delta	37	burn	ppt	burn__ppt	"To cause to undergo combustion. Especially, to destroy by fire. ""burned the tras"	burnt	burned	no_cond	3	0.12789729237556458
Qwen_Qwen2.5-32B	orig	38	burn	ppt	burn__ppt	"To cause to undergo combustion. Especially, to destroy by fire. ""burned the tras"	burnt	burned	no_cond	3	0.25787559151649475
Qwen_Qwen2.5-32B	delta	38	burn	ppt	burn__ppt	"To cause to undergo combustion. Especially, to destroy by fire. ""burned the tras"	burnt	burned	no_cond	3	0.13327771425247192
Qwen_Qwen2.5-32B	orig	39	burn	ppt	burn__ppt	"To cause to undergo combustion. Especially, to destroy by fire. ""burned the tras"	burnt	burned	no_cond	3	0.26347723603248596
Qwen_Qwen2.5-32B	delta	39	burn	ppt	burn__ppt	"To cause to undergo combustion. Especially, to destroy by fire. ""burned the tras"	burnt	burned	no_cond	3	0.1303015500307083
Qwen_Qwen2.5-32B	orig	40	burn	ppt	burn__ppt	"To cause to undergo combustion. Especially, to destroy by fire. ""burned the tras"	burnt	burned	no_cond	3	0.25462254881858826
Qwen_Qwen2.5-32B	delta	40	burn	ppt	burn__ppt	"To cause to undergo combustion. Especially, to destroy by fire. ""burned the tras"	burnt	burned	no_cond	3	0.12652401626110077
Qwen_Qwen2.5-32B	orig	41	burn	ppt	burn__ppt	"To cause to undergo combustion. Especially, to destroy by fire. ""burned the tras"	burnt	burned	no_cond	3	0.25143489241600037
Qwen_Qwen2.5-32B	delta	41	burn	ppt	burn__ppt	"To cause to undergo combustion. Especially, to destroy by fire. ""burned the tras"	burnt	burned	no_cond	3	0.11627957224845886
Qwen_Qwen2.5-32B	orig	42	burn	ppt	burn__ppt	"To cause to undergo combustion. Especially, to destroy by fire. ""burned the tras"	burnt	burned	no_cond	3	0.2548425495624542
Qwen_Qwen2.5-32B	delta	42	burn	ppt	burn__ppt	"To cause to undergo combustion. Especially, to destroy by fire. ""burned the tras"	burnt	burned	no_cond	3	0.11546900123357773
Qwen_Qwen2.5-32B	orig	43	burn	ppt	burn__ppt	"To cause to undergo combustion. Especially, to destroy by fire. ""burned the tras"	burnt	burned	no_cond	3	-0.0986236110329628
Qwen_Qwen2.5-32B	delta	43	burn	ppt	burn__ppt	"To cause to undergo combustion. Especially, to destroy by fire. ""burned the tras"	burnt	burned	no_cond	3	0.11744918674230576
Qwen_Qwen2.5-32B	orig	44	burn	ppt	burn__ppt	"To cause to undergo combustion. Especially, to destroy by fire. ""burned the tras"	burnt	burned	no_cond	3	-0.1053084135055542
Qwen_Qwen2.5-32B	delta	44	burn	ppt	burn__ppt	"To cause to undergo combustion. Especially, to destroy by fire. ""burned the tras"	burnt	burned	no_cond	3	0.1119871735572815
Qwen_Qwen2.5-32B	orig	45	burn	ppt	burn__ppt	"To cause to undergo combustion. Especially, to destroy by fire. ""burned the tras"	burnt	burned	no_cond	3	0.25692903995513916
Qwen_Qwen2.5-32B	delta	45	burn	ppt	burn__ppt	"To cause to undergo combustion. Especially, to destroy by fire. ""burned the tras"	burnt	burned	no_cond	3	0.11830482631921768
Qwen_Qwen2.5-32B	orig	46	burn	ppt	burn__ppt	"To cause to undergo combustion. Especially, to destroy by fire. ""burned the tras"	burnt	burned	no_cond	3	0.26387372612953186
Qwen_Qwen2.5-32B	delta	46	burn	ppt	burn__ppt	"To cause to undergo combustion. Especially, to destroy by fire. ""burned the tras"	burnt	burned	no_cond	3	0.11603695899248123
Qwen_Qwen2.5-32B	orig	47	burn	ppt	burn__ppt	"To cause to undergo combustion. Especially, to destroy by fire. ""burned the tras"	burnt	burned	no_cond	3	0.26188579201698303
Qwen_Qwen2.5-32B	delta	47	burn	ppt	burn__ppt	"To cause to undergo combustion. Especially, to destroy by fire. ""burned the tras"	burnt	burned	no_cond	3	0.11314154416322708
Qwen_Qwen2.5-32B	orig	48	burn	ppt	burn__ppt	"To cause to undergo combustion. Especially, to destroy by fire. ""burned the tras"	burnt	burned	no_cond	3	0.26161226630210876
Qwen_Qwen2.5-32B	delta	48	burn	ppt	burn__ppt	"To cause to undergo combustion. Especially, to destroy by fire. ""burned the tras"	burnt	burned	no_cond	3	0.12060783058404922
Qwen_Qwen2.5-32B	orig	49	burn	ppt	burn__ppt	"To cause to undergo combustion. Especially, to destroy by fire. ""burned the tras"	burnt	burned	no_cond	3	0.26155123114585876
Qwen_Qwen2.5-32B	delta	49	burn	ppt	burn__ppt	"To cause to undergo combustion. Especially, to destroy by fire. ""burned the tras"	burnt	burned	no_cond	3	0.11841485649347305
Qwen_Qwen2.5-32B	orig	50	burn	ppt	burn__ppt	"To cause to undergo combustion. Especially, to destroy by fire. ""burned the tras"	burnt	burned	no_cond	3	-0.12814459204673767
Qwen_Qwen2.5-32B	delta	50	burn	ppt	burn__ppt	"To cause to undergo combustion. Especially, to destroy by fire. ""burned the tras"	burnt	burned	no_cond	3	0.12020298838615417
Qwen_Qwen2.5-32B	orig	51	burn	ppt	burn__ppt	"To cause to undergo combustion. Especially, to destroy by fire. ""burned the tras"	burnt	burned	no_cond	3	-0.1295865923166275
Qwen_Qwen2.5-32B	delta	51	burn	ppt	burn__ppt	"To cause to undergo combustion. Especially, to destroy by fire. ""burned the tras"	burnt	burned	no_cond	3	0.13601766526699066
Qwen_Qwen2.5-32B	orig	52	burn	ppt	burn__ppt	"To cause to undergo combustion. Especially, to destroy by fire. ""burned the tras"	burnt	burned	no_cond	3	0.26814523339271545
Qwen_Qwen2.5-32B	delta	52	burn	ppt	burn__ppt	"To cause to undergo combustion. Especially, to destroy by fire. ""burned the tras"	burnt	burned	no_cond	3	0.13126055896282196
Qwen_Qwen2.5-32B	orig	53	burn	ppt	burn__ppt	"To cause to undergo combustion. Especially, to destroy by fire. ""burned the tras"	burnt	burned	no_cond	3	0.27441564202308655
Qwen_Qwen2.5-32B	delta	53	burn	ppt	burn__ppt	"To cause to undergo combustion. Especially, to destroy by fire. ""burned the tras"	burnt	burned	no_cond	3	0.12738776206970215
Qwen_Qwen2.5-32B	orig	54	burn	ppt	burn__ppt	"To cause to undergo combustion. Especially, to destroy by fire. ""burned the tras"	burnt	burned	no_cond	3	0.2718842625617981
Qwen_Qwen2.5-32B	delta	54	burn	ppt	burn__ppt	"To cause to undergo combustion. Especially, to destroy by fire. ""burned the tras"	burnt	burned	no_cond	3	0.12753383815288544
Qwen_Qwen2.5-32B	orig	55	burn	ppt	burn__ppt	"To cause to undergo combustion. Especially, to destroy by fire. ""burned the tras"	burnt	burned	no_cond	3	0.27199169993400574
Qwen_Qwen2.5-32B	delta	55	burn	ppt	burn__ppt	"To cause to undergo combustion. Especially, to destroy by fire. ""burned the tras"	burnt	burned	no_cond	3	0.12573115527629852
Qwen_Qwen2.5-32B	orig	56	burn	ppt	burn__ppt	"To cause to undergo combustion. Especially, to destroy by fire. ""burned the tras"	burnt	burned	no_cond	3	0.28229570388793945
Qwen_Qwen2.5-32B	delta	56	burn	ppt	burn__ppt	"To cause to undergo combustion. Especially, to destroy by fire. ""burned the tras"	burnt	burned	no_cond	3	0.11804964393377304
Qwen_Qwen2.5-32B	orig	57	burn	ppt	burn__ppt	"To cause to undergo combustion. Especially, to destroy by fire. ""burned the tras"	burnt	burned	no_cond	3	0.28530219197273254
Qwen_Qwen2.5-32B	delta	57	burn	ppt	burn__ppt	"To cause to undergo combustion. Especially, to destroy by fire. ""burned the tras"	burnt	burned	no_cond	3	0.11480025202035904
Qwen_Qwen2.5-32B	orig	58	burn	ppt	burn__ppt	"To cause to undergo combustion. Especially, to destroy by fire. ""burned the tras"	burnt	burned	no_cond	3	0.2815260887145996
Qwen_Qwen2.5-32B	delta	58	burn	ppt	burn__ppt	"To cause to undergo combustion. Especially, to destroy by fire. ""burned the tras"	burnt	burned	no_cond	3	0.11463596671819687
Qwen_Qwen2.5-32B	orig	59	burn	ppt	burn__ppt	"To cause to undergo combustion. Especially, to destroy by fire. ""burned the tras"	burnt	burned	no_cond	3	0.273254930973053
Qwen_Qwen2.5-32B	delta	59	burn	ppt	burn__ppt	"To cause to undergo combustion. Especially, to destroy by fire. ""burned the tras"	burnt	burned	no_cond	3	0.1165657564997673
Qwen_Qwen2.5-32B	orig	60	burn	ppt	burn__ppt	"To cause to undergo combustion. Especially, to destroy by fire. ""burned the tras"	burnt	burned	no_cond	3	0.2711886465549469
Qwen_Qwen2.5-32B	delta	60	burn	ppt	burn__ppt	"To cause to undergo combustion. Especially, to destroy by fire. ""burned the tras"	burnt	burned	no_cond	3	0.1133287325501442
Qwen_Qwen2.5-32B	orig	61	burn	ppt	burn__ppt	"To cause to undergo combustion. Especially, to destroy by fire. ""burned the tras"	burnt	burned	no_cond	3	-0.11697707325220108
Qwen_Qwen2.5-32B	delta	61	burn	ppt	burn__ppt	"To cause to undergo combustion. Especially, to destroy by fire. ""burned the tras"	burnt	burned	no_cond	3	0.1238405704498291
Qwen_Qwen2.5-32B	orig	62	burn	ppt	burn__ppt	"To cause to undergo combustion. Especially, to destroy by fire. ""burned the tras"	burnt	burned	no_cond	3	-0.11160862445831299
Qwen_Qwen2.5-32B	delta	62	burn	ppt	burn__ppt	"To cause to undergo combustion. Especially, to destroy by fire. ""burned the tras"	burnt	burned	no_cond	3	0.13356830179691315
Qwen_Qwen2.5-32B	orig	63	burn	ppt	burn__ppt	"To cause to undergo combustion. Especially, to destroy by fire. ""burned the tras"	burnt	burned	no_cond	3	0.3154834508895874
Qwen_Qwen2.5-32B	delta	63	burn	ppt	burn__ppt	"To cause to undergo combustion. Especially, to destroy by fire. ""burned the tras"	burnt	burned	no_cond	3	0.1292627602815628
Qwen_Qwen2.5-32B	orig	64	burn	ppt	burn__ppt	"To cause to undergo combustion. Especially, to destroy by fire. ""burned the tras"	burnt	burned	no_cond	3	0.4765143394470215
Qwen_Qwen2.5-32B	delta	64	burn	ppt	burn__ppt	"To cause to undergo combustion. Especially, to destroy by fire. ""burned the tras"	burnt	burned	no_cond	3	0.09939510375261307
Qwen_Qwen2.5-32B	orig	0	creep	ppt	creep__ppt	To cause (someone) to have an uncomfortable feeling of nervousness or hear. To g	creeped	crept	cat	6	nan
Qwen_Qwen2.5-32B	delta	0	creep	ppt	creep__ppt	To cause (someone) to have an uncomfortable feeling of nervousness or hear. To g	creeped	crept	cat	6	nan
Qwen_Qwen2.5-32B	orig	1	creep	ppt	creep__ppt	To cause (someone) to have an uncomfortable feeling of nervousness or hear. To g	creeped	crept	cat	6	0.013537484221160412
Qwen_Qwen2.5-32B	delta	1	creep	ppt	creep__ppt	To cause (someone) to have an uncomfortable feeling of nervousness or hear. To g	creeped	crept	cat	6	0.24584557116031647
Qwen_Qwen2.5-32B	orig	2	creep	ppt	creep__ppt	To cause (someone) to have an uncomfortable feeling of nervousness or hear. To g	creeped	crept	cat	6	-0.007420041132718325
Qwen_Qwen2.5-32B	delta	2	creep	ppt	creep__ppt	To cause (someone) to have an uncomfortable feeling of nervousness or hear. To g	creeped	crept	cat	6	0.20386528968811035
Qwen_Qwen2.5-32B	orig	3	creep	ppt	creep__ppt	To cause (someone) to have an uncomfortable feeling of nervousness or hear. To g	creeped	crept	cat	6	0.06433837860822678
Qwen_Qwen2.5-32B	delta	3	creep	ppt	creep__ppt	To cause (someone) to have an uncomfortable feeling of nervousness or hear. To g	creeped	crept	cat	6	0.137967050075531
Qwen_Qwen2.5-32B	orig	4	creep	ppt	creep__ppt	To cause (someone) to have an uncomfortable feeling of nervousness or hear. To g	creeped	crept	cat	6	0.053754616528749466
Qwen_Qwen2.5-32B	delta	4	creep	ppt	creep__ppt	To cause (someone) to have an uncomfortable feeling of nervousness or hear. To g	creeped	crept	cat	6	0.09814920276403427
Qwen_Qwen2.5-32B	orig	5	creep	ppt	creep__ppt	To cause (someone) to have an uncomfortable feeling of nervousness or hear. To g	creeped	crept	cat	6	0.09891311079263687
Qwen_Qwen2.5-32B	delta	5	creep	ppt	creep__ppt	To cause (someone) to have an uncomfortable feeling of nervousness or hear. To g	creeped	crept	cat	6	0.12255194038152695
Qwen_Qwen2.5-32B	orig	6	creep	ppt	creep__ppt	To cause (someone) to have an uncomfortable feeling of nervousness or hear. To g	creeped	crept	cat	6	0.05697895959019661
Qwen_Qwen2.5-32B	delta	6	creep	ppt	creep__ppt	To cause (someone) to have an uncomfortable feeling of nervousness or hear. To g	creeped	crept	cat	6	0.0586673729121685
Qwen_Qwen2.5-32B	orig	7	creep	ppt	creep__ppt	To cause (someone) to have an uncomfortable feeling of nervousness or hear. To g	creeped	crept	cat	6	0.08295582234859467
Qwen_Qwen2.5-32B	delta	7	creep	ppt	creep__ppt	To cause (someone) to have an uncomfortable feeling of nervousness or hear. To g	creeped	crept	cat	6	0.029343381524086
Qwen_Qwen2.5-32B	orig	8	creep	ppt	creep__ppt	To cause (someone) to have an uncomfortable feeling of nervousness or hear. To g	creeped	crept	cat	6	0.08815356343984604
Qwen_Qwen2.5-32B	delta	8	creep	ppt	creep__ppt	To cause (someone) to have an uncomfortable feeling of nervousness or hear. To g	creeped	crept	cat	6	0.02119261957705021
Qwen_Qwen2.5-32B	orig	9	creep	ppt	creep__ppt	To cause (someone) to have an uncomfortable feeling of nervousness or hear. To g	creeped	crept	cat	6	0.044243115931749344
Qwen_Qwen2.5-32B	delta	9	creep	ppt	creep__ppt	To cause (someone) to have an uncomfortable feeling of nervousness or hear. To g	creeped	crept	cat	6	0.31507763266563416
Qwen_Qwen2.5-32B	orig	10	creep	ppt	creep__ppt	To cause (someone) to have an uncomfortable feeling of nervousness or hear. To g	creeped	crept	cat	6	0.013024481944739819
Qwen_Qwen2.5-32B	delta	10	creep	ppt	creep__ppt	To cause (someone) to have an uncomfortable feeling of nervousness or hear. To g	creeped	crept	cat	6	-0.00663004070520401
Qwen_Qwen2.5-32B	orig	11	creep	ppt	creep__ppt	To cause (someone) to have an uncomfortable feeling of nervousness or hear. To g	creeped	crept	cat	6	-0.02483593486249447
Qwen_Qwen2.5-32B	delta	11	creep	ppt	creep__ppt	To cause (someone) to have an uncomfortable feeling of nervousness or hear. To g	creeped	crept	cat	6	0.04011208191514015
Qwen_Qwen2.5-32B	orig	12	creep	ppt	creep__ppt	To cause (someone) to have an uncomfortable feeling of nervousness or hear. To g	creeped	crept	cat	6	0.029836302623152733
Qwen_Qwen2.5-32B	delta	12	creep	ppt	creep__ppt	To cause (someone) to have an uncomfortable feeling of nervousness or hear. To g	creeped	crept	cat	6	0.08085345476865768
Qwen_Qwen2.5-32B	orig	13	creep	ppt	creep__ppt	To cause (someone) to have an uncomfortable feeling of nervousness or hear. To g	creeped	crept	cat	6	0.01986386440694332
Qwen_Qwen2.5-32B	delta	13	creep	ppt	creep__ppt	To cause (someone) to have an uncomfortable feeling of nervousness or hear. To g	creeped	crept	cat	6	0.08582430332899094
Qwen_Qwen2.5-32B	orig	14	creep	ppt	creep__ppt	To cause (someone) to have an uncomfortable feeling of nervousness or hear. To g	creeped	crept	cat	6	0.026249190792441368
Qwen_Qwen2.5-32B	delta	14	creep	ppt	creep__ppt	To cause (someone) to have an uncomfortable feeling of nervousness or hear. To g	creeped	crept	cat	6	0.10101422667503357
Qwen_Qwen2.5-32B	orig	15	creep	ppt	creep__ppt	To cause (someone) to have an uncomfortable feeling of nervousness or hear. To g	creeped	crept	cat	6	0.04543626680970192
Qwen_Qwen2.5-32B	delta	15	creep	ppt	creep__ppt	To cause (someone) to have an uncomfortable feeling of nervousness or hear. To g	creeped	crept	cat	6	0.08747150748968124
Qwen_Qwen2.5-32B	orig	16	creep	ppt	creep__ppt	To cause (someone) to have an uncomfortable feeling of nervousness or hear. To g	creeped	crept	cat	6	0.02559707872569561
Qwen_Qwen2.5-32B	delta	16	creep	ppt	creep__ppt	To cause (someone) to have an uncomfortable feeling of nervousness or hear. To g	creeped	crept	cat	6	0.08005911856889725
Qwen_Qwen2.5-32B	orig	17	creep	ppt	creep__ppt	To cause (someone) to have an uncomfortable feeling of nervousness or hear. To g	creeped	crept	cat	6	0.022437646985054016
Qwen_Qwen2.5-32B	delta	17	creep	ppt	creep__ppt	To cause (someone) to have an uncomfortable feeling of nervousness or hear. To g	creeped	crept	cat	6	0.08913741260766983
Qwen_Qwen2.5-32B	orig	18	creep	ppt	creep__ppt	To cause (someone) to have an uncomfortable feeling of nervousness or hear. To g	creeped	crept	cat	6	0.010175219736993313
Qwen_Qwen2.5-32B	delta	18	creep	ppt	creep__ppt	To cause (someone) to have an uncomfortable feeling of nervousness or hear. To g	creeped	crept	cat	6	0.08162329345941544
Qwen_Qwen2.5-32B	orig	19	creep	ppt	creep__ppt	To cause (someone) to have an uncomfortable feeling of nervousness or hear. To g	creeped	crept	cat	6	0.002642868785187602
Qwen_Qwen2.5-32B	delta	19	creep	ppt	creep__ppt	To cause (someone) to have an uncomfortable feeling of nervousness or hear. To g	creeped	crept	cat	6	0.07488647848367691
Qwen_Qwen2.5-32B	orig	20	creep	ppt	creep__ppt	To cause (someone) to have an uncomfortable feeling of nervousness or hear. To g	creeped	crept	cat	6	-0.003968754317611456
Qwen_Qwen2.5-32B	delta	20	creep	ppt	creep__ppt	To cause (someone) to have an uncomfortable feeling of nervousness or hear. To g	creeped	crept	cat	6	0.06622592359781265
Qwen_Qwen2.5-32B	orig	21	creep	ppt	creep__ppt	To cause (someone) to have an uncomfortable feeling of nervousness or hear. To g	creeped	crept	cat	6	0.003343077376484871
Qwen_Qwen2.5-32B	delta	21	creep	ppt	creep__ppt	To cause (someone) to have an uncomfortable feeling of nervousness or hear. To g	creeped	crept	cat	6	0.048645880073308945
Qwen_Qwen2.5-32B	orig	22	creep	ppt	creep__ppt	To cause (someone) to have an uncomfortable feeling of nervousness or hear. To g	creeped	crept	cat	6	0.1355915069580078
Qwen_Qwen2.5-32B	delta	22	creep	ppt	creep__ppt	To cause (someone) to have an uncomfortable feeling of nervousness or hear. To g	creeped	crept	cat	6	0.04651553928852081
Qwen_Qwen2.5-32B	orig	23	creep	ppt	creep__ppt	To cause (someone) to have an uncomfortable feeling of nervousness or hear. To g	creeped	crept	cat	6	0.0025229875463992357
Qwen_Qwen2.5-32B	delta	23	creep	ppt	creep__ppt	To cause (someone) to have an uncomfortable feeling of nervousness or hear. To g	creeped	crept	cat	6	0.04640971124172211
Qwen_Qwen2.5-32B	orig	24	creep	ppt	creep__ppt	To cause (someone) to have an uncomfortable feeling of nervousness or hear. To g	creeped	crept	cat	6	0.13358093798160553
Qwen_Qwen2.5-32B	delta	24	creep	ppt	creep__ppt	To cause (someone) to have an uncomfortable feeling of nervousness or hear. To g	creeped	crept	cat	6	0.05096142366528511
Qwen_Qwen2.5-32B	orig	25	creep	ppt	creep__ppt	To cause (someone) to have an uncomfortable feeling of nervousness or hear. To g	creeped	crept	cat	6	0.13219469785690308
Qwen_Qwen2.5-32B	delta	25	creep	ppt	creep__ppt	To cause (someone) to have an uncomfortable feeling of nervousness or hear. To g	creeped	crept	cat	6	0.04510895535349846
Qwen_Qwen2.5-32B	orig	26	creep	ppt	creep__ppt	To cause (someone) to have an uncomfortable feeling of nervousness or hear. To g	creeped	crept	cat	6	0.13280563056468964
Qwen_Qwen2.5-32B	delta	26	creep	ppt	creep__ppt	To cause (someone) to have an uncomfortable feeling of nervousness or hear. To g	creeped	crept	cat	6	0.042542025446891785
Qwen_Qwen2.5-32B	orig	27	creep	ppt	creep__ppt	To cause (someone) to have an uncomfortable feeling of nervousness or hear. To g	creeped	crept	cat	6	0.1350632905960083
Qwen_Qwen2.5-32B	delta	27	creep	ppt	creep__ppt	To cause (someone) to have an uncomfortable feeling of nervousness or hear. To g	creeped	crept	cat	6	0.043274786323308945
Qwen_Qwen2.5-32B	orig	28	creep	ppt	creep__ppt	To cause (someone) to have an uncomfortable feeling of nervousness or hear. To g	creeped	crept	cat	6	0.029662927612662315
Qwen_Qwen2.5-32B	delta	28	creep	ppt	creep__ppt	To cause (someone) to have an uncomfortable feeling of nervousness or hear. To g	creeped	crept	cat	6	0.04840163514018059
Qwen_Qwen2.5-32B	orig	29	creep	ppt	creep__ppt	To cause (someone) to have an uncomfortable feeling of nervousness or hear. To g	creeped	crept	cat	6	0.033941950649023056
Qwen_Qwen2.5-32B	delta	29	creep	ppt	creep__ppt	To cause (someone) to have an uncomfortable feeling of nervousness or hear. To g	creeped	crept	cat	6	0.05268484726548195
Qwen_Qwen2.5-32B	orig	30	creep	ppt	creep__ppt	To cause (someone) to have an uncomfortable feeling of nervousness or hear. To g	creeped	crept	cat	6	0.03507143631577492
Qwen_Qwen2.5-32B	delta	30	creep	ppt	creep__ppt	To cause (someone) to have an uncomfortable feeling of nervousness or hear. To g	creeped	crept	cat	6	0.0537695549428463
Qwen_Qwen2.5-32B	orig	31	creep	ppt	creep__ppt	To cause (someone) to have an uncomfortable feeling of nervousness or hear. To g	creeped	crept	cat	6	0.04747398570179939
Qwen_Qwen2.5-32B	delta	31	creep	ppt	creep__ppt	To cause (someone) to have an uncomfortable feeling of nervousness or hear. To g	creeped	crept	cat	6	0.05385720729827881
Qwen_Qwen2.5-32B	orig	32	creep	ppt	creep__ppt	To cause (someone) to have an uncomfortable feeling of nervousness or hear. To g	creeped	crept	cat	6	0.044228360056877136
Qwen_Qwen2.5-32B	delta	32	creep	ppt	creep__ppt	To cause (someone) to have an uncomfortable feeling of nervousness or hear. To g	creeped	crept	cat	6	0.05560455843806267
Qwen_Qwen2.5-32B	orig	33	creep	ppt	creep__ppt	To cause (someone) to have an uncomfortable feeling of nervousness or hear. To g	creeped	crept	cat	6	0.04452676698565483
Qwen_Qwen2.5-32B	delta	33	creep	ppt	creep__ppt	To cause (someone) to have an uncomfortable feeling of nervousness or hear. To g	creeped	crept	cat	6	0.053327273577451706
Qwen_Qwen2.5-32B	orig	34	creep	ppt	creep__ppt	To cause (someone) to have an uncomfortable feeling of nervousness or hear. To g	creeped	crept	cat	6	0.01820012927055359
Qwen_Qwen2.5-32B	delta	34	creep	ppt	creep__ppt	To cause (someone) to have an uncomfortable feeling of nervousness or hear. To g	creeped	crept	cat	6	0.0393221490085125
Qwen_Qwen2.5-32B	orig	35	creep	ppt	creep__ppt	To cause (someone) to have an uncomfortable feeling of nervousness or hear. To g	creeped	crept	cat	6	0.039333611726760864
Qwen_Qwen2.5-32B	delta	35	creep	ppt	creep__ppt	To cause (someone) to have an uncomfortable feeling of nervousness or hear. To g	creeped	crept	cat	6	0.032277487218379974
Qwen_Qwen2.5-32B	orig	36	creep	ppt	creep__ppt	To cause (someone) to have an uncomfortable feeling of nervousness or hear. To g	creeped	crept	cat	6	0.021338844671845436
Qwen_Qwen2.5-32B	delta	36	creep	ppt	creep__ppt	To cause (someone) to have an uncomfortable feeling of nervousness or hear. To g	creeped	crept	cat	6	0.016381511464715004
Qwen_Qwen2.5-32B	orig	37	creep	ppt	creep__ppt	To cause (someone) to have an uncomfortable feeling of nervousness or hear. To g	creeped	crept	cat	6	0.13786278665065765
Qwen_Qwen2.5-32B	delta	37	creep	ppt	creep__ppt	To cause (someone) to have an uncomfortable feeling of nervousness or hear. To g	creeped	crept	cat	6	9.267280256608501e-05
Qwen_Qwen2.5-32B	orig	38	creep	ppt	creep__ppt	To cause (someone) to have an uncomfortable feeling of nervousness or hear. To g	creeped	crept	cat	6	0.1318204551935196
Qwen_Qwen2.5-32B	delta	38	creep	ppt	creep__ppt	To cause (someone) to have an uncomfortable feeling of nervousness or hear. To g	creeped	crept	cat	6	-0.0021352979820221663
Qwen_Qwen2.5-32B	orig	39	creep	ppt	creep__ppt	To cause (someone) to have an uncomfortable feeling of nervousness or hear. To g	creeped	crept	cat	6	0.011418409645557404
Qwen_Qwen2.5-32B	delta	39	creep	ppt	creep__ppt	To cause (someone) to have an uncomfortable feeling of nervousness or hear. To g	creeped	crept	cat	6	-0.0025264210999011993
Qwen_Qwen2.5-32B	orig	40	creep	ppt	creep__ppt	To cause (someone) to have an uncomfortable feeling of nervousness or hear. To g	creeped	crept	cat	6	0.00542786717414856
Qwen_Qwen2.5-32B	delta	40	creep	ppt	creep__ppt	To cause (someone) to have an uncomfortable feeling of nervousness or hear. To g	creeped	crept	cat	6	-0.0058072470128536224
Qwen_Qwen2.5-32B	orig	41	creep	ppt	creep__ppt	To cause (someone) to have an uncomfortable feeling of nervousness or hear. To g	creeped	crept	cat	6	-0.00031141936779022217
Qwen_Qwen2.5-32B	delta	41	creep	ppt	creep__ppt	To cause (someone) to have an uncomfortable feeling of nervousness or hear. To g	creeped	crept	cat	6	-0.009630776941776276
Qwen_Qwen2.5-32B	orig	42	creep	ppt	creep__ppt	To cause (someone) to have an uncomfortable feeling of nervousness or hear. To g	creeped	crept	cat	6	-0.003302566707134247
Qwen_Qwen2.5-32B	delta	42	creep	ppt	creep__ppt	To cause (someone) to have an uncomfortable feeling of nervousness or hear. To g	creeped	crept	cat	6	-0.014936667867004871
Qwen_Qwen2.5-32B	orig	43	creep	ppt	creep__ppt	To cause (someone) to have an uncomfortable feeling of nervousness or hear. To g	creeped	crept	cat	6	0.10950026661157608
Qwen_Qwen2.5-32B	delta	43	creep	ppt	creep__ppt	To cause (someone) to have an uncomfortable feeling of nervousness or hear. To g	creeped	crept	cat	6	0.3463512659072876
Qwen_Qwen2.5-32B	orig	44	creep	ppt	creep__ppt	To cause (someone) to have an uncomfortable feeling of nervousness or hear. To g	creeped	crept	cat	6	0.11601012945175171
Qwen_Qwen2.5-32B	delta	44	creep	ppt	creep__ppt	To cause (someone) to have an uncomfortable feeling of nervousness or hear. To g	creeped	crept	cat	6	-0.025706758722662926
Qwen_Qwen2.5-32B	orig	45	creep	ppt	creep__ppt	To cause (someone) to have an uncomfortable feeling of nervousness or hear. To g	creeped	crept	cat	6	0.10546352714300156
Qwen_Qwen2.5-32B	delta	45	creep	ppt	creep__ppt	To cause (someone) to have an uncomfortable feeling of nervousness or hear. To g	creeped	crept	cat	6	-0.024130908772349358
Qwen_Qwen2.5-32B	orig	46	creep	ppt	creep__ppt	To cause (someone) to have an uncomfortable feeling of nervousness or hear. To g	creeped	crept	cat	6	-0.011958676390349865
Qwen_Qwen2.5-32B	delta	46	creep	ppt	creep__ppt	To cause (someone) to have an uncomfortable feeling of nervousness or hear. To g	creeped	crept	cat	6	0.34991738200187683
Qwen_Qwen2.5-32B	orig	47	creep	ppt	creep__ppt	To cause (someone) to have an uncomfortable feeling of nervousness or hear. To g	creeped	crept	cat	6	-0.010041055269539356
Qwen_Qwen2.5-32B	delta	47	creep	ppt	creep__ppt	To cause (someone) to have an uncomfortable feeling of nervousness or hear. To g	creeped	crept	cat	6	0.35840222239494324
Qwen_Qwen2.5-32B	orig	48	creep	ppt	creep__ppt	To cause (someone) to have an uncomfortable feeling of nervousness or hear. To g	creeped	crept	cat	6	0.05440281331539154
Qwen_Qwen2.5-32B	delta	48	creep	ppt	creep__ppt	To cause (someone) to have an uncomfortable feeling of nervousness or hear. To g	creeped	crept	cat	6	0.0010318644344806671
Qwen_Qwen2.5-32B	orig	49	creep	ppt	creep__ppt	To cause (someone) to have an uncomfortable feeling of nervousness or hear. To g	creeped	crept	cat	6	0.04890308901667595
Qwen_Qwen2.5-32B	delta	49	creep	ppt	creep__ppt	To cause (someone) to have an uncomfortable feeling of nervousness or hear. To g	creeped	crept	cat	6	0.3527689278125763
Qwen_Qwen2.5-32B	orig	50	creep	ppt	creep__ppt	To cause (someone) to have an uncomfortable feeling of nervousness or hear. To g	creeped	crept	cat	6	0.017286060377955437
Qwen_Qwen2.5-32B	delta	50	creep	ppt	creep__ppt	To cause (someone) to have an uncomfortable feeling of nervousness or hear. To g	creeped	crept	cat	6	0.012362909503281116
Qwen_Qwen2.5-32B	orig	51	creep	ppt	creep__ppt	To cause (someone) to have an uncomfortable feeling of nervousness or hear. To g	creeped	crept	cat	6	0.048206161707639694
Qwen_Qwen2.5-32B	delta	51	creep	ppt	creep__ppt	To cause (someone) to have an uncomfortable feeling of nervousness or hear. To g	creeped	crept	cat	6	0.014443601481616497
Qwen_Qwen2.5-32B	orig	52	creep	ppt	creep__ppt	To cause (someone) to have an uncomfortable feeling of nervousness or hear. To g	creeped	crept	cat	6	0.02250169962644577
Qwen_Qwen2.5-32B	delta	52	creep	ppt	creep__ppt	To cause (someone) to have an uncomfortable feeling of nervousness or hear. To g	creeped	crept	cat	6	0.016541602090001106
Qwen_Qwen2.5-32B	orig	53	creep	ppt	creep__ppt	To cause (someone) to have an uncomfortable feeling of nervousness or hear. To g	creeped	crept	cat	6	0.023260444402694702
Qwen_Qwen2.5-32B	delta	53	creep	ppt	creep__ppt	To cause (someone) to have an uncomfortable feeling of nervousness or hear. To g	creeped	crept	cat	6	0.010405290871858597
Qwen_Qwen2.5-32B	orig	54	creep	ppt	creep__ppt	To cause (someone) to have an uncomfortable feeling of nervousness or hear. To g	creeped	crept	cat	6	0.021999292075634003
Qwen_Qwen2.5-32B	delta	54	creep	ppt	creep__ppt	To cause (someone) to have an uncomfortable feeling of nervousness or hear. To g	creeped	crept	cat	6	0.007118877023458481
Qwen_Qwen2.5-32B	orig	55	creep	ppt	creep__ppt	To cause (someone) to have an uncomfortable feeling of nervousness or hear. To g	creeped	crept	cat	6	0.02151021920144558
Qwen_Qwen2.5-32B	delta	55	creep	ppt	creep__ppt	To cause (someone) to have an uncomfortable feeling of nervousness or hear. To g	creeped	crept	cat	6	0.01627897098660469
Qwen_Qwen2.5-32B	orig	56	creep	ppt	creep__ppt	To cause (someone) to have an uncomfortable feeling of nervousness or hear. To g	creeped	crept	cat	6	0.02170446515083313
Qwen_Qwen2.5-32B	delta	56	creep	ppt	creep__ppt	To cause (someone) to have an uncomfortable feeling of nervousness or hear. To g	creeped	crept	cat	6	0.029379738494753838
Qwen_Qwen2.5-32B	orig	57	creep	ppt	creep__ppt	To cause (someone) to have an uncomfortable feeling of nervousness or hear. To g	creeped	crept	cat	6	0.026069948449730873
Qwen_Qwen2.5-32B	delta	57	creep	ppt	creep__ppt	To cause (someone) to have an uncomfortable feeling of nervousness or hear. To g	creeped	crept	cat	6	0.03603573516011238
Qwen_Qwen2.5-32B	orig	58	creep	ppt	creep__ppt	To cause (someone) to have an uncomfortable feeling of nervousness or hear. To g	creeped	crept	cat	6	0.029676735401153564
Qwen_Qwen2.5-32B	delta	58	creep	ppt	creep__ppt	To cause (someone) to have an uncomfortable feeling of nervousness or hear. To g	creeped	crept	cat	6	0.04702948033809662
Qwen_Qwen2.5-32B	orig	59	creep	ppt	creep__ppt	To cause (someone) to have an uncomfortable feeling of nervousness or hear. To g	creeped	crept	cat	6	0.0275797788053751
Qwen_Qwen2.5-32B	delta	59	creep	ppt	creep__ppt	To cause (someone) to have an uncomfortable feeling of nervousness or hear. To g	creeped	crept	cat	6	0.054427698254585266
Qwen_Qwen2.5-32B	orig	60	creep	ppt	creep__ppt	To cause (someone) to have an uncomfortable feeling of nervousness or hear. To g	creeped	crept	cat	6	0.02633047290146351
Qwen_Qwen2.5-32B	delta	60	creep	ppt	creep__ppt	To cause (someone) to have an uncomfortable feeling of nervousness or hear. To g	creeped	crept	cat	6	0.05513468384742737
Qwen_Qwen2.5-32B	orig	61	creep	ppt	creep__ppt	To cause (someone) to have an uncomfortable feeling of nervousness or hear. To g	creeped	crept	cat	6	0.02660372294485569
Qwen_Qwen2.5-32B	delta	61	creep	ppt	creep__ppt	To cause (someone) to have an uncomfortable feeling of nervousness or hear. To g	creeped	crept	cat	6	0.05804489180445671
Qwen_Qwen2.5-32B	orig	62	creep	ppt	creep__ppt	To cause (someone) to have an uncomfortable feeling of nervousness or hear. To g	creeped	crept	cat	6	0.019716862589120865
Qwen_Qwen2.5-32B	delta	62	creep	ppt	creep__ppt	To cause (someone) to have an uncomfortable feeling of nervousness or hear. To g	creeped	crept	cat	6	0.05468551442027092
Qwen_Qwen2.5-32B	orig	63	creep	ppt	creep__ppt	To cause (someone) to have an uncomfortable feeling of nervousness or hear. To g	creeped	crept	cat	6	0.014927477575838566
Qwen_Qwen2.5-32B	delta	63	creep	ppt	creep__ppt	To cause (someone) to have an uncomfortable feeling of nervousness or hear. To g	creeped	crept	cat	6	0.05162156745791435
Qwen_Qwen2.5-32B	orig	64	creep	ppt	creep__ppt	To cause (someone) to have an uncomfortable feeling of nervousness or hear. To g	creeped	crept	cat	6	0.03947429358959198
Qwen_Qwen2.5-32B	delta	64	creep	ppt	creep__ppt	To cause (someone) to have an uncomfortable feeling of nervousness or hear. To g	creeped	crept	cat	6	0.06533336639404297
Qwen_Qwen2.5-32B	orig	0	disprove	ppt	disprove__ppt	"To prove to be false or wrong. To refute. ""disprove a theory"""	disproven	disproved	no_cond	11	1.0
Qwen_Qwen2.5-32B	delta	0	disprove	ppt	disprove__ppt	"To prove to be false or wrong. To refute. ""disprove a theory"""	disproven	disproved	no_cond	11	1.0
Qwen_Qwen2.5-32B	orig	1	disprove	ppt	disprove__ppt	"To prove to be false or wrong. To refute. ""disprove a theory"""	disproven	disproved	no_cond	11	0.6057900786399841
Qwen_Qwen2.5-32B	delta	1	disprove	ppt	disprove__ppt	"To prove to be false or wrong. To refute. ""disprove a theory"""	disproven	disproved	no_cond	11	0.2966086268424988
Qwen_Qwen2.5-32B	orig	2	disprove	ppt	disprove__ppt	"To prove to be false or wrong. To refute. ""disprove a theory"""	disproven	disproved	no_cond	11	0.5929907560348511
Qwen_Qwen2.5-32B	delta	2	disprove	ppt	disprove__ppt	"To prove to be false or wrong. To refute. ""disprove a theory"""	disproven	disproved	no_cond	11	0.26904940605163574
Qwen_Qwen2.5-32B	orig	3	disprove	ppt	disprove__ppt	"To prove to be false or wrong. To refute. ""disprove a theory"""	disproven	disproved	no_cond	11	0.5533611178398132
Qwen_Qwen2.5-32B	delta	3	disprove	ppt	disprove__ppt	"To prove to be false or wrong. To refute. ""disprove a theory"""	disproven	disproved	no_cond	11	0.23160594701766968
Qwen_Qwen2.5-32B	orig	4	disprove	ppt	disprove__ppt	"To prove to be false or wrong. To refute. ""disprove a theory"""	disproven	disproved	no_cond	11	0.4659747779369354
Qwen_Qwen2.5-32B	delta	4	disprove	ppt	disprove__ppt	"To prove to be false or wrong. To refute. ""disprove a theory"""	disproven	disproved	no_cond	11	0.13527382910251617
Qwen_Qwen2.5-32B	orig	5	disprove	ppt	disprove__ppt	"To prove to be false or wrong. To refute. ""disprove a theory"""	disproven	disproved	no_cond	11	0.34975865483283997
Qwen_Qwen2.5-32B	delta	5	disprove	ppt	disprove__ppt	"To prove to be false or wrong. To refute. ""disprove a theory"""	disproven	disproved	no_cond	11	0.08542988449335098
Qwen_Qwen2.5-32B	orig	6	disprove	ppt	disprove__ppt	"To prove to be false or wrong. To refute. ""disprove a theory"""	disproven	disproved	no_cond	11	0.3262135684490204
Qwen_Qwen2.5-32B	delta	6	disprove	ppt	disprove__ppt	"To prove to be false or wrong. To refute. ""disprove a theory"""	disproven	disproved	no_cond	11	0.08470425754785538
Qwen_Qwen2.5-32B	orig	7	disprove	ppt	disprove__ppt	"To prove to be false or wrong. To refute. ""disprove a theory"""	disproven	disproved	no_cond	11	0.2996184229850769
Qwen_Qwen2.5-32B	delta	7	disprove	ppt	disprove__ppt	"To prove to be false or wrong. To refute. ""disprove a theory"""	disproven	disproved	no_cond	11	0.07914848625659943
Qwen_Qwen2.5-32B	orig	8	disprove	ppt	disprove__ppt	"To prove to be false or wrong. To refute. ""disprove a theory"""	disproven	disproved	no_cond	11	0.2717383801937103
Qwen_Qwen2.5-32B	delta	8	disprove	ppt	disprove__ppt	"To prove to be false or wrong. To refute. ""disprove a theory"""	disproven	disproved	no_cond	11	0.08122135698795319
Qwen_Qwen2.5-32B	orig	9	disprove	ppt	disprove__ppt	"To prove to be false or wrong. To refute. ""disprove a theory"""	disproven	disproved	no_cond	11	0.22865968942642212
Qwen_Qwen2.5-32B	delta	9	disprove	ppt	disprove__ppt	"To prove to be false or wrong. To refute. ""disprove a theory"""	disproven	disproved	no_cond	11	0.1898369938135147
Qwen_Qwen2.5-32B	orig	10	disprove	ppt	disprove__ppt	"To prove to be false or wrong. To refute. ""disprove a theory"""	disproven	disproved	no_cond	11	0.2218451350927353
Qwen_Qwen2.5-32B	delta	10	disprove	ppt	disprove__ppt	"To prove to be false or wrong. To refute. ""disprove a theory"""	disproven	disproved	no_cond	11	0.19752448797225952
Qwen_Qwen2.5-32B	orig	11	disprove	ppt	disprove__ppt	"To prove to be false or wrong. To refute. ""disprove a theory"""	disproven	disproved	no_cond	11	0.22674232721328735
Qwen_Qwen2.5-32B	delta	11	disprove	ppt	disprove__ppt	"To prove to be false or wrong. To refute. ""disprove a theory"""	disproven	disproved	no_cond	11	0.2116813212633133
Qwen_Qwen2.5-32B	orig	12	disprove	ppt	disprove__ppt	"To prove to be false or wrong. To refute. ""disprove a theory"""	disproven	disproved	no_cond	11	0.16482692956924438
Qwen_Qwen2.5-32B	delta	12	disprove	ppt	disprove__ppt	"To prove to be false or wrong. To refute. ""disprove a theory"""	disproven	disproved	no_cond	11	0.17837727069854736
Qwen_Qwen2.5-32B	orig	13	disprove	ppt	disprove__ppt	"To prove to be false or wrong. To refute. ""disprove a theory"""	disproven	disproved	no_cond	11	0.15057522058486938
Qwen_Qwen2.5-32B	delta	13	disprove	ppt	disprove__ppt	"To prove to be false or wrong. To refute. ""disprove a theory"""	disproven	disproved	no_cond	11	0.18176162242889404
Qwen_Qwen2.5-32B	orig	14	disprove	ppt	disprove__ppt	"To prove to be false or wrong. To refute. ""disprove a theory"""	disproven	disproved	no_cond	11	0.1362471729516983
Qwen_Qwen2.5-32B	delta	14	disprove	ppt	disprove__ppt	"To prove to be false or wrong. To refute. ""disprove a theory"""	disproven	disproved	no_cond	11	0.18174733221530914
Qwen_Qwen2.5-32B	orig	15	disprove	ppt	disprove__ppt	"To prove to be false or wrong. To refute. ""disprove a theory"""	disproven	disproved	no_cond	11	0.1303872913122177
Qwen_Qwen2.5-32B	delta	15	disprove	ppt	disprove__ppt	"To prove to be false or wrong. To refute. ""disprove a theory"""	disproven	disproved	no_cond	11	0.19171032309532166
Qwen_Qwen2.5-32B	orig	16	disprove	ppt	disprove__ppt	"To prove to be false or wrong. To refute. ""disprove a theory"""	disproven	disproved	no_cond	11	0.12524685263633728
Qwen_Qwen2.5-32B	delta	16	disprove	ppt	disprove__ppt	"To prove to be false or wrong. To refute. ""disprove a theory"""	disproven	disproved	no_cond	11	0.19884203374385834
Qwen_Qwen2.5-32B	orig	17	disprove	ppt	disprove__ppt	"To prove to be false or wrong. To refute. ""disprove a theory"""	disproven	disproved	no_cond	11	0.09860885888338089
Qwen_Qwen2.5-32B	delta	17	disprove	ppt	disprove__ppt	"To prove to be false or wrong. To refute. ""disprove a theory"""	disproven	disproved	no_cond	11	0.19060581922531128
Qwen_Qwen2.5-32B	orig	18	disprove	ppt	disprove__ppt	"To prove to be false or wrong. To refute. ""disprove a theory"""	disproven	disproved	no_cond	11	0.09349948912858963
Qwen_Qwen2.5-32B	delta	18	disprove	ppt	disprove__ppt	"To prove to be false or wrong. To refute. ""disprove a theory"""	disproven	disproved	no_cond	11	0.18555396795272827
Qwen_Qwen2.5-32B	orig	19	disprove	ppt	disprove__ppt	"To prove to be false or wrong. To refute. ""disprove a theory"""	disproven	disproved	no_cond	11	0.09478003531694412
Qwen_Qwen2.5-32B	delta	19	disprove	ppt	disprove__ppt	"To prove to be false or wrong. To refute. ""disprove a theory"""	disproven	disproved	no_cond	11	0.18024727702140808
Qwen_Qwen2.5-32B	orig	20	disprove	ppt	disprove__ppt	"To prove to be false or wrong. To refute. ""disprove a theory"""	disproven	disproved	no_cond	11	0.08448218554258347
Qwen_Qwen2.5-32B	delta	20	disprove	ppt	disprove__ppt	"To prove to be false or wrong. To refute. ""disprove a theory"""	disproven	disproved	no_cond	11	0.17703907191753387
Qwen_Qwen2.5-32B	orig	21	disprove	ppt	disprove__ppt	"To prove to be false or wrong. To refute. ""disprove a theory"""	disproven	disproved	no_cond	11	0.07249703258275986
Qwen_Qwen2.5-32B	delta	21	disprove	ppt	disprove__ppt	"To prove to be false or wrong. To refute. ""disprove a theory"""	disproven	disproved	no_cond	11	0.17472578585147858
Qwen_Qwen2.5-32B	orig	22	disprove	ppt	disprove__ppt	"To prove to be false or wrong. To refute. ""disprove a theory"""	disproven	disproved	no_cond	11	0.06788724660873413
Qwen_Qwen2.5-32B	delta	22	disprove	ppt	disprove__ppt	"To prove to be false or wrong. To refute. ""disprove a theory"""	disproven	disproved	no_cond	11	0.16889029741287231
Qwen_Qwen2.5-32B	orig	23	disprove	ppt	disprove__ppt	"To prove to be false or wrong. To refute. ""disprove a theory"""	disproven	disproved	no_cond	11	0.06919503957033157
Qwen_Qwen2.5-32B	delta	23	disprove	ppt	disprove__ppt	"To prove to be false or wrong. To refute. ""disprove a theory"""	disproven	disproved	no_cond	11	0.1657327264547348
Qwen_Qwen2.5-32B	orig	24	disprove	ppt	disprove__ppt	"To prove to be false or wrong. To refute. ""disprove a theory"""	disproven	disproved	no_cond	11	0.07193270325660706
Qwen_Qwen2.5-32B	delta	24	disprove	ppt	disprove__ppt	"To prove to be false or wrong. To refute. ""disprove a theory"""	disproven	disproved	no_cond	11	0.16029618680477142
Qwen_Qwen2.5-32B	orig	25	disprove	ppt	disprove__ppt	"To prove to be false or wrong. To refute. ""disprove a theory"""	disproven	disproved	no_cond	11	0.07078904658555984
Qwen_Qwen2.5-32B	delta	25	disprove	ppt	disprove__ppt	"To prove to be false or wrong. To refute. ""disprove a theory"""	disproven	disproved	no_cond	11	0.16673287749290466
Qwen_Qwen2.5-32B	orig	26	disprove	ppt	disprove__ppt	"To prove to be false or wrong. To refute. ""disprove a theory"""	disproven	disproved	no_cond	11	0.07205236703157425
Qwen_Qwen2.5-32B	delta	26	disprove	ppt	disprove__ppt	"To prove to be false or wrong. To refute. ""disprove a theory"""	disproven	disproved	no_cond	11	0.1710037738084793
Qwen_Qwen2.5-32B	orig	27	disprove	ppt	disprove__ppt	"To prove to be false or wrong. To refute. ""disprove a theory"""	disproven	disproved	no_cond	11	0.08729641139507294
Qwen_Qwen2.5-32B	delta	27	disprove	ppt	disprove__ppt	"To prove to be false or wrong. To refute. ""disprove a theory"""	disproven	disproved	no_cond	11	0.16565151512622833
Qwen_Qwen2.5-32B	orig	28	disprove	ppt	disprove__ppt	"To prove to be false or wrong. To refute. ""disprove a theory"""	disproven	disproved	no_cond	11	0.08793825656175613
Qwen_Qwen2.5-32B	delta	28	disprove	ppt	disprove__ppt	"To prove to be false or wrong. To refute. ""disprove a theory"""	disproven	disproved	no_cond	11	0.16140370070934296
Qwen_Qwen2.5-32B	orig	29	disprove	ppt	disprove__ppt	"To prove to be false or wrong. To refute. ""disprove a theory"""	disproven	disproved	no_cond	11	0.09405538439750671
Qwen_Qwen2.5-32B	delta	29	disprove	ppt	disprove__ppt	"To prove to be false or wrong. To refute. ""disprove a theory"""	disproven	disproved	no_cond	11	0.15731436014175415
Qwen_Qwen2.5-32B	orig	30	disprove	ppt	disprove__ppt	"To prove to be false or wrong. To refute. ""disprove a theory"""	disproven	disproved	no_cond	11	0.09132814407348633
Qwen_Qwen2.5-32B	delta	30	disprove	ppt	disprove__ppt	"To prove to be false or wrong. To refute. ""disprove a theory"""	disproven	disproved	no_cond	11	0.1613525003194809
Qwen_Qwen2.5-32B	orig	31	disprove	ppt	disprove__ppt	"To prove to be false or wrong. To refute. ""disprove a theory"""	disproven	disproved	no_cond	11	0.08521146327257156
Qwen_Qwen2.5-32B	delta	31	disprove	ppt	disprove__ppt	"To prove to be false or wrong. To refute. ""disprove a theory"""	disproven	disproved	no_cond	11	0.15644513070583344
Qwen_Qwen2.5-32B	orig	32	disprove	ppt	disprove__ppt	"To prove to be false or wrong. To refute. ""disprove a theory"""	disproven	disproved	no_cond	11	0.0817384198307991
Qwen_Qwen2.5-32B	delta	32	disprove	ppt	disprove__ppt	"To prove to be false or wrong. To refute. ""disprove a theory"""	disproven	disproved	no_cond	11	0.1575937122106552
Qwen_Qwen2.5-32B	orig	33	disprove	ppt	disprove__ppt	"To prove to be false or wrong. To refute. ""disprove a theory"""	disproven	disproved	no_cond	11	0.0811043307185173
Qwen_Qwen2.5-32B	delta	33	disprove	ppt	disprove__ppt	"To prove to be false or wrong. To refute. ""disprove a theory"""	disproven	disproved	no_cond	11	0.1655309945344925
Qwen_Qwen2.5-32B	orig	34	disprove	ppt	disprove__ppt	"To prove to be false or wrong. To refute. ""disprove a theory"""	disproven	disproved	no_cond	11	0.07855834066867828
Qwen_Qwen2.5-32B	delta	34	disprove	ppt	disprove__ppt	"To prove to be false or wrong. To refute. ""disprove a theory"""	disproven	disproved	no_cond	11	0.16596253216266632
Qwen_Qwen2.5-32B	orig	35	disprove	ppt	disprove__ppt	"To prove to be false or wrong. To refute. ""disprove a theory"""	disproven	disproved	no_cond	11	0.08035905659198761
Qwen_Qwen2.5-32B	delta	35	disprove	ppt	disprove__ppt	"To prove to be false or wrong. To refute. ""disprove a theory"""	disproven	disproved	no_cond	11	0.16640043258666992
Qwen_Qwen2.5-32B	orig	36	disprove	ppt	disprove__ppt	"To prove to be false or wrong. To refute. ""disprove a theory"""	disproven	disproved	no_cond	11	0.08583187311887741
Qwen_Qwen2.5-32B	delta	36	disprove	ppt	disprove__ppt	"To prove to be false or wrong. To refute. ""disprove a theory"""	disproven	disproved	no_cond	11	0.16974495351314545
Qwen_Qwen2.5-32B	orig	37	disprove	ppt	disprove__ppt	"To prove to be false or wrong. To refute. ""disprove a theory"""	disproven	disproved	no_cond	11	0.10342491418123245
Qwen_Qwen2.5-32B	delta	37	disprove	ppt	disprove__ppt	"To prove to be false or wrong. To refute. ""disprove a theory"""	disproven	disproved	no_cond	11	0.17089423537254333
Qwen_Qwen2.5-32B	orig	38	disprove	ppt	disprove__ppt	"To prove to be false or wrong. To refute. ""disprove a theory"""	disproven	disproved	no_cond	11	0.06686870753765106
Qwen_Qwen2.5-32B	delta	38	disprove	ppt	disprove__ppt	"To prove to be false or wrong. To refute. ""disprove a theory"""	disproven	disproved	no_cond	11	0.1709023118019104
Qwen_Qwen2.5-32B	orig	39	disprove	ppt	disprove__ppt	"To prove to be false or wrong. To refute. ""disprove a theory"""	disproven	disproved	no_cond	11	0.07105094194412231
Qwen_Qwen2.5-32B	delta	39	disprove	ppt	disprove__ppt	"To prove to be false or wrong. To refute. ""disprove a theory"""	disproven	disproved	no_cond	11	0.17159707844257355
Qwen_Qwen2.5-32B	orig	40	disprove	ppt	disprove__ppt	"To prove to be false or wrong. To refute. ""disprove a theory"""	disproven	disproved	no_cond	11	0.07937737554311752
Qwen_Qwen2.5-32B	delta	40	disprove	ppt	disprove__ppt	"To prove to be false or wrong. To refute. ""disprove a theory"""	disproven	disproved	no_cond	11	0.17005012929439545
Qwen_Qwen2.5-32B	orig	41	disprove	ppt	disprove__ppt	"To prove to be false or wrong. To refute. ""disprove a theory"""	disproven	disproved	no_cond	11	0.07755693793296814
Qwen_Qwen2.5-32B	delta	41	disprove	ppt	disprove__ppt	"To prove to be false or wrong. To refute. ""disprove a theory"""	disproven	disproved	no_cond	11	0.17901916801929474
Qwen_Qwen2.5-32B	orig	42	disprove	ppt	disprove__ppt	"To prove to be false or wrong. To refute. ""disprove a theory"""	disproven	disproved	no_cond	11	0.07797706127166748
Qwen_Qwen2.5-32B	delta	42	disprove	ppt	disprove__ppt	"To prove to be false or wrong. To refute. ""disprove a theory"""	disproven	disproved	no_cond	11	0.17606860399246216
Qwen_Qwen2.5-32B	orig	43	disprove	ppt	disprove__ppt	"To prove to be false or wrong. To refute. ""disprove a theory"""	disproven	disproved	no_cond	11	0.0751848816871643
Qwen_Qwen2.5-32B	delta	43	disprove	ppt	disprove__ppt	"To prove to be false or wrong. To refute. ""disprove a theory"""	disproven	disproved	no_cond	11	0.1737777143716812
Qwen_Qwen2.5-32B	orig	44	disprove	ppt	disprove__ppt	"To prove to be false or wrong. To refute. ""disprove a theory"""	disproven	disproved	no_cond	11	0.09615962952375412
Qwen_Qwen2.5-32B	delta	44	disprove	ppt	disprove__ppt	"To prove to be false or wrong. To refute. ""disprove a theory"""	disproven	disproved	no_cond	11	0.17423616349697113
Qwen_Qwen2.5-32B	orig	45	disprove	ppt	disprove__ppt	"To prove to be false or wrong. To refute. ""disprove a theory"""	disproven	disproved	no_cond	11	0.09606733173131943
Qwen_Qwen2.5-32B	delta	45	disprove	ppt	disprove__ppt	"To prove to be false or wrong. To refute. ""disprove a theory"""	disproven	disproved	no_cond	11	0.17693819105625153
Qwen_Qwen2.5-32B	orig	46	disprove	ppt	disprove__ppt	"To prove to be false or wrong. To refute. ""disprove a theory"""	disproven	disproved	no_cond	11	0.08370725810527802
Qwen_Qwen2.5-32B	delta	46	disprove	ppt	disprove__ppt	"To prove to be false or wrong. To refute. ""disprove a theory"""	disproven	disproved	no_cond	11	0.1757768839597702
Qwen_Qwen2.5-32B	orig	47	disprove	ppt	disprove__ppt	"To prove to be false or wrong. To refute. ""disprove a theory"""	disproven	disproved	no_cond	11	0.09475696086883545
Qwen_Qwen2.5-32B	delta	47	disprove	ppt	disprove__ppt	"To prove to be false or wrong. To refute. ""disprove a theory"""	disproven	disproved	no_cond	11	0.17895512282848358
Qwen_Qwen2.5-32B	orig	48	disprove	ppt	disprove__ppt	"To prove to be false or wrong. To refute. ""disprove a theory"""	disproven	disproved	no_cond	11	0.09517843276262283
Qwen_Qwen2.5-32B	delta	48	disprove	ppt	disprove__ppt	"To prove to be false or wrong. To refute. ""disprove a theory"""	disproven	disproved	no_cond	11	0.17676179111003876
Qwen_Qwen2.5-32B	orig	49	disprove	ppt	disprove__ppt	"To prove to be false or wrong. To refute. ""disprove a theory"""	disproven	disproved	no_cond	11	0.0956726148724556
Qwen_Qwen2.5-32B	delta	49	disprove	ppt	disprove__ppt	"To prove to be false or wrong. To refute. ""disprove a theory"""	disproven	disproved	no_cond	11	0.18065430223941803
Qwen_Qwen2.5-32B	orig	50	disprove	ppt	disprove__ppt	"To prove to be false or wrong. To refute. ""disprove a theory"""	disproven	disproved	no_cond	11	0.09965452551841736
Qwen_Qwen2.5-32B	delta	50	disprove	ppt	disprove__ppt	"To prove to be false or wrong. To refute. ""disprove a theory"""	disproven	disproved	no_cond	11	0.17729316651821136
Qwen_Qwen2.5-32B	orig	51	disprove	ppt	disprove__ppt	"To prove to be false or wrong. To refute. ""disprove a theory"""	disproven	disproved	no_cond	11	0.1059938371181488
Qwen_Qwen2.5-32B	delta	51	disprove	ppt	disprove__ppt	"To prove to be false or wrong. To refute. ""disprove a theory"""	disproven	disproved	no_cond	11	0.17580634355545044
Qwen_Qwen2.5-32B	orig	52	disprove	ppt	disprove__ppt	"To prove to be false or wrong. To refute. ""disprove a theory"""	disproven	disproved	no_cond	11	0.11009501665830612
Qwen_Qwen2.5-32B	delta	52	disprove	ppt	disprove__ppt	"To prove to be false or wrong. To refute. ""disprove a theory"""	disproven	disproved	no_cond	11	0.17268770933151245
Qwen_Qwen2.5-32B	orig	53	disprove	ppt	disprove__ppt	"To prove to be false or wrong. To refute. ""disprove a theory"""	disproven	disproved	no_cond	11	0.09805228561162949
Qwen_Qwen2.5-32B	delta	53	disprove	ppt	disprove__ppt	"To prove to be false or wrong. To refute. ""disprove a theory"""	disproven	disproved	no_cond	11	0.1683453619480133
Qwen_Qwen2.5-32B	orig	54	disprove	ppt	disprove__ppt	"To prove to be false or wrong. To refute. ""disprove a theory"""	disproven	disproved	no_cond	11	0.10114932805299759
Qwen_Qwen2.5-32B	delta	54	disprove	ppt	disprove__ppt	"To prove to be false or wrong. To refute. ""disprove a theory"""	disproven	disproved	no_cond	11	0.17077255249023438
Qwen_Qwen2.5-32B	orig	55	disprove	ppt	disprove__ppt	"To prove to be false or wrong. To refute. ""disprove a theory"""	disproven	disproved	no_cond	11	0.10525158047676086
Qwen_Qwen2.5-32B	delta	55	disprove	ppt	disprove__ppt	"To prove to be false or wrong. To refute. ""disprove a theory"""	disproven	disproved	no_cond	11	0.16740359365940094
Qwen_Qwen2.5-32B	orig	56	disprove	ppt	disprove__ppt	"To prove to be false or wrong. To refute. ""disprove a theory"""	disproven	disproved	no_cond	11	0.07194884121417999
Qwen_Qwen2.5-32B	delta	56	disprove	ppt	disprove__ppt	"To prove to be false or wrong. To refute. ""disprove a theory"""	disproven	disproved	no_cond	11	0.16517411172389984
Qwen_Qwen2.5-32B	orig	57	disprove	ppt	disprove__ppt	"To prove to be false or wrong. To refute. ""disprove a theory"""	disproven	disproved	no_cond	11	0.07939159870147705
Qwen_Qwen2.5-32B	delta	57	disprove	ppt	disprove__ppt	"To prove to be false or wrong. To refute. ""disprove a theory"""	disproven	disproved	no_cond	11	0.15729807317256927
Qwen_Qwen2.5-32B	orig	58	disprove	ppt	disprove__ppt	"To prove to be false or wrong. To refute. ""disprove a theory"""	disproven	disproved	no_cond	11	0.0889405682682991
Qwen_Qwen2.5-32B	delta	58	disprove	ppt	disprove__ppt	"To prove to be false or wrong. To refute. ""disprove a theory"""	disproven	disproved	no_cond	11	0.15310455858707428
Qwen_Qwen2.5-32B	orig	59	disprove	ppt	disprove__ppt	"To prove to be false or wrong. To refute. ""disprove a theory"""	disproven	disproved	no_cond	11	0.08829902857542038
Qwen_Qwen2.5-32B	delta	59	disprove	ppt	disprove__ppt	"To prove to be false or wrong. To refute. ""disprove a theory"""	disproven	disproved	no_cond	11	0.1454099714756012
Qwen_Qwen2.5-32B	orig	60	disprove	ppt	disprove__ppt	"To prove to be false or wrong. To refute. ""disprove a theory"""	disproven	disproved	no_cond	11	0.08657490462064743
Qwen_Qwen2.5-32B	delta	60	disprove	ppt	disprove__ppt	"To prove to be false or wrong. To refute. ""disprove a theory"""	disproven	disproved	no_cond	11	0.07575079798698425
Qwen_Qwen2.5-32B	orig	61	disprove	ppt	disprove__ppt	"To prove to be false or wrong. To refute. ""disprove a theory"""	disproven	disproved	no_cond	11	0.17457664012908936
Qwen_Qwen2.5-32B	delta	61	disprove	ppt	disprove__ppt	"To prove to be false or wrong. To refute. ""disprove a theory"""	disproven	disproved	no_cond	11	0.07363077998161316
Qwen_Qwen2.5-32B	orig	62	disprove	ppt	disprove__ppt	"To prove to be false or wrong. To refute. ""disprove a theory"""	disproven	disproved	no_cond	11	0.1918768435716629
Qwen_Qwen2.5-32B	delta	62	disprove	ppt	disprove__ppt	"To prove to be false or wrong. To refute. ""disprove a theory"""	disproven	disproved	no_cond	11	0.07317002862691879
Qwen_Qwen2.5-32B	orig	63	disprove	ppt	disprove__ppt	"To prove to be false or wrong. To refute. ""disprove a theory"""	disproven	disproved	no_cond	11	0.19889044761657715
Qwen_Qwen2.5-32B	delta	63	disprove	ppt	disprove__ppt	"To prove to be false or wrong. To refute. ""disprove a theory"""	disproven	disproved	no_cond	11	0.09958906471729279
Qwen_Qwen2.5-32B	orig	64	disprove	ppt	disprove__ppt	"To prove to be false or wrong. To refute. ""disprove a theory"""	disproven	disproved	no_cond	11	0.13440856337547302
Qwen_Qwen2.5-32B	delta	64	disprove	ppt	disprove__ppt	"To prove to be false or wrong. To refute. ""disprove a theory"""	disproven	disproved	no_cond	11	0.13047172129154205
Qwen_Qwen2.5-32B	orig	0	dive	pst	dive__pst	To plunge into water intentionally	dived	dove	prob	3	nan
Qwen_Qwen2.5-32B	delta	0	dive	pst	dive__pst	To plunge into water intentionally	dived	dove	prob	3	nan
Qwen_Qwen2.5-32B	orig	1	dive	pst	dive__pst	To plunge into water intentionally	dived	dove	prob	3	0.08387815952301025
Qwen_Qwen2.5-32B	delta	1	dive	pst	dive__pst	To plunge into water intentionally	dived	dove	prob	3	0.18613547086715698
Qwen_Qwen2.5-32B	orig	2	dive	pst	dive__pst	To plunge into water intentionally	dived	dove	prob	3	0.12515492737293243
Qwen_Qwen2.5-32B	delta	2	dive	pst	dive__pst	To plunge into water intentionally	dived	dove	prob	3	0.044370293617248535
Qwen_Qwen2.5-32B	orig	3	dive	pst	dive__pst	To plunge into water intentionally	dived	dove	prob	3	0.17354081571102142
Qwen_Qwen2.5-32B	delta	3	dive	pst	dive__pst	To plunge into water intentionally	dived	dove	prob	3	0.07759629935026169
Qwen_Qwen2.5-32B	orig	4	dive	pst	dive__pst	To plunge into water intentionally	dived	dove	prob	3	0.24057896435260773
Qwen_Qwen2.5-32B	delta	4	dive	pst	dive__pst	To plunge into water intentionally	dived	dove	prob	3	0.09990432858467102
Qwen_Qwen2.5-32B	orig	5	dive	pst	dive__pst	To plunge into water intentionally	dived	dove	prob	3	0.2476940155029297
Qwen_Qwen2.5-32B	delta	5	dive	pst	dive__pst	To plunge into water intentionally	dived	dove	prob	3	0.1084924265742302
Qwen_Qwen2.5-32B	orig	6	dive	pst	dive__pst	To plunge into water intentionally	dived	dove	prob	3	0.2029283046722412
Qwen_Qwen2.5-32B	delta	6	dive	pst	dive__pst	To plunge into water intentionally	dived	dove	prob	3	0.1438213735818863
Qwen_Qwen2.5-32B	orig	7	dive	pst	dive__pst	To plunge into water intentionally	dived	dove	prob	3	0.16624802350997925
Qwen_Qwen2.5-32B	delta	7	dive	pst	dive__pst	To plunge into water intentionally	dived	dove	prob	3	0.1668616086244583
Qwen_Qwen2.5-32B	orig	8	dive	pst	dive__pst	To plunge into water intentionally	dived	dove	prob	3	0.1890619397163391
Qwen_Qwen2.5-32B	delta	8	dive	pst	dive__pst	To plunge into water intentionally	dived	dove	prob	3	0.1666783094406128
Qwen_Qwen2.5-32B	orig	9	dive	pst	dive__pst	To plunge into water intentionally	dived	dove	prob	3	0.149736687541008
Qwen_Qwen2.5-32B	delta	9	dive	pst	dive__pst	To plunge into water intentionally	dived	dove	prob	3	0.16620200872421265
Qwen_Qwen2.5-32B	orig	10	dive	pst	dive__pst	To plunge into water intentionally	dived	dove	prob	3	0.140998974442482
Qwen_Qwen2.5-32B	delta	10	dive	pst	dive__pst	To plunge into water intentionally	dived	dove	prob	3	0.16432930529117584
Qwen_Qwen2.5-32B	orig	11	dive	pst	dive__pst	To plunge into water intentionally	dived	dove	prob	3	0.15430621802806854
Qwen_Qwen2.5-32B	delta	11	dive	pst	dive__pst	To plunge into water intentionally	dived	dove	prob	3	0.16750438511371613
Qwen_Qwen2.5-32B	orig	12	dive	pst	dive__pst	To plunge into water intentionally	dived	dove	prob	3	0.16833126544952393
Qwen_Qwen2.5-32B	delta	12	dive	pst	dive__pst	To plunge into water intentionally	dived	dove	prob	3	0.14892785251140594
Qwen_Qwen2.5-32B	orig	13	dive	pst	dive__pst	To plunge into water intentionally	dived	dove	prob	3	0.1336410790681839
Qwen_Qwen2.5-32B	delta	13	dive	pst	dive__pst	To plunge into water intentionally	dived	dove	prob	3	0.16715335845947266
Qwen_Qwen2.5-32B	orig	14	dive	pst	dive__pst	To plunge into water intentionally	dived	dove	prob	3	0.10673955827951431
Qwen_Qwen2.5-32B	delta	14	dive	pst	dive__pst	To plunge into water intentionally	dived	dove	prob	3	0.1679120808839798
Qwen_Qwen2.5-32B	orig	15	dive	pst	dive__pst	To plunge into water intentionally	dived	dove	prob	3	0.09255815297365189
Qwen_Qwen2.5-32B	delta	15	dive	pst	dive__pst	To plunge into water intentionally	dived	dove	prob	3	0.16513857245445251
Qwen_Qwen2.5-32B	orig	16	dive	pst	dive__pst	To plunge into water intentionally	dived	dove	prob	3	0.10100381821393967
Qwen_Qwen2.5-32B	delta	16	dive	pst	dive__pst	To plunge into water intentionally	dived	dove	prob	3	0.1593201905488968
Qwen_Qwen2.5-32B	orig	17	dive	pst	dive__pst	To plunge into water intentionally	dived	dove	prob	3	0.12963934242725372
Qwen_Qwen2.5-32B	delta	17	dive	pst	dive__pst	To plunge into water intentionally	dived	dove	prob	3	0.15825067460536957
Qwen_Qwen2.5-32B	orig	18	dive	pst	dive__pst	To plunge into water intentionally	dived	dove	prob	3	0.15146054327487946
Qwen_Qwen2.5-32B	delta	18	dive	pst	dive__pst	To plunge into water intentionally	dived	dove	prob	3	0.1415921449661255
Qwen_Qwen2.5-32B	orig	19	dive	pst	dive__pst	To plunge into water intentionally	dived	dove	prob	3	0.16061849892139435
Qwen_Qwen2.5-32B	delta	19	dive	pst	dive__pst	To plunge into water intentionally	dived	dove	prob	3	0.13565389811992645
Qwen_Qwen2.5-32B	orig	20	dive	pst	dive__pst	To plunge into water intentionally	dived	dove	prob	3	0.16405819356441498
Qwen_Qwen2.5-32B	delta	20	dive	pst	dive__pst	To plunge into water intentionally	dived	dove	prob	3	0.13078244030475616
Qwen_Qwen2.5-32B	orig	21	dive	pst	dive__pst	To plunge into water intentionally	dived	dove	prob	3	0.1637595146894455
Qwen_Qwen2.5-32B	delta	21	dive	pst	dive__pst	To plunge into water intentionally	dived	dove	prob	3	0.132131889462471
Qwen_Qwen2.5-32B	orig	22	dive	pst	dive__pst	To plunge into water intentionally	dived	dove	prob	3	0.15420949459075928
Qwen_Qwen2.5-32B	delta	22	dive	pst	dive__pst	To plunge into water intentionally	dived	dove	prob	3	0.12488480657339096
Qwen_Qwen2.5-32B	orig	23	dive	pst	dive__pst	To plunge into water intentionally	dived	dove	prob	3	0.14984959363937378
Qwen_Qwen2.5-32B	delta	23	dive	pst	dive__pst	To plunge into water intentionally	dived	dove	prob	3	0.12218502163887024
Qwen_Qwen2.5-32B	orig	24	dive	pst	dive__pst	To plunge into water intentionally	dived	dove	prob	3	0.14708788692951202
Qwen_Qwen2.5-32B	delta	24	dive	pst	dive__pst	To plunge into water intentionally	dived	dove	prob	3	0.12243162840604782
Qwen_Qwen2.5-32B	orig	25	dive	pst	dive__pst	To plunge into water intentionally	dived	dove	prob	3	0.13151292502880096
Qwen_Qwen2.5-32B	delta	25	dive	pst	dive__pst	To plunge into water intentionally	dived	dove	prob	3	0.1261858493089676
Qwen_Qwen2.5-32B	orig	26	dive	pst	dive__pst	To plunge into water intentionally	dived	dove	prob	3	0.12783822417259216
Qwen_Qwen2.5-32B	delta	26	dive	pst	dive__pst	To plunge into water intentionally	dived	dove	prob	3	0.1285770833492279
Qwen_Qwen2.5-32B	orig	27	dive	pst	dive__pst	To plunge into water intentionally	dived	dove	prob	3	0.12183627486228943
Qwen_Qwen2.5-32B	delta	27	dive	pst	dive__pst	To plunge into water intentionally	dived	dove	prob	3	0.12501521408557892
Qwen_Qwen2.5-32B	orig	28	dive	pst	dive__pst	To plunge into water intentionally	dived	dove	prob	3	0.11422111839056015
Qwen_Qwen2.5-32B	delta	28	dive	pst	dive__pst	To plunge into water intentionally	dived	dove	prob	3	0.12920647859573364
Qwen_Qwen2.5-32B	orig	29	dive	pst	dive__pst	To plunge into water intentionally	dived	dove	prob	3	0.1104363203048706
Qwen_Qwen2.5-32B	delta	29	dive	pst	dive__pst	To plunge into water intentionally	dived	dove	prob	3	0.13724230229854584
Qwen_Qwen2.5-32B	orig	30	dive	pst	dive__pst	To plunge into water intentionally	dived	dove	prob	3	0.10746917128562927
Qwen_Qwen2.5-32B	delta	30	dive	pst	dive__pst	To plunge into water intentionally	dived	dove	prob	3	0.13946273922920227
Qwen_Qwen2.5-32B	orig	31	dive	pst	dive__pst	To plunge into water intentionally	dived	dove	prob	3	0.11081308126449585
Qwen_Qwen2.5-32B	delta	31	dive	pst	dive__pst	To plunge into water intentionally	dived	dove	prob	3	0.13983720541000366
Qwen_Qwen2.5-32B	orig	32	dive	pst	dive__pst	To plunge into water intentionally	dived	dove	prob	3	0.11737348884344101
Qwen_Qwen2.5-32B	delta	32	dive	pst	dive__pst	To plunge into water intentionally	dived	dove	prob	3	0.13597369194030762
Qwen_Qwen2.5-32B	orig	33	dive	pst	dive__pst	To plunge into water intentionally	dived	dove	prob	3	0.12373509258031845
Qwen_Qwen2.5-32B	delta	33	dive	pst	dive__pst	To plunge into water intentionally	dived	dove	prob	3	0.1431785672903061
Qwen_Qwen2.5-32B	orig	34	dive	pst	dive__pst	To plunge into water intentionally	dived	dove	prob	3	0.11359614878892899
Qwen_Qwen2.5-32B	delta	34	dive	pst	dive__pst	To plunge into water intentionally	dived	dove	prob	3	0.14383986592292786
Qwen_Qwen2.5-32B	orig	35	dive	pst	dive__pst	To plunge into water intentionally	dived	dove	prob	3	0.11001605540513992
Qwen_Qwen2.5-32B	delta	35	dive	pst	dive__pst	To plunge into water intentionally	dived	dove	prob	3	0.13924162089824677
Qwen_Qwen2.5-32B	orig	36	dive	pst	dive__pst	To plunge into water intentionally	dived	dove	prob	3	0.09029752016067505
Qwen_Qwen2.5-32B	delta	36	dive	pst	dive__pst	To plunge into water intentionally	dived	dove	prob	3	0.14321498572826385
Qwen_Qwen2.5-32B	orig	37	dive	pst	dive__pst	To plunge into water intentionally	dived	dove	prob	3	0.08470660448074341
Qwen_Qwen2.5-32B	delta	37	dive	pst	dive__pst	To plunge into water intentionally	dived	dove	prob	3	0.15325927734375
Qwen_Qwen2.5-32B	orig	38	dive	pst	dive__pst	To plunge into water intentionally	dived	dove	prob	3	0.07398980855941772
Qwen_Qwen2.5-32B	delta	38	dive	pst	dive__pst	To plunge into water intentionally	dived	dove	prob	3	0.1508328765630722
Qwen_Qwen2.5-32B	orig	39	dive	pst	dive__pst	To plunge into water intentionally	dived	dove	prob	3	0.06400305777788162
Qwen_Qwen2.5-32B	delta	39	dive	pst	dive__pst	To plunge into water intentionally	dived	dove	prob	3	0.14306585490703583
Qwen_Qwen2.5-32B	orig	40	dive	pst	dive__pst	To plunge into water intentionally	dived	dove	prob	3	0.05973070487380028
Qwen_Qwen2.5-32B	delta	40	dive	pst	dive__pst	To plunge into water intentionally	dived	dove	prob	3	0.14529801905155182
Qwen_Qwen2.5-32B	orig	41	dive	pst	dive__pst	To plunge into water intentionally	dived	dove	prob	3	0.054259080439805984
Qwen_Qwen2.5-32B	delta	41	dive	pst	dive__pst	To plunge into water intentionally	dived	dove	prob	3	0.15370045602321625
Qwen_Qwen2.5-32B	orig	42	dive	pst	dive__pst	To plunge into water intentionally	dived	dove	prob	3	0.04304284229874611
Qwen_Qwen2.5-32B	delta	42	dive	pst	dive__pst	To plunge into water intentionally	dived	dove	prob	3	0.1493946760892868
Qwen_Qwen2.5-32B	orig	43	dive	pst	dive__pst	To plunge into water intentionally	dived	dove	prob	3	0.042509857565164566
Qwen_Qwen2.5-32B	delta	43	dive	pst	dive__pst	To plunge into water intentionally	dived	dove	prob	3	0.1394653469324112
Qwen_Qwen2.5-32B	orig	44	dive	pst	dive__pst	To plunge into water intentionally	dived	dove	prob	3	0.04566830024123192
Qwen_Qwen2.5-32B	delta	44	dive	pst	dive__pst	To plunge into water intentionally	dived	dove	prob	3	0.13622532784938812
Qwen_Qwen2.5-32B	orig	45	dive	pst	dive__pst	To plunge into water intentionally	dived	dove	prob	3	0.05260707437992096
Qwen_Qwen2.5-32B	delta	45	dive	pst	dive__pst	To plunge into water intentionally	dived	dove	prob	3	0.14155469834804535
Qwen_Qwen2.5-32B	orig	46	dive	pst	dive__pst	To plunge into water intentionally	dived	dove	prob	3	0.04554436728358269
Qwen_Qwen2.5-32B	delta	46	dive	pst	dive__pst	To plunge into water intentionally	dived	dove	prob	3	0.14984919130802155
Qwen_Qwen2.5-32B	orig	47	dive	pst	dive__pst	To plunge into water intentionally	dived	dove	prob	3	0.05181644484400749
Qwen_Qwen2.5-32B	delta	47	dive	pst	dive__pst	To plunge into water intentionally	dived	dove	prob	3	0.16138584911823273
Qwen_Qwen2.5-32B	orig	48	dive	pst	dive__pst	To plunge into water intentionally	dived	dove	prob	3	0.04285188019275665
Qwen_Qwen2.5-32B	delta	48	dive	pst	dive__pst	To plunge into water intentionally	dived	dove	prob	3	0.17772090435028076
Qwen_Qwen2.5-32B	orig	49	dive	pst	dive__pst	To plunge into water intentionally	dived	dove	prob	3	0.03903620317578316
Qwen_Qwen2.5-32B	delta	49	dive	pst	dive__pst	To plunge into water intentionally	dived	dove	prob	3	0.17539231479167938
Qwen_Qwen2.5-32B	orig	50	dive	pst	dive__pst	To plunge into water intentionally	dived	dove	prob	3	0.038619328290224075
Qwen_Qwen2.5-32B	delta	50	dive	pst	dive__pst	To plunge into water intentionally	dived	dove	prob	3	0.18793030083179474
Qwen_Qwen2.5-32B	orig	51	dive	pst	dive__pst	To plunge into water intentionally	dived	dove	prob	3	0.04776465892791748
Qwen_Qwen2.5-32B	delta	51	dive	pst	dive__pst	To plunge into water intentionally	dived	dove	prob	3	0.18825513124465942
Qwen_Qwen2.5-32B	orig	52	dive	pst	dive__pst	To plunge into water intentionally	dived	dove	prob	3	0.050389062613248825
Qwen_Qwen2.5-32B	delta	52	dive	pst	dive__pst	To plunge into water intentionally	dived	dove	prob	3	0.1862878054380417
Qwen_Qwen2.5-32B	orig	53	dive	pst	dive__pst	To plunge into water intentionally	dived	dove	prob	3	0.03833519294857979
Qwen_Qwen2.5-32B	delta	53	dive	pst	dive__pst	To plunge into water intentionally	dived	dove	prob	3	0.18062923848628998
Qwen_Qwen2.5-32B	orig	54	dive	pst	dive__pst	To plunge into water intentionally	dived	dove	prob	3	0.04067644104361534
Qwen_Qwen2.5-32B	delta	54	dive	pst	dive__pst	To plunge into water intentionally	dived	dove	prob	3	0.18427491188049316
Qwen_Qwen2.5-32B	orig	55	dive	pst	dive__pst	To plunge into water intentionally	dived	dove	prob	3	0.05314125493168831
Qwen_Qwen2.5-32B	delta	55	dive	pst	dive__pst	To plunge into water intentionally	dived	dove	prob	3	0.18053530156612396
Qwen_Qwen2.5-32B	orig	56	dive	pst	dive__pst	To plunge into water intentionally	dived	dove	prob	3	0.05570995807647705
Qwen_Qwen2.5-32B	delta	56	dive	pst	dive__pst	To plunge into water intentionally	dived	dove	prob	3	0.17951683700084686
Qwen_Qwen2.5-32B	orig	57	dive	pst	dive__pst	To plunge into water intentionally	dived	dove	prob	3	0.06299663335084915
Qwen_Qwen2.5-32B	delta	57	dive	pst	dive__pst	To plunge into water intentionally	dived	dove	prob	3	0.1751428246498108
Qwen_Qwen2.5-32B	orig	58	dive	pst	dive__pst	To plunge into water intentionally	dived	dove	prob	3	0.07590583711862564
Qwen_Qwen2.5-32B	delta	58	dive	pst	dive__pst	To plunge into water intentionally	dived	dove	prob	3	0.16559986770153046
Qwen_Qwen2.5-32B	orig	59	dive	pst	dive__pst	To plunge into water intentionally	dived	dove	prob	3	0.08016028255224228
Qwen_Qwen2.5-32B	delta	59	dive	pst	dive__pst	To plunge into water intentionally	dived	dove	prob	3	0.1595737189054489
Qwen_Qwen2.5-32B	orig	60	dive	pst	dive__pst	To plunge into water intentionally	dived	dove	prob	3	0.0826011672616005
Qwen_Qwen2.5-32B	delta	60	dive	pst	dive__pst	To plunge into water intentionally	dived	dove	prob	3	0.14823181927204132
Qwen_Qwen2.5-32B	orig	61	dive	pst	dive__pst	To plunge into water intentionally	dived	dove	prob	3	0.07912086695432663
Qwen_Qwen2.5-32B	delta	61	dive	pst	dive__pst	To plunge into water intentionally	dived	dove	prob	3	0.14858432114124298
Qwen_Qwen2.5-32B	orig	62	dive	pst	dive__pst	To plunge into water intentionally	dived	dove	prob	3	0.07233494520187378
Qwen_Qwen2.5-32B	delta	62	dive	pst	dive__pst	To plunge into water intentionally	dived	dove	prob	3	0.1525767594575882
Qwen_Qwen2.5-32B	orig	63	dive	pst	dive__pst	To plunge into water intentionally	dived	dove	prob	3	0.05066828802227974
Qwen_Qwen2.5-32B	delta	63	dive	pst	dive__pst	To plunge into water intentionally	dived	dove	prob	3	0.18317079544067383
Qwen_Qwen2.5-32B	orig	64	dive	pst	dive__pst	To plunge into water intentionally	dived	dove	prob	3	0.18282662332057953
Qwen_Qwen2.5-32B	delta	64	dive	pst	dive__pst	To plunge into water intentionally	dived	dove	prob	3	0.3413413465023041
Qwen_Qwen2.5-32B	orig	0	dream	pst	dream__pst	"To have a dream of. ""dreamt that he was running in the woods"""	dreamt	dreamed	prob	8	nan
Qwen_Qwen2.5-32B	delta	0	dream	pst	dream__pst	"To have a dream of. ""dreamt that he was running in the woods"""	dreamt	dreamed	prob	8	nan
Qwen_Qwen2.5-32B	orig	1	dream	pst	dream__pst	"To have a dream of. ""dreamt that he was running in the woods"""	dreamt	dreamed	prob	8	0.26905325055122375
Qwen_Qwen2.5-32B	delta	1	dream	pst	dream__pst	"To have a dream of. ""dreamt that he was running in the woods"""	dreamt	dreamed	prob	8	0.05379541218280792
Qwen_Qwen2.5-32B	orig	2	dream	pst	dream__pst	"To have a dream of. ""dreamt that he was running in the woods"""	dreamt	dreamed	prob	8	0.2504323720932007
Qwen_Qwen2.5-32B	delta	2	dream	pst	dream__pst	"To have a dream of. ""dreamt that he was running in the woods"""	dreamt	dreamed	prob	8	0.035512775182724
Qwen_Qwen2.5-32B	orig	3	dream	pst	dream__pst	"To have a dream of. ""dreamt that he was running in the woods"""	dreamt	dreamed	prob	8	0.27571436762809753
Qwen_Qwen2.5-32B	delta	3	dream	pst	dream__pst	"To have a dream of. ""dreamt that he was running in the woods"""	dreamt	dreamed	prob	8	0.03468461334705353
Qwen_Qwen2.5-32B	orig	4	dream	pst	dream__pst	"To have a dream of. ""dreamt that he was running in the woods"""	dreamt	dreamed	prob	8	0.25615739822387695
Qwen_Qwen2.5-32B	delta	4	dream	pst	dream__pst	"To have a dream of. ""dreamt that he was running in the woods"""	dreamt	dreamed	prob	8	0.27990657091140747
Qwen_Qwen2.5-32B	orig	5	dream	pst	dream__pst	"To have a dream of. ""dreamt that he was running in the woods"""	dreamt	dreamed	prob	8	0.38144567608833313
Qwen_Qwen2.5-32B	delta	5	dream	pst	dream__pst	"To have a dream of. ""dreamt that he was running in the woods"""	dreamt	dreamed	prob	8	0.2731741666793823
Qwen_Qwen2.5-32B	orig	6	dream	pst	dream__pst	"To have a dream of. ""dreamt that he was running in the woods"""	dreamt	dreamed	prob	8	0.3521725833415985
Qwen_Qwen2.5-32B	delta	6	dream	pst	dream__pst	"To have a dream of. ""dreamt that he was running in the woods"""	dreamt	dreamed	prob	8	0.29383349418640137
Qwen_Qwen2.5-32B	orig	7	dream	pst	dream__pst	"To have a dream of. ""dreamt that he was running in the woods"""	dreamt	dreamed	prob	8	0.2782815098762512
Qwen_Qwen2.5-32B	delta	7	dream	pst	dream__pst	"To have a dream of. ""dreamt that he was running in the woods"""	dreamt	dreamed	prob	8	0.32708317041397095
Qwen_Qwen2.5-32B	orig	8	dream	pst	dream__pst	"To have a dream of. ""dreamt that he was running in the woods"""	dreamt	dreamed	prob	8	0.2681540846824646
Qwen_Qwen2.5-32B	delta	8	dream	pst	dream__pst	"To have a dream of. ""dreamt that he was running in the woods"""	dreamt	dreamed	prob	8	0.3040790259838104
Qwen_Qwen2.5-32B	orig	9	dream	pst	dream__pst	"To have a dream of. ""dreamt that he was running in the woods"""	dreamt	dreamed	prob	8	0.22764667868614197
Qwen_Qwen2.5-32B	delta	9	dream	pst	dream__pst	"To have a dream of. ""dreamt that he was running in the woods"""	dreamt	dreamed	prob	8	0.3263765573501587
Qwen_Qwen2.5-32B	orig	10	dream	pst	dream__pst	"To have a dream of. ""dreamt that he was running in the woods"""	dreamt	dreamed	prob	8	0.2191760241985321
Qwen_Qwen2.5-32B	delta	10	dream	pst	dream__pst	"To have a dream of. ""dreamt that he was running in the woods"""	dreamt	dreamed	prob	8	0.3174550533294678
Qwen_Qwen2.5-32B	orig	11	dream	pst	dream__pst	"To have a dream of. ""dreamt that he was running in the woods"""	dreamt	dreamed	prob	8	0.18089622259140015
Qwen_Qwen2.5-32B	delta	11	dream	pst	dream__pst	"To have a dream of. ""dreamt that he was running in the woods"""	dreamt	dreamed	prob	8	0.33600297570228577
Qwen_Qwen2.5-32B	orig	12	dream	pst	dream__pst	"To have a dream of. ""dreamt that he was running in the woods"""	dreamt	dreamed	prob	8	0.1742454469203949
Qwen_Qwen2.5-32B	delta	12	dream	pst	dream__pst	"To have a dream of. ""dreamt that he was running in the woods"""	dreamt	dreamed	prob	8	0.3159947395324707
Qwen_Qwen2.5-32B	orig	13	dream	pst	dream__pst	"To have a dream of. ""dreamt that he was running in the woods"""	dreamt	dreamed	prob	8	0.15777592360973358
Qwen_Qwen2.5-32B	delta	13	dream	pst	dream__pst	"To have a dream of. ""dreamt that he was running in the woods"""	dreamt	dreamed	prob	8	0.3375284969806671
Qwen_Qwen2.5-32B	orig	14	dream	pst	dream__pst	"To have a dream of. ""dreamt that he was running in the woods"""	dreamt	dreamed	prob	8	0.147544264793396
Qwen_Qwen2.5-32B	delta	14	dream	pst	dream__pst	"To have a dream of. ""dreamt that he was running in the woods"""	dreamt	dreamed	prob	8	0.32996460795402527
Qwen_Qwen2.5-32B	orig	15	dream	pst	dream__pst	"To have a dream of. ""dreamt that he was running in the woods"""	dreamt	dreamed	prob	8	0.12947453558444977
Qwen_Qwen2.5-32B	delta	15	dream	pst	dream__pst	"To have a dream of. ""dreamt that he was running in the woods"""	dreamt	dreamed	prob	8	0.36144840717315674
Qwen_Qwen2.5-32B	orig	16	dream	pst	dream__pst	"To have a dream of. ""dreamt that he was running in the woods"""	dreamt	dreamed	prob	8	0.23009532690048218
Qwen_Qwen2.5-32B	delta	16	dream	pst	dream__pst	"To have a dream of. ""dreamt that he was running in the woods"""	dreamt	dreamed	prob	8	0.36559006571769714
Qwen_Qwen2.5-32B	orig	17	dream	pst	dream__pst	"To have a dream of. ""dreamt that he was running in the woods"""	dreamt	dreamed	prob	8	0.23762765526771545
Qwen_Qwen2.5-32B	delta	17	dream	pst	dream__pst	"To have a dream of. ""dreamt that he was running in the woods"""	dreamt	dreamed	prob	8	0.3563137352466583
Qwen_Qwen2.5-32B	orig	18	dream	pst	dream__pst	"To have a dream of. ""dreamt that he was running in the woods"""	dreamt	dreamed	prob	8	0.24035240709781647
Qwen_Qwen2.5-32B	delta	18	dream	pst	dream__pst	"To have a dream of. ""dreamt that he was running in the woods"""	dreamt	dreamed	prob	8	0.3589986562728882
Qwen_Qwen2.5-32B	orig	19	dream	pst	dream__pst	"To have a dream of. ""dreamt that he was running in the woods"""	dreamt	dreamed	prob	8	0.23904117941856384
Qwen_Qwen2.5-32B	delta	19	dream	pst	dream__pst	"To have a dream of. ""dreamt that he was running in the woods"""	dreamt	dreamed	prob	8	0.35147929191589355
Qwen_Qwen2.5-32B	orig	20	dream	pst	dream__pst	"To have a dream of. ""dreamt that he was running in the woods"""	dreamt	dreamed	prob	8	0.23171192407608032
Qwen_Qwen2.5-32B	delta	20	dream	pst	dream__pst	"To have a dream of. ""dreamt that he was running in the woods"""	dreamt	dreamed	prob	8	0.34019309282302856
Qwen_Qwen2.5-32B	orig	21	dream	pst	dream__pst	"To have a dream of. ""dreamt that he was running in the woods"""	dreamt	dreamed	prob	8	0.24166962504386902
Qwen_Qwen2.5-32B	delta	21	dream	pst	dream__pst	"To have a dream of. ""dreamt that he was running in the woods"""	dreamt	dreamed	prob	8	0.33809834718704224
Qwen_Qwen2.5-32B	orig	22	dream	pst	dream__pst	"To have a dream of. ""dreamt that he was running in the woods"""	dreamt	dreamed	prob	8	0.24764814972877502
Qwen_Qwen2.5-32B	delta	22	dream	pst	dream__pst	"To have a dream of. ""dreamt that he was running in the woods"""	dreamt	dreamed	prob	8	0.32606226205825806
Qwen_Qwen2.5-32B	orig	23	dream	pst	dream__pst	"To have a dream of. ""dreamt that he was running in the woods"""	dreamt	dreamed	prob	8	0.23744678497314453
Qwen_Qwen2.5-32B	delta	23	dream	pst	dream__pst	"To have a dream of. ""dreamt that he was running in the woods"""	dreamt	dreamed	prob	8	0.31333282589912415
Qwen_Qwen2.5-32B	orig	24	dream	pst	dream__pst	"To have a dream of. ""dreamt that he was running in the woods"""	dreamt	dreamed	prob	8	0.22248172760009766
Qwen_Qwen2.5-32B	delta	24	dream	pst	dream__pst	"To have a dream of. ""dreamt that he was running in the woods"""	dreamt	dreamed	prob	8	0.30072930455207825
Qwen_Qwen2.5-32B	orig	25	dream	pst	dream__pst	"To have a dream of. ""dreamt that he was running in the woods"""	dreamt	dreamed	prob	8	0.21904799342155457
Qwen_Qwen2.5-32B	delta	25	dream	pst	dream__pst	"To have a dream of. ""dreamt that he was running in the woods"""	dreamt	dreamed	prob	8	0.2948879897594452
Qwen_Qwen2.5-32B	orig	26	dream	pst	dream__pst	"To have a dream of. ""dreamt that he was running in the woods"""	dreamt	dreamed	prob	8	0.22694405913352966
Qwen_Qwen2.5-32B	delta	26	dream	pst	dream__pst	"To have a dream of. ""dreamt that he was running in the woods"""	dreamt	dreamed	prob	8	0.29383885860443115
Qwen_Qwen2.5-32B	orig	27	dream	pst	dream__pst	"To have a dream of. ""dreamt that he was running in the woods"""	dreamt	dreamed	prob	8	0.228465273976326
Qwen_Qwen2.5-32B	delta	27	dream	pst	dream__pst	"To have a dream of. ""dreamt that he was running in the woods"""	dreamt	dreamed	prob	8	0.28530287742614746
Qwen_Qwen2.5-32B	orig	28	dream	pst	dream__pst	"To have a dream of. ""dreamt that he was running in the woods"""	dreamt	dreamed	prob	8	0.22855208814144135
Qwen_Qwen2.5-32B	delta	28	dream	pst	dream__pst	"To have a dream of. ""dreamt that he was running in the woods"""	dreamt	dreamed	prob	8	0.2768891155719757
Qwen_Qwen2.5-32B	orig	29	dream	pst	dream__pst	"To have a dream of. ""dreamt that he was running in the woods"""	dreamt	dreamed	prob	8	0.22202162444591522
Qwen_Qwen2.5-32B	delta	29	dream	pst	dream__pst	"To have a dream of. ""dreamt that he was running in the woods"""	dreamt	dreamed	prob	8	0.26741063594818115
Qwen_Qwen2.5-32B	orig	30	dream	pst	dream__pst	"To have a dream of. ""dreamt that he was running in the woods"""	dreamt	dreamed	prob	8	0.22194090485572815
Qwen_Qwen2.5-32B	delta	30	dream	pst	dream__pst	"To have a dream of. ""dreamt that he was running in the woods"""	dreamt	dreamed	prob	8	0.2641843557357788
Qwen_Qwen2.5-32B	orig	31	dream	pst	dream__pst	"To have a dream of. ""dreamt that he was running in the woods"""	dreamt	dreamed	prob	8	0.20995447039604187
Qwen_Qwen2.5-32B	delta	31	dream	pst	dream__pst	"To have a dream of. ""dreamt that he was running in the woods"""	dreamt	dreamed	prob	8	0.2520766854286194
Qwen_Qwen2.5-32B	orig	32	dream	pst	dream__pst	"To have a dream of. ""dreamt that he was running in the woods"""	dreamt	dreamed	prob	8	0.2064891904592514
Qwen_Qwen2.5-32B	delta	32	dream	pst	dream__pst	"To have a dream of. ""dreamt that he was running in the woods"""	dreamt	dreamed	prob	8	0.24508826434612274
Qwen_Qwen2.5-32B	orig	33	dream	pst	dream__pst	"To have a dream of. ""dreamt that he was running in the woods"""	dreamt	dreamed	prob	8	0.20054486393928528
Qwen_Qwen2.5-32B	delta	33	dream	pst	dream__pst	"To have a dream of. ""dreamt that he was running in the woods"""	dreamt	dreamed	prob	8	0.24700810015201569
Qwen_Qwen2.5-32B	orig	34	dream	pst	dream__pst	"To have a dream of. ""dreamt that he was running in the woods"""	dreamt	dreamed	prob	8	0.20337194204330444
Qwen_Qwen2.5-32B	delta	34	dream	pst	dream__pst	"To have a dream of. ""dreamt that he was running in the woods"""	dreamt	dreamed	prob	8	0.26057377457618713
Qwen_Qwen2.5-32B	orig	35	dream	pst	dream__pst	"To have a dream of. ""dreamt that he was running in the woods"""	dreamt	dreamed	prob	8	0.20270702242851257
Qwen_Qwen2.5-32B	delta	35	dream	pst	dream__pst	"To have a dream of. ""dreamt that he was running in the woods"""	dreamt	dreamed	prob	8	0.2605252265930176
Qwen_Qwen2.5-32B	orig	36	dream	pst	dream__pst	"To have a dream of. ""dreamt that he was running in the woods"""	dreamt	dreamed	prob	8	0.15406885743141174
Qwen_Qwen2.5-32B	delta	36	dream	pst	dream__pst	"To have a dream of. ""dreamt that he was running in the woods"""	dreamt	dreamed	prob	8	0.2650223970413208
Qwen_Qwen2.5-32B	orig	37	dream	pst	dream__pst	"To have a dream of. ""dreamt that he was running in the woods"""	dreamt	dreamed	prob	8	0.15786609053611755
Qwen_Qwen2.5-32B	delta	37	dream	pst	dream__pst	"To have a dream of. ""dreamt that he was running in the woods"""	dreamt	dreamed	prob	8	0.2657102346420288
Qwen_Qwen2.5-32B	orig	38	dream	pst	dream__pst	"To have a dream of. ""dreamt that he was running in the woods"""	dreamt	dreamed	prob	8	0.16220209002494812
Qwen_Qwen2.5-32B	delta	38	dream	pst	dream__pst	"To have a dream of. ""dreamt that he was running in the woods"""	dreamt	dreamed	prob	8	0.265511155128479
Qwen_Qwen2.5-32B	orig	39	dream	pst	dream__pst	"To have a dream of. ""dreamt that he was running in the woods"""	dreamt	dreamed	prob	8	0.16019795835018158
Qwen_Qwen2.5-32B	delta	39	dream	pst	dream__pst	"To have a dream of. ""dreamt that he was running in the woods"""	dreamt	dreamed	prob	8	0.25628194212913513
Qwen_Qwen2.5-32B	orig	40	dream	pst	dream__pst	"To have a dream of. ""dreamt that he was running in the woods"""	dreamt	dreamed	prob	8	0.16050595045089722
Qwen_Qwen2.5-32B	delta	40	dream	pst	dream__pst	"To have a dream of. ""dreamt that he was running in the woods"""	dreamt	dreamed	prob	8	0.26065775752067566
Qwen_Qwen2.5-32B	orig	41	dream	pst	dream__pst	"To have a dream of. ""dreamt that he was running in the woods"""	dreamt	dreamed	prob	8	0.16229094564914703
Qwen_Qwen2.5-32B	delta	41	dream	pst	dream__pst	"To have a dream of. ""dreamt that he was running in the woods"""	dreamt	dreamed	prob	8	0.2623022198677063
Qwen_Qwen2.5-32B	orig	42	dream	pst	dream__pst	"To have a dream of. ""dreamt that he was running in the woods"""	dreamt	dreamed	prob	8	0.22213155031204224
Qwen_Qwen2.5-32B	delta	42	dream	pst	dream__pst	"To have a dream of. ""dreamt that he was running in the woods"""	dreamt	dreamed	prob	8	0.2591921091079712
Qwen_Qwen2.5-32B	orig	43	dream	pst	dream__pst	"To have a dream of. ""dreamt that he was running in the woods"""	dreamt	dreamed	prob	8	0.17164447903633118
Qwen_Qwen2.5-32B	delta	43	dream	pst	dream__pst	"To have a dream of. ""dreamt that he was running in the woods"""	dreamt	dreamed	prob	8	0.25692489743232727
Qwen_Qwen2.5-32B	orig	44	dream	pst	dream__pst	"To have a dream of. ""dreamt that he was running in the woods"""	dreamt	dreamed	prob	8	0.22717870771884918
Qwen_Qwen2.5-32B	delta	44	dream	pst	dream__pst	"To have a dream of. ""dreamt that he was running in the woods"""	dreamt	dreamed	prob	8	0.2533405125141144
Qwen_Qwen2.5-32B	orig	45	dream	pst	dream__pst	"To have a dream of. ""dreamt that he was running in the woods"""	dreamt	dreamed	prob	8	0.2320626974105835
Qwen_Qwen2.5-32B	delta	45	dream	pst	dream__pst	"To have a dream of. ""dreamt that he was running in the woods"""	dreamt	dreamed	prob	8	0.2540087103843689
Qwen_Qwen2.5-32B	orig	46	dream	pst	dream__pst	"To have a dream of. ""dreamt that he was running in the woods"""	dreamt	dreamed	prob	8	0.24127501249313354
Qwen_Qwen2.5-32B	delta	46	dream	pst	dream__pst	"To have a dream of. ""dreamt that he was running in the woods"""	dreamt	dreamed	prob	8	0.27377885580062866
Qwen_Qwen2.5-32B	orig	47	dream	pst	dream__pst	"To have a dream of. ""dreamt that he was running in the woods"""	dreamt	dreamed	prob	8	0.2319752424955368
Qwen_Qwen2.5-32B	delta	47	dream	pst	dream__pst	"To have a dream of. ""dreamt that he was running in the woods"""	dreamt	dreamed	prob	8	0.2685248851776123
Qwen_Qwen2.5-32B	orig	48	dream	pst	dream__pst	"To have a dream of. ""dreamt that he was running in the woods"""	dreamt	dreamed	prob	8	0.22679924964904785
Qwen_Qwen2.5-32B	delta	48	dream	pst	dream__pst	"To have a dream of. ""dreamt that he was running in the woods"""	dreamt	dreamed	prob	8	0.26137590408325195
Qwen_Qwen2.5-32B	orig	49	dream	pst	dream__pst	"To have a dream of. ""dreamt that he was running in the woods"""	dreamt	dreamed	prob	8	0.2331613004207611
Qwen_Qwen2.5-32B	delta	49	dream	pst	dream__pst	"To have a dream of. ""dreamt that he was running in the woods"""	dreamt	dreamed	prob	8	0.2675655484199524
Qwen_Qwen2.5-32B	orig	50	dream	pst	dream__pst	"To have a dream of. ""dreamt that he was running in the woods"""	dreamt	dreamed	prob	8	0.23003897070884705
Qwen_Qwen2.5-32B	delta	50	dream	pst	dream__pst	"To have a dream of. ""dreamt that he was running in the woods"""	dreamt	dreamed	prob	8	0.26138734817504883
Qwen_Qwen2.5-32B	orig	51	dream	pst	dream__pst	"To have a dream of. ""dreamt that he was running in the woods"""	dreamt	dreamed	prob	8	0.22994038462638855
Qwen_Qwen2.5-32B	delta	51	dream	pst	dream__pst	"To have a dream of. ""dreamt that he was running in the woods"""	dreamt	dreamed	prob	8	0.25644123554229736
Qwen_Qwen2.5-32B	orig	52	dream	pst	dream__pst	"To have a dream of. ""dreamt that he was running in the woods"""	dreamt	dreamed	prob	8	0.22431382536888123
Qwen_Qwen2.5-32B	delta	52	dream	pst	dream__pst	"To have a dream of. ""dreamt that he was running in the woods"""	dreamt	dreamed	prob	8	0.2517213225364685
Qwen_Qwen2.5-32B	orig	53	dream	pst	dream__pst	"To have a dream of. ""dreamt that he was running in the woods"""	dreamt	dreamed	prob	8	0.2219356894493103
Qwen_Qwen2.5-32B	delta	53	dream	pst	dream__pst	"To have a dream of. ""dreamt that he was running in the woods"""	dreamt	dreamed	prob	8	0.24599365890026093
Qwen_Qwen2.5-32B	orig	54	dream	pst	dream__pst	"To have a dream of. ""dreamt that he was running in the woods"""	dreamt	dreamed	prob	8	0.21683399379253387
Qwen_Qwen2.5-32B	delta	54	dream	pst	dream__pst	"To have a dream of. ""dreamt that he was running in the woods"""	dreamt	dreamed	prob	8	0.23711127042770386
Qwen_Qwen2.5-32B	orig	55	dream	pst	dream__pst	"To have a dream of. ""dreamt that he was running in the woods"""	dreamt	dreamed	prob	8	0.21474426984786987
Qwen_Qwen2.5-32B	delta	55	dream	pst	dream__pst	"To have a dream of. ""dreamt that he was running in the woods"""	dreamt	dreamed	prob	8	0.2302291989326477
Qwen_Qwen2.5-32B	orig	56	dream	pst	dream__pst	"To have a dream of. ""dreamt that he was running in the woods"""	dreamt	dreamed	prob	8	0.20062455534934998
Qwen_Qwen2.5-32B	delta	56	dream	pst	dream__pst	"To have a dream of. ""dreamt that he was running in the woods"""	dreamt	dreamed	prob	8	0.2221822291612625
Qwen_Qwen2.5-32B	orig	57	dream	pst	dream__pst	"To have a dream of. ""dreamt that he was running in the woods"""	dreamt	dreamed	prob	8	0.11021585017442703
Qwen_Qwen2.5-32B	delta	57	dream	pst	dream__pst	"To have a dream of. ""dreamt that he was running in the woods"""	dreamt	dreamed	prob	8	0.2082500159740448
Qwen_Qwen2.5-32B	orig	58	dream	pst	dream__pst	"To have a dream of. ""dreamt that he was running in the woods"""	dreamt	dreamed	prob	8	0.1114758551120758
Qwen_Qwen2.5-32B	delta	58	dream	pst	dream__pst	"To have a dream of. ""dreamt that he was running in the woods"""	dreamt	dreamed	prob	8	0.2029218077659607
Qwen_Qwen2.5-32B	orig	59	dream	pst	dream__pst	"To have a dream of. ""dreamt that he was running in the woods"""	dreamt	dreamed	prob	8	0.11258168518543243
Qwen_Qwen2.5-32B	delta	59	dream	pst	dream__pst	"To have a dream of. ""dreamt that he was running in the woods"""	dreamt	dreamed	prob	8	0.19506481289863586
Qwen_Qwen2.5-32B	orig	60	dream	pst	dream__pst	"To have a dream of. ""dreamt that he was running in the woods"""	dreamt	dreamed	prob	8	0.1176225021481514
Qwen_Qwen2.5-32B	delta	60	dream	pst	dream__pst	"To have a dream of. ""dreamt that he was running in the woods"""	dreamt	dreamed	prob	8	0.1705186665058136
Qwen_Qwen2.5-32B	orig	61	dream	pst	dream__pst	"To have a dream of. ""dreamt that he was running in the woods"""	dreamt	dreamed	prob	8	0.10377157479524612
Qwen_Qwen2.5-32B	delta	61	dream	pst	dream__pst	"To have a dream of. ""dreamt that he was running in the woods"""	dreamt	dreamed	prob	8	0.16766971349716187
Qwen_Qwen2.5-32B	orig	62	dream	pst	dream__pst	"To have a dream of. ""dreamt that he was running in the woods"""	dreamt	dreamed	prob	8	0.10947786271572113
Qwen_Qwen2.5-32B	delta	62	dream	pst	dream__pst	"To have a dream of. ""dreamt that he was running in the woods"""	dreamt	dreamed	prob	8	0.18641561269760132
Qwen_Qwen2.5-32B	orig	63	dream	pst	dream__pst	"To have a dream of. ""dreamt that he was running in the woods"""	dreamt	dreamed	prob	8	0.12118959426879883
Qwen_Qwen2.5-32B	delta	63	dream	pst	dream__pst	"To have a dream of. ""dreamt that he was running in the woods"""	dreamt	dreamed	prob	8	0.16859185695648193
Qwen_Qwen2.5-32B	orig	64	dream	pst	dream__pst	"To have a dream of. ""dreamt that he was running in the woods"""	dreamt	dreamed	prob	8	0.06000284105539322
Qwen_Qwen2.5-32B	delta	64	dream	pst	dream__pst	"To have a dream of. ""dreamt that he was running in the woods"""	dreamt	dreamed	prob	8	0.10691417008638382
Qwen_Qwen2.5-32B	orig	0	eat	ppt	eat__ppt	To take in through the mouth as food. To ingest, chew, and swallow in turn.	ate	eaten	no_cond	8	1.0
Qwen_Qwen2.5-32B	delta	0	eat	ppt	eat__ppt	To take in through the mouth as food. To ingest, chew, and swallow in turn.	ate	eaten	no_cond	8	0.7489328384399414
Qwen_Qwen2.5-32B	orig	1	eat	ppt	eat__ppt	To take in through the mouth as food. To ingest, chew, and swallow in turn.	ate	eaten	no_cond	8	0.6329423189163208
Qwen_Qwen2.5-32B	delta	1	eat	ppt	eat__ppt	To take in through the mouth as food. To ingest, chew, and swallow in turn.	ate	eaten	no_cond	8	0.41826382279396057
Qwen_Qwen2.5-32B	orig	2	eat	ppt	eat__ppt	To take in through the mouth as food. To ingest, chew, and swallow in turn.	ate	eaten	no_cond	8	0.6036733984947205
Qwen_Qwen2.5-32B	delta	2	eat	ppt	eat__ppt	To take in through the mouth as food. To ingest, chew, and swallow in turn.	ate	eaten	no_cond	8	0.40226805210113525
Qwen_Qwen2.5-32B	orig	3	eat	ppt	eat__ppt	To take in through the mouth as food. To ingest, chew, and swallow in turn.	ate	eaten	no_cond	8	0.5350246429443359
Qwen_Qwen2.5-32B	delta	3	eat	ppt	eat__ppt	To take in through the mouth as food. To ingest, chew, and swallow in turn.	ate	eaten	no_cond	8	0.3425855040550232
Qwen_Qwen2.5-32B	orig	4	eat	ppt	eat__ppt	To take in through the mouth as food. To ingest, chew, and swallow in turn.	ate	eaten	no_cond	8	0.5544774532318115
Qwen_Qwen2.5-32B	delta	4	eat	ppt	eat__ppt	To take in through the mouth as food. To ingest, chew, and swallow in turn.	ate	eaten	no_cond	8	0.3521699905395508
Qwen_Qwen2.5-32B	orig	5	eat	ppt	eat__ppt	To take in through the mouth as food. To ingest, chew, and swallow in turn.	ate	eaten	no_cond	8	0.5931164622306824
Qwen_Qwen2.5-32B	delta	5	eat	ppt	eat__ppt	To take in through the mouth as food. To ingest, chew, and swallow in turn.	ate	eaten	no_cond	8	0.33235877752304077
Qwen_Qwen2.5-32B	orig	6	eat	ppt	eat__ppt	To take in through the mouth as food. To ingest, chew, and swallow in turn.	ate	eaten	no_cond	8	0.5711129903793335
Qwen_Qwen2.5-32B	delta	6	eat	ppt	eat__ppt	To take in through the mouth as food. To ingest, chew, and swallow in turn.	ate	eaten	no_cond	8	0.3364482522010803
Qwen_Qwen2.5-32B	orig	7	eat	ppt	eat__ppt	To take in through the mouth as food. To ingest, chew, and swallow in turn.	ate	eaten	no_cond	8	0.5428975224494934
Qwen_Qwen2.5-32B	delta	7	eat	ppt	eat__ppt	To take in through the mouth as food. To ingest, chew, and swallow in turn.	ate	eaten	no_cond	8	0.35435980558395386
Qwen_Qwen2.5-32B	orig	8	eat	ppt	eat__ppt	To take in through the mouth as food. To ingest, chew, and swallow in turn.	ate	eaten	no_cond	8	0.4993162453174591
Qwen_Qwen2.5-32B	delta	8	eat	ppt	eat__ppt	To take in through the mouth as food. To ingest, chew, and swallow in turn.	ate	eaten	no_cond	8	0.3333410620689392
Qwen_Qwen2.5-32B	orig	9	eat	ppt	eat__ppt	To take in through the mouth as food. To ingest, chew, and swallow in turn.	ate	eaten	no_cond	8	0.49033302068710327
Qwen_Qwen2.5-32B	delta	9	eat	ppt	eat__ppt	To take in through the mouth as food. To ingest, chew, and swallow in turn.	ate	eaten	no_cond	8	0.2570543885231018
Qwen_Qwen2.5-32B	orig	10	eat	ppt	eat__ppt	To take in through the mouth as food. To ingest, chew, and swallow in turn.	ate	eaten	no_cond	8	0.43805134296417236
Qwen_Qwen2.5-32B	delta	10	eat	ppt	eat__ppt	To take in through the mouth as food. To ingest, chew, and swallow in turn.	ate	eaten	no_cond	8	0.22534428536891937
Qwen_Qwen2.5-32B	orig	11	eat	ppt	eat__ppt	To take in through the mouth as food. To ingest, chew, and swallow in turn.	ate	eaten	no_cond	8	0.4811306595802307
Qwen_Qwen2.5-32B	delta	11	eat	ppt	eat__ppt	To take in through the mouth as food. To ingest, chew, and swallow in turn.	ate	eaten	no_cond	8	0.22731421887874603
Qwen_Qwen2.5-32B	orig	12	eat	ppt	eat__ppt	To take in through the mouth as food. To ingest, chew, and swallow in turn.	ate	eaten	no_cond	8	0.4740487337112427
Qwen_Qwen2.5-32B	delta	12	eat	ppt	eat__ppt	To take in through the mouth as food. To ingest, chew, and swallow in turn.	ate	eaten	no_cond	8	0.19449371099472046
Qwen_Qwen2.5-32B	orig	13	eat	ppt	eat__ppt	To take in through the mouth as food. To ingest, chew, and swallow in turn.	ate	eaten	no_cond	8	0.4628228545188904
Qwen_Qwen2.5-32B	delta	13	eat	ppt	eat__ppt	To take in through the mouth as food. To ingest, chew, and swallow in turn.	ate	eaten	no_cond	8	0.18822214007377625
Qwen_Qwen2.5-32B	orig	14	eat	ppt	eat__ppt	To take in through the mouth as food. To ingest, chew, and swallow in turn.	ate	eaten	no_cond	8	0.4701302647590637
Qwen_Qwen2.5-32B	delta	14	eat	ppt	eat__ppt	To take in through the mouth as food. To ingest, chew, and swallow in turn.	ate	eaten	no_cond	8	0.17463964223861694
Qwen_Qwen2.5-32B	orig	15	eat	ppt	eat__ppt	To take in through the mouth as food. To ingest, chew, and swallow in turn.	ate	eaten	no_cond	8	0.464383602142334
Qwen_Qwen2.5-32B	delta	15	eat	ppt	eat__ppt	To take in through the mouth as food. To ingest, chew, and swallow in turn.	ate	eaten	no_cond	8	0.1768702119588852
Qwen_Qwen2.5-32B	orig	16	eat	ppt	eat__ppt	To take in through the mouth as food. To ingest, chew, and swallow in turn.	ate	eaten	no_cond	8	0.4473026394844055
Qwen_Qwen2.5-32B	delta	16	eat	ppt	eat__ppt	To take in through the mouth as food. To ingest, chew, and swallow in turn.	ate	eaten	no_cond	8	0.18267899751663208
Qwen_Qwen2.5-32B	orig	17	eat	ppt	eat__ppt	To take in through the mouth as food. To ingest, chew, and swallow in turn.	ate	eaten	no_cond	8	0.42789778113365173
Qwen_Qwen2.5-32B	delta	17	eat	ppt	eat__ppt	To take in through the mouth as food. To ingest, chew, and swallow in turn.	ate	eaten	no_cond	8	0.19141383469104767
Qwen_Qwen2.5-32B	orig	18	eat	ppt	eat__ppt	To take in through the mouth as food. To ingest, chew, and swallow in turn.	ate	eaten	no_cond	8	0.43295541405677795
Qwen_Qwen2.5-32B	delta	18	eat	ppt	eat__ppt	To take in through the mouth as food. To ingest, chew, and swallow in turn.	ate	eaten	no_cond	8	0.18436691164970398
Qwen_Qwen2.5-32B	orig	19	eat	ppt	eat__ppt	To take in through the mouth as food. To ingest, chew, and swallow in turn.	ate	eaten	no_cond	8	0.43494129180908203
Qwen_Qwen2.5-32B	delta	19	eat	ppt	eat__ppt	To take in through the mouth as food. To ingest, chew, and swallow in turn.	ate	eaten	no_cond	8	0.17767493426799774
Qwen_Qwen2.5-32B	orig	20	eat	ppt	eat__ppt	To take in through the mouth as food. To ingest, chew, and swallow in turn.	ate	eaten	no_cond	8	0.4291651248931885
Qwen_Qwen2.5-32B	delta	20	eat	ppt	eat__ppt	To take in through the mouth as food. To ingest, chew, and swallow in turn.	ate	eaten	no_cond	8	0.043612148612737656
Qwen_Qwen2.5-32B	orig	21	eat	ppt	eat__ppt	To take in through the mouth as food. To ingest, chew, and swallow in turn.	ate	eaten	no_cond	8	0.4229736328125
Qwen_Qwen2.5-32B	delta	21	eat	ppt	eat__ppt	To take in through the mouth as food. To ingest, chew, and swallow in turn.	ate	eaten	no_cond	8	0.0406036339700222
Qwen_Qwen2.5-32B	orig	22	eat	ppt	eat__ppt	To take in through the mouth as food. To ingest, chew, and swallow in turn.	ate	eaten	no_cond	8	0.4250674843788147
Qwen_Qwen2.5-32B	delta	22	eat	ppt	eat__ppt	To take in through the mouth as food. To ingest, chew, and swallow in turn.	ate	eaten	no_cond	8	0.034699372947216034
Qwen_Qwen2.5-32B	orig	23	eat	ppt	eat__ppt	To take in through the mouth as food. To ingest, chew, and swallow in turn.	ate	eaten	no_cond	8	0.4134806990623474
Qwen_Qwen2.5-32B	delta	23	eat	ppt	eat__ppt	To take in through the mouth as food. To ingest, chew, and swallow in turn.	ate	eaten	no_cond	8	0.03694664686918259
Qwen_Qwen2.5-32B	orig	24	eat	ppt	eat__ppt	To take in through the mouth as food. To ingest, chew, and swallow in turn.	ate	eaten	no_cond	8	0.4017571210861206
Qwen_Qwen2.5-32B	delta	24	eat	ppt	eat__ppt	To take in through the mouth as food. To ingest, chew, and swallow in turn.	ate	eaten	no_cond	8	0.03527989983558655
Qwen_Qwen2.5-32B	orig	25	eat	ppt	eat__ppt	To take in through the mouth as food. To ingest, chew, and swallow in turn.	ate	eaten	no_cond	8	0.39319896697998047
Qwen_Qwen2.5-32B	delta	25	eat	ppt	eat__ppt	To take in through the mouth as food. To ingest, chew, and swallow in turn.	ate	eaten	no_cond	8	0.04121307283639908
Qwen_Qwen2.5-32B	orig	26	eat	ppt	eat__ppt	To take in through the mouth as food. To ingest, chew, and swallow in turn.	ate	eaten	no_cond	8	0.3913973271846771
Qwen_Qwen2.5-32B	delta	26	eat	ppt	eat__ppt	To take in through the mouth as food. To ingest, chew, and swallow in turn.	ate	eaten	no_cond	8	0.05452411621809006
Qwen_Qwen2.5-32B	orig	27	eat	ppt	eat__ppt	To take in through the mouth as food. To ingest, chew, and swallow in turn.	ate	eaten	no_cond	8	0.2505638003349304
Qwen_Qwen2.5-32B	delta	27	eat	ppt	eat__ppt	To take in through the mouth as food. To ingest, chew, and swallow in turn.	ate	eaten	no_cond	8	0.05401325598359108
Qwen_Qwen2.5-32B	orig	28	eat	ppt	eat__ppt	To take in through the mouth as food. To ingest, chew, and swallow in turn.	ate	eaten	no_cond	8	0.3885050117969513
Qwen_Qwen2.5-32B	delta	28	eat	ppt	eat__ppt	To take in through the mouth as food. To ingest, chew, and swallow in turn.	ate	eaten	no_cond	8	0.05592017248272896
Qwen_Qwen2.5-32B	orig	29	eat	ppt	eat__ppt	To take in through the mouth as food. To ingest, chew, and swallow in turn.	ate	eaten	no_cond	8	0.38545018434524536
Qwen_Qwen2.5-32B	delta	29	eat	ppt	eat__ppt	To take in through the mouth as food. To ingest, chew, and swallow in turn.	ate	eaten	no_cond	8	0.06887932121753693
Qwen_Qwen2.5-32B	orig	30	eat	ppt	eat__ppt	To take in through the mouth as food. To ingest, chew, and swallow in turn.	ate	eaten	no_cond	8	0.37937164306640625
Qwen_Qwen2.5-32B	delta	30	eat	ppt	eat__ppt	To take in through the mouth as food. To ingest, chew, and swallow in turn.	ate	eaten	no_cond	8	0.07706183195114136
Qwen_Qwen2.5-32B	orig	31	eat	ppt	eat__ppt	To take in through the mouth as food. To ingest, chew, and swallow in turn.	ate	eaten	no_cond	8	0.37534230947494507
Qwen_Qwen2.5-32B	delta	31	eat	ppt	eat__ppt	To take in through the mouth as food. To ingest, chew, and swallow in turn.	ate	eaten	no_cond	8	0.08826947212219238
Qwen_Qwen2.5-32B	orig	32	eat	ppt	eat__ppt	To take in through the mouth as food. To ingest, chew, and swallow in turn.	ate	eaten	no_cond	8	0.37081682682037354
Qwen_Qwen2.5-32B	delta	32	eat	ppt	eat__ppt	To take in through the mouth as food. To ingest, chew, and swallow in turn.	ate	eaten	no_cond	8	0.0936133861541748
Qwen_Qwen2.5-32B	orig	33	eat	ppt	eat__ppt	To take in through the mouth as food. To ingest, chew, and swallow in turn.	ate	eaten	no_cond	8	0.3753136992454529
Qwen_Qwen2.5-32B	delta	33	eat	ppt	eat__ppt	To take in through the mouth as food. To ingest, chew, and swallow in turn.	ate	eaten	no_cond	8	0.10161212086677551
Qwen_Qwen2.5-32B	orig	34	eat	ppt	eat__ppt	To take in through the mouth as food. To ingest, chew, and swallow in turn.	ate	eaten	no_cond	8	0.3784116506576538
Qwen_Qwen2.5-32B	delta	34	eat	ppt	eat__ppt	To take in through the mouth as food. To ingest, chew, and swallow in turn.	ate	eaten	no_cond	8	0.09768503904342651
Qwen_Qwen2.5-32B	orig	35	eat	ppt	eat__ppt	To take in through the mouth as food. To ingest, chew, and swallow in turn.	ate	eaten	no_cond	8	0.37487074732780457
Qwen_Qwen2.5-32B	delta	35	eat	ppt	eat__ppt	To take in through the mouth as food. To ingest, chew, and swallow in turn.	ate	eaten	no_cond	8	0.09390830993652344
Qwen_Qwen2.5-32B	orig	36	eat	ppt	eat__ppt	To take in through the mouth as food. To ingest, chew, and swallow in turn.	ate	eaten	no_cond	8	0.3675997853279114
Qwen_Qwen2.5-32B	delta	36	eat	ppt	eat__ppt	To take in through the mouth as food. To ingest, chew, and swallow in turn.	ate	eaten	no_cond	8	0.10667282342910767
Qwen_Qwen2.5-32B	orig	37	eat	ppt	eat__ppt	To take in through the mouth as food. To ingest, chew, and swallow in turn.	ate	eaten	no_cond	8	0.356938898563385
Qwen_Qwen2.5-32B	delta	37	eat	ppt	eat__ppt	To take in through the mouth as food. To ingest, chew, and swallow in turn.	ate	eaten	no_cond	8	0.09583728015422821
Qwen_Qwen2.5-32B	orig	38	eat	ppt	eat__ppt	To take in through the mouth as food. To ingest, chew, and swallow in turn.	ate	eaten	no_cond	8	0.202142596244812
Qwen_Qwen2.5-32B	delta	38	eat	ppt	eat__ppt	To take in through the mouth as food. To ingest, chew, and swallow in turn.	ate	eaten	no_cond	8	0.10325615108013153
Qwen_Qwen2.5-32B	orig	39	eat	ppt	eat__ppt	To take in through the mouth as food. To ingest, chew, and swallow in turn.	ate	eaten	no_cond	8	0.20017719268798828
Qwen_Qwen2.5-32B	delta	39	eat	ppt	eat__ppt	To take in through the mouth as food. To ingest, chew, and swallow in turn.	ate	eaten	no_cond	8	0.11004049330949783
Qwen_Qwen2.5-32B	orig	40	eat	ppt	eat__ppt	To take in through the mouth as food. To ingest, chew, and swallow in turn.	ate	eaten	no_cond	8	0.19803231954574585
Qwen_Qwen2.5-32B	delta	40	eat	ppt	eat__ppt	To take in through the mouth as food. To ingest, chew, and swallow in turn.	ate	eaten	no_cond	8	0.10810747742652893
Qwen_Qwen2.5-32B	orig	41	eat	ppt	eat__ppt	To take in through the mouth as food. To ingest, chew, and swallow in turn.	ate	eaten	no_cond	8	0.19649241864681244
Qwen_Qwen2.5-32B	delta	41	eat	ppt	eat__ppt	To take in through the mouth as food. To ingest, chew, and swallow in turn.	ate	eaten	no_cond	8	0.11927109211683273
Qwen_Qwen2.5-32B	orig	42	eat	ppt	eat__ppt	To take in through the mouth as food. To ingest, chew, and swallow in turn.	ate	eaten	no_cond	8	0.19343441724777222
Qwen_Qwen2.5-32B	delta	42	eat	ppt	eat__ppt	To take in through the mouth as food. To ingest, chew, and swallow in turn.	ate	eaten	no_cond	8	0.12260101735591888
Qwen_Qwen2.5-32B	orig	43	eat	ppt	eat__ppt	To take in through the mouth as food. To ingest, chew, and swallow in turn.	ate	eaten	no_cond	8	0.2078154981136322
Qwen_Qwen2.5-32B	delta	43	eat	ppt	eat__ppt	To take in through the mouth as food. To ingest, chew, and swallow in turn.	ate	eaten	no_cond	8	0.1343383491039276
Qwen_Qwen2.5-32B	orig	44	eat	ppt	eat__ppt	To take in through the mouth as food. To ingest, chew, and swallow in turn.	ate	eaten	no_cond	8	0.21077671647071838
Qwen_Qwen2.5-32B	delta	44	eat	ppt	eat__ppt	To take in through the mouth as food. To ingest, chew, and swallow in turn.	ate	eaten	no_cond	8	0.12158531695604324
Qwen_Qwen2.5-32B	orig	45	eat	ppt	eat__ppt	To take in through the mouth as food. To ingest, chew, and swallow in turn.	ate	eaten	no_cond	8	0.2159658521413803
Qwen_Qwen2.5-32B	delta	45	eat	ppt	eat__ppt	To take in through the mouth as food. To ingest, chew, and swallow in turn.	ate	eaten	no_cond	8	0.11091691255569458
Qwen_Qwen2.5-32B	orig	46	eat	ppt	eat__ppt	To take in through the mouth as food. To ingest, chew, and swallow in turn.	ate	eaten	no_cond	8	0.19125305116176605
Qwen_Qwen2.5-32B	delta	46	eat	ppt	eat__ppt	To take in through the mouth as food. To ingest, chew, and swallow in turn.	ate	eaten	no_cond	8	0.1014147624373436
Qwen_Qwen2.5-32B	orig	47	eat	ppt	eat__ppt	To take in through the mouth as food. To ingest, chew, and swallow in turn.	ate	eaten	no_cond	8	0.22662024199962616
Qwen_Qwen2.5-32B	delta	47	eat	ppt	eat__ppt	To take in through the mouth as food. To ingest, chew, and swallow in turn.	ate	eaten	no_cond	8	0.11327114701271057
Qwen_Qwen2.5-32B	orig	48	eat	ppt	eat__ppt	To take in through the mouth as food. To ingest, chew, and swallow in turn.	ate	eaten	no_cond	8	0.23413319885730743
Qwen_Qwen2.5-32B	delta	48	eat	ppt	eat__ppt	To take in through the mouth as food. To ingest, chew, and swallow in turn.	ate	eaten	no_cond	8	0.12356889247894287
Qwen_Qwen2.5-32B	orig	49	eat	ppt	eat__ppt	To take in through the mouth as food. To ingest, chew, and swallow in turn.	ate	eaten	no_cond	8	0.23128554224967957
Qwen_Qwen2.5-32B	delta	49	eat	ppt	eat__ppt	To take in through the mouth as food. To ingest, chew, and swallow in turn.	ate	eaten	no_cond	8	0.12053398042917252
Qwen_Qwen2.5-32B	orig	50	eat	ppt	eat__ppt	To take in through the mouth as food. To ingest, chew, and swallow in turn.	ate	eaten	no_cond	8	0.24036036431789398
Qwen_Qwen2.5-32B	delta	50	eat	ppt	eat__ppt	To take in through the mouth as food. To ingest, chew, and swallow in turn.	ate	eaten	no_cond	8	0.12841257452964783
Qwen_Qwen2.5-32B	orig	51	eat	ppt	eat__ppt	To take in through the mouth as food. To ingest, chew, and swallow in turn.	ate	eaten	no_cond	8	0.2467060387134552
Qwen_Qwen2.5-32B	delta	51	eat	ppt	eat__ppt	To take in through the mouth as food. To ingest, chew, and swallow in turn.	ate	eaten	no_cond	8	0.12040523439645767
Qwen_Qwen2.5-32B	orig	52	eat	ppt	eat__ppt	To take in through the mouth as food. To ingest, chew, and swallow in turn.	ate	eaten	no_cond	8	0.25187453627586365
Qwen_Qwen2.5-32B	delta	52	eat	ppt	eat__ppt	To take in through the mouth as food. To ingest, chew, and swallow in turn.	ate	eaten	no_cond	8	0.11647550016641617
Qwen_Qwen2.5-32B	orig	53	eat	ppt	eat__ppt	To take in through the mouth as food. To ingest, chew, and swallow in turn.	ate	eaten	no_cond	8	0.2541833817958832
Qwen_Qwen2.5-32B	delta	53	eat	ppt	eat__ppt	To take in through the mouth as food. To ingest, chew, and swallow in turn.	ate	eaten	no_cond	8	0.11806128174066544
Qwen_Qwen2.5-32B	orig	54	eat	ppt	eat__ppt	To take in through the mouth as food. To ingest, chew, and swallow in turn.	ate	eaten	no_cond	8	0.25353288650512695
Qwen_Qwen2.5-32B	delta	54	eat	ppt	eat__ppt	To take in through the mouth as food. To ingest, chew, and swallow in turn.	ate	eaten	no_cond	8	0.11808305978775024
Qwen_Qwen2.5-32B	orig	55	eat	ppt	eat__ppt	To take in through the mouth as food. To ingest, chew, and swallow in turn.	ate	eaten	no_cond	8	0.24766677618026733
Qwen_Qwen2.5-32B	delta	55	eat	ppt	eat__ppt	To take in through the mouth as food. To ingest, chew, and swallow in turn.	ate	eaten	no_cond	8	0.12528549134731293
Qwen_Qwen2.5-32B	orig	56	eat	ppt	eat__ppt	To take in through the mouth as food. To ingest, chew, and swallow in turn.	ate	eaten	no_cond	8	0.24662558734416962
Qwen_Qwen2.5-32B	delta	56	eat	ppt	eat__ppt	To take in through the mouth as food. To ingest, chew, and swallow in turn.	ate	eaten	no_cond	8	0.12500791251659393
Qwen_Qwen2.5-32B	orig	57	eat	ppt	eat__ppt	To take in through the mouth as food. To ingest, chew, and swallow in turn.	ate	eaten	no_cond	8	0.2411736696958542
Qwen_Qwen2.5-32B	delta	57	eat	ppt	eat__ppt	To take in through the mouth as food. To ingest, chew, and swallow in turn.	ate	eaten	no_cond	8	0.12302999943494797
Qwen_Qwen2.5-32B	orig	58	eat	ppt	eat__ppt	To take in through the mouth as food. To ingest, chew, and swallow in turn.	ate	eaten	no_cond	8	0.24078074097633362
Qwen_Qwen2.5-32B	delta	58	eat	ppt	eat__ppt	To take in through the mouth as food. To ingest, chew, and swallow in turn.	ate	eaten	no_cond	8	0.12075499445199966
Qwen_Qwen2.5-32B	orig	59	eat	ppt	eat__ppt	To take in through the mouth as food. To ingest, chew, and swallow in turn.	ate	eaten	no_cond	8	0.2347312718629837
Qwen_Qwen2.5-32B	delta	59	eat	ppt	eat__ppt	To take in through the mouth as food. To ingest, chew, and swallow in turn.	ate	eaten	no_cond	8	0.12380202114582062
Qwen_Qwen2.5-32B	orig	60	eat	ppt	eat__ppt	To take in through the mouth as food. To ingest, chew, and swallow in turn.	ate	eaten	no_cond	8	0.23140248656272888
Qwen_Qwen2.5-32B	delta	60	eat	ppt	eat__ppt	To take in through the mouth as food. To ingest, chew, and swallow in turn.	ate	eaten	no_cond	8	0.12068162113428116
Qwen_Qwen2.5-32B	orig	61	eat	ppt	eat__ppt	To take in through the mouth as food. To ingest, chew, and swallow in turn.	ate	eaten	no_cond	8	0.22969889640808105
Qwen_Qwen2.5-32B	delta	61	eat	ppt	eat__ppt	To take in through the mouth as food. To ingest, chew, and swallow in turn.	ate	eaten	no_cond	8	0.10820760577917099
Qwen_Qwen2.5-32B	orig	62	eat	ppt	eat__ppt	To take in through the mouth as food. To ingest, chew, and swallow in turn.	ate	eaten	no_cond	8	0.23146677017211914
Qwen_Qwen2.5-32B	delta	62	eat	ppt	eat__ppt	To take in through the mouth as food. To ingest, chew, and swallow in turn.	ate	eaten	no_cond	8	0.10592780262231827
Qwen_Qwen2.5-32B	orig	63	eat	ppt	eat__ppt	To take in through the mouth as food. To ingest, chew, and swallow in turn.	ate	eaten	no_cond	8	0.27110034227371216
Qwen_Qwen2.5-32B	delta	63	eat	ppt	eat__ppt	To take in through the mouth as food. To ingest, chew, and swallow in turn.	ate	eaten	no_cond	8	0.08831804245710373
Qwen_Qwen2.5-32B	orig	64	eat	ppt	eat__ppt	To take in through the mouth as food. To ingest, chew, and swallow in turn.	ate	eaten	no_cond	8	0.31322503089904785
Qwen_Qwen2.5-32B	delta	64	eat	ppt	eat__ppt	To take in through the mouth as food. To ingest, chew, and swallow in turn.	ate	eaten	no_cond	8	0.3170621693134308
Qwen_Qwen2.5-32B	orig	0	fall	ppt	fall__ppt	"To descend freely by the force of gravity. ""The apple fell from the tree."""	fell	fallen	prob	3	0.6666666865348816
Qwen_Qwen2.5-32B	delta	0	fall	ppt	fall__ppt	"To descend freely by the force of gravity. ""The apple fell from the tree."""	fell	fallen	prob	3	0.6666666865348816
Qwen_Qwen2.5-32B	orig	1	fall	ppt	fall__ppt	"To descend freely by the force of gravity. ""The apple fell from the tree."""	fell	fallen	prob	3	0.5339404940605164
Qwen_Qwen2.5-32B	delta	1	fall	ppt	fall__ppt	"To descend freely by the force of gravity. ""The apple fell from the tree."""	fell	fallen	prob	3	0.4701174199581146
Qwen_Qwen2.5-32B	orig	2	fall	ppt	fall__ppt	"To descend freely by the force of gravity. ""The apple fell from the tree."""	fell	fallen	prob	3	0.527834415435791
Qwen_Qwen2.5-32B	delta	2	fall	ppt	fall__ppt	"To descend freely by the force of gravity. ""The apple fell from the tree."""	fell	fallen	prob	3	0.45574402809143066
Qwen_Qwen2.5-32B	orig	3	fall	ppt	fall__ppt	"To descend freely by the force of gravity. ""The apple fell from the tree."""	fell	fallen	prob	3	0.5144519805908203
Qwen_Qwen2.5-32B	delta	3	fall	ppt	fall__ppt	"To descend freely by the force of gravity. ""The apple fell from the tree."""	fell	fallen	prob	3	0.403021901845932
Qwen_Qwen2.5-32B	orig	4	fall	ppt	fall__ppt	"To descend freely by the force of gravity. ""The apple fell from the tree."""	fell	fallen	prob	3	0.4540034830570221
Qwen_Qwen2.5-32B	delta	4	fall	ppt	fall__ppt	"To descend freely by the force of gravity. ""The apple fell from the tree."""	fell	fallen	prob	3	0.29595571756362915
Qwen_Qwen2.5-32B	orig	5	fall	ppt	fall__ppt	"To descend freely by the force of gravity. ""The apple fell from the tree."""	fell	fallen	prob	3	0.43915191292762756
Qwen_Qwen2.5-32B	delta	5	fall	ppt	fall__ppt	"To descend freely by the force of gravity. ""The apple fell from the tree."""	fell	fallen	prob	3	0.2625128924846649
Qwen_Qwen2.5-32B	orig	6	fall	ppt	fall__ppt	"To descend freely by the force of gravity. ""The apple fell from the tree."""	fell	fallen	prob	3	0.42788830399513245
Qwen_Qwen2.5-32B	delta	6	fall	ppt	fall__ppt	"To descend freely by the force of gravity. ""The apple fell from the tree."""	fell	fallen	prob	3	0.27521172165870667
Qwen_Qwen2.5-32B	orig	7	fall	ppt	fall__ppt	"To descend freely by the force of gravity. ""The apple fell from the tree."""	fell	fallen	prob	3	0.38831838965415955
Qwen_Qwen2.5-32B	delta	7	fall	ppt	fall__ppt	"To descend freely by the force of gravity. ""The apple fell from the tree."""	fell	fallen	prob	3	0.23030458390712738
Qwen_Qwen2.5-32B	orig	8	fall	ppt	fall__ppt	"To descend freely by the force of gravity. ""The apple fell from the tree."""	fell	fallen	prob	3	0.43116891384124756
Qwen_Qwen2.5-32B	delta	8	fall	ppt	fall__ppt	"To descend freely by the force of gravity. ""The apple fell from the tree."""	fell	fallen	prob	3	0.24054773151874542
Qwen_Qwen2.5-32B	orig	9	fall	ppt	fall__ppt	"To descend freely by the force of gravity. ""The apple fell from the tree."""	fell	fallen	prob	3	0.39190271496772766
Qwen_Qwen2.5-32B	delta	9	fall	ppt	fall__ppt	"To descend freely by the force of gravity. ""The apple fell from the tree."""	fell	fallen	prob	3	0.19069600105285645
Qwen_Qwen2.5-32B	orig	10	fall	ppt	fall__ppt	"To descend freely by the force of gravity. ""The apple fell from the tree."""	fell	fallen	prob	3	0.3808453381061554
Qwen_Qwen2.5-32B	delta	10	fall	ppt	fall__ppt	"To descend freely by the force of gravity. ""The apple fell from the tree."""	fell	fallen	prob	3	0.16164074838161469
Qwen_Qwen2.5-32B	orig	11	fall	ppt	fall__ppt	"To descend freely by the force of gravity. ""The apple fell from the tree."""	fell	fallen	prob	3	0.35812270641326904
Qwen_Qwen2.5-32B	delta	11	fall	ppt	fall__ppt	"To descend freely by the force of gravity. ""The apple fell from the tree."""	fell	fallen	prob	3	0.1639072299003601
Qwen_Qwen2.5-32B	orig	12	fall	ppt	fall__ppt	"To descend freely by the force of gravity. ""The apple fell from the tree."""	fell	fallen	prob	3	0.34016695618629456
Qwen_Qwen2.5-32B	delta	12	fall	ppt	fall__ppt	"To descend freely by the force of gravity. ""The apple fell from the tree."""	fell	fallen	prob	3	0.1604418307542801
Qwen_Qwen2.5-32B	orig	13	fall	ppt	fall__ppt	"To descend freely by the force of gravity. ""The apple fell from the tree."""	fell	fallen	prob	3	0.2979232370853424
Qwen_Qwen2.5-32B	delta	13	fall	ppt	fall__ppt	"To descend freely by the force of gravity. ""The apple fell from the tree."""	fell	fallen	prob	3	0.08773317188024521
Qwen_Qwen2.5-32B	orig	14	fall	ppt	fall__ppt	"To descend freely by the force of gravity. ""The apple fell from the tree."""	fell	fallen	prob	3	0.2596879005432129
Qwen_Qwen2.5-32B	delta	14	fall	ppt	fall__ppt	"To descend freely by the force of gravity. ""The apple fell from the tree."""	fell	fallen	prob	3	0.06145219877362251
Qwen_Qwen2.5-32B	orig	15	fall	ppt	fall__ppt	"To descend freely by the force of gravity. ""The apple fell from the tree."""	fell	fallen	prob	3	0.26128292083740234
Qwen_Qwen2.5-32B	delta	15	fall	ppt	fall__ppt	"To descend freely by the force of gravity. ""The apple fell from the tree."""	fell	fallen	prob	3	0.050795745104551315
Qwen_Qwen2.5-32B	orig	16	fall	ppt	fall__ppt	"To descend freely by the force of gravity. ""The apple fell from the tree."""	fell	fallen	prob	3	0.27039051055908203
Qwen_Qwen2.5-32B	delta	16	fall	ppt	fall__ppt	"To descend freely by the force of gravity. ""The apple fell from the tree."""	fell	fallen	prob	3	0.03527984768152237
Qwen_Qwen2.5-32B	orig	17	fall	ppt	fall__ppt	"To descend freely by the force of gravity. ""The apple fell from the tree."""	fell	fallen	prob	3	0.2827436625957489
Qwen_Qwen2.5-32B	delta	17	fall	ppt	fall__ppt	"To descend freely by the force of gravity. ""The apple fell from the tree."""	fell	fallen	prob	3	0.0490267388522625
Qwen_Qwen2.5-32B	orig	18	fall	ppt	fall__ppt	"To descend freely by the force of gravity. ""The apple fell from the tree."""	fell	fallen	prob	3	0.2807646095752716
Qwen_Qwen2.5-32B	delta	18	fall	ppt	fall__ppt	"To descend freely by the force of gravity. ""The apple fell from the tree."""	fell	fallen	prob	3	0.04798310995101929
Qwen_Qwen2.5-32B	orig	19	fall	ppt	fall__ppt	"To descend freely by the force of gravity. ""The apple fell from the tree."""	fell	fallen	prob	3	0.26908376812934875
Qwen_Qwen2.5-32B	delta	19	fall	ppt	fall__ppt	"To descend freely by the force of gravity. ""The apple fell from the tree."""	fell	fallen	prob	3	0.02543150633573532
Qwen_Qwen2.5-32B	orig	20	fall	ppt	fall__ppt	"To descend freely by the force of gravity. ""The apple fell from the tree."""	fell	fallen	prob	3	0.2552439272403717
Qwen_Qwen2.5-32B	delta	20	fall	ppt	fall__ppt	"To descend freely by the force of gravity. ""The apple fell from the tree."""	fell	fallen	prob	3	0.031162172555923462
Qwen_Qwen2.5-32B	orig	21	fall	ppt	fall__ppt	"To descend freely by the force of gravity. ""The apple fell from the tree."""	fell	fallen	prob	3	0.23287582397460938
Qwen_Qwen2.5-32B	delta	21	fall	ppt	fall__ppt	"To descend freely by the force of gravity. ""The apple fell from the tree."""	fell	fallen	prob	3	0.0386061929166317
Qwen_Qwen2.5-32B	orig	22	fall	ppt	fall__ppt	"To descend freely by the force of gravity. ""The apple fell from the tree."""	fell	fallen	prob	3	0.21864692866802216
Qwen_Qwen2.5-32B	delta	22	fall	ppt	fall__ppt	"To descend freely by the force of gravity. ""The apple fell from the tree."""	fell	fallen	prob	3	0.04767124727368355
Qwen_Qwen2.5-32B	orig	23	fall	ppt	fall__ppt	"To descend freely by the force of gravity. ""The apple fell from the tree."""	fell	fallen	prob	3	0.21252377331256866
Qwen_Qwen2.5-32B	delta	23	fall	ppt	fall__ppt	"To descend freely by the force of gravity. ""The apple fell from the tree."""	fell	fallen	prob	3	0.05226622149348259
Qwen_Qwen2.5-32B	orig	24	fall	ppt	fall__ppt	"To descend freely by the force of gravity. ""The apple fell from the tree."""	fell	fallen	prob	3	0.20656543970108032
Qwen_Qwen2.5-32B	delta	24	fall	ppt	fall__ppt	"To descend freely by the force of gravity. ""The apple fell from the tree."""	fell	fallen	prob	3	0.0508250929415226
Qwen_Qwen2.5-32B	orig	25	fall	ppt	fall__ppt	"To descend freely by the force of gravity. ""The apple fell from the tree."""	fell	fallen	prob	3	0.19655893743038177
Qwen_Qwen2.5-32B	delta	25	fall	ppt	fall__ppt	"To descend freely by the force of gravity. ""The apple fell from the tree."""	fell	fallen	prob	3	0.06080643832683563
Qwen_Qwen2.5-32B	orig	26	fall	ppt	fall__ppt	"To descend freely by the force of gravity. ""The apple fell from the tree."""	fell	fallen	prob	3	0.19074863195419312
Qwen_Qwen2.5-32B	delta	26	fall	ppt	fall__ppt	"To descend freely by the force of gravity. ""The apple fell from the tree."""	fell	fallen	prob	3	0.0623520202934742
Qwen_Qwen2.5-32B	orig	27	fall	ppt	fall__ppt	"To descend freely by the force of gravity. ""The apple fell from the tree."""	fell	fallen	prob	3	0.17689526081085205
Qwen_Qwen2.5-32B	delta	27	fall	ppt	fall__ppt	"To descend freely by the force of gravity. ""The apple fell from the tree."""	fell	fallen	prob	3	0.06806471943855286
Qwen_Qwen2.5-32B	orig	28	fall	ppt	fall__ppt	"To descend freely by the force of gravity. ""The apple fell from the tree."""	fell	fallen	prob	3	0.17993229627609253
Qwen_Qwen2.5-32B	delta	28	fall	ppt	fall__ppt	"To descend freely by the force of gravity. ""The apple fell from the tree."""	fell	fallen	prob	3	0.06119700148701668
Qwen_Qwen2.5-32B	orig	29	fall	ppt	fall__ppt	"To descend freely by the force of gravity. ""The apple fell from the tree."""	fell	fallen	prob	3	0.1739789843559265
Qwen_Qwen2.5-32B	delta	29	fall	ppt	fall__ppt	"To descend freely by the force of gravity. ""The apple fell from the tree."""	fell	fallen	prob	3	0.062361035495996475
Qwen_Qwen2.5-32B	orig	30	fall	ppt	fall__ppt	"To descend freely by the force of gravity. ""The apple fell from the tree."""	fell	fallen	prob	3	0.1610112339258194
Qwen_Qwen2.5-32B	delta	30	fall	ppt	fall__ppt	"To descend freely by the force of gravity. ""The apple fell from the tree."""	fell	fallen	prob	3	0.06506380438804626
Qwen_Qwen2.5-32B	orig	31	fall	ppt	fall__ppt	"To descend freely by the force of gravity. ""The apple fell from the tree."""	fell	fallen	prob	3	0.16279666125774384
Qwen_Qwen2.5-32B	delta	31	fall	ppt	fall__ppt	"To descend freely by the force of gravity. ""The apple fell from the tree."""	fell	fallen	prob	3	0.07893708348274231
Qwen_Qwen2.5-32B	orig	32	fall	ppt	fall__ppt	"To descend freely by the force of gravity. ""The apple fell from the tree."""	fell	fallen	prob	3	0.1640552133321762
Qwen_Qwen2.5-32B	delta	32	fall	ppt	fall__ppt	"To descend freely by the force of gravity. ""The apple fell from the tree."""	fell	fallen	prob	3	0.09382929652929306
Qwen_Qwen2.5-32B	orig	33	fall	ppt	fall__ppt	"To descend freely by the force of gravity. ""The apple fell from the tree."""	fell	fallen	prob	3	0.17398391664028168
Qwen_Qwen2.5-32B	delta	33	fall	ppt	fall__ppt	"To descend freely by the force of gravity. ""The apple fell from the tree."""	fell	fallen	prob	3	0.09347312897443771
Qwen_Qwen2.5-32B	orig	34	fall	ppt	fall__ppt	"To descend freely by the force of gravity. ""The apple fell from the tree."""	fell	fallen	prob	3	0.1702180653810501
Qwen_Qwen2.5-32B	delta	34	fall	ppt	fall__ppt	"To descend freely by the force of gravity. ""The apple fell from the tree."""	fell	fallen	prob	3	0.09756050258874893
Qwen_Qwen2.5-32B	orig	35	fall	ppt	fall__ppt	"To descend freely by the force of gravity. ""The apple fell from the tree."""	fell	fallen	prob	3	0.1630265861749649
Qwen_Qwen2.5-32B	delta	35	fall	ppt	fall__ppt	"To descend freely by the force of gravity. ""The apple fell from the tree."""	fell	fallen	prob	3	0.09611109644174576
Qwen_Qwen2.5-32B	orig	36	fall	ppt	fall__ppt	"To descend freely by the force of gravity. ""The apple fell from the tree."""	fell	fallen	prob	3	0.13954825699329376
Qwen_Qwen2.5-32B	delta	36	fall	ppt	fall__ppt	"To descend freely by the force of gravity. ""The apple fell from the tree."""	fell	fallen	prob	3	0.10372015088796616
Qwen_Qwen2.5-32B	orig	37	fall	ppt	fall__ppt	"To descend freely by the force of gravity. ""The apple fell from the tree."""	fell	fallen	prob	3	0.11342176049947739
Qwen_Qwen2.5-32B	delta	37	fall	ppt	fall__ppt	"To descend freely by the force of gravity. ""The apple fell from the tree."""	fell	fallen	prob	3	0.1180773600935936
Qwen_Qwen2.5-32B	orig	38	fall	ppt	fall__ppt	"To descend freely by the force of gravity. ""The apple fell from the tree."""	fell	fallen	prob	3	0.11051731556653976
Qwen_Qwen2.5-32B	delta	38	fall	ppt	fall__ppt	"To descend freely by the force of gravity. ""The apple fell from the tree."""	fell	fallen	prob	3	0.108713299036026
Qwen_Qwen2.5-32B	orig	39	fall	ppt	fall__ppt	"To descend freely by the force of gravity. ""The apple fell from the tree."""	fell	fallen	prob	3	0.11157091706991196
Qwen_Qwen2.5-32B	delta	39	fall	ppt	fall__ppt	"To descend freely by the force of gravity. ""The apple fell from the tree."""	fell	fallen	prob	3	0.10757792741060257
Qwen_Qwen2.5-32B	orig	40	fall	ppt	fall__ppt	"To descend freely by the force of gravity. ""The apple fell from the tree."""	fell	fallen	prob	3	0.10438454896211624
Qwen_Qwen2.5-32B	delta	40	fall	ppt	fall__ppt	"To descend freely by the force of gravity. ""The apple fell from the tree."""	fell	fallen	prob	3	0.11669653654098511
Qwen_Qwen2.5-32B	orig	41	fall	ppt	fall__ppt	"To descend freely by the force of gravity. ""The apple fell from the tree."""	fell	fallen	prob	3	0.09994582086801529
Qwen_Qwen2.5-32B	delta	41	fall	ppt	fall__ppt	"To descend freely by the force of gravity. ""The apple fell from the tree."""	fell	fallen	prob	3	0.11629822105169296
Qwen_Qwen2.5-32B	orig	42	fall	ppt	fall__ppt	"To descend freely by the force of gravity. ""The apple fell from the tree."""	fell	fallen	prob	3	0.09103315323591232
Qwen_Qwen2.5-32B	delta	42	fall	ppt	fall__ppt	"To descend freely by the force of gravity. ""The apple fell from the tree."""	fell	fallen	prob	3	0.12072417885065079
Qwen_Qwen2.5-32B	orig	43	fall	ppt	fall__ppt	"To descend freely by the force of gravity. ""The apple fell from the tree."""	fell	fallen	prob	3	0.07191123813390732
Qwen_Qwen2.5-32B	delta	43	fall	ppt	fall__ppt	"To descend freely by the force of gravity. ""The apple fell from the tree."""	fell	fallen	prob	3	0.12633368372917175
Qwen_Qwen2.5-32B	orig	44	fall	ppt	fall__ppt	"To descend freely by the force of gravity. ""The apple fell from the tree."""	fell	fallen	prob	3	0.07550915330648422
Qwen_Qwen2.5-32B	delta	44	fall	ppt	fall__ppt	"To descend freely by the force of gravity. ""The apple fell from the tree."""	fell	fallen	prob	3	0.12098180502653122
Qwen_Qwen2.5-32B	orig	45	fall	ppt	fall__ppt	"To descend freely by the force of gravity. ""The apple fell from the tree."""	fell	fallen	prob	3	0.088530533015728
Qwen_Qwen2.5-32B	delta	45	fall	ppt	fall__ppt	"To descend freely by the force of gravity. ""The apple fell from the tree."""	fell	fallen	prob	3	0.11035624891519547
Qwen_Qwen2.5-32B	orig	46	fall	ppt	fall__ppt	"To descend freely by the force of gravity. ""The apple fell from the tree."""	fell	fallen	prob	3	0.07692212611436844
Qwen_Qwen2.5-32B	delta	46	fall	ppt	fall__ppt	"To descend freely by the force of gravity. ""The apple fell from the tree."""	fell	fallen	prob	3	0.11220584064722061
Qwen_Qwen2.5-32B	orig	47	fall	ppt	fall__ppt	"To descend freely by the force of gravity. ""The apple fell from the tree."""	fell	fallen	prob	3	0.10576879978179932
Qwen_Qwen2.5-32B	delta	47	fall	ppt	fall__ppt	"To descend freely by the force of gravity. ""The apple fell from the tree."""	fell	fallen	prob	3	0.10466069728136063
Qwen_Qwen2.5-32B	orig	48	fall	ppt	fall__ppt	"To descend freely by the force of gravity. ""The apple fell from the tree."""	fell	fallen	prob	3	0.11222323030233383
Qwen_Qwen2.5-32B	delta	48	fall	ppt	fall__ppt	"To descend freely by the force of gravity. ""The apple fell from the tree."""	fell	fallen	prob	3	0.1012372151017189
Qwen_Qwen2.5-32B	orig	49	fall	ppt	fall__ppt	"To descend freely by the force of gravity. ""The apple fell from the tree."""	fell	fallen	prob	3	0.09915041923522949
Qwen_Qwen2.5-32B	delta	49	fall	ppt	fall__ppt	"To descend freely by the force of gravity. ""The apple fell from the tree."""	fell	fallen	prob	3	0.09985202550888062
Qwen_Qwen2.5-32B	orig	50	fall	ppt	fall__ppt	"To descend freely by the force of gravity. ""The apple fell from the tree."""	fell	fallen	prob	3	0.10434072464704514
Qwen_Qwen2.5-32B	delta	50	fall	ppt	fall__ppt	"To descend freely by the force of gravity. ""The apple fell from the tree."""	fell	fallen	prob	3	0.09923112392425537
Qwen_Qwen2.5-32B	orig	51	fall	ppt	fall__ppt	"To descend freely by the force of gravity. ""The apple fell from the tree."""	fell	fallen	prob	3	0.11223999410867691
Qwen_Qwen2.5-32B	delta	51	fall	ppt	fall__ppt	"To descend freely by the force of gravity. ""The apple fell from the tree."""	fell	fallen	prob	3	0.10033402591943741
Qwen_Qwen2.5-32B	orig	52	fall	ppt	fall__ppt	"To descend freely by the force of gravity. ""The apple fell from the tree."""	fell	fallen	prob	3	0.1097925528883934
Qwen_Qwen2.5-32B	delta	52	fall	ppt	fall__ppt	"To descend freely by the force of gravity. ""The apple fell from the tree."""	fell	fallen	prob	3	0.08606771379709244
Qwen_Qwen2.5-32B	orig	53	fall	ppt	fall__ppt	"To descend freely by the force of gravity. ""The apple fell from the tree."""	fell	fallen	prob	3	0.10437130928039551
Qwen_Qwen2.5-32B	delta	53	fall	ppt	fall__ppt	"To descend freely by the force of gravity. ""The apple fell from the tree."""	fell	fallen	prob	3	0.07929786294698715
Qwen_Qwen2.5-32B	orig	54	fall	ppt	fall__ppt	"To descend freely by the force of gravity. ""The apple fell from the tree."""	fell	fallen	prob	3	0.10442287474870682
Qwen_Qwen2.5-32B	delta	54	fall	ppt	fall__ppt	"To descend freely by the force of gravity. ""The apple fell from the tree."""	fell	fallen	prob	3	0.06377800554037094
Qwen_Qwen2.5-32B	orig	55	fall	ppt	fall__ppt	"To descend freely by the force of gravity. ""The apple fell from the tree."""	fell	fallen	prob	3	0.0982675552368164
Qwen_Qwen2.5-32B	delta	55	fall	ppt	fall__ppt	"To descend freely by the force of gravity. ""The apple fell from the tree."""	fell	fallen	prob	3	0.06785067170858383
Qwen_Qwen2.5-32B	orig	56	fall	ppt	fall__ppt	"To descend freely by the force of gravity. ""The apple fell from the tree."""	fell	fallen	prob	3	0.08484237641096115
Qwen_Qwen2.5-32B	delta	56	fall	ppt	fall__ppt	"To descend freely by the force of gravity. ""The apple fell from the tree."""	fell	fallen	prob	3	0.05940921604633331
Qwen_Qwen2.5-32B	orig	57	fall	ppt	fall__ppt	"To descend freely by the force of gravity. ""The apple fell from the tree."""	fell	fallen	prob	3	0.08052033931016922
Qwen_Qwen2.5-32B	delta	57	fall	ppt	fall__ppt	"To descend freely by the force of gravity. ""The apple fell from the tree."""	fell	fallen	prob	3	0.05196395516395569
Qwen_Qwen2.5-32B	orig	58	fall	ppt	fall__ppt	"To descend freely by the force of gravity. ""The apple fell from the tree."""	fell	fallen	prob	3	0.07510707527399063
Qwen_Qwen2.5-32B	delta	58	fall	ppt	fall__ppt	"To descend freely by the force of gravity. ""The apple fell from the tree."""	fell	fallen	prob	3	0.04363596439361572
Qwen_Qwen2.5-32B	orig	59	fall	ppt	fall__ppt	"To descend freely by the force of gravity. ""The apple fell from the tree."""	fell	fallen	prob	3	0.07783358544111252
Qwen_Qwen2.5-32B	delta	59	fall	ppt	fall__ppt	"To descend freely by the force of gravity. ""The apple fell from the tree."""	fell	fallen	prob	3	0.03831963613629341
Qwen_Qwen2.5-32B	orig	60	fall	ppt	fall__ppt	"To descend freely by the force of gravity. ""The apple fell from the tree."""	fell	fallen	prob	3	0.07280755788087845
Qwen_Qwen2.5-32B	delta	60	fall	ppt	fall__ppt	"To descend freely by the force of gravity. ""The apple fell from the tree."""	fell	fallen	prob	3	0.0339798666536808
Qwen_Qwen2.5-32B	orig	61	fall	ppt	fall__ppt	"To descend freely by the force of gravity. ""The apple fell from the tree."""	fell	fallen	prob	3	0.07501891255378723
Qwen_Qwen2.5-32B	delta	61	fall	ppt	fall__ppt	"To descend freely by the force of gravity. ""The apple fell from the tree."""	fell	fallen	prob	3	0.0382477231323719
Qwen_Qwen2.5-32B	orig	62	fall	ppt	fall__ppt	"To descend freely by the force of gravity. ""The apple fell from the tree."""	fell	fallen	prob	3	0.08034568279981613
Qwen_Qwen2.5-32B	delta	62	fall	ppt	fall__ppt	"To descend freely by the force of gravity. ""The apple fell from the tree."""	fell	fallen	prob	3	0.03128333017230034
Qwen_Qwen2.5-32B	orig	63	fall	ppt	fall__ppt	"To descend freely by the force of gravity. ""The apple fell from the tree."""	fell	fallen	prob	3	0.06629782915115356
Qwen_Qwen2.5-32B	delta	63	fall	ppt	fall__ppt	"To descend freely by the force of gravity. ""The apple fell from the tree."""	fell	fallen	prob	3	0.03957569599151611
Qwen_Qwen2.5-32B	orig	64	fall	ppt	fall__ppt	"To descend freely by the force of gravity. ""The apple fell from the tree."""	fell	fallen	prob	3	0.1359575390815735
Qwen_Qwen2.5-32B	delta	64	fall	ppt	fall__ppt	"To descend freely by the force of gravity. ""The apple fell from the tree."""	fell	fallen	prob	3	-0.0014179497957229614
Qwen_Qwen2.5-32B	orig	0	fall	ppt	fall__ppt	To pass suddenly and passively into a state or body of mind or a new state or co	fell	fallen	cat	3	nan
Qwen_Qwen2.5-32B	delta	0	fall	ppt	fall__ppt	To pass suddenly and passively into a state or body of mind or a new state or co	fell	fallen	cat	3	nan
Qwen_Qwen2.5-32B	orig	1	fall	ppt	fall__ppt	To pass suddenly and passively into a state or body of mind or a new state or co	fell	fallen	cat	3	-0.003120680572465062
Qwen_Qwen2.5-32B	delta	1	fall	ppt	fall__ppt	To pass suddenly and passively into a state or body of mind or a new state or co	fell	fallen	cat	3	0.05559645593166351
Qwen_Qwen2.5-32B	orig	2	fall	ppt	fall__ppt	To pass suddenly and passively into a state or body of mind or a new state or co	fell	fallen	cat	3	-0.002186273457482457
Qwen_Qwen2.5-32B	delta	2	fall	ppt	fall__ppt	To pass suddenly and passively into a state or body of mind or a new state or co	fell	fallen	cat	3	0.027226008474826813
Qwen_Qwen2.5-32B	orig	3	fall	ppt	fall__ppt	To pass suddenly and passively into a state or body of mind or a new state or co	fell	fallen	cat	3	-0.0565340481698513
Qwen_Qwen2.5-32B	delta	3	fall	ppt	fall__ppt	To pass suddenly and passively into a state or body of mind or a new state or co	fell	fallen	cat	3	0.009581298567354679
Qwen_Qwen2.5-32B	orig	4	fall	ppt	fall__ppt	To pass suddenly and passively into a state or body of mind or a new state or co	fell	fallen	cat	3	-0.011633992195129395
Qwen_Qwen2.5-32B	delta	4	fall	ppt	fall__ppt	To pass suddenly and passively into a state or body of mind or a new state or co	fell	fallen	cat	3	0.05250079557299614
Qwen_Qwen2.5-32B	orig	5	fall	ppt	fall__ppt	To pass suddenly and passively into a state or body of mind or a new state or co	fell	fallen	cat	3	-0.015041063539683819
Qwen_Qwen2.5-32B	delta	5	fall	ppt	fall__ppt	To pass suddenly and passively into a state or body of mind or a new state or co	fell	fallen	cat	3	0.027690500020980835
Qwen_Qwen2.5-32B	orig	6	fall	ppt	fall__ppt	To pass suddenly and passively into a state or body of mind or a new state or co	fell	fallen	cat	3	0.023917878046631813
Qwen_Qwen2.5-32B	delta	6	fall	ppt	fall__ppt	To pass suddenly and passively into a state or body of mind or a new state or co	fell	fallen	cat	3	0.0037727218586951494
Qwen_Qwen2.5-32B	orig	7	fall	ppt	fall__ppt	To pass suddenly and passively into a state or body of mind or a new state or co	fell	fallen	cat	3	-0.019322728738188744
Qwen_Qwen2.5-32B	delta	7	fall	ppt	fall__ppt	To pass suddenly and passively into a state or body of mind or a new state or co	fell	fallen	cat	3	0.016178881749510765
Qwen_Qwen2.5-32B	orig	8	fall	ppt	fall__ppt	To pass suddenly and passively into a state or body of mind or a new state or co	fell	fallen	cat	3	0.08037863671779633
Qwen_Qwen2.5-32B	delta	8	fall	ppt	fall__ppt	To pass suddenly and passively into a state or body of mind or a new state or co	fell	fallen	cat	3	-0.03810686990618706
Qwen_Qwen2.5-32B	orig	9	fall	ppt	fall__ppt	To pass suddenly and passively into a state or body of mind or a new state or co	fell	fallen	cat	3	0.11888503283262253
Qwen_Qwen2.5-32B	delta	9	fall	ppt	fall__ppt	To pass suddenly and passively into a state or body of mind or a new state or co	fell	fallen	cat	3	-0.0483475923538208
Qwen_Qwen2.5-32B	orig	10	fall	ppt	fall__ppt	To pass suddenly and passively into a state or body of mind or a new state or co	fell	fallen	cat	3	0.1369604766368866
Qwen_Qwen2.5-32B	delta	10	fall	ppt	fall__ppt	To pass suddenly and passively into a state or body of mind or a new state or co	fell	fallen	cat	3	-0.01598435454070568
Qwen_Qwen2.5-32B	orig	11	fall	ppt	fall__ppt	To pass suddenly and passively into a state or body of mind or a new state or co	fell	fallen	cat	3	0.14497263729572296
Qwen_Qwen2.5-32B	delta	11	fall	ppt	fall__ppt	To pass suddenly and passively into a state or body of mind or a new state or co	fell	fallen	cat	3	-0.010394252836704254
Qwen_Qwen2.5-32B	orig	12	fall	ppt	fall__ppt	To pass suddenly and passively into a state or body of mind or a new state or co	fell	fallen	cat	3	0.10896249860525131
Qwen_Qwen2.5-32B	delta	12	fall	ppt	fall__ppt	To pass suddenly and passively into a state or body of mind or a new state or co	fell	fallen	cat	3	-0.0216983612626791
Qwen_Qwen2.5-32B	orig	13	fall	ppt	fall__ppt	To pass suddenly and passively into a state or body of mind or a new state or co	fell	fallen	cat	3	0.14529888331890106
Qwen_Qwen2.5-32B	delta	13	fall	ppt	fall__ppt	To pass suddenly and passively into a state or body of mind or a new state or co	fell	fallen	cat	3	0.0009633563458919525
Qwen_Qwen2.5-32B	orig	14	fall	ppt	fall__ppt	To pass suddenly and passively into a state or body of mind or a new state or co	fell	fallen	cat	3	0.14342163503170013
Qwen_Qwen2.5-32B	delta	14	fall	ppt	fall__ppt	To pass suddenly and passively into a state or body of mind or a new state or co	fell	fallen	cat	3	0.0008105610613711178
Qwen_Qwen2.5-32B	orig	15	fall	ppt	fall__ppt	To pass suddenly and passively into a state or body of mind or a new state or co	fell	fallen	cat	3	0.1537659913301468
Qwen_Qwen2.5-32B	delta	15	fall	ppt	fall__ppt	To pass suddenly and passively into a state or body of mind or a new state or co	fell	fallen	cat	3	-0.0007575973868370056
Qwen_Qwen2.5-32B	orig	16	fall	ppt	fall__ppt	To pass suddenly and passively into a state or body of mind or a new state or co	fell	fallen	cat	3	0.17684511840343475
Qwen_Qwen2.5-32B	delta	16	fall	ppt	fall__ppt	To pass suddenly and passively into a state or body of mind or a new state or co	fell	fallen	cat	3	-0.008617948740720749
Qwen_Qwen2.5-32B	orig	17	fall	ppt	fall__ppt	To pass suddenly and passively into a state or body of mind or a new state or co	fell	fallen	cat	3	0.18993425369262695
Qwen_Qwen2.5-32B	delta	17	fall	ppt	fall__ppt	To pass suddenly and passively into a state or body of mind or a new state or co	fell	fallen	cat	3	-0.016872858628630638
Qwen_Qwen2.5-32B	orig	18	fall	ppt	fall__ppt	To pass suddenly and passively into a state or body of mind or a new state or co	fell	fallen	cat	3	0.1910228282213211
Qwen_Qwen2.5-32B	delta	18	fall	ppt	fall__ppt	To pass suddenly and passively into a state or body of mind or a new state or co	fell	fallen	cat	3	-0.020932339131832123
Qwen_Qwen2.5-32B	orig	19	fall	ppt	fall__ppt	To pass suddenly and passively into a state or body of mind or a new state or co	fell	fallen	cat	3	0.1955995112657547
Qwen_Qwen2.5-32B	delta	19	fall	ppt	fall__ppt	To pass suddenly and passively into a state or body of mind or a new state or co	fell	fallen	cat	3	-0.02203824184834957
Qwen_Qwen2.5-32B	orig	20	fall	ppt	fall__ppt	To pass suddenly and passively into a state or body of mind or a new state or co	fell	fallen	cat	3	0.19805872440338135
Qwen_Qwen2.5-32B	delta	20	fall	ppt	fall__ppt	To pass suddenly and passively into a state or body of mind or a new state or co	fell	fallen	cat	3	-0.017985304817557335
Qwen_Qwen2.5-32B	orig	21	fall	ppt	fall__ppt	To pass suddenly and passively into a state or body of mind or a new state or co	fell	fallen	cat	3	0.21394450962543488
Qwen_Qwen2.5-32B	delta	21	fall	ppt	fall__ppt	To pass suddenly and passively into a state or body of mind or a new state or co	fell	fallen	cat	3	-0.011002182960510254
Qwen_Qwen2.5-32B	orig	22	fall	ppt	fall__ppt	To pass suddenly and passively into a state or body of mind or a new state or co	fell	fallen	cat	3	0.22349660098552704
Qwen_Qwen2.5-32B	delta	22	fall	ppt	fall__ppt	To pass suddenly and passively into a state or body of mind or a new state or co	fell	fallen	cat	3	-0.008642502129077911
Qwen_Qwen2.5-32B	orig	23	fall	ppt	fall__ppt	To pass suddenly and passively into a state or body of mind or a new state or co	fell	fallen	cat	3	0.22430820763111115
Qwen_Qwen2.5-32B	delta	23	fall	ppt	fall__ppt	To pass suddenly and passively into a state or body of mind or a new state or co	fell	fallen	cat	3	0.019091740250587463
Qwen_Qwen2.5-32B	orig	24	fall	ppt	fall__ppt	To pass suddenly and passively into a state or body of mind or a new state or co	fell	fallen	cat	3	0.23282545804977417
Qwen_Qwen2.5-32B	delta	24	fall	ppt	fall__ppt	To pass suddenly and passively into a state or body of mind or a new state or co	fell	fallen	cat	3	0.035021666437387466
Qwen_Qwen2.5-32B	orig	25	fall	ppt	fall__ppt	To pass suddenly and passively into a state or body of mind or a new state or co	fell	fallen	cat	3	0.23957319557666779
Qwen_Qwen2.5-32B	delta	25	fall	ppt	fall__ppt	To pass suddenly and passively into a state or body of mind or a new state or co	fell	fallen	cat	3	0.05175473168492317
Qwen_Qwen2.5-32B	orig	26	fall	ppt	fall__ppt	To pass suddenly and passively into a state or body of mind or a new state or co	fell	fallen	cat	3	0.24404628574848175
Qwen_Qwen2.5-32B	delta	26	fall	ppt	fall__ppt	To pass suddenly and passively into a state or body of mind or a new state or co	fell	fallen	cat	3	0.04935583472251892
Qwen_Qwen2.5-32B	orig	27	fall	ppt	fall__ppt	To pass suddenly and passively into a state or body of mind or a new state or co	fell	fallen	cat	3	0.24134881794452667
Qwen_Qwen2.5-32B	delta	27	fall	ppt	fall__ppt	To pass suddenly and passively into a state or body of mind or a new state or co	fell	fallen	cat	3	0.04756339266896248
Qwen_Qwen2.5-32B	orig	28	fall	ppt	fall__ppt	To pass suddenly and passively into a state or body of mind or a new state or co	fell	fallen	cat	3	0.2356225997209549
Qwen_Qwen2.5-32B	delta	28	fall	ppt	fall__ppt	To pass suddenly and passively into a state or body of mind or a new state or co	fell	fallen	cat	3	0.050449490547180176
Qwen_Qwen2.5-32B	orig	29	fall	ppt	fall__ppt	To pass suddenly and passively into a state or body of mind or a new state or co	fell	fallen	cat	3	0.2320110946893692
Qwen_Qwen2.5-32B	delta	29	fall	ppt	fall__ppt	To pass suddenly and passively into a state or body of mind or a new state or co	fell	fallen	cat	3	0.04519736394286156
Qwen_Qwen2.5-32B	orig	30	fall	ppt	fall__ppt	To pass suddenly and passively into a state or body of mind or a new state or co	fell	fallen	cat	3	0.22475476562976837
Qwen_Qwen2.5-32B	delta	30	fall	ppt	fall__ppt	To pass suddenly and passively into a state or body of mind or a new state or co	fell	fallen	cat	3	0.04334498569369316
Qwen_Qwen2.5-32B	orig	31	fall	ppt	fall__ppt	To pass suddenly and passively into a state or body of mind or a new state or co	fell	fallen	cat	3	0.21908609569072723
Qwen_Qwen2.5-32B	delta	31	fall	ppt	fall__ppt	To pass suddenly and passively into a state or body of mind or a new state or co	fell	fallen	cat	3	0.057303447276353836
Qwen_Qwen2.5-32B	orig	32	fall	ppt	fall__ppt	To pass suddenly and passively into a state or body of mind or a new state or co	fell	fallen	cat	3	0.2133156806230545
Qwen_Qwen2.5-32B	delta	32	fall	ppt	fall__ppt	To pass suddenly and passively into a state or body of mind or a new state or co	fell	fallen	cat	3	0.054888028651475906
Qwen_Qwen2.5-32B	orig	33	fall	ppt	fall__ppt	To pass suddenly and passively into a state or body of mind or a new state or co	fell	fallen	cat	3	0.1913306564092636
Qwen_Qwen2.5-32B	delta	33	fall	ppt	fall__ppt	To pass suddenly and passively into a state or body of mind or a new state or co	fell	fallen	cat	3	0.042759913951158524
Qwen_Qwen2.5-32B	orig	34	fall	ppt	fall__ppt	To pass suddenly and passively into a state or body of mind or a new state or co	fell	fallen	cat	3	0.18275012075901031
Qwen_Qwen2.5-32B	delta	34	fall	ppt	fall__ppt	To pass suddenly and passively into a state or body of mind or a new state or co	fell	fallen	cat	3	0.03704481199383736
Qwen_Qwen2.5-32B	orig	35	fall	ppt	fall__ppt	To pass suddenly and passively into a state or body of mind or a new state or co	fell	fallen	cat	3	0.17954552173614502
Qwen_Qwen2.5-32B	delta	35	fall	ppt	fall__ppt	To pass suddenly and passively into a state or body of mind or a new state or co	fell	fallen	cat	3	0.019373731687664986
Qwen_Qwen2.5-32B	orig	36	fall	ppt	fall__ppt	To pass suddenly and passively into a state or body of mind or a new state or co	fell	fallen	cat	3	0.16511790454387665
Qwen_Qwen2.5-32B	delta	36	fall	ppt	fall__ppt	To pass suddenly and passively into a state or body of mind or a new state or co	fell	fallen	cat	3	0.008235987275838852
Qwen_Qwen2.5-32B	orig	37	fall	ppt	fall__ppt	To pass suddenly and passively into a state or body of mind or a new state or co	fell	fallen	cat	3	0.16975164413452148
Qwen_Qwen2.5-32B	delta	37	fall	ppt	fall__ppt	To pass suddenly and passively into a state or body of mind or a new state or co	fell	fallen	cat	3	0.020617850124835968
Qwen_Qwen2.5-32B	orig	38	fall	ppt	fall__ppt	To pass suddenly and passively into a state or body of mind or a new state or co	fell	fallen	cat	3	0.17194385826587677
Qwen_Qwen2.5-32B	delta	38	fall	ppt	fall__ppt	To pass suddenly and passively into a state or body of mind or a new state or co	fell	fallen	cat	3	0.028925858438014984
Qwen_Qwen2.5-32B	orig	39	fall	ppt	fall__ppt	To pass suddenly and passively into a state or body of mind or a new state or co	fell	fallen	cat	3	0.1826661378145218
Qwen_Qwen2.5-32B	delta	39	fall	ppt	fall__ppt	To pass suddenly and passively into a state or body of mind or a new state or co	fell	fallen	cat	3	0.05041902884840965
Qwen_Qwen2.5-32B	orig	40	fall	ppt	fall__ppt	To pass suddenly and passively into a state or body of mind or a new state or co	fell	fallen	cat	3	0.1810707300901413
Qwen_Qwen2.5-32B	delta	40	fall	ppt	fall__ppt	To pass suddenly and passively into a state or body of mind or a new state or co	fell	fallen	cat	3	0.055263012647628784
Qwen_Qwen2.5-32B	orig	41	fall	ppt	fall__ppt	To pass suddenly and passively into a state or body of mind or a new state or co	fell	fallen	cat	3	0.17850928008556366
Qwen_Qwen2.5-32B	delta	41	fall	ppt	fall__ppt	To pass suddenly and passively into a state or body of mind or a new state or co	fell	fallen	cat	3	0.05686601996421814
Qwen_Qwen2.5-32B	orig	42	fall	ppt	fall__ppt	To pass suddenly and passively into a state or body of mind or a new state or co	fell	fallen	cat	3	0.1685853749513626
Qwen_Qwen2.5-32B	delta	42	fall	ppt	fall__ppt	To pass suddenly and passively into a state or body of mind or a new state or co	fell	fallen	cat	3	0.051697682589292526
Qwen_Qwen2.5-32B	orig	43	fall	ppt	fall__ppt	To pass suddenly and passively into a state or body of mind or a new state or co	fell	fallen	cat	3	0.16343241930007935
Qwen_Qwen2.5-32B	delta	43	fall	ppt	fall__ppt	To pass suddenly and passively into a state or body of mind or a new state or co	fell	fallen	cat	3	0.05248476564884186
Qwen_Qwen2.5-32B	orig	44	fall	ppt	fall__ppt	To pass suddenly and passively into a state or body of mind or a new state or co	fell	fallen	cat	3	0.15491189062595367
Qwen_Qwen2.5-32B	delta	44	fall	ppt	fall__ppt	To pass suddenly and passively into a state or body of mind or a new state or co	fell	fallen	cat	3	0.04257631301879883
Qwen_Qwen2.5-32B	orig	45	fall	ppt	fall__ppt	To pass suddenly and passively into a state or body of mind or a new state or co	fell	fallen	cat	3	0.1553640365600586
Qwen_Qwen2.5-32B	delta	45	fall	ppt	fall__ppt	To pass suddenly and passively into a state or body of mind or a new state or co	fell	fallen	cat	3	0.04338851571083069
Qwen_Qwen2.5-32B	orig	46	fall	ppt	fall__ppt	To pass suddenly and passively into a state or body of mind or a new state or co	fell	fallen	cat	3	0.16357576847076416
Qwen_Qwen2.5-32B	delta	46	fall	ppt	fall__ppt	To pass suddenly and passively into a state or body of mind or a new state or co	fell	fallen	cat	3	0.04029536619782448
Qwen_Qwen2.5-32B	orig	47	fall	ppt	fall__ppt	To pass suddenly and passively into a state or body of mind or a new state or co	fell	fallen	cat	3	0.17115259170532227
Qwen_Qwen2.5-32B	delta	47	fall	ppt	fall__ppt	To pass suddenly and passively into a state or body of mind or a new state or co	fell	fallen	cat	3	0.04630826413631439
Qwen_Qwen2.5-32B	orig	48	fall	ppt	fall__ppt	To pass suddenly and passively into a state or body of mind or a new state or co	fell	fallen	cat	3	0.2035142183303833
Qwen_Qwen2.5-32B	delta	48	fall	ppt	fall__ppt	To pass suddenly and passively into a state or body of mind or a new state or co	fell	fallen	cat	3	0.06541124731302261
Qwen_Qwen2.5-32B	orig	49	fall	ppt	fall__ppt	To pass suddenly and passively into a state or body of mind or a new state or co	fell	fallen	cat	3	0.2200959175825119
Qwen_Qwen2.5-32B	delta	49	fall	ppt	fall__ppt	To pass suddenly and passively into a state or body of mind or a new state or co	fell	fallen	cat	3	0.06921445578336716
Qwen_Qwen2.5-32B	orig	50	fall	ppt	fall__ppt	To pass suddenly and passively into a state or body of mind or a new state or co	fell	fallen	cat	3	0.23558218777179718
Qwen_Qwen2.5-32B	delta	50	fall	ppt	fall__ppt	To pass suddenly and passively into a state or body of mind or a new state or co	fell	fallen	cat	3	0.08356767892837524
Qwen_Qwen2.5-32B	orig	51	fall	ppt	fall__ppt	To pass suddenly and passively into a state or body of mind or a new state or co	fell	fallen	cat	3	0.2435065060853958
Qwen_Qwen2.5-32B	delta	51	fall	ppt	fall__ppt	To pass suddenly and passively into a state or body of mind or a new state or co	fell	fallen	cat	3	0.07082342356443405
Qwen_Qwen2.5-32B	orig	52	fall	ppt	fall__ppt	To pass suddenly and passively into a state or body of mind or a new state or co	fell	fallen	cat	3	0.23805920779705048
Qwen_Qwen2.5-32B	delta	52	fall	ppt	fall__ppt	To pass suddenly and passively into a state or body of mind or a new state or co	fell	fallen	cat	3	0.07967666536569595
Qwen_Qwen2.5-32B	orig	53	fall	ppt	fall__ppt	To pass suddenly and passively into a state or body of mind or a new state or co	fell	fallen	cat	3	0.24582195281982422
Qwen_Qwen2.5-32B	delta	53	fall	ppt	fall__ppt	To pass suddenly and passively into a state or body of mind or a new state or co	fell	fallen	cat	3	0.09922939538955688
Qwen_Qwen2.5-32B	orig	54	fall	ppt	fall__ppt	To pass suddenly and passively into a state or body of mind or a new state or co	fell	fallen	cat	3	0.2655850648880005
Qwen_Qwen2.5-32B	delta	54	fall	ppt	fall__ppt	To pass suddenly and passively into a state or body of mind or a new state or co	fell	fallen	cat	3	0.10911516100168228
Qwen_Qwen2.5-32B	orig	55	fall	ppt	fall__ppt	To pass suddenly and passively into a state or body of mind or a new state or co	fell	fallen	cat	3	0.27481919527053833
Qwen_Qwen2.5-32B	delta	55	fall	ppt	fall__ppt	To pass suddenly and passively into a state or body of mind or a new state or co	fell	fallen	cat	3	0.10288385301828384
Qwen_Qwen2.5-32B	orig	56	fall	ppt	fall__ppt	To pass suddenly and passively into a state or body of mind or a new state or co	fell	fallen	cat	3	0.26881518959999084
Qwen_Qwen2.5-32B	delta	56	fall	ppt	fall__ppt	To pass suddenly and passively into a state or body of mind or a new state or co	fell	fallen	cat	3	0.10189185291528702
Qwen_Qwen2.5-32B	orig	57	fall	ppt	fall__ppt	To pass suddenly and passively into a state or body of mind or a new state or co	fell	fallen	cat	3	0.2729712426662445
Qwen_Qwen2.5-32B	delta	57	fall	ppt	fall__ppt	To pass suddenly and passively into a state or body of mind or a new state or co	fell	fallen	cat	3	0.10122547298669815
Qwen_Qwen2.5-32B	orig	58	fall	ppt	fall__ppt	To pass suddenly and passively into a state or body of mind or a new state or co	fell	fallen	cat	3	0.2698616683483124
Qwen_Qwen2.5-32B	delta	58	fall	ppt	fall__ppt	To pass suddenly and passively into a state or body of mind or a new state or co	fell	fallen	cat	3	0.10182458162307739
Qwen_Qwen2.5-32B	orig	59	fall	ppt	fall__ppt	To pass suddenly and passively into a state or body of mind or a new state or co	fell	fallen	cat	3	0.2696836590766907
Qwen_Qwen2.5-32B	delta	59	fall	ppt	fall__ppt	To pass suddenly and passively into a state or body of mind or a new state or co	fell	fallen	cat	3	0.11088355630636215
Qwen_Qwen2.5-32B	orig	60	fall	ppt	fall__ppt	To pass suddenly and passively into a state or body of mind or a new state or co	fell	fallen	cat	3	0.27233242988586426
Qwen_Qwen2.5-32B	delta	60	fall	ppt	fall__ppt	To pass suddenly and passively into a state or body of mind or a new state or co	fell	fallen	cat	3	0.11882608383893967
Qwen_Qwen2.5-32B	orig	61	fall	ppt	fall__ppt	To pass suddenly and passively into a state or body of mind or a new state or co	fell	fallen	cat	3	0.27943965792655945
Qwen_Qwen2.5-32B	delta	61	fall	ppt	fall__ppt	To pass suddenly and passively into a state or body of mind or a new state or co	fell	fallen	cat	3	0.12509357929229736
Qwen_Qwen2.5-32B	orig	62	fall	ppt	fall__ppt	To pass suddenly and passively into a state or body of mind or a new state or co	fell	fallen	cat	3	0.27983149886131287
Qwen_Qwen2.5-32B	delta	62	fall	ppt	fall__ppt	To pass suddenly and passively into a state or body of mind or a new state or co	fell	fallen	cat	3	0.12144394963979721
Qwen_Qwen2.5-32B	orig	63	fall	ppt	fall__ppt	To pass suddenly and passively into a state or body of mind or a new state or co	fell	fallen	cat	3	0.3271496295928955
Qwen_Qwen2.5-32B	delta	63	fall	ppt	fall__ppt	To pass suddenly and passively into a state or body of mind or a new state or co	fell	fallen	cat	3	0.15331736207008362
Qwen_Qwen2.5-32B	orig	64	fall	ppt	fall__ppt	To pass suddenly and passively into a state or body of mind or a new state or co	fell	fallen	cat	3	0.38137081265449524
Qwen_Qwen2.5-32B	delta	64	fall	ppt	fall__ppt	To pass suddenly and passively into a state or body of mind or a new state or co	fell	fallen	cat	3	0.2576056122779846
Qwen_Qwen2.5-32B	orig	0	fly	pst	fly__pst	"To move in or pass through the air with wings. ""bees flying around the hive"""	flied	flew	cat	4	1.0
Qwen_Qwen2.5-32B	delta	0	fly	pst	fly__pst	"To move in or pass through the air with wings. ""bees flying around the hive"""	flied	flew	cat	4	1.0
Qwen_Qwen2.5-32B	orig	1	fly	pst	fly__pst	"To move in or pass through the air with wings. ""bees flying around the hive"""	flied	flew	cat	4	0.7834696173667908
Qwen_Qwen2.5-32B	delta	1	fly	pst	fly__pst	"To move in or pass through the air with wings. ""bees flying around the hive"""	flied	flew	cat	4	0.6827146410942078
Qwen_Qwen2.5-32B	orig	2	fly	pst	fly__pst	"To move in or pass through the air with wings. ""bees flying around the hive"""	flied	flew	cat	4	0.7573429346084595
Qwen_Qwen2.5-32B	delta	2	fly	pst	fly__pst	"To move in or pass through the air with wings. ""bees flying around the hive"""	flied	flew	cat	4	0.6448386907577515
Qwen_Qwen2.5-32B	orig	3	fly	pst	fly__pst	"To move in or pass through the air with wings. ""bees flying around the hive"""	flied	flew	cat	4	0.6191538572311401
Qwen_Qwen2.5-32B	delta	3	fly	pst	fly__pst	"To move in or pass through the air with wings. ""bees flying around the hive"""	flied	flew	cat	4	0.45414209365844727
Qwen_Qwen2.5-32B	orig	4	fly	pst	fly__pst	"To move in or pass through the air with wings. ""bees flying around the hive"""	flied	flew	cat	4	0.4655871093273163
Qwen_Qwen2.5-32B	delta	4	fly	pst	fly__pst	"To move in or pass through the air with wings. ""bees flying around the hive"""	flied	flew	cat	4	0.21311300992965698
Qwen_Qwen2.5-32B	orig	5	fly	pst	fly__pst	"To move in or pass through the air with wings. ""bees flying around the hive"""	flied	flew	cat	4	0.37098217010498047
Qwen_Qwen2.5-32B	delta	5	fly	pst	fly__pst	"To move in or pass through the air with wings. ""bees flying around the hive"""	flied	flew	cat	4	0.0700942873954773
Qwen_Qwen2.5-32B	orig	6	fly	pst	fly__pst	"To move in or pass through the air with wings. ""bees flying around the hive"""	flied	flew	cat	4	0.3731686770915985
Qwen_Qwen2.5-32B	delta	6	fly	pst	fly__pst	"To move in or pass through the air with wings. ""bees flying around the hive"""	flied	flew	cat	4	0.05345621332526207
Qwen_Qwen2.5-32B	orig	7	fly	pst	fly__pst	"To move in or pass through the air with wings. ""bees flying around the hive"""	flied	flew	cat	4	0.3489779233932495
Qwen_Qwen2.5-32B	delta	7	fly	pst	fly__pst	"To move in or pass through the air with wings. ""bees flying around the hive"""	flied	flew	cat	4	0.06585106253623962
Qwen_Qwen2.5-32B	orig	8	fly	pst	fly__pst	"To move in or pass through the air with wings. ""bees flying around the hive"""	flied	flew	cat	4	0.3934310972690582
Qwen_Qwen2.5-32B	delta	8	fly	pst	fly__pst	"To move in or pass through the air with wings. ""bees flying around the hive"""	flied	flew	cat	4	0.06471875309944153
Qwen_Qwen2.5-32B	orig	9	fly	pst	fly__pst	"To move in or pass through the air with wings. ""bees flying around the hive"""	flied	flew	cat	4	0.3878597319126129
Qwen_Qwen2.5-32B	delta	9	fly	pst	fly__pst	"To move in or pass through the air with wings. ""bees flying around the hive"""	flied	flew	cat	4	0.0697130411863327
Qwen_Qwen2.5-32B	orig	10	fly	pst	fly__pst	"To move in or pass through the air with wings. ""bees flying around the hive"""	flied	flew	cat	4	0.3933848440647125
Qwen_Qwen2.5-32B	delta	10	fly	pst	fly__pst	"To move in or pass through the air with wings. ""bees flying around the hive"""	flied	flew	cat	4	0.06971349567174911
Qwen_Qwen2.5-32B	orig	11	fly	pst	fly__pst	"To move in or pass through the air with wings. ""bees flying around the hive"""	flied	flew	cat	4	0.377409964799881
Qwen_Qwen2.5-32B	delta	11	fly	pst	fly__pst	"To move in or pass through the air with wings. ""bees flying around the hive"""	flied	flew	cat	4	0.09043845534324646
Qwen_Qwen2.5-32B	orig	12	fly	pst	fly__pst	"To move in or pass through the air with wings. ""bees flying around the hive"""	flied	flew	cat	4	0.3003701865673065
Qwen_Qwen2.5-32B	delta	12	fly	pst	fly__pst	"To move in or pass through the air with wings. ""bees flying around the hive"""	flied	flew	cat	4	0.053868360817432404
Qwen_Qwen2.5-32B	orig	13	fly	pst	fly__pst	"To move in or pass through the air with wings. ""bees flying around the hive"""	flied	flew	cat	4	0.28453296422958374
Qwen_Qwen2.5-32B	delta	13	fly	pst	fly__pst	"To move in or pass through the air with wings. ""bees flying around the hive"""	flied	flew	cat	4	0.061319805681705475
Qwen_Qwen2.5-32B	orig	14	fly	pst	fly__pst	"To move in or pass through the air with wings. ""bees flying around the hive"""	flied	flew	cat	4	0.2807871103286743
Qwen_Qwen2.5-32B	delta	14	fly	pst	fly__pst	"To move in or pass through the air with wings. ""bees flying around the hive"""	flied	flew	cat	4	0.06426581740379333
Qwen_Qwen2.5-32B	orig	15	fly	pst	fly__pst	"To move in or pass through the air with wings. ""bees flying around the hive"""	flied	flew	cat	4	0.28458499908447266
Qwen_Qwen2.5-32B	delta	15	fly	pst	fly__pst	"To move in or pass through the air with wings. ""bees flying around the hive"""	flied	flew	cat	4	0.05479612946510315
Qwen_Qwen2.5-32B	orig	16	fly	pst	fly__pst	"To move in or pass through the air with wings. ""bees flying around the hive"""	flied	flew	cat	4	0.27231448888778687
Qwen_Qwen2.5-32B	delta	16	fly	pst	fly__pst	"To move in or pass through the air with wings. ""bees flying around the hive"""	flied	flew	cat	4	0.05926532298326492
Qwen_Qwen2.5-32B	orig	17	fly	pst	fly__pst	"To move in or pass through the air with wings. ""bees flying around the hive"""	flied	flew	cat	4	0.26451796293258667
Qwen_Qwen2.5-32B	delta	17	fly	pst	fly__pst	"To move in or pass through the air with wings. ""bees flying around the hive"""	flied	flew	cat	4	0.06582441180944443
Qwen_Qwen2.5-32B	orig	18	fly	pst	fly__pst	"To move in or pass through the air with wings. ""bees flying around the hive"""	flied	flew	cat	4	0.25271379947662354
Qwen_Qwen2.5-32B	delta	18	fly	pst	fly__pst	"To move in or pass through the air with wings. ""bees flying around the hive"""	flied	flew	cat	4	0.06017196178436279
Qwen_Qwen2.5-32B	orig	19	fly	pst	fly__pst	"To move in or pass through the air with wings. ""bees flying around the hive"""	flied	flew	cat	4	0.24685582518577576
Qwen_Qwen2.5-32B	delta	19	fly	pst	fly__pst	"To move in or pass through the air with wings. ""bees flying around the hive"""	flied	flew	cat	4	0.06410939246416092
Qwen_Qwen2.5-32B	orig	20	fly	pst	fly__pst	"To move in or pass through the air with wings. ""bees flying around the hive"""	flied	flew	cat	4	0.2462637573480606
Qwen_Qwen2.5-32B	delta	20	fly	pst	fly__pst	"To move in or pass through the air with wings. ""bees flying around the hive"""	flied	flew	cat	4	0.057413265109062195
Qwen_Qwen2.5-32B	orig	21	fly	pst	fly__pst	"To move in or pass through the air with wings. ""bees flying around the hive"""	flied	flew	cat	4	0.23971468210220337
Qwen_Qwen2.5-32B	delta	21	fly	pst	fly__pst	"To move in or pass through the air with wings. ""bees flying around the hive"""	flied	flew	cat	4	0.06057805195450783
Qwen_Qwen2.5-32B	orig	22	fly	pst	fly__pst	"To move in or pass through the air with wings. ""bees flying around the hive"""	flied	flew	cat	4	0.23547132313251495
Qwen_Qwen2.5-32B	delta	22	fly	pst	fly__pst	"To move in or pass through the air with wings. ""bees flying around the hive"""	flied	flew	cat	4	0.06742917746305466
Qwen_Qwen2.5-32B	orig	23	fly	pst	fly__pst	"To move in or pass through the air with wings. ""bees flying around the hive"""	flied	flew	cat	4	0.23971664905548096
Qwen_Qwen2.5-32B	delta	23	fly	pst	fly__pst	"To move in or pass through the air with wings. ""bees flying around the hive"""	flied	flew	cat	4	0.0690721645951271
Qwen_Qwen2.5-32B	orig	24	fly	pst	fly__pst	"To move in or pass through the air with wings. ""bees flying around the hive"""	flied	flew	cat	4	0.25374698638916016
Qwen_Qwen2.5-32B	delta	24	fly	pst	fly__pst	"To move in or pass through the air with wings. ""bees flying around the hive"""	flied	flew	cat	4	0.06281615793704987
Qwen_Qwen2.5-32B	orig	25	fly	pst	fly__pst	"To move in or pass through the air with wings. ""bees flying around the hive"""	flied	flew	cat	4	0.2426995038986206
Qwen_Qwen2.5-32B	delta	25	fly	pst	fly__pst	"To move in or pass through the air with wings. ""bees flying around the hive"""	flied	flew	cat	4	0.061176735907793045
Qwen_Qwen2.5-32B	orig	26	fly	pst	fly__pst	"To move in or pass through the air with wings. ""bees flying around the hive"""	flied	flew	cat	4	0.23279878497123718
Qwen_Qwen2.5-32B	delta	26	fly	pst	fly__pst	"To move in or pass through the air with wings. ""bees flying around the hive"""	flied	flew	cat	4	0.05991722270846367
Qwen_Qwen2.5-32B	orig	27	fly	pst	fly__pst	"To move in or pass through the air with wings. ""bees flying around the hive"""	flied	flew	cat	4	0.22376799583435059
Qwen_Qwen2.5-32B	delta	27	fly	pst	fly__pst	"To move in or pass through the air with wings. ""bees flying around the hive"""	flied	flew	cat	4	0.05727539211511612
Qwen_Qwen2.5-32B	orig	28	fly	pst	fly__pst	"To move in or pass through the air with wings. ""bees flying around the hive"""	flied	flew	cat	4	0.21074143052101135
Qwen_Qwen2.5-32B	delta	28	fly	pst	fly__pst	"To move in or pass through the air with wings. ""bees flying around the hive"""	flied	flew	cat	4	0.0717419683933258
Qwen_Qwen2.5-32B	orig	29	fly	pst	fly__pst	"To move in or pass through the air with wings. ""bees flying around the hive"""	flied	flew	cat	4	0.2073535919189453
Qwen_Qwen2.5-32B	delta	29	fly	pst	fly__pst	"To move in or pass through the air with wings. ""bees flying around the hive"""	flied	flew	cat	4	0.07368882745504379
Qwen_Qwen2.5-32B	orig	30	fly	pst	fly__pst	"To move in or pass through the air with wings. ""bees flying around the hive"""	flied	flew	cat	4	0.20867511630058289
Qwen_Qwen2.5-32B	delta	30	fly	pst	fly__pst	"To move in or pass through the air with wings. ""bees flying around the hive"""	flied	flew	cat	4	0.07437227666378021
Qwen_Qwen2.5-32B	orig	31	fly	pst	fly__pst	"To move in or pass through the air with wings. ""bees flying around the hive"""	flied	flew	cat	4	0.21952061355113983
Qwen_Qwen2.5-32B	delta	31	fly	pst	fly__pst	"To move in or pass through the air with wings. ""bees flying around the hive"""	flied	flew	cat	4	0.07381898164749146
Qwen_Qwen2.5-32B	orig	32	fly	pst	fly__pst	"To move in or pass through the air with wings. ""bees flying around the hive"""	flied	flew	cat	4	0.22418823838233948
Qwen_Qwen2.5-32B	delta	32	fly	pst	fly__pst	"To move in or pass through the air with wings. ""bees flying around the hive"""	flied	flew	cat	4	0.07864797860383987
Qwen_Qwen2.5-32B	orig	33	fly	pst	fly__pst	"To move in or pass through the air with wings. ""bees flying around the hive"""	flied	flew	cat	4	0.23701679706573486
Qwen_Qwen2.5-32B	delta	33	fly	pst	fly__pst	"To move in or pass through the air with wings. ""bees flying around the hive"""	flied	flew	cat	4	0.08090300858020782
Qwen_Qwen2.5-32B	orig	34	fly	pst	fly__pst	"To move in or pass through the air with wings. ""bees flying around the hive"""	flied	flew	cat	4	0.23690485954284668
Qwen_Qwen2.5-32B	delta	34	fly	pst	fly__pst	"To move in or pass through the air with wings. ""bees flying around the hive"""	flied	flew	cat	4	0.07242091745138168
Qwen_Qwen2.5-32B	orig	35	fly	pst	fly__pst	"To move in or pass through the air with wings. ""bees flying around the hive"""	flied	flew	cat	4	0.22950008511543274
Qwen_Qwen2.5-32B	delta	35	fly	pst	fly__pst	"To move in or pass through the air with wings. ""bees flying around the hive"""	flied	flew	cat	4	0.07881392538547516
Qwen_Qwen2.5-32B	orig	36	fly	pst	fly__pst	"To move in or pass through the air with wings. ""bees flying around the hive"""	flied	flew	cat	4	0.22029517590999603
Qwen_Qwen2.5-32B	delta	36	fly	pst	fly__pst	"To move in or pass through the air with wings. ""bees flying around the hive"""	flied	flew	cat	4	0.06810729205608368
Qwen_Qwen2.5-32B	orig	37	fly	pst	fly__pst	"To move in or pass through the air with wings. ""bees flying around the hive"""	flied	flew	cat	4	0.21159666776657104
Qwen_Qwen2.5-32B	delta	37	fly	pst	fly__pst	"To move in or pass through the air with wings. ""bees flying around the hive"""	flied	flew	cat	4	0.05995103716850281
Qwen_Qwen2.5-32B	orig	38	fly	pst	fly__pst	"To move in or pass through the air with wings. ""bees flying around the hive"""	flied	flew	cat	4	0.21747490763664246
Qwen_Qwen2.5-32B	delta	38	fly	pst	fly__pst	"To move in or pass through the air with wings. ""bees flying around the hive"""	flied	flew	cat	4	0.06160438805818558
Qwen_Qwen2.5-32B	orig	39	fly	pst	fly__pst	"To move in or pass through the air with wings. ""bees flying around the hive"""	flied	flew	cat	4	0.2216070294380188
Qwen_Qwen2.5-32B	delta	39	fly	pst	fly__pst	"To move in or pass through the air with wings. ""bees flying around the hive"""	flied	flew	cat	4	0.055580027401447296
Qwen_Qwen2.5-32B	orig	40	fly	pst	fly__pst	"To move in or pass through the air with wings. ""bees flying around the hive"""	flied	flew	cat	4	0.24009665846824646
Qwen_Qwen2.5-32B	delta	40	fly	pst	fly__pst	"To move in or pass through the air with wings. ""bees flying around the hive"""	flied	flew	cat	4	0.054067179560661316
Qwen_Qwen2.5-32B	orig	41	fly	pst	fly__pst	"To move in or pass through the air with wings. ""bees flying around the hive"""	flied	flew	cat	4	0.2399274706840515
Qwen_Qwen2.5-32B	delta	41	fly	pst	fly__pst	"To move in or pass through the air with wings. ""bees flying around the hive"""	flied	flew	cat	4	0.051809266209602356
Qwen_Qwen2.5-32B	orig	42	fly	pst	fly__pst	"To move in or pass through the air with wings. ""bees flying around the hive"""	flied	flew	cat	4	0.23656052350997925
Qwen_Qwen2.5-32B	delta	42	fly	pst	fly__pst	"To move in or pass through the air with wings. ""bees flying around the hive"""	flied	flew	cat	4	0.04627632722258568
Qwen_Qwen2.5-32B	orig	43	fly	pst	fly__pst	"To move in or pass through the air with wings. ""bees flying around the hive"""	flied	flew	cat	4	0.2373633086681366
Qwen_Qwen2.5-32B	delta	43	fly	pst	fly__pst	"To move in or pass through the air with wings. ""bees flying around the hive"""	flied	flew	cat	4	0.07779079675674438
Qwen_Qwen2.5-32B	orig	44	fly	pst	fly__pst	"To move in or pass through the air with wings. ""bees flying around the hive"""	flied	flew	cat	4	0.24296924471855164
Qwen_Qwen2.5-32B	delta	44	fly	pst	fly__pst	"To move in or pass through the air with wings. ""bees flying around the hive"""	flied	flew	cat	4	0.06552952527999878
Qwen_Qwen2.5-32B	orig	45	fly	pst	fly__pst	"To move in or pass through the air with wings. ""bees flying around the hive"""	flied	flew	cat	4	0.25262415409088135
Qwen_Qwen2.5-32B	delta	45	fly	pst	fly__pst	"To move in or pass through the air with wings. ""bees flying around the hive"""	flied	flew	cat	4	0.05831113085150719
Qwen_Qwen2.5-32B	orig	46	fly	pst	fly__pst	"To move in or pass through the air with wings. ""bees flying around the hive"""	flied	flew	cat	4	0.2521628737449646
Qwen_Qwen2.5-32B	delta	46	fly	pst	fly__pst	"To move in or pass through the air with wings. ""bees flying around the hive"""	flied	flew	cat	4	0.04389316216111183
Qwen_Qwen2.5-32B	orig	47	fly	pst	fly__pst	"To move in or pass through the air with wings. ""bees flying around the hive"""	flied	flew	cat	4	0.26197323203086853
Qwen_Qwen2.5-32B	delta	47	fly	pst	fly__pst	"To move in or pass through the air with wings. ""bees flying around the hive"""	flied	flew	cat	4	0.05357632786035538
Qwen_Qwen2.5-32B	orig	48	fly	pst	fly__pst	"To move in or pass through the air with wings. ""bees flying around the hive"""	flied	flew	cat	4	0.28952574729919434
Qwen_Qwen2.5-32B	delta	48	fly	pst	fly__pst	"To move in or pass through the air with wings. ""bees flying around the hive"""	flied	flew	cat	4	0.06087471544742584
Qwen_Qwen2.5-32B	orig	49	fly	pst	fly__pst	"To move in or pass through the air with wings. ""bees flying around the hive"""	flied	flew	cat	4	0.2764880955219269
Qwen_Qwen2.5-32B	delta	49	fly	pst	fly__pst	"To move in or pass through the air with wings. ""bees flying around the hive"""	flied	flew	cat	4	0.05548078566789627
Qwen_Qwen2.5-32B	orig	50	fly	pst	fly__pst	"To move in or pass through the air with wings. ""bees flying around the hive"""	flied	flew	cat	4	0.27892348170280457
Qwen_Qwen2.5-32B	delta	50	fly	pst	fly__pst	"To move in or pass through the air with wings. ""bees flying around the hive"""	flied	flew	cat	4	0.059602461755275726
Qwen_Qwen2.5-32B	orig	51	fly	pst	fly__pst	"To move in or pass through the air with wings. ""bees flying around the hive"""	flied	flew	cat	4	0.2961486279964447
Qwen_Qwen2.5-32B	delta	51	fly	pst	fly__pst	"To move in or pass through the air with wings. ""bees flying around the hive"""	flied	flew	cat	4	0.0730590745806694
Qwen_Qwen2.5-32B	orig	52	fly	pst	fly__pst	"To move in or pass through the air with wings. ""bees flying around the hive"""	flied	flew	cat	4	0.33269643783569336
Qwen_Qwen2.5-32B	delta	52	fly	pst	fly__pst	"To move in or pass through the air with wings. ""bees flying around the hive"""	flied	flew	cat	4	0.07053724676370621
Qwen_Qwen2.5-32B	orig	53	fly	pst	fly__pst	"To move in or pass through the air with wings. ""bees flying around the hive"""	flied	flew	cat	4	0.3441775441169739
Qwen_Qwen2.5-32B	delta	53	fly	pst	fly__pst	"To move in or pass through the air with wings. ""bees flying around the hive"""	flied	flew	cat	4	0.08577284216880798
Qwen_Qwen2.5-32B	orig	54	fly	pst	fly__pst	"To move in or pass through the air with wings. ""bees flying around the hive"""	flied	flew	cat	4	0.34860026836395264
Qwen_Qwen2.5-32B	delta	54	fly	pst	fly__pst	"To move in or pass through the air with wings. ""bees flying around the hive"""	flied	flew	cat	4	0.09357372671365738
Qwen_Qwen2.5-32B	orig	55	fly	pst	fly__pst	"To move in or pass through the air with wings. ""bees flying around the hive"""	flied	flew	cat	4	0.3631526827812195
Qwen_Qwen2.5-32B	delta	55	fly	pst	fly__pst	"To move in or pass through the air with wings. ""bees flying around the hive"""	flied	flew	cat	4	0.1017901748418808
Qwen_Qwen2.5-32B	orig	56	fly	pst	fly__pst	"To move in or pass through the air with wings. ""bees flying around the hive"""	flied	flew	cat	4	0.37218716740608215
Qwen_Qwen2.5-32B	delta	56	fly	pst	fly__pst	"To move in or pass through the air with wings. ""bees flying around the hive"""	flied	flew	cat	4	0.10557512938976288
Qwen_Qwen2.5-32B	orig	57	fly	pst	fly__pst	"To move in or pass through the air with wings. ""bees flying around the hive"""	flied	flew	cat	4	0.38071972131729126
Qwen_Qwen2.5-32B	delta	57	fly	pst	fly__pst	"To move in or pass through the air with wings. ""bees flying around the hive"""	flied	flew	cat	4	0.10871866345405579
Qwen_Qwen2.5-32B	orig	58	fly	pst	fly__pst	"To move in or pass through the air with wings. ""bees flying around the hive"""	flied	flew	cat	4	0.38237711787223816
Qwen_Qwen2.5-32B	delta	58	fly	pst	fly__pst	"To move in or pass through the air with wings. ""bees flying around the hive"""	flied	flew	cat	4	0.11341910064220428
Qwen_Qwen2.5-32B	orig	59	fly	pst	fly__pst	"To move in or pass through the air with wings. ""bees flying around the hive"""	flied	flew	cat	4	0.39137670397758484
Qwen_Qwen2.5-32B	delta	59	fly	pst	fly__pst	"To move in or pass through the air with wings. ""bees flying around the hive"""	flied	flew	cat	4	0.11043106019496918
Qwen_Qwen2.5-32B	orig	60	fly	pst	fly__pst	"To move in or pass through the air with wings. ""bees flying around the hive"""	flied	flew	cat	4	0.3858964741230011
Qwen_Qwen2.5-32B	delta	60	fly	pst	fly__pst	"To move in or pass through the air with wings. ""bees flying around the hive"""	flied	flew	cat	4	0.10734833776950836
Qwen_Qwen2.5-32B	orig	61	fly	pst	fly__pst	"To move in or pass through the air with wings. ""bees flying around the hive"""	flied	flew	cat	4	0.3874663710594177
Qwen_Qwen2.5-32B	delta	61	fly	pst	fly__pst	"To move in or pass through the air with wings. ""bees flying around the hive"""	flied	flew	cat	4	0.10353711247444153
Qwen_Qwen2.5-32B	orig	62	fly	pst	fly__pst	"To move in or pass through the air with wings. ""bees flying around the hive"""	flied	flew	cat	4	0.3814803659915924
Qwen_Qwen2.5-32B	delta	62	fly	pst	fly__pst	"To move in or pass through the air with wings. ""bees flying around the hive"""	flied	flew	cat	4	0.09520439058542252
Qwen_Qwen2.5-32B	orig	63	fly	pst	fly__pst	"To move in or pass through the air with wings. ""bees flying around the hive"""	flied	flew	cat	4	0.3909165859222412
Qwen_Qwen2.5-32B	delta	63	fly	pst	fly__pst	"To move in or pass through the air with wings. ""bees flying around the hive"""	flied	flew	cat	4	0.04521743208169937
Qwen_Qwen2.5-32B	orig	64	fly	pst	fly__pst	"To move in or pass through the air with wings. ""bees flying around the hive"""	flied	flew	cat	4	0.5668399333953857
Qwen_Qwen2.5-32B	delta	64	fly	pst	fly__pst	"To move in or pass through the air with wings. ""bees flying around the hive"""	flied	flew	cat	4	0.07816211134195328
Qwen_Qwen2.5-32B	orig	0	fly	pst	fly__pst	To hit a fly in baseball.	flied	flew	prob	6	nan
Qwen_Qwen2.5-32B	delta	0	fly	pst	fly__pst	To hit a fly in baseball.	flied	flew	prob	6	nan
Qwen_Qwen2.5-32B	orig	1	fly	pst	fly__pst	To hit a fly in baseball.	flied	flew	prob	6	0.0722796693444252
Qwen_Qwen2.5-32B	delta	1	fly	pst	fly__pst	To hit a fly in baseball.	flied	flew	prob	6	0.04823581501841545
Qwen_Qwen2.5-32B	orig	2	fly	pst	fly__pst	To hit a fly in baseball.	flied	flew	prob	6	0.08527904748916626
Qwen_Qwen2.5-32B	delta	2	fly	pst	fly__pst	To hit a fly in baseball.	flied	flew	prob	6	0.04813919588923454
Qwen_Qwen2.5-32B	orig	3	fly	pst	fly__pst	To hit a fly in baseball.	flied	flew	prob	6	0.07788767665624619
Qwen_Qwen2.5-32B	delta	3	fly	pst	fly__pst	To hit a fly in baseball.	flied	flew	prob	6	0.17301113903522491
Qwen_Qwen2.5-32B	orig	4	fly	pst	fly__pst	To hit a fly in baseball.	flied	flew	prob	6	0.10055649280548096
Qwen_Qwen2.5-32B	delta	4	fly	pst	fly__pst	To hit a fly in baseball.	flied	flew	prob	6	0.25894320011138916
Qwen_Qwen2.5-32B	orig	5	fly	pst	fly__pst	To hit a fly in baseball.	flied	flew	prob	6	0.11355198174715042
Qwen_Qwen2.5-32B	delta	5	fly	pst	fly__pst	To hit a fly in baseball.	flied	flew	prob	6	0.25614413619041443
Qwen_Qwen2.5-32B	orig	6	fly	pst	fly__pst	To hit a fly in baseball.	flied	flew	prob	6	0.09879249334335327
Qwen_Qwen2.5-32B	delta	6	fly	pst	fly__pst	To hit a fly in baseball.	flied	flew	prob	6	0.3216002285480499
Qwen_Qwen2.5-32B	orig	7	fly	pst	fly__pst	To hit a fly in baseball.	flied	flew	prob	6	0.059923749417066574
Qwen_Qwen2.5-32B	delta	7	fly	pst	fly__pst	To hit a fly in baseball.	flied	flew	prob	6	0.31201380491256714
Qwen_Qwen2.5-32B	orig	8	fly	pst	fly__pst	To hit a fly in baseball.	flied	flew	prob	6	0.14177343249320984
Qwen_Qwen2.5-32B	delta	8	fly	pst	fly__pst	To hit a fly in baseball.	flied	flew	prob	6	0.3046092092990875
Qwen_Qwen2.5-32B	orig	9	fly	pst	fly__pst	To hit a fly in baseball.	flied	flew	prob	6	0.11580530554056168
Qwen_Qwen2.5-32B	delta	9	fly	pst	fly__pst	To hit a fly in baseball.	flied	flew	prob	6	0.33796724677085876
Qwen_Qwen2.5-32B	orig	10	fly	pst	fly__pst	To hit a fly in baseball.	flied	flew	prob	6	0.09695166349411011
Qwen_Qwen2.5-32B	delta	10	fly	pst	fly__pst	To hit a fly in baseball.	flied	flew	prob	6	0.3027378022670746
Qwen_Qwen2.5-32B	orig	11	fly	pst	fly__pst	To hit a fly in baseball.	flied	flew	prob	6	0.07349415868520737
Qwen_Qwen2.5-32B	delta	11	fly	pst	fly__pst	To hit a fly in baseball.	flied	flew	prob	6	0.30623868107795715
Qwen_Qwen2.5-32B	orig	12	fly	pst	fly__pst	To hit a fly in baseball.	flied	flew	prob	6	0.03856445476412773
Qwen_Qwen2.5-32B	delta	12	fly	pst	fly__pst	To hit a fly in baseball.	flied	flew	prob	6	0.30582574009895325
Qwen_Qwen2.5-32B	orig	13	fly	pst	fly__pst	To hit a fly in baseball.	flied	flew	prob	6	0.216516375541687
Qwen_Qwen2.5-32B	delta	13	fly	pst	fly__pst	To hit a fly in baseball.	flied	flew	prob	6	0.3172149956226349
Qwen_Qwen2.5-32B	orig	14	fly	pst	fly__pst	To hit a fly in baseball.	flied	flew	prob	6	0.23292870819568634
Qwen_Qwen2.5-32B	delta	14	fly	pst	fly__pst	To hit a fly in baseball.	flied	flew	prob	6	0.32736101746559143
Qwen_Qwen2.5-32B	orig	15	fly	pst	fly__pst	To hit a fly in baseball.	flied	flew	prob	6	0.244329571723938
Qwen_Qwen2.5-32B	delta	15	fly	pst	fly__pst	To hit a fly in baseball.	flied	flew	prob	6	0.33121150732040405
Qwen_Qwen2.5-32B	orig	16	fly	pst	fly__pst	To hit a fly in baseball.	flied	flew	prob	6	0.24738268554210663
Qwen_Qwen2.5-32B	delta	16	fly	pst	fly__pst	To hit a fly in baseball.	flied	flew	prob	6	0.34035828709602356
Qwen_Qwen2.5-32B	orig	17	fly	pst	fly__pst	To hit a fly in baseball.	flied	flew	prob	6	0.24610143899917603
Qwen_Qwen2.5-32B	delta	17	fly	pst	fly__pst	To hit a fly in baseball.	flied	flew	prob	6	0.3367065489292145
Qwen_Qwen2.5-32B	orig	18	fly	pst	fly__pst	To hit a fly in baseball.	flied	flew	prob	6	0.24405837059020996
Qwen_Qwen2.5-32B	delta	18	fly	pst	fly__pst	To hit a fly in baseball.	flied	flew	prob	6	0.3318030536174774
Qwen_Qwen2.5-32B	orig	19	fly	pst	fly__pst	To hit a fly in baseball.	flied	flew	prob	6	0.23692722618579865
Qwen_Qwen2.5-32B	delta	19	fly	pst	fly__pst	To hit a fly in baseball.	flied	flew	prob	6	0.3280487656593323
Qwen_Qwen2.5-32B	orig	20	fly	pst	fly__pst	To hit a fly in baseball.	flied	flew	prob	6	0.2448381781578064
Qwen_Qwen2.5-32B	delta	20	fly	pst	fly__pst	To hit a fly in baseball.	flied	flew	prob	6	0.32960814237594604
Qwen_Qwen2.5-32B	orig	21	fly	pst	fly__pst	To hit a fly in baseball.	flied	flew	prob	6	0.25340473651885986
Qwen_Qwen2.5-32B	delta	21	fly	pst	fly__pst	To hit a fly in baseball.	flied	flew	prob	6	0.33241450786590576
Qwen_Qwen2.5-32B	orig	22	fly	pst	fly__pst	To hit a fly in baseball.	flied	flew	prob	6	0.23838509619235992
Qwen_Qwen2.5-32B	delta	22	fly	pst	fly__pst	To hit a fly in baseball.	flied	flew	prob	6	0.31504568457603455
Qwen_Qwen2.5-32B	orig	23	fly	pst	fly__pst	To hit a fly in baseball.	flied	flew	prob	6	0.22900883853435516
Qwen_Qwen2.5-32B	delta	23	fly	pst	fly__pst	To hit a fly in baseball.	flied	flew	prob	6	0.3071536719799042
Qwen_Qwen2.5-32B	orig	24	fly	pst	fly__pst	To hit a fly in baseball.	flied	flew	prob	6	0.2202398031949997
Qwen_Qwen2.5-32B	delta	24	fly	pst	fly__pst	To hit a fly in baseball.	flied	flew	prob	6	0.3013061583042145
Qwen_Qwen2.5-32B	orig	25	fly	pst	fly__pst	To hit a fly in baseball.	flied	flew	prob	6	0.2215365767478943
Qwen_Qwen2.5-32B	delta	25	fly	pst	fly__pst	To hit a fly in baseball.	flied	flew	prob	6	0.301426500082016
Qwen_Qwen2.5-32B	orig	26	fly	pst	fly__pst	To hit a fly in baseball.	flied	flew	prob	6	0.2288002222776413
Qwen_Qwen2.5-32B	delta	26	fly	pst	fly__pst	To hit a fly in baseball.	flied	flew	prob	6	0.30500030517578125
Qwen_Qwen2.5-32B	orig	27	fly	pst	fly__pst	To hit a fly in baseball.	flied	flew	prob	6	0.23261576890945435
Qwen_Qwen2.5-32B	delta	27	fly	pst	fly__pst	To hit a fly in baseball.	flied	flew	prob	6	0.30540502071380615
Qwen_Qwen2.5-32B	orig	28	fly	pst	fly__pst	To hit a fly in baseball.	flied	flew	prob	6	0.2328801155090332
Qwen_Qwen2.5-32B	delta	28	fly	pst	fly__pst	To hit a fly in baseball.	flied	flew	prob	6	0.29638782143592834
Qwen_Qwen2.5-32B	orig	29	fly	pst	fly__pst	To hit a fly in baseball.	flied	flew	prob	6	0.22997520864009857
Qwen_Qwen2.5-32B	delta	29	fly	pst	fly__pst	To hit a fly in baseball.	flied	flew	prob	6	0.2941012680530548
Qwen_Qwen2.5-32B	orig	30	fly	pst	fly__pst	To hit a fly in baseball.	flied	flew	prob	6	0.22784914076328278
Qwen_Qwen2.5-32B	delta	30	fly	pst	fly__pst	To hit a fly in baseball.	flied	flew	prob	6	0.2939959168434143
Qwen_Qwen2.5-32B	orig	31	fly	pst	fly__pst	To hit a fly in baseball.	flied	flew	prob	6	0.23039060831069946
Qwen_Qwen2.5-32B	delta	31	fly	pst	fly__pst	To hit a fly in baseball.	flied	flew	prob	6	0.29538416862487793
Qwen_Qwen2.5-32B	orig	32	fly	pst	fly__pst	To hit a fly in baseball.	flied	flew	prob	6	0.22887474298477173
Qwen_Qwen2.5-32B	delta	32	fly	pst	fly__pst	To hit a fly in baseball.	flied	flew	prob	6	0.29861417412757874
Qwen_Qwen2.5-32B	orig	33	fly	pst	fly__pst	To hit a fly in baseball.	flied	flew	prob	6	0.22592486441135406
Qwen_Qwen2.5-32B	delta	33	fly	pst	fly__pst	To hit a fly in baseball.	flied	flew	prob	6	0.2966255843639374
Qwen_Qwen2.5-32B	orig	34	fly	pst	fly__pst	To hit a fly in baseball.	flied	flew	prob	6	0.22047464549541473
Qwen_Qwen2.5-32B	delta	34	fly	pst	fly__pst	To hit a fly in baseball.	flied	flew	prob	6	0.2957794666290283
Qwen_Qwen2.5-32B	orig	35	fly	pst	fly__pst	To hit a fly in baseball.	flied	flew	prob	6	0.22100798785686493
Qwen_Qwen2.5-32B	delta	35	fly	pst	fly__pst	To hit a fly in baseball.	flied	flew	prob	6	0.2917573153972626
Qwen_Qwen2.5-32B	orig	36	fly	pst	fly__pst	To hit a fly in baseball.	flied	flew	prob	6	0.21991215646266937
Qwen_Qwen2.5-32B	delta	36	fly	pst	fly__pst	To hit a fly in baseball.	flied	flew	prob	6	0.29362908005714417
Qwen_Qwen2.5-32B	orig	37	fly	pst	fly__pst	To hit a fly in baseball.	flied	flew	prob	6	0.21046139299869537
Qwen_Qwen2.5-32B	delta	37	fly	pst	fly__pst	To hit a fly in baseball.	flied	flew	prob	6	0.28750503063201904
Qwen_Qwen2.5-32B	orig	38	fly	pst	fly__pst	To hit a fly in baseball.	flied	flew	prob	6	0.19454781711101532
Qwen_Qwen2.5-32B	delta	38	fly	pst	fly__pst	To hit a fly in baseball.	flied	flew	prob	6	0.27571141719818115
Qwen_Qwen2.5-32B	orig	39	fly	pst	fly__pst	To hit a fly in baseball.	flied	flew	prob	6	0.20028901100158691
Qwen_Qwen2.5-32B	delta	39	fly	pst	fly__pst	To hit a fly in baseball.	flied	flew	prob	6	0.2838115692138672
Qwen_Qwen2.5-32B	orig	40	fly	pst	fly__pst	To hit a fly in baseball.	flied	flew	prob	6	0.19253051280975342
Qwen_Qwen2.5-32B	delta	40	fly	pst	fly__pst	To hit a fly in baseball.	flied	flew	prob	6	0.2859613001346588
Qwen_Qwen2.5-32B	orig	41	fly	pst	fly__pst	To hit a fly in baseball.	flied	flew	prob	6	0.1802869439125061
Qwen_Qwen2.5-32B	delta	41	fly	pst	fly__pst	To hit a fly in baseball.	flied	flew	prob	6	0.2801450192928314
Qwen_Qwen2.5-32B	orig	42	fly	pst	fly__pst	To hit a fly in baseball.	flied	flew	prob	6	0.19118165969848633
Qwen_Qwen2.5-32B	delta	42	fly	pst	fly__pst	To hit a fly in baseball.	flied	flew	prob	6	0.29489442706108093
Qwen_Qwen2.5-32B	orig	43	fly	pst	fly__pst	To hit a fly in baseball.	flied	flew	prob	6	0.20300686359405518
Qwen_Qwen2.5-32B	delta	43	fly	pst	fly__pst	To hit a fly in baseball.	flied	flew	prob	6	0.3017961084842682
Qwen_Qwen2.5-32B	orig	44	fly	pst	fly__pst	To hit a fly in baseball.	flied	flew	prob	6	0.21007108688354492
Qwen_Qwen2.5-32B	delta	44	fly	pst	fly__pst	To hit a fly in baseball.	flied	flew	prob	6	0.30321356654167175
Qwen_Qwen2.5-32B	orig	45	fly	pst	fly__pst	To hit a fly in baseball.	flied	flew	prob	6	0.2026083916425705
Qwen_Qwen2.5-32B	delta	45	fly	pst	fly__pst	To hit a fly in baseball.	flied	flew	prob	6	0.30623140931129456
Qwen_Qwen2.5-32B	orig	46	fly	pst	fly__pst	To hit a fly in baseball.	flied	flew	prob	6	0.2115720510482788
Qwen_Qwen2.5-32B	delta	46	fly	pst	fly__pst	To hit a fly in baseball.	flied	flew	prob	6	0.3195803463459015
Qwen_Qwen2.5-32B	orig	47	fly	pst	fly__pst	To hit a fly in baseball.	flied	flew	prob	6	0.21752126514911652
Qwen_Qwen2.5-32B	delta	47	fly	pst	fly__pst	To hit a fly in baseball.	flied	flew	prob	6	0.32568833231925964
Qwen_Qwen2.5-32B	orig	48	fly	pst	fly__pst	To hit a fly in baseball.	flied	flew	prob	6	0.22491514682769775
Qwen_Qwen2.5-32B	delta	48	fly	pst	fly__pst	To hit a fly in baseball.	flied	flew	prob	6	0.34643280506134033
Qwen_Qwen2.5-32B	orig	49	fly	pst	fly__pst	To hit a fly in baseball.	flied	flew	prob	6	0.24126483500003815
Qwen_Qwen2.5-32B	delta	49	fly	pst	fly__pst	To hit a fly in baseball.	flied	flew	prob	6	0.37389230728149414
Qwen_Qwen2.5-32B	orig	50	fly	pst	fly__pst	To hit a fly in baseball.	flied	flew	prob	6	0.2473127394914627
Qwen_Qwen2.5-32B	delta	50	fly	pst	fly__pst	To hit a fly in baseball.	flied	flew	prob	6	0.38325217366218567
Qwen_Qwen2.5-32B	orig	51	fly	pst	fly__pst	To hit a fly in baseball.	flied	flew	prob	6	0.2621079981327057
Qwen_Qwen2.5-32B	delta	51	fly	pst	fly__pst	To hit a fly in baseball.	flied	flew	prob	6	0.3894388675689697
Qwen_Qwen2.5-32B	orig	52	fly	pst	fly__pst	To hit a fly in baseball.	flied	flew	prob	6	0.2578413188457489
Qwen_Qwen2.5-32B	delta	52	fly	pst	fly__pst	To hit a fly in baseball.	flied	flew	prob	6	0.37667346000671387
Qwen_Qwen2.5-32B	orig	53	fly	pst	fly__pst	To hit a fly in baseball.	flied	flew	prob	6	0.2808821499347687
Qwen_Qwen2.5-32B	delta	53	fly	pst	fly__pst	To hit a fly in baseball.	flied	flew	prob	6	0.3965938985347748
Qwen_Qwen2.5-32B	orig	54	fly	pst	fly__pst	To hit a fly in baseball.	flied	flew	prob	6	0.29919275641441345
Qwen_Qwen2.5-32B	delta	54	fly	pst	fly__pst	To hit a fly in baseball.	flied	flew	prob	6	0.4053311049938202
Qwen_Qwen2.5-32B	orig	55	fly	pst	fly__pst	To hit a fly in baseball.	flied	flew	prob	6	0.29890331625938416
Qwen_Qwen2.5-32B	delta	55	fly	pst	fly__pst	To hit a fly in baseball.	flied	flew	prob	6	0.3983602821826935
Qwen_Qwen2.5-32B	orig	56	fly	pst	fly__pst	To hit a fly in baseball.	flied	flew	prob	6	0.3031954765319824
Qwen_Qwen2.5-32B	delta	56	fly	pst	fly__pst	To hit a fly in baseball.	flied	flew	prob	6	0.39648619294166565
Qwen_Qwen2.5-32B	orig	57	fly	pst	fly__pst	To hit a fly in baseball.	flied	flew	prob	6	0.3152095079421997
Qwen_Qwen2.5-32B	delta	57	fly	pst	fly__pst	To hit a fly in baseball.	flied	flew	prob	6	0.3981212079524994
Qwen_Qwen2.5-32B	orig	58	fly	pst	fly__pst	To hit a fly in baseball.	flied	flew	prob	6	0.31426480412483215
Qwen_Qwen2.5-32B	delta	58	fly	pst	fly__pst	To hit a fly in baseball.	flied	flew	prob	6	0.39285603165626526
Qwen_Qwen2.5-32B	orig	59	fly	pst	fly__pst	To hit a fly in baseball.	flied	flew	prob	6	0.3109220564365387
Qwen_Qwen2.5-32B	delta	59	fly	pst	fly__pst	To hit a fly in baseball.	flied	flew	prob	6	0.3869187831878662
Qwen_Qwen2.5-32B	orig	60	fly	pst	fly__pst	To hit a fly in baseball.	flied	flew	prob	6	0.30560722947120667
Qwen_Qwen2.5-32B	delta	60	fly	pst	fly__pst	To hit a fly in baseball.	flied	flew	prob	6	0.3801736831665039
Qwen_Qwen2.5-32B	orig	61	fly	pst	fly__pst	To hit a fly in baseball.	flied	flew	prob	6	0.2976345717906952
Qwen_Qwen2.5-32B	delta	61	fly	pst	fly__pst	To hit a fly in baseball.	flied	flew	prob	6	0.3681390583515167
Qwen_Qwen2.5-32B	orig	62	fly	pst	fly__pst	To hit a fly in baseball.	flied	flew	prob	6	0.29286685585975647
Qwen_Qwen2.5-32B	delta	62	fly	pst	fly__pst	To hit a fly in baseball.	flied	flew	prob	6	0.3563215434551239
Qwen_Qwen2.5-32B	orig	63	fly	pst	fly__pst	To hit a fly in baseball.	flied	flew	prob	6	0.15278621017932892
Qwen_Qwen2.5-32B	delta	63	fly	pst	fly__pst	To hit a fly in baseball.	flied	flew	prob	6	0.344668984413147
Qwen_Qwen2.5-32B	orig	64	fly	pst	fly__pst	To hit a fly in baseball.	flied	flew	prob	6	0.28865236043930054
Qwen_Qwen2.5-32B	delta	64	fly	pst	fly__pst	To hit a fly in baseball.	flied	flew	prob	6	0.2628481686115265
Qwen_Qwen2.5-32B	orig	0	forget	ppt	forget__ppt	"To lose the remembrance of. To be unable to think of or recall. ""I forgot his na"	forgot	forgotten	no_cond	5	1.0
Qwen_Qwen2.5-32B	delta	0	forget	ppt	forget__ppt	"To lose the remembrance of. To be unable to think of or recall. ""I forgot his na"	forgot	forgotten	no_cond	5	1.0
Qwen_Qwen2.5-32B	orig	1	forget	ppt	forget__ppt	"To lose the remembrance of. To be unable to think of or recall. ""I forgot his na"	forgot	forgotten	no_cond	5	0.7914913892745972
Qwen_Qwen2.5-32B	delta	1	forget	ppt	forget__ppt	"To lose the remembrance of. To be unable to think of or recall. ""I forgot his na"	forgot	forgotten	no_cond	5	0.6163918972015381
Qwen_Qwen2.5-32B	orig	2	forget	ppt	forget__ppt	"To lose the remembrance of. To be unable to think of or recall. ""I forgot his na"	forgot	forgotten	no_cond	5	0.7855194807052612
Qwen_Qwen2.5-32B	delta	2	forget	ppt	forget__ppt	"To lose the remembrance of. To be unable to think of or recall. ""I forgot his na"	forgot	forgotten	no_cond	5	0.6040166616439819
Qwen_Qwen2.5-32B	orig	3	forget	ppt	forget__ppt	"To lose the remembrance of. To be unable to think of or recall. ""I forgot his na"	forgot	forgotten	no_cond	5	0.7279534339904785
Qwen_Qwen2.5-32B	delta	3	forget	ppt	forget__ppt	"To lose the remembrance of. To be unable to think of or recall. ""I forgot his na"	forgot	forgotten	no_cond	5	0.5374221801757812
Qwen_Qwen2.5-32B	orig	4	forget	ppt	forget__ppt	"To lose the remembrance of. To be unable to think of or recall. ""I forgot his na"	forgot	forgotten	no_cond	5	0.6572614312171936
Qwen_Qwen2.5-32B	delta	4	forget	ppt	forget__ppt	"To lose the remembrance of. To be unable to think of or recall. ""I forgot his na"	forgot	forgotten	no_cond	5	0.45720410346984863
Qwen_Qwen2.5-32B	orig	5	forget	ppt	forget__ppt	"To lose the remembrance of. To be unable to think of or recall. ""I forgot his na"	forgot	forgotten	no_cond	5	0.631506085395813
Qwen_Qwen2.5-32B	delta	5	forget	ppt	forget__ppt	"To lose the remembrance of. To be unable to think of or recall. ""I forgot his na"	forgot	forgotten	no_cond	5	0.38237181305885315
Qwen_Qwen2.5-32B	orig	6	forget	ppt	forget__ppt	"To lose the remembrance of. To be unable to think of or recall. ""I forgot his na"	forgot	forgotten	no_cond	5	0.5722850561141968
Qwen_Qwen2.5-32B	delta	6	forget	ppt	forget__ppt	"To lose the remembrance of. To be unable to think of or recall. ""I forgot his na"	forgot	forgotten	no_cond	5	0.20173175632953644
Qwen_Qwen2.5-32B	orig	7	forget	ppt	forget__ppt	"To lose the remembrance of. To be unable to think of or recall. ""I forgot his na"	forgot	forgotten	no_cond	5	0.5209730863571167
Qwen_Qwen2.5-32B	delta	7	forget	ppt	forget__ppt	"To lose the remembrance of. To be unable to think of or recall. ""I forgot his na"	forgot	forgotten	no_cond	5	0.1884976625442505
Qwen_Qwen2.5-32B	orig	8	forget	ppt	forget__ppt	"To lose the remembrance of. To be unable to think of or recall. ""I forgot his na"	forgot	forgotten	no_cond	5	0.5561500787734985
Qwen_Qwen2.5-32B	delta	8	forget	ppt	forget__ppt	"To lose the remembrance of. To be unable to think of or recall. ""I forgot his na"	forgot	forgotten	no_cond	5	0.18789108097553253
Qwen_Qwen2.5-32B	orig	9	forget	ppt	forget__ppt	"To lose the remembrance of. To be unable to think of or recall. ""I forgot his na"	forgot	forgotten	no_cond	5	0.5056531429290771
Qwen_Qwen2.5-32B	delta	9	forget	ppt	forget__ppt	"To lose the remembrance of. To be unable to think of or recall. ""I forgot his na"	forgot	forgotten	no_cond	5	0.19136305153369904
Qwen_Qwen2.5-32B	orig	10	forget	ppt	forget__ppt	"To lose the remembrance of. To be unable to think of or recall. ""I forgot his na"	forgot	forgotten	no_cond	5	0.48526668548583984
Qwen_Qwen2.5-32B	delta	10	forget	ppt	forget__ppt	"To lose the remembrance of. To be unable to think of or recall. ""I forgot his na"	forgot	forgotten	no_cond	5	0.18295609951019287
Qwen_Qwen2.5-32B	orig	11	forget	ppt	forget__ppt	"To lose the remembrance of. To be unable to think of or recall. ""I forgot his na"	forgot	forgotten	no_cond	5	0.4612378180027008
Qwen_Qwen2.5-32B	delta	11	forget	ppt	forget__ppt	"To lose the remembrance of. To be unable to think of or recall. ""I forgot his na"	forgot	forgotten	no_cond	5	0.21536584198474884
Qwen_Qwen2.5-32B	orig	12	forget	ppt	forget__ppt	"To lose the remembrance of. To be unable to think of or recall. ""I forgot his na"	forgot	forgotten	no_cond	5	0.3997146785259247
Qwen_Qwen2.5-32B	delta	12	forget	ppt	forget__ppt	"To lose the remembrance of. To be unable to think of or recall. ""I forgot his na"	forgot	forgotten	no_cond	5	0.21148070693016052
Qwen_Qwen2.5-32B	orig	13	forget	ppt	forget__ppt	"To lose the remembrance of. To be unable to think of or recall. ""I forgot his na"	forgot	forgotten	no_cond	5	0.34702691435813904
Qwen_Qwen2.5-32B	delta	13	forget	ppt	forget__ppt	"To lose the remembrance of. To be unable to think of or recall. ""I forgot his na"	forgot	forgotten	no_cond	5	0.19362850487232208
Qwen_Qwen2.5-32B	orig	14	forget	ppt	forget__ppt	"To lose the remembrance of. To be unable to think of or recall. ""I forgot his na"	forgot	forgotten	no_cond	5	0.32251447439193726
Qwen_Qwen2.5-32B	delta	14	forget	ppt	forget__ppt	"To lose the remembrance of. To be unable to think of or recall. ""I forgot his na"	forgot	forgotten	no_cond	5	0.19738207757472992
Qwen_Qwen2.5-32B	orig	15	forget	ppt	forget__ppt	"To lose the remembrance of. To be unable to think of or recall. ""I forgot his na"	forgot	forgotten	no_cond	5	0.3067815899848938
Qwen_Qwen2.5-32B	delta	15	forget	ppt	forget__ppt	"To lose the remembrance of. To be unable to think of or recall. ""I forgot his na"	forgot	forgotten	no_cond	5	0.17168033123016357
Qwen_Qwen2.5-32B	orig	16	forget	ppt	forget__ppt	"To lose the remembrance of. To be unable to think of or recall. ""I forgot his na"	forgot	forgotten	no_cond	5	0.2983146607875824
Qwen_Qwen2.5-32B	delta	16	forget	ppt	forget__ppt	"To lose the remembrance of. To be unable to think of or recall. ""I forgot his na"	forgot	forgotten	no_cond	5	0.15591579675674438
Qwen_Qwen2.5-32B	orig	17	forget	ppt	forget__ppt	"To lose the remembrance of. To be unable to think of or recall. ""I forgot his na"	forgot	forgotten	no_cond	5	0.2992702126502991
Qwen_Qwen2.5-32B	delta	17	forget	ppt	forget__ppt	"To lose the remembrance of. To be unable to think of or recall. ""I forgot his na"	forgot	forgotten	no_cond	5	0.15158158540725708
Qwen_Qwen2.5-32B	orig	18	forget	ppt	forget__ppt	"To lose the remembrance of. To be unable to think of or recall. ""I forgot his na"	forgot	forgotten	no_cond	5	0.29300323128700256
Qwen_Qwen2.5-32B	delta	18	forget	ppt	forget__ppt	"To lose the remembrance of. To be unable to think of or recall. ""I forgot his na"	forgot	forgotten	no_cond	5	0.1453457474708557
Qwen_Qwen2.5-32B	orig	19	forget	ppt	forget__ppt	"To lose the remembrance of. To be unable to think of or recall. ""I forgot his na"	forgot	forgotten	no_cond	5	0.27586647868156433
Qwen_Qwen2.5-32B	delta	19	forget	ppt	forget__ppt	"To lose the remembrance of. To be unable to think of or recall. ""I forgot his na"	forgot	forgotten	no_cond	5	0.13721248507499695
Qwen_Qwen2.5-32B	orig	20	forget	ppt	forget__ppt	"To lose the remembrance of. To be unable to think of or recall. ""I forgot his na"	forgot	forgotten	no_cond	5	0.27580955624580383
Qwen_Qwen2.5-32B	delta	20	forget	ppt	forget__ppt	"To lose the remembrance of. To be unable to think of or recall. ""I forgot his na"	forgot	forgotten	no_cond	5	0.13574911653995514
Qwen_Qwen2.5-32B	orig	21	forget	ppt	forget__ppt	"To lose the remembrance of. To be unable to think of or recall. ""I forgot his na"	forgot	forgotten	no_cond	5	0.2782033383846283
Qwen_Qwen2.5-32B	delta	21	forget	ppt	forget__ppt	"To lose the remembrance of. To be unable to think of or recall. ""I forgot his na"	forgot	forgotten	no_cond	5	0.12648986279964447
Qwen_Qwen2.5-32B	orig	22	forget	ppt	forget__ppt	"To lose the remembrance of. To be unable to think of or recall. ""I forgot his na"	forgot	forgotten	no_cond	5	0.2728833258152008
Qwen_Qwen2.5-32B	delta	22	forget	ppt	forget__ppt	"To lose the remembrance of. To be unable to think of or recall. ""I forgot his na"	forgot	forgotten	no_cond	5	0.15730020403862
Qwen_Qwen2.5-32B	orig	23	forget	ppt	forget__ppt	"To lose the remembrance of. To be unable to think of or recall. ""I forgot his na"	forgot	forgotten	no_cond	5	0.26407742500305176
Qwen_Qwen2.5-32B	delta	23	forget	ppt	forget__ppt	"To lose the remembrance of. To be unable to think of or recall. ""I forgot his na"	forgot	forgotten	no_cond	5	0.11873741447925568
Qwen_Qwen2.5-32B	orig	24	forget	ppt	forget__ppt	"To lose the remembrance of. To be unable to think of or recall. ""I forgot his na"	forgot	forgotten	no_cond	5	0.26402613520622253
Qwen_Qwen2.5-32B	delta	24	forget	ppt	forget__ppt	"To lose the remembrance of. To be unable to think of or recall. ""I forgot his na"	forgot	forgotten	no_cond	5	0.12535294890403748
Qwen_Qwen2.5-32B	orig	25	forget	ppt	forget__ppt	"To lose the remembrance of. To be unable to think of or recall. ""I forgot his na"	forgot	forgotten	no_cond	5	0.2561003565788269
Qwen_Qwen2.5-32B	delta	25	forget	ppt	forget__ppt	"To lose the remembrance of. To be unable to think of or recall. ""I forgot his na"	forgot	forgotten	no_cond	5	0.11970148235559464
Qwen_Qwen2.5-32B	orig	26	forget	ppt	forget__ppt	"To lose the remembrance of. To be unable to think of or recall. ""I forgot his na"	forgot	forgotten	no_cond	5	0.2535219192504883
Qwen_Qwen2.5-32B	delta	26	forget	ppt	forget__ppt	"To lose the remembrance of. To be unable to think of or recall. ""I forgot his na"	forgot	forgotten	no_cond	5	0.12958504259586334
Qwen_Qwen2.5-32B	orig	27	forget	ppt	forget__ppt	"To lose the remembrance of. To be unable to think of or recall. ""I forgot his na"	forgot	forgotten	no_cond	5	0.24847570061683655
Qwen_Qwen2.5-32B	delta	27	forget	ppt	forget__ppt	"To lose the remembrance of. To be unable to think of or recall. ""I forgot his na"	forgot	forgotten	no_cond	5	0.1363319456577301
Qwen_Qwen2.5-32B	orig	28	forget	ppt	forget__ppt	"To lose the remembrance of. To be unable to think of or recall. ""I forgot his na"	forgot	forgotten	no_cond	5	0.24112240970134735
Qwen_Qwen2.5-32B	delta	28	forget	ppt	forget__ppt	"To lose the remembrance of. To be unable to think of or recall. ""I forgot his na"	forgot	forgotten	no_cond	5	0.13808569312095642
Qwen_Qwen2.5-32B	orig	29	forget	ppt	forget__ppt	"To lose the remembrance of. To be unable to think of or recall. ""I forgot his na"	forgot	forgotten	no_cond	5	0.16586002707481384
Qwen_Qwen2.5-32B	delta	29	forget	ppt	forget__ppt	"To lose the remembrance of. To be unable to think of or recall. ""I forgot his na"	forgot	forgotten	no_cond	5	0.16583459079265594
Qwen_Qwen2.5-32B	orig	30	forget	ppt	forget__ppt	"To lose the remembrance of. To be unable to think of or recall. ""I forgot his na"	forgot	forgotten	no_cond	5	0.15655706822872162
Qwen_Qwen2.5-32B	delta	30	forget	ppt	forget__ppt	"To lose the remembrance of. To be unable to think of or recall. ""I forgot his na"	forgot	forgotten	no_cond	5	0.16365592181682587
Qwen_Qwen2.5-32B	orig	31	forget	ppt	forget__ppt	"To lose the remembrance of. To be unable to think of or recall. ""I forgot his na"	forgot	forgotten	no_cond	5	0.21578773856163025
Qwen_Qwen2.5-32B	delta	31	forget	ppt	forget__ppt	"To lose the remembrance of. To be unable to think of or recall. ""I forgot his na"	forgot	forgotten	no_cond	5	0.16071456670761108
Qwen_Qwen2.5-32B	orig	32	forget	ppt	forget__ppt	"To lose the remembrance of. To be unable to think of or recall. ""I forgot his na"	forgot	forgotten	no_cond	5	0.20877602696418762
Qwen_Qwen2.5-32B	delta	32	forget	ppt	forget__ppt	"To lose the remembrance of. To be unable to think of or recall. ""I forgot his na"	forgot	forgotten	no_cond	5	0.1682172566652298
Qwen_Qwen2.5-32B	orig	33	forget	ppt	forget__ppt	"To lose the remembrance of. To be unable to think of or recall. ""I forgot his na"	forgot	forgotten	no_cond	5	0.20801691710948944
Qwen_Qwen2.5-32B	delta	33	forget	ppt	forget__ppt	"To lose the remembrance of. To be unable to think of or recall. ""I forgot his na"	forgot	forgotten	no_cond	5	0.17027045786380768
Qwen_Qwen2.5-32B	orig	34	forget	ppt	forget__ppt	"To lose the remembrance of. To be unable to think of or recall. ""I forgot his na"	forgot	forgotten	no_cond	5	0.20546138286590576
Qwen_Qwen2.5-32B	delta	34	forget	ppt	forget__ppt	"To lose the remembrance of. To be unable to think of or recall. ""I forgot his na"	forgot	forgotten	no_cond	5	0.16954031586647034
Qwen_Qwen2.5-32B	orig	35	forget	ppt	forget__ppt	"To lose the remembrance of. To be unable to think of or recall. ""I forgot his na"	forgot	forgotten	no_cond	5	0.14485132694244385
Qwen_Qwen2.5-32B	delta	35	forget	ppt	forget__ppt	"To lose the remembrance of. To be unable to think of or recall. ""I forgot his na"	forgot	forgotten	no_cond	5	0.16233311593532562
Qwen_Qwen2.5-32B	orig	36	forget	ppt	forget__ppt	"To lose the remembrance of. To be unable to think of or recall. ""I forgot his na"	forgot	forgotten	no_cond	5	0.15512579679489136
Qwen_Qwen2.5-32B	delta	36	forget	ppt	forget__ppt	"To lose the remembrance of. To be unable to think of or recall. ""I forgot his na"	forgot	forgotten	no_cond	5	0.15827195346355438
Qwen_Qwen2.5-32B	orig	37	forget	ppt	forget__ppt	"To lose the remembrance of. To be unable to think of or recall. ""I forgot his na"	forgot	forgotten	no_cond	5	0.16426625847816467
Qwen_Qwen2.5-32B	delta	37	forget	ppt	forget__ppt	"To lose the remembrance of. To be unable to think of or recall. ""I forgot his na"	forgot	forgotten	no_cond	5	0.194675475358963
Qwen_Qwen2.5-32B	orig	38	forget	ppt	forget__ppt	"To lose the remembrance of. To be unable to think of or recall. ""I forgot his na"	forgot	forgotten	no_cond	5	0.172946959733963
Qwen_Qwen2.5-32B	delta	38	forget	ppt	forget__ppt	"To lose the remembrance of. To be unable to think of or recall. ""I forgot his na"	forgot	forgotten	no_cond	5	0.18351487815380096
Qwen_Qwen2.5-32B	orig	39	forget	ppt	forget__ppt	"To lose the remembrance of. To be unable to think of or recall. ""I forgot his na"	forgot	forgotten	no_cond	5	0.17556972801685333
Qwen_Qwen2.5-32B	delta	39	forget	ppt	forget__ppt	"To lose the remembrance of. To be unable to think of or recall. ""I forgot his na"	forgot	forgotten	no_cond	5	0.1802167445421219
Qwen_Qwen2.5-32B	orig	40	forget	ppt	forget__ppt	"To lose the remembrance of. To be unable to think of or recall. ""I forgot his na"	forgot	forgotten	no_cond	5	0.1798764318227768
Qwen_Qwen2.5-32B	delta	40	forget	ppt	forget__ppt	"To lose the remembrance of. To be unable to think of or recall. ""I forgot his na"	forgot	forgotten	no_cond	5	0.1772553026676178
Qwen_Qwen2.5-32B	orig	41	forget	ppt	forget__ppt	"To lose the remembrance of. To be unable to think of or recall. ""I forgot his na"	forgot	forgotten	no_cond	5	0.18242934346199036
Qwen_Qwen2.5-32B	delta	41	forget	ppt	forget__ppt	"To lose the remembrance of. To be unable to think of or recall. ""I forgot his na"	forgot	forgotten	no_cond	5	0.1743737757205963
Qwen_Qwen2.5-32B	orig	42	forget	ppt	forget__ppt	"To lose the remembrance of. To be unable to think of or recall. ""I forgot his na"	forgot	forgotten	no_cond	5	0.190851628780365
Qwen_Qwen2.5-32B	delta	42	forget	ppt	forget__ppt	"To lose the remembrance of. To be unable to think of or recall. ""I forgot his na"	forgot	forgotten	no_cond	5	0.15856918692588806
Qwen_Qwen2.5-32B	orig	43	forget	ppt	forget__ppt	"To lose the remembrance of. To be unable to think of or recall. ""I forgot his na"	forgot	forgotten	no_cond	5	0.20786985754966736
Qwen_Qwen2.5-32B	delta	43	forget	ppt	forget__ppt	"To lose the remembrance of. To be unable to think of or recall. ""I forgot his na"	forgot	forgotten	no_cond	5	0.1707286238670349
Qwen_Qwen2.5-32B	orig	44	forget	ppt	forget__ppt	"To lose the remembrance of. To be unable to think of or recall. ""I forgot his na"	forgot	forgotten	no_cond	5	0.2124030590057373
Qwen_Qwen2.5-32B	delta	44	forget	ppt	forget__ppt	"To lose the remembrance of. To be unable to think of or recall. ""I forgot his na"	forgot	forgotten	no_cond	5	0.17841839790344238
Qwen_Qwen2.5-32B	orig	45	forget	ppt	forget__ppt	"To lose the remembrance of. To be unable to think of or recall. ""I forgot his na"	forgot	forgotten	no_cond	5	0.21544960141181946
Qwen_Qwen2.5-32B	delta	45	forget	ppt	forget__ppt	"To lose the remembrance of. To be unable to think of or recall. ""I forgot his na"	forgot	forgotten	no_cond	5	0.1878875344991684
Qwen_Qwen2.5-32B	orig	46	forget	ppt	forget__ppt	"To lose the remembrance of. To be unable to think of or recall. ""I forgot his na"	forgot	forgotten	no_cond	5	0.21449680626392365
Qwen_Qwen2.5-32B	delta	46	forget	ppt	forget__ppt	"To lose the remembrance of. To be unable to think of or recall. ""I forgot his na"	forgot	forgotten	no_cond	5	0.19287371635437012
Qwen_Qwen2.5-32B	orig	47	forget	ppt	forget__ppt	"To lose the remembrance of. To be unable to think of or recall. ""I forgot his na"	forgot	forgotten	no_cond	5	0.21353574097156525
Qwen_Qwen2.5-32B	delta	47	forget	ppt	forget__ppt	"To lose the remembrance of. To be unable to think of or recall. ""I forgot his na"	forgot	forgotten	no_cond	5	0.20097020268440247
Qwen_Qwen2.5-32B	orig	48	forget	ppt	forget__ppt	"To lose the remembrance of. To be unable to think of or recall. ""I forgot his na"	forgot	forgotten	no_cond	5	0.19985784590244293
Qwen_Qwen2.5-32B	delta	48	forget	ppt	forget__ppt	"To lose the remembrance of. To be unable to think of or recall. ""I forgot his na"	forgot	forgotten	no_cond	5	0.2171899527311325
Qwen_Qwen2.5-32B	orig	49	forget	ppt	forget__ppt	"To lose the remembrance of. To be unable to think of or recall. ""I forgot his na"	forgot	forgotten	no_cond	5	0.19439499080181122
Qwen_Qwen2.5-32B	delta	49	forget	ppt	forget__ppt	"To lose the remembrance of. To be unable to think of or recall. ""I forgot his na"	forgot	forgotten	no_cond	5	0.21795213222503662
Qwen_Qwen2.5-32B	orig	50	forget	ppt	forget__ppt	"To lose the remembrance of. To be unable to think of or recall. ""I forgot his na"	forgot	forgotten	no_cond	5	0.18546423316001892
Qwen_Qwen2.5-32B	delta	50	forget	ppt	forget__ppt	"To lose the remembrance of. To be unable to think of or recall. ""I forgot his na"	forgot	forgotten	no_cond	5	0.23195108771324158
Qwen_Qwen2.5-32B	orig	51	forget	ppt	forget__ppt	"To lose the remembrance of. To be unable to think of or recall. ""I forgot his na"	forgot	forgotten	no_cond	5	0.17534008622169495
Qwen_Qwen2.5-32B	delta	51	forget	ppt	forget__ppt	"To lose the remembrance of. To be unable to think of or recall. ""I forgot his na"	forgot	forgotten	no_cond	5	0.23758184909820557
Qwen_Qwen2.5-32B	orig	52	forget	ppt	forget__ppt	"To lose the remembrance of. To be unable to think of or recall. ""I forgot his na"	forgot	forgotten	no_cond	5	0.1664637327194214
Qwen_Qwen2.5-32B	delta	52	forget	ppt	forget__ppt	"To lose the remembrance of. To be unable to think of or recall. ""I forgot his na"	forgot	forgotten	no_cond	5	0.23496881127357483
Qwen_Qwen2.5-32B	orig	53	forget	ppt	forget__ppt	"To lose the remembrance of. To be unable to think of or recall. ""I forgot his na"	forgot	forgotten	no_cond	5	0.2632448077201843
Qwen_Qwen2.5-32B	delta	53	forget	ppt	forget__ppt	"To lose the remembrance of. To be unable to think of or recall. ""I forgot his na"	forgot	forgotten	no_cond	5	0.2416325807571411
Qwen_Qwen2.5-32B	orig	54	forget	ppt	forget__ppt	"To lose the remembrance of. To be unable to think of or recall. ""I forgot his na"	forgot	forgotten	no_cond	5	0.27854228019714355
Qwen_Qwen2.5-32B	delta	54	forget	ppt	forget__ppt	"To lose the remembrance of. To be unable to think of or recall. ""I forgot his na"	forgot	forgotten	no_cond	5	0.24977290630340576
Qwen_Qwen2.5-32B	orig	55	forget	ppt	forget__ppt	"To lose the remembrance of. To be unable to think of or recall. ""I forgot his na"	forgot	forgotten	no_cond	5	0.27699393033981323
Qwen_Qwen2.5-32B	delta	55	forget	ppt	forget__ppt	"To lose the remembrance of. To be unable to think of or recall. ""I forgot his na"	forgot	forgotten	no_cond	5	0.2504207491874695
Qwen_Qwen2.5-32B	orig	56	forget	ppt	forget__ppt	"To lose the remembrance of. To be unable to think of or recall. ""I forgot his na"	forgot	forgotten	no_cond	5	0.27709296345710754
Qwen_Qwen2.5-32B	delta	56	forget	ppt	forget__ppt	"To lose the remembrance of. To be unable to think of or recall. ""I forgot his na"	forgot	forgotten	no_cond	5	0.25489506125450134
Qwen_Qwen2.5-32B	orig	57	forget	ppt	forget__ppt	"To lose the remembrance of. To be unable to think of or recall. ""I forgot his na"	forgot	forgotten	no_cond	5	0.2826663851737976
Qwen_Qwen2.5-32B	delta	57	forget	ppt	forget__ppt	"To lose the remembrance of. To be unable to think of or recall. ""I forgot his na"	forgot	forgotten	no_cond	5	0.24705739319324493
Qwen_Qwen2.5-32B	orig	58	forget	ppt	forget__ppt	"To lose the remembrance of. To be unable to think of or recall. ""I forgot his na"	forgot	forgotten	no_cond	5	0.2990826964378357
Qwen_Qwen2.5-32B	delta	58	forget	ppt	forget__ppt	"To lose the remembrance of. To be unable to think of or recall. ""I forgot his na"	forgot	forgotten	no_cond	5	0.23917755484580994
Qwen_Qwen2.5-32B	orig	59	forget	ppt	forget__ppt	"To lose the remembrance of. To be unable to think of or recall. ""I forgot his na"	forgot	forgotten	no_cond	5	0.3022310733795166
Qwen_Qwen2.5-32B	delta	59	forget	ppt	forget__ppt	"To lose the remembrance of. To be unable to think of or recall. ""I forgot his na"	forgot	forgotten	no_cond	5	0.23995816707611084
Qwen_Qwen2.5-32B	orig	60	forget	ppt	forget__ppt	"To lose the remembrance of. To be unable to think of or recall. ""I forgot his na"	forgot	forgotten	no_cond	5	0.312364399433136
Qwen_Qwen2.5-32B	delta	60	forget	ppt	forget__ppt	"To lose the remembrance of. To be unable to think of or recall. ""I forgot his na"	forgot	forgotten	no_cond	5	0.24259760975837708
Qwen_Qwen2.5-32B	orig	61	forget	ppt	forget__ppt	"To lose the remembrance of. To be unable to think of or recall. ""I forgot his na"	forgot	forgotten	no_cond	5	0.3303505480289459
Qwen_Qwen2.5-32B	delta	61	forget	ppt	forget__ppt	"To lose the remembrance of. To be unable to think of or recall. ""I forgot his na"	forgot	forgotten	no_cond	5	0.25551512837409973
Qwen_Qwen2.5-32B	orig	62	forget	ppt	forget__ppt	"To lose the remembrance of. To be unable to think of or recall. ""I forgot his na"	forgot	forgotten	no_cond	5	0.3323753774166107
Qwen_Qwen2.5-32B	delta	62	forget	ppt	forget__ppt	"To lose the remembrance of. To be unable to think of or recall. ""I forgot his na"	forgot	forgotten	no_cond	5	0.24935099482536316
Qwen_Qwen2.5-32B	orig	63	forget	ppt	forget__ppt	"To lose the remembrance of. To be unable to think of or recall. ""I forgot his na"	forgot	forgotten	no_cond	5	0.3211405873298645
Qwen_Qwen2.5-32B	delta	63	forget	ppt	forget__ppt	"To lose the remembrance of. To be unable to think of or recall. ""I forgot his na"	forgot	forgotten	no_cond	5	0.305449903011322
Qwen_Qwen2.5-32B	orig	64	forget	ppt	forget__ppt	"To lose the remembrance of. To be unable to think of or recall. ""I forgot his na"	forgot	forgotten	no_cond	5	0.319525808095932
Qwen_Qwen2.5-32B	delta	64	forget	ppt	forget__ppt	"To lose the remembrance of. To be unable to think of or recall. ""I forgot his na"	forgot	forgotten	no_cond	5	0.28884977102279663
Qwen_Qwen2.5-32B	orig	0	hang	ppt	hang__ppt	To suspend by the neck until dead; often hanged in the past; often used as a mil	hanged	hung	prob	5	nan
Qwen_Qwen2.5-32B	delta	0	hang	ppt	hang__ppt	To suspend by the neck until dead; often hanged in the past; often used as a mil	hanged	hung	prob	5	nan
Qwen_Qwen2.5-32B	orig	1	hang	ppt	hang__ppt	To suspend by the neck until dead; often hanged in the past; often used as a mil	hanged	hung	prob	5	0.20575594902038574
Qwen_Qwen2.5-32B	delta	1	hang	ppt	hang__ppt	To suspend by the neck until dead; often hanged in the past; often used as a mil	hanged	hung	prob	5	0.27994734048843384
Qwen_Qwen2.5-32B	orig	2	hang	ppt	hang__ppt	To suspend by the neck until dead; often hanged in the past; often used as a mil	hanged	hung	prob	5	0.21705105900764465
Qwen_Qwen2.5-32B	delta	2	hang	ppt	hang__ppt	To suspend by the neck until dead; often hanged in the past; often used as a mil	hanged	hung	prob	5	0.26834577322006226
Qwen_Qwen2.5-32B	orig	3	hang	ppt	hang__ppt	To suspend by the neck until dead; often hanged in the past; often used as a mil	hanged	hung	prob	5	0.33976760506629944
Qwen_Qwen2.5-32B	delta	3	hang	ppt	hang__ppt	To suspend by the neck until dead; often hanged in the past; often used as a mil	hanged	hung	prob	5	0.22675280272960663
Qwen_Qwen2.5-32B	orig	4	hang	ppt	hang__ppt	To suspend by the neck until dead; often hanged in the past; often used as a mil	hanged	hung	prob	5	0.27355605363845825
Qwen_Qwen2.5-32B	delta	4	hang	ppt	hang__ppt	To suspend by the neck until dead; often hanged in the past; often used as a mil	hanged	hung	prob	5	0.20816023647785187
Qwen_Qwen2.5-32B	orig	5	hang	ppt	hang__ppt	To suspend by the neck until dead; often hanged in the past; often used as a mil	hanged	hung	prob	5	0.3068966567516327
Qwen_Qwen2.5-32B	delta	5	hang	ppt	hang__ppt	To suspend by the neck until dead; often hanged in the past; often used as a mil	hanged	hung	prob	5	0.2721462845802307
Qwen_Qwen2.5-32B	orig	6	hang	ppt	hang__ppt	To suspend by the neck until dead; often hanged in the past; often used as a mil	hanged	hung	prob	5	0.2603359818458557
Qwen_Qwen2.5-32B	delta	6	hang	ppt	hang__ppt	To suspend by the neck until dead; often hanged in the past; often used as a mil	hanged	hung	prob	5	0.2641414701938629
Qwen_Qwen2.5-32B	orig	7	hang	ppt	hang__ppt	To suspend by the neck until dead; often hanged in the past; often used as a mil	hanged	hung	prob	5	0.2728103995323181
Qwen_Qwen2.5-32B	delta	7	hang	ppt	hang__ppt	To suspend by the neck until dead; often hanged in the past; often used as a mil	hanged	hung	prob	5	0.24437332153320312
Qwen_Qwen2.5-32B	orig	8	hang	ppt	hang__ppt	To suspend by the neck until dead; often hanged in the past; often used as a mil	hanged	hung	prob	5	0.21174713969230652
Qwen_Qwen2.5-32B	delta	8	hang	ppt	hang__ppt	To suspend by the neck until dead; often hanged in the past; often used as a mil	hanged	hung	prob	5	0.20430107414722443
Qwen_Qwen2.5-32B	orig	9	hang	ppt	hang__ppt	To suspend by the neck until dead; often hanged in the past; often used as a mil	hanged	hung	prob	5	0.2064342051744461
Qwen_Qwen2.5-32B	delta	9	hang	ppt	hang__ppt	To suspend by the neck until dead; often hanged in the past; often used as a mil	hanged	hung	prob	5	0.19014820456504822
Qwen_Qwen2.5-32B	orig	10	hang	ppt	hang__ppt	To suspend by the neck until dead; often hanged in the past; often used as a mil	hanged	hung	prob	5	0.20458316802978516
Qwen_Qwen2.5-32B	delta	10	hang	ppt	hang__ppt	To suspend by the neck until dead; often hanged in the past; often used as a mil	hanged	hung	prob	5	0.20953543484210968
Qwen_Qwen2.5-32B	orig	11	hang	ppt	hang__ppt	To suspend by the neck until dead; often hanged in the past; often used as a mil	hanged	hung	prob	5	0.2077712118625641
Qwen_Qwen2.5-32B	delta	11	hang	ppt	hang__ppt	To suspend by the neck until dead; often hanged in the past; often used as a mil	hanged	hung	prob	5	0.2142627239227295
Qwen_Qwen2.5-32B	orig	12	hang	ppt	hang__ppt	To suspend by the neck until dead; often hanged in the past; often used as a mil	hanged	hung	prob	5	0.23331663012504578
Qwen_Qwen2.5-32B	delta	12	hang	ppt	hang__ppt	To suspend by the neck until dead; often hanged in the past; often used as a mil	hanged	hung	prob	5	0.24995513260364532
Qwen_Qwen2.5-32B	orig	13	hang	ppt	hang__ppt	To suspend by the neck until dead; often hanged in the past; often used as a mil	hanged	hung	prob	5	0.22501862049102783
Qwen_Qwen2.5-32B	delta	13	hang	ppt	hang__ppt	To suspend by the neck until dead; often hanged in the past; often used as a mil	hanged	hung	prob	5	0.21522602438926697
Qwen_Qwen2.5-32B	orig	14	hang	ppt	hang__ppt	To suspend by the neck until dead; often hanged in the past; often used as a mil	hanged	hung	prob	5	0.2414531260728836
Qwen_Qwen2.5-32B	delta	14	hang	ppt	hang__ppt	To suspend by the neck until dead; often hanged in the past; often used as a mil	hanged	hung	prob	5	0.21452465653419495
Qwen_Qwen2.5-32B	orig	15	hang	ppt	hang__ppt	To suspend by the neck until dead; often hanged in the past; often used as a mil	hanged	hung	prob	5	0.24005326628684998
Qwen_Qwen2.5-32B	delta	15	hang	ppt	hang__ppt	To suspend by the neck until dead; often hanged in the past; often used as a mil	hanged	hung	prob	5	0.19416801631450653
Qwen_Qwen2.5-32B	orig	16	hang	ppt	hang__ppt	To suspend by the neck until dead; often hanged in the past; often used as a mil	hanged	hung	prob	5	0.21647889912128448
Qwen_Qwen2.5-32B	delta	16	hang	ppt	hang__ppt	To suspend by the neck until dead; often hanged in the past; often used as a mil	hanged	hung	prob	5	0.1870303601026535
Qwen_Qwen2.5-32B	orig	17	hang	ppt	hang__ppt	To suspend by the neck until dead; often hanged in the past; often used as a mil	hanged	hung	prob	5	0.25825485587120056
Qwen_Qwen2.5-32B	delta	17	hang	ppt	hang__ppt	To suspend by the neck until dead; often hanged in the past; often used as a mil	hanged	hung	prob	5	0.18524393439292908
Qwen_Qwen2.5-32B	orig	18	hang	ppt	hang__ppt	To suspend by the neck until dead; often hanged in the past; often used as a mil	hanged	hung	prob	5	0.25997644662857056
Qwen_Qwen2.5-32B	delta	18	hang	ppt	hang__ppt	To suspend by the neck until dead; often hanged in the past; often used as a mil	hanged	hung	prob	5	0.1884937286376953
Qwen_Qwen2.5-32B	orig	19	hang	ppt	hang__ppt	To suspend by the neck until dead; often hanged in the past; often used as a mil	hanged	hung	prob	5	0.24753813445568085
Qwen_Qwen2.5-32B	delta	19	hang	ppt	hang__ppt	To suspend by the neck until dead; often hanged in the past; often used as a mil	hanged	hung	prob	5	0.16919593513011932
Qwen_Qwen2.5-32B	orig	20	hang	ppt	hang__ppt	To suspend by the neck until dead; often hanged in the past; often used as a mil	hanged	hung	prob	5	0.24150006473064423
Qwen_Qwen2.5-32B	delta	20	hang	ppt	hang__ppt	To suspend by the neck until dead; often hanged in the past; often used as a mil	hanged	hung	prob	5	0.1820032298564911
Qwen_Qwen2.5-32B	orig	21	hang	ppt	hang__ppt	To suspend by the neck until dead; often hanged in the past; often used as a mil	hanged	hung	prob	5	0.23114065825939178
Qwen_Qwen2.5-32B	delta	21	hang	ppt	hang__ppt	To suspend by the neck until dead; often hanged in the past; often used as a mil	hanged	hung	prob	5	0.17791244387626648
Qwen_Qwen2.5-32B	orig	22	hang	ppt	hang__ppt	To suspend by the neck until dead; often hanged in the past; often used as a mil	hanged	hung	prob	5	0.2278744876384735
Qwen_Qwen2.5-32B	delta	22	hang	ppt	hang__ppt	To suspend by the neck until dead; often hanged in the past; often used as a mil	hanged	hung	prob	5	0.17071279883384705
Qwen_Qwen2.5-32B	orig	23	hang	ppt	hang__ppt	To suspend by the neck until dead; often hanged in the past; often used as a mil	hanged	hung	prob	5	0.22193090617656708
Qwen_Qwen2.5-32B	delta	23	hang	ppt	hang__ppt	To suspend by the neck until dead; often hanged in the past; often used as a mil	hanged	hung	prob	5	0.15925543010234833
Qwen_Qwen2.5-32B	orig	24	hang	ppt	hang__ppt	To suspend by the neck until dead; often hanged in the past; often used as a mil	hanged	hung	prob	5	0.2158403843641281
Qwen_Qwen2.5-32B	delta	24	hang	ppt	hang__ppt	To suspend by the neck until dead; often hanged in the past; often used as a mil	hanged	hung	prob	5	0.1506403535604477
Qwen_Qwen2.5-32B	orig	25	hang	ppt	hang__ppt	To suspend by the neck until dead; often hanged in the past; often used as a mil	hanged	hung	prob	5	0.21040713787078857
Qwen_Qwen2.5-32B	delta	25	hang	ppt	hang__ppt	To suspend by the neck until dead; often hanged in the past; often used as a mil	hanged	hung	prob	5	0.14481762051582336
Qwen_Qwen2.5-32B	orig	26	hang	ppt	hang__ppt	To suspend by the neck until dead; often hanged in the past; often used as a mil	hanged	hung	prob	5	0.20083670318126678
Qwen_Qwen2.5-32B	delta	26	hang	ppt	hang__ppt	To suspend by the neck until dead; often hanged in the past; often used as a mil	hanged	hung	prob	5	0.1378720998764038
Qwen_Qwen2.5-32B	orig	27	hang	ppt	hang__ppt	To suspend by the neck until dead; often hanged in the past; often used as a mil	hanged	hung	prob	5	0.19669505953788757
Qwen_Qwen2.5-32B	delta	27	hang	ppt	hang__ppt	To suspend by the neck until dead; often hanged in the past; often used as a mil	hanged	hung	prob	5	0.12639299035072327
Qwen_Qwen2.5-32B	orig	28	hang	ppt	hang__ppt	To suspend by the neck until dead; often hanged in the past; often used as a mil	hanged	hung	prob	5	0.19727769494056702
Qwen_Qwen2.5-32B	delta	28	hang	ppt	hang__ppt	To suspend by the neck until dead; often hanged in the past; often used as a mil	hanged	hung	prob	5	0.12507858872413635
Qwen_Qwen2.5-32B	orig	29	hang	ppt	hang__ppt	To suspend by the neck until dead; often hanged in the past; often used as a mil	hanged	hung	prob	5	0.1831163763999939
Qwen_Qwen2.5-32B	delta	29	hang	ppt	hang__ppt	To suspend by the neck until dead; often hanged in the past; often used as a mil	hanged	hung	prob	5	0.1252560019493103
Qwen_Qwen2.5-32B	orig	30	hang	ppt	hang__ppt	To suspend by the neck until dead; often hanged in the past; often used as a mil	hanged	hung	prob	5	0.17822664976119995
Qwen_Qwen2.5-32B	delta	30	hang	ppt	hang__ppt	To suspend by the neck until dead; often hanged in the past; often used as a mil	hanged	hung	prob	5	0.12485752254724503
Qwen_Qwen2.5-32B	orig	31	hang	ppt	hang__ppt	To suspend by the neck until dead; often hanged in the past; often used as a mil	hanged	hung	prob	5	0.1781918704509735
Qwen_Qwen2.5-32B	delta	31	hang	ppt	hang__ppt	To suspend by the neck until dead; often hanged in the past; often used as a mil	hanged	hung	prob	5	0.11765272915363312
Qwen_Qwen2.5-32B	orig	32	hang	ppt	hang__ppt	To suspend by the neck until dead; often hanged in the past; often used as a mil	hanged	hung	prob	5	0.17011740803718567
Qwen_Qwen2.5-32B	delta	32	hang	ppt	hang__ppt	To suspend by the neck until dead; often hanged in the past; often used as a mil	hanged	hung	prob	5	0.12212862819433212
Qwen_Qwen2.5-32B	orig	33	hang	ppt	hang__ppt	To suspend by the neck until dead; often hanged in the past; often used as a mil	hanged	hung	prob	5	0.17167916893959045
Qwen_Qwen2.5-32B	delta	33	hang	ppt	hang__ppt	To suspend by the neck until dead; often hanged in the past; often used as a mil	hanged	hung	prob	5	0.12598773837089539
Qwen_Qwen2.5-32B	orig	34	hang	ppt	hang__ppt	To suspend by the neck until dead; often hanged in the past; often used as a mil	hanged	hung	prob	5	0.17349393665790558
Qwen_Qwen2.5-32B	delta	34	hang	ppt	hang__ppt	To suspend by the neck until dead; often hanged in the past; often used as a mil	hanged	hung	prob	5	0.12220177799463272
Qwen_Qwen2.5-32B	orig	35	hang	ppt	hang__ppt	To suspend by the neck until dead; often hanged in the past; often used as a mil	hanged	hung	prob	5	0.16777697205543518
Qwen_Qwen2.5-32B	delta	35	hang	ppt	hang__ppt	To suspend by the neck until dead; often hanged in the past; often used as a mil	hanged	hung	prob	5	0.11931296437978745
Qwen_Qwen2.5-32B	orig	36	hang	ppt	hang__ppt	To suspend by the neck until dead; often hanged in the past; often used as a mil	hanged	hung	prob	5	0.1635248214006424
Qwen_Qwen2.5-32B	delta	36	hang	ppt	hang__ppt	To suspend by the neck until dead; often hanged in the past; often used as a mil	hanged	hung	prob	5	0.11294998973608017
Qwen_Qwen2.5-32B	orig	37	hang	ppt	hang__ppt	To suspend by the neck until dead; often hanged in the past; often used as a mil	hanged	hung	prob	5	0.1575355976819992
Qwen_Qwen2.5-32B	delta	37	hang	ppt	hang__ppt	To suspend by the neck until dead; often hanged in the past; often used as a mil	hanged	hung	prob	5	0.10442318767309189
Qwen_Qwen2.5-32B	orig	38	hang	ppt	hang__ppt	To suspend by the neck until dead; often hanged in the past; often used as a mil	hanged	hung	prob	5	0.1582827866077423
Qwen_Qwen2.5-32B	delta	38	hang	ppt	hang__ppt	To suspend by the neck until dead; often hanged in the past; often used as a mil	hanged	hung	prob	5	0.09658064693212509
Qwen_Qwen2.5-32B	orig	39	hang	ppt	hang__ppt	To suspend by the neck until dead; often hanged in the past; often used as a mil	hanged	hung	prob	5	0.15874040126800537
Qwen_Qwen2.5-32B	delta	39	hang	ppt	hang__ppt	To suspend by the neck until dead; often hanged in the past; often used as a mil	hanged	hung	prob	5	0.09145505726337433
Qwen_Qwen2.5-32B	orig	40	hang	ppt	hang__ppt	To suspend by the neck until dead; often hanged in the past; often used as a mil	hanged	hung	prob	5	0.15973123908042908
Qwen_Qwen2.5-32B	delta	40	hang	ppt	hang__ppt	To suspend by the neck until dead; often hanged in the past; often used as a mil	hanged	hung	prob	5	0.09299037605524063
Qwen_Qwen2.5-32B	orig	41	hang	ppt	hang__ppt	To suspend by the neck until dead; often hanged in the past; often used as a mil	hanged	hung	prob	5	0.1567724645137787
Qwen_Qwen2.5-32B	delta	41	hang	ppt	hang__ppt	To suspend by the neck until dead; often hanged in the past; often used as a mil	hanged	hung	prob	5	0.09038013219833374
Qwen_Qwen2.5-32B	orig	42	hang	ppt	hang__ppt	To suspend by the neck until dead; often hanged in the past; often used as a mil	hanged	hung	prob	5	0.15090787410736084
Qwen_Qwen2.5-32B	delta	42	hang	ppt	hang__ppt	To suspend by the neck until dead; often hanged in the past; often used as a mil	hanged	hung	prob	5	0.09541183710098267
Qwen_Qwen2.5-32B	orig	43	hang	ppt	hang__ppt	To suspend by the neck until dead; often hanged in the past; often used as a mil	hanged	hung	prob	5	0.15233996510505676
Qwen_Qwen2.5-32B	delta	43	hang	ppt	hang__ppt	To suspend by the neck until dead; often hanged in the past; often used as a mil	hanged	hung	prob	5	0.09268008172512054
Qwen_Qwen2.5-32B	orig	44	hang	ppt	hang__ppt	To suspend by the neck until dead; often hanged in the past; often used as a mil	hanged	hung	prob	5	0.14222967624664307
Qwen_Qwen2.5-32B	delta	44	hang	ppt	hang__ppt	To suspend by the neck until dead; often hanged in the past; often used as a mil	hanged	hung	prob	5	0.09435863792896271
Qwen_Qwen2.5-32B	orig	45	hang	ppt	hang__ppt	To suspend by the neck until dead; often hanged in the past; often used as a mil	hanged	hung	prob	5	0.1404114067554474
Qwen_Qwen2.5-32B	delta	45	hang	ppt	hang__ppt	To suspend by the neck until dead; often hanged in the past; often used as a mil	hanged	hung	prob	5	0.0798720121383667
Qwen_Qwen2.5-32B	orig	46	hang	ppt	hang__ppt	To suspend by the neck until dead; often hanged in the past; often used as a mil	hanged	hung	prob	5	0.1262156218290329
Qwen_Qwen2.5-32B	delta	46	hang	ppt	hang__ppt	To suspend by the neck until dead; often hanged in the past; often used as a mil	hanged	hung	prob	5	0.13597062230110168
Qwen_Qwen2.5-32B	orig	47	hang	ppt	hang__ppt	To suspend by the neck until dead; often hanged in the past; often used as a mil	hanged	hung	prob	5	0.12875808775424957
Qwen_Qwen2.5-32B	delta	47	hang	ppt	hang__ppt	To suspend by the neck until dead; often hanged in the past; often used as a mil	hanged	hung	prob	5	0.14135977625846863
Qwen_Qwen2.5-32B	orig	48	hang	ppt	hang__ppt	To suspend by the neck until dead; often hanged in the past; often used as a mil	hanged	hung	prob	5	0.14502258598804474
Qwen_Qwen2.5-32B	delta	48	hang	ppt	hang__ppt	To suspend by the neck until dead; often hanged in the past; often used as a mil	hanged	hung	prob	5	0.15231245756149292
Qwen_Qwen2.5-32B	orig	49	hang	ppt	hang__ppt	To suspend by the neck until dead; often hanged in the past; often used as a mil	hanged	hung	prob	5	0.1398153305053711
Qwen_Qwen2.5-32B	delta	49	hang	ppt	hang__ppt	To suspend by the neck until dead; often hanged in the past; often used as a mil	hanged	hung	prob	5	0.1618318110704422
Qwen_Qwen2.5-32B	orig	50	hang	ppt	hang__ppt	To suspend by the neck until dead; often hanged in the past; often used as a mil	hanged	hung	prob	5	0.1365724503993988
Qwen_Qwen2.5-32B	delta	50	hang	ppt	hang__ppt	To suspend by the neck until dead; often hanged in the past; often used as a mil	hanged	hung	prob	5	0.1667264699935913
Qwen_Qwen2.5-32B	orig	51	hang	ppt	hang__ppt	To suspend by the neck until dead; often hanged in the past; often used as a mil	hanged	hung	prob	5	0.13211075961589813
Qwen_Qwen2.5-32B	delta	51	hang	ppt	hang__ppt	To suspend by the neck until dead; often hanged in the past; often used as a mil	hanged	hung	prob	5	0.1655282825231552
Qwen_Qwen2.5-32B	orig	52	hang	ppt	hang__ppt	To suspend by the neck until dead; often hanged in the past; often used as a mil	hanged	hung	prob	5	0.13220413029193878
Qwen_Qwen2.5-32B	delta	52	hang	ppt	hang__ppt	To suspend by the neck until dead; often hanged in the past; often used as a mil	hanged	hung	prob	5	0.16376343369483948
Qwen_Qwen2.5-32B	orig	53	hang	ppt	hang__ppt	To suspend by the neck until dead; often hanged in the past; often used as a mil	hanged	hung	prob	5	0.13058605790138245
Qwen_Qwen2.5-32B	delta	53	hang	ppt	hang__ppt	To suspend by the neck until dead; often hanged in the past; often used as a mil	hanged	hung	prob	5	0.08769964426755905
Qwen_Qwen2.5-32B	orig	54	hang	ppt	hang__ppt	To suspend by the neck until dead; often hanged in the past; often used as a mil	hanged	hung	prob	5	0.13385549187660217
Qwen_Qwen2.5-32B	delta	54	hang	ppt	hang__ppt	To suspend by the neck until dead; often hanged in the past; often used as a mil	hanged	hung	prob	5	0.09482277184724808
Qwen_Qwen2.5-32B	orig	55	hang	ppt	hang__ppt	To suspend by the neck until dead; often hanged in the past; often used as a mil	hanged	hung	prob	5	0.13222534954547882
Qwen_Qwen2.5-32B	delta	55	hang	ppt	hang__ppt	To suspend by the neck until dead; often hanged in the past; often used as a mil	hanged	hung	prob	5	0.09731505066156387
Qwen_Qwen2.5-32B	orig	56	hang	ppt	hang__ppt	To suspend by the neck until dead; often hanged in the past; often used as a mil	hanged	hung	prob	5	0.1419251263141632
Qwen_Qwen2.5-32B	delta	56	hang	ppt	hang__ppt	To suspend by the neck until dead; often hanged in the past; often used as a mil	hanged	hung	prob	5	0.10666133463382721
Qwen_Qwen2.5-32B	orig	57	hang	ppt	hang__ppt	To suspend by the neck until dead; often hanged in the past; often used as a mil	hanged	hung	prob	5	0.1403334140777588
Qwen_Qwen2.5-32B	delta	57	hang	ppt	hang__ppt	To suspend by the neck until dead; often hanged in the past; often used as a mil	hanged	hung	prob	5	0.1047273650765419
Qwen_Qwen2.5-32B	orig	58	hang	ppt	hang__ppt	To suspend by the neck until dead; often hanged in the past; often used as a mil	hanged	hung	prob	5	0.14686867594718933
Qwen_Qwen2.5-32B	delta	58	hang	ppt	hang__ppt	To suspend by the neck until dead; often hanged in the past; often used as a mil	hanged	hung	prob	5	0.10665909200906754
Qwen_Qwen2.5-32B	orig	59	hang	ppt	hang__ppt	To suspend by the neck until dead; often hanged in the past; often used as a mil	hanged	hung	prob	5	0.15564459562301636
Qwen_Qwen2.5-32B	delta	59	hang	ppt	hang__ppt	To suspend by the neck until dead; often hanged in the past; often used as a mil	hanged	hung	prob	5	0.10825419425964355
Qwen_Qwen2.5-32B	orig	60	hang	ppt	hang__ppt	To suspend by the neck until dead; often hanged in the past; often used as a mil	hanged	hung	prob	5	0.1630421280860901
Qwen_Qwen2.5-32B	delta	60	hang	ppt	hang__ppt	To suspend by the neck until dead; often hanged in the past; often used as a mil	hanged	hung	prob	5	0.09534945338964462
Qwen_Qwen2.5-32B	orig	61	hang	ppt	hang__ppt	To suspend by the neck until dead; often hanged in the past; often used as a mil	hanged	hung	prob	5	0.16669900715351105
Qwen_Qwen2.5-32B	delta	61	hang	ppt	hang__ppt	To suspend by the neck until dead; often hanged in the past; often used as a mil	hanged	hung	prob	5	0.09285501390695572
Qwen_Qwen2.5-32B	orig	62	hang	ppt	hang__ppt	To suspend by the neck until dead; often hanged in the past; often used as a mil	hanged	hung	prob	5	0.16620539128780365
Qwen_Qwen2.5-32B	delta	62	hang	ppt	hang__ppt	To suspend by the neck until dead; often hanged in the past; often used as a mil	hanged	hung	prob	5	0.08861754089593887
Qwen_Qwen2.5-32B	orig	63	hang	ppt	hang__ppt	To suspend by the neck until dead; often hanged in the past; often used as a mil	hanged	hung	prob	5	0.18518871068954468
Qwen_Qwen2.5-32B	delta	63	hang	ppt	hang__ppt	To suspend by the neck until dead; often hanged in the past; often used as a mil	hanged	hung	prob	5	0.1014917641878128
Qwen_Qwen2.5-32B	orig	64	hang	ppt	hang__ppt	To suspend by the neck until dead; often hanged in the past; often used as a mil	hanged	hung	prob	5	0.24014577269554138
Qwen_Qwen2.5-32B	delta	64	hang	ppt	hang__ppt	To suspend by the neck until dead; often hanged in the past; often used as a mil	hanged	hung	prob	5	0.1915949285030365
Qwen_Qwen2.5-32B	orig	0	hang	pst	hang__pst	(Informal) To pass time idly or in relaxing or socializing. To hang around. To h	hanged	hung	cat	5	nan
Qwen_Qwen2.5-32B	delta	0	hang	pst	hang__pst	(Informal) To pass time idly or in relaxing or socializing. To hang around. To h	hanged	hung	cat	5	nan
Qwen_Qwen2.5-32B	orig	1	hang	pst	hang__pst	(Informal) To pass time idly or in relaxing or socializing. To hang around. To h	hanged	hung	cat	5	0.30458205938339233
Qwen_Qwen2.5-32B	delta	1	hang	pst	hang__pst	(Informal) To pass time idly or in relaxing or socializing. To hang around. To h	hanged	hung	cat	5	0.3160194754600525
Qwen_Qwen2.5-32B	orig	2	hang	pst	hang__pst	(Informal) To pass time idly or in relaxing or socializing. To hang around. To h	hanged	hung	cat	5	0.2784332036972046
Qwen_Qwen2.5-32B	delta	2	hang	pst	hang__pst	(Informal) To pass time idly or in relaxing or socializing. To hang around. To h	hanged	hung	cat	5	0.3028629422187805
Qwen_Qwen2.5-32B	orig	3	hang	pst	hang__pst	(Informal) To pass time idly or in relaxing or socializing. To hang around. To h	hanged	hung	cat	5	0.2913818359375
Qwen_Qwen2.5-32B	delta	3	hang	pst	hang__pst	(Informal) To pass time idly or in relaxing or socializing. To hang around. To h	hanged	hung	cat	5	0.3149278461933136
Qwen_Qwen2.5-32B	orig	4	hang	pst	hang__pst	(Informal) To pass time idly or in relaxing or socializing. To hang around. To h	hanged	hung	cat	5	0.2742704749107361
Qwen_Qwen2.5-32B	delta	4	hang	pst	hang__pst	(Informal) To pass time idly or in relaxing or socializing. To hang around. To h	hanged	hung	cat	5	0.30826908349990845
Qwen_Qwen2.5-32B	orig	5	hang	pst	hang__pst	(Informal) To pass time idly or in relaxing or socializing. To hang around. To h	hanged	hung	cat	5	0.22659996151924133
Qwen_Qwen2.5-32B	delta	5	hang	pst	hang__pst	(Informal) To pass time idly or in relaxing or socializing. To hang around. To h	hanged	hung	cat	5	0.30939143896102905
Qwen_Qwen2.5-32B	orig	6	hang	pst	hang__pst	(Informal) To pass time idly or in relaxing or socializing. To hang around. To h	hanged	hung	cat	5	0.19722147285938263
Qwen_Qwen2.5-32B	delta	6	hang	pst	hang__pst	(Informal) To pass time idly or in relaxing or socializing. To hang around. To h	hanged	hung	cat	5	0.31004539132118225
Qwen_Qwen2.5-32B	orig	7	hang	pst	hang__pst	(Informal) To pass time idly or in relaxing or socializing. To hang around. To h	hanged	hung	cat	5	0.1915402114391327
Qwen_Qwen2.5-32B	delta	7	hang	pst	hang__pst	(Informal) To pass time idly or in relaxing or socializing. To hang around. To h	hanged	hung	cat	5	0.2846331000328064
Qwen_Qwen2.5-32B	orig	8	hang	pst	hang__pst	(Informal) To pass time idly or in relaxing or socializing. To hang around. To h	hanged	hung	cat	5	0.18985728919506073
Qwen_Qwen2.5-32B	delta	8	hang	pst	hang__pst	(Informal) To pass time idly or in relaxing or socializing. To hang around. To h	hanged	hung	cat	5	0.27728718519210815
Qwen_Qwen2.5-32B	orig	9	hang	pst	hang__pst	(Informal) To pass time idly or in relaxing or socializing. To hang around. To h	hanged	hung	cat	5	0.16513732075691223
Qwen_Qwen2.5-32B	delta	9	hang	pst	hang__pst	(Informal) To pass time idly or in relaxing or socializing. To hang around. To h	hanged	hung	cat	5	0.24334442615509033
Qwen_Qwen2.5-32B	orig	10	hang	pst	hang__pst	(Informal) To pass time idly or in relaxing or socializing. To hang around. To h	hanged	hung	cat	5	0.17491763830184937
Qwen_Qwen2.5-32B	delta	10	hang	pst	hang__pst	(Informal) To pass time idly or in relaxing or socializing. To hang around. To h	hanged	hung	cat	5	0.25174063444137573
Qwen_Qwen2.5-32B	orig	11	hang	pst	hang__pst	(Informal) To pass time idly or in relaxing or socializing. To hang around. To h	hanged	hung	cat	5	0.18355080485343933
Qwen_Qwen2.5-32B	delta	11	hang	pst	hang__pst	(Informal) To pass time idly or in relaxing or socializing. To hang around. To h	hanged	hung	cat	5	0.24476829171180725
Qwen_Qwen2.5-32B	orig	12	hang	pst	hang__pst	(Informal) To pass time idly or in relaxing or socializing. To hang around. To h	hanged	hung	cat	5	0.18276183307170868
Qwen_Qwen2.5-32B	delta	12	hang	pst	hang__pst	(Informal) To pass time idly or in relaxing or socializing. To hang around. To h	hanged	hung	cat	5	0.25504714250564575
Qwen_Qwen2.5-32B	orig	13	hang	pst	hang__pst	(Informal) To pass time idly or in relaxing or socializing. To hang around. To h	hanged	hung	cat	5	0.15304632484912872
Qwen_Qwen2.5-32B	delta	13	hang	pst	hang__pst	(Informal) To pass time idly or in relaxing or socializing. To hang around. To h	hanged	hung	cat	5	0.2492702305316925
Qwen_Qwen2.5-32B	orig	14	hang	pst	hang__pst	(Informal) To pass time idly or in relaxing or socializing. To hang around. To h	hanged	hung	cat	5	0.14539769291877747
Qwen_Qwen2.5-32B	delta	14	hang	pst	hang__pst	(Informal) To pass time idly or in relaxing or socializing. To hang around. To h	hanged	hung	cat	5	0.24557717144489288
Qwen_Qwen2.5-32B	orig	15	hang	pst	hang__pst	(Informal) To pass time idly or in relaxing or socializing. To hang around. To h	hanged	hung	cat	5	0.14078126847743988
Qwen_Qwen2.5-32B	delta	15	hang	pst	hang__pst	(Informal) To pass time idly or in relaxing or socializing. To hang around. To h	hanged	hung	cat	5	0.2367773801088333
Qwen_Qwen2.5-32B	orig	16	hang	pst	hang__pst	(Informal) To pass time idly or in relaxing or socializing. To hang around. To h	hanged	hung	cat	5	0.14407575130462646
Qwen_Qwen2.5-32B	delta	16	hang	pst	hang__pst	(Informal) To pass time idly or in relaxing or socializing. To hang around. To h	hanged	hung	cat	5	0.2332780808210373
Qwen_Qwen2.5-32B	orig	17	hang	pst	hang__pst	(Informal) To pass time idly or in relaxing or socializing. To hang around. To h	hanged	hung	cat	5	0.14870554208755493
Qwen_Qwen2.5-32B	delta	17	hang	pst	hang__pst	(Informal) To pass time idly or in relaxing or socializing. To hang around. To h	hanged	hung	cat	5	0.226090669631958
Qwen_Qwen2.5-32B	orig	18	hang	pst	hang__pst	(Informal) To pass time idly or in relaxing or socializing. To hang around. To h	hanged	hung	cat	5	0.15661755204200745
Qwen_Qwen2.5-32B	delta	18	hang	pst	hang__pst	(Informal) To pass time idly or in relaxing or socializing. To hang around. To h	hanged	hung	cat	5	0.2238444834947586
Qwen_Qwen2.5-32B	orig	19	hang	pst	hang__pst	(Informal) To pass time idly or in relaxing or socializing. To hang around. To h	hanged	hung	cat	5	0.13736912608146667
Qwen_Qwen2.5-32B	delta	19	hang	pst	hang__pst	(Informal) To pass time idly or in relaxing or socializing. To hang around. To h	hanged	hung	cat	5	0.21042843163013458
Qwen_Qwen2.5-32B	orig	20	hang	pst	hang__pst	(Informal) To pass time idly or in relaxing or socializing. To hang around. To h	hanged	hung	cat	5	0.14547279477119446
Qwen_Qwen2.5-32B	delta	20	hang	pst	hang__pst	(Informal) To pass time idly or in relaxing or socializing. To hang around. To h	hanged	hung	cat	5	0.2063644677400589
Qwen_Qwen2.5-32B	orig	21	hang	pst	hang__pst	(Informal) To pass time idly or in relaxing or socializing. To hang around. To h	hanged	hung	cat	5	0.13709481060504913
Qwen_Qwen2.5-32B	delta	21	hang	pst	hang__pst	(Informal) To pass time idly or in relaxing or socializing. To hang around. To h	hanged	hung	cat	5	0.19893312454223633
Qwen_Qwen2.5-32B	orig	22	hang	pst	hang__pst	(Informal) To pass time idly or in relaxing or socializing. To hang around. To h	hanged	hung	cat	5	0.12438007444143295
Qwen_Qwen2.5-32B	delta	22	hang	pst	hang__pst	(Informal) To pass time idly or in relaxing or socializing. To hang around. To h	hanged	hung	cat	5	0.19472916424274445
Qwen_Qwen2.5-32B	orig	23	hang	pst	hang__pst	(Informal) To pass time idly or in relaxing or socializing. To hang around. To h	hanged	hung	cat	5	0.11707852780818939
Qwen_Qwen2.5-32B	delta	23	hang	pst	hang__pst	(Informal) To pass time idly or in relaxing or socializing. To hang around. To h	hanged	hung	cat	5	0.18977749347686768
Qwen_Qwen2.5-32B	orig	24	hang	pst	hang__pst	(Informal) To pass time idly or in relaxing or socializing. To hang around. To h	hanged	hung	cat	5	0.1225438266992569
Qwen_Qwen2.5-32B	delta	24	hang	pst	hang__pst	(Informal) To pass time idly or in relaxing or socializing. To hang around. To h	hanged	hung	cat	5	0.1936175525188446
Qwen_Qwen2.5-32B	orig	25	hang	pst	hang__pst	(Informal) To pass time idly or in relaxing or socializing. To hang around. To h	hanged	hung	cat	5	0.11337774991989136
Qwen_Qwen2.5-32B	delta	25	hang	pst	hang__pst	(Informal) To pass time idly or in relaxing or socializing. To hang around. To h	hanged	hung	cat	5	0.1871991902589798
Qwen_Qwen2.5-32B	orig	26	hang	pst	hang__pst	(Informal) To pass time idly or in relaxing or socializing. To hang around. To h	hanged	hung	cat	5	0.10819137096405029
Qwen_Qwen2.5-32B	delta	26	hang	pst	hang__pst	(Informal) To pass time idly or in relaxing or socializing. To hang around. To h	hanged	hung	cat	5	0.18545912206172943
Qwen_Qwen2.5-32B	orig	27	hang	pst	hang__pst	(Informal) To pass time idly or in relaxing or socializing. To hang around. To h	hanged	hung	cat	5	0.09854699671268463
Qwen_Qwen2.5-32B	delta	27	hang	pst	hang__pst	(Informal) To pass time idly or in relaxing or socializing. To hang around. To h	hanged	hung	cat	5	0.048891328275203705
Qwen_Qwen2.5-32B	orig	28	hang	pst	hang__pst	(Informal) To pass time idly or in relaxing or socializing. To hang around. To h	hanged	hung	cat	5	0.08343744277954102
Qwen_Qwen2.5-32B	delta	28	hang	pst	hang__pst	(Informal) To pass time idly or in relaxing or socializing. To hang around. To h	hanged	hung	cat	5	0.04486065357923508
Qwen_Qwen2.5-32B	orig	29	hang	pst	hang__pst	(Informal) To pass time idly or in relaxing or socializing. To hang around. To h	hanged	hung	cat	5	0.0816483348608017
Qwen_Qwen2.5-32B	delta	29	hang	pst	hang__pst	(Informal) To pass time idly or in relaxing or socializing. To hang around. To h	hanged	hung	cat	5	0.04792708158493042
Qwen_Qwen2.5-32B	orig	30	hang	pst	hang__pst	(Informal) To pass time idly or in relaxing or socializing. To hang around. To h	hanged	hung	cat	5	0.06625266373157501
Qwen_Qwen2.5-32B	delta	30	hang	pst	hang__pst	(Informal) To pass time idly or in relaxing or socializing. To hang around. To h	hanged	hung	cat	5	0.04667670652270317
Qwen_Qwen2.5-32B	orig	31	hang	pst	hang__pst	(Informal) To pass time idly or in relaxing or socializing. To hang around. To h	hanged	hung	cat	5	0.0630607157945633
Qwen_Qwen2.5-32B	delta	31	hang	pst	hang__pst	(Informal) To pass time idly or in relaxing or socializing. To hang around. To h	hanged	hung	cat	5	0.05512893199920654
Qwen_Qwen2.5-32B	orig	32	hang	pst	hang__pst	(Informal) To pass time idly or in relaxing or socializing. To hang around. To h	hanged	hung	cat	5	0.05062343552708626
Qwen_Qwen2.5-32B	delta	32	hang	pst	hang__pst	(Informal) To pass time idly or in relaxing or socializing. To hang around. To h	hanged	hung	cat	5	0.052635420113801956
Qwen_Qwen2.5-32B	orig	33	hang	pst	hang__pst	(Informal) To pass time idly or in relaxing or socializing. To hang around. To h	hanged	hung	cat	5	0.051013242453336716
Qwen_Qwen2.5-32B	delta	33	hang	pst	hang__pst	(Informal) To pass time idly or in relaxing or socializing. To hang around. To h	hanged	hung	cat	5	0.04872490465641022
Qwen_Qwen2.5-32B	orig	34	hang	pst	hang__pst	(Informal) To pass time idly or in relaxing or socializing. To hang around. To h	hanged	hung	cat	5	0.050421249121427536
Qwen_Qwen2.5-32B	delta	34	hang	pst	hang__pst	(Informal) To pass time idly or in relaxing or socializing. To hang around. To h	hanged	hung	cat	5	0.05040254443883896
Qwen_Qwen2.5-32B	orig	35	hang	pst	hang__pst	(Informal) To pass time idly or in relaxing or socializing. To hang around. To h	hanged	hung	cat	5	0.043061088770627975
Qwen_Qwen2.5-32B	delta	35	hang	pst	hang__pst	(Informal) To pass time idly or in relaxing or socializing. To hang around. To h	hanged	hung	cat	5	0.04012449458241463
Qwen_Qwen2.5-32B	orig	36	hang	pst	hang__pst	(Informal) To pass time idly or in relaxing or socializing. To hang around. To h	hanged	hung	cat	5	0.05665404722094536
Qwen_Qwen2.5-32B	delta	36	hang	pst	hang__pst	(Informal) To pass time idly or in relaxing or socializing. To hang around. To h	hanged	hung	cat	5	0.03931884095072746
Qwen_Qwen2.5-32B	orig	37	hang	pst	hang__pst	(Informal) To pass time idly or in relaxing or socializing. To hang around. To h	hanged	hung	cat	5	0.06722905486822128
Qwen_Qwen2.5-32B	delta	37	hang	pst	hang__pst	(Informal) To pass time idly or in relaxing or socializing. To hang around. To h	hanged	hung	cat	5	0.03432793170213699
Qwen_Qwen2.5-32B	orig	38	hang	pst	hang__pst	(Informal) To pass time idly or in relaxing or socializing. To hang around. To h	hanged	hung	cat	5	0.06846911460161209
Qwen_Qwen2.5-32B	delta	38	hang	pst	hang__pst	(Informal) To pass time idly or in relaxing or socializing. To hang around. To h	hanged	hung	cat	5	0.028792748227715492
Qwen_Qwen2.5-32B	orig	39	hang	pst	hang__pst	(Informal) To pass time idly or in relaxing or socializing. To hang around. To h	hanged	hung	cat	5	0.0682336688041687
Qwen_Qwen2.5-32B	delta	39	hang	pst	hang__pst	(Informal) To pass time idly or in relaxing or socializing. To hang around. To h	hanged	hung	cat	5	0.025550756603479385
Qwen_Qwen2.5-32B	orig	40	hang	pst	hang__pst	(Informal) To pass time idly or in relaxing or socializing. To hang around. To h	hanged	hung	cat	5	0.07424090802669525
Qwen_Qwen2.5-32B	delta	40	hang	pst	hang__pst	(Informal) To pass time idly or in relaxing or socializing. To hang around. To h	hanged	hung	cat	5	0.028443703427910805
Qwen_Qwen2.5-32B	orig	41	hang	pst	hang__pst	(Informal) To pass time idly or in relaxing or socializing. To hang around. To h	hanged	hung	cat	5	0.08149181306362152
Qwen_Qwen2.5-32B	delta	41	hang	pst	hang__pst	(Informal) To pass time idly or in relaxing or socializing. To hang around. To h	hanged	hung	cat	5	0.0244585108011961
Qwen_Qwen2.5-32B	orig	42	hang	pst	hang__pst	(Informal) To pass time idly or in relaxing or socializing. To hang around. To h	hanged	hung	cat	5	0.08103496581315994
Qwen_Qwen2.5-32B	delta	42	hang	pst	hang__pst	(Informal) To pass time idly or in relaxing or socializing. To hang around. To h	hanged	hung	cat	5	0.020595379173755646
Qwen_Qwen2.5-32B	orig	43	hang	pst	hang__pst	(Informal) To pass time idly or in relaxing or socializing. To hang around. To h	hanged	hung	cat	5	0.08827043324708939
Qwen_Qwen2.5-32B	delta	43	hang	pst	hang__pst	(Informal) To pass time idly or in relaxing or socializing. To hang around. To h	hanged	hung	cat	5	0.016637340188026428
Qwen_Qwen2.5-32B	orig	44	hang	pst	hang__pst	(Informal) To pass time idly or in relaxing or socializing. To hang around. To h	hanged	hung	cat	5	0.08850856125354767
Qwen_Qwen2.5-32B	delta	44	hang	pst	hang__pst	(Informal) To pass time idly or in relaxing or socializing. To hang around. To h	hanged	hung	cat	5	0.015580293722450733
Qwen_Qwen2.5-32B	orig	45	hang	pst	hang__pst	(Informal) To pass time idly or in relaxing or socializing. To hang around. To h	hanged	hung	cat	5	0.09810616075992584
Qwen_Qwen2.5-32B	delta	45	hang	pst	hang__pst	(Informal) To pass time idly or in relaxing or socializing. To hang around. To h	hanged	hung	cat	5	0.017031168565154076
Qwen_Qwen2.5-32B	orig	46	hang	pst	hang__pst	(Informal) To pass time idly or in relaxing or socializing. To hang around. To h	hanged	hung	cat	5	0.10343237221240997
Qwen_Qwen2.5-32B	delta	46	hang	pst	hang__pst	(Informal) To pass time idly or in relaxing or socializing. To hang around. To h	hanged	hung	cat	5	0.007892152294516563
Qwen_Qwen2.5-32B	orig	47	hang	pst	hang__pst	(Informal) To pass time idly or in relaxing or socializing. To hang around. To h	hanged	hung	cat	5	0.11811983585357666
Qwen_Qwen2.5-32B	delta	47	hang	pst	hang__pst	(Informal) To pass time idly or in relaxing or socializing. To hang around. To h	hanged	hung	cat	5	0.0082979965955019
Qwen_Qwen2.5-32B	orig	48	hang	pst	hang__pst	(Informal) To pass time idly or in relaxing or socializing. To hang around. To h	hanged	hung	cat	5	0.1422373354434967
Qwen_Qwen2.5-32B	delta	48	hang	pst	hang__pst	(Informal) To pass time idly or in relaxing or socializing. To hang around. To h	hanged	hung	cat	5	0.009677158668637276
Qwen_Qwen2.5-32B	orig	49	hang	pst	hang__pst	(Informal) To pass time idly or in relaxing or socializing. To hang around. To h	hanged	hung	cat	5	0.1428801715373993
Qwen_Qwen2.5-32B	delta	49	hang	pst	hang__pst	(Informal) To pass time idly or in relaxing or socializing. To hang around. To h	hanged	hung	cat	5	0.011103908531367779
Qwen_Qwen2.5-32B	orig	50	hang	pst	hang__pst	(Informal) To pass time idly or in relaxing or socializing. To hang around. To h	hanged	hung	cat	5	0.16638609766960144
Qwen_Qwen2.5-32B	delta	50	hang	pst	hang__pst	(Informal) To pass time idly or in relaxing or socializing. To hang around. To h	hanged	hung	cat	5	0.013320878148078918
Qwen_Qwen2.5-32B	orig	51	hang	pst	hang__pst	(Informal) To pass time idly or in relaxing or socializing. To hang around. To h	hanged	hung	cat	5	0.16438257694244385
Qwen_Qwen2.5-32B	delta	51	hang	pst	hang__pst	(Informal) To pass time idly or in relaxing or socializing. To hang around. To h	hanged	hung	cat	5	0.01237674430012703
Qwen_Qwen2.5-32B	orig	52	hang	pst	hang__pst	(Informal) To pass time idly or in relaxing or socializing. To hang around. To h	hanged	hung	cat	5	0.2130698710680008
Qwen_Qwen2.5-32B	delta	52	hang	pst	hang__pst	(Informal) To pass time idly or in relaxing or socializing. To hang around. To h	hanged	hung	cat	5	0.020166026428341866
Qwen_Qwen2.5-32B	orig	53	hang	pst	hang__pst	(Informal) To pass time idly or in relaxing or socializing. To hang around. To h	hanged	hung	cat	5	0.22105245292186737
Qwen_Qwen2.5-32B	delta	53	hang	pst	hang__pst	(Informal) To pass time idly or in relaxing or socializing. To hang around. To h	hanged	hung	cat	5	0.02887459099292755
Qwen_Qwen2.5-32B	orig	54	hang	pst	hang__pst	(Informal) To pass time idly or in relaxing or socializing. To hang around. To h	hanged	hung	cat	5	0.22427287697792053
Qwen_Qwen2.5-32B	delta	54	hang	pst	hang__pst	(Informal) To pass time idly or in relaxing or socializing. To hang around. To h	hanged	hung	cat	5	0.0305249635130167
Qwen_Qwen2.5-32B	orig	55	hang	pst	hang__pst	(Informal) To pass time idly or in relaxing or socializing. To hang around. To h	hanged	hung	cat	5	0.22856608033180237
Qwen_Qwen2.5-32B	delta	55	hang	pst	hang__pst	(Informal) To pass time idly or in relaxing or socializing. To hang around. To h	hanged	hung	cat	5	0.04138616472482681
Qwen_Qwen2.5-32B	orig	56	hang	pst	hang__pst	(Informal) To pass time idly or in relaxing or socializing. To hang around. To h	hanged	hung	cat	5	0.22926148772239685
Qwen_Qwen2.5-32B	delta	56	hang	pst	hang__pst	(Informal) To pass time idly or in relaxing or socializing. To hang around. To h	hanged	hung	cat	5	0.04549143463373184
Qwen_Qwen2.5-32B	orig	57	hang	pst	hang__pst	(Informal) To pass time idly or in relaxing or socializing. To hang around. To h	hanged	hung	cat	5	0.23081755638122559
Qwen_Qwen2.5-32B	delta	57	hang	pst	hang__pst	(Informal) To pass time idly or in relaxing or socializing. To hang around. To h	hanged	hung	cat	5	0.04925575852394104
Qwen_Qwen2.5-32B	orig	58	hang	pst	hang__pst	(Informal) To pass time idly or in relaxing or socializing. To hang around. To h	hanged	hung	cat	5	0.24422791600227356
Qwen_Qwen2.5-32B	delta	58	hang	pst	hang__pst	(Informal) To pass time idly or in relaxing or socializing. To hang around. To h	hanged	hung	cat	5	0.053768254816532135
Qwen_Qwen2.5-32B	orig	59	hang	pst	hang__pst	(Informal) To pass time idly or in relaxing or socializing. To hang around. To h	hanged	hung	cat	5	0.2514258325099945
Qwen_Qwen2.5-32B	delta	59	hang	pst	hang__pst	(Informal) To pass time idly or in relaxing or socializing. To hang around. To h	hanged	hung	cat	5	0.05280556157231331
Qwen_Qwen2.5-32B	orig	60	hang	pst	hang__pst	(Informal) To pass time idly or in relaxing or socializing. To hang around. To h	hanged	hung	cat	5	0.255029559135437
Qwen_Qwen2.5-32B	delta	60	hang	pst	hang__pst	(Informal) To pass time idly or in relaxing or socializing. To hang around. To h	hanged	hung	cat	5	0.05254765599966049
Qwen_Qwen2.5-32B	orig	61	hang	pst	hang__pst	(Informal) To pass time idly or in relaxing or socializing. To hang around. To h	hanged	hung	cat	5	0.26219800114631653
Qwen_Qwen2.5-32B	delta	61	hang	pst	hang__pst	(Informal) To pass time idly or in relaxing or socializing. To hang around. To h	hanged	hung	cat	5	0.050044458359479904
Qwen_Qwen2.5-32B	orig	62	hang	pst	hang__pst	(Informal) To pass time idly or in relaxing or socializing. To hang around. To h	hanged	hung	cat	5	0.26344016194343567
Qwen_Qwen2.5-32B	delta	62	hang	pst	hang__pst	(Informal) To pass time idly or in relaxing or socializing. To hang around. To h	hanged	hung	cat	5	0.055321455001831055
Qwen_Qwen2.5-32B	orig	63	hang	pst	hang__pst	(Informal) To pass time idly or in relaxing or socializing. To hang around. To h	hanged	hung	cat	5	0.25582584738731384
Qwen_Qwen2.5-32B	delta	63	hang	pst	hang__pst	(Informal) To pass time idly or in relaxing or socializing. To hang around. To h	hanged	hung	cat	5	0.06646082550287247
Qwen_Qwen2.5-32B	orig	64	hang	pst	hang__pst	(Informal) To pass time idly or in relaxing or socializing. To hang around. To h	hanged	hung	cat	5	0.19336847960948944
Qwen_Qwen2.5-32B	delta	64	hang	pst	hang__pst	(Informal) To pass time idly or in relaxing or socializing. To hang around. To h	hanged	hung	cat	5	0.24322815239429474
Qwen_Qwen2.5-32B	orig	0	hang	pst	hang__pst	To suspend by the neck until dead; often hanged in the past; often used as a mil	hanged	hung	cat	3	nan
Qwen_Qwen2.5-32B	delta	0	hang	pst	hang__pst	To suspend by the neck until dead; often hanged in the past; often used as a mil	hanged	hung	cat	3	nan
Qwen_Qwen2.5-32B	orig	1	hang	pst	hang__pst	To suspend by the neck until dead; often hanged in the past; often used as a mil	hanged	hung	cat	3	0.07287581264972687
Qwen_Qwen2.5-32B	delta	1	hang	pst	hang__pst	To suspend by the neck until dead; often hanged in the past; often used as a mil	hanged	hung	cat	3	0.2501755654811859
Qwen_Qwen2.5-32B	orig	2	hang	pst	hang__pst	To suspend by the neck until dead; often hanged in the past; often used as a mil	hanged	hung	cat	3	0.0739300325512886
Qwen_Qwen2.5-32B	delta	2	hang	pst	hang__pst	To suspend by the neck until dead; often hanged in the past; often used as a mil	hanged	hung	cat	3	0.2621939480304718
Qwen_Qwen2.5-32B	orig	3	hang	pst	hang__pst	To suspend by the neck until dead; often hanged in the past; often used as a mil	hanged	hung	cat	3	0.10188623517751694
Qwen_Qwen2.5-32B	delta	3	hang	pst	hang__pst	To suspend by the neck until dead; often hanged in the past; often used as a mil	hanged	hung	cat	3	0.238805890083313
Qwen_Qwen2.5-32B	orig	4	hang	pst	hang__pst	To suspend by the neck until dead; often hanged in the past; often used as a mil	hanged	hung	cat	3	0.1031113862991333
Qwen_Qwen2.5-32B	delta	4	hang	pst	hang__pst	To suspend by the neck until dead; often hanged in the past; often used as a mil	hanged	hung	cat	3	0.238150954246521
Qwen_Qwen2.5-32B	orig	5	hang	pst	hang__pst	To suspend by the neck until dead; often hanged in the past; often used as a mil	hanged	hung	cat	3	-0.00509650120511651
Qwen_Qwen2.5-32B	delta	5	hang	pst	hang__pst	To suspend by the neck until dead; often hanged in the past; often used as a mil	hanged	hung	cat	3	0.2236555814743042
Qwen_Qwen2.5-32B	orig	6	hang	pst	hang__pst	To suspend by the neck until dead; often hanged in the past; often used as a mil	hanged	hung	cat	3	0.03649627044796944
Qwen_Qwen2.5-32B	delta	6	hang	pst	hang__pst	To suspend by the neck until dead; often hanged in the past; often used as a mil	hanged	hung	cat	3	0.22822247445583344
Qwen_Qwen2.5-32B	orig	7	hang	pst	hang__pst	To suspend by the neck until dead; often hanged in the past; often used as a mil	hanged	hung	cat	3	0.04577633738517761
Qwen_Qwen2.5-32B	delta	7	hang	pst	hang__pst	To suspend by the neck until dead; often hanged in the past; often used as a mil	hanged	hung	cat	3	0.22357065975666046
Qwen_Qwen2.5-32B	orig	8	hang	pst	hang__pst	To suspend by the neck until dead; often hanged in the past; often used as a mil	hanged	hung	cat	3	0.053040746599435806
Qwen_Qwen2.5-32B	delta	8	hang	pst	hang__pst	To suspend by the neck until dead; often hanged in the past; often used as a mil	hanged	hung	cat	3	0.2345336675643921
Qwen_Qwen2.5-32B	orig	9	hang	pst	hang__pst	To suspend by the neck until dead; often hanged in the past; often used as a mil	hanged	hung	cat	3	0.05752195045351982
Qwen_Qwen2.5-32B	delta	9	hang	pst	hang__pst	To suspend by the neck until dead; often hanged in the past; often used as a mil	hanged	hung	cat	3	0.24724917113780975
Qwen_Qwen2.5-32B	orig	10	hang	pst	hang__pst	To suspend by the neck until dead; often hanged in the past; often used as a mil	hanged	hung	cat	3	0.06897604465484619
Qwen_Qwen2.5-32B	delta	10	hang	pst	hang__pst	To suspend by the neck until dead; often hanged in the past; often used as a mil	hanged	hung	cat	3	0.24522359669208527
Qwen_Qwen2.5-32B	orig	11	hang	pst	hang__pst	To suspend by the neck until dead; often hanged in the past; often used as a mil	hanged	hung	cat	3	0.05343091860413551
Qwen_Qwen2.5-32B	delta	11	hang	pst	hang__pst	To suspend by the neck until dead; often hanged in the past; often used as a mil	hanged	hung	cat	3	0.23122452199459076
Qwen_Qwen2.5-32B	orig	12	hang	pst	hang__pst	To suspend by the neck until dead; often hanged in the past; often used as a mil	hanged	hung	cat	3	0.05439640209078789
Qwen_Qwen2.5-32B	delta	12	hang	pst	hang__pst	To suspend by the neck until dead; often hanged in the past; often used as a mil	hanged	hung	cat	3	0.19980311393737793
Qwen_Qwen2.5-32B	orig	13	hang	pst	hang__pst	To suspend by the neck until dead; often hanged in the past; often used as a mil	hanged	hung	cat	3	0.06657463312149048
Qwen_Qwen2.5-32B	delta	13	hang	pst	hang__pst	To suspend by the neck until dead; often hanged in the past; often used as a mil	hanged	hung	cat	3	0.20416200160980225
Qwen_Qwen2.5-32B	orig	14	hang	pst	hang__pst	To suspend by the neck until dead; often hanged in the past; often used as a mil	hanged	hung	cat	3	0.07510599493980408
Qwen_Qwen2.5-32B	delta	14	hang	pst	hang__pst	To suspend by the neck until dead; often hanged in the past; often used as a mil	hanged	hung	cat	3	0.20792299509048462
Qwen_Qwen2.5-32B	orig	15	hang	pst	hang__pst	To suspend by the neck until dead; often hanged in the past; often used as a mil	hanged	hung	cat	3	0.05256335809826851
Qwen_Qwen2.5-32B	delta	15	hang	pst	hang__pst	To suspend by the neck until dead; often hanged in the past; often used as a mil	hanged	hung	cat	3	0.19435252249240875
Qwen_Qwen2.5-32B	orig	16	hang	pst	hang__pst	To suspend by the neck until dead; often hanged in the past; often used as a mil	hanged	hung	cat	3	0.058823347091674805
Qwen_Qwen2.5-32B	delta	16	hang	pst	hang__pst	To suspend by the neck until dead; often hanged in the past; often used as a mil	hanged	hung	cat	3	0.20003385841846466
Qwen_Qwen2.5-32B	orig	17	hang	pst	hang__pst	To suspend by the neck until dead; often hanged in the past; often used as a mil	hanged	hung	cat	3	0.053927820175886154
Qwen_Qwen2.5-32B	delta	17	hang	pst	hang__pst	To suspend by the neck until dead; often hanged in the past; often used as a mil	hanged	hung	cat	3	0.19453096389770508
Qwen_Qwen2.5-32B	orig	18	hang	pst	hang__pst	To suspend by the neck until dead; often hanged in the past; often used as a mil	hanged	hung	cat	3	0.06827062368392944
Qwen_Qwen2.5-32B	delta	18	hang	pst	hang__pst	To suspend by the neck until dead; often hanged in the past; often used as a mil	hanged	hung	cat	3	0.2103034108877182
Qwen_Qwen2.5-32B	orig	19	hang	pst	hang__pst	To suspend by the neck until dead; often hanged in the past; often used as a mil	hanged	hung	cat	3	0.07453325390815735
Qwen_Qwen2.5-32B	delta	19	hang	pst	hang__pst	To suspend by the neck until dead; often hanged in the past; often used as a mil	hanged	hung	cat	3	0.21250011026859283
Qwen_Qwen2.5-32B	orig	20	hang	pst	hang__pst	To suspend by the neck until dead; often hanged in the past; often used as a mil	hanged	hung	cat	3	0.054969966411590576
Qwen_Qwen2.5-32B	delta	20	hang	pst	hang__pst	To suspend by the neck until dead; often hanged in the past; often used as a mil	hanged	hung	cat	3	0.21020261943340302
Qwen_Qwen2.5-32B	orig	21	hang	pst	hang__pst	To suspend by the neck until dead; often hanged in the past; often used as a mil	hanged	hung	cat	3	0.06863800436258316
Qwen_Qwen2.5-32B	delta	21	hang	pst	hang__pst	To suspend by the neck until dead; often hanged in the past; often used as a mil	hanged	hung	cat	3	0.21214401721954346
Qwen_Qwen2.5-32B	orig	22	hang	pst	hang__pst	To suspend by the neck until dead; often hanged in the past; often used as a mil	hanged	hung	cat	3	0.06778120994567871
Qwen_Qwen2.5-32B	delta	22	hang	pst	hang__pst	To suspend by the neck until dead; often hanged in the past; often used as a mil	hanged	hung	cat	3	0.20806781947612762
Qwen_Qwen2.5-32B	orig	23	hang	pst	hang__pst	To suspend by the neck until dead; often hanged in the past; often used as a mil	hanged	hung	cat	3	0.08378279954195023
Qwen_Qwen2.5-32B	delta	23	hang	pst	hang__pst	To suspend by the neck until dead; often hanged in the past; often used as a mil	hanged	hung	cat	3	0.2057705968618393
Qwen_Qwen2.5-32B	orig	24	hang	pst	hang__pst	To suspend by the neck until dead; often hanged in the past; often used as a mil	hanged	hung	cat	3	0.08955059200525284
Qwen_Qwen2.5-32B	delta	24	hang	pst	hang__pst	To suspend by the neck until dead; often hanged in the past; often used as a mil	hanged	hung	cat	3	0.21088552474975586
Qwen_Qwen2.5-32B	orig	25	hang	pst	hang__pst	To suspend by the neck until dead; often hanged in the past; often used as a mil	hanged	hung	cat	3	0.10493877530097961
Qwen_Qwen2.5-32B	delta	25	hang	pst	hang__pst	To suspend by the neck until dead; often hanged in the past; often used as a mil	hanged	hung	cat	3	0.22104434669017792
Qwen_Qwen2.5-32B	orig	26	hang	pst	hang__pst	To suspend by the neck until dead; often hanged in the past; often used as a mil	hanged	hung	cat	3	0.10849238187074661
Qwen_Qwen2.5-32B	delta	26	hang	pst	hang__pst	To suspend by the neck until dead; often hanged in the past; often used as a mil	hanged	hung	cat	3	0.22521449625492096
Qwen_Qwen2.5-32B	orig	27	hang	pst	hang__pst	To suspend by the neck until dead; often hanged in the past; often used as a mil	hanged	hung	cat	3	0.12326542288064957
Qwen_Qwen2.5-32B	delta	27	hang	pst	hang__pst	To suspend by the neck until dead; often hanged in the past; often used as a mil	hanged	hung	cat	3	0.23430897295475006
Qwen_Qwen2.5-32B	orig	28	hang	pst	hang__pst	To suspend by the neck until dead; often hanged in the past; often used as a mil	hanged	hung	cat	3	0.13978053629398346
Qwen_Qwen2.5-32B	delta	28	hang	pst	hang__pst	To suspend by the neck until dead; often hanged in the past; often used as a mil	hanged	hung	cat	3	0.23447175323963165
Qwen_Qwen2.5-32B	orig	29	hang	pst	hang__pst	To suspend by the neck until dead; often hanged in the past; often used as a mil	hanged	hung	cat	3	0.140755295753479
Qwen_Qwen2.5-32B	delta	29	hang	pst	hang__pst	To suspend by the neck until dead; often hanged in the past; often used as a mil	hanged	hung	cat	3	0.23481924831867218
Qwen_Qwen2.5-32B	orig	30	hang	pst	hang__pst	To suspend by the neck until dead; often hanged in the past; often used as a mil	hanged	hung	cat	3	0.14003217220306396
Qwen_Qwen2.5-32B	delta	30	hang	pst	hang__pst	To suspend by the neck until dead; often hanged in the past; often used as a mil	hanged	hung	cat	3	0.23604579269886017
Qwen_Qwen2.5-32B	orig	31	hang	pst	hang__pst	To suspend by the neck until dead; often hanged in the past; often used as a mil	hanged	hung	cat	3	0.13359981775283813
Qwen_Qwen2.5-32B	delta	31	hang	pst	hang__pst	To suspend by the neck until dead; often hanged in the past; often used as a mil	hanged	hung	cat	3	0.2294917106628418
Qwen_Qwen2.5-32B	orig	32	hang	pst	hang__pst	To suspend by the neck until dead; often hanged in the past; often used as a mil	hanged	hung	cat	3	0.15333734452724457
Qwen_Qwen2.5-32B	delta	32	hang	pst	hang__pst	To suspend by the neck until dead; often hanged in the past; often used as a mil	hanged	hung	cat	3	0.23338524997234344
Qwen_Qwen2.5-32B	orig	33	hang	pst	hang__pst	To suspend by the neck until dead; often hanged in the past; often used as a mil	hanged	hung	cat	3	0.14053533971309662
Qwen_Qwen2.5-32B	delta	33	hang	pst	hang__pst	To suspend by the neck until dead; often hanged in the past; often used as a mil	hanged	hung	cat	3	0.23501639068126678
Qwen_Qwen2.5-32B	orig	34	hang	pst	hang__pst	To suspend by the neck until dead; often hanged in the past; often used as a mil	hanged	hung	cat	3	0.14587116241455078
Qwen_Qwen2.5-32B	delta	34	hang	pst	hang__pst	To suspend by the neck until dead; often hanged in the past; often used as a mil	hanged	hung	cat	3	0.23301713168621063
Qwen_Qwen2.5-32B	orig	35	hang	pst	hang__pst	To suspend by the neck until dead; often hanged in the past; often used as a mil	hanged	hung	cat	3	0.14886260032653809
Qwen_Qwen2.5-32B	delta	35	hang	pst	hang__pst	To suspend by the neck until dead; often hanged in the past; often used as a mil	hanged	hung	cat	3	0.2317148596048355
Qwen_Qwen2.5-32B	orig	36	hang	pst	hang__pst	To suspend by the neck until dead; often hanged in the past; often used as a mil	hanged	hung	cat	3	0.14508895576000214
Qwen_Qwen2.5-32B	delta	36	hang	pst	hang__pst	To suspend by the neck until dead; often hanged in the past; often used as a mil	hanged	hung	cat	3	0.2344660609960556
Qwen_Qwen2.5-32B	orig	37	hang	pst	hang__pst	To suspend by the neck until dead; often hanged in the past; often used as a mil	hanged	hung	cat	3	0.13959142565727234
Qwen_Qwen2.5-32B	delta	37	hang	pst	hang__pst	To suspend by the neck until dead; often hanged in the past; often used as a mil	hanged	hung	cat	3	0.23848526179790497
Qwen_Qwen2.5-32B	orig	38	hang	pst	hang__pst	To suspend by the neck until dead; often hanged in the past; often used as a mil	hanged	hung	cat	3	0.1331949084997177
Qwen_Qwen2.5-32B	delta	38	hang	pst	hang__pst	To suspend by the neck until dead; often hanged in the past; often used as a mil	hanged	hung	cat	3	0.23629915714263916
Qwen_Qwen2.5-32B	orig	39	hang	pst	hang__pst	To suspend by the neck until dead; often hanged in the past; often used as a mil	hanged	hung	cat	3	0.13980664312839508
Qwen_Qwen2.5-32B	delta	39	hang	pst	hang__pst	To suspend by the neck until dead; often hanged in the past; often used as a mil	hanged	hung	cat	3	0.23661760985851288
Qwen_Qwen2.5-32B	orig	40	hang	pst	hang__pst	To suspend by the neck until dead; often hanged in the past; often used as a mil	hanged	hung	cat	3	0.15386177599430084
Qwen_Qwen2.5-32B	delta	40	hang	pst	hang__pst	To suspend by the neck until dead; often hanged in the past; often used as a mil	hanged	hung	cat	3	0.2396208643913269
Qwen_Qwen2.5-32B	orig	41	hang	pst	hang__pst	To suspend by the neck until dead; often hanged in the past; often used as a mil	hanged	hung	cat	3	0.15784592926502228
Qwen_Qwen2.5-32B	delta	41	hang	pst	hang__pst	To suspend by the neck until dead; often hanged in the past; often used as a mil	hanged	hung	cat	3	0.24601177871227264
Qwen_Qwen2.5-32B	orig	42	hang	pst	hang__pst	To suspend by the neck until dead; often hanged in the past; often used as a mil	hanged	hung	cat	3	0.16853643953800201
Qwen_Qwen2.5-32B	delta	42	hang	pst	hang__pst	To suspend by the neck until dead; often hanged in the past; often used as a mil	hanged	hung	cat	3	0.24765808880329132
Qwen_Qwen2.5-32B	orig	43	hang	pst	hang__pst	To suspend by the neck until dead; often hanged in the past; often used as a mil	hanged	hung	cat	3	0.18415944278240204
Qwen_Qwen2.5-32B	delta	43	hang	pst	hang__pst	To suspend by the neck until dead; often hanged in the past; often used as a mil	hanged	hung	cat	3	0.2515447437763214
Qwen_Qwen2.5-32B	orig	44	hang	pst	hang__pst	To suspend by the neck until dead; often hanged in the past; often used as a mil	hanged	hung	cat	3	0.19248808920383453
Qwen_Qwen2.5-32B	delta	44	hang	pst	hang__pst	To suspend by the neck until dead; often hanged in the past; often used as a mil	hanged	hung	cat	3	0.2521968185901642
Qwen_Qwen2.5-32B	orig	45	hang	pst	hang__pst	To suspend by the neck until dead; often hanged in the past; often used as a mil	hanged	hung	cat	3	0.1807161420583725
Qwen_Qwen2.5-32B	delta	45	hang	pst	hang__pst	To suspend by the neck until dead; often hanged in the past; often used as a mil	hanged	hung	cat	3	0.25353753566741943
Qwen_Qwen2.5-32B	orig	46	hang	pst	hang__pst	To suspend by the neck until dead; often hanged in the past; often used as a mil	hanged	hung	cat	3	0.18739570677280426
Qwen_Qwen2.5-32B	delta	46	hang	pst	hang__pst	To suspend by the neck until dead; often hanged in the past; often used as a mil	hanged	hung	cat	3	0.2586378753185272
Qwen_Qwen2.5-32B	orig	47	hang	pst	hang__pst	To suspend by the neck until dead; often hanged in the past; often used as a mil	hanged	hung	cat	3	0.17835162580013275
Qwen_Qwen2.5-32B	delta	47	hang	pst	hang__pst	To suspend by the neck until dead; often hanged in the past; often used as a mil	hanged	hung	cat	3	0.26243844628334045
Qwen_Qwen2.5-32B	orig	48	hang	pst	hang__pst	To suspend by the neck until dead; often hanged in the past; often used as a mil	hanged	hung	cat	3	0.16657839715480804
Qwen_Qwen2.5-32B	delta	48	hang	pst	hang__pst	To suspend by the neck until dead; often hanged in the past; often used as a mil	hanged	hung	cat	3	0.26117056608200073
Qwen_Qwen2.5-32B	orig	49	hang	pst	hang__pst	To suspend by the neck until dead; often hanged in the past; often used as a mil	hanged	hung	cat	3	0.16927964985370636
Qwen_Qwen2.5-32B	delta	49	hang	pst	hang__pst	To suspend by the neck until dead; often hanged in the past; often used as a mil	hanged	hung	cat	3	0.2708517014980316
Qwen_Qwen2.5-32B	orig	50	hang	pst	hang__pst	To suspend by the neck until dead; often hanged in the past; often used as a mil	hanged	hung	cat	3	0.1665804088115692
Qwen_Qwen2.5-32B	delta	50	hang	pst	hang__pst	To suspend by the neck until dead; often hanged in the past; often used as a mil	hanged	hung	cat	3	0.26612603664398193
Qwen_Qwen2.5-32B	orig	51	hang	pst	hang__pst	To suspend by the neck until dead; often hanged in the past; often used as a mil	hanged	hung	cat	3	0.17158816754817963
Qwen_Qwen2.5-32B	delta	51	hang	pst	hang__pst	To suspend by the neck until dead; often hanged in the past; often used as a mil	hanged	hung	cat	3	0.27354177832603455
Qwen_Qwen2.5-32B	orig	52	hang	pst	hang__pst	To suspend by the neck until dead; often hanged in the past; often used as a mil	hanged	hung	cat	3	0.1584680676460266
Qwen_Qwen2.5-32B	delta	52	hang	pst	hang__pst	To suspend by the neck until dead; often hanged in the past; often used as a mil	hanged	hung	cat	3	0.2702232897281647
Qwen_Qwen2.5-32B	orig	53	hang	pst	hang__pst	To suspend by the neck until dead; often hanged in the past; often used as a mil	hanged	hung	cat	3	0.1496880203485489
Qwen_Qwen2.5-32B	delta	53	hang	pst	hang__pst	To suspend by the neck until dead; often hanged in the past; often used as a mil	hanged	hung	cat	3	0.2734224796295166
Qwen_Qwen2.5-32B	orig	54	hang	pst	hang__pst	To suspend by the neck until dead; often hanged in the past; often used as a mil	hanged	hung	cat	3	0.14022380113601685
Qwen_Qwen2.5-32B	delta	54	hang	pst	hang__pst	To suspend by the neck until dead; often hanged in the past; often used as a mil	hanged	hung	cat	3	0.2707192599773407
Qwen_Qwen2.5-32B	orig	55	hang	pst	hang__pst	To suspend by the neck until dead; often hanged in the past; often used as a mil	hanged	hung	cat	3	0.13754872977733612
Qwen_Qwen2.5-32B	delta	55	hang	pst	hang__pst	To suspend by the neck until dead; often hanged in the past; often used as a mil	hanged	hung	cat	3	0.2699721157550812
Qwen_Qwen2.5-32B	orig	56	hang	pst	hang__pst	To suspend by the neck until dead; often hanged in the past; often used as a mil	hanged	hung	cat	3	0.11596814543008804
Qwen_Qwen2.5-32B	delta	56	hang	pst	hang__pst	To suspend by the neck until dead; often hanged in the past; often used as a mil	hanged	hung	cat	3	0.27146482467651367
Qwen_Qwen2.5-32B	orig	57	hang	pst	hang__pst	To suspend by the neck until dead; often hanged in the past; often used as a mil	hanged	hung	cat	3	0.10491662472486496
Qwen_Qwen2.5-32B	delta	57	hang	pst	hang__pst	To suspend by the neck until dead; often hanged in the past; often used as a mil	hanged	hung	cat	3	0.26492103934288025
Qwen_Qwen2.5-32B	orig	58	hang	pst	hang__pst	To suspend by the neck until dead; often hanged in the past; often used as a mil	hanged	hung	cat	3	0.08918961882591248
Qwen_Qwen2.5-32B	delta	58	hang	pst	hang__pst	To suspend by the neck until dead; often hanged in the past; often used as a mil	hanged	hung	cat	3	0.26151907444000244
Qwen_Qwen2.5-32B	orig	59	hang	pst	hang__pst	To suspend by the neck until dead; often hanged in the past; often used as a mil	hanged	hung	cat	3	0.08675942569971085
Qwen_Qwen2.5-32B	delta	59	hang	pst	hang__pst	To suspend by the neck until dead; often hanged in the past; often used as a mil	hanged	hung	cat	3	0.25228896737098694
Qwen_Qwen2.5-32B	orig	60	hang	pst	hang__pst	To suspend by the neck until dead; often hanged in the past; often used as a mil	hanged	hung	cat	3	0.08047469705343246
Qwen_Qwen2.5-32B	delta	60	hang	pst	hang__pst	To suspend by the neck until dead; often hanged in the past; often used as a mil	hanged	hung	cat	3	0.2494095116853714
Qwen_Qwen2.5-32B	orig	61	hang	pst	hang__pst	To suspend by the neck until dead; often hanged in the past; often used as a mil	hanged	hung	cat	3	0.07663378864526749
Qwen_Qwen2.5-32B	delta	61	hang	pst	hang__pst	To suspend by the neck until dead; often hanged in the past; often used as a mil	hanged	hung	cat	3	0.24166519939899445
Qwen_Qwen2.5-32B	orig	62	hang	pst	hang__pst	To suspend by the neck until dead; often hanged in the past; often used as a mil	hanged	hung	cat	3	0.08223260194063187
Qwen_Qwen2.5-32B	delta	62	hang	pst	hang__pst	To suspend by the neck until dead; often hanged in the past; often used as a mil	hanged	hung	cat	3	0.24547672271728516
Qwen_Qwen2.5-32B	orig	63	hang	pst	hang__pst	To suspend by the neck until dead; often hanged in the past; often used as a mil	hanged	hung	cat	3	0.08221075683832169
Qwen_Qwen2.5-32B	delta	63	hang	pst	hang__pst	To suspend by the neck until dead; often hanged in the past; often used as a mil	hanged	hung	cat	3	0.24957524240016937
Qwen_Qwen2.5-32B	orig	64	hang	pst	hang__pst	To suspend by the neck until dead; often hanged in the past; often used as a mil	hanged	hung	cat	3	0.1240144893527031
Qwen_Qwen2.5-32B	delta	64	hang	pst	hang__pst	To suspend by the neck until dead; often hanged in the past; often used as a mil	hanged	hung	cat	3	0.2880166471004486
Qwen_Qwen2.5-32B	orig	0	kneel	pst	kneel__pst	"To position the body so that one or both knees rest on the floor. ""The prisoners"	kneeled	knelt	no_cond	3	0.6666666865348816
Qwen_Qwen2.5-32B	delta	0	kneel	pst	kneel__pst	"To position the body so that one or both knees rest on the floor. ""The prisoners"	kneeled	knelt	no_cond	3	0.6666666865348816
Qwen_Qwen2.5-32B	orig	1	kneel	pst	kneel__pst	"To position the body so that one or both knees rest on the floor. ""The prisoners"	kneeled	knelt	no_cond	3	0.5145309567451477
Qwen_Qwen2.5-32B	delta	1	kneel	pst	kneel__pst	"To position the body so that one or both knees rest on the floor. ""The prisoners"	kneeled	knelt	no_cond	3	0.33311012387275696
Qwen_Qwen2.5-32B	orig	2	kneel	pst	kneel__pst	"To position the body so that one or both knees rest on the floor. ""The prisoners"	kneeled	knelt	no_cond	3	0.4998190701007843
Qwen_Qwen2.5-32B	delta	2	kneel	pst	kneel__pst	"To position the body so that one or both knees rest on the floor. ""The prisoners"	kneeled	knelt	no_cond	3	0.29318907856941223
Qwen_Qwen2.5-32B	orig	3	kneel	pst	kneel__pst	"To position the body so that one or both knees rest on the floor. ""The prisoners"	kneeled	knelt	no_cond	3	0.4864157736301422
Qwen_Qwen2.5-32B	delta	3	kneel	pst	kneel__pst	"To position the body so that one or both knees rest on the floor. ""The prisoners"	kneeled	knelt	no_cond	3	-0.12749578058719635
Qwen_Qwen2.5-32B	orig	4	kneel	pst	kneel__pst	"To position the body so that one or both knees rest on the floor. ""The prisoners"	kneeled	knelt	no_cond	3	0.43671074509620667
Qwen_Qwen2.5-32B	delta	4	kneel	pst	kneel__pst	"To position the body so that one or both knees rest on the floor. ""The prisoners"	kneeled	knelt	no_cond	3	-0.07033727318048477
Qwen_Qwen2.5-32B	orig	5	kneel	pst	kneel__pst	"To position the body so that one or both knees rest on the floor. ""The prisoners"	kneeled	knelt	no_cond	3	0.4239312708377838
Qwen_Qwen2.5-32B	delta	5	kneel	pst	kneel__pst	"To position the body so that one or both knees rest on the floor. ""The prisoners"	kneeled	knelt	no_cond	3	-0.058697428554296494
Qwen_Qwen2.5-32B	orig	6	kneel	pst	kneel__pst	"To position the body so that one or both knees rest on the floor. ""The prisoners"	kneeled	knelt	no_cond	3	0.3483130931854248
Qwen_Qwen2.5-32B	delta	6	kneel	pst	kneel__pst	"To position the body so that one or both knees rest on the floor. ""The prisoners"	kneeled	knelt	no_cond	3	0.0035516421776264906
Qwen_Qwen2.5-32B	orig	7	kneel	pst	kneel__pst	"To position the body so that one or both knees rest on the floor. ""The prisoners"	kneeled	knelt	no_cond	3	0.34700122475624084
Qwen_Qwen2.5-32B	delta	7	kneel	pst	kneel__pst	"To position the body so that one or both knees rest on the floor. ""The prisoners"	kneeled	knelt	no_cond	3	0.018346065655350685
Qwen_Qwen2.5-32B	orig	8	kneel	pst	kneel__pst	"To position the body so that one or both knees rest on the floor. ""The prisoners"	kneeled	knelt	no_cond	3	0.3395707905292511
Qwen_Qwen2.5-32B	delta	8	kneel	pst	kneel__pst	"To position the body so that one or both knees rest on the floor. ""The prisoners"	kneeled	knelt	no_cond	3	0.025974059477448463
Qwen_Qwen2.5-32B	orig	9	kneel	pst	kneel__pst	"To position the body so that one or both knees rest on the floor. ""The prisoners"	kneeled	knelt	no_cond	3	0.29693087935447693
Qwen_Qwen2.5-32B	delta	9	kneel	pst	kneel__pst	"To position the body so that one or both knees rest on the floor. ""The prisoners"	kneeled	knelt	no_cond	3	0.07134627550840378
Qwen_Qwen2.5-32B	orig	10	kneel	pst	kneel__pst	"To position the body so that one or both knees rest on the floor. ""The prisoners"	kneeled	knelt	no_cond	3	0.2704359292984009
Qwen_Qwen2.5-32B	delta	10	kneel	pst	kneel__pst	"To position the body so that one or both knees rest on the floor. ""The prisoners"	kneeled	knelt	no_cond	3	0.08741692453622818
Qwen_Qwen2.5-32B	orig	11	kneel	pst	kneel__pst	"To position the body so that one or both knees rest on the floor. ""The prisoners"	kneeled	knelt	no_cond	3	-0.020611727610230446
Qwen_Qwen2.5-32B	delta	11	kneel	pst	kneel__pst	"To position the body so that one or both knees rest on the floor. ""The prisoners"	kneeled	knelt	no_cond	3	0.14388032257556915
Qwen_Qwen2.5-32B	orig	12	kneel	pst	kneel__pst	"To position the body so that one or both knees rest on the floor. ""The prisoners"	kneeled	knelt	no_cond	3	0.23877054452896118
Qwen_Qwen2.5-32B	delta	12	kneel	pst	kneel__pst	"To position the body so that one or both knees rest on the floor. ""The prisoners"	kneeled	knelt	no_cond	3	0.08533460646867752
Qwen_Qwen2.5-32B	orig	13	kneel	pst	kneel__pst	"To position the body so that one or both knees rest on the floor. ""The prisoners"	kneeled	knelt	no_cond	3	-0.008730486035346985
Qwen_Qwen2.5-32B	delta	13	kneel	pst	kneel__pst	"To position the body so that one or both knees rest on the floor. ""The prisoners"	kneeled	knelt	no_cond	3	0.11488629132509232
Qwen_Qwen2.5-32B	orig	14	kneel	pst	kneel__pst	"To position the body so that one or both knees rest on the floor. ""The prisoners"	kneeled	knelt	no_cond	3	0.007018337491899729
Qwen_Qwen2.5-32B	delta	14	kneel	pst	kneel__pst	"To position the body so that one or both knees rest on the floor. ""The prisoners"	kneeled	knelt	no_cond	3	0.10537304729223251
Qwen_Qwen2.5-32B	orig	15	kneel	pst	kneel__pst	"To position the body so that one or both knees rest on the floor. ""The prisoners"	kneeled	knelt	no_cond	3	0.03644012659788132
Qwen_Qwen2.5-32B	delta	15	kneel	pst	kneel__pst	"To position the body so that one or both knees rest on the floor. ""The prisoners"	kneeled	knelt	no_cond	3	0.1433522254228592
Qwen_Qwen2.5-32B	orig	16	kneel	pst	kneel__pst	"To position the body so that one or both knees rest on the floor. ""The prisoners"	kneeled	knelt	no_cond	3	0.04864591732621193
Qwen_Qwen2.5-32B	delta	16	kneel	pst	kneel__pst	"To position the body so that one or both knees rest on the floor. ""The prisoners"	kneeled	knelt	no_cond	3	0.15513236820697784
Qwen_Qwen2.5-32B	orig	17	kneel	pst	kneel__pst	"To position the body so that one or both knees rest on the floor. ""The prisoners"	kneeled	knelt	no_cond	3	0.04335702583193779
Qwen_Qwen2.5-32B	delta	17	kneel	pst	kneel__pst	"To position the body so that one or both knees rest on the floor. ""The prisoners"	kneeled	knelt	no_cond	3	0.15515731275081635
Qwen_Qwen2.5-32B	orig	18	kneel	pst	kneel__pst	"To position the body so that one or both knees rest on the floor. ""The prisoners"	kneeled	knelt	no_cond	3	0.058850109577178955
Qwen_Qwen2.5-32B	delta	18	kneel	pst	kneel__pst	"To position the body so that one or both knees rest on the floor. ""The prisoners"	kneeled	knelt	no_cond	3	0.1640634834766388
Qwen_Qwen2.5-32B	orig	19	kneel	pst	kneel__pst	"To position the body so that one or both knees rest on the floor. ""The prisoners"	kneeled	knelt	no_cond	3	0.05749944970011711
Qwen_Qwen2.5-32B	delta	19	kneel	pst	kneel__pst	"To position the body so that one or both knees rest on the floor. ""The prisoners"	kneeled	knelt	no_cond	3	0.16760273277759552
Qwen_Qwen2.5-32B	orig	20	kneel	pst	kneel__pst	"To position the body so that one or both knees rest on the floor. ""The prisoners"	kneeled	knelt	no_cond	3	0.06086286902427673
Qwen_Qwen2.5-32B	delta	20	kneel	pst	kneel__pst	"To position the body so that one or both knees rest on the floor. ""The prisoners"	kneeled	knelt	no_cond	3	0.17219002544879913
Qwen_Qwen2.5-32B	orig	21	kneel	pst	kneel__pst	"To position the body so that one or both knees rest on the floor. ""The prisoners"	kneeled	knelt	no_cond	3	0.05729295685887337
Qwen_Qwen2.5-32B	delta	21	kneel	pst	kneel__pst	"To position the body so that one or both knees rest on the floor. ""The prisoners"	kneeled	knelt	no_cond	3	0.18122859299182892
Qwen_Qwen2.5-32B	orig	22	kneel	pst	kneel__pst	"To position the body so that one or both knees rest on the floor. ""The prisoners"	kneeled	knelt	no_cond	3	0.0645466223359108
Qwen_Qwen2.5-32B	delta	22	kneel	pst	kneel__pst	"To position the body so that one or both knees rest on the floor. ""The prisoners"	kneeled	knelt	no_cond	3	0.17743103206157684
Qwen_Qwen2.5-32B	orig	23	kneel	pst	kneel__pst	"To position the body so that one or both knees rest on the floor. ""The prisoners"	kneeled	knelt	no_cond	3	0.06589112430810928
Qwen_Qwen2.5-32B	delta	23	kneel	pst	kneel__pst	"To position the body so that one or both knees rest on the floor. ""The prisoners"	kneeled	knelt	no_cond	3	0.17549459636211395
Qwen_Qwen2.5-32B	orig	24	kneel	pst	kneel__pst	"To position the body so that one or both knees rest on the floor. ""The prisoners"	kneeled	knelt	no_cond	3	0.061199065297842026
Qwen_Qwen2.5-32B	delta	24	kneel	pst	kneel__pst	"To position the body so that one or both knees rest on the floor. ""The prisoners"	kneeled	knelt	no_cond	3	0.17546696960926056
Qwen_Qwen2.5-32B	orig	25	kneel	pst	kneel__pst	"To position the body so that one or both knees rest on the floor. ""The prisoners"	kneeled	knelt	no_cond	3	0.04834812879562378
Qwen_Qwen2.5-32B	delta	25	kneel	pst	kneel__pst	"To position the body so that one or both knees rest on the floor. ""The prisoners"	kneeled	knelt	no_cond	3	0.1755172163248062
Qwen_Qwen2.5-32B	orig	26	kneel	pst	kneel__pst	"To position the body so that one or both knees rest on the floor. ""The prisoners"	kneeled	knelt	no_cond	3	0.047718361020088196
Qwen_Qwen2.5-32B	delta	26	kneel	pst	kneel__pst	"To position the body so that one or both knees rest on the floor. ""The prisoners"	kneeled	knelt	no_cond	3	0.17451941967010498
Qwen_Qwen2.5-32B	orig	27	kneel	pst	kneel__pst	"To position the body so that one or both knees rest on the floor. ""The prisoners"	kneeled	knelt	no_cond	3	0.046620581299066544
Qwen_Qwen2.5-32B	delta	27	kneel	pst	kneel__pst	"To position the body so that one or both knees rest on the floor. ""The prisoners"	kneeled	knelt	no_cond	3	0.18216240406036377
Qwen_Qwen2.5-32B	orig	28	kneel	pst	kneel__pst	"To position the body so that one or both knees rest on the floor. ""The prisoners"	kneeled	knelt	no_cond	3	0.036960419267416
Qwen_Qwen2.5-32B	delta	28	kneel	pst	kneel__pst	"To position the body so that one or both knees rest on the floor. ""The prisoners"	kneeled	knelt	no_cond	3	0.1769629865884781
Qwen_Qwen2.5-32B	orig	29	kneel	pst	kneel__pst	"To position the body so that one or both knees rest on the floor. ""The prisoners"	kneeled	knelt	no_cond	3	0.026945127174258232
Qwen_Qwen2.5-32B	delta	29	kneel	pst	kneel__pst	"To position the body so that one or both knees rest on the floor. ""The prisoners"	kneeled	knelt	no_cond	3	0.16485388576984406
Qwen_Qwen2.5-32B	orig	30	kneel	pst	kneel__pst	"To position the body so that one or both knees rest on the floor. ""The prisoners"	kneeled	knelt	no_cond	3	0.015906358137726784
Qwen_Qwen2.5-32B	delta	30	kneel	pst	kneel__pst	"To position the body so that one or both knees rest on the floor. ""The prisoners"	kneeled	knelt	no_cond	3	0.16602782905101776
Qwen_Qwen2.5-32B	orig	31	kneel	pst	kneel__pst	"To position the body so that one or both knees rest on the floor. ""The prisoners"	kneeled	knelt	no_cond	3	0.0198266189545393
Qwen_Qwen2.5-32B	delta	31	kneel	pst	kneel__pst	"To position the body so that one or both knees rest on the floor. ""The prisoners"	kneeled	knelt	no_cond	3	0.1617908626794815
Qwen_Qwen2.5-32B	orig	32	kneel	pst	kneel__pst	"To position the body so that one or both knees rest on the floor. ""The prisoners"	kneeled	knelt	no_cond	3	0.014931410551071167
Qwen_Qwen2.5-32B	delta	32	kneel	pst	kneel__pst	"To position the body so that one or both knees rest on the floor. ""The prisoners"	kneeled	knelt	no_cond	3	0.16251422464847565
Qwen_Qwen2.5-32B	orig	33	kneel	pst	kneel__pst	"To position the body so that one or both knees rest on the floor. ""The prisoners"	kneeled	knelt	no_cond	3	0.028810463845729828
Qwen_Qwen2.5-32B	delta	33	kneel	pst	kneel__pst	"To position the body so that one or both knees rest on the floor. ""The prisoners"	kneeled	knelt	no_cond	3	0.16985197365283966
Qwen_Qwen2.5-32B	orig	34	kneel	pst	kneel__pst	"To position the body so that one or both knees rest on the floor. ""The prisoners"	kneeled	knelt	no_cond	3	0.03926882892847061
Qwen_Qwen2.5-32B	delta	34	kneel	pst	kneel__pst	"To position the body so that one or both knees rest on the floor. ""The prisoners"	kneeled	knelt	no_cond	3	0.1818987876176834
Qwen_Qwen2.5-32B	orig	35	kneel	pst	kneel__pst	"To position the body so that one or both knees rest on the floor. ""The prisoners"	kneeled	knelt	no_cond	3	0.03163435682654381
Qwen_Qwen2.5-32B	delta	35	kneel	pst	kneel__pst	"To position the body so that one or both knees rest on the floor. ""The prisoners"	kneeled	knelt	no_cond	3	0.17779618501663208
Qwen_Qwen2.5-32B	orig	36	kneel	pst	kneel__pst	"To position the body so that one or both knees rest on the floor. ""The prisoners"	kneeled	knelt	no_cond	3	0.023367203772068024
Qwen_Qwen2.5-32B	delta	36	kneel	pst	kneel__pst	"To position the body so that one or both knees rest on the floor. ""The prisoners"	kneeled	knelt	no_cond	3	0.17475326359272003
Qwen_Qwen2.5-32B	orig	37	kneel	pst	kneel__pst	"To position the body so that one or both knees rest on the floor. ""The prisoners"	kneeled	knelt	no_cond	3	0.010116775520145893
Qwen_Qwen2.5-32B	delta	37	kneel	pst	kneel__pst	"To position the body so that one or both knees rest on the floor. ""The prisoners"	kneeled	knelt	no_cond	3	0.17524272203445435
Qwen_Qwen2.5-32B	orig	38	kneel	pst	kneel__pst	"To position the body so that one or both knees rest on the floor. ""The prisoners"	kneeled	knelt	no_cond	3	0.011031602509319782
Qwen_Qwen2.5-32B	delta	38	kneel	pst	kneel__pst	"To position the body so that one or both knees rest on the floor. ""The prisoners"	kneeled	knelt	no_cond	3	0.16941022872924805
Qwen_Qwen2.5-32B	orig	39	kneel	pst	kneel__pst	"To position the body so that one or both knees rest on the floor. ""The prisoners"	kneeled	knelt	no_cond	3	0.00967406202107668
Qwen_Qwen2.5-32B	delta	39	kneel	pst	kneel__pst	"To position the body so that one or both knees rest on the floor. ""The prisoners"	kneeled	knelt	no_cond	3	0.16591854393482208
Qwen_Qwen2.5-32B	orig	40	kneel	pst	kneel__pst	"To position the body so that one or both knees rest on the floor. ""The prisoners"	kneeled	knelt	no_cond	3	0.005671223159879446
Qwen_Qwen2.5-32B	delta	40	kneel	pst	kneel__pst	"To position the body so that one or both knees rest on the floor. ""The prisoners"	kneeled	knelt	no_cond	3	0.16406512260437012
Qwen_Qwen2.5-32B	orig	41	kneel	pst	kneel__pst	"To position the body so that one or both knees rest on the floor. ""The prisoners"	kneeled	knelt	no_cond	3	0.01231133658438921
Qwen_Qwen2.5-32B	delta	41	kneel	pst	kneel__pst	"To position the body so that one or both knees rest on the floor. ""The prisoners"	kneeled	knelt	no_cond	3	0.1706448644399643
Qwen_Qwen2.5-32B	orig	42	kneel	pst	kneel__pst	"To position the body so that one or both knees rest on the floor. ""The prisoners"	kneeled	knelt	no_cond	3	0.012505394406616688
Qwen_Qwen2.5-32B	delta	42	kneel	pst	kneel__pst	"To position the body so that one or both knees rest on the floor. ""The prisoners"	kneeled	knelt	no_cond	3	0.17022490501403809
Qwen_Qwen2.5-32B	orig	43	kneel	pst	kneel__pst	"To position the body so that one or both knees rest on the floor. ""The prisoners"	kneeled	knelt	no_cond	3	0.014123596251010895
Qwen_Qwen2.5-32B	delta	43	kneel	pst	kneel__pst	"To position the body so that one or both knees rest on the floor. ""The prisoners"	kneeled	knelt	no_cond	3	0.16986335813999176
Qwen_Qwen2.5-32B	orig	44	kneel	pst	kneel__pst	"To position the body so that one or both knees rest on the floor. ""The prisoners"	kneeled	knelt	no_cond	3	0.015190024860203266
Qwen_Qwen2.5-32B	delta	44	kneel	pst	kneel__pst	"To position the body so that one or both knees rest on the floor. ""The prisoners"	kneeled	knelt	no_cond	3	0.1822785586118698
Qwen_Qwen2.5-32B	orig	45	kneel	pst	kneel__pst	"To position the body so that one or both knees rest on the floor. ""The prisoners"	kneeled	knelt	no_cond	3	0.0013950914144515991
Qwen_Qwen2.5-32B	delta	45	kneel	pst	kneel__pst	"To position the body so that one or both knees rest on the floor. ""The prisoners"	kneeled	knelt	no_cond	3	0.1864999681711197
Qwen_Qwen2.5-32B	orig	46	kneel	pst	kneel__pst	"To position the body so that one or both knees rest on the floor. ""The prisoners"	kneeled	knelt	no_cond	3	0.003129425225779414
Qwen_Qwen2.5-32B	delta	46	kneel	pst	kneel__pst	"To position the body so that one or both knees rest on the floor. ""The prisoners"	kneeled	knelt	no_cond	3	0.19627094268798828
Qwen_Qwen2.5-32B	orig	47	kneel	pst	kneel__pst	"To position the body so that one or both knees rest on the floor. ""The prisoners"	kneeled	knelt	no_cond	3	-0.008235764689743519
Qwen_Qwen2.5-32B	delta	47	kneel	pst	kneel__pst	"To position the body so that one or both knees rest on the floor. ""The prisoners"	kneeled	knelt	no_cond	3	0.19798900187015533
Qwen_Qwen2.5-32B	orig	48	kneel	pst	kneel__pst	"To position the body so that one or both knees rest on the floor. ""The prisoners"	kneeled	knelt	no_cond	3	-0.016612902283668518
Qwen_Qwen2.5-32B	delta	48	kneel	pst	kneel__pst	"To position the body so that one or both knees rest on the floor. ""The prisoners"	kneeled	knelt	no_cond	3	0.19061481952667236
Qwen_Qwen2.5-32B	orig	49	kneel	pst	kneel__pst	"To position the body so that one or both knees rest on the floor. ""The prisoners"	kneeled	knelt	no_cond	3	-0.0161447674036026
Qwen_Qwen2.5-32B	delta	49	kneel	pst	kneel__pst	"To position the body so that one or both knees rest on the floor. ""The prisoners"	kneeled	knelt	no_cond	3	0.19645631313323975
Qwen_Qwen2.5-32B	orig	50	kneel	pst	kneel__pst	"To position the body so that one or both knees rest on the floor. ""The prisoners"	kneeled	knelt	no_cond	3	-0.025683848187327385
Qwen_Qwen2.5-32B	delta	50	kneel	pst	kneel__pst	"To position the body so that one or both knees rest on the floor. ""The prisoners"	kneeled	knelt	no_cond	3	0.19726113975048065
Qwen_Qwen2.5-32B	orig	51	kneel	pst	kneel__pst	"To position the body so that one or both knees rest on the floor. ""The prisoners"	kneeled	knelt	no_cond	3	-0.02806745283305645
Qwen_Qwen2.5-32B	delta	51	kneel	pst	kneel__pst	"To position the body so that one or both knees rest on the floor. ""The prisoners"	kneeled	knelt	no_cond	3	0.1900697946548462
Qwen_Qwen2.5-32B	orig	52	kneel	pst	kneel__pst	"To position the body so that one or both knees rest on the floor. ""The prisoners"	kneeled	knelt	no_cond	3	-0.028572648763656616
Qwen_Qwen2.5-32B	delta	52	kneel	pst	kneel__pst	"To position the body so that one or both knees rest on the floor. ""The prisoners"	kneeled	knelt	no_cond	3	0.18635614216327667
Qwen_Qwen2.5-32B	orig	53	kneel	pst	kneel__pst	"To position the body so that one or both knees rest on the floor. ""The prisoners"	kneeled	knelt	no_cond	3	-0.033230461180210114
Qwen_Qwen2.5-32B	delta	53	kneel	pst	kneel__pst	"To position the body so that one or both knees rest on the floor. ""The prisoners"	kneeled	knelt	no_cond	3	0.18336324393749237
Qwen_Qwen2.5-32B	orig	54	kneel	pst	kneel__pst	"To position the body so that one or both knees rest on the floor. ""The prisoners"	kneeled	knelt	no_cond	3	-0.04313267394900322
Qwen_Qwen2.5-32B	delta	54	kneel	pst	kneel__pst	"To position the body so that one or both knees rest on the floor. ""The prisoners"	kneeled	knelt	no_cond	3	0.17798356711864471
Qwen_Qwen2.5-32B	orig	55	kneel	pst	kneel__pst	"To position the body so that one or both knees rest on the floor. ""The prisoners"	kneeled	knelt	no_cond	3	-0.044310327619314194
Qwen_Qwen2.5-32B	delta	55	kneel	pst	kneel__pst	"To position the body so that one or both knees rest on the floor. ""The prisoners"	kneeled	knelt	no_cond	3	0.17499177157878876
Qwen_Qwen2.5-32B	orig	56	kneel	pst	kneel__pst	"To position the body so that one or both knees rest on the floor. ""The prisoners"	kneeled	knelt	no_cond	3	-0.048356588929891586
Qwen_Qwen2.5-32B	delta	56	kneel	pst	kneel__pst	"To position the body so that one or both knees rest on the floor. ""The prisoners"	kneeled	knelt	no_cond	3	0.16777324676513672
Qwen_Qwen2.5-32B	orig	57	kneel	pst	kneel__pst	"To position the body so that one or both knees rest on the floor. ""The prisoners"	kneeled	knelt	no_cond	3	-0.05253298208117485
Qwen_Qwen2.5-32B	delta	57	kneel	pst	kneel__pst	"To position the body so that one or both knees rest on the floor. ""The prisoners"	kneeled	knelt	no_cond	3	0.168171688914299
Qwen_Qwen2.5-32B	orig	58	kneel	pst	kneel__pst	"To position the body so that one or both knees rest on the floor. ""The prisoners"	kneeled	knelt	no_cond	3	-0.04408843815326691
Qwen_Qwen2.5-32B	delta	58	kneel	pst	kneel__pst	"To position the body so that one or both knees rest on the floor. ""The prisoners"	kneeled	knelt	no_cond	3	0.1681506186723709
Qwen_Qwen2.5-32B	orig	59	kneel	pst	kneel__pst	"To position the body so that one or both knees rest on the floor. ""The prisoners"	kneeled	knelt	no_cond	3	-0.052134085446596146
Qwen_Qwen2.5-32B	delta	59	kneel	pst	kneel__pst	"To position the body so that one or both knees rest on the floor. ""The prisoners"	kneeled	knelt	no_cond	3	0.1517733484506607
Qwen_Qwen2.5-32B	orig	60	kneel	pst	kneel__pst	"To position the body so that one or both knees rest on the floor. ""The prisoners"	kneeled	knelt	no_cond	3	-0.057388316839933395
Qwen_Qwen2.5-32B	delta	60	kneel	pst	kneel__pst	"To position the body so that one or both knees rest on the floor. ""The prisoners"	kneeled	knelt	no_cond	3	0.14218519628047943
Qwen_Qwen2.5-32B	orig	61	kneel	pst	kneel__pst	"To position the body so that one or both knees rest on the floor. ""The prisoners"	kneeled	knelt	no_cond	3	-0.06036362051963806
Qwen_Qwen2.5-32B	delta	61	kneel	pst	kneel__pst	"To position the body so that one or both knees rest on the floor. ""The prisoners"	kneeled	knelt	no_cond	3	0.11938302963972092
Qwen_Qwen2.5-32B	orig	62	kneel	pst	kneel__pst	"To position the body so that one or both knees rest on the floor. ""The prisoners"	kneeled	knelt	no_cond	3	-0.07312197238206863
Qwen_Qwen2.5-32B	delta	62	kneel	pst	kneel__pst	"To position the body so that one or both knees rest on the floor. ""The prisoners"	kneeled	knelt	no_cond	3	0.09509842842817307
Qwen_Qwen2.5-32B	orig	63	kneel	pst	kneel__pst	"To position the body so that one or both knees rest on the floor. ""The prisoners"	kneeled	knelt	no_cond	3	-0.07072516530752182
Qwen_Qwen2.5-32B	delta	63	kneel	pst	kneel__pst	"To position the body so that one or both knees rest on the floor. ""The prisoners"	kneeled	knelt	no_cond	3	0.07095933705568314
Qwen_Qwen2.5-32B	orig	64	kneel	pst	kneel__pst	"To position the body so that one or both knees rest on the floor. ""The prisoners"	kneeled	knelt	no_cond	3	0.042964428663253784
Qwen_Qwen2.5-32B	delta	64	kneel	pst	kneel__pst	"To position the body so that one or both knees rest on the floor. ""The prisoners"	kneeled	knelt	no_cond	3	0.004693929105997086
Qwen_Qwen2.5-32B	orig	0	knit	pst	knit__pst	To form by interlacing yarn or thread in a series of connected loops with needle	knitted	knit	prob	5	nan
Qwen_Qwen2.5-32B	delta	0	knit	pst	knit__pst	To form by interlacing yarn or thread in a series of connected loops with needle	knitted	knit	prob	5	0.800000011920929
Qwen_Qwen2.5-32B	orig	1	knit	pst	knit__pst	To form by interlacing yarn or thread in a series of connected loops with needle	knitted	knit	prob	5	0.44974255561828613
Qwen_Qwen2.5-32B	delta	1	knit	pst	knit__pst	To form by interlacing yarn or thread in a series of connected loops with needle	knitted	knit	prob	5	0.2872098386287689
Qwen_Qwen2.5-32B	orig	2	knit	pst	knit__pst	To form by interlacing yarn or thread in a series of connected loops with needle	knitted	knit	prob	5	0.46380338072776794
Qwen_Qwen2.5-32B	delta	2	knit	pst	knit__pst	To form by interlacing yarn or thread in a series of connected loops with needle	knitted	knit	prob	5	0.2686823308467865
Qwen_Qwen2.5-32B	orig	3	knit	pst	knit__pst	To form by interlacing yarn or thread in a series of connected loops with needle	knitted	knit	prob	5	0.4708048701286316
Qwen_Qwen2.5-32B	delta	3	knit	pst	knit__pst	To form by interlacing yarn or thread in a series of connected loops with needle	knitted	knit	prob	5	0.10855972766876221
Qwen_Qwen2.5-32B	orig	4	knit	pst	knit__pst	To form by interlacing yarn or thread in a series of connected loops with needle	knitted	knit	prob	5	0.47306299209594727
Qwen_Qwen2.5-32B	delta	4	knit	pst	knit__pst	To form by interlacing yarn or thread in a series of connected loops with needle	knitted	knit	prob	5	0.045079153031110764
Qwen_Qwen2.5-32B	orig	5	knit	pst	knit__pst	To form by interlacing yarn or thread in a series of connected loops with needle	knitted	knit	prob	5	0.487919420003891
Qwen_Qwen2.5-32B	delta	5	knit	pst	knit__pst	To form by interlacing yarn or thread in a series of connected loops with needle	knitted	knit	prob	5	0.148328498005867
Qwen_Qwen2.5-32B	orig	6	knit	pst	knit__pst	To form by interlacing yarn or thread in a series of connected loops with needle	knitted	knit	prob	5	0.4701967239379883
Qwen_Qwen2.5-32B	delta	6	knit	pst	knit__pst	To form by interlacing yarn or thread in a series of connected loops with needle	knitted	knit	prob	5	0.16848652064800262
Qwen_Qwen2.5-32B	orig	7	knit	pst	knit__pst	To form by interlacing yarn or thread in a series of connected loops with needle	knitted	knit	prob	5	0.4667057394981384
Qwen_Qwen2.5-32B	delta	7	knit	pst	knit__pst	To form by interlacing yarn or thread in a series of connected loops with needle	knitted	knit	prob	5	0.14902429282665253
Qwen_Qwen2.5-32B	orig	8	knit	pst	knit__pst	To form by interlacing yarn or thread in a series of connected loops with needle	knitted	knit	prob	5	0.44670191407203674
Qwen_Qwen2.5-32B	delta	8	knit	pst	knit__pst	To form by interlacing yarn or thread in a series of connected loops with needle	knitted	knit	prob	5	0.1653917282819748
Qwen_Qwen2.5-32B	orig	9	knit	pst	knit__pst	To form by interlacing yarn or thread in a series of connected loops with needle	knitted	knit	prob	5	0.41462650895118713
Qwen_Qwen2.5-32B	delta	9	knit	pst	knit__pst	To form by interlacing yarn or thread in a series of connected loops with needle	knitted	knit	prob	5	0.19087104499340057
Qwen_Qwen2.5-32B	orig	10	knit	pst	knit__pst	To form by interlacing yarn or thread in a series of connected loops with needle	knitted	knit	prob	5	0.4247438311576843
Qwen_Qwen2.5-32B	delta	10	knit	pst	knit__pst	To form by interlacing yarn or thread in a series of connected loops with needle	knitted	knit	prob	5	0.19595973193645477
Qwen_Qwen2.5-32B	orig	11	knit	pst	knit__pst	To form by interlacing yarn or thread in a series of connected loops with needle	knitted	knit	prob	5	0.4009072780609131
Qwen_Qwen2.5-32B	delta	11	knit	pst	knit__pst	To form by interlacing yarn or thread in a series of connected loops with needle	knitted	knit	prob	5	0.19064030051231384
Qwen_Qwen2.5-32B	orig	12	knit	pst	knit__pst	To form by interlacing yarn or thread in a series of connected loops with needle	knitted	knit	prob	5	0.3862142562866211
Qwen_Qwen2.5-32B	delta	12	knit	pst	knit__pst	To form by interlacing yarn or thread in a series of connected loops with needle	knitted	knit	prob	5	0.17176540195941925
Qwen_Qwen2.5-32B	orig	13	knit	pst	knit__pst	To form by interlacing yarn or thread in a series of connected loops with needle	knitted	knit	prob	5	0.3589770197868347
Qwen_Qwen2.5-32B	delta	13	knit	pst	knit__pst	To form by interlacing yarn or thread in a series of connected loops with needle	knitted	knit	prob	5	0.21545171737670898
Qwen_Qwen2.5-32B	orig	14	knit	pst	knit__pst	To form by interlacing yarn or thread in a series of connected loops with needle	knitted	knit	prob	5	0.35320085287094116
Qwen_Qwen2.5-32B	delta	14	knit	pst	knit__pst	To form by interlacing yarn or thread in a series of connected loops with needle	knitted	knit	prob	5	0.24641886353492737
Qwen_Qwen2.5-32B	orig	15	knit	pst	knit__pst	To form by interlacing yarn or thread in a series of connected loops with needle	knitted	knit	prob	5	0.3187990188598633
Qwen_Qwen2.5-32B	delta	15	knit	pst	knit__pst	To form by interlacing yarn or thread in a series of connected loops with needle	knitted	knit	prob	5	0.23572826385498047
Qwen_Qwen2.5-32B	orig	16	knit	pst	knit__pst	To form by interlacing yarn or thread in a series of connected loops with needle	knitted	knit	prob	5	0.29258280992507935
Qwen_Qwen2.5-32B	delta	16	knit	pst	knit__pst	To form by interlacing yarn or thread in a series of connected loops with needle	knitted	knit	prob	5	0.24501287937164307
Qwen_Qwen2.5-32B	orig	17	knit	pst	knit__pst	To form by interlacing yarn or thread in a series of connected loops with needle	knitted	knit	prob	5	0.2756013572216034
Qwen_Qwen2.5-32B	delta	17	knit	pst	knit__pst	To form by interlacing yarn or thread in a series of connected loops with needle	knitted	knit	prob	5	0.2329971343278885
Qwen_Qwen2.5-32B	orig	18	knit	pst	knit__pst	To form by interlacing yarn or thread in a series of connected loops with needle	knitted	knit	prob	5	0.2748044729232788
Qwen_Qwen2.5-32B	delta	18	knit	pst	knit__pst	To form by interlacing yarn or thread in a series of connected loops with needle	knitted	knit	prob	5	0.23440644145011902
Qwen_Qwen2.5-32B	orig	19	knit	pst	knit__pst	To form by interlacing yarn or thread in a series of connected loops with needle	knitted	knit	prob	5	0.27488237619400024
Qwen_Qwen2.5-32B	delta	19	knit	pst	knit__pst	To form by interlacing yarn or thread in a series of connected loops with needle	knitted	knit	prob	5	0.218729168176651
Qwen_Qwen2.5-32B	orig	20	knit	pst	knit__pst	To form by interlacing yarn or thread in a series of connected loops with needle	knitted	knit	prob	5	0.23551099002361298
Qwen_Qwen2.5-32B	delta	20	knit	pst	knit__pst	To form by interlacing yarn or thread in a series of connected loops with needle	knitted	knit	prob	5	0.22106213867664337
Qwen_Qwen2.5-32B	orig	21	knit	pst	knit__pst	To form by interlacing yarn or thread in a series of connected loops with needle	knitted	knit	prob	5	0.2253057062625885
Qwen_Qwen2.5-32B	delta	21	knit	pst	knit__pst	To form by interlacing yarn or thread in a series of connected loops with needle	knitted	knit	prob	5	0.21653525531291962
Qwen_Qwen2.5-32B	orig	22	knit	pst	knit__pst	To form by interlacing yarn or thread in a series of connected loops with needle	knitted	knit	prob	5	0.21392831206321716
Qwen_Qwen2.5-32B	delta	22	knit	pst	knit__pst	To form by interlacing yarn or thread in a series of connected loops with needle	knitted	knit	prob	5	0.20885121822357178
Qwen_Qwen2.5-32B	orig	23	knit	pst	knit__pst	To form by interlacing yarn or thread in a series of connected loops with needle	knitted	knit	prob	5	0.19985437393188477
Qwen_Qwen2.5-32B	delta	23	knit	pst	knit__pst	To form by interlacing yarn or thread in a series of connected loops with needle	knitted	knit	prob	5	0.2017739713191986
Qwen_Qwen2.5-32B	orig	24	knit	pst	knit__pst	To form by interlacing yarn or thread in a series of connected loops with needle	knitted	knit	prob	5	0.19696804881095886
Qwen_Qwen2.5-32B	delta	24	knit	pst	knit__pst	To form by interlacing yarn or thread in a series of connected loops with needle	knitted	knit	prob	5	0.19164641201496124
Qwen_Qwen2.5-32B	orig	25	knit	pst	knit__pst	To form by interlacing yarn or thread in a series of connected loops with needle	knitted	knit	prob	5	0.18132111430168152
Qwen_Qwen2.5-32B	delta	25	knit	pst	knit__pst	To form by interlacing yarn or thread in a series of connected loops with needle	knitted	knit	prob	5	0.20164108276367188
Qwen_Qwen2.5-32B	orig	26	knit	pst	knit__pst	To form by interlacing yarn or thread in a series of connected loops with needle	knitted	knit	prob	5	0.1698698103427887
Qwen_Qwen2.5-32B	delta	26	knit	pst	knit__pst	To form by interlacing yarn or thread in a series of connected loops with needle	knitted	knit	prob	5	0.2044597566127777
Qwen_Qwen2.5-32B	orig	27	knit	pst	knit__pst	To form by interlacing yarn or thread in a series of connected loops with needle	knitted	knit	prob	5	0.15644346177577972
Qwen_Qwen2.5-32B	delta	27	knit	pst	knit__pst	To form by interlacing yarn or thread in a series of connected loops with needle	knitted	knit	prob	5	0.1945335566997528
Qwen_Qwen2.5-32B	orig	28	knit	pst	knit__pst	To form by interlacing yarn or thread in a series of connected loops with needle	knitted	knit	prob	5	0.16124191880226135
Qwen_Qwen2.5-32B	delta	28	knit	pst	knit__pst	To form by interlacing yarn or thread in a series of connected loops with needle	knitted	knit	prob	5	0.18334384262561798
Qwen_Qwen2.5-32B	orig	29	knit	pst	knit__pst	To form by interlacing yarn or thread in a series of connected loops with needle	knitted	knit	prob	5	0.1585390567779541
Qwen_Qwen2.5-32B	delta	29	knit	pst	knit__pst	To form by interlacing yarn or thread in a series of connected loops with needle	knitted	knit	prob	5	0.16584600508213043
Qwen_Qwen2.5-32B	orig	30	knit	pst	knit__pst	To form by interlacing yarn or thread in a series of connected loops with needle	knitted	knit	prob	5	0.15292008221149445
Qwen_Qwen2.5-32B	delta	30	knit	pst	knit__pst	To form by interlacing yarn or thread in a series of connected loops with needle	knitted	knit	prob	5	0.16475503146648407
Qwen_Qwen2.5-32B	orig	31	knit	pst	knit__pst	To form by interlacing yarn or thread in a series of connected loops with needle	knitted	knit	prob	5	0.1517416536808014
Qwen_Qwen2.5-32B	delta	31	knit	pst	knit__pst	To form by interlacing yarn or thread in a series of connected loops with needle	knitted	knit	prob	5	0.16454118490219116
Qwen_Qwen2.5-32B	orig	32	knit	pst	knit__pst	To form by interlacing yarn or thread in a series of connected loops with needle	knitted	knit	prob	5	0.15771034359931946
Qwen_Qwen2.5-32B	delta	32	knit	pst	knit__pst	To form by interlacing yarn or thread in a series of connected loops with needle	knitted	knit	prob	5	0.1539645940065384
Qwen_Qwen2.5-32B	orig	33	knit	pst	knit__pst	To form by interlacing yarn or thread in a series of connected loops with needle	knitted	knit	prob	5	0.15538059175014496
Qwen_Qwen2.5-32B	delta	33	knit	pst	knit__pst	To form by interlacing yarn or thread in a series of connected loops with needle	knitted	knit	prob	5	0.1491386443376541
Qwen_Qwen2.5-32B	orig	34	knit	pst	knit__pst	To form by interlacing yarn or thread in a series of connected loops with needle	knitted	knit	prob	5	0.15907949209213257
Qwen_Qwen2.5-32B	delta	34	knit	pst	knit__pst	To form by interlacing yarn or thread in a series of connected loops with needle	knitted	knit	prob	5	0.15691311657428741
Qwen_Qwen2.5-32B	orig	35	knit	pst	knit__pst	To form by interlacing yarn or thread in a series of connected loops with needle	knitted	knit	prob	5	0.15945443511009216
Qwen_Qwen2.5-32B	delta	35	knit	pst	knit__pst	To form by interlacing yarn or thread in a series of connected loops with needle	knitted	knit	prob	5	0.15087077021598816
Qwen_Qwen2.5-32B	orig	36	knit	pst	knit__pst	To form by interlacing yarn or thread in a series of connected loops with needle	knitted	knit	prob	5	0.13534009456634521
Qwen_Qwen2.5-32B	delta	36	knit	pst	knit__pst	To form by interlacing yarn or thread in a series of connected loops with needle	knitted	knit	prob	5	0.1465015411376953
Qwen_Qwen2.5-32B	orig	37	knit	pst	knit__pst	To form by interlacing yarn or thread in a series of connected loops with needle	knitted	knit	prob	5	0.13190986216068268
Qwen_Qwen2.5-32B	delta	37	knit	pst	knit__pst	To form by interlacing yarn or thread in a series of connected loops with needle	knitted	knit	prob	5	0.1463492214679718
Qwen_Qwen2.5-32B	orig	38	knit	pst	knit__pst	To form by interlacing yarn or thread in a series of connected loops with needle	knitted	knit	prob	5	0.13475801050662994
Qwen_Qwen2.5-32B	delta	38	knit	pst	knit__pst	To form by interlacing yarn or thread in a series of connected loops with needle	knitted	knit	prob	5	0.1397491693496704
Qwen_Qwen2.5-32B	orig	39	knit	pst	knit__pst	To form by interlacing yarn or thread in a series of connected loops with needle	knitted	knit	prob	5	0.13520102202892303
Qwen_Qwen2.5-32B	delta	39	knit	pst	knit__pst	To form by interlacing yarn or thread in a series of connected loops with needle	knitted	knit	prob	5	0.13187110424041748
Qwen_Qwen2.5-32B	orig	40	knit	pst	knit__pst	To form by interlacing yarn or thread in a series of connected loops with needle	knitted	knit	prob	5	0.13385692238807678
Qwen_Qwen2.5-32B	delta	40	knit	pst	knit__pst	To form by interlacing yarn or thread in a series of connected loops with needle	knitted	knit	prob	5	0.12970706820487976
Qwen_Qwen2.5-32B	orig	41	knit	pst	knit__pst	To form by interlacing yarn or thread in a series of connected loops with needle	knitted	knit	prob	5	0.13629014790058136
Qwen_Qwen2.5-32B	delta	41	knit	pst	knit__pst	To form by interlacing yarn or thread in a series of connected loops with needle	knitted	knit	prob	5	0.1695757806301117
Qwen_Qwen2.5-32B	orig	42	knit	pst	knit__pst	To form by interlacing yarn or thread in a series of connected loops with needle	knitted	knit	prob	5	0.13519462943077087
Qwen_Qwen2.5-32B	delta	42	knit	pst	knit__pst	To form by interlacing yarn or thread in a series of connected loops with needle	knitted	knit	prob	5	0.17067357897758484
Qwen_Qwen2.5-32B	orig	43	knit	pst	knit__pst	To form by interlacing yarn or thread in a series of connected loops with needle	knitted	knit	prob	5	0.12575122714042664
Qwen_Qwen2.5-32B	delta	43	knit	pst	knit__pst	To form by interlacing yarn or thread in a series of connected loops with needle	knitted	knit	prob	5	0.17404237389564514
Qwen_Qwen2.5-32B	orig	44	knit	pst	knit__pst	To form by interlacing yarn or thread in a series of connected loops with needle	knitted	knit	prob	5	0.12108807265758514
Qwen_Qwen2.5-32B	delta	44	knit	pst	knit__pst	To form by interlacing yarn or thread in a series of connected loops with needle	knitted	knit	prob	5	0.1810288429260254
Qwen_Qwen2.5-32B	orig	45	knit	pst	knit__pst	To form by interlacing yarn or thread in a series of connected loops with needle	knitted	knit	prob	5	0.11576130241155624
Qwen_Qwen2.5-32B	delta	45	knit	pst	knit__pst	To form by interlacing yarn or thread in a series of connected loops with needle	knitted	knit	prob	5	0.19694027304649353
Qwen_Qwen2.5-32B	orig	46	knit	pst	knit__pst	To form by interlacing yarn or thread in a series of connected loops with needle	knitted	knit	prob	5	0.10867039859294891
Qwen_Qwen2.5-32B	delta	46	knit	pst	knit__pst	To form by interlacing yarn or thread in a series of connected loops with needle	knitted	knit	prob	5	0.14910897612571716
Qwen_Qwen2.5-32B	orig	47	knit	pst	knit__pst	To form by interlacing yarn or thread in a series of connected loops with needle	knitted	knit	prob	5	0.10100553184747696
Qwen_Qwen2.5-32B	delta	47	knit	pst	knit__pst	To form by interlacing yarn or thread in a series of connected loops with needle	knitted	knit	prob	5	0.16785483062267303
Qwen_Qwen2.5-32B	orig	48	knit	pst	knit__pst	To form by interlacing yarn or thread in a series of connected loops with needle	knitted	knit	prob	5	0.10454706847667694
Qwen_Qwen2.5-32B	delta	48	knit	pst	knit__pst	To form by interlacing yarn or thread in a series of connected loops with needle	knitted	knit	prob	5	0.17176759243011475
Qwen_Qwen2.5-32B	orig	49	knit	pst	knit__pst	To form by interlacing yarn or thread in a series of connected loops with needle	knitted	knit	prob	5	0.10406218469142914
Qwen_Qwen2.5-32B	delta	49	knit	pst	knit__pst	To form by interlacing yarn or thread in a series of connected loops with needle	knitted	knit	prob	5	0.17130272090435028
Qwen_Qwen2.5-32B	orig	50	knit	pst	knit__pst	To form by interlacing yarn or thread in a series of connected loops with needle	knitted	knit	prob	5	0.09886769205331802
Qwen_Qwen2.5-32B	delta	50	knit	pst	knit__pst	To form by interlacing yarn or thread in a series of connected loops with needle	knitted	knit	prob	5	0.16228334605693817
Qwen_Qwen2.5-32B	orig	51	knit	pst	knit__pst	To form by interlacing yarn or thread in a series of connected loops with needle	knitted	knit	prob	5	0.10936351865530014
Qwen_Qwen2.5-32B	delta	51	knit	pst	knit__pst	To form by interlacing yarn or thread in a series of connected loops with needle	knitted	knit	prob	5	0.1627061665058136
Qwen_Qwen2.5-32B	orig	52	knit	pst	knit__pst	To form by interlacing yarn or thread in a series of connected loops with needle	knitted	knit	prob	5	0.12463289499282837
Qwen_Qwen2.5-32B	delta	52	knit	pst	knit__pst	To form by interlacing yarn or thread in a series of connected loops with needle	knitted	knit	prob	5	0.15425606071949005
Qwen_Qwen2.5-32B	orig	53	knit	pst	knit__pst	To form by interlacing yarn or thread in a series of connected loops with needle	knitted	knit	prob	5	0.13998618721961975
Qwen_Qwen2.5-32B	delta	53	knit	pst	knit__pst	To form by interlacing yarn or thread in a series of connected loops with needle	knitted	knit	prob	5	0.1477373093366623
Qwen_Qwen2.5-32B	orig	54	knit	pst	knit__pst	To form by interlacing yarn or thread in a series of connected loops with needle	knitted	knit	prob	5	0.162974551320076
Qwen_Qwen2.5-32B	delta	54	knit	pst	knit__pst	To form by interlacing yarn or thread in a series of connected loops with needle	knitted	knit	prob	5	0.15238095819950104
Qwen_Qwen2.5-32B	orig	55	knit	pst	knit__pst	To form by interlacing yarn or thread in a series of connected loops with needle	knitted	knit	prob	5	0.16162458062171936
Qwen_Qwen2.5-32B	delta	55	knit	pst	knit__pst	To form by interlacing yarn or thread in a series of connected loops with needle	knitted	knit	prob	5	0.14308062195777893
Qwen_Qwen2.5-32B	orig	56	knit	pst	knit__pst	To form by interlacing yarn or thread in a series of connected loops with needle	knitted	knit	prob	5	0.15854468941688538
Qwen_Qwen2.5-32B	delta	56	knit	pst	knit__pst	To form by interlacing yarn or thread in a series of connected loops with needle	knitted	knit	prob	5	0.13165467977523804
Qwen_Qwen2.5-32B	orig	57	knit	pst	knit__pst	To form by interlacing yarn or thread in a series of connected loops with needle	knitted	knit	prob	5	0.15669158101081848
Qwen_Qwen2.5-32B	delta	57	knit	pst	knit__pst	To form by interlacing yarn or thread in a series of connected loops with needle	knitted	knit	prob	5	0.12014062702655792
Qwen_Qwen2.5-32B	orig	58	knit	pst	knit__pst	To form by interlacing yarn or thread in a series of connected loops with needle	knitted	knit	prob	5	0.1635618805885315
Qwen_Qwen2.5-32B	delta	58	knit	pst	knit__pst	To form by interlacing yarn or thread in a series of connected loops with needle	knitted	knit	prob	5	0.10723904520273209
Qwen_Qwen2.5-32B	orig	59	knit	pst	knit__pst	To form by interlacing yarn or thread in a series of connected loops with needle	knitted	knit	prob	5	0.16229896247386932
Qwen_Qwen2.5-32B	delta	59	knit	pst	knit__pst	To form by interlacing yarn or thread in a series of connected loops with needle	knitted	knit	prob	5	0.10003995895385742
Qwen_Qwen2.5-32B	orig	60	knit	pst	knit__pst	To form by interlacing yarn or thread in a series of connected loops with needle	knitted	knit	prob	5	0.1574467420578003
Qwen_Qwen2.5-32B	delta	60	knit	pst	knit__pst	To form by interlacing yarn or thread in a series of connected loops with needle	knitted	knit	prob	5	0.08858543634414673
Qwen_Qwen2.5-32B	orig	61	knit	pst	knit__pst	To form by interlacing yarn or thread in a series of connected loops with needle	knitted	knit	prob	5	0.15871909260749817
Qwen_Qwen2.5-32B	delta	61	knit	pst	knit__pst	To form by interlacing yarn or thread in a series of connected loops with needle	knitted	knit	prob	5	0.08552105724811554
Qwen_Qwen2.5-32B	orig	62	knit	pst	knit__pst	To form by interlacing yarn or thread in a series of connected loops with needle	knitted	knit	prob	5	0.17752745747566223
Qwen_Qwen2.5-32B	delta	62	knit	pst	knit__pst	To form by interlacing yarn or thread in a series of connected loops with needle	knitted	knit	prob	5	0.0804339051246643
Qwen_Qwen2.5-32B	orig	63	knit	pst	knit__pst	To form by interlacing yarn or thread in a series of connected loops with needle	knitted	knit	prob	5	0.19279108941555023
Qwen_Qwen2.5-32B	delta	63	knit	pst	knit__pst	To form by interlacing yarn or thread in a series of connected loops with needle	knitted	knit	prob	5	0.09363538026809692
Qwen_Qwen2.5-32B	orig	64	knit	pst	knit__pst	To form by interlacing yarn or thread in a series of connected loops with needle	knitted	knit	prob	5	0.32377785444259644
Qwen_Qwen2.5-32B	delta	64	knit	pst	knit__pst	To form by interlacing yarn or thread in a series of connected loops with needle	knitted	knit	prob	5	0.2209283858537674
Qwen_Qwen2.5-32B	orig	0	know	pst	know__pst	"To perceive directly. To have direct cognition of. To have understanding of. ""im"	knowed	knew	prob	8	0.875
Qwen_Qwen2.5-32B	delta	0	know	pst	know__pst	"To perceive directly. To have direct cognition of. To have understanding of. ""im"	knowed	knew	prob	8	0.881520688533783
Qwen_Qwen2.5-32B	orig	1	know	pst	know__pst	"To perceive directly. To have direct cognition of. To have understanding of. ""im"	knowed	knew	prob	8	0.2770512104034424
Qwen_Qwen2.5-32B	delta	1	know	pst	know__pst	"To perceive directly. To have direct cognition of. To have understanding of. ""im"	knowed	knew	prob	8	0.5849201679229736
Qwen_Qwen2.5-32B	orig	2	know	pst	know__pst	"To perceive directly. To have direct cognition of. To have understanding of. ""im"	knowed	knew	prob	8	0.3320748209953308
Qwen_Qwen2.5-32B	delta	2	know	pst	know__pst	"To perceive directly. To have direct cognition of. To have understanding of. ""im"	knowed	knew	prob	8	0.573592483997345
Qwen_Qwen2.5-32B	orig	3	know	pst	know__pst	"To perceive directly. To have direct cognition of. To have understanding of. ""im"	knowed	knew	prob	8	0.3844778537750244
Qwen_Qwen2.5-32B	delta	3	know	pst	know__pst	"To perceive directly. To have direct cognition of. To have understanding of. ""im"	knowed	knew	prob	8	0.5304994583129883
Qwen_Qwen2.5-32B	orig	4	know	pst	know__pst	"To perceive directly. To have direct cognition of. To have understanding of. ""im"	knowed	knew	prob	8	0.10371865332126617
Qwen_Qwen2.5-32B	delta	4	know	pst	know__pst	"To perceive directly. To have direct cognition of. To have understanding of. ""im"	knowed	knew	prob	8	0.08008451014757156
Qwen_Qwen2.5-32B	orig	5	know	pst	know__pst	"To perceive directly. To have direct cognition of. To have understanding of. ""im"	knowed	knew	prob	8	0.021031968295574188
Qwen_Qwen2.5-32B	delta	5	know	pst	know__pst	"To perceive directly. To have direct cognition of. To have understanding of. ""im"	knowed	knew	prob	8	0.007073424756526947
Qwen_Qwen2.5-32B	orig	6	know	pst	know__pst	"To perceive directly. To have direct cognition of. To have understanding of. ""im"	knowed	knew	prob	8	0.11522174626588821
Qwen_Qwen2.5-32B	delta	6	know	pst	know__pst	"To perceive directly. To have direct cognition of. To have understanding of. ""im"	knowed	knew	prob	8	0.0958511233329773
Qwen_Qwen2.5-32B	orig	7	know	pst	know__pst	"To perceive directly. To have direct cognition of. To have understanding of. ""im"	knowed	knew	prob	8	0.10189691931009293
Qwen_Qwen2.5-32B	delta	7	know	pst	know__pst	"To perceive directly. To have direct cognition of. To have understanding of. ""im"	knowed	knew	prob	8	0.1536344289779663
Qwen_Qwen2.5-32B	orig	8	know	pst	know__pst	"To perceive directly. To have direct cognition of. To have understanding of. ""im"	knowed	knew	prob	8	0.0839586853981018
Qwen_Qwen2.5-32B	delta	8	know	pst	know__pst	"To perceive directly. To have direct cognition of. To have understanding of. ""im"	knowed	knew	prob	8	0.1254451721906662
Qwen_Qwen2.5-32B	orig	9	know	pst	know__pst	"To perceive directly. To have direct cognition of. To have understanding of. ""im"	knowed	knew	prob	8	0.40199023485183716
Qwen_Qwen2.5-32B	delta	9	know	pst	know__pst	"To perceive directly. To have direct cognition of. To have understanding of. ""im"	knowed	knew	prob	8	0.16340002417564392
Qwen_Qwen2.5-32B	orig	10	know	pst	know__pst	"To perceive directly. To have direct cognition of. To have understanding of. ""im"	knowed	knew	prob	8	0.4163860082626343
Qwen_Qwen2.5-32B	delta	10	know	pst	know__pst	"To perceive directly. To have direct cognition of. To have understanding of. ""im"	knowed	knew	prob	8	0.16486391425132751
Qwen_Qwen2.5-32B	orig	11	know	pst	know__pst	"To perceive directly. To have direct cognition of. To have understanding of. ""im"	knowed	knew	prob	8	0.4171603322029114
Qwen_Qwen2.5-32B	delta	11	know	pst	know__pst	"To perceive directly. To have direct cognition of. To have understanding of. ""im"	knowed	knew	prob	8	0.16826824843883514
Qwen_Qwen2.5-32B	orig	12	know	pst	know__pst	"To perceive directly. To have direct cognition of. To have understanding of. ""im"	knowed	knew	prob	8	0.07365944981575012
Qwen_Qwen2.5-32B	delta	12	know	pst	know__pst	"To perceive directly. To have direct cognition of. To have understanding of. ""im"	knowed	knew	prob	8	0.16545544564723969
Qwen_Qwen2.5-32B	orig	13	know	pst	know__pst	"To perceive directly. To have direct cognition of. To have understanding of. ""im"	knowed	knew	prob	8	0.071341373026371
Qwen_Qwen2.5-32B	delta	13	know	pst	know__pst	"To perceive directly. To have direct cognition of. To have understanding of. ""im"	knowed	knew	prob	8	0.17804118990898132
Qwen_Qwen2.5-32B	orig	14	know	pst	know__pst	"To perceive directly. To have direct cognition of. To have understanding of. ""im"	knowed	knew	prob	8	0.08071945607662201
Qwen_Qwen2.5-32B	delta	14	know	pst	know__pst	"To perceive directly. To have direct cognition of. To have understanding of. ""im"	knowed	knew	prob	8	0.17569175362586975
Qwen_Qwen2.5-32B	orig	15	know	pst	know__pst	"To perceive directly. To have direct cognition of. To have understanding of. ""im"	knowed	knew	prob	8	0.07722210884094238
Qwen_Qwen2.5-32B	delta	15	know	pst	know__pst	"To perceive directly. To have direct cognition of. To have understanding of. ""im"	knowed	knew	prob	8	0.19444534182548523
Qwen_Qwen2.5-32B	orig	16	know	pst	know__pst	"To perceive directly. To have direct cognition of. To have understanding of. ""im"	knowed	knew	prob	8	0.06898859143257141
Qwen_Qwen2.5-32B	delta	16	know	pst	know__pst	"To perceive directly. To have direct cognition of. To have understanding of. ""im"	knowed	knew	prob	8	0.20120975375175476
Qwen_Qwen2.5-32B	orig	17	know	pst	know__pst	"To perceive directly. To have direct cognition of. To have understanding of. ""im"	knowed	knew	prob	8	0.0657128095626831
Qwen_Qwen2.5-32B	delta	17	know	pst	know__pst	"To perceive directly. To have direct cognition of. To have understanding of. ""im"	knowed	knew	prob	8	0.13535970449447632
Qwen_Qwen2.5-32B	orig	18	know	pst	know__pst	"To perceive directly. To have direct cognition of. To have understanding of. ""im"	knowed	knew	prob	8	0.06147415190935135
Qwen_Qwen2.5-32B	delta	18	know	pst	know__pst	"To perceive directly. To have direct cognition of. To have understanding of. ""im"	knowed	knew	prob	8	0.1417037695646286
Qwen_Qwen2.5-32B	orig	19	know	pst	know__pst	"To perceive directly. To have direct cognition of. To have understanding of. ""im"	knowed	knew	prob	8	0.06109502166509628
Qwen_Qwen2.5-32B	delta	19	know	pst	know__pst	"To perceive directly. To have direct cognition of. To have understanding of. ""im"	knowed	knew	prob	8	0.14165571331977844
Qwen_Qwen2.5-32B	orig	20	know	pst	know__pst	"To perceive directly. To have direct cognition of. To have understanding of. ""im"	knowed	knew	prob	8	0.1254047155380249
Qwen_Qwen2.5-32B	delta	20	know	pst	know__pst	"To perceive directly. To have direct cognition of. To have understanding of. ""im"	knowed	knew	prob	8	0.1390121430158615
Qwen_Qwen2.5-32B	orig	21	know	pst	know__pst	"To perceive directly. To have direct cognition of. To have understanding of. ""im"	knowed	knew	prob	8	0.12386243045330048
Qwen_Qwen2.5-32B	delta	21	know	pst	know__pst	"To perceive directly. To have direct cognition of. To have understanding of. ""im"	knowed	knew	prob	8	0.13658446073532104
Qwen_Qwen2.5-32B	orig	22	know	pst	know__pst	"To perceive directly. To have direct cognition of. To have understanding of. ""im"	knowed	knew	prob	8	0.12870928645133972
Qwen_Qwen2.5-32B	delta	22	know	pst	know__pst	"To perceive directly. To have direct cognition of. To have understanding of. ""im"	knowed	knew	prob	8	0.13039760291576385
Qwen_Qwen2.5-32B	orig	23	know	pst	know__pst	"To perceive directly. To have direct cognition of. To have understanding of. ""im"	knowed	knew	prob	8	0.1230752244591713
Qwen_Qwen2.5-32B	delta	23	know	pst	know__pst	"To perceive directly. To have direct cognition of. To have understanding of. ""im"	knowed	knew	prob	8	0.12140155583620071
Qwen_Qwen2.5-32B	orig	24	know	pst	know__pst	"To perceive directly. To have direct cognition of. To have understanding of. ""im"	knowed	knew	prob	8	0.12303955107927322
Qwen_Qwen2.5-32B	delta	24	know	pst	know__pst	"To perceive directly. To have direct cognition of. To have understanding of. ""im"	knowed	knew	prob	8	0.11824683099985123
Qwen_Qwen2.5-32B	orig	25	know	pst	know__pst	"To perceive directly. To have direct cognition of. To have understanding of. ""im"	knowed	knew	prob	8	0.11718094348907471
Qwen_Qwen2.5-32B	delta	25	know	pst	know__pst	"To perceive directly. To have direct cognition of. To have understanding of. ""im"	knowed	knew	prob	8	0.11643608659505844
Qwen_Qwen2.5-32B	orig	26	know	pst	know__pst	"To perceive directly. To have direct cognition of. To have understanding of. ""im"	knowed	knew	prob	8	0.11899936199188232
Qwen_Qwen2.5-32B	delta	26	know	pst	know__pst	"To perceive directly. To have direct cognition of. To have understanding of. ""im"	knowed	knew	prob	8	0.11870520561933517
Qwen_Qwen2.5-32B	orig	27	know	pst	know__pst	"To perceive directly. To have direct cognition of. To have understanding of. ""im"	knowed	knew	prob	8	0.11807774752378464
Qwen_Qwen2.5-32B	delta	27	know	pst	know__pst	"To perceive directly. To have direct cognition of. To have understanding of. ""im"	knowed	knew	prob	8	0.12052328884601593
Qwen_Qwen2.5-32B	orig	28	know	pst	know__pst	"To perceive directly. To have direct cognition of. To have understanding of. ""im"	knowed	knew	prob	8	0.12380044907331467
Qwen_Qwen2.5-32B	delta	28	know	pst	know__pst	"To perceive directly. To have direct cognition of. To have understanding of. ""im"	knowed	knew	prob	8	0.11899179220199585
Qwen_Qwen2.5-32B	orig	29	know	pst	know__pst	"To perceive directly. To have direct cognition of. To have understanding of. ""im"	knowed	knew	prob	8	0.11909523606300354
Qwen_Qwen2.5-32B	delta	29	know	pst	know__pst	"To perceive directly. To have direct cognition of. To have understanding of. ""im"	knowed	knew	prob	8	0.113057941198349
Qwen_Qwen2.5-32B	orig	30	know	pst	know__pst	"To perceive directly. To have direct cognition of. To have understanding of. ""im"	knowed	knew	prob	8	0.11655965447425842
Qwen_Qwen2.5-32B	delta	30	know	pst	know__pst	"To perceive directly. To have direct cognition of. To have understanding of. ""im"	knowed	knew	prob	8	0.10924483090639114
Qwen_Qwen2.5-32B	orig	31	know	pst	know__pst	"To perceive directly. To have direct cognition of. To have understanding of. ""im"	knowed	knew	prob	8	0.11234333366155624
Qwen_Qwen2.5-32B	delta	31	know	pst	know__pst	"To perceive directly. To have direct cognition of. To have understanding of. ""im"	knowed	knew	prob	8	0.09777246415615082
Qwen_Qwen2.5-32B	orig	32	know	pst	know__pst	"To perceive directly. To have direct cognition of. To have understanding of. ""im"	knowed	knew	prob	8	0.11079998314380646
Qwen_Qwen2.5-32B	delta	32	know	pst	know__pst	"To perceive directly. To have direct cognition of. To have understanding of. ""im"	knowed	knew	prob	8	0.093605175614357
Qwen_Qwen2.5-32B	orig	33	know	pst	know__pst	"To perceive directly. To have direct cognition of. To have understanding of. ""im"	knowed	knew	prob	8	0.11581891030073166
Qwen_Qwen2.5-32B	delta	33	know	pst	know__pst	"To perceive directly. To have direct cognition of. To have understanding of. ""im"	knowed	knew	prob	8	0.09335929155349731
Qwen_Qwen2.5-32B	orig	34	know	pst	know__pst	"To perceive directly. To have direct cognition of. To have understanding of. ""im"	knowed	knew	prob	8	0.1227656900882721
Qwen_Qwen2.5-32B	delta	34	know	pst	know__pst	"To perceive directly. To have direct cognition of. To have understanding of. ""im"	knowed	knew	prob	8	0.09746614098548889
Qwen_Qwen2.5-32B	orig	35	know	pst	know__pst	"To perceive directly. To have direct cognition of. To have understanding of. ""im"	knowed	knew	prob	8	0.12590105831623077
Qwen_Qwen2.5-32B	delta	35	know	pst	know__pst	"To perceive directly. To have direct cognition of. To have understanding of. ""im"	knowed	knew	prob	8	0.1014411449432373
Qwen_Qwen2.5-32B	orig	36	know	pst	know__pst	"To perceive directly. To have direct cognition of. To have understanding of. ""im"	knowed	knew	prob	8	0.12227462977170944
Qwen_Qwen2.5-32B	delta	36	know	pst	know__pst	"To perceive directly. To have direct cognition of. To have understanding of. ""im"	knowed	knew	prob	8	0.10640671104192734
Qwen_Qwen2.5-32B	orig	37	know	pst	know__pst	"To perceive directly. To have direct cognition of. To have understanding of. ""im"	knowed	knew	prob	8	0.1198592334985733
Qwen_Qwen2.5-32B	delta	37	know	pst	know__pst	"To perceive directly. To have direct cognition of. To have understanding of. ""im"	knowed	knew	prob	8	0.11295664310455322
Qwen_Qwen2.5-32B	orig	38	know	pst	know__pst	"To perceive directly. To have direct cognition of. To have understanding of. ""im"	knowed	knew	prob	8	0.11935996264219284
Qwen_Qwen2.5-32B	delta	38	know	pst	know__pst	"To perceive directly. To have direct cognition of. To have understanding of. ""im"	knowed	knew	prob	8	0.11739089339971542
Qwen_Qwen2.5-32B	orig	39	know	pst	know__pst	"To perceive directly. To have direct cognition of. To have understanding of. ""im"	knowed	knew	prob	8	0.11840303242206573
Qwen_Qwen2.5-32B	delta	39	know	pst	know__pst	"To perceive directly. To have direct cognition of. To have understanding of. ""im"	knowed	knew	prob	8	0.11622276902198792
Qwen_Qwen2.5-32B	orig	40	know	pst	know__pst	"To perceive directly. To have direct cognition of. To have understanding of. ""im"	knowed	knew	prob	8	0.11285950243473053
Qwen_Qwen2.5-32B	delta	40	know	pst	know__pst	"To perceive directly. To have direct cognition of. To have understanding of. ""im"	knowed	knew	prob	8	0.11456580460071564
Qwen_Qwen2.5-32B	orig	41	know	pst	know__pst	"To perceive directly. To have direct cognition of. To have understanding of. ""im"	knowed	knew	prob	8	0.11054326593875885
Qwen_Qwen2.5-32B	delta	41	know	pst	know__pst	"To perceive directly. To have direct cognition of. To have understanding of. ""im"	knowed	knew	prob	8	0.11868864297866821
Qwen_Qwen2.5-32B	orig	42	know	pst	know__pst	"To perceive directly. To have direct cognition of. To have understanding of. ""im"	knowed	knew	prob	8	0.05120155215263367
Qwen_Qwen2.5-32B	delta	42	know	pst	know__pst	"To perceive directly. To have direct cognition of. To have understanding of. ""im"	knowed	knew	prob	8	0.12319326400756836
Qwen_Qwen2.5-32B	orig	43	know	pst	know__pst	"To perceive directly. To have direct cognition of. To have understanding of. ""im"	knowed	knew	prob	8	0.04964001476764679
Qwen_Qwen2.5-32B	delta	43	know	pst	know__pst	"To perceive directly. To have direct cognition of. To have understanding of. ""im"	knowed	knew	prob	8	0.11918237805366516
Qwen_Qwen2.5-32B	orig	44	know	pst	know__pst	"To perceive directly. To have direct cognition of. To have understanding of. ""im"	knowed	knew	prob	8	0.04855397343635559
Qwen_Qwen2.5-32B	delta	44	know	pst	know__pst	"To perceive directly. To have direct cognition of. To have understanding of. ""im"	knowed	knew	prob	8	0.11751656234264374
Qwen_Qwen2.5-32B	orig	45	know	pst	know__pst	"To perceive directly. To have direct cognition of. To have understanding of. ""im"	knowed	knew	prob	8	0.04557386413216591
Qwen_Qwen2.5-32B	delta	45	know	pst	know__pst	"To perceive directly. To have direct cognition of. To have understanding of. ""im"	knowed	knew	prob	8	0.11911439895629883
Qwen_Qwen2.5-32B	orig	46	know	pst	know__pst	"To perceive directly. To have direct cognition of. To have understanding of. ""im"	knowed	knew	prob	8	0.02394605241715908
Qwen_Qwen2.5-32B	delta	46	know	pst	know__pst	"To perceive directly. To have direct cognition of. To have understanding of. ""im"	knowed	knew	prob	8	0.11611397564411163
Qwen_Qwen2.5-32B	orig	47	know	pst	know__pst	"To perceive directly. To have direct cognition of. To have understanding of. ""im"	knowed	knew	prob	8	0.028544563800096512
Qwen_Qwen2.5-32B	delta	47	know	pst	know__pst	"To perceive directly. To have direct cognition of. To have understanding of. ""im"	knowed	knew	prob	8	0.11647486686706543
Qwen_Qwen2.5-32B	orig	48	know	pst	know__pst	"To perceive directly. To have direct cognition of. To have understanding of. ""im"	knowed	knew	prob	8	0.028370598331093788
Qwen_Qwen2.5-32B	delta	48	know	pst	know__pst	"To perceive directly. To have direct cognition of. To have understanding of. ""im"	knowed	knew	prob	8	0.16095870733261108
Qwen_Qwen2.5-32B	orig	49	know	pst	know__pst	"To perceive directly. To have direct cognition of. To have understanding of. ""im"	knowed	knew	prob	8	0.0321187898516655
Qwen_Qwen2.5-32B	delta	49	know	pst	know__pst	"To perceive directly. To have direct cognition of. To have understanding of. ""im"	knowed	knew	prob	8	0.15683989226818085
Qwen_Qwen2.5-32B	orig	50	know	pst	know__pst	"To perceive directly. To have direct cognition of. To have understanding of. ""im"	knowed	knew	prob	8	0.03173103183507919
Qwen_Qwen2.5-32B	delta	50	know	pst	know__pst	"To perceive directly. To have direct cognition of. To have understanding of. ""im"	knowed	knew	prob	8	0.1568775773048401
Qwen_Qwen2.5-32B	orig	51	know	pst	know__pst	"To perceive directly. To have direct cognition of. To have understanding of. ""im"	knowed	knew	prob	8	0.036394547671079636
Qwen_Qwen2.5-32B	delta	51	know	pst	know__pst	"To perceive directly. To have direct cognition of. To have understanding of. ""im"	knowed	knew	prob	8	0.15813130140304565
Qwen_Qwen2.5-32B	orig	52	know	pst	know__pst	"To perceive directly. To have direct cognition of. To have understanding of. ""im"	knowed	knew	prob	8	0.038213588297367096
Qwen_Qwen2.5-32B	delta	52	know	pst	know__pst	"To perceive directly. To have direct cognition of. To have understanding of. ""im"	knowed	knew	prob	8	0.1665753722190857
Qwen_Qwen2.5-32B	orig	53	know	pst	know__pst	"To perceive directly. To have direct cognition of. To have understanding of. ""im"	knowed	knew	prob	8	0.04137258231639862
Qwen_Qwen2.5-32B	delta	53	know	pst	know__pst	"To perceive directly. To have direct cognition of. To have understanding of. ""im"	knowed	knew	prob	8	0.16677042841911316
Qwen_Qwen2.5-32B	orig	54	know	pst	know__pst	"To perceive directly. To have direct cognition of. To have understanding of. ""im"	knowed	knew	prob	8	0.042891450226306915
Qwen_Qwen2.5-32B	delta	54	know	pst	know__pst	"To perceive directly. To have direct cognition of. To have understanding of. ""im"	knowed	knew	prob	8	0.1664806306362152
Qwen_Qwen2.5-32B	orig	55	know	pst	know__pst	"To perceive directly. To have direct cognition of. To have understanding of. ""im"	knowed	knew	prob	8	0.06513849645853043
Qwen_Qwen2.5-32B	delta	55	know	pst	know__pst	"To perceive directly. To have direct cognition of. To have understanding of. ""im"	knowed	knew	prob	8	0.1607491672039032
Qwen_Qwen2.5-32B	orig	56	know	pst	know__pst	"To perceive directly. To have direct cognition of. To have understanding of. ""im"	knowed	knew	prob	8	0.0732298344373703
Qwen_Qwen2.5-32B	delta	56	know	pst	know__pst	"To perceive directly. To have direct cognition of. To have understanding of. ""im"	knowed	knew	prob	8	0.15671774744987488
Qwen_Qwen2.5-32B	orig	57	know	pst	know__pst	"To perceive directly. To have direct cognition of. To have understanding of. ""im"	knowed	knew	prob	8	0.05819089710712433
Qwen_Qwen2.5-32B	delta	57	know	pst	know__pst	"To perceive directly. To have direct cognition of. To have understanding of. ""im"	knowed	knew	prob	8	0.15158243477344513
Qwen_Qwen2.5-32B	orig	58	know	pst	know__pst	"To perceive directly. To have direct cognition of. To have understanding of. ""im"	knowed	knew	prob	8	0.05520077794790268
Qwen_Qwen2.5-32B	delta	58	know	pst	know__pst	"To perceive directly. To have direct cognition of. To have understanding of. ""im"	knowed	knew	prob	8	0.14938980340957642
Qwen_Qwen2.5-32B	orig	59	know	pst	know__pst	"To perceive directly. To have direct cognition of. To have understanding of. ""im"	knowed	knew	prob	8	0.05098247155547142
Qwen_Qwen2.5-32B	delta	59	know	pst	know__pst	"To perceive directly. To have direct cognition of. To have understanding of. ""im"	knowed	knew	prob	8	0.1426844745874405
Qwen_Qwen2.5-32B	orig	60	know	pst	know__pst	"To perceive directly. To have direct cognition of. To have understanding of. ""im"	knowed	knew	prob	8	0.05003812536597252
Qwen_Qwen2.5-32B	delta	60	know	pst	know__pst	"To perceive directly. To have direct cognition of. To have understanding of. ""im"	knowed	knew	prob	8	0.14100316166877747
Qwen_Qwen2.5-32B	orig	61	know	pst	know__pst	"To perceive directly. To have direct cognition of. To have understanding of. ""im"	knowed	knew	prob	8	0.08860642462968826
Qwen_Qwen2.5-32B	delta	61	know	pst	know__pst	"To perceive directly. To have direct cognition of. To have understanding of. ""im"	knowed	knew	prob	8	0.13538452982902527
Qwen_Qwen2.5-32B	orig	62	know	pst	know__pst	"To perceive directly. To have direct cognition of. To have understanding of. ""im"	knowed	knew	prob	8	0.10683121532201767
Qwen_Qwen2.5-32B	delta	62	know	pst	know__pst	"To perceive directly. To have direct cognition of. To have understanding of. ""im"	knowed	knew	prob	8	0.1457214057445526
Qwen_Qwen2.5-32B	orig	63	know	pst	know__pst	"To perceive directly. To have direct cognition of. To have understanding of. ""im"	knowed	knew	prob	8	0.1143953874707222
Qwen_Qwen2.5-32B	delta	63	know	pst	know__pst	"To perceive directly. To have direct cognition of. To have understanding of. ""im"	knowed	knew	prob	8	0.1462816298007965
Qwen_Qwen2.5-32B	orig	64	know	pst	know__pst	"To perceive directly. To have direct cognition of. To have understanding of. ""im"	knowed	knew	prob	8	0.09454525262117386
Qwen_Qwen2.5-32B	delta	64	know	pst	know__pst	"To perceive directly. To have direct cognition of. To have understanding of. ""im"	knowed	knew	prob	8	0.3538055121898651
Qwen_Qwen2.5-32B	orig	0	know	pst	know__pst	To recognize as being the same as something previously known. To be acquainted o	knowed	knew	prob	3	0.6666666865348816
Qwen_Qwen2.5-32B	delta	0	know	pst	know__pst	To recognize as being the same as something previously known. To be acquainted o	knowed	knew	prob	3	0.6666666865348816
Qwen_Qwen2.5-32B	orig	1	know	pst	know__pst	To recognize as being the same as something previously known. To be acquainted o	knowed	knew	prob	3	0.4882830083370209
Qwen_Qwen2.5-32B	delta	1	know	pst	know__pst	To recognize as being the same as something previously known. To be acquainted o	knowed	knew	prob	3	0.3595328629016876
Qwen_Qwen2.5-32B	orig	2	know	pst	know__pst	To recognize as being the same as something previously known. To be acquainted o	knowed	knew	prob	3	0.48739194869995117
Qwen_Qwen2.5-32B	delta	2	know	pst	know__pst	To recognize as being the same as something previously known. To be acquainted o	knowed	knew	prob	3	0.3571513593196869
Qwen_Qwen2.5-32B	orig	3	know	pst	know__pst	To recognize as being the same as something previously known. To be acquainted o	knowed	knew	prob	3	0.45665454864501953
Qwen_Qwen2.5-32B	delta	3	know	pst	know__pst	To recognize as being the same as something previously known. To be acquainted o	knowed	knew	prob	3	0.3051408529281616
Qwen_Qwen2.5-32B	orig	4	know	pst	know__pst	To recognize as being the same as something previously known. To be acquainted o	knowed	knew	prob	3	0.3688819408416748
Qwen_Qwen2.5-32B	delta	4	know	pst	know__pst	To recognize as being the same as something previously known. To be acquainted o	knowed	knew	prob	3	0.1427350491285324
Qwen_Qwen2.5-32B	orig	5	know	pst	know__pst	To recognize as being the same as something previously known. To be acquainted o	knowed	knew	prob	3	0.2825120687484741
Qwen_Qwen2.5-32B	delta	5	know	pst	know__pst	To recognize as being the same as something previously known. To be acquainted o	knowed	knew	prob	3	0.02642190270125866
Qwen_Qwen2.5-32B	orig	6	know	pst	know__pst	To recognize as being the same as something previously known. To be acquainted o	knowed	knew	prob	3	0.23443610966205597
Qwen_Qwen2.5-32B	delta	6	know	pst	know__pst	To recognize as being the same as something previously known. To be acquainted o	knowed	knew	prob	3	0.026606284081935883
Qwen_Qwen2.5-32B	orig	7	know	pst	know__pst	To recognize as being the same as something previously known. To be acquainted o	knowed	knew	prob	3	0.22721661627292633
Qwen_Qwen2.5-32B	delta	7	know	pst	know__pst	To recognize as being the same as something previously known. To be acquainted o	knowed	knew	prob	3	0.03596927225589752
Qwen_Qwen2.5-32B	orig	8	know	pst	know__pst	To recognize as being the same as something previously known. To be acquainted o	knowed	knew	prob	3	0.14806325733661652
Qwen_Qwen2.5-32B	delta	8	know	pst	know__pst	To recognize as being the same as something previously known. To be acquainted o	knowed	knew	prob	3	0.09271950274705887
Qwen_Qwen2.5-32B	orig	9	know	pst	know__pst	To recognize as being the same as something previously known. To be acquainted o	knowed	knew	prob	3	0.14489324390888214
Qwen_Qwen2.5-32B	delta	9	know	pst	know__pst	To recognize as being the same as something previously known. To be acquainted o	knowed	knew	prob	3	0.1065753698348999
Qwen_Qwen2.5-32B	orig	10	know	pst	know__pst	To recognize as being the same as something previously known. To be acquainted o	knowed	knew	prob	3	0.17797736823558807
Qwen_Qwen2.5-32B	delta	10	know	pst	know__pst	To recognize as being the same as something previously known. To be acquainted o	knowed	knew	prob	3	0.1050877645611763
Qwen_Qwen2.5-32B	orig	11	know	pst	know__pst	To recognize as being the same as something previously known. To be acquainted o	knowed	knew	prob	3	0.17699991166591644
Qwen_Qwen2.5-32B	delta	11	know	pst	know__pst	To recognize as being the same as something previously known. To be acquainted o	knowed	knew	prob	3	0.10760334879159927
Qwen_Qwen2.5-32B	orig	12	know	pst	know__pst	To recognize as being the same as something previously known. To be acquainted o	knowed	knew	prob	3	0.13442222774028778
Qwen_Qwen2.5-32B	delta	12	know	pst	know__pst	To recognize as being the same as something previously known. To be acquainted o	knowed	knew	prob	3	0.1219591274857521
Qwen_Qwen2.5-32B	orig	13	know	pst	know__pst	To recognize as being the same as something previously known. To be acquainted o	knowed	knew	prob	3	0.09895376116037369
Qwen_Qwen2.5-32B	delta	13	know	pst	know__pst	To recognize as being the same as something previously known. To be acquainted o	knowed	knew	prob	3	0.12089774012565613
Qwen_Qwen2.5-32B	orig	14	know	pst	know__pst	To recognize as being the same as something previously known. To be acquainted o	knowed	knew	prob	3	0.09541081637144089
Qwen_Qwen2.5-32B	delta	14	know	pst	know__pst	To recognize as being the same as something previously known. To be acquainted o	knowed	knew	prob	3	0.11965391039848328
Qwen_Qwen2.5-32B	orig	15	know	pst	know__pst	To recognize as being the same as something previously known. To be acquainted o	knowed	knew	prob	3	0.08238957077264786
Qwen_Qwen2.5-32B	delta	15	know	pst	know__pst	To recognize as being the same as something previously known. To be acquainted o	knowed	knew	prob	3	0.13662011921405792
Qwen_Qwen2.5-32B	orig	16	know	pst	know__pst	To recognize as being the same as something previously known. To be acquainted o	knowed	knew	prob	3	0.08659219741821289
Qwen_Qwen2.5-32B	delta	16	know	pst	know__pst	To recognize as being the same as something previously known. To be acquainted o	knowed	knew	prob	3	0.14573754370212555
Qwen_Qwen2.5-32B	orig	17	know	pst	know__pst	To recognize as being the same as something previously known. To be acquainted o	knowed	knew	prob	3	0.08473177999258041
Qwen_Qwen2.5-32B	delta	17	know	pst	know__pst	To recognize as being the same as something previously known. To be acquainted o	knowed	knew	prob	3	0.1452382653951645
Qwen_Qwen2.5-32B	orig	18	know	pst	know__pst	To recognize as being the same as something previously known. To be acquainted o	knowed	knew	prob	3	0.0714840516448021
Qwen_Qwen2.5-32B	delta	18	know	pst	know__pst	To recognize as being the same as something previously known. To be acquainted o	knowed	knew	prob	3	0.15167638659477234
Qwen_Qwen2.5-32B	orig	19	know	pst	know__pst	To recognize as being the same as something previously known. To be acquainted o	knowed	knew	prob	3	0.06812703609466553
Qwen_Qwen2.5-32B	delta	19	know	pst	know__pst	To recognize as being the same as something previously known. To be acquainted o	knowed	knew	prob	3	0.14896242320537567
Qwen_Qwen2.5-32B	orig	20	know	pst	know__pst	To recognize as being the same as something previously known. To be acquainted o	knowed	knew	prob	3	0.06211955472826958
Qwen_Qwen2.5-32B	delta	20	know	pst	know__pst	To recognize as being the same as something previously known. To be acquainted o	knowed	knew	prob	3	0.14658690989017487
Qwen_Qwen2.5-32B	orig	21	know	pst	know__pst	To recognize as being the same as something previously known. To be acquainted o	knowed	knew	prob	3	0.053267549723386765
Qwen_Qwen2.5-32B	delta	21	know	pst	know__pst	To recognize as being the same as something previously known. To be acquainted o	knowed	knew	prob	3	0.1516544073820114
Qwen_Qwen2.5-32B	orig	22	know	pst	know__pst	To recognize as being the same as something previously known. To be acquainted o	knowed	knew	prob	3	0.038216184824705124
Qwen_Qwen2.5-32B	delta	22	know	pst	know__pst	To recognize as being the same as something previously known. To be acquainted o	knowed	knew	prob	3	0.15366961061954498
Qwen_Qwen2.5-32B	orig	23	know	pst	know__pst	To recognize as being the same as something previously known. To be acquainted o	knowed	knew	prob	3	0.03449717164039612
Qwen_Qwen2.5-32B	delta	23	know	pst	know__pst	To recognize as being the same as something previously known. To be acquainted o	knowed	knew	prob	3	0.1540304273366928
Qwen_Qwen2.5-32B	orig	24	know	pst	know__pst	To recognize as being the same as something previously known. To be acquainted o	knowed	knew	prob	3	0.034712281078100204
Qwen_Qwen2.5-32B	delta	24	know	pst	know__pst	To recognize as being the same as something previously known. To be acquainted o	knowed	knew	prob	3	0.15327352285385132
Qwen_Qwen2.5-32B	orig	25	know	pst	know__pst	To recognize as being the same as something previously known. To be acquainted o	knowed	knew	prob	3	0.042843516916036606
Qwen_Qwen2.5-32B	delta	25	know	pst	know__pst	To recognize as being the same as something previously known. To be acquainted o	knowed	knew	prob	3	0.15379698574543
Qwen_Qwen2.5-32B	orig	26	know	pst	know__pst	To recognize as being the same as something previously known. To be acquainted o	knowed	knew	prob	3	0.041579049080610275
Qwen_Qwen2.5-32B	delta	26	know	pst	know__pst	To recognize as being the same as something previously known. To be acquainted o	knowed	knew	prob	3	0.15192492306232452
Qwen_Qwen2.5-32B	orig	27	know	pst	know__pst	To recognize as being the same as something previously known. To be acquainted o	knowed	knew	prob	3	0.051254916936159134
Qwen_Qwen2.5-32B	delta	27	know	pst	know__pst	To recognize as being the same as something previously known. To be acquainted o	knowed	knew	prob	3	0.15741944313049316
Qwen_Qwen2.5-32B	orig	28	know	pst	know__pst	To recognize as being the same as something previously known. To be acquainted o	knowed	knew	prob	3	0.054323386400938034
Qwen_Qwen2.5-32B	delta	28	know	pst	know__pst	To recognize as being the same as something previously known. To be acquainted o	knowed	knew	prob	3	0.15827465057373047
Qwen_Qwen2.5-32B	orig	29	know	pst	know__pst	To recognize as being the same as something previously known. To be acquainted o	knowed	knew	prob	3	0.05789506807923317
Qwen_Qwen2.5-32B	delta	29	know	pst	know__pst	To recognize as being the same as something previously known. To be acquainted o	knowed	knew	prob	3	0.1533185988664627
Qwen_Qwen2.5-32B	orig	30	know	pst	know__pst	To recognize as being the same as something previously known. To be acquainted o	knowed	knew	prob	3	0.05896490439772606
Qwen_Qwen2.5-32B	delta	30	know	pst	know__pst	To recognize as being the same as something previously known. To be acquainted o	knowed	knew	prob	3	0.1535443514585495
Qwen_Qwen2.5-32B	orig	31	know	pst	know__pst	To recognize as being the same as something previously known. To be acquainted o	knowed	knew	prob	3	0.05871623754501343
Qwen_Qwen2.5-32B	delta	31	know	pst	know__pst	To recognize as being the same as something previously known. To be acquainted o	knowed	knew	prob	3	0.1536748707294464
Qwen_Qwen2.5-32B	orig	32	know	pst	know__pst	To recognize as being the same as something previously known. To be acquainted o	knowed	knew	prob	3	0.052213896065950394
Qwen_Qwen2.5-32B	delta	32	know	pst	know__pst	To recognize as being the same as something previously known. To be acquainted o	knowed	knew	prob	3	0.14330202341079712
Qwen_Qwen2.5-32B	orig	33	know	pst	know__pst	To recognize as being the same as something previously known. To be acquainted o	knowed	knew	prob	3	0.04223254695534706
Qwen_Qwen2.5-32B	delta	33	know	pst	know__pst	To recognize as being the same as something previously known. To be acquainted o	knowed	knew	prob	3	0.14344251155853271
Qwen_Qwen2.5-32B	orig	34	know	pst	know__pst	To recognize as being the same as something previously known. To be acquainted o	knowed	knew	prob	3	0.06055482104420662
Qwen_Qwen2.5-32B	delta	34	know	pst	know__pst	To recognize as being the same as something previously known. To be acquainted o	knowed	knew	prob	3	0.157362699508667
Qwen_Qwen2.5-32B	orig	35	know	pst	know__pst	To recognize as being the same as something previously known. To be acquainted o	knowed	knew	prob	3	0.06393793225288391
Qwen_Qwen2.5-32B	delta	35	know	pst	know__pst	To recognize as being the same as something previously known. To be acquainted o	knowed	knew	prob	3	0.15578867495059967
Qwen_Qwen2.5-32B	orig	36	know	pst	know__pst	To recognize as being the same as something previously known. To be acquainted o	knowed	knew	prob	3	0.07229428738355637
Qwen_Qwen2.5-32B	delta	36	know	pst	know__pst	To recognize as being the same as something previously known. To be acquainted o	knowed	knew	prob	3	0.15526215732097626
Qwen_Qwen2.5-32B	orig	37	know	pst	know__pst	To recognize as being the same as something previously known. To be acquainted o	knowed	knew	prob	3	0.07551691681146622
Qwen_Qwen2.5-32B	delta	37	know	pst	know__pst	To recognize as being the same as something previously known. To be acquainted o	knowed	knew	prob	3	0.15522366762161255
Qwen_Qwen2.5-32B	orig	38	know	pst	know__pst	To recognize as being the same as something previously known. To be acquainted o	knowed	knew	prob	3	0.08563416451215744
Qwen_Qwen2.5-32B	delta	38	know	pst	know__pst	To recognize as being the same as something previously known. To be acquainted o	knowed	knew	prob	3	0.1591990739107132
Qwen_Qwen2.5-32B	orig	39	know	pst	know__pst	To recognize as being the same as something previously known. To be acquainted o	knowed	knew	prob	3	0.08691662549972534
Qwen_Qwen2.5-32B	delta	39	know	pst	know__pst	To recognize as being the same as something previously known. To be acquainted o	knowed	knew	prob	3	0.15877269208431244
Qwen_Qwen2.5-32B	orig	40	know	pst	know__pst	To recognize as being the same as something previously known. To be acquainted o	knowed	knew	prob	3	0.08392402529716492
Qwen_Qwen2.5-32B	delta	40	know	pst	know__pst	To recognize as being the same as something previously known. To be acquainted o	knowed	knew	prob	3	0.1627921611070633
Qwen_Qwen2.5-32B	orig	41	know	pst	know__pst	To recognize as being the same as something previously known. To be acquainted o	knowed	knew	prob	3	0.08294201642274857
Qwen_Qwen2.5-32B	delta	41	know	pst	know__pst	To recognize as being the same as something previously known. To be acquainted o	knowed	knew	prob	3	0.1619175374507904
Qwen_Qwen2.5-32B	orig	42	know	pst	know__pst	To recognize as being the same as something previously known. To be acquainted o	knowed	knew	prob	3	0.0816444382071495
Qwen_Qwen2.5-32B	delta	42	know	pst	know__pst	To recognize as being the same as something previously known. To be acquainted o	knowed	knew	prob	3	0.16153162717819214
Qwen_Qwen2.5-32B	orig	43	know	pst	know__pst	To recognize as being the same as something previously known. To be acquainted o	knowed	knew	prob	3	0.0734071210026741
Qwen_Qwen2.5-32B	delta	43	know	pst	know__pst	To recognize as being the same as something previously known. To be acquainted o	knowed	knew	prob	3	0.14913547039031982
Qwen_Qwen2.5-32B	orig	44	know	pst	know__pst	To recognize as being the same as something previously known. To be acquainted o	knowed	knew	prob	3	0.06750599294900894
Qwen_Qwen2.5-32B	delta	44	know	pst	know__pst	To recognize as being the same as something previously known. To be acquainted o	knowed	knew	prob	3	0.14442549645900726
Qwen_Qwen2.5-32B	orig	45	know	pst	know__pst	To recognize as being the same as something previously known. To be acquainted o	knowed	knew	prob	3	0.05067501589655876
Qwen_Qwen2.5-32B	delta	45	know	pst	know__pst	To recognize as being the same as something previously known. To be acquainted o	knowed	knew	prob	3	0.13808561861515045
Qwen_Qwen2.5-32B	orig	46	know	pst	know__pst	To recognize as being the same as something previously known. To be acquainted o	knowed	knew	prob	3	0.036356762051582336
Qwen_Qwen2.5-32B	delta	46	know	pst	know__pst	To recognize as being the same as something previously known. To be acquainted o	knowed	knew	prob	3	0.13222186267375946
Qwen_Qwen2.5-32B	orig	47	know	pst	know__pst	To recognize as being the same as something previously known. To be acquainted o	knowed	knew	prob	3	0.03544780984520912
Qwen_Qwen2.5-32B	delta	47	know	pst	know__pst	To recognize as being the same as something previously known. To be acquainted o	knowed	knew	prob	3	0.11292483657598495
Qwen_Qwen2.5-32B	orig	48	know	pst	know__pst	To recognize as being the same as something previously known. To be acquainted o	knowed	knew	prob	3	0.03749154508113861
Qwen_Qwen2.5-32B	delta	48	know	pst	know__pst	To recognize as being the same as something previously known. To be acquainted o	knowed	knew	prob	3	0.10841748118400574
Qwen_Qwen2.5-32B	orig	49	know	pst	know__pst	To recognize as being the same as something previously known. To be acquainted o	knowed	knew	prob	3	0.03174889087677002
Qwen_Qwen2.5-32B	delta	49	know	pst	know__pst	To recognize as being the same as something previously known. To be acquainted o	knowed	knew	prob	3	0.09153544157743454
Qwen_Qwen2.5-32B	orig	50	know	pst	know__pst	To recognize as being the same as something previously known. To be acquainted o	knowed	knew	prob	3	0.03365911915898323
Qwen_Qwen2.5-32B	delta	50	know	pst	know__pst	To recognize as being the same as something previously known. To be acquainted o	knowed	knew	prob	3	0.08372965455055237
Qwen_Qwen2.5-32B	orig	51	know	pst	know__pst	To recognize as being the same as something previously known. To be acquainted o	knowed	knew	prob	3	0.0343245230615139
Qwen_Qwen2.5-32B	delta	51	know	pst	know__pst	To recognize as being the same as something previously known. To be acquainted o	knowed	knew	prob	3	0.0799146369099617
Qwen_Qwen2.5-32B	orig	52	know	pst	know__pst	To recognize as being the same as something previously known. To be acquainted o	knowed	knew	prob	3	0.03887677937746048
Qwen_Qwen2.5-32B	delta	52	know	pst	know__pst	To recognize as being the same as something previously known. To be acquainted o	knowed	knew	prob	3	0.07439693063497543
Qwen_Qwen2.5-32B	orig	53	know	pst	know__pst	To recognize as being the same as something previously known. To be acquainted o	knowed	knew	prob	3	0.06371098756790161
Qwen_Qwen2.5-32B	delta	53	know	pst	know__pst	To recognize as being the same as something previously known. To be acquainted o	knowed	knew	prob	3	0.0703604593873024
Qwen_Qwen2.5-32B	orig	54	know	pst	know__pst	To recognize as being the same as something previously known. To be acquainted o	knowed	knew	prob	3	0.066687673330307
Qwen_Qwen2.5-32B	delta	54	know	pst	know__pst	To recognize as being the same as something previously known. To be acquainted o	knowed	knew	prob	3	0.07989347726106644
Qwen_Qwen2.5-32B	orig	55	know	pst	know__pst	To recognize as being the same as something previously known. To be acquainted o	knowed	knew	prob	3	0.06030474975705147
Qwen_Qwen2.5-32B	delta	55	know	pst	know__pst	To recognize as being the same as something previously known. To be acquainted o	knowed	knew	prob	3	0.07402589172124863
Qwen_Qwen2.5-32B	orig	56	know	pst	know__pst	To recognize as being the same as something previously known. To be acquainted o	knowed	knew	prob	3	0.0623151920735836
Qwen_Qwen2.5-32B	delta	56	know	pst	know__pst	To recognize as being the same as something previously known. To be acquainted o	knowed	knew	prob	3	0.06593561172485352
Qwen_Qwen2.5-32B	orig	57	know	pst	know__pst	To recognize as being the same as something previously known. To be acquainted o	knowed	knew	prob	3	0.05761798098683357
Qwen_Qwen2.5-32B	delta	57	know	pst	know__pst	To recognize as being the same as something previously known. To be acquainted o	knowed	knew	prob	3	0.07172829657793045
Qwen_Qwen2.5-32B	orig	58	know	pst	know__pst	To recognize as being the same as something previously known. To be acquainted o	knowed	knew	prob	3	0.058258187025785446
Qwen_Qwen2.5-32B	delta	58	know	pst	know__pst	To recognize as being the same as something previously known. To be acquainted o	knowed	knew	prob	3	0.07371969521045685
Qwen_Qwen2.5-32B	orig	59	know	pst	know__pst	To recognize as being the same as something previously known. To be acquainted o	knowed	knew	prob	3	0.05529365316033363
Qwen_Qwen2.5-32B	delta	59	know	pst	know__pst	To recognize as being the same as something previously known. To be acquainted o	knowed	knew	prob	3	0.07330211997032166
Qwen_Qwen2.5-32B	orig	60	know	pst	know__pst	To recognize as being the same as something previously known. To be acquainted o	knowed	knew	prob	3	0.053941965103149414
Qwen_Qwen2.5-32B	delta	60	know	pst	know__pst	To recognize as being the same as something previously known. To be acquainted o	knowed	knew	prob	3	0.07468847930431366
Qwen_Qwen2.5-32B	orig	61	know	pst	know__pst	To recognize as being the same as something previously known. To be acquainted o	knowed	knew	prob	3	0.05980107560753822
Qwen_Qwen2.5-32B	delta	61	know	pst	know__pst	To recognize as being the same as something previously known. To be acquainted o	knowed	knew	prob	3	0.07801981270313263
Qwen_Qwen2.5-32B	orig	62	know	pst	know__pst	To recognize as being the same as something previously known. To be acquainted o	knowed	knew	prob	3	0.06979824602603912
Qwen_Qwen2.5-32B	delta	62	know	pst	know__pst	To recognize as being the same as something previously known. To be acquainted o	knowed	knew	prob	3	0.07317425310611725
Qwen_Qwen2.5-32B	orig	63	know	pst	know__pst	To recognize as being the same as something previously known. To be acquainted o	knowed	knew	prob	3	0.09339167922735214
Qwen_Qwen2.5-32B	delta	63	know	pst	know__pst	To recognize as being the same as something previously known. To be acquainted o	knowed	knew	prob	3	0.044569626450538635
Qwen_Qwen2.5-32B	orig	64	know	pst	know__pst	To recognize as being the same as something previously known. To be acquainted o	knowed	knew	prob	3	0.06232473626732826
Qwen_Qwen2.5-32B	delta	64	know	pst	know__pst	To recognize as being the same as something previously known. To be acquainted o	knowed	knew	prob	3	0.05825554206967354
Qwen_Qwen2.5-32B	orig	0	know	pst	know__pst	To be aware of the truth or factuality of. To be convinced or certain of.	knowed	knew	no_cond	6	nan
Qwen_Qwen2.5-32B	delta	0	know	pst	know__pst	To be aware of the truth or factuality of. To be convinced or certain of.	knowed	knew	no_cond	6	nan
Qwen_Qwen2.5-32B	orig	1	know	pst	know__pst	To be aware of the truth or factuality of. To be convinced or certain of.	knowed	knew	no_cond	6	0.07426329702138901
Qwen_Qwen2.5-32B	delta	1	know	pst	know__pst	To be aware of the truth or factuality of. To be convinced or certain of.	knowed	knew	no_cond	6	0.21207357943058014
Qwen_Qwen2.5-32B	orig	2	know	pst	know__pst	To be aware of the truth or factuality of. To be convinced or certain of.	knowed	knew	no_cond	6	0.1259360909461975
Qwen_Qwen2.5-32B	delta	2	know	pst	know__pst	To be aware of the truth or factuality of. To be convinced or certain of.	knowed	knew	no_cond	6	0.22568745911121368
Qwen_Qwen2.5-32B	orig	3	know	pst	know__pst	To be aware of the truth or factuality of. To be convinced or certain of.	knowed	knew	no_cond	6	0.03848240152001381
Qwen_Qwen2.5-32B	delta	3	know	pst	know__pst	To be aware of the truth or factuality of. To be convinced or certain of.	knowed	knew	no_cond	6	0.2530883252620697
Qwen_Qwen2.5-32B	orig	4	know	pst	know__pst	To be aware of the truth or factuality of. To be convinced or certain of.	knowed	knew	no_cond	6	0.16177478432655334
Qwen_Qwen2.5-32B	delta	4	know	pst	know__pst	To be aware of the truth or factuality of. To be convinced or certain of.	knowed	knew	no_cond	6	0.2587967813014984
Qwen_Qwen2.5-32B	orig	5	know	pst	know__pst	To be aware of the truth or factuality of. To be convinced or certain of.	knowed	knew	no_cond	6	0.44823551177978516
Qwen_Qwen2.5-32B	delta	5	know	pst	know__pst	To be aware of the truth or factuality of. To be convinced or certain of.	knowed	knew	no_cond	6	0.34363266825675964
Qwen_Qwen2.5-32B	orig	6	know	pst	know__pst	To be aware of the truth or factuality of. To be convinced or certain of.	knowed	knew	no_cond	6	0.39814603328704834
Qwen_Qwen2.5-32B	delta	6	know	pst	know__pst	To be aware of the truth or factuality of. To be convinced or certain of.	knowed	knew	no_cond	6	0.29268816113471985
Qwen_Qwen2.5-32B	orig	7	know	pst	know__pst	To be aware of the truth or factuality of. To be convinced or certain of.	knowed	knew	no_cond	6	0.266369491815567
Qwen_Qwen2.5-32B	delta	7	know	pst	know__pst	To be aware of the truth or factuality of. To be convinced or certain of.	knowed	knew	no_cond	6	0.3641539514064789
Qwen_Qwen2.5-32B	orig	8	know	pst	know__pst	To be aware of the truth or factuality of. To be convinced or certain of.	knowed	knew	no_cond	6	0.24007922410964966
Qwen_Qwen2.5-32B	delta	8	know	pst	know__pst	To be aware of the truth or factuality of. To be convinced or certain of.	knowed	knew	no_cond	6	0.24107110500335693
Qwen_Qwen2.5-32B	orig	9	know	pst	know__pst	To be aware of the truth or factuality of. To be convinced or certain of.	knowed	knew	no_cond	6	0.32486921548843384
Qwen_Qwen2.5-32B	delta	9	know	pst	know__pst	To be aware of the truth or factuality of. To be convinced or certain of.	knowed	knew	no_cond	6	0.40848052501678467
Qwen_Qwen2.5-32B	orig	10	know	pst	know__pst	To be aware of the truth or factuality of. To be convinced or certain of.	knowed	knew	no_cond	6	0.2880885899066925
Qwen_Qwen2.5-32B	delta	10	know	pst	know__pst	To be aware of the truth or factuality of. To be convinced or certain of.	knowed	knew	no_cond	6	0.39224478602409363
Qwen_Qwen2.5-32B	orig	11	know	pst	know__pst	To be aware of the truth or factuality of. To be convinced or certain of.	knowed	knew	no_cond	6	0.2503108084201813
Qwen_Qwen2.5-32B	delta	11	know	pst	know__pst	To be aware of the truth or factuality of. To be convinced or certain of.	knowed	knew	no_cond	6	0.37384530901908875
Qwen_Qwen2.5-32B	orig	12	know	pst	know__pst	To be aware of the truth or factuality of. To be convinced or certain of.	knowed	knew	no_cond	6	0.24080252647399902
Qwen_Qwen2.5-32B	delta	12	know	pst	know__pst	To be aware of the truth or factuality of. To be convinced or certain of.	knowed	knew	no_cond	6	0.354211688041687
Qwen_Qwen2.5-32B	orig	13	know	pst	know__pst	To be aware of the truth or factuality of. To be convinced or certain of.	knowed	knew	no_cond	6	0.2785767614841461
Qwen_Qwen2.5-32B	delta	13	know	pst	know__pst	To be aware of the truth or factuality of. To be convinced or certain of.	knowed	knew	no_cond	6	0.39771226048469543
Qwen_Qwen2.5-32B	orig	14	know	pst	know__pst	To be aware of the truth or factuality of. To be convinced or certain of.	knowed	knew	no_cond	6	0.2575591802597046
Qwen_Qwen2.5-32B	delta	14	know	pst	know__pst	To be aware of the truth or factuality of. To be convinced or certain of.	knowed	knew	no_cond	6	0.3696037232875824
Qwen_Qwen2.5-32B	orig	15	know	pst	know__pst	To be aware of the truth or factuality of. To be convinced or certain of.	knowed	knew	no_cond	6	0.26337066292762756
Qwen_Qwen2.5-32B	delta	15	know	pst	know__pst	To be aware of the truth or factuality of. To be convinced or certain of.	knowed	knew	no_cond	6	0.3868105411529541
Qwen_Qwen2.5-32B	orig	16	know	pst	know__pst	To be aware of the truth or factuality of. To be convinced or certain of.	knowed	knew	no_cond	6	0.27675318717956543
Qwen_Qwen2.5-32B	delta	16	know	pst	know__pst	To be aware of the truth or factuality of. To be convinced or certain of.	knowed	knew	no_cond	6	0.4083494246006012
Qwen_Qwen2.5-32B	orig	17	know	pst	know__pst	To be aware of the truth or factuality of. To be convinced or certain of.	knowed	knew	no_cond	6	0.2658862769603729
Qwen_Qwen2.5-32B	delta	17	know	pst	know__pst	To be aware of the truth or factuality of. To be convinced or certain of.	knowed	knew	no_cond	6	0.39293429255485535
Qwen_Qwen2.5-32B	orig	18	know	pst	know__pst	To be aware of the truth or factuality of. To be convinced or certain of.	knowed	knew	no_cond	6	0.29759272933006287
Qwen_Qwen2.5-32B	delta	18	know	pst	know__pst	To be aware of the truth or factuality of. To be convinced or certain of.	knowed	knew	no_cond	6	0.42879316210746765
Qwen_Qwen2.5-32B	orig	19	know	pst	know__pst	To be aware of the truth or factuality of. To be convinced or certain of.	knowed	knew	no_cond	6	0.29415497183799744
Qwen_Qwen2.5-32B	delta	19	know	pst	know__pst	To be aware of the truth or factuality of. To be convinced or certain of.	knowed	knew	no_cond	6	0.42669177055358887
Qwen_Qwen2.5-32B	orig	20	know	pst	know__pst	To be aware of the truth or factuality of. To be convinced or certain of.	knowed	knew	no_cond	6	0.27587422728538513
Qwen_Qwen2.5-32B	delta	20	know	pst	know__pst	To be aware of the truth or factuality of. To be convinced or certain of.	knowed	knew	no_cond	6	0.4094206988811493
Qwen_Qwen2.5-32B	orig	21	know	pst	know__pst	To be aware of the truth or factuality of. To be convinced or certain of.	knowed	knew	no_cond	6	0.27854663133621216
Qwen_Qwen2.5-32B	delta	21	know	pst	know__pst	To be aware of the truth or factuality of. To be convinced or certain of.	knowed	knew	no_cond	6	0.4038485586643219
Qwen_Qwen2.5-32B	orig	22	know	pst	know__pst	To be aware of the truth or factuality of. To be convinced or certain of.	knowed	knew	no_cond	6	0.26968154311180115
Qwen_Qwen2.5-32B	delta	22	know	pst	know__pst	To be aware of the truth or factuality of. To be convinced or certain of.	knowed	knew	no_cond	6	0.3943299353122711
Qwen_Qwen2.5-32B	orig	23	know	pst	know__pst	To be aware of the truth or factuality of. To be convinced or certain of.	knowed	knew	no_cond	6	0.25804635882377625
Qwen_Qwen2.5-32B	delta	23	know	pst	know__pst	To be aware of the truth or factuality of. To be convinced or certain of.	knowed	knew	no_cond	6	0.38350334763526917
Qwen_Qwen2.5-32B	orig	24	know	pst	know__pst	To be aware of the truth or factuality of. To be convinced or certain of.	knowed	knew	no_cond	6	0.2423083335161209
Qwen_Qwen2.5-32B	delta	24	know	pst	know__pst	To be aware of the truth or factuality of. To be convinced or certain of.	knowed	knew	no_cond	6	0.37401261925697327
Qwen_Qwen2.5-32B	orig	25	know	pst	know__pst	To be aware of the truth or factuality of. To be convinced or certain of.	knowed	knew	no_cond	6	0.24586622416973114
Qwen_Qwen2.5-32B	delta	25	know	pst	know__pst	To be aware of the truth or factuality of. To be convinced or certain of.	knowed	knew	no_cond	6	0.38091421127319336
Qwen_Qwen2.5-32B	orig	26	know	pst	know__pst	To be aware of the truth or factuality of. To be convinced or certain of.	knowed	knew	no_cond	6	0.25097426772117615
Qwen_Qwen2.5-32B	delta	26	know	pst	know__pst	To be aware of the truth or factuality of. To be convinced or certain of.	knowed	knew	no_cond	6	0.38450750708580017
Qwen_Qwen2.5-32B	orig	27	know	pst	know__pst	To be aware of the truth or factuality of. To be convinced or certain of.	knowed	knew	no_cond	6	0.2482197880744934
Qwen_Qwen2.5-32B	delta	27	know	pst	know__pst	To be aware of the truth or factuality of. To be convinced or certain of.	knowed	knew	no_cond	6	0.38132068514823914
Qwen_Qwen2.5-32B	orig	28	know	pst	know__pst	To be aware of the truth or factuality of. To be convinced or certain of.	knowed	knew	no_cond	6	0.24796037375926971
Qwen_Qwen2.5-32B	delta	28	know	pst	know__pst	To be aware of the truth or factuality of. To be convinced or certain of.	knowed	knew	no_cond	6	0.3826223313808441
Qwen_Qwen2.5-32B	orig	29	know	pst	know__pst	To be aware of the truth or factuality of. To be convinced or certain of.	knowed	knew	no_cond	6	0.2070145159959793
Qwen_Qwen2.5-32B	delta	29	know	pst	know__pst	To be aware of the truth or factuality of. To be convinced or certain of.	knowed	knew	no_cond	6	0.3587087094783783
Qwen_Qwen2.5-32B	orig	30	know	pst	know__pst	To be aware of the truth or factuality of. To be convinced or certain of.	knowed	knew	no_cond	6	0.19557927548885345
Qwen_Qwen2.5-32B	delta	30	know	pst	know__pst	To be aware of the truth or factuality of. To be convinced or certain of.	knowed	knew	no_cond	6	0.3404390513896942
Qwen_Qwen2.5-32B	orig	31	know	pst	know__pst	To be aware of the truth or factuality of. To be convinced or certain of.	knowed	knew	no_cond	6	0.1910296231508255
Qwen_Qwen2.5-32B	delta	31	know	pst	know__pst	To be aware of the truth or factuality of. To be convinced or certain of.	knowed	knew	no_cond	6	0.33012333512306213
Qwen_Qwen2.5-32B	orig	32	know	pst	know__pst	To be aware of the truth or factuality of. To be convinced or certain of.	knowed	knew	no_cond	6	0.1822923868894577
Qwen_Qwen2.5-32B	delta	32	know	pst	know__pst	To be aware of the truth or factuality of. To be convinced or certain of.	knowed	knew	no_cond	6	0.3228544294834137
Qwen_Qwen2.5-32B	orig	33	know	pst	know__pst	To be aware of the truth or factuality of. To be convinced or certain of.	knowed	knew	no_cond	6	0.1935696005821228
Qwen_Qwen2.5-32B	delta	33	know	pst	know__pst	To be aware of the truth or factuality of. To be convinced or certain of.	knowed	knew	no_cond	6	0.3329201638698578
Qwen_Qwen2.5-32B	orig	34	know	pst	know__pst	To be aware of the truth or factuality of. To be convinced or certain of.	knowed	knew	no_cond	6	0.20966120064258575
Qwen_Qwen2.5-32B	delta	34	know	pst	know__pst	To be aware of the truth or factuality of. To be convinced or certain of.	knowed	knew	no_cond	6	0.3441617786884308
Qwen_Qwen2.5-32B	orig	35	know	pst	know__pst	To be aware of the truth or factuality of. To be convinced or certain of.	knowed	knew	no_cond	6	0.21557600796222687
Qwen_Qwen2.5-32B	delta	35	know	pst	know__pst	To be aware of the truth or factuality of. To be convinced or certain of.	knowed	knew	no_cond	6	0.3457604944705963
Qwen_Qwen2.5-32B	orig	36	know	pst	know__pst	To be aware of the truth or factuality of. To be convinced or certain of.	knowed	knew	no_cond	6	0.21587927639484406
Qwen_Qwen2.5-32B	delta	36	know	pst	know__pst	To be aware of the truth or factuality of. To be convinced or certain of.	knowed	knew	no_cond	6	0.3504979610443115
Qwen_Qwen2.5-32B	orig	37	know	pst	know__pst	To be aware of the truth or factuality of. To be convinced or certain of.	knowed	knew	no_cond	6	0.2396439164876938
Qwen_Qwen2.5-32B	delta	37	know	pst	know__pst	To be aware of the truth or factuality of. To be convinced or certain of.	knowed	knew	no_cond	6	0.36620020866394043
Qwen_Qwen2.5-32B	orig	38	know	pst	know__pst	To be aware of the truth or factuality of. To be convinced or certain of.	knowed	knew	no_cond	6	0.23300284147262573
Qwen_Qwen2.5-32B	delta	38	know	pst	know__pst	To be aware of the truth or factuality of. To be convinced or certain of.	knowed	knew	no_cond	6	0.36158064007759094
Qwen_Qwen2.5-32B	orig	39	know	pst	know__pst	To be aware of the truth or factuality of. To be convinced or certain of.	knowed	knew	no_cond	6	0.22361208498477936
Qwen_Qwen2.5-32B	delta	39	know	pst	know__pst	To be aware of the truth or factuality of. To be convinced or certain of.	knowed	knew	no_cond	6	0.3516327142715454
Qwen_Qwen2.5-32B	orig	40	know	pst	know__pst	To be aware of the truth or factuality of. To be convinced or certain of.	knowed	knew	no_cond	6	0.21911032497882843
Qwen_Qwen2.5-32B	delta	40	know	pst	know__pst	To be aware of the truth or factuality of. To be convinced or certain of.	knowed	knew	no_cond	6	0.35093116760253906
Qwen_Qwen2.5-32B	orig	41	know	pst	know__pst	To be aware of the truth or factuality of. To be convinced or certain of.	knowed	knew	no_cond	6	0.21726028621196747
Qwen_Qwen2.5-32B	delta	41	know	pst	know__pst	To be aware of the truth or factuality of. To be convinced or certain of.	knowed	knew	no_cond	6	0.35403570532798767
Qwen_Qwen2.5-32B	orig	42	know	pst	know__pst	To be aware of the truth or factuality of. To be convinced or certain of.	knowed	knew	no_cond	6	0.23120345175266266
Qwen_Qwen2.5-32B	delta	42	know	pst	know__pst	To be aware of the truth or factuality of. To be convinced or certain of.	knowed	knew	no_cond	6	0.36823686957359314
Qwen_Qwen2.5-32B	orig	43	know	pst	know__pst	To be aware of the truth or factuality of. To be convinced or certain of.	knowed	knew	no_cond	6	0.22838808596134186
Qwen_Qwen2.5-32B	delta	43	know	pst	know__pst	To be aware of the truth or factuality of. To be convinced or certain of.	knowed	knew	no_cond	6	0.36299240589141846
Qwen_Qwen2.5-32B	orig	44	know	pst	know__pst	To be aware of the truth or factuality of. To be convinced or certain of.	knowed	knew	no_cond	6	0.23145341873168945
Qwen_Qwen2.5-32B	delta	44	know	pst	know__pst	To be aware of the truth or factuality of. To be convinced or certain of.	knowed	knew	no_cond	6	0.3592907190322876
Qwen_Qwen2.5-32B	orig	45	know	pst	know__pst	To be aware of the truth or factuality of. To be convinced or certain of.	knowed	knew	no_cond	6	0.20856313407421112
Qwen_Qwen2.5-32B	delta	45	know	pst	know__pst	To be aware of the truth or factuality of. To be convinced or certain of.	knowed	knew	no_cond	6	0.35334324836730957
Qwen_Qwen2.5-32B	orig	46	know	pst	know__pst	To be aware of the truth or factuality of. To be convinced or certain of.	knowed	knew	no_cond	6	0.20373006165027618
Qwen_Qwen2.5-32B	delta	46	know	pst	know__pst	To be aware of the truth or factuality of. To be convinced or certain of.	knowed	knew	no_cond	6	0.3550255298614502
Qwen_Qwen2.5-32B	orig	47	know	pst	know__pst	To be aware of the truth or factuality of. To be convinced or certain of.	knowed	knew	no_cond	6	0.18530870974063873
Qwen_Qwen2.5-32B	delta	47	know	pst	know__pst	To be aware of the truth or factuality of. To be convinced or certain of.	knowed	knew	no_cond	6	0.35135579109191895
Qwen_Qwen2.5-32B	orig	48	know	pst	know__pst	To be aware of the truth or factuality of. To be convinced or certain of.	knowed	knew	no_cond	6	0.17033900320529938
Qwen_Qwen2.5-32B	delta	48	know	pst	know__pst	To be aware of the truth or factuality of. To be convinced or certain of.	knowed	knew	no_cond	6	0.3368246555328369
Qwen_Qwen2.5-32B	orig	49	know	pst	know__pst	To be aware of the truth or factuality of. To be convinced or certain of.	knowed	knew	no_cond	6	0.16522528231143951
Qwen_Qwen2.5-32B	delta	49	know	pst	know__pst	To be aware of the truth or factuality of. To be convinced or certain of.	knowed	knew	no_cond	6	0.3372429609298706
Qwen_Qwen2.5-32B	orig	50	know	pst	know__pst	To be aware of the truth or factuality of. To be convinced or certain of.	knowed	knew	no_cond	6	0.15259793400764465
Qwen_Qwen2.5-32B	delta	50	know	pst	know__pst	To be aware of the truth or factuality of. To be convinced or certain of.	knowed	knew	no_cond	6	0.3284934163093567
Qwen_Qwen2.5-32B	orig	51	know	pst	know__pst	To be aware of the truth or factuality of. To be convinced or certain of.	knowed	knew	no_cond	6	0.14844922721385956
Qwen_Qwen2.5-32B	delta	51	know	pst	know__pst	To be aware of the truth or factuality of. To be convinced or certain of.	knowed	knew	no_cond	6	0.32605257630348206
Qwen_Qwen2.5-32B	orig	52	know	pst	know__pst	To be aware of the truth or factuality of. To be convinced or certain of.	knowed	knew	no_cond	6	0.13561224937438965
Qwen_Qwen2.5-32B	delta	52	know	pst	know__pst	To be aware of the truth or factuality of. To be convinced or certain of.	knowed	knew	no_cond	6	0.31900420784950256
Qwen_Qwen2.5-32B	orig	53	know	pst	know__pst	To be aware of the truth or factuality of. To be convinced or certain of.	knowed	knew	no_cond	6	0.13518916070461273
Qwen_Qwen2.5-32B	delta	53	know	pst	know__pst	To be aware of the truth or factuality of. To be convinced or certain of.	knowed	knew	no_cond	6	0.31388887763023376
Qwen_Qwen2.5-32B	orig	54	know	pst	know__pst	To be aware of the truth or factuality of. To be convinced or certain of.	knowed	knew	no_cond	6	0.13025690615177155
Qwen_Qwen2.5-32B	delta	54	know	pst	know__pst	To be aware of the truth or factuality of. To be convinced or certain of.	knowed	knew	no_cond	6	0.3130843937397003
Qwen_Qwen2.5-32B	orig	55	know	pst	know__pst	To be aware of the truth or factuality of. To be convinced or certain of.	knowed	knew	no_cond	6	0.12320391088724136
Qwen_Qwen2.5-32B	delta	55	know	pst	know__pst	To be aware of the truth or factuality of. To be convinced or certain of.	knowed	knew	no_cond	6	0.3083249628543854
Qwen_Qwen2.5-32B	orig	56	know	pst	know__pst	To be aware of the truth or factuality of. To be convinced or certain of.	knowed	knew	no_cond	6	0.12353873252868652
Qwen_Qwen2.5-32B	delta	56	know	pst	know__pst	To be aware of the truth or factuality of. To be convinced or certain of.	knowed	knew	no_cond	6	0.302234023809433
Qwen_Qwen2.5-32B	orig	57	know	pst	know__pst	To be aware of the truth or factuality of. To be convinced or certain of.	knowed	knew	no_cond	6	0.13347549736499786
Qwen_Qwen2.5-32B	delta	57	know	pst	know__pst	To be aware of the truth or factuality of. To be convinced or certain of.	knowed	knew	no_cond	6	0.29578474164009094
Qwen_Qwen2.5-32B	orig	58	know	pst	know__pst	To be aware of the truth or factuality of. To be convinced or certain of.	knowed	knew	no_cond	6	0.14258940517902374
Qwen_Qwen2.5-32B	delta	58	know	pst	know__pst	To be aware of the truth or factuality of. To be convinced or certain of.	knowed	knew	no_cond	6	0.2971855103969574
Qwen_Qwen2.5-32B	orig	59	know	pst	know__pst	To be aware of the truth or factuality of. To be convinced or certain of.	knowed	knew	no_cond	6	0.14662505686283112
Qwen_Qwen2.5-32B	delta	59	know	pst	know__pst	To be aware of the truth or factuality of. To be convinced or certain of.	knowed	knew	no_cond	6	0.2949906885623932
Qwen_Qwen2.5-32B	orig	60	know	pst	know__pst	To be aware of the truth or factuality of. To be convinced or certain of.	knowed	knew	no_cond	6	0.1432172805070877
Qwen_Qwen2.5-32B	delta	60	know	pst	know__pst	To be aware of the truth or factuality of. To be convinced or certain of.	knowed	knew	no_cond	6	0.2909095287322998
Qwen_Qwen2.5-32B	orig	61	know	pst	know__pst	To be aware of the truth or factuality of. To be convinced or certain of.	knowed	knew	no_cond	6	0.13899947702884674
Qwen_Qwen2.5-32B	delta	61	know	pst	know__pst	To be aware of the truth or factuality of. To be convinced or certain of.	knowed	knew	no_cond	6	0.28246334195137024
Qwen_Qwen2.5-32B	orig	62	know	pst	know__pst	To be aware of the truth or factuality of. To be convinced or certain of.	knowed	knew	no_cond	6	0.13288633525371552
Qwen_Qwen2.5-32B	delta	62	know	pst	know__pst	To be aware of the truth or factuality of. To be convinced or certain of.	knowed	knew	no_cond	6	0.28270286321640015
Qwen_Qwen2.5-32B	orig	63	know	pst	know__pst	To be aware of the truth or factuality of. To be convinced or certain of.	knowed	knew	no_cond	6	0.10943283885717392
Qwen_Qwen2.5-32B	delta	63	know	pst	know__pst	To be aware of the truth or factuality of. To be convinced or certain of.	knowed	knew	no_cond	6	0.28246012330055237
Qwen_Qwen2.5-32B	orig	64	know	pst	know__pst	To be aware of the truth or factuality of. To be convinced or certain of.	knowed	knew	no_cond	6	0.019581524655222893
Qwen_Qwen2.5-32B	delta	64	know	pst	know__pst	To be aware of the truth or factuality of. To be convinced or certain of.	knowed	knew	no_cond	6	0.3065618574619293
